eye,stime,etime,x,y,duration_ms,block_type,triplet
1.0,0.005,0.071,844.0999755859375,580.7000122070312,65.99999999999999,,
1.0,0.111,0.344,615.7999877929688,561.0,232.99999999999997,,
1.0,0.374,0.843,810.7000122070312,544.0999755859375,469.0,,
1.0,0.849,3.852,838.9000244140625,528.2999877929688,3003.0,,
1.0,3.872,3.942,899.2999877929688,572.9000244140625,70.00000000000028,,
1.0,3.97,4.105,1052.5999755859375,681.7000122070312,135.00000000000023,,
1.0,4.147,4.393,1413.800048828125,930.0999755859375,245.99999999999955,,
1.0,4.416,7.864,1540.0,984.4000244140625,3447.9999999999995,,
1.0,7.881,8.008,1461.300048828125,965.5999755859375,126.99999999999889,,
1.0,8.023,8.101,1337.800048828125,973.4000244140625,78.00000000000118,,
1.0,8.122,8.276,1137.5999755859375,978.2000122070312,153.99999999999991,,
1.0,8.3,8.48,869.4000244140625,985.4000244140625,179.99999999999972,,
1.0,8.501,9.068,850.5999755859375,1007.5999755859375,567.0000000000002,,
1.0,9.246,11.409,847.9000244140625,1005.9000244140625,2163.0000000000005,,
1.0,11.581,11.908,838.7000122070312,988.4000244140625,326.99999999999994,,
1.0,11.922,12.032,786.0,942.5,109.99999999999943,,
1.0,12.055,12.129,664.0999755859375,783.7000122070312,73.99999999999984,,
1.0,12.161,12.293,486.6000061035156,585.5999755859375,131.99999999999966,,
1.0,12.327,12.409,303.70001220703125,363.29998779296875,82.00000000000074,,
1.0,12.431,12.516,241.8000030517578,237.10000610351562,85.00000000000085,,
1.0,12.538,12.706,149.60000610351562,130.10000610351562,167.99999999999926,,
1.0,12.717,15.958,150.10000610351562,89.80000305175781,3240.9999999999995,,
1.0,15.976,16.056,269.3999938964844,92.80000305175781,80.00000000000007,,
1.0,16.069,16.162,385.79998779296875,91.5,92.99999999999997,,
1.0,16.171,16.27,506.5,84.19999694824219,99.0000000000002,,
1.0,16.28,16.36,633.4000244140625,82.4000015258789,79.9999999999983,,
1.0,16.381,16.634,844.7999877929688,74.5,253.0000000000001,,
1.0,16.649,18.892,867.0999755859375,69.30000305175781,2242.9999999999986,,
1.0,18.903,19.369,863.9000244140625,86.4000015258789,466.0000000000011,,
1.0,19.454,19.96,868.5999755859375,66.19999694824219,506.0000000000002,,
1.0,19.977,20.054,808.7000122070312,102.19999694824219,76.99999999999818,,
1.0,20.085,20.237,591.2999877929688,303.3999938964844,151.99999999999747,,
1.0,20.29,20.581,175.1999969482422,451.20001220703125,291.00000000000034,,
1.0,20.597,22.007,154.3000030517578,539.2999877929688,1410.0000000000002,,
1.0,22.132,23.583,156.3000030517578,545.7000122070312,1450.999999999997,,
1.0,23.601,24.0,157.10000610351562,533.7000122070312,399.0000000000009,,
1.0,24.02,24.121,287.8999938964844,505.3999938964844,100.99999999999909,,
1.0,24.132,24.168,388.1000061035156,463.0,35.99999999999781,,
1.0,24.196,24.327,722.7999877929688,378.5,131.00000000000023,,
1.0,24.36,24.432,1075.0999755859375,262.5,71.99999999999918,,
1.0,24.462,24.601,1389.5999755859375,188.8000030517578,138.99999999999935,,
1.0,24.628,28.047,1579.800048828125,91.19999694824219,3419.0000000000005,,
1.0,28.077,30.246,1578.800048828125,526.5999755859375,2168.999999999997,,
1.0,30.357,31.224,1573.4000244140625,558.2999877929688,867.0000000000009,,
1.0,31.265,31.386,1563.0,771.0999755859375,120.99999999999866,,
1.0,31.411,31.533,1553.699951171875,653.5,121.99999999999989,,
1.0,31.547,31.71,1562.4000244140625,615.7000122070312,163.00000000000026,,
1.0,31.717,32.086,1574.199951171875,597.9000244140625,368.9999999999998,,
1.0,32.106,32.204,1439.300048828125,605.7000122070312,97.99999999999898,,
1.0,32.232,32.278,1184.300048828125,679.0,45.999999999999375,,
1.0,32.323,32.389,712.7999877929688,815.7000122070312,66.0000000000025,,
1.0,32.424,32.513,387.8999938964844,868.7000122070312,88.99999999999864,,
1.0,32.552,32.753,216.0,965.2000122070312,201.0000000000005,,
1.0,32.777,34.99,137.0,983.5,2213.000000000001,,
1.0,35.141,35.84,134.6999969482422,974.9000244140625,699.0000000000052,,
1.0,35.958,37.862,788.0999755859375,598.9000244140625,1904.0000000000034,,
1.0,37.893,37.991,734.0,477.6000061035156,97.99999999999898,,
1.0,38.033,38.243,1038.199951171875,475.5,210.00000000000085,,
1.0,38.261,38.483,1110.5999755859375,481.3999938964844,221.9999999999942,,
1.0,38.529,38.705,720.0,580.2999877929688,175.99999999999483,,
1.0,38.752,39.023,1124.199951171875,534.5999755859375,271.0000000000008,,
1.0,39.083,39.304,734.5999755859375,927.2000122070312,221.00000000000364,,
1.0,39.363,39.517,909.9000244140625,448.0,154.00000000000347,,
1.0,39.571,39.746,462.0,679.7999877929688,175.00000000000426,,
1.0,39.77,39.949,411.5,813.9000244140625,178.99999999999494,,
1.0,40.014,40.275,1123.5,607.7000122070312,260.9999999999957,,
1.0,40.315,40.616,1044.5999755859375,414.8999938964844,301.00000000000193,,
1.0,40.63,40.774,1080.300048828125,384.79998779296875,143.99999999999835,,
1.0,40.826,40.994,708.2999877929688,737.5999755859375,167.99999999999926,,
1.0,41.037,41.344,669.0999755859375,490.79998779296875,307.00000000000216,,
1.0,41.37,42.438,776.2999877929688,585.0999755859375,1068.000000000005,,
1.0,42.483,42.697,508.6000061035156,628.2999877929688,214.00000000000574,,
1.0,42.738,42.939,846.0,612.9000244140625,201.0000000000005,,
1.0,42.986,43.189,459.6000061035156,600.5,203.00000000000296,,
1.0,43.317,43.557,875.7000122070312,612.2000122070312,240.000000000002,,
1.0,43.598,43.885,620.2999877929688,569.9000244140625,286.99999999999903,,
1.0,44.039,44.133,935.4000244140625,580.5999755859375,94.0000000000012,,
1.0,44.179,44.384,575.0,611.0999755859375,204.9999999999983,,
1.0,44.423,44.641,864.9000244140625,618.4000244140625,217.99999999999642,,
1.0,44.679,44.846,653.7000122070312,562.7000122070312,166.9999999999945,,
1.0,44.887,45.126,961.0,611.2000122070312,238.99999999999721,,
1.0,45.167,45.369,665.2000122070312,577.0999755859375,201.99999999999818,,
1.0,45.405,45.769,921.0999755859375,622.9000244140625,363.9999999999972,,
1.0,45.829,45.966,1435.0999755859375,745.0999755859375,137.00000000000045,,
1.0,46.008,46.164,1435.699951171875,974.0,155.9999999999988,,
1.0,46.226,46.503,797.2999877929688,637.0,277.000000000001,,
1.0,46.529,46.878,645.4000244140625,570.5,348.99999999999665,,
1.0,46.904,47.643,761.0,594.0999755859375,738.9999999999973,,
1.0,47.706,47.875,776.4000244140625,595.7999877929688,168.99999999999693,,
1.0,47.915,48.13,649.7000122070312,377.79998779296875,215.0000000000034,,
1.0,48.189,48.362,602.2000122070312,799.7999877929688,173.00000000000182,,
1.0,48.408,48.631,1064.9000244140625,833.0,222.99999999999898,,
1.0,48.673,48.982,1341.0999755859375,780.2999877929688,308.9999999999975,,
1.0,49.054,49.349,670.2000122070312,305.6000061035156,294.9999999999946,,
1.0,49.405,49.637,657.7999877929688,762.5,231.99999999999932,,
1.0,49.686,49.92,1078.0,817.0,234.00000000000176,,
1.0,49.986,50.308,646.5,325.79998779296875,322.00000000000273,,
1.0,50.325,50.553,618.0,266.79998779296875,227.99999999999443,,
1.0,50.633,51.0,785.5,596.5,366.9999999999973,,
1.0,51.136,51.69,770.4000244140625,596.0999755859375,553.999999999995,active,
1.0,51.727,51.889,994.5,595.5999755859375,162.00000000000614,active,
1.0,51.924,52.189,774.4000244140625,590.2000122070312,265.00000000000057,active,
1.0,52.221,52.342,652.5999755859375,495.20001220703125,121.00000000000222,active,
1.0,52.362,52.526,596.7999877929688,556.2000122070312,164.00000000000148,active,
1.0,52.539,52.703,580.7000122070312,586.5,164.00000000000148,active,
1.0,52.755,52.975,636.5,223.1999969482422,219.99999999999886,active,
1.0,53.032,53.426,549.9000244140625,624.2000122070312,394.00000000000546,active,
1.0,53.602,53.817,634.0,610.4000244140625,215.0000000000034,active,
1.0,53.83,54.767,591.9000244140625,615.7999877929688,937.0000000000048,active,
1.0,54.886,55.233,636.0,610.7000122070312,346.9999999999942,active,
1.0,55.287,55.536,1123.5999755859375,637.7999877929688,249.00000000000233,active,
1.0,55.579,55.777,1276.5,395.70001220703125,198.0000000000004,active,
1.0,55.802,56.233,1375.5,276.79998779296875,430.9999999999974,active,
1.0,56.313,56.53,600.2000122070312,295.0,216.99999999999875,active,
1.0,56.551,56.855,640.5,209.60000610351562,303.99999999999494,active,
1.0,56.865,57.099,623.9000244140625,195.0,233.99999999999466,active,
1.0,57.109,57.387,608.0,190.1999969482422,277.9999999999987,active,
1.0,57.445,57.63,341.5,521.4000244140625,185.00000000000227,active,
1.0,57.674,57.997,596.7000122070312,668.9000244140625,323.0000000000004,active,
1.0,58.007,58.635,602.2999877929688,642.4000244140625,628.0000000000001,active,
1.0,58.744,58.92,627.7000122070312,647.2999877929688,176.00000000000193,active,
1.0,58.958,59.112,376.79998779296875,661.0999755859375,154.00000000000347,active,
1.0,59.15,59.455,613.4000244140625,627.4000244140625,304.9999999999997,active,
1.0,59.483,59.734,778.5999755859375,597.0,251.00000000000477,active,
1.0,59.905,60.412,794.5,590.2000122070312,506.9999999999979,active,
1.0,60.454,60.621,569.0999755859375,372.6000061035156,167.0000000000016,active,
1.0,60.647,61.094,643.5,263.1000061035156,447.00000000000273,active,
1.0,61.16,61.383,474.79998779296875,644.5,223.00000000000608,active,
1.0,61.423,61.671,758.7999877929688,634.7000122070312,247.99999999999756,active,
1.0,61.694,61.987,713.0999755859375,552.9000244140625,292.99999999999926,active,
1.0,62.032,62.427,630.7000122070312,215.89999389648438,395.0000000000031,active,
1.0,62.486,62.676,1173.800048828125,290.0,190.00000000000483,active,
1.0,62.736,63.01,1225.699951171875,692.0999755859375,274.0000000000009,active,
1.0,63.057,63.238,814.5999755859375,644.9000244140625,180.99999999999739,active,
1.0,63.263,63.511,695.9000244140625,595.5,248.00000000000466,active,
1.0,63.563,63.798,240.1999969482422,534.9000244140625,234.99999999999943,active,
1.0,63.817,63.97,293.1000061035156,481.1000061035156,152.9999999999987,active,
1.0,64.004,64.123,128.39999389648438,522.0999755859375,118.99999999999977,active,
1.0,64.179,64.496,758.5999755859375,621.0999755859375,316.99999999999307,active,
1.0,64.517,64.711,682.7999877929688,636.5,194.00000000000261,active,
1.0,64.731,65.054,698.7999877929688,563.0999755859375,323.0000000000075,active,
1.0,65.076,65.433,802.9000244140625,535.5,357.00000000001353,active,
1.0,65.482,65.728,428.6000061035156,534.4000244140625,245.9999999999951,active,
1.0,65.766,65.923,256.29998779296875,466.29998779296875,156.99999999999648,active,
1.0,65.966,66.143,588.2999877929688,598.4000244140625,177.0000000000067,active,
1.0,66.167,66.461,717.7999877929688,578.4000244140625,293.99999999999693,active,
1.0,66.48,67.015,725.7000122070312,542.5,534.9999999999966,active,
1.0,67.024,67.267,704.0,557.2000122070312,242.999999999995,active,
1.0,67.317,67.752,340.0,510.20001220703125,435.0000000000023,active,
1.0,67.8,67.977,800.5999755859375,573.4000244140625,177.0000000000067,active,
1.0,67.985,68.108,785.4000244140625,581.5999755859375,123.00000000000466,active,
1.0,68.3,68.424,749.4000244140625,618.4000244140625,124.00000000000944,active,
1.0,68.433,68.883,776.7000122070312,594.7999877929688,449.99999999998863,active,
1.0,68.923,69.109,644.4000244140625,437.29998779296875,185.99999999999284,active,
1.0,69.151,69.324,459.6000061035156,613.9000244140625,173.00000000000182,active,
1.0,69.463,69.766,848.5999755859375,609.0,303.0000000000115,active,
1.0,69.807,70.061,684.0,521.5999755859375,254.0000000000049,active,
1.0,70.106,70.321,472.70001220703125,673.0,215.0000000000034,active,
1.0,70.377,70.604,891.5,341.1000061035156,227.00000000000387,active,
1.0,70.656,70.863,1268.5,465.79998779296875,206.99999999999363,active,
1.0,70.915,71.103,1374.199951171875,831.0,187.99999999998818,active,
1.0,71.163,71.431,717.5,688.0,268.0000000000007,active,
1.0,71.477,71.744,727.5999755859375,439.70001220703125,266.9999999999959,active,
1.0,71.782,71.983,815.7000122070312,244.0,201.00000000000762,active,
1.0,72.015,72.489,661.2999877929688,431.0,474.00000000000375,active,
1.0,72.522,72.712,787.7999877929688,555.5999755859375,189.99999999999773,active,
1.0,72.857,73.168,803.9000244140625,581.4000244140625,311.00000000000705,active,
1.0,73.196,73.571,670.2999877929688,442.8999938964844,375.0,active,
1.0,73.609,73.817,915.7999877929688,452.8999938964844,207.9999999999984,active,
1.0,73.866,74.201,528.2000122070312,594.9000244140625,334.99999999999375,active,
1.0,74.259,74.595,990.7000122070312,330.70001220703125,335.9999999999985,active,
1.0,74.639,74.919,710.7000122070312,380.6000061035156,280.00000000000114,active,
1.0,74.96,75.148,933.5,478.0,188.0000000000024,active,
1.0,75.192,75.414,1227.699951171875,558.5,222.0000000000084,active,
1.0,75.459,75.692,869.4000244140625,516.2999877929688,232.99999999998988,active,
1.0,75.718,75.952,786.7999877929688,674.4000244140625,233.99999999999466,active,
1.0,75.997,76.228,585.9000244140625,876.0999755859375,230.99999999999454,active,
1.0,76.275,76.486,994.5,934.0,210.99999999999852,active,
1.0,76.54,76.692,1402.5999755859375,852.5,151.9999999999868,active,
1.0,76.755,77.073,1452.4000244140625,363.8999938964844,317.99999999999784,active,
1.0,77.098,77.234,1498.4000244140625,248.6999969482422,135.99999999999568,active,
1.0,77.323,77.537,403.6000061035156,348.70001220703125,214.00000000001285,active,
1.0,77.575,77.764,224.10000610351562,397.8999938964844,188.99999999999295,active,
1.0,77.804,78.067,544.9000244140625,486.70001220703125,262.999999999991,active,
1.0,78.118,78.444,951.7999877929688,331.5,326.0000000000076,active,
1.0,78.482,78.839,718.7000122070312,303.3999938964844,356.9999999999993,active,
1.0,78.864,79.356,676.4000244140625,399.70001220703125,491.9999999999902,active,
1.0,79.379,79.522,707.7999877929688,486.1000061035156,143.00000000000068,active,
1.0,79.558,79.586,795.2999877929688,577.7999877929688,27.999999999991587,active,
1.0,79.723,80.124,777.7000122070312,582.4000244140625,400.99999999999625,active,
1.0,80.152,80.356,731.7999877929688,428.1000061035156,203.99999999999352,active,
1.0,80.379,80.601,754.5999755859375,545.7999877929688,221.9999999999942,active,
1.0,80.643,80.804,498.70001220703125,605.0999755859375,161.00000000000136,active,
1.0,80.818,81.204,481.6000061035156,625.0999755859375,385.9999999999957,active,
1.0,81.252,81.539,586.5999755859375,310.20001220703125,287.00000000000614,active,
1.0,81.589,81.774,211.39999389648438,259.0,185.00000000000227,active,
1.0,81.793,81.917,163.3000030517578,262.20001220703125,123.99999999999523,active,
1.0,81.933,82.463,136.8000030517578,206.0,529.9999999999869,active,
1.0,82.479,82.682,185.89999389648438,198.60000610351562,203.00000000000296,active,
1.0,82.752,82.952,821.9000244140625,274.1000061035156,200.00000000000284,active,
1.0,82.984,83.274,988.9000244140625,345.1000061035156,290.00000000000625,active,
1.0,83.286,83.493,978.7000122070312,374.1000061035156,206.99999999999363,active,
1.0,83.542,83.753,1299.199951171875,644.2000122070312,210.99999999999852,active,
1.0,83.774,83.966,1359.0,602.0,191.99999999999307,active,
1.0,83.976,84.345,1364.4000244140625,576.2000122070312,368.9999999999998,active,
1.0,84.499,84.702,854.0999755859375,609.9000244140625,203.00000000000296,active,
1.0,84.731,84.937,981.0999755859375,627.0,206.00000000000307,active,
1.0,84.961,85.039,856.7000122070312,679.2999877929688,78.00000000000296,active,
1.0,85.063,85.345,753.5999755859375,697.2000122070312,281.9999999999965,active,
1.0,85.38,85.544,532.2000122070312,664.9000244140625,164.00000000000148,active,
1.0,85.555,85.71,563.2000122070312,650.2000122070312,154.99999999998693,active,
1.0,85.72,85.883,586.0999755859375,640.9000244140625,162.9999999999967,active,
1.0,85.917,86.326,794.4000244140625,693.4000244140625,408.9999999999918,active,
1.0,86.338,86.549,755.4000244140625,709.4000244140625,211.00000000001273,active,
1.0,86.585,86.772,538.2000122070312,756.0999755859375,187.00000000001182,active,
1.0,86.782,87.859,546.0999755859375,784.5,1076.9999999999982,active,
1.0,87.969,88.459,554.7000122070312,797.2999877929688,490.0000000000091,active,
1.0,88.51,88.735,930.0,756.0999755859375,224.99999999999432,active,
1.0,88.755,88.918,871.2999877929688,711.2000122070312,163.0000000000109,active,
1.0,88.963,89.266,1238.300048828125,704.0999755859375,303.0000000000115,active,
1.0,89.286,89.47,1160.699951171875,674.2000122070312,183.9999999999975,active,
1.0,89.51,89.802,1435.699951171875,684.2999877929688,292.0000000000016,active,
1.0,89.83,90.066,1295.9000244140625,686.5999755859375,236.0000000000042,active,
1.0,90.085,90.307,1362.5,715.7000122070312,222.0000000000084,active,
1.0,90.348,90.516,1531.699951171875,566.5,168.00000000000637,active,
1.0,90.525,90.627,1537.800048828125,538.0999755859375,101.99999999998965,active,
1.0,90.713,90.932,434.6000061035156,679.2999877929688,219.0000000000083,active,
1.0,90.952,91.117,487.6000061035156,656.0,165.00000000000625,active,
1.0,91.125,91.443,466.5,655.5999755859375,317.99999999999784,active,
1.0,91.59,91.714,698.0999755859375,669.7999877929688,123.99999999999523,active,
1.0,91.74,92.262,584.0,658.5999755859375,522.0000000000056,active,
1.0,92.296,92.575,751.0,676.2000122070312,278.99999999999636,active,
1.0,92.589,92.829,793.9000244140625,669.9000244140625,239.99999999999488,active,
1.0,92.876,93.243,425.29998779296875,667.7999877929688,366.9999999999902,active,
1.0,93.278,93.484,256.70001220703125,580.4000244140625,205.99999999998886,active,
1.0,93.569,93.79,1251.4000244140625,614.4000244140625,221.00000000000364,active,
1.0,93.814,93.955,1176.800048828125,578.9000244140625,141.00000000000534,active,
1.0,93.993,94.26,1373.199951171875,540.5,267.0000000000101,active,
1.0,94.269,94.737,1357.4000244140625,556.2999877929688,467.9999999999893,active,
1.0,94.768,95.195,1190.199951171875,523.7999877929688,426.9999999999925,active,
1.0,95.255,95.743,783.4000244140625,574.2000122070312,487.99999999999955,active,
1.0,95.887,96.171,785.0999755859375,602.0,284.000000000006,active,
1.0,96.203,96.519,633.7000122070312,718.2000122070312,316.0000000000025,active,
1.0,96.556,96.787,837.0,742.9000244140625,231.00000000000875,active,
1.0,96.838,97.026,1265.9000244140625,690.9000244140625,188.0000000000024,active,
1.0,97.088,97.283,771.9000244140625,434.8999938964844,195.0000000000074,active,
1.0,97.337,97.554,295.70001220703125,437.5,216.99999999999875,active,
1.0,97.61,97.803,232.10000610351562,749.5,192.99999999999784,active,
1.0,97.854,98.28,749.2999877929688,757.9000244140625,426.00000000000193,active,
1.0,98.334,98.569,1241.9000244140625,720.0999755859375,234.99999999999943,active,
1.0,98.603,98.805,1427.199951171875,599.4000244140625,202.0000000000124,active,
1.0,98.845,99.041,1449.800048828125,352.5,195.99999999999795,active,
1.0,99.105,99.316,869.2999877929688,659.4000244140625,210.99999999999852,active,
1.0,99.342,99.604,752.5,730.0,262.00000000000045,active,
1.0,99.643,100.039,533.5999755859375,508.8999938964844,396.0000000000008,active,
1.0,100.069,100.314,457.70001220703125,342.1000061035156,244.99999999999034,active,
1.0,100.341,100.583,574.0999755859375,246.3000030517578,242.00000000000443,active,
1.0,100.64,100.711,577.5,628.2000122070312,70.99999999999795,active,
1.0,100.761,101.006,981.7999877929688,754.4000244140625,245.00000000000455,active,
1.0,101.038,101.318,795.2999877929688,750.7000122070312,280.00000000000114,active,
1.0,101.337,101.465,740.2000122070312,761.0,128.0000000000001,active,
1.0,101.518,101.696,344.8999938964844,722.2999877929688,177.99999999999727,active,
1.0,101.745,101.992,744.7000122070312,616.0999755859375,246.9999999999999,active,
1.0,102.002,102.342,772.7999877929688,593.9000244140625,340.0000000000034,active,
1.0,102.459,103.018,774.4000244140625,572.7999877929688,558.9999999999975,active,
1.0,103.045,103.237,917.2999877929688,578.5,191.99999999999307,active,
1.0,103.286,103.719,508.20001220703125,537.0,432.9999999999927,active,
1.0,103.772,104.119,907.7999877929688,383.0,346.9999999999942,active,
1.0,104.147,104.33,1045.199951171875,488.29998779296875,182.99999999999272,active,
1.0,104.342,104.677,1037.5,456.20001220703125,335.00000000000796,active,
1.0,104.693,105.284,996.7999877929688,427.5,591.0000000000082,active,
1.0,105.412,106.518,998.5999755859375,410.3999938964844,1105.9999999999945,active,
1.0,106.579,106.659,414.0,542.2999877929688,80.0000000000125,active,
1.0,106.753,106.87,417.1000061035156,534.0999755859375,117.00000000000443,active,
1.0,106.897,107.308,290.8999938964844,550.4000244140625,411.00000000000136,active,
1.0,107.33,107.641,257.3999938964844,639.4000244140625,311.00000000000705,active,
1.0,107.665,107.853,335.20001220703125,511.79998779296875,187.99999999998818,active,
1.0,107.881,108.079,255.3000030517578,655.5,197.9999999999933,active,
1.0,108.095,108.288,254.10000610351562,723.0999755859375,192.99999999999784,active,
1.0,108.305,108.791,246.60000610351562,767.2000122070312,485.99999999999,active,
1.0,108.848,109.125,837.9000244140625,800.2000122070312,277.000000000001,active,
1.0,109.158,109.298,657.2999877929688,832.2999877929688,140.00000000000057,active,
1.0,109.329,109.593,845.9000244140625,873.5999755859375,264.00000000001,active,
1.0,109.649,109.981,1349.5,782.0999755859375,331.99999999999363,active,
1.0,110.005,110.254,1458.199951171875,721.4000244140625,249.00000000000944,active,
1.0,110.275,110.414,1368.0999755859375,722.0999755859375,138.9999999999958,active,
1.0,110.429,110.771,1323.9000244140625,745.2000122070312,341.99999999999875,active,
1.0,110.826,111.086,773.2999877929688,641.7000122070312,260.0000000000051,active,
1.0,111.111,111.431,674.5999755859375,680.4000244140625,319.9999999999932,active,
1.0,111.449,111.704,658.2000122070312,617.2999877929688,254.99999999999545,active,
1.0,111.727,112.199,553.7000122070312,584.4000244140625,471.9999999999942,active,
1.0,112.222,112.531,665.2999877929688,574.7000122070312,309.0000000000117,active,
1.0,112.574,112.805,364.8999938964844,554.2000122070312,231.00000000000875,active,
1.0,112.845,113.112,678.9000244140625,572.7999877929688,266.9999999999959,active,
1.0,113.136,113.318,561.7999877929688,556.5,182.00000000000216,active,
1.0,113.338,113.653,505.29998779296875,485.29998779296875,315.00000000001194,active,
1.0,113.677,113.869,430.70001220703125,404.5,191.99999999999307,active,
1.0,113.931,114.352,1081.5999755859375,546.2000122070312,421.0000000000065,active,
1.0,114.398,114.575,677.7000122070312,545.7999877929688,177.0000000000067,active,
1.0,114.623,114.794,783.0999755859375,572.0,170.99999999999227,active,
1.0,114.802,115.066,768.0,573.2000122070312,263.9999999999958,active,
1.0,115.08,115.414,736.5999755859375,560.5999755859375,334.0000000000032,active,
1.0,115.461,115.694,358.0,528.2000122070312,233.0000000000041,active,
1.0,116.099,116.29,663.5999755859375,596.2999877929688,191.0000000000025,active,
1.0,116.342,116.535,232.10000610351562,550.5999755859375,192.99999999999784,active,
1.0,116.557,116.865,204.10000610351562,597.0999755859375,307.9999999999927,active,
1.0,116.908,117.152,152.5,354.1000061035156,243.99999999999977,active,
1.0,117.242,117.737,1118.800048828125,366.0,494.99999999999034,active,
1.0,117.765,118.11,1355.4000244140625,333.6000061035156,344.99999999999886,active,
1.0,118.13,118.303,1428.800048828125,340.8999938964844,173.00000000000182,active,
1.0,118.393,118.588,906.5999755859375,310.0,194.99999999999318,active,
1.0,118.64,118.868,517.7000122070312,284.29998779296875,227.99999999999443,active,
1.0,119.026,119.327,365.6000061035156,313.0,301.00000000000193,active,
1.0,119.335,119.634,354.1000061035156,306.29998779296875,299.0000000000066,active,
1.0,119.642,119.88,375.5,294.0,237.99999999999955,active,
1.0,119.889,120.073,356.6000061035156,296.8999938964844,183.9999999999975,active,
1.0,120.092,120.662,414.0,281.1000061035156,570.0000000000074,active,
1.0,120.691,120.985,295.8999938964844,274.20001220703125,293.99999999999693,active,
1.0,121.061,121.226,600.5999755859375,827.2000122070312,164.99999999999204,active,
1.0,121.277,121.506,1044.5999755859375,844.2999877929688,228.9999999999992,active,
1.0,121.661,121.983,1277.5999755859375,730.2999877929688,322.00000000000273,active,
1.0,122.009,122.206,1170.0999755859375,814.5,197.00000000000273,active,
1.0,122.254,122.477,824.7000122070312,886.0,222.99999999999898,active,
1.0,122.499,122.683,747.2000122070312,916.5999755859375,184.0000000000117,active,
1.0,122.73,123.1,421.79998779296875,773.2000122070312,369.99999999999034,active,
1.0,123.12,123.307,368.8999938964844,801.2999877929688,186.9999999999976,active,
1.0,123.35,123.697,676.5999755859375,712.0999755859375,347.0000000000084,active,
1.0,123.748,123.974,305.79998779296875,653.9000244140625,225.9999999999991,active,
1.0,124.029,124.262,843.7000122070312,668.9000244140625,233.0000000000041,active,
1.0,124.286,124.554,861.2999877929688,531.7999877929688,268.0000000000007,active,
1.0,124.725,124.858,940.4000244140625,606.5999755859375,133.00000000000978,active,
1.0,124.902,125.216,1263.4000244140625,600.5999755859375,313.99999999999295,active,
1.0,125.282,125.686,608.4000244140625,869.5,404.0000000000106,active,
1.0,125.739,126.112,441.20001220703125,538.0,372.99999999999045,active,
1.0,126.164,126.324,750.0999755859375,461.3999938964844,159.9999999999966,active,
1.0,126.376,126.642,1170.4000244140625,474.0,265.99999999999113,active,
1.0,126.694,126.941,694.4000244140625,440.29998779296875,246.9999999999999,active,
1.0,126.979,127.578,432.1000061035156,454.29998779296875,599.0000000000038,active,
1.0,127.636,127.795,853.5999755859375,598.5999755859375,159.00000000000603,active,
1.0,127.815,128.096,786.5999755859375,600.2999877929688,281.0000000000059,active,
1.0,128.122,128.164,677.5,483.29998779296875,41.99999999997317,active,
1.0,128.283,128.475,693.7999877929688,463.29998779296875,192.00000000000728,active,
1.0,128.499,128.653,792.5,525.2999877929688,153.99999999999636,active,
1.0,128.68,128.94,715.5999755859375,642.0999755859375,259.9999999999909,active,
1.0,128.965,129.131,574.5,634.0,165.99999999999682,active,
1.0,129.183,129.403,334.3999938964844,828.2999877929688,219.99999999999886,active,
1.0,129.444,129.647,95.19999694824219,909.5999755859375,203.00000000000296,active,
1.0,129.699,130.037,565.0999755859375,669.5,337.99999999999386,active,
1.0,130.055,130.348,582.2999877929688,597.9000244140625,293.00000000000637,active,
1.0,130.359,130.669,561.0,580.2000122070312,310.0000000000023,active,
1.0,130.904,131.142,988.0,772.0999755859375,237.99999999999955,active,
1.0,131.193,131.878,565.0,628.9000244140625,684.9999999999739,active,
1.0,131.889,132.392,550.4000244140625,593.4000244140625,502.9999999999859,active,
1.0,132.399,133.238,566.7999877929688,576.5999755859375,838.9999999999986,active,
1.0,133.245,133.647,561.9000244140625,570.2000122070312,401.9999999999868,active,
1.0,133.674,133.887,456.70001220703125,520.7000122070312,212.99999999999386,active,
1.0,133.911,134.171,573.7000122070312,567.2999877929688,259.9999999999909,active,
1.0,134.212,134.562,580.7000122070312,309.5,350.00000000002274,active,
1.0,134.631,134.886,1142.0,703.2999877929688,254.99999999999545,active,
1.0,134.936,135.16,678.5999755859375,674.9000244140625,223.99999999998954,active,
1.0,135.197,135.299,860.7000122070312,729.2999877929688,102.00000000000387,active,
1.0,135.343,135.978,561.9000244140625,594.7000122070312,635.0000000000193,active,
1.0,136.011,136.228,383.8999938964844,740.7000122070312,217.00000000001296,active,
1.0,136.28,136.628,881.7999877929688,722.9000244140625,347.99999999998477,active,
1.0,136.667,136.916,1110.5999755859375,695.9000244140625,248.99999999999523,active,
1.0,136.955,137.047,1326.5,660.2000122070312,91.99999999998454,active,
1.0,137.106,137.326,698.2000122070312,687.7000122070312,219.99999999999886,active,
1.0,137.359,137.565,524.9000244140625,634.0,205.99999999998886,active,
1.0,137.612,137.896,199.6999969482422,779.0,283.9999999999918,active,
1.0,137.939,138.116,515.5999755859375,636.2999877929688,177.00000000002092,active,
1.0,138.125,138.537,788.4000244140625,587.5,412.00000000000614,,
1.0,138.652,139.142,776.7000122070312,581.7999877929688,490.0000000000091,active,
1.0,139.153,139.337,807.2000122070312,587.5999755859375,183.9999999999975,active,
1.0,139.348,139.858,783.2000122070312,585.0,509.9999999999909,active,
1.0,139.9,140.255,552.0999755859375,408.70001220703125,354.99999999998977,active,
1.0,140.299,140.52,700.7000122070312,590.2000122070312,221.00000000000364,active,
1.0,140.571,140.707,906.2999877929688,811.2000122070312,135.99999999999568,active,
1.0,140.755,140.969,653.0999755859375,550.2000122070312,213.99999999999864,active,
1.0,141.027,141.292,1180.9000244140625,568.5,265.0000000000148,active,
1.0,141.317,141.484,1259.5999755859375,445.20001220703125,167.0000000000016,active,
1.0,141.543,141.773,628.9000244140625,402.29998779296875,229.99999999998977,active,
1.0,141.8,142.319,488.0,410.1000061035156,518.999999999977,active,
1.0,142.359,142.6,742.2999877929688,412.8999938964844,240.99999999998545,active,
1.0,142.652,142.892,1166.5,424.6000061035156,240.0000000000091,active,
1.0,142.94,143.287,1428.9000244140625,515.2999877929688,347.0000000000084,active,
1.0,143.324,143.79,1255.5,656.5999755859375,465.99999999997976,active,
1.0,143.835,144.071,896.9000244140625,686.0,235.99999999999,active,
1.0,144.121,144.427,603.0999755859375,510.79998779296875,305.9999999999832,active,
1.0,144.454,145.027,501.70001220703125,401.79998779296875,572.9999999999791,active,
1.0,145.047,145.288,440.70001220703125,403.70001220703125,241.00000000001387,active,
1.0,145.321,145.544,281.20001220703125,375.70001220703125,223.0000000000132,active,
1.0,145.575,145.805,178.6999969482422,513.4000244140625,230.0000000000182,active,
1.0,145.842,146.161,337.20001220703125,370.20001220703125,318.9999999999884,active,
1.0,146.229,146.417,1036.5999755859375,393.6000061035156,187.99999999998818,active,
1.0,146.454,146.749,1246.5,411.29998779296875,294.9999999999875,active,
1.0,146.899,147.18,1421.800048828125,418.79998779296875,281.0000000000059,active,
1.0,147.222,147.47,1482.0,546.4000244140625,247.99999999999045,active,
1.0,147.503,147.692,1353.5,655.7999877929688,189.00000000002137,active,
1.0,147.751,147.987,825.2999877929688,480.6000061035156,235.99999999999,active,
1.0,148.138,148.535,653.7000122070312,430.6000061035156,396.99999999999136,active,
1.0,148.599,149.04,1171.9000244140625,428.6000061035156,441.0000000000025,active,
1.0,149.058,149.222,1236.300048828125,400.20001220703125,164.0000000000157,active,
1.0,149.281,149.565,619.0999755859375,407.5,283.9999999999918,active,
1.0,149.589,150.025,479.79998779296875,414.5,436.00000000000705,active,
1.0,150.038,150.847,495.3999938964844,454.29998779296875,808.9999999999975,active,
1.0,150.857,151.353,511.70001220703125,463.8999938964844,496.0000000000093,active,
1.0,151.506,151.582,688.0,412.5,75.9999999999934,active,
1.0,151.621,151.894,484.8999938964844,398.8999938964844,272.99999999999613,active,
1.0,151.95,152.21,994.0,551.7999877929688,260.0000000000193,active,
1.0,152.255,152.507,1353.0999755859375,592.2000122070312,252.00000000000955,active,
1.0,152.649,152.871,1327.0999755859375,614.9000244140625,222.0000000000084,active,
1.0,152.88,153.077,1346.9000244140625,601.5999755859375,197.00000000000273,active,
1.0,153.116,153.391,1282.9000244140625,406.70001220703125,274.99999999997726,active,
1.0,153.413,153.634,1386.0999755859375,391.8999938964844,220.99999999997522,active,
1.0,153.849,153.952,1409.699951171875,431.0,103.00000000000864,active,
1.0,154.002,154.169,948.2000122070312,493.70001220703125,167.0000000000016,active,
1.0,154.197,154.449,761.4000244140625,546.2000122070312,252.00000000000955,active,
1.0,154.475,154.878,617.0,575.0999755859375,402.9999999999916,active,
1.0,154.935,155.019,911.0,455.1000061035156,84.00000000000318,active,
1.0,155.068,155.402,1051.800048828125,734.5,333.99999999997476,active,
1.0,155.444,155.828,1294.5999755859375,752.7999877929688,384.00000000001455,active,
1.0,155.902,155.925,633.9000244140625,575.7999877929688,23.000000000024556,active,
1.0,155.946,156.123,636.7999877929688,712.7999877929688,176.9999999999925,active,
1.0,156.299,156.465,586.7999877929688,402.3999938964844,165.99999999999682,active,
1.0,156.521,156.872,1129.699951171875,425.20001220703125,351.0000000000275,active,
1.0,156.92,157.133,1381.0,537.7999877929688,213.00000000002228,active,
1.0,157.179,157.409,1192.199951171875,383.29998779296875,229.99999999998977,active,
1.0,157.465,158.029,670.5999755859375,381.1000061035156,563.999999999993,active,
1.0,158.056,158.189,722.2999877929688,524.5,132.99999999998136,active,
1.0,158.212,158.311,783.0999755859375,582.5,99.00000000001796,active,
1.0,158.574,158.944,737.0,566.4000244140625,369.9999999999761,active,
1.0,158.97,159.117,850.2000122070312,479.8999938964844,146.99999999999136,active,
1.0,159.147,159.376,732.2999877929688,612.5999755859375,229.00000000001342,active,
1.0,159.396,159.7,740.9000244140625,674.4000244140625,304.00000000000205,active,
1.0,159.723,159.906,733.7000122070312,579.0,182.99999999999272,active,
1.0,159.96,160.19,242.5,629.7000122070312,229.99999999998977,active,
1.0,160.246,160.613,843.5,538.9000244140625,366.9999999999902,active,
1.0,160.636,160.793,766.2000122070312,555.5999755859375,157.0000000000107,active,
1.0,160.92,161.085,956.9000244140625,567.0999755859375,165.00000000002046,active,
1.0,161.128,161.512,1267.9000244140625,678.2999877929688,384.00000000001455,active,
1.0,161.536,161.669,1153.5999755859375,738.5,133.00000000000978,active,
1.0,161.679,161.848,1140.9000244140625,758.2000122070312,169.00000000001114,active,
1.0,161.893,162.079,1415.9000244140625,615.0999755859375,186.00000000000705,active,
1.0,162.143,162.436,715.5,515.4000244140625,293.00000000000637,active,
1.0,162.452,163.049,711.2000122070312,561.0,597.0000000000084,active,
1.0,163.068,163.314,774.2999877929688,585.0999755859375,245.9999999999809,active,
1.0,163.463,164.019,768.2999877929688,591.2000122070312,556.0000000000116,active,
1.0,164.06,164.196,1087.9000244140625,472.8999938964844,135.99999999999568,active,
1.0,164.242,164.398,740.2999877929688,635.2999877929688,156.0000000000059,active,
1.0,164.419,164.598,803.0,707.5,179.00000000000205,active,
1.0,164.61,164.858,794.0,731.5999755859375,247.99999999999045,active,
1.0,164.903,165.167,443.5,647.9000244140625,264.00000000001,active,
1.0,165.374,165.534,814.4000244140625,694.7000122070312,159.9999999999966,active,
1.0,165.545,166.033,793.2999877929688,727.7999877929688,487.99999999999955,active,
1.0,166.08,167.084,1084.300048828125,494.20001220703125,1003.9999999999907,active,
1.0,167.123,167.382,787.0999755859375,658.0,259.00000000001455,active,
1.0,167.426,167.544,539.0999755859375,490.29998779296875,118.00000000002342,active,
1.0,167.583,167.782,287.79998779296875,562.7000122070312,199.00000000001228,active,
1.0,167.826,168.035,243.0,407.70001220703125,209.00000000000318,active,
1.0,168.074,168.488,417.20001220703125,258.79998779296875,413.99999999998727,active,
1.0,168.507,168.755,484.79998779296875,216.89999389648438,247.99999999999045,active,
1.0,168.784,169.02,683.0999755859375,303.79998779296875,236.00000000001842,active,
1.0,169.211,169.35,736.7999877929688,754.2000122070312,138.99999999998158,active,
1.0,169.372,169.92,805.0,761.7999877929688,547.9999999999734,active,
1.0,169.941,170.153,896.5999755859375,761.9000244140625,211.9999999999891,active,
1.0,170.206,170.454,1261.4000244140625,759.0999755859375,248.00000000001887,active,
1.0,170.505,170.78,762.7000122070312,704.2999877929688,275.0000000000057,active,
1.0,170.839,170.993,1192.0999755859375,883.0999755859375,153.99999999999636,active,
1.0,171.046,171.456,752.0999755859375,652.7000122070312,409.9999999999966,active,
1.0,171.469,172.667,781.2000122070312,589.9000244140625,1198.0000000000075,active,
1.0,172.68,172.898,748.4000244140625,542.5,217.9999999999893,active,
1.0,172.939,173.184,520.7000122070312,758.7000122070312,245.00000000000455,active,
1.0,173.226,173.711,728.0,555.2999877929688,485.00000000001364,active,
1.0,173.892,174.299,762.4000244140625,529.5999755859375,407.0000000000107,active,
1.0,174.312,174.638,722.4000244140625,552.7999877929688,325.9999999999934,active,
1.0,174.688,174.849,445.79998779296875,596.0999755859375,161.00000000000136,active,
1.0,174.892,175.669,759.5,559.9000244140625,777.0000000000152,active,
1.0,175.721,176.133,723.4000244140625,899.7999877929688,412.00000000000614,active,
1.0,176.171,176.455,721.7000122070312,634.9000244140625,284.00000000002024,active,
1.0,176.473,178.03,761.5,560.5,1556.999999999988,active,
1.0,178.069,178.185,985.7000122070312,413.8999938964844,116.00000000001387,active,
1.0,178.204,178.667,1038.0,373.20001220703125,462.99999999999386,active,
1.0,178.73,178.863,382.20001220703125,439.70001220703125,133.00000000000978,active,
1.0,178.883,179.026,442.79998779296875,471.79998779296875,143.00000000000068,active,
1.0,179.079,179.5,1037.699951171875,359.79998779296875,420.99999999999227,active,
1.0,179.536,179.737,1206.0,369.20001220703125,200.9999999999934,active,
1.0,179.767,180.262,1044.800048828125,366.8999938964844,495.00000000000455,active,
1.0,180.295,180.528,1140.4000244140625,568.7000122070312,233.0000000000041,active,
1.0,180.579,180.885,1092.199951171875,931.0999755859375,305.9999999999832,active,
1.0,180.907,181.215,1009.7999877929688,924.0,307.9999999999927,active,
1.0,181.238,181.528,1018.0999755859375,842.7000122070312,289.99999999999204,active,
1.0,181.584,181.893,461.5,709.2999877929688,308.9999999999975,active,
1.0,181.903,182.084,481.3999938964844,679.9000244140625,181.0000000000116,active,
1.0,182.13,182.265,384.3999938964844,407.20001220703125,134.9999999999909,active,
1.0,182.284,182.765,359.0,335.5,480.99999999999454,active,
1.0,182.826,182.962,907.5,375.8999938964844,135.99999999999568,active,
1.0,182.975,183.29,873.9000244140625,378.3999938964844,314.9999999999977,active,
1.0,183.356,183.54,1326.9000244140625,759.4000244140625,183.9999999999975,active,
1.0,183.571,183.807,1387.699951171875,872.9000244140625,235.99999999999,active,
1.0,183.857,183.974,1072.4000244140625,519.7999877929688,116.99999999999022,active,
1.0,183.999,184.119,1050.800048828125,408.8999938964844,120.00000000000455,active,
1.0,184.133,184.405,1030.199951171875,365.6000061035156,271.99999999999136,active,
1.0,184.466,184.609,418.1000061035156,463.20001220703125,143.00000000000068,active,
1.0,184.616,184.813,418.3999938964844,482.0,196.9999999999743,active,
1.0,184.851,185.03,338.1000061035156,333.70001220703125,179.00000000000205,active,
1.0,185.084,185.24,970.7000122070312,350.29998779296875,156.0000000000059,active,
1.0,185.264,185.607,863.5999755859375,358.29998779296875,342.9999999999893,active,
1.0,185.659,185.858,423.6000061035156,506.5,199.00000000001228,active,
1.0,185.868,186.09,447.29998779296875,506.8999938964844,222.0000000000084,active,
1.0,186.137,186.243,878.0999755859375,467.8999938964844,105.99999999999454,active,
1.0,186.292,186.464,446.70001220703125,513.7999877929688,171.99999999999704,active,
1.0,186.519,186.598,1030.300048828125,614.5,79.00000000000773,active,
1.0,186.651,187.221,1037.9000244140625,357.29998779296875,569.9999999999932,active,
1.0,187.249,187.45,877.9000244140625,518.2000122070312,200.9999999999934,active,
1.0,187.486,187.758,695.0,439.6000061035156,272.0000000000198,active,
1.0,187.783,187.91,745.7000122070312,542.0999755859375,127.00000000000955,active,
1.0,187.921,188.723,773.9000244140625,555.2000122070312,802.0000000000209,active,
1.0,188.762,188.983,995.2999877929688,668.0999755859375,221.00000000000364,active,
1.0,189.029,189.217,627.5999755859375,737.9000244140625,188.0000000000166,active,
1.0,189.412,189.649,714.0999755859375,850.7000122070312,236.99999999999477,active,
1.0,189.66,189.852,698.7999877929688,841.7000122070312,192.00000000000728,active,
1.0,189.862,190.356,714.5999755859375,834.0,493.9999999999998,active,
1.0,190.373,190.572,663.0,835.2000122070312,199.00000000001228,active,
1.0,190.629,190.85,198.8000030517578,762.7999877929688,221.00000000000364,active,
1.0,190.911,191.223,937.9000244140625,756.5999755859375,312.0000000000118,active,
1.0,191.249,191.535,1076.0,669.7000122070312,286.00000000000136,active,
1.0,191.562,191.746,1150.300048828125,602.4000244140625,183.9999999999975,active,
1.0,191.783,192.319,1067.5999755859375,408.29998779296875,536.0000000000014,active,
1.0,192.385,192.676,477.29998779296875,458.5,290.9999999999968,active,
1.0,192.716,193.117,267.6000061035156,445.0,400.99999999998204,active,
1.0,193.14,193.283,193.89999389648438,485.1000061035156,143.00000000000068,active,
1.0,193.364,193.637,1007.0,411.6000061035156,272.99999999999613,active,
1.0,193.684,194.009,1402.300048828125,451.5,324.99999999998863,active,
1.0,194.056,194.404,1047.5999755859375,357.3999938964844,347.99999999998477,active,
1.0,194.475,194.667,433.6000061035156,690.0999755859375,192.00000000000728,active,
1.0,194.705,194.99,209.5,682.7999877929688,284.9999999999966,active,
1.0,195.061,195.329,1108.9000244140625,775.7000122070312,268.0000000000007,active,
1.0,195.358,195.594,1324.0999755859375,778.2000122070312,235.99999999999,active,
1.0,195.612,195.764,1264.9000244140625,777.9000244140625,152.00000000001523,active,
1.0,195.821,196.095,1349.9000244140625,425.5,274.0000000000009,active,
1.0,196.139,196.299,1050.0999755859375,333.79998779296875,159.9999999999966,active,
1.0,196.379,196.627,588.0999755859375,756.2999877929688,248.00000000001887,active,
1.0,196.673,196.815,768.0999755859375,486.5,141.9999999999959,active,
1.0,196.869,197.09,508.8999938964844,788.0,221.00000000000364,active,
1.0,197.134,197.365,236.8000030517578,721.5999755859375,231.00000000002296,active,
1.0,197.424,197.578,688.0999755859375,891.2999877929688,153.99999999999636,active,
1.0,197.598,197.742,653.9000244140625,854.7999877929688,143.99999999997704,active,
1.0,197.754,197.987,628.5,867.2000122070312,233.0000000000041,active,
1.0,198.038,198.283,807.7999877929688,515.9000244140625,244.99999999997613,active,
1.0,198.299,198.726,784.2000122070312,546.5,426.9999999999925,active,
1.0,198.864,199.273,792.0,556.9000244140625,408.9999999999918,active,
1.0,199.294,199.584,846.5,469.20001220703125,289.99999999999204,active,
1.0,199.643,199.957,317.0,492.29998779296875,313.99999999999295,active,
1.0,199.982,200.359,290.20001220703125,374.6000061035156,377.00000000000955,active,
1.0,200.382,200.703,418.79998779296875,394.1000061035156,320.99999999999795,active,
1.0,200.792,200.889,1269.800048828125,474.0,97.00000000000841,active,
1.0,200.926,201.118,1493.199951171875,431.70001220703125,192.00000000000728,active,
1.0,201.171,201.331,1221.9000244140625,789.7999877929688,159.9999999999966,active,
1.0,201.358,201.531,1198.699951171875,932.7000122070312,173.00000000000182,active,
1.0,201.609,201.78,237.5,937.5,170.99999999999227,active,
1.0,201.806,201.945,114.5999984741211,943.0,138.99999999998158,active,
1.0,201.969,202.131,243.0,896.7000122070312,162.00000000000614,active,
1.0,202.156,202.568,360.20001220703125,858.5,412.00000000000614,active,
1.0,202.594,202.887,225.5,818.5,293.00000000000637,active,
1.0,202.926,203.145,225.10000610351562,548.7999877929688,219.0000000000225,active,
1.0,203.169,203.403,378.3999938964844,553.9000244140625,233.99999999998045,active,
1.0,203.419,203.575,446.6000061035156,567.0,155.9999999999775,active,
1.0,203.623,203.953,426.3999938964844,842.0,330.0000000000125,active,
1.0,204.005,204.319,788.2999877929688,532.4000244140625,313.99999999999295,active,
1.0,204.374,204.523,1157.0999755859375,265.5,149.0000000000009,active,
1.0,204.534,205.476,1179.5999755859375,232.10000610351562,942.0000000000073,active,
1.0,205.486,205.875,1164.5999755859375,220.3000030517578,389.00000000001,active,
1.0,205.923,206.078,809.2000122070312,393.70001220703125,155.00000000000114,active,
1.0,206.102,206.357,774.0999755859375,471.79998779296875,254.99999999999545,active,
1.0,206.38,206.617,838.5,535.7000122070312,236.99999999999477,active,
1.0,206.641,206.706,938.0,453.79998779296875,64.99999999999773,active,
1.0,206.873,207.118,920.0999755859375,437.1000061035156,245.00000000000455,active,
1.0,207.13,207.292,953.2999877929688,440.1000061035156,162.00000000000614,active,
1.0,207.318,207.639,784.2000122070312,479.8999938964844,320.99999999999795,active,
1.0,207.661,207.825,712.7000122070312,534.0,163.99999999998727,active,
1.0,207.855,208.013,737.7999877929688,416.0,158.00000000001546,active,
1.0,208.035,208.222,799.2999877929688,496.20001220703125,187.00000000001182,active,
1.0,208.247,208.295,837.5999755859375,574.4000244140625,47.9999999999734,active,
1.0,208.454,208.733,875.0,564.4000244140625,278.99999999999636,active,
1.0,208.757,209.03,966.9000244140625,469.70001220703125,272.99999999999613,active,
1.0,209.068,209.375,734.4000244140625,430.29998779296875,306.99999999998795,active,
1.0,209.426,209.594,350.5,445.20001220703125,168.00000000000637,active,
1.0,209.62,210.222,254.3000030517578,434.0,602.0000000000039,active,
1.0,210.245,210.482,244.0,331.1000061035156,236.99999999999477,active,
1.0,210.506,210.835,241.5,484.70001220703125,329.00000000000773,active,
1.0,210.86,211.298,229.5,657.4000244140625,437.9999999999882,active,
1.0,211.31,212.036,219.8000030517578,681.2000122070312,725.9999999999991,active,
1.0,212.069,212.091,379.3999938964844,651.0,22.00000000001978,active,
1.0,212.25,212.355,389.0,620.2999877929688,104.99999999998977,active,
1.0,212.384,212.909,233.0,651.7999877929688,525.0000000000057,active,
1.0,212.989,213.157,1099.199951171875,849.9000244140625,168.00000000000637,active,
1.0,213.179,213.438,1178.0,834.7999877929688,258.99999999998613,active,
1.0,213.497,213.682,1490.800048828125,509.8999938964844,184.99999999997385,active,
1.0,213.745,214.166,784.2999877929688,473.3999938964844,420.99999999999227,active,
1.0,214.192,214.415,672.9000244140625,547.2999877929688,222.99999999998477,active,
1.0,214.441,215.341,783.9000244140625,570.2999877929688,900.0000000000057,active,
1.0,215.371,215.592,695.7000122070312,631.7999877929688,221.00000000000364,active,
1.0,215.736,215.94,846.0,778.5,204.00000000000773,active,
1.0,215.959,216.257,781.5999755859375,836.7999877929688,298.0000000000018,active,
1.0,216.28,216.574,813.0,962.0,294.00000000001114,active,
1.0,216.63,216.96,983.7999877929688,550.5,330.0000000000125,active,
1.0,217.003,217.257,669.5,558.4000244140625,254.0000000000191,active,
1.0,217.283,217.62,548.5,645.9000244140625,337.0000000000175,active,
1.0,217.674,217.905,1085.9000244140625,793.4000244140625,230.99999999999454,active,
1.0,217.949,218.301,1300.300048828125,931.0999755859375,351.99999999997544,active,
1.0,218.334,218.702,1141.5999755859375,946.4000244140625,367.999999999995,active,
1.0,218.732,219.052,1304.0999755859375,963.9000244140625,319.9999999999932,active,
1.0,219.242,219.366,378.8999938964844,930.5,124.00000000002365,active,
1.0,219.389,219.725,457.0,939.7000122070312,335.9999999999843,active,
1.0,219.776,220.04,627.9000244140625,599.7000122070312,263.9999999999816,active,
1.0,220.066,220.228,764.2000122070312,575.4000244140625,162.00000000000614,active,
1.0,220.266,220.519,1011.2999877929688,551.2000122070312,253.00000000001432,active,
1.0,220.535,220.707,962.0,545.2000122070312,171.99999999999704,active,
1.0,220.753,221.023,1358.5,552.4000244140625,270.00000000001023,active,
1.0,221.034,221.311,1377.699951171875,521.0999755859375,277.00000000001523,active,
1.0,221.365,221.604,853.5,536.4000244140625,239.00000000000432,active,
1.0,221.625,221.779,815.2000122070312,545.5,153.99999999999636,active,
1.0,221.83,221.976,519.2000122070312,427.29998779296875,145.99999999998658,active,
1.0,222.012,222.39,437.1000061035156,575.0,377.9999999999859,active,
1.0,222.411,222.601,386.3999938964844,576.4000244140625,189.99999999999773,active,
1.0,222.642,222.96,153.60000610351562,582.4000244140625,318.00000000001205,active,
1.0,222.983,223.199,219.8000030517578,657.7000122070312,216.00000000000819,active,
1.0,223.242,223.644,579.2000122070312,668.2000122070312,402.00000000001523,active,
1.0,223.697,223.977,165.1999969482422,807.5,280.00000000000114,active,
1.0,223.997,224.397,119.5,816.2999877929688,399.99999999997726,active,
1.0,224.453,224.669,541.7000122070312,835.5,216.00000000000819,active,
1.0,224.692,224.908,456.6000061035156,833.7999877929688,215.99999999997976,active,
1.0,224.947,225.281,709.4000244140625,885.5,334.0000000000032,active,
1.0,225.297,225.504,766.0999755859375,915.5,206.99999999999363,active,
1.0,225.524,225.59,808.2999877929688,949.5,66.0000000000025,active,
1.0,225.755,226.003,1031.9000244140625,760.2000122070312,247.99999999999045,active,
1.0,226.019,226.313,995.0,762.7999877929688,293.9999999999827,active,
1.0,226.353,226.59,1056.699951171875,538.0999755859375,236.99999999999477,active,
1.0,226.612,226.908,961.7999877929688,544.2000122070312,295.99999999999227,active,
1.0,226.948,227.196,1253.199951171875,538.7999877929688,247.99999999999045,active,
1.0,227.213,227.463,1208.0999755859375,536.5999755859375,250.0,active,
1.0,227.506,227.862,1403.4000244140625,752.5999755859375,355.99999999999454,active,
1.0,227.881,228.041,1315.0999755859375,755.4000244140625,159.9999999999966,active,
1.0,228.079,228.238,1210.199951171875,897.5,158.99999999999181,active,
1.0,228.258,228.474,1173.0,940.7999877929688,215.99999999997976,active,
1.0,228.491,228.819,1141.9000244140625,935.7000122070312,327.99999999997453,active,
1.0,228.845,229.004,1024.5,949.7000122070312,158.99999999999181,active,
1.0,229.018,229.327,1064.5,961.5999755859375,308.9999999999975,active,
1.0,229.382,229.691,1193.699951171875,550.2999877929688,308.9999999999975,active,
1.0,229.709,229.876,1132.5999755859375,558.9000244140625,167.0000000000016,active,
1.0,229.92,230.11,1471.0999755859375,581.7000122070312,190.00000000002615,active,
1.0,230.162,230.496,1434.5,889.0,334.0000000000032,active,
1.0,230.528,230.721,1234.0,916.5,193.00000000001205,active,
1.0,230.743,231.169,1303.9000244140625,963.4000244140625,426.00000000001614,active,
1.0,231.244,231.934,372.70001220703125,939.7000122070312,689.9999999999977,active,
1.0,232.109,232.282,524.4000244140625,692.4000244140625,173.00000000000182,active,
1.0,232.314,232.539,382.5,718.4000244140625,224.99999999999432,active,
1.0,232.558,232.992,325.1000061035156,683.7999877929688,433.9999999999975,active,
1.0,233.019,233.366,178.10000610351562,614.0999755859375,347.0000000000084,active,
1.0,233.417,233.804,625.7999877929688,568.5999755859375,387.00000000000045,active,
1.0,233.846,234.063,871.9000244140625,575.9000244140625,216.99999999998454,active,
1.0,234.086,234.343,776.2000122070312,569.7000122070312,256.9999999999766,active,
1.0,234.464,234.743,1091.0,567.0,278.99999999999636,active,
1.0,234.783,235.024,1326.9000244140625,536.2999877929688,241.00000000001387,active,
1.0,235.072,235.366,895.7999877929688,567.5999755859375,294.00000000001114,active,
1.0,235.425,235.769,1438.0,556.4000244140625,343.9999999999941,active,
1.0,235.834,236.132,843.7999877929688,557.2999877929688,298.0000000000018,active,
1.0,236.162,236.417,702.0999755859375,561.5999755859375,254.99999999999545,active,
1.0,236.462,236.933,1045.9000244140625,566.2999877929688,471.00000000000364,active,
1.0,236.977,237.278,709.7000122070312,609.7000122070312,300.9999999999877,active,
1.0,237.301,237.383,787.7000122070312,588.7999877929688,82.00000000002206,active,
1.0,237.602,237.7,740.0,594.2000122070312,97.99999999998477,active,
1.0,237.71,238.267,771.4000244140625,582.0999755859375,556.999999999988,active,
1.0,238.309,238.455,965.2000122070312,400.3999938964844,146.000000000015,active,
1.0,238.468,238.577,998.4000244140625,384.8999938964844,109.00000000000887,active,
1.0,238.613,238.873,756.7999877929688,540.4000244140625,259.9999999999909,active,
1.0,238.915,239.091,667.7999877929688,707.5999755859375,176.00000000001614,active,
1.0,239.147,239.387,161.0,722.0999755859375,240.0000000000091,active,
1.0,239.429,239.62,158.5,502.3999938964844,191.0000000000025,active,
1.0,239.634,240.029,140.60000610351562,473.0,395.00000000001023,active,
1.0,240.045,240.28,102.30000305175781,466.79998779296875,235.00000000001364,active,
1.0,240.297,240.474,157.89999389648438,473.70001220703125,176.9999999999925,active,
1.0,240.489,241.004,133.39999389648438,474.29998779296875,514.9999999999864,active,
1.0,241.235,241.471,782.9000244140625,615.2999877929688,235.99999999999,active,
1.0,241.513,241.673,933.4000244140625,431.70001220703125,159.9999999999966,active,
1.0,241.692,241.868,977.7999877929688,377.79998779296875,175.99999999998772,active,
1.0,241.903,242.361,805.5999755859375,547.0,457.9999999999984,active,
1.0,242.379,242.782,832.4000244140625,505.20001220703125,403.00000000002,active,
1.0,242.825,243.126,833.5,782.5999755859375,301.00000000001614,active,
1.0,243.164,243.437,1087.4000244140625,741.9000244140625,273.00000000002456,active,
1.0,243.479,243.748,1407.4000244140625,739.9000244140625,268.99999999997704,active,
1.0,243.786,243.961,1421.300048828125,503.20001220703125,175.00000000001137,active,
1.0,244.029,244.25,826.2000122070312,272.20001220703125,221.00000000000364,active,
1.0,244.38,244.627,424.1000061035156,242.39999389648438,247.0000000000141,active,
1.0,244.664,244.897,245.8000030517578,243.89999389648438,233.0000000000041,active,
1.0,244.948,245.213,598.0,434.0,264.99999999998636,active,
1.0,245.264,245.506,365.0,531.0999755859375,241.99999999999022,active,
1.0,245.555,245.665,237.1999969482422,732.0,109.99999999998522,active,
1.0,245.691,245.921,170.6999969482422,795.5999755859375,229.99999999998977,active,
1.0,246.145,246.286,360.3999938964844,698.9000244140625,140.99999999999113,active,
1.0,246.312,246.598,499.3999938964844,756.5,286.00000000000136,active,
1.0,246.625,246.809,319.5,752.5999755859375,183.9999999999975,active,
1.0,246.827,247.385,335.29998779296875,753.5999755859375,557.9999999999927,active,
1.0,247.413,247.695,520.4000244140625,772.0999755859375,281.99999999998226,active,
1.0,247.72,248.218,687.9000244140625,732.0,497.99999999999045,active,
1.0,248.243,248.484,579.7999877929688,687.5999755859375,241.00000000001387,active,
1.0,248.492,248.794,576.5999755859375,662.0,302.0000000000209,active,
1.0,248.838,249.032,673.4000244140625,378.20001220703125,194.00000000001683,active,
1.0,249.072,249.226,933.0,339.70001220703125,153.99999999999636,active,
1.0,249.238,249.489,971.4000244140625,357.3999938964844,251.00000000000477,active,
1.0,249.548,249.744,512.5,303.0,195.99999999999795,active,
1.0,249.899,250.176,473.1000061035156,375.1000061035156,276.9999999999868,active,
1.0,250.234,250.485,1102.199951171875,352.8999938964844,251.00000000000477,active,
1.0,250.512,250.661,980.9000244140625,368.20001220703125,149.0000000000009,active,
1.0,250.707,250.969,1336.699951171875,295.79998779296875,262.00000000000045,active,
1.0,251.014,251.235,1429.199951171875,516.0,221.00000000000364,active,
1.0,251.256,251.469,1513.5,526.9000244140625,212.99999999999386,active,
1.0,251.511,251.72,1474.5,748.7000122070312,209.00000000000318,active,
1.0,251.784,252.058,983.0999755859375,524.9000244140625,274.0000000000009,active,
1.0,252.195,252.429,698.9000244140625,577.5999755859375,234.00000000000887,active,
1.0,252.455,252.681,572.2000122070312,660.2000122070312,225.9999999999991,active,
1.0,252.738,252.965,949.0,369.1000061035156,227.00000000000387,active,
1.0,253.016,253.157,548.2999877929688,350.8999938964844,141.00000000001955,active,
1.0,253.201,253.632,443.1000061035156,501.29998779296875,431.0000000000116,active,
1.0,253.659,253.82,584.9000244140625,516.0999755859375,161.00000000000136,active,
1.0,254.021,254.662,779.4000244140625,584.2999877929688,641.0000000000196,active,
1.0,254.684,254.935,727.9000244140625,515.4000244140625,251.00000000000477,active,
1.0,254.963,255.114,614.7999877929688,603.0999755859375,151.00000000001046,active,
1.0,255.142,255.27,776.2000122070312,676.7000122070312,128.00000000001432,active,
1.0,255.312,255.613,509.3999938964844,580.9000244140625,300.9999999999877,active,
1.0,255.757,256.06,585.5999755859375,582.4000244140625,302.99999999999727,active,
1.0,256.078,256.4,524.2999877929688,588.0999755859375,322.00000000000273,active,
1.0,256.44,256.716,748.2000122070312,509.8999938964844,276.00000000001046,active,
1.0,256.725,256.992,727.2999877929688,519.9000244140625,266.9999999999959,active,
1.0,257.035,257.408,837.7000122070312,256.1000061035156,372.99999999999045,active,
1.0,257.433,258.002,715.5,241.6999969482422,569.0000000000168,active,
1.0,258.139,258.547,805.0999755859375,243.60000610351562,408.00000000001546,active,
1.0,258.567,258.956,893.2999877929688,241.10000610351562,389.00000000001,active,
1.0,258.976,259.23,956.7000122070312,239.0,254.0000000000191,active,
1.0,259.264,259.669,799.2999877929688,245.39999389648438,404.9999999999727,active,
1.0,259.689,260.218,866.7999877929688,247.0,528.9999999999964,active,
1.0,260.464,260.558,768.5999755859375,810.0999755859375,93.99999999999409,active,
1.0,260.577,261.019,782.5,781.7000122070312,442.0000000000073,active,
1.0,261.029,261.223,758.5999755859375,791.7000122070312,194.00000000001683,active,
1.0,261.256,261.551,581.9000244140625,804.2000122070312,295.0000000000159,active,
1.0,261.588,262.653,769.2999877929688,804.5,1064.9999999999977,active,
1.0,262.886,263.22,768.0,800.9000244140625,334.0000000000032,active,
1.0,263.256,263.491,593.2999877929688,810.2999877929688,235.00000000001364,active,
1.0,263.501,263.636,572.4000244140625,824.9000244140625,135.00000000004775,active,
1.0,263.681,263.957,319.0,654.5999755859375,276.00000000001046,active,
1.0,263.978,264.194,291.29998779296875,736.9000244140625,216.00000000000819,active,
1.0,264.207,264.424,326.0,753.0999755859375,216.99999999998454,active,
1.0,264.469,264.615,713.5,854.7000122070312,146.000000000015,active,
1.0,264.637,264.897,770.7000122070312,814.7000122070312,259.9999999999909,active,
1.0,264.931,265.098,930.5,781.7999877929688,167.00000000003,active,
1.0,265.254,265.438,1082.300048828125,733.5,183.99999999996908,active,
1.0,265.464,265.676,958.0999755859375,760.5,211.9999999999891,active,
1.0,265.699,266.245,1050.5999755859375,732.4000244140625,545.9999999999923,active,
1.0,266.286,266.535,1342.4000244140625,778.0999755859375,249.00000000002365,active,
1.0,266.558,266.712,1449.800048828125,817.9000244140625,153.99999999999636,active,
1.0,266.757,266.918,1097.199951171875,776.5999755859375,161.00000000000136,active,
1.0,267.137,267.344,738.2000122070312,684.0999755859375,206.99999999999363,active,
1.0,267.363,267.51,744.4000244140625,754.4000244140625,146.99999999999136,active,
1.0,267.522,267.776,777.0,772.5999755859375,254.0000000000191,active,
1.0,267.784,267.996,764.5,789.5999755859375,211.9999999999891,active,
1.0,268.041,268.337,747.5999755859375,527.7000122070312,295.99999999999227,active,
1.0,268.356,268.933,717.7000122070312,525.5,576.9999999999982,active,
1.0,269.112,269.342,723.0,387.20001220703125,229.99999999996135,active,
1.0,269.387,269.598,770.9000244140625,653.4000244140625,211.00000000001273,active,
1.0,269.621,269.852,759.7000122070312,536.4000244140625,230.99999999999454,active,
1.0,269.864,270.038,725.2999877929688,522.4000244140625,174.00000000003502,active,
1.0,270.081,270.48,586.4000244140625,711.4000244140625,399.0000000000009,active,
1.0,270.53,270.747,294.20001220703125,562.2999877929688,217.00000000004138,active,
1.0,270.771,271.051,186.3000030517578,566.7000122070312,279.9999999999727,active,
1.0,271.09,271.391,270.70001220703125,742.4000244140625,301.00000000004457,active,
1.0,271.406,271.576,314.70001220703125,762.0999755859375,170.00000000001592,active,
1.0,271.609,271.872,183.5,639.2999877929688,263.00000000003365,active,
1.0,271.89,272.105,212.5,571.7999877929688,215.00000000003183,active,
1.0,272.133,272.375,212.5,767.2999877929688,242.00000000001864,active,
1.0,272.416,272.554,509.29998779296875,792.7000122070312,137.9999999999768,active,
1.0,272.798,272.936,1280.4000244140625,771.7000122070312,137.9999999999768,active,
1.0,272.989,273.184,1202.699951171875,432.79998779296875,195.00000000005002,active,
1.0,273.225,273.44,1462.0,420.1000061035156,214.999999999975,active,
1.0,273.498,273.62,831.2000122070312,375.70001220703125,122.0000000000141,active,
1.0,273.647,273.996,746.0999755859375,505.29998779296875,348.99999999998954,active,
1.0,274.048,274.277,470.8999938964844,585.5999755859375,228.999999999985,active,
1.0,274.304,274.493,634.4000244140625,583.5,189.00000000002137,active,
1.0,274.516,274.777,579.7000122070312,592.4000244140625,260.99999999996726,active,
1.0,274.963,275.007,639.7000122070312,598.5,43.99999999998272,active,
1.0,275.036,275.889,790.0999755859375,585.4000244140625,853.0000000000086,active,
1.0,275.935,276.101,444.20001220703125,551.7000122070312,165.99999999999682,active,
1.0,276.149,276.413,859.5,409.8999938964844,264.00000000001,active,
1.0,276.449,276.687,677.0999755859375,478.3999938964844,237.99999999999955,active,
1.0,276.733,276.995,1064.4000244140625,396.3999938964844,262.00000000000045,active,
1.0,277.033,277.328,1288.0999755859375,382.3999938964844,294.9999999999591,active,
1.0,277.367,277.606,1467.0,447.79998779296875,238.9999999999759,active,
1.0,277.681,277.919,539.9000244140625,462.6000061035156,237.99999999999955,active,
1.0,277.942,278.246,506.5,534.7999877929688,303.9999999999736,active,
1.0,278.281,278.454,364.8999938964844,456.20001220703125,173.00000000000182,active,
1.0,278.489,278.805,131.89999389648438,542.5,316.0000000000309,active,
1.0,278.845,279.048,375.6000061035156,473.29998779296875,202.99999999997453,active,
1.0,279.093,279.5,726.0,482.6000061035156,406.99999999998226,active,
1.0,279.523,279.689,609.5999755859375,462.70001220703125,165.99999999999682,active,
1.0,279.718,279.947,413.79998779296875,444.29998779296875,228.999999999985,active,
1.0,280.152,280.555,454.5,429.79998779296875,403.00000000002,active,
1.0,280.607,280.84,964.5,427.20001220703125,232.99999999994725,active,
1.0,280.89,281.176,696.4000244140625,660.9000244140625,286.00000000000136,active,
1.0,281.221,281.475,805.5999755859375,891.0999755859375,254.0000000000191,active,
1.0,281.518,281.764,1113.0999755859375,879.5999755859375,246.00000000003774,active,
1.0,281.796,282.095,911.7000122070312,864.2000122070312,299.000000000035,active,
1.0,282.124,282.325,761.5,765.0,200.99999999996498,active,
1.0,282.363,282.546,546.2000122070312,629.0999755859375,182.99999999999272,active,
1.0,282.62,282.914,1377.699951171875,970.5999755859375,293.9999999999827,active,
1.0,282.983,283.164,548.7000122070312,785.5999755859375,180.99999999998317,active,
1.0,283.197,283.384,352.3999938964844,782.7999877929688,187.00000000001182,active,
1.0,283.572,283.835,745.0999755859375,538.4000244140625,262.9999999999768,active,
1.0,283.854,283.954,690.2000122070312,492.0,100.00000000002274,active,
1.0,284.0,284.176,1020.2000122070312,385.20001220703125,175.99999999998772,active,
1.0,284.194,284.361,1077.4000244140625,373.79998779296875,166.99999999997317,active,
1.0,284.408,285.01,691.2999877929688,452.3999938964844,601.9999999999754,active,
1.0,285.04,285.189,845.9000244140625,363.79998779296875,149.0000000000009,active,
1.0,285.328,285.482,1010.9000244140625,533.2999877929688,154.0000000000532,active,
1.0,285.526,285.696,990.0999755859375,775.5999755859375,170.00000000001592,active,
1.0,285.723,286.104,834.4000244140625,869.0999755859375,380.9999999999718,active,
1.0,286.132,286.289,994.2000122070312,817.9000244140625,156.99999999998226,active,
1.0,286.337,286.755,1428.300048828125,905.2000122070312,418.00000000000637,active,
1.0,286.812,287.054,1397.699951171875,425.0,241.9999999999618,active,
1.0,287.074,287.179,1490.0,439.3999938964844,104.99999999996135,active,
1.0,287.231,287.383,951.0,391.6000061035156,151.9999999999868,active,
1.0,287.408,287.762,776.2999877929688,424.20001220703125,353.999999999985,active,
1.0,287.798,288.105,709.0,251.5,307.00000000001637,active,
1.0,288.164,288.42,1313.199951171875,302.20001220703125,256.00000000002865,active,
1.0,288.45,288.607,1444.0,460.3999938964844,157.0000000000391,active,
1.0,288.656,288.808,1034.199951171875,329.5,151.9999999999868,active,
1.0,288.824,289.082,1080.300048828125,345.20001220703125,257.99999999998136,active,
1.0,289.125,289.348,770.5999755859375,408.79998779296875,223.0000000000132,active,
1.0,289.412,289.624,312.1000061035156,401.5,212.00000000004593,active,
1.0,289.666,289.915,98.80000305175781,523.5999755859375,249.00000000002365,active,
1.0,289.95,290.208,213.10000610351562,612.7999877929688,258.0000000000382,active,
1.0,290.249,290.556,543.5999755859375,702.2000122070312,306.9999999999595,active,
1.0,290.769,291.016,842.5999755859375,521.2999877929688,247.0000000000141,active,
1.0,291.044,291.244,930.5,347.3999938964844,200.00000000004547,active,
1.0,291.282,291.456,717.7999877929688,413.3999938964844,174.00000000003502,active,
1.0,291.483,291.687,761.5999755859375,239.1999969482422,204.00000000000773,active,
1.0,291.724,291.95,597.2999877929688,383.0,225.9999999999991,active,
1.0,291.978,292.248,808.4000244140625,466.29998779296875,269.9999999999818,active,
1.0,292.272,292.666,729.4000244140625,466.0,394.00000000000546,active,
1.0,292.711,293.005,1078.699951171875,437.8999938964844,293.9999999999827,active,
1.0,293.021,293.23,1089.5999755859375,376.8999938964844,209.00000000000318,active,
1.0,293.244,293.302,1059.0,369.20001220703125,57.999999999992724,active,
1.0,293.351,293.8,693.5999755859375,463.0,449.0000000000123,active,
1.0,293.821,293.978,743.5999755859375,544.2000122070312,156.99999999998226,active,
1.0,293.985,294.088,762.5,559.2000122070312,103.00000000000864,active,
1.0,294.221,294.707,768.0,565.9000244140625,485.99999999999,active,
1.0,294.748,295.076,605.4000244140625,667.7000122070312,328.0000000000314,active,
1.0,295.098,295.28,661.2000122070312,720.0999755859375,181.99999999995953,active,
1.0,295.331,295.492,256.1000061035156,776.7000122070312,161.00000000000136,active,
1.0,295.51,295.783,255.60000610351562,841.5,273.00000000002456,active,
1.0,295.841,296.199,778.4000244140625,684.7999877929688,358.0000000000041,active,
1.0,296.384,296.564,1366.800048828125,684.7000122070312,180.00000000000682,active,
1.0,296.606,296.732,1360.0999755859375,469.6000061035156,126.0000000000332,active,
1.0,296.784,296.966,1436.300048828125,797.7000122070312,182.00000000001637,active,
1.0,297.017,297.377,1301.5999755859375,421.29998779296875,360.00000000001364,active,
1.0,297.423,297.49,1093.5,600.0999755859375,67.00000000000728,active,
1.0,297.526,297.726,1040.0999755859375,747.9000244140625,199.99999999998863,active,
1.0,297.775,298.114,658.7000122070312,679.0999755859375,338.99999999999864,active,
1.0,298.137,298.583,783.4000244140625,675.2999877929688,446.0000000000264,active,
1.0,298.627,298.991,1111.4000244140625,687.4000244140625,363.9999999999759,active,
1.0,299.157,299.568,637.7999877929688,688.5,411.00000000000136,active,
1.0,299.627,299.848,1133.4000244140625,779.5999755859375,221.00000000000364,active,
1.0,299.904,300.155,583.7000122070312,739.0999755859375,250.99999999997635,active,
1.0,300.182,300.497,451.3999938964844,693.4000244140625,314.9999999999977,active,
1.0,300.519,300.814,557.0999755859375,675.0999755859375,295.0000000000159,active,
1.0,300.854,301.094,571.5999755859375,850.0999755859375,240.0000000000091,active,
1.0,301.137,301.53,289.79998779296875,854.2999877929688,392.99999999997226,active,
1.0,301.575,301.609,508.29998779296875,784.0999755859375,33.999999999991815,active,
1.0,301.808,302.14,509.1000061035156,750.7999877929688,331.99999999999363,active,
1.0,302.175,302.535,735.5,744.2999877929688,360.00000000001364,active,
1.0,302.576,303.083,469.79998779296875,678.5,507.000000000005,active,
1.0,303.261,303.416,514.4000244140625,640.5999755859375,154.99999999997272,active,
1.0,303.466,303.807,155.5,641.5,341.0000000000082,active,
1.0,303.828,304.005,71.30000305175781,631.5999755859375,177.00000000002092,active,
1.0,304.074,304.27,701.2000122070312,653.0,195.99999999996953,active,
1.0,304.295,304.501,807.5,665.4000244140625,205.99999999996044,active,
1.0,304.718,305.284,1277.699951171875,641.9000244140625,565.9999999999741,active,
1.0,305.329,305.502,1239.0,389.3999938964844,173.00000000000182,active,
1.0,305.525,305.889,1340.4000244140625,378.5,364.00000000003274,active,
1.0,305.971,306.235,440.79998779296875,421.79998779296875,264.00000000001,active,
1.0,306.262,306.553,282.3999938964844,523.5,290.9999999999968,active,
1.0,306.722,307.115,506.1000061035156,641.7000122070312,393.0000000000291,active,
1.0,307.139,307.431,419.1000061035156,667.0999755859375,291.99999999997317,active,
1.0,307.471,307.721,118.5,647.4000244140625,250.0,active,
1.0,307.777,308.054,420.0,776.9000244140625,276.9999999999868,active,
1.0,308.107,308.275,761.0,821.7000122070312,167.99999999994952,active,
1.0,308.474,308.622,994.5,794.4000244140625,148.00000000002456,active,
1.0,308.644,308.946,1074.699951171875,783.2000122070312,302.0000000000209,active,
1.0,308.995,309.376,730.2999877929688,652.0,380.9999999999718,active,
1.0,309.435,309.913,1296.5999755859375,681.5,478.00000000000864,active,
1.0,309.923,310.127,1321.300048828125,665.2000122070312,204.00000000000773,active,
1.0,310.144,310.365,1274.0,649.2000122070312,221.00000000000364,active,
1.0,310.428,310.674,802.7999877929688,678.7999877929688,245.9999999999809,active,
1.0,310.716,311.157,459.5,674.2999877929688,440.9999999999741,active,
1.0,311.206,311.769,852.7000122070312,667.2000122070312,562.9999999999882,active,
1.0,311.787,311.911,794.5999755859375,637.7000122070312,124.00000000002365,active,
1.0,311.926,312.217,781.5,586.5999755859375,290.9999999999968,active,
1.0,312.356,312.816,775.7000122070312,578.5999755859375,459.99999999997954,active,
1.0,312.865,313.142,416.0,570.7000122070312,276.9999999999868,active,
1.0,313.201,313.53,1096.0999755859375,614.5,328.9999999999509,active,
1.0,313.567,313.759,1270.800048828125,493.8999938964844,192.00000000000728,active,
1.0,313.823,314.09,673.9000244140625,782.5,266.9999999999959,active,
1.0,314.142,314.317,249.0,688.4000244140625,175.00000000001137,active,
1.0,314.455,314.664,134.0,675.7000122070312,209.00000000000318,active,
1.0,314.698,314.879,199.0,524.2000122070312,181.00000000004002,active,
1.0,314.903,315.209,113.5999984741211,506.6000061035156,305.9999999999832,active,
1.0,315.218,315.438,139.6999969482422,496.1000061035156,219.99999999997044,active,
1.0,315.446,315.613,120.0999984741211,492.0,166.99999999997317,active,
1.0,315.632,315.914,54.099998474121094,493.5,281.99999999998226,active,
1.0,315.928,316.223,108.0999984741211,487.70001220703125,295.0000000000159,active,
1.0,316.233,316.808,90.30000305175781,487.5,574.9999999999886,active,
1.0,316.84,317.327,217.89999389648438,497.1000061035156,487.0000000000232,active,
1.0,317.351,317.766,109.4000015258789,506.3999938964844,415.00000000002046,active,
1.0,317.78,318.018,71.0,505.79998779296875,237.99999999999955,active,
1.0,318.035,318.283,131.0,493.0,247.99999999999045,active,
1.0,318.359,318.661,1085.5,537.2999877929688,302.0000000000209,active,
1.0,318.686,318.869,1166.699951171875,608.0999755859375,183.00000000004957,active,
1.0,318.907,319.054,960.4000244140625,509.20001220703125,146.99999999999136,active,
1.0,319.064,319.282,938.5,513.5999755859375,217.9999999999609,active,
1.0,319.461,319.869,979.2999877929688,522.7000122070312,408.00000000001546,active,
1.0,319.891,320.185,1082.0999755859375,534.2000122070312,293.9999999999827,active,
1.0,320.253,320.491,391.1000061035156,678.0999755859375,237.99999999999955,active,
1.0,320.52,320.801,239.10000610351562,691.0,281.0000000000059,active,
1.0,320.84,321.055,172.3000030517578,542.0999755859375,215.00000000003183,active,
1.0,321.221,321.577,427.6000061035156,621.0,355.99999999999454,active,
1.0,321.626,321.903,136.10000610351562,542.2999877929688,277.00000000004366,active,
1.0,321.961,322.355,720.9000244140625,683.5999755859375,394.00000000000546,active,
1.0,322.404,322.674,365.79998779296875,632.7999877929688,269.9999999999818,active,
1.0,322.737,323.059,1031.9000244140625,879.9000244140625,322.00000000000273,active,
1.0,323.098,323.394,692.9000244140625,887.2999877929688,295.99999999999227,active,
1.0,323.584,323.975,725.7999877929688,851.2999877929688,391.00000000001955,active,
1.0,324.032,324.229,1205.199951171875,798.0999755859375,197.00000000000273,active,
1.0,324.273,324.556,1341.0,486.29998779296875,282.9999999999586,active,
1.0,324.574,324.853,1299.800048828125,541.5,278.99999999999636,active,
1.0,324.876,325.204,1198.0999755859375,576.7000122070312,328.0000000000314,active,
1.0,325.23,325.454,1381.300048828125,549.2999877929688,223.99999999998954,active,
1.0,325.618,325.817,1341.5,571.9000244140625,199.00000000001228,active,
1.0,325.856,326.075,1141.5999755859375,490.8999938964844,218.9999999999941,active,
1.0,326.131,326.331,658.5999755859375,454.3999938964844,200.00000000004547,active,
1.0,326.38,326.569,321.5,494.8999938964844,189.00000000002137,active,
1.0,326.589,326.951,391.5,502.70001220703125,362.0000000000232,active,
1.0,326.986,327.23,153.5,504.29998779296875,244.0000000000282,active,
1.0,327.246,327.477,115.19999694824219,489.20001220703125,230.99999999999454,active,
1.0,327.524,327.881,541.7000122070312,515.0,356.9999999999709,active,
1.0,327.91,328.098,747.5999755859375,555.5999755859375,187.99999999998818,active,
1.0,328.105,328.153,771.7000122070312,562.5999755859375,48.00000000000182,active,
1.0,328.338,328.942,782.2000122070312,571.0999755859375,603.999999999985,active,
1.0,328.986,329.277,499.0,616.5,290.9999999999968,active,
1.0,329.314,329.582,335.29998779296875,774.9000244140625,267.99999999997226,active,
1.0,329.817,330.147,582.0,456.29998779296875,329.9999999999841,active,
1.0,330.194,330.351,291.5,414.70001220703125,156.99999999998226,active,
1.0,330.425,330.542,951.7999877929688,490.79998779296875,116.9999999999618,active,
1.0,330.593,330.79,1228.4000244140625,466.20001220703125,197.00000000000273,active,
1.0,330.859,331.461,601.4000244140625,780.7999877929688,602.0000000000323,active,
1.0,331.503,331.748,583.2000122070312,627.7000122070312,245.00000000000455,active,
1.0,331.789,332.039,654.7000122070312,408.5,250.0,active,
1.0,332.09,332.33,251.0,385.8999938964844,240.0000000000091,active,
1.0,332.391,332.525,105.69999694824219,747.9000244140625,133.9999999999577,active,
1.0,332.56,332.776,252.5,881.9000244140625,216.00000000000819,active,
1.0,332.829,332.947,655.0999755859375,907.5,117.999999999995,active,
1.0,333.118,333.39,1038.300048828125,882.7999877929688,271.99999999999136,active,
1.0,333.413,333.698,1160.0,932.9000244140625,284.99999999996817,active,
1.0,333.752,333.967,1250.0,488.79998779296875,214.999999999975,active,
1.0,333.99,334.222,1148.5,486.70001220703125,231.9999999999709,active,
1.0,334.279,334.635,599.2999877929688,664.4000244140625,355.99999999999454,active,
1.0,334.658,334.771,537.0,665.9000244140625,112.99999999999955,active,
1.0,334.95,335.172,529.0999755859375,680.2999877929688,222.00000000003683,active,
1.0,335.218,335.443,394.20001220703125,485.8999938964844,224.9999999999659,active,
1.0,335.488,335.795,174.5,360.0,307.00000000001637,active,
1.0,335.838,336.0,468.5,355.70001220703125,161.99999999997772,active,
1.0,336.027,336.403,619.2999877929688,342.8999938964844,376.0000000000332,active,
1.0,336.417,336.568,589.9000244140625,342.0,151.00000000001046,active,
1.0,336.713,336.975,977.2999877929688,376.70001220703125,262.00000000000045,active,
1.0,337.015,337.232,1202.4000244140625,363.6000061035156,217.00000000004138,active,
1.0,337.27,337.647,1428.0999755859375,362.3999938964844,377.00000000000955,active,
1.0,337.668,337.832,1358.0999755859375,351.29998779296875,163.99999999998727,active,
1.0,337.984,338.18,1081.5,351.1000061035156,196.00000000002638,active,
1.0,338.245,338.419,427.6000061035156,317.29998779296875,173.99999999997817,active,
1.0,338.461,338.79,160.10000610351562,308.70001220703125,329.00000000000773,active,
1.0,338.927,339.098,194.5,444.20001220703125,170.99999999999227,active,
1.0,339.121,339.43,126.30000305175781,336.8999938964844,309.0000000000259,active,
1.0,339.47,339.832,424.79998779296875,364.79998779296875,361.99999999996635,active,
1.0,339.855,339.975,572.5999755859375,375.3999938964844,120.00000000000455,active,
1.0,340.116,340.289,462.0,417.29998779296875,173.00000000000182,active,
1.0,340.336,340.684,146.10000610351562,387.79998779296875,348.0000000000132,active,
1.0,340.695,341.077,139.60000610351562,376.8999938964844,382.000000000005,active,
1.0,341.092,341.361,101.9000015258789,362.20001220703125,269.00000000000546,active,
1.0,341.39,341.733,162.10000610351562,497.8999938964844,343.00000000001774,active,
1.0,341.756,342.01,273.0,444.79998779296875,254.0000000000191,active,
1.0,342.164,342.386,429.79998779296875,428.1000061035156,222.00000000003683,active,
1.0,342.415,342.658,569.4000244140625,390.3999938964844,242.999999999995,active,
1.0,342.699,342.938,824.5999755859375,534.2000122070312,238.9999999999759,active,
1.0,343.116,343.35,727.2000122070312,537.0,234.0000000000373,active,
1.0,343.407,343.853,226.39999389648438,661.0,446.0000000000264,active,
1.0,343.878,344.146,101.9000015258789,732.0,268.0000000000291,active,
1.0,344.414,344.765,248.60000610351562,527.0999755859375,350.9999999999991,active,
1.0,344.786,345.382,298.0,452.70001220703125,596.0000000000036,active,
1.0,345.404,345.636,374.0,383.79998779296875,232.00000000002774,active,
1.0,345.68,345.955,665.9000244140625,391.1000061035156,274.99999999997726,active,
1.0,345.985,346.238,891.7999877929688,368.8999938964844,252.9999999999859,active,
1.0,346.259,346.568,1014.2999877929688,360.8999938964844,308.9999999999691,active,
1.0,346.613,346.78,1283.0,378.3999938964844,166.99999999997317,active,
1.0,347.006,347.253,1387.9000244140625,419.79998779296875,247.0000000000141,active,
1.0,347.275,347.654,1500.4000244140625,437.79998779296875,379.0000000000191,active,
1.0,347.676,347.975,1411.0999755859375,458.3999938964844,299.000000000035,active,
1.0,347.992,348.183,1404.0,404.29998779296875,190.99999999997408,active,
1.0,348.236,348.508,1046.5,394.79998779296875,271.99999999999136,active,
1.0,348.534,348.748,1224.0,390.29998779296875,213.99999999999864,active,
1.0,348.783,349.088,1440.0999755859375,406.70001220703125,305.0000000000068,active,
1.0,349.138,349.481,993.5,434.0,343.00000000001774,active,
1.0,349.707,349.837,1297.199951171875,438.8999938964844,129.99999999999545,active,
1.0,349.863,350.007,1155.699951171875,456.8999938964844,144.00000000000546,active,
1.0,350.065,350.418,580.5999755859375,561.4000244140625,353.00000000000864,active,
1.0,350.466,350.694,239.1999969482422,607.4000244140625,228.00000000000864,active,
1.0,350.719,351.12,189.5,757.7000122070312,401.00000000001046,active,
1.0,351.176,351.642,311.70001220703125,502.79998779296875,466.0000000000082,active,
1.0,351.811,352.075,817.4000244140625,444.8999938964844,264.00000000001,active,
1.0,352.112,352.434,618.7999877929688,419.20001220703125,322.00000000000273,active,
1.0,352.461,352.728,527.7000122070312,413.20001220703125,266.9999999999959,active,
1.0,352.781,353.115,813.0999755859375,398.20001220703125,334.0000000000032,active,
1.0,353.279,353.5,657.7999877929688,371.29998779296875,221.00000000000364,active,
1.0,353.52,353.923,603.7999877929688,346.6000061035156,403.00000000002,active,
1.0,353.93,354.237,602.4000244140625,334.6000061035156,307.00000000001637,active,
1.0,354.276,354.421,842.2000122070312,358.0,144.9999999999818,active,
1.0,354.463,354.668,577.5999755859375,329.8999938964844,204.99999999998408,active,
1.0,354.702,354.962,616.7000122070312,486.79998779296875,259.9999999999909,active,
1.0,355.011,355.173,309.8999938964844,471.8999938964844,161.99999999997772,active,
1.0,355.229,355.763,858.2000122070312,449.3999938964844,533.9999999999918,active,
1.0,355.947,356.053,832.2000122070312,727.0999755859375,105.99999999999454,active,
1.0,356.101,356.313,399.20001220703125,736.0,211.9999999999891,active,
1.0,356.341,356.799,355.5,544.9000244140625,457.99999999997,active,
1.0,356.859,357.072,1013.7000122070312,553.9000244140625,213.00000000002228,active,
1.0,357.105,357.599,1204.5999755859375,547.0,493.99999999997135,active,
1.0,357.639,357.865,1458.4000244140625,549.2999877929688,225.9999999999991,active,
1.0,357.884,358.185,1390.300048828125,542.0999755859375,300.9999999999877,active,
1.0,358.25,358.61,639.7000122070312,606.0999755859375,360.00000000001364,active,
1.0,358.637,358.877,508.6000061035156,650.5999755859375,240.0000000000091,active,
1.0,358.903,359.129,509.20001220703125,478.0,225.9999999999991,active,
1.0,359.161,359.312,734.7000122070312,556.0999755859375,151.00000000001046,active,
1.0,359.48,359.605,785.5999755859375,578.7000122070312,125.0,active,
1.0,359.613,359.833,770.0999755859375,575.2000122070312,220.00000000002728,active,
1.0,359.856,360.074,772.0,452.79998779296875,218.00000000001774,active,
1.0,360.101,360.32,658.4000244140625,570.9000244140625,218.9999999999941,active,
1.0,360.498,360.714,803.2999877929688,640.4000244140625,216.00000000000819,active,
1.0,360.761,361.077,453.1000061035156,648.7000122070312,315.9999999999741,active,
1.0,361.119,361.51,777.5999755859375,664.7000122070312,390.9999999999627,active,
1.0,361.723,361.95,944.4000244140625,655.7999877929688,226.99999999997544,active,
1.0,361.975,362.317,845.4000244140625,673.2000122070312,341.99999999998454,active,
1.0,362.358,362.551,583.4000244140625,719.2000122070312,192.99999999998363,active,
1.0,362.56,362.824,575.5999755859375,742.7000122070312,264.00000000001,active,
1.0,362.838,362.951,533.2999877929688,745.7999877929688,112.99999999999955,active,
1.0,363.004,363.283,800.2000122070312,435.20001220703125,278.99999999999636,active,
1.0,363.32,363.561,601.9000244140625,522.5999755859375,240.99999999998545,active,
1.0,363.603,363.865,397.79998779296875,609.4000244140625,262.00000000000045,active,
1.0,364.049,364.251,1020.4000244140625,508.29998779296875,201.99999999999818,active,
1.0,364.292,364.582,1172.5999755859375,384.6000061035156,290.00000000002046,active,
1.0,364.634,365.053,720.9000244140625,336.79998779296875,418.9999999999827,active,
1.0,365.077,365.314,838.0999755859375,360.5,237.0000000000232,active,
1.0,365.36,365.733,496.5,461.5,372.99999999999045,active,
1.0,365.774,366.199,784.2000122070312,498.20001220703125,425.00000000001137,active,
1.0,366.261,366.393,356.1000061035156,784.2000122070312,131.99999999994816,active,
1.0,366.419,366.707,277.0,876.7000122070312,288.0000000000109,active,
1.0,366.782,367.048,1280.5,943.2000122070312,266.00000000001955,active,
1.0,367.077,367.404,1100.4000244140625,877.0,326.9999999999982,active,
1.0,367.415,367.546,1069.199951171875,856.9000244140625,130.9999999999718,active,
1.0,367.736,368.022,544.2000122070312,842.0,286.00000000000136,active,
1.0,368.079,368.388,696.7000122070312,434.20001220703125,308.9999999999691,active,
1.0,368.434,368.702,365.5,505.3999938964844,267.99999999997226,active,
1.0,368.748,368.956,760.0,523.0999755859375,208.00000000002683,active,
1.0,368.968,369.306,754.0,556.4000244140625,337.99999999996544,active,
1.0,369.489,369.807,748.7999877929688,578.5999755859375,318.0000000000405,active,
1.0,369.857,370.15,499.79998779296875,665.5,292.9999999999495,active,
1.0,370.195,370.471,897.0,700.7000122070312,276.00000000001046,active,
1.0,370.51,370.739,1131.0,626.0,228.999999999985,active,
1.0,370.803,370.912,437.70001220703125,663.5,108.99999999998045,active,
1.0,370.921,371.019,447.3999938964844,651.7999877929688,98.00000000001319,active,
1.0,371.098,371.164,689.9000244140625,720.5,65.99999999997408,active,
1.0,371.215,371.368,693.0,722.0999755859375,153.00000000002,active,
1.0,371.39,371.575,799.4000244140625,672.5999755859375,185.00000000000227,active,
1.0,371.627,371.851,356.3999938964844,624.4000244140625,223.99999999998954,active,
1.0,371.969,372.215,869.4000244140625,448.79998779296875,245.9999999999809,active,
1.0,372.253,372.57,661.2999877929688,616.7000122070312,317.0000000000073,active,
1.0,372.597,372.907,818.5999755859375,603.0,310.0000000000023,active,
1.0,372.968,373.339,340.0,608.2000122070312,370.9999999999809,active,
1.0,373.41,373.63,931.0999755859375,576.7999877929688,219.99999999997044,active,
1.0,373.694,373.881,475.70001220703125,611.7000122070312,186.99999999995498,active,
1.0,373.932,374.37,809.2000122070312,610.0,437.9999999999882,active,
1.0,374.392,374.692,782.0,702.0,300.00000000001137,active,
1.0,374.872,375.241,1197.5,615.4000244140625,368.99999999997135,active,
1.0,375.255,375.436,1163.0999755859375,599.2999877929688,180.99999999998317,active,
1.0,375.49,375.92,731.0999755859375,403.8999938964844,430.0000000000068,active,
1.0,375.973,376.06,1023.9000244140625,431.20001220703125,86.99999999998909,active,
1.0,376.103,376.559,839.2000122070312,629.0,456.0000000000173,active,
1.0,376.586,376.717,727.2000122070312,641.0,130.9999999999718,active,
1.0,376.765,377.295,325.1000061035156,606.0999755859375,530.0000000000296,active,
1.0,377.331,377.534,122.4000015258789,527.5,202.99999999997453,active,
1.0,377.552,377.829,105.5,505.79998779296875,276.9999999999868,active,
1.0,377.928,378.13,1177.5999755859375,573.0999755859375,201.99999999999818,active,
1.0,378.165,378.335,1411.699951171875,624.2000122070312,169.99999999995907,active,
1.0,378.396,378.581,1373.9000244140625,192.5,185.00000000000227,active,
1.0,378.601,379.115,1316.0999755859375,193.60000610351562,514.00000000001,active,
1.0,379.309,379.554,657.7000122070312,295.0,244.9999999999477,active,
1.0,379.616,379.949,1103.0,728.0,333.00000000002683,active,
1.0,379.971,380.233,1052.199951171875,785.5999755859375,262.00000000000045,active,
1.0,380.281,380.533,1456.199951171875,757.4000244140625,252.00000000000955,active,
1.0,380.557,380.69,1437.699951171875,627.7000122070312,132.99999999998136,active,
1.0,380.753,381.228,731.7000122070312,676.5,475.00000000002274,active,
1.0,381.428,381.703,865.5999755859375,563.7999877929688,274.99999999997726,active,
1.0,381.74,382.146,698.7000122070312,689.7000122070312,406.0000000000059,active,
1.0,382.169,382.489,804.0999755859375,680.0,319.9999999999932,active,
1.0,382.499,382.617,782.0999755859375,682.4000244140625,117.999999999995,active,
1.0,382.654,382.938,630.0999755859375,511.70001220703125,283.9999999999918,active,
1.0,382.979,383.179,396.79998779296875,463.3999938964844,199.99999999998863,active,
1.0,383.224,383.506,772.7999877929688,610.5999755859375,281.99999999998226,active,
1.0,383.533,383.711,707.2999877929688,470.29998779296875,177.99999999999727,active,
1.0,383.753,383.989,783.2000122070312,278.5,235.99999999999,active,
1.0,384.068,384.35,479.29998779296875,824.0999755859375,282.0000000000391,active,
1.0,384.408,384.546,950.7999877929688,792.4000244140625,137.9999999999768,active,
1.0,384.705,384.949,663.7000122070312,619.2000122070312,244.0000000000282,active,
1.0,384.973,385.209,771.0999755859375,592.4000244140625,235.99999999999,active,
1.0,385.398,385.888,754.5,562.7999877929688,489.99999999995225,active,
1.0,385.927,386.115,589.7000122070312,353.79998779296875,187.99999999998818,active,
1.0,386.131,386.465,607.0999755859375,305.79998779296875,334.0000000000032,active,
1.0,386.527,386.859,1103.699951171875,440.29998779296875,331.99999999999363,active,
1.0,386.908,387.02,1184.699951171875,730.2999877929688,111.99999999996635,active,
1.0,387.078,387.518,1291.0999755859375,253.3000030517578,439.9999999999977,active,
1.0,387.557,387.606,1155.0999755859375,406.29998779296875,48.99999999997817,active,
1.0,387.677,388.038,948.2999877929688,876.2999877929688,360.99999999999,active,
1.0,388.075,388.155,1129.0,818.2999877929688,79.99999999998408,active,
1.0,388.336,388.356,1094.4000244140625,838.5999755859375,19.99999999998181,active,
1.0,388.378,389.104,1090.699951171875,908.7000122070312,725.9999999999991,active,
1.0,389.114,389.2,1116.0,899.9000244140625,86.00000000001273,active,
1.0,389.433,389.551,1103.199951171875,912.7999877929688,117.999999999995,active,
1.0,389.598,389.771,846.7000122070312,844.7000122070312,173.00000000000182,active,
1.0,389.795,390.068,977.2999877929688,874.5999755859375,272.9999999999677,active,
1.0,390.135,390.35,627.0,356.8999938964844,215.00000000003183,active,
1.0,390.368,390.735,626.9000244140625,313.20001220703125,367.00000000001864,active,
1.0,390.754,391.122,681.7999877929688,296.20001220703125,367.999999999995,active,
1.0,391.145,391.176,604.5999755859375,312.0,31.00000000000591,active,
1.0,391.32,391.573,606.4000244140625,300.5,252.9999999999859,active,
1.0,391.601,391.884,492.79998779296875,220.10000610351562,283.00000000001546,active,
1.0,391.91,392.165,645.2000122070312,302.8999938964844,254.99999999999545,active,
1.0,392.182,392.92,619.9000244140625,297.6000061035156,737.9999999999995,active,
1.0,392.94,393.288,709.0,294.8999938964844,348.0000000000132,active,
1.0,393.416,393.682,621.2000122070312,296.29998779296875,266.00000000001955,active,
1.0,393.702,394.127,658.5999755859375,351.6000061035156,425.00000000001137,active,
1.0,394.145,394.255,623.9000244140625,306.5,110.00000000001364,active,
1.0,394.412,394.754,622.4000244140625,307.3999938964844,342.0000000000414,active,
1.0,394.784,395.226,494.6000061035156,296.5,442.0000000000073,active,
1.0,395.381,395.735,563.0999755859375,228.6999969482422,354.00000000004184,active,
1.0,395.758,396.177,509.8999938964844,297.1000061035156,419.00000000003956,active,
1.0,396.197,396.392,556.4000244140625,329.8999938964844,194.99999999999318,active,
1.0,396.417,396.677,610.9000244140625,393.79998779296875,260.00000000004775,active,
1.0,396.696,396.822,654.7999877929688,392.29998779296875,125.99999999997635,active,
1.0,396.85,397.058,645.2000122070312,249.10000610351562,207.99999999997,active,
1.0,397.076,397.2,655.9000244140625,196.0,123.9999999999668,active,
1.0,397.26,397.675,521.0,526.7000122070312,415.00000000002046,active,
1.0,397.7,397.982,641.0,679.0,282.0000000000391,active,
1.0,398.005,398.299,585.0,745.2999877929688,293.9999999999827,active,
1.0,398.323,398.552,621.7999877929688,814.0999755859375,229.00000000004184,active,
1.0,398.838,399.303,658.0,309.6000061035156,464.999999999975,active,
1.0,399.325,399.807,725.7999877929688,288.20001220703125,482.00000000002774,active,
1.0,399.83,399.983,638.0999755859375,292.29998779296875,153.00000000002,active,
1.0,400.186,400.487,655.5,299.20001220703125,301.00000000004457,active,
1.0,400.509,400.752,717.5,264.1000061035156,242.999999999995,active,
1.0,400.775,401.336,635.5999755859375,286.1000061035156,561.0000000000355,active,
1.0,401.365,401.561,500.5,330.79998779296875,195.99999999996953,active,
1.0,401.594,401.863,662.5,296.3999938964844,269.00000000000546,active,
1.0,402.039,402.238,588.2000122070312,321.70001220703125,199.00000000001228,active,
1.0,402.307,402.656,1168.5999755859375,414.20001220703125,348.99999999998954,active,
1.0,402.689,402.872,1337.0999755859375,416.1000061035156,182.99999999999272,active,
1.0,403.107,403.356,1258.4000244140625,386.1000061035156,248.9999999999668,active,
1.0,403.416,403.639,701.2999877929688,290.0,223.0000000000132,active,
1.0,403.662,404.049,640.2999877929688,290.3999938964844,387.00000000000045,active,
1.0,404.071,404.437,722.4000244140625,286.1000061035156,365.99999999998545,active,
1.0,404.604,404.718,687.9000244140625,283.1000061035156,114.00000000003274,active,
1.0,404.735,405.481,649.7999877929688,288.3999938964844,745.9999999999809,active,
1.0,405.505,405.802,673.9000244140625,359.3999938964844,297.00000000002547,active,
1.0,405.831,406.007,542.2000122070312,421.1000061035156,175.99999999998772,active,
1.0,406.166,406.647,575.5,405.3999938964844,480.99999999999454,active,
1.0,406.67,406.98,658.7999877929688,377.1000061035156,310.0000000000023,active,
1.0,407.018,407.38,569.9000244140625,486.8999938964844,362.0000000000232,active,
1.0,407.42,407.847,653.5999755859375,288.3999938964844,426.9999999999641,active,
1.0,407.869,408.424,736.5999755859375,274.8999938964844,554.99999999995,active,
1.0,408.451,408.478,632.4000244140625,273.3999938964844,26.999999999986812,active,
1.0,408.628,408.821,610.5,271.6000061035156,193.00000000004047,active,
1.0,408.84,409.151,581.0,195.39999389648438,311.00000000003547,active,
1.0,409.179,409.262,505.29998779296875,272.20001220703125,83.00000000002683,active,
1.0,409.324,409.49,1205.4000244140625,380.20001220703125,165.99999999999682,active,
1.0,409.655,409.863,1145.0,426.6000061035156,208.00000000002683,active,
1.0,409.925,410.388,1199.800048828125,854.5999755859375,462.99999999996544,active,
1.0,410.413,410.748,1233.300048828125,760.9000244140625,334.99999999997954,active,
1.0,410.794,411.345,1283.9000244140625,415.1000061035156,551.0000000000446,active,
1.0,411.361,411.531,1325.5,426.5,170.00000000001592,active,
1.0,411.552,411.824,1307.800048828125,339.70001220703125,271.99999999999136,active,
1.0,411.835,411.927,1338.0,357.3999938964844,92.00000000004138,active,
1.0,412.126,412.306,1302.800048828125,370.29998779296875,180.00000000000682,active,
1.0,412.325,412.522,1249.199951171875,371.0,197.00000000000273,active,
1.0,412.711,412.884,1130.199951171875,396.3999938964844,173.00000000000182,active,
1.0,412.949,413.131,1265.9000244140625,831.2999877929688,181.99999999995953,active,
1.0,413.155,413.361,1226.699951171875,914.4000244140625,206.00000000001728,active,
1.0,413.399,413.659,975.5999755859375,927.0999755859375,259.9999999999909,active,
1.0,413.706,413.993,657.2999877929688,788.5,286.9999999999777,active,
1.0,414.019,414.304,551.2000122070312,841.7999877929688,284.99999999996817,active,
1.0,414.323,414.425,612.0999755859375,871.5,102.00000000003229,active,
1.0,414.482,415.291,641.4000244140625,322.0,808.9999999999691,active,
1.0,415.343,415.546,770.5999755859375,639.5,202.99999999997453,active,
1.0,415.561,415.918,793.7000122070312,616.0,357.00000000002774,active,
1.0,416.056,416.446,805.7000122070312,548.7999877929688,390.0000000000432,active,
1.0,416.492,416.772,532.7000122070312,643.2000122070312,279.9999999999727,active,
1.0,416.811,417.04,650.4000244140625,443.0,229.00000000004184,active,
1.0,417.094,417.265,290.1000061035156,695.2999877929688,170.99999999999227,active,
1.0,417.327,417.536,829.4000244140625,529.0,209.00000000000318,active,
1.0,417.58,417.729,1100.9000244140625,606.5999755859375,149.0000000000009,active,
1.0,417.767,418.046,846.7000122070312,612.5999755859375,278.99999999999636,active,
1.0,418.065,418.208,805.2000122070312,605.4000244140625,143.0000000000291,active,
1.0,418.249,418.585,943.7000122070312,423.0,335.9999999999559,active,
1.0,418.629,418.691,1262.0,510.6000061035156,61.99999999995498,active,
1.0,418.742,418.908,829.7000122070312,356.0,165.99999999999682,active,
1.0,418.947,419.184,1006.7000122070312,381.70001220703125,237.0000000000232,active,
1.0,419.223,419.344,1259.9000244140625,406.79998779296875,120.9999999999809,active,
1.0,419.375,419.697,1026.699951171875,383.20001220703125,322.00000000000273,active,
1.0,419.706,419.885,1003.9000244140625,379.6000061035156,178.99999999997362,active,
1.0,419.933,420.137,635.2000122070312,379.29998779296875,204.00000000000773,active,
1.0,420.192,420.648,1248.5999755859375,438.6000061035156,456.0000000000173,active,
1.0,420.692,420.859,1040.800048828125,555.0,166.99999999997317,active,
1.0,420.886,421.193,868.5,594.0,306.9999999999595,active,
1.0,421.376,421.442,761.2999877929688,682.2000122070312,66.00000000003092,active,
1.0,421.495,421.755,333.0,778.5999755859375,259.9999999999909,active,
1.0,421.78,422.125,235.89999389648438,733.7999877929688,345.0000000000273,active,
1.0,422.134,422.274,226.60000610351562,707.0999755859375,139.99999999998636,active,
1.0,422.3,422.78,123.5999984741211,717.7000122070312,479.99999999996135,active,
1.0,422.816,422.993,219.10000610351562,958.2999877929688,177.00000000002092,active,
1.0,423.054,423.291,957.7999877929688,981.2000122070312,237.0000000000232,active,
1.0,423.336,423.462,1343.4000244140625,886.5999755859375,125.99999999997635,active,
1.0,423.509,423.834,1371.4000244140625,518.2999877929688,324.99999999998863,active,
1.0,423.854,424.183,1406.300048828125,572.5999755859375,329.00000000000773,active,
1.0,424.231,424.444,1002.0999755859375,653.4000244140625,213.00000000002228,active,
1.0,424.471,424.874,973.0,455.0,403.00000000002,active,
1.0,425.013,425.175,985.9000244140625,366.3999938964844,162.00000000003456,active,
1.0,425.226,425.567,568.9000244140625,372.79998779296875,341.0000000000082,active,
1.0,425.633,425.911,1267.800048828125,424.5,278.00000000002,active,
1.0,425.957,426.106,916.0999755859375,529.7999877929688,149.0000000000009,active,
1.0,426.172,426.453,266.6000061035156,557.5,280.99999999994907,active,
1.0,426.486,426.67,180.8000030517578,412.70001220703125,184.00000000002592,active,
1.0,426.715,426.865,470.79998779296875,419.20001220703125,150.0000000000341,active,
1.0,427.011,427.269,374.6000061035156,416.3999938964844,257.99999999998136,active,
1.0,427.313,427.768,735.9000244140625,406.0,454.9999999999841,active,
1.0,427.908,428.112,330.29998779296875,398.20001220703125,204.00000000000773,active,
1.0,428.154,428.396,253.89999389648438,623.9000244140625,242.00000000001864,active,
1.0,428.419,428.744,185.8000030517578,684.0,325.0000000000455,active,
1.0,428.911,429.161,113.0,636.7999877929688,250.0,active,
1.0,429.197,429.465,281.6000061035156,514.5999755859375,267.99999999997226,active,
1.0,429.519,429.788,505.20001220703125,729.2999877929688,269.00000000000546,active,
1.0,429.842,430.247,901.0999755859375,733.7000122070312,405.00000000002956,active,
1.0,430.282,430.624,776.0,607.9000244140625,342.0000000000414,active,
1.0,430.842,431.709,787.2000122070312,589.9000244140625,867.0000000000186,active,
1.0,431.73,432.117,875.7999877929688,561.7000122070312,387.00000000000045,active,
1.0,432.16,432.357,1131.300048828125,495.20001220703125,197.00000000000273,active,
1.0,432.51,432.73,1202.9000244140625,417.79998779296875,220.00000000002728,active,
1.0,432.764,433.081,1373.4000244140625,406.29998779296875,317.0000000000073,active,
1.0,433.106,433.237,1253.800048828125,388.79998779296875,131.00000000002865,active,
1.0,433.29,433.502,803.2000122070312,372.20001220703125,211.9999999999891,active,
1.0,433.536,433.664,608.2999877929688,362.6000061035156,127.9999999999859,active,
1.0,433.707,434.142,996.0999755859375,380.8999938964844,435.0000000000023,active,
1.0,434.152,434.383,1027.699951171875,372.0,230.99999999999454,active,
1.0,434.395,434.595,998.4000244140625,370.29998779296875,200.00000000004547,active,
1.0,434.635,434.968,777.4000244140625,416.79998779296875,333.00000000002683,active,
1.0,435.006,435.345,580.7000122070312,386.5,339.0000000000555,active,
1.0,435.386,435.589,856.5,415.3999938964844,202.99999999997453,active,
1.0,435.637,435.865,529.7000122070312,513.4000244140625,228.00000000000864,active,
1.0,435.981,436.144,350.79998779296875,588.9000244140625,163.0000000000109,active,
1.0,436.182,436.441,216.0,674.5999755859375,258.9999999999577,active,
1.0,436.451,436.702,217.5,708.7999877929688,250.99999999997635,active,
1.0,436.729,437.044,81.4000015258789,672.7000122070312,314.9999999999977,active,
1.0,437.064,437.414,108.4000015258789,601.0999755859375,349.9999999999659,active,
1.0,437.458,437.616,364.3999938964844,753.0999755859375,157.99999999995862,active,
1.0,437.648,437.856,240.6999969482422,848.9000244140625,207.99999999997,active,
1.0,437.899,438.178,531.7999877929688,930.4000244140625,278.99999999999636,active,
1.0,438.189,438.418,564.4000244140625,947.2999877929688,228.999999999985,active,
1.0,438.454,438.766,585.2999877929688,730.2999877929688,312.0000000000118,active,
1.0,438.835,438.927,1335.5999755859375,720.0,92.00000000004138,active,
1.0,438.96,439.065,1402.4000244140625,553.7000122070312,105.00000000001819,active,
1.0,439.088,439.363,1374.800048828125,452.29998779296875,274.99999999997726,active,
1.0,439.391,439.528,1228.300048828125,561.7999877929688,137.00000000000045,active,
1.0,439.574,439.888,878.9000244140625,639.2000122070312,313.99999999996453,active,
1.0,439.913,440.236,761.5,625.7999877929688,322.9999999999791,active,
1.0,440.289,440.424,1136.199951171875,479.6000061035156,134.9999999999909,active,
1.0,440.462,440.66,1362.800048828125,482.8999938964844,198.00000000003593,active,
1.0,440.686,441.306,1206.800048828125,434.8999938964844,620.0000000000045,active,
1.0,441.329,441.677,1334.4000244140625,420.70001220703125,348.0000000000132,active,
1.0,441.703,441.952,1463.300048828125,388.1000061035156,249.00000000002365,active,
1.0,441.979,442.349,1302.199951171875,404.70001220703125,370.00000000000455,active,
1.0,442.392,442.837,975.2999877929688,394.5,444.9999999999932,active,
1.0,442.861,443.022,867.7999877929688,413.3999938964844,161.00000000000136,active,
1.0,443.16,443.458,881.2999877929688,435.1000061035156,298.0000000000018,active,
1.0,443.483,443.843,824.2000122070312,532.2000122070312,360.00000000001364,active,
1.0,444.023,444.35,960.9000244140625,487.3999938964844,326.9999999999982,active,
1.0,444.373,444.636,961.2000122070312,404.3999938964844,263.00000000003365,active,
1.0,444.657,445.01,909.0,425.29998779296875,353.00000000000864,active,
1.0,445.059,445.435,667.2000122070312,393.5,375.99999999997635,active,
1.0,445.46,445.583,793.5999755859375,396.20001220703125,123.0000000000473,active,
1.0,445.726,446.081,867.7999877929688,385.70001220703125,355.0000000000182,active,
1.0,446.105,446.336,759.5,414.70001220703125,230.99999999999454,active,
1.0,446.361,446.623,910.2999877929688,464.20001220703125,262.00000000000045,active,
1.0,446.649,446.898,799.2000122070312,533.4000244140625,249.00000000002365,active,
1.0,446.936,447.037,897.5999755859375,435.8999938964844,100.99999999999909,active,
1.0,447.192,447.353,634.4000244140625,411.6000061035156,161.00000000000136,active,
1.0,447.389,447.635,422.20001220703125,478.79998779296875,245.9999999999809,active,
1.0,447.674,448.339,235.60000610351562,512.2999877929688,665.0000000000205,active,
1.0,448.38,448.708,525.7999877929688,565.2999877929688,328.0000000000314,active,
1.0,448.748,449.031,743.2000122070312,575.2999877929688,283.00000000001546,active,
1.0,449.073,449.394,516.0999755859375,645.9000244140625,321.0000000000264,active,
1.0,449.438,449.75,253.60000610351562,767.9000244140625,312.0000000000118,active,
1.0,449.766,450.118,211.39999389648438,726.0,351.99999999997544,active,
1.0,450.144,450.433,225.39999389648438,860.0999755859375,288.99999999998727,active,
1.0,450.637,450.878,645.5999755859375,934.2999877929688,240.99999999998545,active,
1.0,450.894,451.109,588.9000244140625,951.7000122070312,214.999999999975,active,
1.0,451.159,451.482,269.1000061035156,719.5999755859375,323.0000000000359,active,
1.0,451.505,452.301,210.89999389648438,698.0999755859375,795.9999999999923,active,
1.0,452.477,452.732,205.39999389648438,687.0,255.0000000000523,active,
1.0,452.753,453.103,125.80000305175781,626.5999755859375,350.00000000002274,active,
1.0,453.138,453.418,351.29998779296875,684.7999877929688,280.00000000002956,active,
1.0,453.443,453.83,252.1999969482422,699.9000244140625,387.00000000000045,active,
1.0,453.838,453.998,236.10000610351562,704.5999755859375,159.99999999996817,active,
1.0,454.16,454.186,269.6000061035156,630.9000244140625,25.999999999953616,active,
1.0,454.197,455.04,266.70001220703125,699.9000244140625,843.0000000000177,active,
1.0,455.066,455.389,386.20001220703125,583.4000244140625,323.0000000000359,active,
1.0,455.41,455.54,312.1000061035156,609.0999755859375,129.99999999999545,active,
1.0,455.726,455.95,363.3999938964844,647.9000244140625,223.99999999998954,active,
1.0,455.975,456.412,505.20001220703125,646.0,436.999999999955,active,
1.0,456.425,457.363,450.6000061035156,654.2999877929688,937.9999999999882,active,
1.0,457.375,457.906,416.0,659.9000244140625,531.0000000000059,active,
1.0,458.047,458.28,409.6000061035156,614.7999877929688,232.99999999994725,active,
1.0,458.345,458.825,1182.199951171875,592.4000244140625,479.99999999996135,active,
1.0,458.839,459.273,1234.300048828125,566.7000122070312,434.0000000000259,active,
1.0,459.299,459.683,1363.5,619.7000122070312,384.00000000001455,active,
1.0,459.705,460.102,1395.0999755859375,525.9000244140625,396.99999999999136,active,
1.0,460.142,460.523,1060.800048828125,548.4000244140625,381.00000000002865,active,
1.0,460.537,460.813,1015.5,536.5999755859375,276.00000000001046,active,
1.0,460.858,461.33,1371.5999755859375,544.2000122070312,471.99999999998,active,
1.0,461.383,461.622,903.4000244140625,561.5,239.00000000003274,active,
1.0,461.646,462.062,799.0,584.2999877929688,415.9999999999968,active,
1.0,462.199,462.387,836.4000244140625,600.7999877929688,187.99999999998818,active,
1.0,462.427,462.726,781.5,754.0,298.9999999999782,active,
1.0,462.764,463.016,833.5999755859375,894.2000122070312,252.00000000000955,active,
1.0,463.065,463.37,1249.5,939.5,305.0000000000068,active,
1.0,463.395,463.696,1089.199951171875,960.4000244140625,301.00000000004457,active,
1.0,463.855,464.174,1300.699951171875,923.4000244140625,318.99999999996,active,
1.0,464.421,464.717,650.4000244140625,575.7000122070312,295.99999999999227,active,
1.0,464.746,465.03,634.4000244140625,410.79998779296875,283.9999999999918,active,
1.0,465.076,465.303,296.3999938964844,374.6000061035156,226.99999999997544,active,
1.0,465.351,465.624,708.0999755859375,363.5,273.00000000002456,active,
1.0,465.641,465.894,651.5,380.8999938964844,252.9999999999859,active,
1.0,465.932,466.361,911.4000244140625,406.3999938964844,428.9999999999736,active,
1.0,466.511,466.732,996.5,393.20001220703125,221.00000000000364,active,
1.0,466.762,467.326,845.0999755859375,411.20001220703125,564.0000000000214,active,
1.0,467.362,467.619,673.7000122070312,388.8999938964844,257.000000000005,active,
1.0,467.642,468.283,596.7000122070312,358.8999938964844,641.0000000000196,active,
1.0,468.295,468.542,580.7000122070312,352.70001220703125,246.99999999995725,active,
1.0,468.694,468.874,685.2000122070312,366.1000061035156,180.00000000000682,active,
1.0,468.896,469.387,603.4000244140625,342.6000061035156,490.99999999998545,active,
1.0,469.437,469.781,1031.800048828125,376.0,343.9999999999941,active,
1.0,469.81,470.019,879.0,404.29998779296875,209.00000000000318,active,
1.0,470.137,470.343,1037.699951171875,374.1000061035156,206.00000000001728,active,
1.0,470.387,470.663,1375.300048828125,516.5,276.00000000001046,active,
1.0,470.872,470.935,1023.5999755859375,489.5,62.99999999998818,active,
1.0,470.965,471.395,883.7999877929688,414.6000061035156,430.0000000000068,active,
1.0,471.417,471.686,771.7000122070312,445.3999938964844,269.00000000000546,active,
1.0,471.726,472.099,552.0,420.29998779296875,372.99999999999045,active,
1.0,472.143,472.399,358.0,492.70001220703125,256.00000000002865,active,
1.0,472.435,472.675,185.60000610351562,681.5,240.0000000000091,active,
1.0,472.694,472.866,242.1999969482422,704.4000244140625,171.99999999996862,active,
1.0,472.935,473.109,1034.0,661.5999755859375,173.99999999997817,active,
1.0,473.158,473.321,708.2000122070312,424.29998779296875,163.0000000000109,active,
1.0,473.33,473.403,777.7999877929688,580.5999755859375,73.00000000003593,,
1.0,473.476,473.619,1479.699951171875,1160.4000244140625,143.0000000000291,,
1.0,473.643,474.065,1590.300048828125,1158.0999755859375,422.00000000002547,,
1.0,474.264,474.396,810.7000122070312,580.0,132.000000000005,active,
1.0,474.416,475.35,777.5,575.5,934.0000000000259,active,
1.0,475.362,475.52,746.2000122070312,543.0999755859375,157.99999999995862,active,
1.0,475.579,475.765,313.0,295.3999938964844,185.99999999997863,active,
1.0,475.786,476.209,259.6000061035156,202.8000030517578,423.0000000000018,active,
1.0,476.225,476.341,314.20001220703125,196.0,115.99999999998545,active,
1.0,476.395,476.642,605.2999877929688,576.4000244140625,247.0000000000141,active,
1.0,476.803,476.986,762.2000122070312,567.2999877929688,182.99999999999272,active,
1.0,476.999,477.173,731.5999755859375,555.9000244140625,173.99999999997817,active,
1.0,477.19,477.528,688.0999755859375,566.7000122070312,338.0000000000223,active,
1.0,477.568,477.757,959.2000122070312,523.0,189.00000000002137,active,
1.0,477.781,478.0,1101.0,488.5,218.9999999999941,active,
1.0,478.012,478.17,1110.4000244140625,455.5,158.00000000001546,active,
1.0,478.341,478.563,738.2000122070312,303.8999938964844,221.99999999998,active,
1.0,478.609,478.951,705.2000122070312,561.4000244140625,342.0000000000414,active,
1.0,478.967,479.152,679.7999877929688,559.2000122070312,185.00000000000227,active,
1.0,479.209,479.401,341.0,287.8999938964844,192.00000000000728,active,
1.0,479.42,479.799,302.20001220703125,205.5,378.99999999996226,active,
1.0,479.857,480.3,722.7000122070312,578.0,442.99999999998363,active,
1.0,480.312,480.423,687.7999877929688,582.0,110.99999999999,active,
1.0,480.578,480.958,1126.5,496.20001220703125,380.0000000000523,active,
1.0,481.011,481.247,844.2999877929688,220.60000610351562,235.99999999999,active,
1.0,481.264,481.868,802.9000244140625,180.5,603.999999999985,active,
1.0,481.926,482.164,325.79998779296875,198.0,237.99999999999955,active,
1.0,482.184,482.404,270.70001220703125,197.3000030517578,219.99999999997044,active,
1.0,482.513,482.857,353.29998779296875,195.39999389648438,344.00000000005093,active,
1.0,482.877,483.266,309.5,195.5,389.00000000001,active,
1.0,483.292,483.526,457.70001220703125,193.5,234.0000000000373,active,
1.0,483.575,483.887,886.0999755859375,253.3000030517578,312.0000000000118,active,
1.0,484.089,484.315,1176.5999755859375,535.7000122070312,225.9999999999991,active,
1.0,484.335,484.688,1137.5,483.70001220703125,353.00000000000864,active,
1.0,484.699,484.959,1113.699951171875,449.20001220703125,259.9999999999909,active,
1.0,485.004,485.223,751.0999755859375,546.9000244140625,218.9999999999941,active,
1.0,485.247,485.538,647.4000244140625,560.7000122070312,290.9999999999968,active,
1.0,485.561,485.898,773.0999755859375,543.5,337.00000000004593,active,
1.0,485.93,486.199,648.9000244140625,569.0,269.00000000000546,active,
1.0,486.221,486.717,720.4000244140625,563.5,495.9999999999809,active,
1.0,486.75,487.072,844.5999755859375,575.5999755859375,322.00000000000273,active,
1.0,487.111,487.558,664.7000122070312,620.2000122070312,447.00000000000273,active,
1.0,487.566,488.299,649.4000244140625,617.7999877929688,733.0000000000041,active,
1.0,488.351,488.521,1017.7999877929688,525.0,170.00000000001592,active,
1.0,488.545,488.783,1114.0999755859375,495.3999938964844,237.99999999999955,active,
1.0,488.992,489.263,771.7000122070312,206.3000030517578,270.99999999995816,active,
1.0,489.276,489.494,802.5,186.10000610351562,218.00000000001774,active,
1.0,489.552,489.751,698.2999877929688,445.20001220703125,198.99999999995543,active,
1.0,489.777,490.146,788.4000244140625,529.5999755859375,369.0000000000282,active,
1.0,490.314,490.71,704.9000244140625,561.0,395.99999999995816,active,
1.0,490.769,491.031,406.29998779296875,325.29998779296875,262.00000000000045,active,
1.0,491.057,491.28,357.6000061035156,205.60000610351562,222.99999999995634,active,
1.0,491.299,491.509,280.5,205.60000610351562,210.00000000003638,active,
1.0,491.567,491.856,735.5999755859375,570.7000122070312,288.99999999998727,active,
1.0,491.898,492.132,455.6000061035156,450.1000061035156,233.99999999998045,active,
1.0,492.169,492.357,346.29998779296875,244.8000030517578,188.00000000004502,active,
1.0,492.375,492.645,298.70001220703125,196.1999969482422,269.9999999999818,active,
1.0,492.867,493.245,746.9000244140625,519.2000122070312,377.9999999999859,active,
1.0,493.267,493.55,680.4000244140625,544.2000122070312,283.00000000001546,active,
1.0,493.575,494.055,806.9000244140625,525.2999877929688,480.0000000000182,active,
1.0,494.088,494.257,667.7999877929688,542.5,168.99999999998272,active,
1.0,494.443,494.726,745.2000122070312,537.7000122070312,283.00000000001546,active,
1.0,494.748,495.129,827.9000244140625,524.2999877929688,381.00000000002865,active,
1.0,495.152,495.365,892.7999877929688,566.2999877929688,213.00000000002228,active,
1.0,495.383,495.557,847.7000122070312,512.0,174.00000000003502,active,
1.0,495.581,495.912,729.0999755859375,531.5999755859375,330.99999999996044,active,
1.0,495.936,496.153,830.0999755859375,516.0,217.00000000004138,active,
1.0,496.165,496.407,807.5,510.8999938964844,241.9999999999618,active,
1.0,496.452,496.614,1144.800048828125,452.8999938964844,161.99999999997772,active,
1.0,496.623,496.783,1129.5,434.20001220703125,160.000000000025,active,
1.0,496.793,497.113,1101.0999755859375,437.0,319.9999999999932,active,
1.0,497.161,497.617,832.9000244140625,183.5,456.0000000000173,active,
1.0,497.629,498.03,812.2000122070312,152.89999389648438,400.9999999999536,active,
1.0,498.087,498.336,327.6000061035156,184.8000030517578,249.00000000002365,active,
1.0,498.356,498.427,273.5,198.5,71.00000000002638,active,
1.0,498.492,498.709,799.0,672.7000122070312,216.99999999998454,active,
1.0,498.765,498.97,1231.5,403.79998779296875,205.00000000004093,active,
1.0,499.023,499.16,748.0999755859375,498.3999938964844,137.00000000000045,active,
1.0,499.18,499.363,763.0999755859375,556.9000244140625,182.99999999999272,active,
1.0,499.37,499.474,782.0999755859375,566.2000122070312,103.999999999985,active,
1.0,499.678,499.804,768.9000244140625,591.0999755859375,125.99999999997635,active,
1.0,499.812,500.062,779.4000244140625,577.7999877929688,250.0,active,
1.0,500.094,500.406,753.2999877929688,390.79998779296875,312.0000000000118,active,
1.0,500.423,500.605,716.2000122070312,393.20001220703125,182.00000000001637,active,
1.0,500.65,501.072,557.5999755859375,671.5,422.00000000002547,active,
1.0,501.097,501.286,416.70001220703125,647.4000244140625,189.00000000002137,active,
1.0,501.324,501.605,612.0999755859375,808.5999755859375,281.0000000000059,active,
1.0,501.669,502.066,1323.800048828125,845.5,396.99999999999136,active,
1.0,502.233,502.417,1319.300048828125,340.0,183.99999999996908,active,
1.0,502.441,502.835,1457.9000244140625,276.6000061035156,394.00000000000546,active,
1.0,502.903,503.037,772.4000244140625,330.3999938964844,133.9999999999577,active,
1.0,503.056,503.199,755.7000122070312,372.3999938964844,143.0000000000291,active,
1.0,503.214,503.441,734.2000122070312,397.79998779296875,226.99999999997544,active,
1.0,503.495,503.779,309.79998779296875,543.5,283.9999999999918,active,
1.0,503.829,504.0,265.3999938964844,749.5,170.99999999999227,active,
1.0,504.047,504.206,167.6999969482422,853.5999755859375,158.99999999999181,active,
1.0,504.253,504.465,422.79998779296875,907.2000122070312,211.9999999999891,active,
1.0,504.639,504.795,801.7000122070312,365.8999938964844,156.0000000000059,active,
1.0,504.815,505.035,754.0999755859375,371.79998779296875,220.00000000002728,active,
1.0,505.092,505.428,262.70001220703125,474.5,336.00000000001273,active,
1.0,505.642,505.865,1368.5,802.2000122070312,223.0000000000132,active,
1.0,505.886,506.346,1304.5,832.7999877929688,459.99999999997954,active,
1.0,506.432,506.632,350.8999938964844,551.0999755859375,199.99999999998863,active,
1.0,506.656,506.978,231.5,502.0,322.00000000000273,active,
1.0,507.19,507.392,366.20001220703125,693.2999877929688,201.99999999999818,active,
1.0,507.419,507.69,527.7999877929688,669.7999877929688,271.000000000015,active,
1.0,507.857,507.947,737.7000122070312,486.6000061035156,89.99999999997499,active,
1.0,507.969,508.334,756.0999755859375,405.0,365.0000000000091,active,
1.0,508.36,508.527,712.7999877929688,556.0999755859375,166.99999999997317,active,
1.0,508.565,508.834,528.5,719.0999755859375,269.00000000000546,active,
1.0,508.885,509.191,267.29998779296875,547.9000244140625,305.9999999999832,active,
1.0,509.256,509.439,731.2000122070312,431.3999938964844,183.00000000004957,active,
1.0,509.458,510.385,768.4000244140625,377.3999938964844,926.9999999999641,active,
1.0,510.411,510.535,775.2999877929688,503.70001220703125,124.00000000002365,active,
1.0,510.709,511.124,803.0,576.5,415.00000000002046,active,
1.0,511.148,511.297,818.2999877929688,442.20001220703125,149.0000000000009,active,
1.0,511.332,511.508,596.2999877929688,537.0,175.99999999998772,active,
1.0,511.554,511.835,846.5,764.9000244140625,281.0000000000059,active,
1.0,511.876,512.188,1107.0,853.7999877929688,312.0000000000118,active,
1.0,512.246,512.54,1209.800048828125,407.79998779296875,293.9999999999827,active,
1.0,512.578,512.765,1321.9000244140625,545.4000244140625,187.00000000001182,active,
1.0,512.807,513.12,1384.4000244140625,839.2000122070312,312.9999999999882,active,
1.0,513.15,513.324,1185.5999755859375,932.4000244140625,173.99999999997817,active,
1.0,513.389,513.687,460.6000061035156,862.9000244140625,298.0000000000018,active,
1.0,513.727,514.094,291.8999938964844,749.9000244140625,367.0000000000755,active,
1.0,514.146,514.502,324.1000061035156,350.1000061035156,355.99999999999454,active,
1.0,514.525,514.695,246.1999969482422,419.5,170.00000000007276,active,
1.0,514.763,515.14,903.2999877929688,394.6000061035156,376.9999999999527,active,
1.0,515.165,515.358,954.2999877929688,278.6000061035156,192.99999999998363,active,
1.0,515.418,515.646,1224.0999755859375,687.0,227.9999999999518,active,
1.0,515.674,515.871,1379.5,715.2000122070312,197.00000000000273,active,
1.0,515.912,516.082,1287.0999755859375,888.0,169.99999999995907,active,
1.0,516.13,516.205,842.7000122070312,787.5999755859375,75.00000000004547,active,
1.0,516.372,516.581,840.2000122070312,775.5999755859375,209.00000000006003,active,
1.0,516.643,517.06,1314.5999755859375,941.7000122070312,416.9999999999163,active,
1.0,517.105,517.284,1123.0,793.2999877929688,178.99999999997362,active,
1.0,517.325,517.646,844.5,762.0,320.9999999999127,active,
1.0,517.685,517.924,808.4000244140625,538.7000122070312,239.00000000003274,active,
1.0,517.965,518.153,570.9000244140625,653.9000244140625,187.99999999998818,active,
1.0,518.211,518.439,592.7999877929688,947.0,227.9999999999518,active,
1.0,518.481,518.644,918.5999755859375,964.7999877929688,163.0000000000109,active,
1.0,518.7,518.927,408.70001220703125,857.7000122070312,226.99999999997544,active,
1.0,518.975,519.133,868.5999755859375,848.2999877929688,158.00000000001546,active,
1.0,519.178,519.887,623.0,570.5,708.9999999999463,active,
1.0,520.123,520.225,735.5999755859375,594.0999755859375,101.99999999997544,active,
1.0,520.239,520.837,778.9000244140625,571.2000122070312,597.9999999999563,active,
1.0,520.864,520.995,887.0999755859375,683.9000244140625,130.9999999999718,active,
1.0,521.014,521.199,947.2000122070312,685.0999755859375,184.99999999994543,active,
1.0,521.248,521.567,924.7000122070312,311.5,318.99999999996,active,
1.0,521.621,521.857,1411.300048828125,334.8999938964844,235.99999999999,active,
1.0,521.878,522.062,1500.9000244140625,327.6000061035156,183.99999999996908,active,
1.0,522.148,522.325,766.7999877929688,787.2000122070312,177.00000000002092,active,
1.0,522.348,522.688,743.4000244140625,780.9000244140625,340.00000000003183,active,
1.0,522.848,523.195,393.8999938964844,455.6000061035156,347.0000000000937,active,
1.0,523.238,523.485,177.60000610351562,396.20001220703125,246.99999999995725,active,
1.0,523.534,523.763,645.7999877929688,631.2999877929688,229.00000000004184,active,
1.0,523.812,524.049,941.7999877929688,702.7000122070312,236.99999999996635,active,
1.0,524.057,524.328,961.9000244140625,699.4000244140625,270.99999999995816,active,
1.0,524.367,524.513,715.7999877929688,781.2999877929688,146.00000000007185,active,
1.0,524.571,524.811,911.2999877929688,348.3999938964844,240.0000000000091,active,
1.0,524.845,525.086,740.0,259.70001220703125,240.99999999998545,active,
1.0,525.1,525.269,765.0,232.0,168.99999999998272,active,
1.0,525.332,525.57,1371.199951171875,296.6000061035156,238.0000000000564,active,
1.0,525.594,525.783,1447.5,387.79998779296875,188.99999999996453,active,
1.0,525.92,526.029,1417.5999755859375,443.3999938964844,109.00000000003729,active,
1.0,526.087,526.244,883.0999755859375,797.9000244140625,157.0000000000391,active,
1.0,526.268,526.684,959.0,717.5,415.99999999994,active,
1.0,526.724,526.891,689.2999877929688,747.0,166.99999999991633,active,
1.0,526.906,527.466,724.5999755859375,755.2999877929688,560.0000000000591,active,
1.0,527.508,527.772,432.70001220703125,796.2999877929688,264.00000000001,active,
1.0,527.819,528.154,511.5,523.0,335.0000000000364,active,
1.0,528.169,528.29,481.8999938964844,526.9000244140625,120.9999999999809,active,
1.0,528.393,528.638,315.29998779296875,388.79998779296875,245.00000000000455,active,
1.0,528.703,528.909,914.0,418.1000061035156,206.00000000001728,active,
1.0,528.929,529.033,925.4000244140625,354.0,104.00000000004184,active,
1.0,529.066,529.396,751.5,247.60000610351562,329.99999999992724,active,
1.0,529.415,529.625,776.5999755859375,167.5,210.00000000003638,active,
1.0,529.685,529.97,322.20001220703125,443.8999938964844,285.00000000008185,active,
1.0,529.997,530.144,457.3999938964844,506.8999938964844,147.0000000000482,active,
1.0,530.169,530.334,533.4000244140625,587.5,164.99999999996362,active,
1.0,530.516,530.817,583.0999755859375,620.0,301.00000000004457,active,
1.0,530.859,531.029,790.2000122070312,757.0,169.99999999995907,active,
1.0,531.047,531.238,747.9000244140625,764.5,191.00000000003092,active,
1.0,531.276,531.537,954.9000244140625,707.5999755859375,261.00000000008095,active,
1.0,531.543,531.745,968.9000244140625,699.2999877929688,201.99999999999818,active,
1.0,531.925,532.142,1371.0,472.3999938964844,217.00000000009823,active,
1.0,532.166,532.431,1257.5999755859375,460.1000061035156,264.99999999998636,active,
1.0,532.45,532.667,1306.300048828125,384.1000061035156,216.99999999998454,active,
1.0,532.726,532.931,857.7000122070312,329.1000061035156,205.00000000004093,active,
1.0,532.99,533.393,359.70001220703125,445.20001220703125,403.00000000002,active,
1.0,533.438,533.791,783.2999877929688,493.79998779296875,353.0000000000655,active,
1.0,533.817,534.036,740.2000122070312,362.1000061035156,218.99999999993724,active,
1.0,534.083,534.387,446.1000061035156,379.1000061035156,303.9999999999736,active,
1.0,534.541,534.676,465.5,502.5,134.9999999999909,active,
1.0,534.702,534.989,597.7000122070312,578.2000122070312,287.00000000003456,active,
1.0,535.017,535.334,487.1000061035156,419.79998779296875,316.9999999998936,active,
1.0,535.619,535.734,807.2999877929688,622.4000244140625,115.0000000000091,active,
1.0,535.746,535.899,787.4000244140625,596.2999877929688,153.00000000002,active,
1.0,535.917,536.24,780.5,583.2999877929688,322.9999999999791,active,
1.0,536.282,536.512,554.9000244140625,423.0,229.9999999999045,active,
1.0,536.551,536.804,781.2000122070312,568.2000122070312,252.99999999992906,active,
1.0,536.848,537.209,558.0999755859375,429.20001220703125,360.99999999999,active,
1.0,537.264,537.49,1104.300048828125,489.79998779296875,225.9999999999991,active,
1.0,537.521,537.692,1294.5999755859375,485.1000061035156,171.0000000000491,active,
1.0,537.74,537.919,1373.199951171875,806.5,178.99999999997362,active,
1.0,537.982,538.268,649.5,701.7000122070312,286.0000000000582,active,
1.0,538.315,538.554,569.5999755859375,456.29998779296875,238.99999999991905,active,
1.0,538.58,538.917,450.8999938964844,413.29998779296875,336.9999999999891,active,
1.0,538.981,539.128,1164.300048828125,453.70001220703125,147.0000000000482,active,
1.0,539.168,539.361,1298.5,341.20001220703125,192.99999999998363,active,
1.0,539.392,539.53,1467.4000244140625,337.0,137.99999999991996,active,
1.0,539.57,539.742,1212.4000244140625,426.6000061035156,171.99999999991178,active,
1.0,539.794,540.011,699.5999755859375,455.29998779296875,216.99999999998454,active,
1.0,540.031,540.196,664.0999755859375,383.6000061035156,165.0000000000773,active,
1.0,540.237,540.46,400.6000061035156,399.6000061035156,223.00000000007003,active,
1.0,540.486,540.704,271.5,334.0,217.9999999999609,active,
1.0,540.745,540.941,518.0,440.20001220703125,196.00000000002638,active,
1.0,540.99,541.291,385.8999938964844,762.7999877929688,301.00000000004457,active,
1.0,541.334,541.577,727.4000244140625,751.2999877929688,243.00000000005184,active,
1.0,541.628,541.804,1056.699951171875,449.29998779296875,175.99999999993088,active,
1.0,541.839,542.038,1290.800048828125,406.1000061035156,198.99999999995543,active,
1.0,542.167,542.81,757.9000244140625,474.8999938964844,642.9999999999154,active,
1.0,542.828,542.946,740.4000244140625,534.2999877929688,118.00000000005184,active,
1.0,542.963,543.652,770.2999877929688,558.4000244140625,689.0000000000782,active,
1.0,543.667,543.825,740.0999755859375,507.29998779296875,158.00000000001546,active,
1.0,543.86,544.021,872.5999755859375,586.5,160.99999999994452,active,
1.0,544.063,544.271,1221.199951171875,592.5999755859375,207.99999999997,active,
1.0,544.282,544.861,1184.699951171875,603.9000244140625,578.9999999999509,active,
1.0,544.926,545.098,445.5,617.2000122070312,171.99999999991178,active,
1.0,545.136,545.338,232.0,622.5,201.99999999999818,active,
1.0,545.348,545.481,215.8000030517578,632.4000244140625,133.0000000000382,active,
1.0,545.531,545.812,747.5,628.7999877929688,281.00000000006276,active,
1.0,545.837,545.946,618.5,638.7999877929688,109.00000000003729,active,
1.0,546.081,546.302,919.4000244140625,593.5999755859375,221.00000000000364,active,
1.0,546.344,546.559,1253.9000244140625,591.2999877929688,214.99999999991815,active,
1.0,546.576,546.889,1195.5,601.2000122070312,312.9999999999882,active,
1.0,546.918,547.169,1361.699951171875,456.1000061035156,250.99999999997635,active,
1.0,547.233,547.414,646.5999755859375,462.70001220703125,181.00000000004002,active,
1.0,547.469,547.718,169.6999969482422,574.2999877929688,248.99999999990996,active,
1.0,547.73,547.84,152.0,587.0999755859375,110.00000000001364,active,
1.0,547.894,548.115,601.9000244140625,613.0999755859375,221.00000000000364,active,
1.0,548.157,548.392,889.7999877929688,612.4000244140625,235.00000000001364,active,
1.0,548.44,548.575,956.7999877929688,895.0999755859375,134.9999999999909,active,
1.0,548.631,548.843,531.7999877929688,609.2000122070312,211.9999999999891,active,
1.0,548.888,549.063,221.3000030517578,608.0999755859375,174.99999999995453,active,
1.0,549.117,549.391,764.2999877929688,617.7000122070312,274.0000000000009,active,
1.0,549.442,549.772,1203.5,602.0999755859375,330.0000000000409,active,
1.0,549.837,550.246,477.29998779296875,608.5,408.9999999999918,active,
1.0,550.291,550.444,814.2999877929688,577.7000122070312,152.99999999990632,active,
1.0,550.462,550.718,771.0,571.4000244140625,255.9999999999718,active,
1.0,550.856,550.983,752.9000244140625,573.5999755859375,126.9999999999527,active,
1.0,550.99,551.356,778.4000244140625,572.5999755859375,365.99999999998545,active,
1.0,551.4,551.719,518.7999877929688,425.29998779296875,319.00000000007367,active,
1.0,551.745,552.041,450.20001220703125,320.5,296.0000000000491,active,
1.0,552.101,552.244,1038.800048828125,305.5,143.0000000000291,active,
1.0,552.29,552.461,1342.9000244140625,322.70001220703125,171.0000000000491,active,
1.0,552.499,552.778,1441.199951171875,258.6000061035156,278.99999999999636,active,
1.0,552.803,552.95,1293.5,236.39999389648438,147.0000000000482,active,
1.0,552.988,553.271,1038.0,252.8000030517578,282.9999999999018,active,
1.0,553.324,553.483,1392.5,304.20001220703125,158.99999999999181,active,
1.0,553.67,553.86,887.0,768.0,190.00000000005457,active,
1.0,553.903,554.298,629.7999877929688,594.4000244140625,394.9999999999818,active,
1.0,554.349,554.757,786.0,856.7000122070312,407.9999999999018,active,
1.0,554.806,555.065,568.0,611.2000122070312,259.00000000001455,active,
1.0,555.09,555.327,575.2999877929688,498.0,236.99999999996635,active,
1.0,555.371,555.669,305.70001220703125,390.3999938964844,298.0000000000018,active,
1.0,555.86,556.164,615.9000244140625,410.3999938964844,303.9999999999736,active,
1.0,556.191,556.424,572.4000244140625,322.20001220703125,232.99999999994725,active,
1.0,556.468,556.736,894.2999877929688,314.20001220703125,268.0000000000291,active,
1.0,556.786,557.151,588.7999877929688,442.20001220703125,365.0000000000091,active,
1.0,557.18,557.394,601.7999877929688,554.9000244140625,214.00000000005548,active,
1.0,557.531,557.717,972.9000244140625,471.5,186.00000000003547,active,
1.0,557.764,558.013,611.0999755859375,490.0,249.00000000002365,active,
1.0,558.045,558.232,475.70001220703125,504.79998779296875,187.00000000001182,active,
1.0,558.273,558.624,283.5,386.5,350.9999999999991,active,
1.0,558.668,558.901,649.5999755859375,356.20001220703125,232.99999999994725,active,
1.0,558.952,559.171,1032.300048828125,300.70001220703125,219.00000000005093,active,
1.0,559.216,559.455,1346.5,343.20001220703125,239.00000000003274,active,
1.0,559.61,559.854,1327.9000244140625,314.79998779296875,244.0000000000282,active,
1.0,559.908,560.136,838.9000244140625,301.0,227.9999999999518,active,
1.0,560.179,560.511,559.7000122070312,292.8999938964844,331.99999999999363,active,
1.0,560.689,560.958,1109.5,319.8999938964844,269.00000000000546,active,
1.0,560.991,561.217,1309.5999755859375,285.79998779296875,225.9999999999991,active,
1.0,561.27,561.516,818.0999755859375,299.20001220703125,245.9999999999809,active,
1.0,561.567,561.786,461.1000061035156,346.29998779296875,218.99999999993724,active,
1.0,561.929,562.246,321.29998779296875,403.8999938964844,317.0000000000073,active,
1.0,562.303,562.571,595.0,747.7000122070312,268.0000000000291,active,
1.0,562.609,562.819,364.3999938964844,791.7999877929688,209.9999999999227,active,
1.0,562.88,563.114,1096.199951171875,818.2999877929688,234.0000000000373,active,
1.0,563.157,563.267,851.4000244140625,756.2999877929688,110.00000000001364,active,
1.0,563.323,563.628,865.4000244140625,333.20001220703125,305.00000000006366,active,
1.0,563.671,563.895,1147.800048828125,297.6000061035156,223.9999999999327,active,
1.0,563.956,564.205,470.8999938964844,317.20001220703125,249.00000000002365,active,
1.0,564.249,564.44,773.2000122070312,514.4000244140625,191.00000000003092,active,
1.0,564.735,565.244,785.0,586.7000122070312,509.00000000001455,active,
1.0,565.296,565.541,1217.0,401.6000061035156,245.00000000000455,active,
1.0,565.602,565.902,581.7999877929688,540.9000244140625,300.0000000000682,active,
1.0,566.103,566.213,544.2999877929688,651.5999755859375,110.00000000001364,active,
1.0,566.283,566.486,1262.9000244140625,368.0,202.99999999997453,active,
1.0,566.506,566.684,1317.9000244140625,295.79998779296875,177.99999999999727,active,
1.0,566.883,567.193,501.1000061035156,626.0,309.99999999994543,active,
1.0,567.241,567.486,578.5999755859375,320.5,245.00000000000455,active,
1.0,567.511,567.782,680.7000122070312,191.89999389648438,271.00000000007185,active,
1.0,567.789,567.894,695.2999877929688,178.39999389648438,105.00000000001819,active,
1.0,568.079,568.353,509.79998779296875,611.7999877929688,274.0000000000009,active,
1.0,568.431,568.635,1181.0999755859375,538.9000244140625,203.9999999999509,active,
1.0,568.68,568.946,1344.9000244140625,337.8999938964844,266.0000000000764,active,
1.0,569.008,569.19,901.2000122070312,612.9000244140625,182.00000000001637,active,
1.0,569.234,569.527,567.4000244140625,627.0999755859375,293.00000000000637,active,
1.0,569.581,569.917,1049.300048828125,662.5999755859375,336.00000000001273,active,
1.0,569.96,570.235,1310.300048828125,692.2999877929688,274.99999999997726,active,
1.0,570.287,570.66,1337.300048828125,326.79998779296875,372.9999999999336,active,
1.0,570.809,571.101,448.1000061035156,382.70001220703125,292.00000000003,active,
1.0,571.154,571.403,308.3999938964844,705.2999877929688,249.00000000002365,active,
1.0,571.459,571.731,607.7000122070312,456.79998779296875,272.0000000000482,active,
1.0,571.78,572.089,577.0999755859375,207.6999969482422,309.00000000008276,active,
1.0,572.138,572.307,509.3999938964844,469.1000061035156,168.99999999998272,active,
1.0,572.352,572.51,561.9000244140625,690.7999877929688,158.00000000001546,active,
1.0,572.678,572.914,1340.699951171875,589.2999877929688,235.99999999999,active,
1.0,572.952,573.215,1386.800048828125,390.0,263.00000000003365,active,
1.0,573.293,573.527,588.7999877929688,708.2999877929688,234.0000000000373,active,
1.0,573.57,573.766,1049.9000244140625,760.2999877929688,195.9999999999127,active,
1.0,573.817,574.037,672.2000122070312,557.4000244140625,220.00000000002728,active,
1.0,574.072,574.748,517.4000244140625,493.1000061035156,676.0000000000446,active,
1.0,574.916,575.019,794.7999877929688,611.0,102.9999999999518,active,
1.0,575.029,575.441,775.7999877929688,587.7999877929688,412.00000000003456,active,
1.0,575.46,575.836,761.9000244140625,506.0,375.99999999997635,active,
1.0,575.886,576.152,423.70001220703125,493.70001220703125,266.0000000000764,active,
1.0,576.165,576.369,445.79998779296875,453.29998779296875,204.00000000006457,active,
1.0,576.379,576.629,486.3999938964844,449.20001220703125,250.0,active,
1.0,576.65,577.241,417.1000061035156,441.3999938964844,591.0000000000082,active,
1.0,577.28,577.621,208.10000610351562,424.5,341.0000000000082,active,
1.0,577.63,577.687,209.5,404.70001220703125,57.00000000001637,active,
1.0,577.718,580.119,98.9000015258789,341.3999938964844,2401.0000000000673,active,
1.0,580.138,581.124,101.30000305175781,321.29998779296875,985.99999999999,active,
1.0,581.131,582.217,98.5999984741211,319.0,1086.0000000000127,active,
1.0,582.224,582.718,88.30000305175781,324.79998779296875,493.9999999999145,active,
1.0,582.999,583.195,1186.0,518.0999755859375,196.00000000002638,active,
1.0,583.233,583.467,912.7000122070312,447.5,234.0000000000373,active,
1.0,583.51,583.714,591.5,452.6000061035156,204.00000000006457,active,
1.0,583.801,583.976,1096.9000244140625,528.5999755859375,174.99999999995453,active,
1.0,584.037,584.271,414.20001220703125,452.1000061035156,233.9999999999236,active,
1.0,584.281,584.503,446.5,444.6000061035156,222.00000000009368,active,
1.0,584.514,584.901,424.20001220703125,445.79998779296875,386.9999999999436,active,
1.0,584.918,585.23,388.20001220703125,466.20001220703125,312.0000000000118,active,
1.0,585.263,585.466,245.5,447.70001220703125,202.99999999997453,active,
1.0,585.48,585.656,238.60000610351562,410.20001220703125,175.99999999993088,active,
1.0,585.676,585.889,302.5,432.5,212.99999999996544,active,
1.0,585.94,586.145,808.0,541.0,204.99999999992724,active,
1.0,586.282,586.549,932.0999755859375,518.4000244140625,266.99999999993906,active,
1.0,586.589,586.911,1204.0999755859375,507.79998779296875,321.99999999988904,active,
1.0,586.95,587.181,1463.699951171875,502.3999938964844,230.99999999999454,active,
1.0,587.229,587.283,1069.5999755859375,638.5,53.999999999973625,active,
1.0,587.308,587.602,961.0,733.7999877929688,293.9999999999827,active,
1.0,587.66,588.073,459.3999938964844,528.5999755859375,413.0000000000109,active,
1.0,588.094,588.353,566.5,524.7000122070312,258.99999999990087,active,
1.0,588.372,588.573,529.0999755859375,498.8999938964844,201.00000000002183,active,
1.0,588.599,588.754,684.0,430.6000061035156,154.99999999997272,active,
1.0,588.793,588.958,963.5999755859375,426.29998779296875,164.99999999996362,active,
1.0,589.116,589.587,101.9000015258789,538.4000244140625,471.00000000000364,active,
1.0,589.629,589.889,489.6000061035156,665.0999755859375,259.9999999999909,active,
1.0,589.914,590.38,622.2000122070312,682.4000244140625,466.0000000000082,active,
1.0,590.403,590.517,708.0999755859375,667.7999877929688,114.00000000003274,active,
1.0,590.588,590.94,1310.4000244140625,534.7999877929688,352.00000000008913,active,
1.0,590.964,591.21,1196.0,521.7999877929688,245.9999999999809,active,
1.0,591.23,591.837,1136.4000244140625,489.0,606.9999999999709,active,
1.0,592.047,592.145,756.5999755859375,535.5999755859375,97.99999999995634,active,
1.0,592.152,592.826,771.7999877929688,542.2000122070312,673.9999999999782,active,
1.0,592.865,592.968,768.0999755859375,343.1000061035156,102.9999999999518,active,
1.0,592.991,594.306,807.7999877929688,307.8999938964844,1315.0000000000546,active,
1.0,594.364,594.668,1263.5999755859375,425.8999938964844,303.9999999999736,active,
1.0,594.693,594.962,1383.4000244140625,491.5,269.00000000000546,active,
1.0,594.986,595.309,1258.0,546.2999877929688,322.9999999999791,active,
1.0,595.333,595.668,1160.699951171875,633.5999755859375,335.0000000000364,active,
1.0,595.709,595.97,925.5999755859375,746.2000122070312,261.00000000008095,active,
1.0,596.009,596.062,1233.5999755859375,766.7000122070312,52.99999999999727,active,
1.0,596.086,596.31,1343.4000244140625,685.4000244140625,223.9999999999327,active,
1.0,596.335,596.418,1308.5999755859375,556.0999755859375,82.99999999996999,active,
1.0,596.578,596.682,1214.300048828125,571.7999877929688,104.00000000004184,active,
1.0,596.753,596.94,385.29998779296875,539.2000122070312,187.00000000001182,active,
1.0,596.96,597.054,432.70001220703125,573.7999877929688,93.99999999993724,active,
1.0,597.071,597.362,424.20001220703125,625.5,290.99999999994,active,
1.0,597.411,597.716,712.9000244140625,660.9000244140625,305.00000000006366,active,
1.0,597.752,597.988,446.6000061035156,752.2999877929688,236.00000000010368,active,
1.0,598.007,598.234,464.29998779296875,689.0,227.00000000008913,active,
1.0,598.269,598.571,454.79998779296875,530.5,302.0000000000209,active,
1.0,598.59,598.813,506.5,576.2000122070312,222.99999999995634,active,
1.0,598.85,599.003,436.1000061035156,432.5,153.00000000002,active,
1.0,599.073,599.258,509.29998779296875,833.7000122070312,185.00000000005912,active,
1.0,599.307,599.709,902.7000122070312,758.2000122070312,401.99999999992997,active,
1.0,599.754,599.933,748.4000244140625,543.0,178.99999999997362,active,
1.0,599.948,600.496,776.0999755859375,555.5,548.0000000000018,active,
1.0,600.552,600.92,797.4000244140625,567.2000122070312,367.99999999993815,active,
1.0,600.96,601.156,531.9000244140625,607.2999877929688,195.9999999999127,active,
1.0,601.304,601.552,1042.5999755859375,518.0999755859375,248.0000000000473,active,
1.0,601.585,602.052,788.4000244140625,514.7000122070312,466.99999999998454,active,
1.0,602.085,602.365,675.0999755859375,546.0999755859375,279.9999999999727,active,
1.0,602.403,602.737,459.20001220703125,562.2999877929688,333.99999999994634,active,
1.0,602.777,602.891,231.1999969482422,673.4000244140625,113.99999999991905,active,
1.0,602.918,603.228,166.89999389648438,760.7000122070312,309.99999999994543,active,
1.0,603.26,603.539,377.0,728.5,278.99999999999636,active,
1.0,603.596,603.877,939.7000122070312,694.0,280.99999999994907,active,
1.0,603.915,604.091,1076.800048828125,538.2000122070312,176.00000000004457,active,
1.0,604.127,604.477,839.0999755859375,506.0,350.00000000002274,active,
1.0,604.525,604.815,1195.4000244140625,606.5,290.0000000000773,active,
1.0,604.857,605.128,923.4000244140625,505.8999938964844,271.00000000007185,active,
1.0,605.152,605.299,798.0,501.70001220703125,146.99999999993452,active,
1.0,605.353,605.776,1230.4000244140625,496.5,423.0000000000018,active,
1.0,605.808,605.957,1054.699951171875,450.3999938964844,149.0000000000009,active,
1.0,605.995,606.267,785.0,496.6000061035156,272.0000000000482,active,
1.0,606.427,606.711,670.2999877929688,503.29998779296875,283.9999999999918,active,
1.0,606.769,606.94,1163.300048828125,617.7000122070312,171.0000000000491,active,
1.0,606.993,607.283,1290.199951171875,944.9000244140625,289.9999999999636,active,
1.0,607.305,607.564,1380.800048828125,960.2999877929688,259.00000000001455,active,
1.0,607.629,607.878,795.0,568.7000122070312,249.00000000002365,active,
1.0,607.921,607.972,518.9000244140625,557.7000122070312,50.99999999993088,active,
1.0,608.21,608.461,1225.4000244140625,916.2000122070312,250.99999999997635,active,
1.0,608.521,609.153,737.7000122070312,539.2000122070312,632.0000000000618,active,
1.0,609.178,609.562,871.5,518.0999755859375,384.00000000001455,active,
1.0,609.84,609.999,786.2999877929688,575.4000244140625,158.99999999999181,active,
1.0,610.008,610.425,774.5999755859375,573.7999877929688,416.9999999999163,active,
1.0,610.469,610.578,1114.699951171875,603.2000122070312,108.9999999999236,active,
1.0,610.604,610.881,1251.4000244140625,632.4000244140625,276.99999999992997,active,
1.0,610.917,611.132,1011.7000122070312,766.2999877929688,214.99999999991815,active,
1.0,611.154,611.287,947.7000122070312,772.4000244140625,133.0000000000382,active,
1.0,611.341,611.5,645.0999755859375,378.1000061035156,158.99999999999181,active,
1.0,611.542,611.836,365.3999938964844,447.70001220703125,293.9999999999827,active,
1.0,611.882,612.09,76.0,373.70001220703125,208.00000000008367,active,
1.0,612.136,612.266,344.6000061035156,386.5,129.99999999999545,active,
1.0,612.278,612.47,378.1000061035156,419.20001220703125,192.00000000000728,active,
1.0,612.6,612.934,1466.5,430.3999938964844,333.99999999994634,active,
1.0,612.953,612.979,1423.9000244140625,489.8999938964844,26.000000000067303,active,
1.0,612.997,613.144,1441.699951171875,556.2000122070312,147.0000000000482,active,
1.0,613.165,613.518,1467.699951171875,626.4000244140625,353.0000000000655,active,
1.0,613.578,613.726,785.0,669.7000122070312,148.00000000002456,active,
1.0,613.751,613.917,666.0,654.5,166.00000000005366,active,
1.0,613.925,614.137,646.0,659.2000122070312,211.9999999999891,active,
1.0,614.31,614.725,818.7999877929688,364.6000061035156,415.0000000000773,active,
1.0,614.773,615.088,956.5999755859375,646.5,314.9999999999409,active,
1.0,615.116,615.303,1048.300048828125,757.0,187.00000000001182,active,
1.0,615.327,615.69,947.5,759.0,363.0000000000564,active,
1.0,615.882,616.067,1116.0999755859375,776.5999755859375,185.00000000005912,active,
1.0,616.1,616.477,944.0999755859375,766.7000122070312,376.9999999999527,active,
1.0,616.514,616.874,1168.5,770.4000244140625,360.00000000001364,active,
1.0,616.893,617.198,1090.4000244140625,766.7000122070312,304.99999999995,active,
1.0,617.384,617.493,1256.300048828125,613.2999877929688,109.00000000003729,active,
1.0,617.501,617.768,1239.300048828125,626.7000122070312,267.00000000005275,active,
1.0,617.825,618.01,668.2999877929688,644.7000122070312,184.99999999994543,active,
1.0,618.018,618.156,647.2999877929688,648.0,137.99999999991996,active,
1.0,618.209,618.403,1257.199951171875,667.7999877929688,194.00000000007367,active,
1.0,618.413,618.834,1237.5999755859375,646.5,420.9999999999354,active,
1.0,618.883,619.126,915.9000244140625,639.9000244140625,242.99999999993815,active,
1.0,619.167,619.388,650.2000122070312,622.0999755859375,221.00000000000364,active,
1.0,619.575,619.769,916.5,588.7000122070312,193.99999999995998,active,
1.0,619.815,620.033,816.9000244140625,307.1000061035156,217.9999999999609,active,
1.0,620.093,620.252,458.0,482.8999938964844,158.99999999999181,active,
1.0,620.272,620.449,383.0,451.6000061035156,176.99999999990723,active,
1.0,620.5,620.729,70.0999984741211,681.7000122070312,229.00000000004184,active,
1.0,620.74,620.932,114.4000015258789,666.0999755859375,192.00000000000728,active,
1.0,621.0,621.206,709.5999755859375,681.0999755859375,206.00000000001728,active,
1.0,621.381,621.471,594.5999755859375,625.5,90.00000000003183,active,
1.0,621.488,621.874,643.7000122070312,632.0999755859375,385.99999999996726,active,
1.0,621.918,622.298,622.2999877929688,842.5,379.99999999999545,active,
1.0,622.336,622.592,402.3999938964844,872.0999755859375,255.9999999999718,active,
1.0,622.617,622.838,271.0,933.7000122070312,221.00000000000364,active,
1.0,622.881,623.127,645.0,939.7000122070312,245.9999999999809,active,
1.0,623.148,623.321,576.0999755859375,904.4000244140625,173.00000000000182,active,
1.0,623.365,623.577,827.5,732.0999755859375,211.9999999999891,active,
1.0,623.617,623.825,935.5,598.7999877929688,208.00000000008367,active,
1.0,623.844,624.177,998.0,623.0999755859375,332.99999999997,active,
1.0,624.227,624.433,1428.9000244140625,594.0,206.00000000001728,active,
1.0,624.45,624.65,1475.699951171875,604.4000244140625,199.9999999999318,active,
1.0,624.697,624.829,1379.199951171875,298.20001220703125,131.99999999994816,active,
1.0,624.896,625.046,738.4000244140625,435.29998779296875,150.00000000009095,active,
1.0,625.074,625.466,615.5,547.7000122070312,392.00000000005275,active,
1.0,625.508,625.819,774.2000122070312,560.5,310.9999999999218,,
1.0,625.972,626.415,770.7999877929688,552.0999755859375,442.99999999998363,,
1.0,626.424,626.759,747.7999877929688,549.7000122070312,335.0000000000364,passive,
1.0,626.772,627.193,784.2000122070312,552.0,420.9999999999354,passive,
1.0,627.233,627.445,537.2999877929688,522.4000244140625,212.00000000010277,passive,
1.0,627.482,627.66,330.3999938964844,574.2999877929688,177.99999999999727,passive,
1.0,627.706,627.879,193.89999389648438,888.5,173.00000000000182,passive,
1.0,627.944,628.088,1002.2000122070312,966.2000122070312,144.00000000000546,passive,
1.0,628.147,628.448,685.4000244140625,451.20001220703125,300.9999999999309,passive,
1.0,628.622,628.793,627.7000122070312,483.6000061035156,171.0000000000491,passive,
1.0,628.833,629.067,386.0,542.7999877929688,234.0000000000373,passive,
1.0,629.11,629.368,725.2999877929688,498.0,258.0000000000382,passive,
1.0,629.408,629.593,472.29998779296875,497.29998779296875,184.99999999994543,passive,
1.0,629.663,629.827,1135.800048828125,753.5,163.99999999998727,passive,
1.0,630.043,630.152,1411.5999755859375,878.7000122070312,109.00000000003729,passive,
1.0,630.221,630.561,605.5,530.0,340.00000000003183,passive,
1.0,630.601,630.795,374.20001220703125,558.7999877929688,193.99999999995998,passive,
1.0,631.004,631.254,718.0999755859375,563.5999755859375,250.0,passive,
1.0,631.297,631.608,485.20001220703125,516.7999877929688,310.9999999999218,passive,
1.0,631.673,631.821,1105.800048828125,693.2000122070312,148.00000000002456,passive,
1.0,631.871,632.111,764.7000122070312,460.8999938964844,240.0000000000091,passive,
1.0,632.152,632.303,486.0,526.7999877929688,150.99999999995362,passive,
1.0,632.473,632.762,539.2000122070312,530.0999755859375,288.99999999998727,passive,
1.0,632.799,633.052,762.7999877929688,489.70001220703125,253.00000000004275,passive,
1.0,633.096,633.298,457.20001220703125,522.5999755859375,201.99999999999818,passive,
1.0,633.361,633.499,1038.4000244140625,634.0,138.00000000003365,passive,
1.0,633.653,634.051,549.7999877929688,508.70001220703125,398.00000000002456,passive,
1.0,634.085,634.406,394.0,536.5999755859375,320.9999999999127,passive,
1.0,634.452,634.781,755.0999755859375,506.1000061035156,328.9999999999509,passive,
1.0,634.822,635.126,487.6000061035156,532.7999877929688,303.9999999999736,passive,
1.0,635.175,635.316,826.4000244140625,552.2999877929688,141.0000000000764,passive,
1.0,635.472,635.69,458.1000061035156,542.2000122070312,218.00000000007458,passive,
1.0,635.73,636.057,747.2000122070312,529.7999877929688,326.9999999999982,passive,
1.0,636.104,636.424,1121.5999755859375,546.5,319.99999999993634,passive,
1.0,636.699,636.954,544.7000122070312,536.7999877929688,254.99999999999545,passive,
1.0,637.005,637.222,952.2999877929688,650.5,216.99999999998454,passive,
1.0,637.272,637.444,555.4000244140625,565.5999755859375,171.99999999991178,passive,
1.0,637.5,637.68,1090.0999755859375,807.4000244140625,179.99999999994998,passive,
1.0,637.734,638.053,601.7999877929688,558.7000122070312,318.99999999996,passive,
1.0,638.068,638.399,577.0999755859375,527.7999877929688,331.0000000000173,passive,
1.0,638.414,638.599,547.7000122070312,522.4000244140625,185.00000000005912,passive,
1.0,638.769,638.988,601.5999755859375,513.0999755859375,219.00000000005093,passive,
1.0,639.033,639.202,905.2999877929688,500.3999938964844,168.99999999998272,passive,
1.0,639.248,639.49,535.5,525.2000122070312,241.9999999999618,passive,
1.0,639.539,639.737,974.4000244140625,534.0999755859375,197.99999999997908,passive,
1.0,639.793,639.946,570.7000122070312,517.9000244140625,153.00000000002,passive,
1.0,640.006,640.279,1041.800048828125,454.8999938964844,273.00000000002456,passive,
1.0,640.299,640.436,1105.5,461.79998779296875,137.0000000000573,passive,
1.0,640.492,640.684,527.7999877929688,541.7000122070312,192.00000000000728,passive,
1.0,640.931,641.213,531.7999877929688,547.5999755859375,281.9999999999254,passive,
1.0,641.268,641.521,925.7000122070312,568.7999877929688,252.99999999992906,passive,
1.0,641.607,641.761,1478.300048828125,971.5,153.99999999999636,passive,
1.0,641.833,642.078,642.0999755859375,566.4000244140625,245.00000000000455,passive,
1.0,642.104,642.387,500.20001220703125,513.9000244140625,282.9999999999018,passive,
1.0,642.614,642.782,920.2999877929688,498.79998779296875,168.00000000000637,passive,
1.0,642.827,643.163,555.0,493.1000061035156,336.00000000001273,passive,
1.0,643.217,643.391,332.79998779296875,746.7000122070312,173.99999999997817,passive,
1.0,643.439,643.777,571.7999877929688,516.7000122070312,338.0000000000791,passive,
1.0,643.8,644.223,508.3999938964844,511.79998779296875,423.0000000000018,passive,
1.0,644.262,644.574,713.0999755859375,494.29998779296875,312.0000000000118,passive,
1.0,644.611,644.784,539.9000244140625,498.20001220703125,173.00000000000182,passive,
1.0,644.959,645.079,630.5999755859375,505.20001220703125,120.00000000000455,passive,
1.0,645.145,645.347,1126.699951171875,523.5999755859375,201.99999999999818,passive,
1.0,645.403,645.59,1344.4000244140625,878.5999755859375,187.00000000001182,passive,
1.0,645.656,645.905,632.0999755859375,577.4000244140625,249.00000000002365,passive,
1.0,645.927,646.127,535.5,515.0999755859375,199.9999999999318,passive,
1.0,646.338,646.502,1093.199951171875,544.5,163.99999999998727,passive,
1.0,646.579,646.774,1412.4000244140625,977.5999755859375,195.00000000005002,passive,
1.0,646.845,647.131,668.0,680.5999755859375,285.9999999999445,passive,
1.0,647.171,647.556,487.6000061035156,543.0,384.9999999999909,passive,
1.0,647.595,647.91,733.2000122070312,521.7999877929688,314.9999999999409,passive,
1.0,647.965,648.153,1190.5,555.2999877929688,187.99999999998818,passive,
1.0,648.202,648.354,1393.5,885.4000244140625,152.00000000004366,passive,
1.0,648.548,649.326,597.4000244140625,497.20001220703125,778.00000000002,passive,
1.0,649.345,649.527,548.9000244140625,504.5,182.00000000001637,passive,
1.0,649.594,649.94,1058.5999755859375,434.5,346.00000000000364,passive,
1.0,649.99,650.554,651.5999755859375,440.29998779296875,563.9999999999645,passive,
1.0,650.61,650.797,961.5999755859375,313.5,187.00000000001182,passive,
1.0,650.949,651.204,1158.199951171875,231.8000030517578,254.99999999999545,passive,
1.0,651.25,651.604,832.2999877929688,234.89999389648438,354.00000000004184,passive,
1.0,651.646,651.826,597.5999755859375,225.5,180.00000000006366,passive,
1.0,651.976,652.183,642.7000122070312,433.3999938964844,206.99999999999363,passive,
1.0,652.218,652.812,463.6000061035156,499.79998779296875,594.0000000000509,passive,
1.0,652.849,653.094,678.2000122070312,510.70001220703125,245.00000000000455,passive,
1.0,653.124,653.42,532.2999877929688,488.6000061035156,295.9999999999354,passive,
1.0,653.468,653.722,916.2999877929688,495.8999938964844,254.0000000000191,passive,
1.0,653.768,654.623,587.9000244140625,484.6000061035156,855.0000000000182,passive,
1.0,654.678,654.741,539.7000122070312,444.79998779296875,62.99999999998818,passive,
1.0,654.781,654.951,540.5999755859375,502.70001220703125,170.00000000007276,passive,
1.0,655.138,655.438,554.2000122070312,517.0,299.9999999999545,passive,
1.0,655.452,656.308,527.2000122070312,504.5,855.9999999999945,passive,
1.0,656.366,656.463,1073.5,590.7999877929688,96.99999999997999,passive,
1.0,656.514,656.806,1161.5999755859375,922.2000122070312,292.00000000003,passive,
1.0,656.851,657.042,803.0999755859375,888.0999755859375,191.00000000003092,passive,
1.0,657.089,657.5,436.3999938964844,841.0999755859375,410.9999999999445,passive,
1.0,657.547,657.689,796.5,635.5,141.99999999993906,passive,
1.0,657.702,657.972,770.5999755859375,588.0999755859375,269.9999999999818,passive,
1.0,658.121,658.388,766.5,550.7000122070312,267.00000000005275,passive,
1.0,658.412,658.551,668.5999755859375,596.0999755859375,139.00000000001,passive,
1.0,658.595,658.809,931.7000122070312,368.0,213.9999999999418,passive,
1.0,658.828,659.096,872.5,378.1000061035156,268.0000000000291,passive,
1.0,659.315,659.526,980.7999877929688,390.8999938964844,210.99999999989905,passive,
1.0,659.546,659.8,941.7000122070312,328.3999938964844,253.9999999999054,passive,
1.0,659.823,660.014,879.9000244140625,378.5,191.00000000003092,passive,
1.0,660.058,660.205,582.0999755859375,631.9000244140625,147.0000000000482,passive,
1.0,660.229,660.481,679.7999877929688,650.9000244140625,251.9999999999527,passive,
1.0,660.523,660.971,381.70001220703125,662.5,447.9999999999791,passive,
1.0,661.141,661.326,565.7999877929688,463.6000061035156,185.00000000005912,passive,
1.0,661.4,661.638,1308.9000244140625,484.20001220703125,238.0000000000564,passive,
1.0,661.667,661.906,1131.0999755859375,537.5,238.99999999991905,passive,
1.0,661.937,662.041,942.7999877929688,502.0,104.00000000004184,passive,
1.0,662.08,662.364,692.2999877929688,610.7000122070312,283.9999999999918,passive,
1.0,662.594,662.706,599.7999877929688,623.2000122070312,111.99999999996635,passive,
1.0,662.748,663.01,877.2000122070312,596.4000244140625,261.9999999999436,passive,
1.0,663.051,663.303,909.0,369.0,251.9999999999527,passive,
1.0,663.32,663.626,921.0999755859375,302.6000061035156,305.99999999992633,passive,
1.0,663.646,663.856,868.0,372.20001220703125,210.00000000003638,passive,
1.0,664.124,664.22,509.1000061035156,665.7000122070312,96.00000000000364,passive,
1.0,664.247,664.814,392.1000061035156,630.7999877929688,567.0000000000073,passive,
1.0,664.853,665.2,681.4000244140625,612.2999877929688,347.0000000000937,passive,
1.0,665.219,665.458,653.2000122070312,689.0,238.99999999991905,passive,
1.0,665.484,665.664,620.0999755859375,810.5,179.99999999994998,passive,
1.0,665.712,665.951,319.70001220703125,935.2999877929688,239.00000000003274,passive,
1.0,665.997,666.567,380.70001220703125,631.2000122070312,570.00000000005,passive,
1.0,666.586,666.749,369.70001220703125,687.2000122070312,163.0000000000109,passive,
1.0,666.787,667.372,661.0,672.5999755859375,584.9999999999227,passive,
1.0,667.398,667.574,780.7000122070312,579.4000244140625,175.99999999993088,passive,
1.0,667.582,667.832,758.9000244140625,569.0,250.0,passive,
1.0,667.989,668.562,752.7999877929688,552.4000244140625,572.9999999999791,passive,
1.0,668.602,668.879,533.0999755859375,624.9000244140625,277.00000000004366,passive,
1.0,668.928,669.155,1000.7000122070312,595.7999877929688,226.99999999997544,passive,
1.0,669.197,669.359,718.5999755859375,527.0,162.00000000003456,passive,
1.0,669.562,669.828,700.0,572.4000244140625,265.9999999999627,passive,
1.0,669.855,670.124,711.7999877929688,419.5,269.00000000000546,passive,
1.0,670.151,670.321,671.2000122070312,599.2999877929688,170.00000000007276,passive,
1.0,670.361,670.589,880.5999755859375,538.2000122070312,228.00000000006548,passive,
1.0,670.613,670.879,777.0999755859375,548.2999877929688,265.9999999999627,passive,
1.0,670.895,671.012,742.0,554.0,116.9999999999618,passive,
1.0,671.208,671.582,1060.4000244140625,550.7000122070312,374.00000000002365,passive,
1.0,671.589,671.772,1036.300048828125,538.5999755859375,182.99999999999272,passive,
1.0,671.823,672.138,737.0999755859375,324.5,315.00000000005457,passive,
1.0,672.157,672.333,721.5999755859375,252.60000610351562,175.99999999993088,passive,
1.0,672.384,672.63,733.7999877929688,506.29998779296875,245.9999999999809,passive,
1.0,672.648,672.887,722.7000122070312,556.5999755859375,238.99999999991905,passive,
1.0,672.94,673.273,1197.4000244140625,580.7999877929688,332.99999999997,passive,
1.0,673.293,673.577,1213.0999755859375,508.8999938964844,283.9999999999918,passive,
1.0,673.636,673.92,774.0,290.6000061035156,283.9999999999918,passive,
1.0,673.973,674.272,365.79998779296875,373.20001220703125,299.00000000009186,passive,
1.0,674.315,674.628,303.3999938964844,614.4000244140625,312.9999999999882,passive,
1.0,674.672,674.892,746.0999755859375,644.4000244140625,220.00000000002728,passive,
1.0,674.92,675.147,756.4000244140625,490.1000061035156,227.00000000008913,passive,
1.0,675.187,675.579,715.5,250.39999389648438,391.99999999993906,passive,
1.0,675.625,675.907,1070.5,392.5,282.0000000000391,passive,
1.0,675.948,676.277,1114.0999755859375,582.9000244140625,329.0000000000646,passive,
1.0,676.322,676.531,1158.300048828125,356.5,208.99999999994634,passive,
1.0,676.589,676.921,602.7000122070312,276.8999938964844,331.99999999999363,passive,
1.0,676.979,677.27,533.5999755859375,587.9000244140625,290.99999999994,passive,
1.0,677.298,677.682,718.0999755859375,599.2999877929688,384.00000000001455,passive,
1.0,677.724,677.968,784.2999877929688,323.5,243.9999999999145,passive,
1.0,677.992,678.24,691.9000244140625,271.79998779296875,248.0000000000473,passive,
1.0,678.27,678.428,718.0999755859375,463.5,158.00000000001546,passive,
1.0,678.449,678.692,761.5,533.0,243.00000000005184,passive,
1.0,678.715,678.985,736.9000244140625,605.5999755859375,269.9999999999818,passive,
1.0,679.028,679.626,1090.5999755859375,675.0,597.9999999999563,passive,
1.0,679.662,680.036,1224.0,407.70001220703125,373.99999999990996,passive,
1.0,680.081,680.285,910.5999755859375,369.3999938964844,203.9999999999509,passive,
1.0,680.34,680.527,460.5,375.6000061035156,187.00000000001182,passive,
1.0,680.569,680.819,707.0999755859375,264.0,250.0,passive,
1.0,680.873,681.212,274.29998779296875,368.0,338.9999999999418,passive,
1.0,681.239,681.496,200.0,531.9000244140625,256.99999999994816,passive,
1.0,681.51,681.707,185.6999969482422,566.2999877929688,197.00000000000273,passive,
1.0,681.758,681.961,700.7999877929688,579.7999877929688,202.99999999997453,passive,
1.0,682.108,682.514,774.7000122070312,449.70001220703125,406.00000000006276,passive,
1.0,682.568,682.934,1301.5999755859375,465.29998779296875,365.99999999998545,passive,
1.0,682.975,683.227,1126.0999755859375,290.0,251.9999999999527,passive,
1.0,683.355,683.657,1134.699951171875,315.8999938964844,302.0000000000209,passive,
1.0,683.682,684.063,1161.4000244140625,457.5,380.9999999999718,passive,
1.0,684.085,684.233,1118.699951171875,504.29998779296875,147.99999999991087,passive,
1.0,684.275,684.515,899.2000122070312,615.0999755859375,240.0000000000091,passive,
1.0,684.545,684.756,742.7999877929688,594.4000244140625,211.00000000001273,passive,
1.0,684.924,685.291,654.2000122070312,659.4000244140625,367.0000000000755,passive,
1.0,685.309,685.513,614.0,654.5999755859375,204.00000000006457,passive,
1.0,685.706,685.998,519.0,553.5999755859375,292.00000000003,passive,
1.0,686.038,686.491,800.5999755859375,549.0999755859375,452.99999999997453,passive,
1.0,686.732,686.992,731.5,416.6000061035156,259.9999999999909,passive,
1.0,687.024,687.261,754.4000244140625,553.2000122070312,236.99999999996635,passive,
1.0,687.289,687.555,830.0,711.4000244140625,265.9999999999627,passive,
1.0,687.763,687.984,827.0999755859375,512.4000244140625,221.00000000000364,passive,
1.0,688.019,688.215,821.7999877929688,371.6000061035156,196.00000000002638,passive,
1.0,688.258,688.448,691.2000122070312,517.4000244140625,189.99999999994088,passive,
1.0,688.467,689.048,748.9000244140625,529.7000122070312,581.0000000000173,passive,
1.0,689.216,689.524,841.7999877929688,532.7000122070312,307.9999999999927,passive,
1.0,689.558,689.772,781.7000122070312,380.8999938964844,214.00000000005548,passive,
1.0,689.814,690.042,594.7999877929688,539.7000122070312,228.00000000006548,passive,
1.0,690.082,690.392,444.3999938964844,392.70001220703125,310.0000000000591,passive,
1.0,690.433,690.67,746.2000122070312,375.29998779296875,236.99999999996635,passive,
1.0,690.714,690.884,1050.9000244140625,465.70001220703125,169.99999999995907,passive,
1.0,690.907,691.045,1153.800048828125,541.5,137.99999999991996,passive,
1.0,691.082,691.289,1192.9000244140625,367.79998779296875,206.99999999999363,passive,
1.0,691.322,691.599,961.5,382.70001220703125,277.00000000004366,passive,
1.0,691.618,691.657,905.2000122070312,388.20001220703125,38.99999999998727,passive,
1.0,691.843,692.047,895.5,384.5,204.00000000006457,passive,
1.0,692.101,692.441,464.6000061035156,403.79998779296875,340.00000000003183,passive,
1.0,692.48,693.097,274.0,379.3999938964844,616.9999999999618,passive,
1.0,693.152,693.45,358.8999938964844,678.0999755859375,298.0000000000018,passive,
1.0,693.506,693.702,789.7999877929688,412.79998779296875,196.00000000002638,passive,
1.0,693.726,693.95,891.9000244140625,384.1000061035156,224.00000000004638,passive,
1.0,694.097,694.322,874.0999755859375,362.70001220703125,225.00000000002274,passive,
1.0,694.346,694.476,756.2000122070312,369.3999938964844,129.99999999999545,passive,
1.0,694.497,694.542,752.2999877929688,465.79998779296875,45.00000000007276,passive,
1.0,694.567,694.85,833.2999877929688,589.5,283.00000000001546,passive,
1.0,694.897,695.177,1049.800048828125,379.70001220703125,279.9999999999727,passive,
1.0,695.199,695.35,959.5999755859375,378.5,151.0000000000673,passive,
1.0,695.388,695.747,1158.4000244140625,357.0,358.9999999999236,passive,
1.0,695.799,695.977,747.9000244140625,365.6000061035156,177.99999999999727,passive,
1.0,696.003,696.294,869.2000122070312,391.79998779296875,290.99999999994,passive,
1.0,696.314,696.496,808.5,383.8999938964844,182.00000000001637,passive,
1.0,696.517,696.857,724.0999755859375,369.70001220703125,339.99999999991815,passive,
1.0,696.894,697.472,597.7999877929688,579.7999877929688,577.9999999999745,passive,
1.0,697.499,697.725,719.2999877929688,646.5,225.9999999999991,passive,
1.0,697.749,697.88,725.4000244140625,762.9000244140625,130.9999999999718,passive,
1.0,697.903,698.136,628.4000244140625,797.2999877929688,232.99999999994725,passive,
1.0,698.31,698.538,324.5,438.29998779296875,228.00000000006548,passive,
1.0,698.558,698.891,296.5,376.1000061035156,332.99999999997,passive,
1.0,698.954,699.28,1022.2000122070312,403.5,326.0000000000218,passive,
1.0,699.434,699.622,1078.0,386.5,187.99999999998818,passive,
1.0,699.656,700.529,891.7999877929688,385.6000061035156,873.0000000000473,passive,
1.0,700.557,700.7,1030.9000244140625,387.1000061035156,143.0000000000291,passive,
1.0,700.882,701.12,638.9000244140625,415.1000061035156,238.0000000000564,passive,
1.0,701.164,701.392,360.79998779296875,380.8999938964844,228.00000000006548,passive,
1.0,701.436,701.624,637.5,301.3999938964844,187.99999999998818,passive,
1.0,701.783,701.893,276.5,261.70001220703125,110.00000000001364,passive,
1.0,701.951,702.159,706.7999877929688,305.20001220703125,207.99999999997,passive,
1.0,702.187,702.357,856.2000122070312,310.1000061035156,169.99999999995907,passive,
1.0,702.56,702.919,1138.800048828125,424.6000061035156,359.0000000000373,passive,
1.0,702.968,703.288,865.2000122070312,628.7999877929688,320.00000000005,passive,
1.0,703.332,703.661,782.7999877929688,386.20001220703125,328.9999999999509,passive,
1.0,703.686,704.043,675.7999877929688,378.0,356.9999999999709,passive,
1.0,704.228,704.519,590.4000244140625,378.0,291.00000000005366,passive,
1.0,704.578,704.87,1148.5999755859375,528.2999877929688,292.00000000003,passive,
1.0,704.913,705.021,848.4000244140625,595.7000122070312,107.99999999994725,passive,
1.0,705.05,705.486,680.9000244140625,679.2999877929688,436.00000000003547,passive,
1.0,705.524,705.794,445.6000061035156,701.5999755859375,269.9999999999818,passive,
1.0,705.801,706.053,468.79998779296875,707.0999755859375,251.9999999999527,passive,
1.0,706.101,706.243,769.7999877929688,445.20001220703125,142.00000000005275,passive,
1.0,706.401,706.661,798.2999877929688,375.6000061035156,259.9999999999909,passive,
1.0,706.687,707.023,692.7999877929688,368.0,336.00000000001273,passive,
1.0,707.194,707.456,583.4000244140625,330.6000061035156,262.0000000000573,passive,
1.0,707.478,707.682,543.9000244140625,347.70001220703125,204.00000000006457,passive,
1.0,707.727,707.882,823.0,387.1000061035156,154.99999999997272,passive,
1.0,708.046,708.419,818.7000122070312,371.20001220703125,372.9999999999336,passive,
1.0,708.592,709.09,818.5999755859375,389.79998779296875,498.0000000000473,passive,
1.0,709.112,709.278,746.7999877929688,393.1000061035156,166.00000000005366,passive,
1.0,709.459,709.926,724.5999755859375,401.5,467.0000000000982,passive,
1.0,709.951,710.186,859.2000122070312,412.5,235.00000000001364,passive,
1.0,710.4,710.725,907.0999755859375,433.0,325.0000000000455,passive,
1.0,710.748,711.084,805.9000244140625,368.3999938964844,335.99999999989905,passive,
1.0,711.281,711.457,869.7999877929688,364.1000061035156,176.00000000004457,passive,
1.0,711.484,711.681,766.7000122070312,496.0,197.00000000000273,passive,
1.0,711.697,712.104,759.4000244140625,538.0,407.0000000000391,passive,
1.0,712.124,712.399,749.9000244140625,462.3999938964844,274.99999999997726,passive,
1.0,712.43,712.55,609.5,566.0,120.00000000000455,passive,
1.0,712.592,712.776,442.3999938964844,712.7000122070312,183.99999999996908,passive,
1.0,712.805,712.962,586.9000244140625,879.5,157.0000000000391,passive,
1.0,712.971,713.119,579.0999755859375,897.7000122070312,148.00000000002456,passive,
1.0,713.131,713.431,544.4000244140625,915.0999755859375,300.0000000000682,passive,
1.0,713.637,714.171,595.0,925.7000122070312,534.0000000001055,passive,
1.0,714.225,715.38,1124.9000244140625,818.4000244140625,1154.9999999999727,passive,
1.0,715.396,716.705,1086.0999755859375,789.5,1309.0000000000828,passive,
1.0,716.712,716.816,1122.5,777.7999877929688,104.00000000004184,passive,
1.0,716.867,717.052,1008.2999877929688,398.20001220703125,185.00000000005912,passive,
1.0,717.099,717.362,677.5,328.20001220703125,262.99999999991996,passive,
1.0,717.409,717.457,435.3999938964844,459.70001220703125,48.00000000000182,passive,
1.0,717.48,717.684,472.6000061035156,550.7999877929688,203.9999999999509,passive,
1.0,717.707,717.807,396.1000061035156,547.2999877929688,100.00000000002274,passive,
1.0,717.852,718.078,186.3000030517578,393.1000061035156,225.9999999999991,passive,
1.0,718.132,718.346,235.6999969482422,801.2000122070312,214.00000000005548,passive,
1.0,718.37,718.723,340.0,789.9000244140625,352.9999999999518,passive,
1.0,718.774,719.093,921.7000122070312,782.2000122070312,318.99999999996,passive,
1.0,719.148,719.477,1249.699951171875,532.9000244140625,328.9999999999509,passive,
1.0,719.495,719.647,1186.9000244140625,524.2000122070312,152.00000000004366,passive,
1.0,719.701,720.153,870.4000244140625,237.39999389648438,451.9999999999982,passive,
1.0,720.199,720.452,1194.699951171875,513.7999877929688,253.00000000004275,passive,
1.0,720.475,720.663,1255.5999755859375,575.5,187.99999999998818,passive,
1.0,720.698,720.944,1468.4000244140625,555.7999877929688,245.9999999999809,passive,
1.0,720.961,721.405,1454.5,497.79998779296875,443.99999999996,passive,
1.0,721.445,721.658,1276.0999755859375,367.79998779296875,212.99999999996544,passive,
1.0,721.703,722.102,951.9000244140625,283.29998779296875,399.0000000000009,passive,
1.0,722.126,722.439,1070.699951171875,295.0,312.9999999999882,passive,
1.0,722.481,722.629,864.2999877929688,189.89999389648438,148.00000000002456,passive,
1.0,722.693,723.13,665.7999877929688,639.7999877929688,437.0000000000118,passive,
1.0,723.177,723.263,1072.0999755859375,638.0999755859375,86.00000000001273,passive,
1.0,723.306,723.474,1314.800048828125,562.0,168.00000000000637,passive,
1.0,723.495,724.088,1238.9000244140625,558.2000122070312,592.9999999999609,passive,
1.0,724.105,724.451,1196.800048828125,498.6000061035156,346.00000000000364,passive,
1.0,724.481,724.718,1149.300048828125,399.79998779296875,236.99999999996635,passive,
1.0,724.756,725.051,1374.9000244140625,385.29998779296875,295.00000000007276,passive,
1.0,725.074,725.209,1465.0,493.1000061035156,134.9999999999909,passive,
1.0,725.262,725.384,1075.5999755859375,811.0999755859375,122.00000000007094,passive,
1.0,725.406,725.528,1143.9000244140625,799.4000244140625,122.00000000007094,passive,
1.0,725.545,725.715,1116.199951171875,792.4000244140625,170.00000000007276,passive,
1.0,725.723,726.122,1097.800048828125,798.4000244140625,399.0000000000009,passive,
1.0,726.14,727.23,1144.9000244140625,782.4000244140625,1090.0000000000318,passive,
1.0,727.369,727.9,1131.0999755859375,801.2000122070312,530.9999999999491,passive,
1.0,727.914,728.269,1172.300048828125,787.5,355.0000000000182,passive,
1.0,728.286,728.433,1136.5,803.2000122070312,147.0000000000482,passive,
1.0,728.44,728.847,1112.9000244140625,805.5,406.9999999999254,passive,
1.0,728.909,729.043,570.2000122070312,872.0,134.00000000001455,passive,
1.0,729.067,729.532,532.9000244140625,895.2000122070312,465.00000000003183,passive,
1.0,729.584,729.837,713.2999877929688,513.5999755859375,253.00000000004275,passive,
1.0,729.871,730.049,824.2000122070312,384.70001220703125,177.99999999999727,passive,
1.0,730.074,730.364,756.2000122070312,508.5,290.0000000000773,passive,
1.0,730.392,730.751,641.9000244140625,622.0,358.9999999999236,passive,
1.0,730.769,730.856,585.5,609.0,86.99999999998909,passive,
1.0,730.912,731.127,113.19999694824219,504.5,214.99999999991815,passive,
1.0,731.201,731.511,1114.199951171875,521.7999877929688,309.99999999994543,passive,
1.0,731.548,731.783,851.7000122070312,515.7000122070312,235.00000000001364,passive,
1.0,731.793,732.088,882.5,527.2999877929688,294.9999999999591,passive,
1.0,732.114,733.265,886.2999877929688,403.29998779296875,1150.9999999999536,passive,
1.0,733.319,733.619,635.4000244140625,682.0,300.0000000000682,passive,
1.0,733.658,733.817,419.1000061035156,668.5,158.99999999999181,passive,
1.0,733.98,734.211,518.4000244140625,638.5999755859375,230.99999999999454,passive,
1.0,734.219,734.384,509.1000061035156,648.5999755859375,164.99999999996362,passive,
1.0,734.43,734.697,877.2000122070312,564.9000244140625,267.00000000005275,passive,
1.0,734.723,735.028,892.9000244140625,674.0999755859375,305.00000000006366,passive,
1.0,735.059,735.355,749.4000244140625,566.7000122070312,296.0000000000491,passive,
1.0,735.362,735.803,755.5999755859375,550.2000122070312,441.0000000000309,passive,
1.0,735.839,736.023,609.2999877929688,647.7999877929688,183.99999999996908,passive,
1.0,736.043,736.156,607.4000244140625,717.7000122070312,112.9999999999427,passive,
1.0,736.167,736.394,612.5,736.9000244140625,226.99999999997544,passive,
1.0,736.402,736.775,591.7000122070312,741.7000122070312,372.9999999999336,passive,
1.0,736.8,737.081,453.29998779296875,735.5999755859375,281.00000000006276,passive,
1.0,737.095,737.222,428.3999938964844,733.0999755859375,126.9999999999527,passive,
1.0,737.271,737.685,746.5,484.29998779296875,413.99999999998727,passive,
1.0,737.701,737.799,723.0,459.6000061035156,97.99999999995634,passive,
1.0,737.825,738.082,840.5,482.6000061035156,256.99999999994816,passive,
1.0,738.113,738.441,1010.0,492.29998779296875,327.99999999997453,passive,
1.0,738.496,738.713,1342.0999755859375,390.5,216.99999999998454,passive,
1.0,738.751,739.088,1071.9000244140625,385.1000061035156,336.9999999999891,passive,
1.0,739.111,739.311,970.5,338.79998779296875,200.00000000004547,passive,
1.0,739.366,739.483,538.5999755859375,399.5,116.9999999999618,passive,
1.0,739.535,739.789,165.3000030517578,397.8999938964844,254.0000000000191,passive,
1.0,739.81,740.174,240.1999969482422,421.6000061035156,364.00000000003274,passive,
1.0,740.233,740.503,689.4000244140625,775.2000122070312,270.0000000000955,passive,
1.0,740.526,740.818,594.2000122070312,782.7999877929688,292.00000000003,passive,
1.0,740.906,740.926,629.4000244140625,730.2999877929688,20.000000000095497,passive,
1.0,740.943,741.197,629.7000122070312,770.0,254.0000000000191,passive,
1.0,741.233,741.498,458.8999938964844,732.4000244140625,265.00000000010004,passive,
1.0,741.509,741.7,432.1000061035156,729.0999755859375,191.00000000003092,passive,
1.0,741.706,741.807,419.79998779296875,730.5999755859375,100.99999999999909,passive,
1.0,741.889,742.366,1427.699951171875,629.5999755859375,476.99999999997544,passive,
1.0,742.539,742.684,1442.699951171875,297.1000061035156,144.9999999999818,passive,
1.0,742.758,742.978,614.5,420.3999938964844,219.9999999999136,passive,
1.0,743.026,743.385,252.60000610351562,410.20001220703125,359.0000000000373,passive,
1.0,743.46,743.748,924.5999755859375,513.9000244140625,288.0000000000109,passive,
1.0,743.902,744.284,751.2000122070312,406.6000061035156,381.99999999994816,passive,
1.0,744.305,744.588,798.0,413.79998779296875,283.00000000001546,passive,
1.0,744.781,745.056,696.7000122070312,411.5,275.00000000009095,passive,
1.0,745.08,745.362,808.2999877929688,372.0,281.9999999999254,passive,
1.0,745.403,745.602,1055.0999755859375,426.20001220703125,198.99999999995543,passive,
1.0,745.644,745.835,1340.800048828125,474.8999938964844,191.00000000003092,passive,
1.0,746.016,746.384,748.2000122070312,464.79998779296875,368.00000000005184,passive,
1.0,746.419,746.642,676.2000122070312,677.7999877929688,223.00000000007003,passive,
1.0,746.666,746.924,617.5999755859375,748.7000122070312,257.9999999999245,passive,
1.0,746.959,747.196,771.2999877929688,837.0999755859375,237.00000000008004,passive,
1.0,747.219,747.464,839.5,778.2999877929688,245.00000000000455,passive,
1.0,747.501,747.802,603.2999877929688,762.5999755859375,301.00000000004457,passive,
1.0,747.827,748.074,470.3999938964844,729.7999877929688,246.99999999995725,passive,
1.0,748.129,748.305,567.9000244140625,499.6000061035156,175.99999999993088,passive,
1.0,748.365,748.533,1196.199951171875,520.7999877929688,168.00000000000637,passive,
1.0,748.714,748.892,896.0999755859375,492.3999938964844,177.99999999999727,passive,
1.0,748.952,749.188,354.5,473.1000061035156,235.99999999999,passive,
1.0,749.221,749.343,227.0,435.6000061035156,121.99999999995725,passive,
1.0,749.426,749.637,1191.9000244140625,444.3999938964844,210.99999999989905,passive,
1.0,749.664,749.939,1380.800048828125,437.29998779296875,274.99999999997726,passive,
1.0,749.999,750.2,912.2000122070312,420.0,201.00000000002183,passive,
1.0,750.229,750.44,841.7000122070312,561.9000244140625,211.00000000001273,passive,
1.0,750.476,750.686,1051.9000244140625,543.5999755859375,210.00000000003638,passive,
1.0,750.708,750.826,990.2999877929688,526.9000244140625,118.00000000005184,passive,
1.0,750.865,751.061,754.2000122070312,468.29998779296875,196.00000000002638,passive,
1.0,751.079,751.215,759.5999755859375,532.2999877929688,136.00000000008095,passive,
1.0,751.225,751.861,766.0,542.5999755859375,635.9999999999673,passive,
1.0,751.907,752.115,426.29998779296875,489.79998779296875,207.99999999997,passive,
1.0,752.154,752.311,690.2999877929688,523.0,157.0000000000391,passive,
1.0,752.351,752.665,435.29998779296875,498.29998779296875,313.99999999996453,passive,
1.0,752.675,752.919,455.1000061035156,468.20001220703125,244.0000000000282,passive,
1.0,753.088,753.396,401.5,458.6000061035156,307.9999999999927,passive,
1.0,753.412,753.736,419.29998779296875,516.5,323.99999999995543,passive,
1.0,753.759,754.32,496.3999938964844,479.1000061035156,561.0000000000355,passive,
1.0,754.344,754.612,414.5,532.5999755859375,267.9999999999154,passive,
1.0,754.748,755.275,405.1000061035156,463.70001220703125,526.99999999993,passive,
1.0,755.326,755.886,880.9000244140625,586.4000244140625,559.9999999999454,passive,
1.0,755.907,756.16,776.5,596.7000122070312,252.99999999992906,passive,
1.0,756.167,757.297,754.5,591.0,1129.9999999999955,passive,
1.0,757.311,758.178,774.7000122070312,575.0999755859375,866.9999999999618,passive,
1.0,758.185,758.817,742.5,588.5,632.0000000000618,passive,
1.0,758.942,759.16,690.9000244140625,440.70001220703125,217.9999999999609,passive,
1.0,759.22,759.463,1281.300048828125,527.0,242.99999999993815,passive,
1.0,759.493,759.646,1378.0999755859375,647.4000244140625,152.99999999990632,passive,
1.0,759.773,759.938,1230.800048828125,674.7000122070312,164.99999999996362,passive,
1.0,760.004,760.247,475.29998779296875,690.5,242.99999999993815,passive,
1.0,760.289,760.563,211.8000030517578,672.0999755859375,274.0000000000009,passive,
1.0,760.592,760.751,70.5,706.7999877929688,158.99999999999181,passive,
1.0,760.761,760.904,56.099998474121094,718.5,143.0000000000291,passive,
1.0,760.926,761.046,170.10000610351562,650.5999755859375,120.00000000000455,passive,
1.0,761.167,761.429,156.6999969482422,649.9000244140625,261.9999999999436,passive,
1.0,761.455,761.664,47.79999923706055,742.9000244140625,208.99999999994634,passive,
1.0,761.687,762.122,155.5,646.2999877929688,434.99999999994543,passive,
1.0,762.144,762.313,245.6999969482422,648.7000122070312,168.99999999998272,passive,
1.0,762.373,762.789,839.9000244140625,336.79998779296875,415.99999999994,passive,
1.0,762.823,763.053,986.7999877929688,464.8999938964844,230.0000000000182,passive,
1.0,763.077,763.503,887.0,503.20001220703125,426.00000000004457,passive,
1.0,763.518,763.871,855.0,523.0,352.9999999999518,passive,
1.0,763.926,764.344,1356.9000244140625,586.2000122070312,418.00000000000637,passive,
1.0,764.37,764.59,1258.800048828125,730.4000244140625,220.00000000002728,passive,
1.0,764.642,764.92,750.2999877929688,762.5999755859375,277.9999999999063,passive,
1.0,764.963,765.368,845.4000244140625,937.9000244140625,405.0000000000864,passive,
1.0,765.43,765.63,832.7999877929688,491.79998779296875,200.00000000004547,passive,
1.0,765.679,765.932,411.29998779296875,481.6000061035156,253.00000000004275,passive,
1.0,765.947,766.29,404.70001220703125,519.4000244140625,342.9999999999609,passive,
1.0,766.306,767.129,425.0,468.29998779296875,822.9999999999791,passive,
1.0,767.169,767.863,747.4000244140625,544.2999877929688,694.0000000000737,passive,
1.0,767.924,768.035,356.3999938964844,652.0999755859375,110.99999999999,passive,
1.0,768.076,768.215,136.3000030517578,779.5,139.00000000001,passive,
1.0,768.234,768.588,88.69999694824219,813.0,353.99999999992815,passive,
1.0,768.631,768.85,494.20001220703125,790.5,219.00000000005093,passive,
1.0,768.88,769.014,340.8999938964844,800.0,134.00000000001455,passive,
1.0,769.04,769.254,495.79998779296875,764.2000122070312,214.00000000005548,passive,
1.0,769.278,769.404,632.5,743.5999755859375,125.99999999997635,passive,
1.0,769.438,769.709,467.6000061035156,708.7999877929688,270.99999999995816,passive,
1.0,769.734,770.09,587.9000244140625,690.9000244140625,355.99999999999454,passive,
1.0,770.146,770.477,1128.5999755859375,711.9000244140625,331.0000000000173,passive,
1.0,770.517,770.734,1414.800048828125,727.5,216.99999999998454,passive,
1.0,770.747,770.968,1395.5,762.0,221.00000000000364,passive,
1.0,770.988,771.242,1478.5,730.2999877929688,253.9999999999054,passive,
1.0,771.282,771.529,1158.5,708.4000244140625,246.99999999995725,passive,
1.0,771.556,771.956,991.4000244140625,768.2000122070312,399.99999999997726,passive,
1.0,772.018,772.289,363.70001220703125,773.5999755859375,270.99999999995816,passive,
1.0,772.332,772.529,503.8999938964844,563.7999877929688,197.00000000000273,passive,
1.0,772.558,772.724,320.3999938964844,653.4000244140625,166.00000000005366,passive,
1.0,772.76,772.895,123.80000305175781,762.9000244140625,134.9999999999909,passive,
1.0,772.912,773.041,99.4000015258789,800.2000122070312,129.0000000000191,passive,
1.0,773.049,773.611,105.0999984741211,815.5999755859375,562.0000000000118,passive,
1.0,773.651,774.076,370.0,762.4000244140625,425.0000000000682,passive,
1.0,774.115,774.26,144.5,804.2999877929688,144.9999999999818,passive,
1.0,774.272,774.724,112.80000305175781,820.2000122070312,451.9999999999982,passive,
1.0,774.749,774.884,167.1999969482422,706.0999755859375,134.9999999999909,passive,
1.0,775.075,775.343,324.0,722.7999877929688,267.9999999999154,passive,
1.0,775.381,775.591,530.9000244140625,747.2999877929688,210.00000000003638,passive,
1.0,775.615,775.847,638.2000122070312,656.4000244140625,231.9999999999709,passive,
1.0,775.871,776.14,775.5999755859375,627.7000122070312,269.00000000000546,passive,
1.0,776.153,776.363,737.2000122070312,616.5,210.00000000003638,passive,
1.0,776.39,776.783,586.9000244140625,483.20001220703125,393.0000000000291,passive,
1.0,776.813,777.091,700.2999877929688,303.20001220703125,278.00000000002,passive,
1.0,777.144,777.38,1160.5999755859375,376.1000061035156,235.99999999999,passive,
1.0,777.422,777.573,849.7000122070312,320.0,150.99999999995362,passive,
1.0,777.597,777.894,764.2999877929688,435.3999938964844,297.00000000002547,passive,
1.0,777.915,778.621,765.2000122070312,534.4000244140625,706.0000000000173,passive,
1.0,778.647,778.941,645.7000122070312,592.9000244140625,293.9999999999827,passive,
1.0,778.973,779.171,575.5999755859375,714.5999755859375,198.00000000009277,passive,
1.0,779.194,779.414,712.2999877929688,695.5999755859375,220.00000000002728,passive,
1.0,779.439,779.646,688.7999877929688,527.2999877929688,206.99999999999363,passive,
1.0,779.674,780.013,682.0,645.7000122070312,339.0000000000555,passive,
1.0,780.033,780.226,716.5,703.7999877929688,192.99999999998363,passive,
1.0,780.272,780.57,955.9000244140625,834.9000244140625,298.0000000000018,passive,
1.0,780.616,780.872,625.0,732.9000244140625,255.9999999999718,passive,
1.0,780.895,781.097,715.0999755859375,792.7999877929688,201.99999999999818,passive,
1.0,781.117,781.31,668.0,711.9000244140625,192.99999999998363,passive,
1.0,781.351,781.82,757.5999755859375,877.2999877929688,469.00000000005093,passive,
1.0,781.84,782.098,697.7999877929688,872.7000122070312,257.9999999999245,passive,
1.0,782.183,782.314,1373.800048828125,429.6000061035156,130.9999999999718,passive,
1.0,782.341,782.588,1464.800048828125,246.0,246.99999999995725,passive,
1.0,782.609,782.989,1507.0,182.3000030517578,379.99999999999545,passive,
1.0,783.031,783.331,1307.5999755859375,290.8999938964844,300.0000000000682,passive,
1.0,783.459,784.065,309.70001220703125,395.3999938964844,606.0000000001082,passive,
1.0,784.095,784.312,180.5,325.3999938964844,216.99999999998454,passive,
1.0,784.357,784.72,541.7999877929688,504.29998779296875,363.0000000000564,passive,
1.0,784.745,784.934,717.0,493.20001220703125,188.99999999996453,passive,
1.0,784.995,785.334,1174.199951171875,664.5,338.9999999999418,passive,
1.0,785.387,785.656,663.0999755859375,579.0999755859375,269.00000000000546,passive,
1.0,785.672,787.001,692.0,614.0999755859375,1328.999999999951,passive,
1.0,787.027,787.472,697.2000122070312,472.0,444.99999999993634,passive,
1.0,787.486,787.975,704.0,505.1000061035156,489.00000000003274,passive,
1.0,787.993,788.459,666.0999755859375,503.1000061035156,465.9999999998945,passive,
1.0,788.483,789.236,757.0,531.4000244140625,753.0000000000427,passive,
1.0,789.251,789.465,798.5,579.2000122070312,214.00000000005548,passive,
1.0,789.503,789.748,579.5,509.3999938964844,245.00000000000455,passive,
1.0,789.864,790.074,820.7000122070312,700.2999877929688,209.9999999999227,passive,
1.0,790.116,790.339,663.0,535.5999755859375,223.00000000007003,passive,
1.0,790.379,790.639,892.9000244140625,661.9000244140625,259.9999999999909,passive,
1.0,790.652,790.862,868.7999877929688,679.9000244140625,209.9999999999227,passive,
1.0,790.904,791.135,623.0,570.7999877929688,230.99999999999454,passive,
1.0,791.182,791.377,756.4000244140625,708.5,194.99999999993634,passive,
1.0,791.395,791.564,767.0999755859375,635.7000122070312,168.99999999998272,passive,
1.0,791.572,791.736,768.2000122070312,615.7999877929688,163.99999999998727,passive,
1.0,791.916,792.154,751.2999877929688,597.5,237.9999999999427,passive,
1.0,792.195,792.377,556.9000244140625,598.0,181.99999999990268,passive,
1.0,792.414,792.73,757.0999755859375,623.2999877929688,316.0000000000309,passive,
1.0,792.769,792.932,601.5999755859375,575.5999755859375,163.0000000000109,passive,
1.0,793.073,793.264,784.9000244140625,625.0,191.00000000003092,passive,
1.0,793.277,793.503,766.2999877929688,619.0,225.9999999999991,passive,
1.0,793.53,793.79,626.5,582.7999877929688,259.9999999999909,passive,
1.0,793.815,794.048,763.7999877929688,612.5999755859375,232.99999999994725,passive,
1.0,794.244,794.439,673.9000244140625,559.4000244140625,194.99999999993634,passive,
1.0,794.463,794.815,757.9000244140625,605.5,352.00000000008913,passive,
1.0,794.851,795.145,604.4000244140625,569.0,293.9999999999827,passive,
1.0,795.168,795.771,742.5999755859375,601.9000244140625,602.9999999999518,passive,
1.0,795.797,796.038,645.7999877929688,578.4000244140625,240.99999999998545,passive,
1.0,796.081,796.305,438.70001220703125,555.4000244140625,223.9999999999327,passive,
1.0,796.351,796.566,792.7999877929688,636.2000122070312,215.00000000003183,passive,
1.0,796.59,796.958,725.7000122070312,591.4000244140625,367.99999999993815,passive,
1.0,796.975,797.651,751.0,574.7999877929688,675.9999999999309,passive,
1.0,797.67,797.853,794.9000244140625,636.9000244140625,182.99999999999272,passive,
1.0,797.876,798.321,739.4000244140625,527.5999755859375,445.00000000005,passive,
1.0,798.365,798.766,1077.0,412.5,400.9999999999536,passive,
1.0,798.803,798.931,1305.199951171875,508.70001220703125,128.00000000004275,passive,
1.0,798.973,799.216,1083.699951171875,340.5,243.00000000005184,passive,
1.0,799.243,799.57,1049.5,573.9000244140625,326.9999999999982,passive,
1.0,799.625,799.801,486.0,571.9000244140625,176.00000000004457,passive,
1.0,799.827,800.197,479.20001220703125,435.20001220703125,370.00000000000455,passive,
1.0,800.236,800.681,732.7000122070312,538.5,445.00000000005,passive,
1.0,800.707,800.954,658.2000122070312,656.5999755859375,246.99999999995725,passive,
1.0,800.977,801.219,557.0999755859375,689.2999877929688,242.0000000000755,passive,
1.0,801.267,801.562,727.9000244140625,832.0,294.9999999999591,passive,
1.0,801.589,801.994,755.4000244140625,939.7000122070312,404.9999999999727,passive,
1.0,802.016,802.172,670.2999877929688,860.0,156.00000000006276,passive,
1.0,802.219,802.473,489.6000061035156,650.9000244140625,253.9999999999054,passive,
1.0,802.519,802.83,461.6000061035156,404.1000061035156,311.00000000003547,passive,
1.0,802.888,803.173,1089.800048828125,411.20001220703125,284.99999999996817,passive,
1.0,803.196,803.594,1040.699951171875,489.20001220703125,398.00000000002456,passive,
1.0,803.616,803.817,1057.0999755859375,552.0,201.00000000002183,passive,
1.0,803.869,804.388,734.2000122070312,515.2999877929688,519.0000000000055,passive,
1.0,804.496,804.815,129.6999969482422,773.0,319.00000000007367,passive,
1.0,804.859,805.201,386.6000061035156,851.9000244140625,341.99999999998454,passive,
1.0,805.222,805.315,312.29998779296875,850.0,93.00000000007458,passive,
1.0,805.378,805.801,580.0,320.3999938964844,423.0000000000018,passive,
1.0,805.825,806.039,569.5999755859375,438.29998779296875,213.9999999999418,passive,
1.0,806.078,806.312,835.5,478.29998779296875,234.0000000000373,passive,
1.0,806.337,806.74,745.5999755859375,511.5,403.00000000002,passive,
1.0,806.754,808.33,730.2999877929688,509.3999938964844,1576.0000000000218,passive,
1.0,808.354,808.793,794.7999877929688,521.2000122070312,438.99999999996453,passive,
1.0,808.815,809.405,726.5999755859375,516.0,589.9999999999181,passive,
1.0,809.466,809.725,1333.0999755859375,584.7999877929688,259.00000000001455,passive,
1.0,809.75,810.072,1183.699951171875,505.5,322.00000000000273,passive,
1.0,810.124,810.282,918.4000244140625,294.20001220703125,158.00000000001546,passive,
1.0,810.33,810.888,591.0,274.8999938964844,557.9999999999927,passive,
1.0,810.929,811.23,863.7999877929688,303.6000061035156,301.00000000004457,passive,
1.0,811.271,811.677,1163.800048828125,406.5,406.00000000006276,passive,
1.0,811.69,811.961,1191.9000244140625,437.1000061035156,270.99999999995816,passive,
1.0,811.987,812.42,1176.300048828125,597.9000244140625,432.9999999999927,passive,
1.0,812.657,812.823,1043.5999755859375,367.20001220703125,165.99999999993997,passive,
1.0,812.893,813.073,583.2999877929688,707.2000122070312,179.99999999994998,passive,
1.0,813.113,814.109,794.5,525.5,995.9999999999809,passive,
1.0,814.147,814.321,605.0,502.3999938964844,173.99999999997817,passive,
1.0,814.342,814.616,564.7000122070312,425.3999938964844,274.0000000000009,passive,
1.0,814.646,814.801,705.5999755859375,560.5999755859375,155.0000000000864,passive,
1.0,815.014,815.277,695.2000122070312,594.0,263.00000000003365,passive,
1.0,815.285,815.725,692.5,569.2000122070312,440.00000000005457,passive,
1.0,815.748,815.93,702.7000122070312,629.5999755859375,181.99999999990268,passive,
1.0,815.943,816.387,703.2999877929688,592.2999877929688,443.99999999996,passive,
1.0,816.421,816.71,446.5,654.0999755859375,288.99999999998727,passive,
1.0,816.909,817.131,654.0999755859375,690.5999755859375,221.99999999998,passive,
1.0,817.152,817.237,731.4000244140625,660.0999755859375,84.9999999999227,passive,
1.0,817.266,817.45,599.2000122070312,626.2999877929688,184.00000000008276,passive,
1.0,817.472,818.083,671.5999755859375,615.2000122070312,610.99999999999,passive,
1.0,818.107,818.253,772.2999877929688,576.9000244140625,146.00000000007185,passive,
1.0,818.264,818.718,750.5,560.0999755859375,453.9999999999509,passive,
1.0,818.762,818.833,474.8999938964844,415.5,71.00000000002638,passive,
1.0,818.867,819.045,252.89999389648438,409.0,177.99999999999727,passive,
1.0,819.083,819.229,586.7000122070312,456.79998779296875,146.00000000007185,passive,
1.0,819.242,819.719,632.2999877929688,464.8999938964844,477.00000000008913,passive,
1.0,819.792,819.893,1310.0,473.8999938964844,100.99999999999909,passive,
1.0,819.914,820.453,1394.9000244140625,477.8999938964844,538.9999999999873,passive,
1.0,820.484,820.665,1219.699951171875,615.7000122070312,180.99999999992633,passive,
1.0,820.679,820.744,1186.0,633.0999755859375,65.00000000005457,passive,
1.0,820.87,821.04,1163.800048828125,651.7999877929688,169.99999999995907,passive,
1.0,821.08,821.319,914.5,654.0999755859375,238.99999999991905,passive,
1.0,821.342,821.586,1032.0,636.0999755859375,244.0000000000282,passive,
1.0,821.595,821.777,1009.2999877929688,630.5,182.00000000001637,passive,
1.0,821.812,822.061,1207.0,641.5999755859375,249.00000000002365,passive,
1.0,822.115,822.201,1174.699951171875,850.7999877929688,86.00000000001273,passive,
1.0,822.242,822.464,1260.699951171875,676.5999755859375,222.00000000009368,passive,
1.0,822.477,822.854,1300.300048828125,642.9000244140625,377.0000000000664,passive,
1.0,822.874,823.208,1217.199951171875,651.7000122070312,333.99999999994634,passive,
1.0,823.22,823.604,1186.0999755859375,657.0,384.00000000001455,passive,
1.0,823.643,823.843,950.7999877929688,622.0,199.9999999999318,passive,
1.0,823.869,824.414,846.2999877929688,613.2000122070312,544.9999999999591,passive,
1.0,824.475,824.696,303.5,546.5,221.00000000000364,passive,
1.0,824.722,825.14,207.39999389648438,429.1000061035156,418.00000000000637,passive,
1.0,825.148,825.429,228.0,409.70001220703125,280.99999999994907,passive,
1.0,825.471,825.605,580.0999755859375,449.3999938964844,134.00000000001455,passive,
1.0,825.623,825.968,638.5,465.3999938964844,344.9999999999136,passive,
1.0,826.01,826.267,973.7000122070312,482.29998779296875,257.00000000006185,passive,
1.0,826.303,826.576,1185.9000244140625,486.6000061035156,273.00000000002456,passive,
1.0,826.611,826.906,1396.300048828125,487.6000061035156,294.9999999999591,passive,
1.0,827.046,827.096,1373.699951171875,471.29998779296875,49.999999999954525,passive,
1.0,827.128,827.731,1169.699951171875,483.5,602.9999999999518,passive,
1.0,827.765,827.969,959.0,475.20001220703125,204.00000000006457,passive,
1.0,827.976,828.646,945.9000244140625,477.70001220703125,669.9999999999591,passive,
1.0,828.672,829.18,849.2000122070312,469.70001220703125,507.9999999999245,passive,
1.0,829.206,829.467,964.7000122070312,478.6000061035156,260.99999999996726,passive,
1.0,829.516,829.601,772.0,473.3999938964844,85.00000000003638,passive,
1.0,829.625,829.792,854.0999755859375,471.1000061035156,167.00000000003,passive,
1.0,829.798,830.588,848.5,468.70001220703125,789.9999999999636,passive,
1.0,830.622,830.877,610.4000244140625,477.20001220703125,254.99999999999545,passive,
1.0,830.888,832.313,637.5999755859375,480.29998779296875,1424.9999999999545,passive,
1.0,832.467,832.6,642.7000122070312,424.8999938964844,133.0000000000382,passive,
1.0,832.656,832.901,1187.300048828125,485.0,245.00000000000455,passive,
1.0,832.939,833.214,1387.5,473.20001220703125,275.00000000009095,passive,
1.0,833.248,833.415,1124.9000244140625,476.3999938964844,166.99999999991633,passive,
1.0,833.431,833.918,1172.9000244140625,477.3999938964844,486.99999999996635,passive,
1.0,833.951,834.131,987.7000122070312,468.8999938964844,179.99999999994998,passive,
1.0,834.148,834.453,956.0,485.79998779296875,304.99999999995,passive,
1.0,834.488,834.763,744.0,549.2000122070312,274.99999999997726,passive,
1.0,834.772,835.66,765.5,547.2999877929688,887.99999999992,passive,
1.0,835.68,835.778,763.4000244140625,607.0999755859375,98.00000000007003,passive,
1.0,835.911,836.111,1086.300048828125,662.2000122070312,200.00000000004547,passive,
1.0,836.134,836.331,1072.300048828125,737.9000244140625,197.00000000000273,passive,
1.0,836.355,836.528,1086.5999755859375,832.4000244140625,173.00000000000182,passive,
1.0,836.545,836.913,1080.800048828125,880.5999755859375,368.00000000005184,passive,
1.0,836.929,837.066,1111.699951171875,904.5,137.0000000000573,passive,
1.0,837.092,837.344,1094.0999755859375,754.9000244140625,252.0000000000664,passive,
1.0,837.366,837.925,1167.5,800.0999755859375,558.9999999999691,passive,
1.0,837.949,838.318,1106.0999755859375,887.7000122070312,369.0000000000282,passive,
1.0,838.338,838.533,1177.9000244140625,875.9000244140625,195.00000000005002,passive,
1.0,838.59,838.816,1076.300048828125,508.20001220703125,225.9999999999991,passive,
1.0,838.857,839.032,1302.199951171875,488.79998779296875,175.0000000000682,passive,
1.0,839.068,839.284,1087.800048828125,481.20001220703125,216.00000000000819,passive,
1.0,839.329,839.617,1336.5999755859375,460.0,288.0000000000109,passive,
1.0,839.713,840.066,298.79998779296875,501.20001220703125,353.0000000000655,passive,
1.0,840.092,840.308,191.60000610351562,507.3999938964844,216.00000000000819,passive,
1.0,840.373,840.782,802.7999877929688,673.9000244140625,408.9999999999918,passive,
1.0,840.802,841.031,811.5999755859375,603.7000122070312,228.99999999992815,passive,
1.0,841.216,841.406,740.7999877929688,451.70001220703125,189.99999999994088,passive,
1.0,841.444,841.802,871.5,323.70001220703125,358.00000000006094,passive,
1.0,841.843,841.972,1081.800048828125,275.5,129.0000000000191,passive,
1.0,842.017,842.323,749.7000122070312,202.89999389648438,305.99999999992633,passive,
1.0,842.39,842.891,1168.9000244140625,283.0,500.99999999997635,passive,
1.0,842.915,843.267,1070.9000244140625,275.8999938964844,352.00000000008913,passive,
1.0,843.334,843.585,637.4000244140625,354.0,251.00000000009004,passive,
1.0,843.622,843.917,439.1000061035156,287.0,295.00000000007276,passive,
1.0,843.964,844.317,242.3000030517578,204.8000030517578,352.9999999999518,passive,
1.0,844.335,844.419,208.10000610351562,230.1999969482422,83.99999999994634,passive,
1.0,844.487,844.677,995.0,407.29998779296875,190.00000000005457,passive,
1.0,844.701,844.978,1135.0,418.70001220703125,276.99999999992997,passive,
1.0,845.0,845.077,1077.4000244140625,448.0,76.99999999999818,passive,
1.0,845.188,845.304,969.4000244140625,463.70001220703125,115.99999999998545,passive,
1.0,845.383,845.57,180.0,451.29998779296875,187.00000000001182,passive,
1.0,845.648,845.854,218.0,909.5,206.00000000001728,passive,
1.0,845.891,846.044,496.6000061035156,925.0,153.00000000002,passive,
1.0,846.077,846.344,411.29998779296875,781.2000122070312,267.00000000005275,passive,
1.0,846.364,846.534,388.0,822.0999755859375,169.99999999995907,passive,
1.0,846.585,846.802,875.0999755859375,802.5999755859375,216.99999999998454,passive,
1.0,846.826,847.054,871.5999755859375,673.5,227.9999999999518,passive,
1.0,847.078,847.556,777.9000244140625,756.0999755859375,478.0000000000655,passive,
1.0,847.582,847.882,771.7000122070312,592.5999755859375,299.9999999999545,passive,
1.0,847.928,848.1,1154.4000244140625,628.5,172.00000000002547,passive,
1.0,848.15,848.373,1441.800048828125,668.5,223.00000000007003,passive,
1.0,848.408,848.715,1411.5999755859375,834.5,307.00000000001637,passive,
1.0,848.755,849.079,1186.4000244140625,693.2000122070312,323.99999999995543,passive,
1.0,849.101,849.285,1188.4000244140625,761.7999877929688,183.99999999996908,passive,
1.0,849.293,849.408,1184.800048828125,778.5999755859375,115.0000000000091,passive,
1.0,849.456,849.733,1342.199951171875,479.1000061035156,276.99999999992997,passive,
1.0,849.751,849.953,1330.0,547.7999877929688,201.99999999999818,passive,
1.0,849.997,850.197,999.0999755859375,511.1000061035156,200.00000000004547,passive,
1.0,850.242,850.72,1293.300048828125,476.3999938964844,478.0000000000655,passive,
1.0,850.783,851.105,860.7000122070312,469.8999938964844,322.00000000000273,passive,
1.0,851.15,851.314,557.9000244140625,486.6000061035156,163.99999999998727,passive,
1.0,851.365,851.655,187.3000030517578,498.3999938964844,289.9999999999636,passive,
1.0,851.712,852.201,786.4000244140625,648.2999877929688,489.00000000003274,passive,
1.0,852.211,852.498,786.0999755859375,679.2000122070312,287.00000000003456,passive,
1.0,852.521,852.71,898.5999755859375,660.0,189.00000000007822,passive,
1.0,852.767,853.043,419.79998779296875,566.5,275.9999999999536,passive,
1.0,853.07,853.399,553.2999877929688,586.5999755859375,328.9999999999509,passive,
1.0,853.438,853.627,806.9000244140625,559.2999877929688,188.99999999996453,passive,
1.0,853.73,854.028,976.5999755859375,500.5,298.0000000000018,passive,
1.0,854.159,854.535,706.4000244140625,530.5999755859375,375.99999999997635,passive,
1.0,854.572,854.875,403.79998779296875,536.7000122070312,302.99999999999727,passive,
1.0,854.916,855.553,708.2999877929688,520.0999755859375,636.9999999999436,passive,
1.0,855.574,855.768,638.7000122070312,538.4000244140625,194.00000000007367,passive,
1.0,855.806,856.072,387.29998779296875,528.0999755859375,265.9999999999627,passive,
1.0,856.115,856.399,702.7000122070312,552.0999755859375,283.9999999999918,passive,
1.0,856.419,856.578,626.5,539.0999755859375,158.99999999999181,passive,
1.0,856.621,856.861,327.79998779296875,509.0,240.0000000000091,passive,
1.0,856.905,857.044,651.2999877929688,531.7000122070312,139.00000000001,passive,
1.0,857.118,857.231,713.4000244140625,498.8999938964844,112.9999999999427,passive,
1.0,857.254,857.566,857.5,536.2999877929688,312.0000000000118,passive,
1.0,857.719,857.825,999.5,518.2999877929688,105.99999999999454,passive,
1.0,857.865,858.337,809.2999877929688,579.0,471.99999999998,passive,
1.0,858.381,858.721,1100.199951171875,482.3999938964844,340.00000000003183,passive,
1.0,858.746,859.166,950.4000244140625,528.2999877929688,420.00000000007276,passive,
1.0,859.216,859.443,1063.800048828125,735.0,226.99999999997544,passive,
1.0,859.482,859.718,843.2999877929688,638.7000122070312,235.99999999999,passive,
1.0,859.746,859.946,953.7000122070312,509.8999938964844,200.00000000004547,passive,
1.0,859.984,860.328,1144.5,375.29998779296875,343.99999999993724,passive,
1.0,860.378,860.672,1022.4000244140625,458.20001220703125,293.9999999999827,passive,
1.0,860.711,861.073,1191.0999755859375,322.6000061035156,361.99999999996635,passive,
1.0,861.096,861.247,1093.0999755859375,326.29998779296875,150.99999999995362,passive,
1.0,861.273,861.513,1251.9000244140625,340.1000061035156,240.0000000000091,passive,
1.0,861.567,861.777,971.0,324.6000061035156,210.00000000003638,passive,
1.0,861.811,862.193,1170.5999755859375,335.3999938964844,381.99999999994816,passive,
1.0,862.212,862.593,1107.0999755859375,407.1000061035156,380.9999999999718,passive,
1.0,862.628,862.998,1271.0999755859375,395.79998779296875,370.00000000000455,passive,
1.0,863.023,863.252,1162.9000244140625,431.3999938964844,228.99999999992815,passive,
1.0,863.266,863.584,1200.0999755859375,437.5,317.99999999998363,passive,
1.0,863.607,864.102,1321.699951171875,454.3999938964844,495.00000000000455,passive,
1.0,864.113,864.413,1317.5,429.20001220703125,299.9999999999545,passive,
1.0,864.433,864.525,1228.300048828125,469.79998779296875,91.99999999998454,passive,
1.0,864.571,864.735,969.7000122070312,671.7000122070312,163.99999999998727,passive,
1.0,864.763,865.105,825.5999755859375,653.2000122070312,341.99999999998454,passive,
1.0,865.117,865.367,825.0,684.5999755859375,250.0,passive,
1.0,865.377,865.607,830.0999755859375,707.5,230.0000000000182,passive,
1.0,865.631,865.851,740.9000244140625,672.4000244140625,220.00000000002728,passive,
1.0,865.873,866.183,680.7999877929688,614.5999755859375,309.99999999994543,passive,
1.0,866.209,866.388,817.2999877929688,580.0999755859375,179.0000000000873,passive,
1.0,866.431,867.05,542.4000244140625,525.2999877929688,618.9999999999145,passive,
1.0,867.067,867.883,513.0999755859375,535.7999877929688,816.0000000000309,passive,
1.0,867.899,868.045,561.5,528.0,145.99999999995816,passive,
1.0,868.066,868.34,640.9000244140625,519.7999877929688,274.0000000000009,passive,
1.0,868.378,869.237,807.9000244140625,470.70001220703125,858.9999999999236,passive,
1.0,869.262,869.571,931.5999755859375,477.6000061035156,309.00000000008276,passive,
1.0,869.594,869.935,834.9000244140625,496.1000061035156,340.9999999998945,passive,
1.0,869.954,870.065,866.2999877929688,552.5999755859375,111.00000000010368,passive,
1.0,870.211,870.452,1056.800048828125,509.79998779296875,240.99999999998545,passive,
1.0,870.479,870.561,933.7999877929688,576.2000122070312,81.99999999999363,passive,
1.0,870.598,871.099,1097.5,702.0,501.00000000009004,passive,
1.0,871.125,871.216,1047.199951171875,589.5999755859375,91.00000000000819,passive,
1.0,871.243,871.508,918.4000244140625,457.1000061035156,264.99999999998636,passive,
1.0,871.669,872.011,842.2000122070312,481.5,341.99999999998454,passive,
1.0,872.034,872.405,942.0,393.5,370.9999999999809,passive,
1.0,872.452,872.67,757.5,362.8999938964844,217.9999999999609,passive,
1.0,872.696,873.092,910.9000244140625,321.0,395.99999999995816,passive,
1.0,873.223,873.591,942.7999877929688,353.8999938964844,368.00000000005184,passive,
1.0,873.611,873.836,893.4000244140625,380.5,225.00000000002274,passive,
1.0,873.86,874.239,1009.7000122070312,349.3999938964844,379.0000000000191,passive,
1.0,874.391,874.694,770.2999877929688,360.1000061035156,302.99999999999727,passive,
1.0,874.719,875.251,920.9000244140625,315.0,531.9999999999254,passive,
1.0,875.288,875.691,825.5,231.3000030517578,403.00000000002,passive,
1.0,875.71,876.569,778.2999877929688,216.5,858.9999999999236,passive,
1.0,876.68,877.002,790.7000122070312,203.0,322.00000000000273,passive,
1.0,877.044,877.51,1026.199951171875,259.70001220703125,466.0000000000082,passive,
1.0,877.633,877.939,1110.0999755859375,309.1000061035156,305.99999999992633,passive,
1.0,877.967,878.105,1248.300048828125,335.3999938964844,138.00000000003365,passive,
1.0,878.132,878.416,1121.5,337.3999938964844,284.0000000001055,passive,
1.0,878.428,878.837,1095.800048828125,343.6000061035156,408.9999999999918,passive,
1.0,878.864,879.181,1249.9000244140625,395.3999938964844,317.0000000000073,passive,
1.0,879.194,879.301,1281.199951171875,367.1000061035156,107.00000000008458,passive,
1.0,879.461,879.605,599.2000122070312,428.5,144.00000000000546,passive,
1.0,879.655,880.019,272.1000061035156,530.2000122070312,364.00000000003274,passive,
1.0,880.039,880.347,313.8999938964844,613.2999877929688,307.9999999999927,passive,
1.0,880.379,880.686,389.3999938964844,676.5999755859375,307.00000000001637,passive,
1.0,880.785,881.421,267.79998779296875,532.9000244140625,636.000000000081,passive,
1.0,881.446,881.707,193.8000030517578,607.9000244140625,260.99999999996726,passive,
1.0,881.75,882.068,483.8999938964844,686.2000122070312,317.99999999998363,passive,
1.0,882.09,882.326,408.20001220703125,691.2000122070312,235.99999999999,passive,
1.0,882.352,882.543,299.6000061035156,615.2999877929688,191.00000000003092,passive,
1.0,882.58,882.771,158.0,635.0,190.99999999991724,passive,
1.0,882.796,882.918,346.79998779296875,670.0,121.99999999995725,passive,
1.0,883.107,883.687,323.8999938964844,636.7999877929688,580.0000000000409,passive,
1.0,883.709,883.835,330.8999938964844,529.0,126.00000000009004,passive,
1.0,884.026,884.121,303.8999938964844,458.5,95.00000000002728,passive,
1.0,884.3,884.897,265.0,370.79998779296875,597.0000000000937,passive,
1.0,884.953,885.19,516.2999877929688,387.3999938964844,237.00000000008004,passive,
1.0,885.316,885.534,512.5,399.1000061035156,217.9999999999609,passive,
1.0,885.546,885.76,527.2000122070312,360.5,213.9999999999418,passive,
1.0,885.81,886.762,198.39999389648438,255.1999969482422,951.9999999999982,passive,
1.0,886.82,887.013,751.5999755859375,416.6000061035156,192.99999999998363,passive,
1.0,887.124,887.338,1201.5999755859375,419.6000061035156,213.9999999999418,passive,
1.0,887.38,887.552,1069.0,628.2000122070312,172.00000000002547,passive,
1.0,887.592,887.817,1180.699951171875,866.9000244140625,225.00000000002274,passive,
1.0,887.84,888.005,1093.199951171875,893.0,164.99999999996362,passive,
1.0,888.028,888.209,1192.0999755859375,825.4000244140625,180.99999999992633,passive,
1.0,888.219,888.585,1181.0999755859375,801.0999755859375,365.99999999998545,passive,
1.0,888.739,889.176,1344.0,729.9000244140625,437.0000000000118,passive,
1.0,889.195,889.382,1288.4000244140625,724.7000122070312,186.99999999989814,passive,
1.0,889.59,889.895,1283.300048828125,698.7999877929688,304.99999999995,passive,
1.0,889.938,890.305,980.4000244140625,605.7999877929688,366.9999999999618,passive,
1.0,890.341,890.858,1084.4000244140625,747.7000122070312,516.9999999999391,passive,
1.0,891.099,891.452,907.0999755859375,709.2999877929688,352.9999999999518,passive,
1.0,891.478,891.985,785.2999877929688,608.9000244140625,507.00000000006185,passive,
1.0,892.011,892.745,753.2000122070312,769.2000122070312,734.0000000000373,passive,
1.0,892.782,893.398,774.9000244140625,559.7999877929688,615.9999999999854,passive,
1.0,893.425,893.865,905.2999877929688,480.3999938964844,440.00000000005457,passive,
1.0,893.892,894.223,882.5999755859375,334.29998779296875,330.9999999999036,passive,
1.0,894.265,894.56,651.2000122070312,255.10000610351562,294.9999999999591,passive,
1.0,894.6,894.662,885.0,385.79998779296875,62.00000000001182,passive,
1.0,894.686,895.165,793.7999877929688,502.3999938964844,478.99999999992815,passive,
1.0,895.204,895.717,759.2000122070312,701.5,513.0000000000337,passive,
1.0,895.744,896.057,848.2999877929688,837.5,312.9999999999882,passive,
1.0,896.232,896.517,607.2999877929688,591.2000122070312,285.00000000008185,passive,
1.0,896.525,896.614,613.2000122070312,564.0999755859375,89.00000000005548,passive,
1.0,896.664,896.968,687.9000244140625,902.0999755859375,303.9999999999736,passive,
1.0,897.011,897.448,863.2999877929688,756.2999877929688,437.0000000000118,passive,
1.0,897.604,897.823,951.4000244140625,487.8999938964844,218.99999999993724,passive,
1.0,897.856,898.245,744.4000244140625,494.79998779296875,389.00000000001,passive,
1.0,898.396,898.816,1292.300048828125,453.3999938964844,420.00000000007276,passive,
1.0,898.87,899.315,859.0999755859375,292.3999938964844,445.00000000005,passive,
1.0,899.36,899.624,1163.199951171875,238.6999969482422,264.00000000001,passive,
1.0,899.665,900.01,881.5,292.0,345.0000000000273,passive,
1.0,900.059,900.526,615.2999877929688,233.89999389648438,466.99999999998454,passive,
1.0,900.578,900.855,242.89999389648438,207.5,277.00000000004366,passive,
1.0,900.875,901.081,303.79998779296875,189.89999389648438,206.00000000001728,passive,
1.0,901.124,901.549,694.7000122070312,202.89999389648438,424.9999999999545,passive,
1.0,901.576,901.937,592.7999877929688,206.6999969482422,360.99999999999,passive,
1.0,902.053,902.308,574.2999877929688,279.3999938964844,254.99999999999545,passive,
1.0,902.355,902.826,953.0,184.39999389648438,471.00000000000364,passive,
1.0,902.85,903.291,890.5,279.20001220703125,441.0000000000309,passive,
1.0,903.316,903.615,714.5999755859375,333.0,298.9999999999782,passive,
1.0,903.656,904.205,923.7000122070312,248.89999389648438,549.0000000000919,passive,
1.0,904.239,904.741,774.4000244140625,300.8999938964844,501.9999999999527,passive,
1.0,904.853,905.285,669.7999877929688,290.70001220703125,432.00000000001637,passive,
1.0,905.329,905.837,948.5999755859375,368.1000061035156,508.0000000000382,passive,
1.0,905.972,906.257,953.2000122070312,327.1000061035156,284.99999999996817,passive,
1.0,906.31,906.674,620.7000122070312,314.79998779296875,364.00000000003274,passive,
1.0,906.709,907.112,493.8999938964844,388.1000061035156,403.00000000002,passive,
1.0,907.244,907.526,595.9000244140625,405.79998779296875,281.9999999999254,passive,
1.0,907.558,908.258,729.5999755859375,265.0,700.0000000000455,passive,
1.0,908.305,908.437,1006.9000244140625,384.5,132.00000000006185,passive,
1.0,908.61,908.871,984.7999877929688,344.79998779296875,260.99999999996726,passive,
1.0,908.911,909.419,730.9000244140625,269.20001220703125,508.0000000000382,passive,
1.0,909.446,909.795,576.5999755859375,395.1000061035156,348.9999999999327,passive,
1.0,909.826,910.351,545.5,251.3000030517578,524.9999999999773,passive,
1.0,910.413,910.629,1084.9000244140625,372.1000061035156,216.00000000000819,passive,
1.0,910.671,910.948,1375.199951171875,372.79998779296875,276.99999999992997,passive,
1.0,911.068,911.15,886.7999877929688,263.8999938964844,81.99999999999363,passive,
1.0,911.195,911.949,694.2999877929688,486.1000061035156,753.9999999999054,passive,
1.0,911.977,912.129,832.5999755859375,410.5,152.00000000004366,passive,
1.0,912.266,912.649,731.7999877929688,555.0999755859375,383.0000000000382,passive,
1.0,912.69,913.005,476.29998779296875,508.0,314.9999999999409,passive,
1.0,913.029,913.109,486.1000061035156,622.4000244140625,80.00000000004093,passive,
1.0,913.279,913.543,571.5,597.7000122070312,264.00000000001,passive,
1.0,913.584,914.011,316.6000061035156,594.7000122070312,427.0000000000209,passive,
1.0,914.035,914.31,384.6000061035156,710.5,274.99999999997726,passive,
1.0,914.358,914.488,757.9000244140625,675.0,130.00000000010914,passive,
1.0,914.655,915.318,872.0999755859375,487.0,663.0000000000109,passive,
1.0,915.383,915.747,249.89999389648438,511.1000061035156,363.99999999991905,passive,
1.0,915.763,916.056,273.8999938964844,580.7000122070312,293.00000000000637,passive,
1.0,916.238,916.435,685.7999877929688,583.4000244140625,196.99999999988904,passive,
1.0,916.457,916.62,620.7000122070312,606.0,163.0000000000109,passive,
1.0,916.877,917.265,663.5,548.4000244140625,388.00000000003365,passive,
1.0,917.288,917.766,565.5,580.2999877929688,477.9999999999518,passive,
1.0,917.784,918.155,607.7999877929688,521.9000244140625,370.9999999999809,passive,
1.0,918.32,918.614,474.5,514.7000122070312,293.9999999999827,passive,
1.0,918.65,918.993,686.7000122070312,562.2000122070312,343.0000000000746,passive,
1.0,919.01,919.21,743.2000122070312,567.7999877929688,200.00000000004547,passive,
1.0,919.236,919.668,616.4000244140625,629.9000244140625,432.00000000001637,passive,
1.0,919.806,920.232,251.89999389648438,644.9000244140625,425.9999999999309,passive,
1.0,920.248,920.494,310.1000061035156,618.5999755859375,245.9999999999809,passive,
1.0,920.515,920.819,251.39999389648438,633.4000244140625,303.9999999999736,passive,
1.0,920.994,921.295,719.2999877929688,696.4000244140625,300.9999999999309,passive,
1.0,921.309,921.436,745.2999877929688,732.4000244140625,127.0000000000664,passive,
1.0,921.465,921.843,625.2999877929688,633.7999877929688,377.99999999992906,passive,
1.0,922.04,922.385,1008.0999755859375,662.5,345.0000000000273,passive,
1.0,922.433,922.721,635.0999755859375,603.7999877929688,288.0000000000109,passive,
1.0,922.739,923.011,622.4000244140625,620.0,271.9999999999345,passive,
1.0,923.036,923.28,574.7999877929688,483.70001220703125,244.0000000000282,passive,
1.0,923.293,923.472,558.5999755859375,443.0,178.99999999997362,passive,
1.0,923.513,923.847,617.2999877929688,646.2000122070312,333.99999999994634,passive,
1.0,923.872,924.059,529.7999877929688,704.9000244140625,187.00000000001182,passive,
1.0,924.075,924.413,507.0,739.7999877929688,337.99999999996544,passive,
1.0,924.468,924.789,1021.4000244140625,803.2000122070312,321.0000000000264,passive,
1.0,924.827,924.97,986.0,633.0,143.0000000000291,passive,
1.0,924.991,925.212,1022.5,537.7999877929688,221.00000000000364,passive,
1.0,925.368,925.572,904.0,515.2999877929688,203.9999999999509,passive,
1.0,925.634,925.982,317.70001220703125,522.0999755859375,347.99999999995634,passive,
1.0,926.02,926.138,601.4000244140625,514.0,118.00000000005184,passive,
1.0,926.183,926.571,267.20001220703125,506.3999938964844,388.00000000003365,passive,
1.0,926.595,926.702,392.70001220703125,493.6000061035156,106.9999999999709,passive,
1.0,926.758,926.851,984.7000122070312,532.7000122070312,92.99999999996089,passive,
1.0,926.895,927.021,1223.199951171875,538.7000122070312,125.99999999997635,passive,
1.0,927.063,927.178,1412.5,486.79998779296875,115.0000000000091,passive,
1.0,927.218,927.463,1038.699951171875,529.7000122070312,245.00000000000455,passive,
1.0,927.496,927.752,832.4000244140625,512.4000244140625,255.9999999999718,passive,
1.0,927.798,928.144,1121.5,607.9000244140625,346.00000000000364,passive,
1.0,928.182,928.606,976.0,761.5,423.9999999999782,passive,
1.0,928.774,929.262,962.7999877929688,556.0,487.9999999999427,passive,
1.0,929.322,930.27,377.29998779296875,493.8999938964844,947.9999999999791,passive,
1.0,930.303,930.535,572.9000244140625,524.0999755859375,231.9999999999709,passive,
1.0,930.553,930.741,515.0,538.4000244140625,187.99999999998818,passive,
1.0,930.787,931.297,438.70001220703125,780.0,509.9999999999909,passive,
1.0,931.344,931.617,849.9000244140625,815.0999755859375,272.99999999991087,passive,
1.0,931.638,931.739,817.5,880.9000244140625,100.99999999999909,passive,
1.0,931.793,931.996,300.3999938964844,839.2999877929688,202.99999999997453,passive,
1.0,932.011,932.261,332.5,809.0,250.0,passive,
1.0,932.325,932.936,1049.699951171875,900.4000244140625,610.99999999999,passive,
1.0,933.063,933.303,1227.800048828125,677.5,240.0000000000091,passive,
1.0,933.331,933.692,1039.300048828125,687.2000122070312,360.99999999999,passive,
1.0,933.736,933.851,752.5999755859375,649.5,115.0000000000091,passive,
1.0,934.046,934.307,732.5,589.0999755859375,260.99999999996726,passive,
1.0,934.368,934.643,218.10000610351562,643.7000122070312,274.99999999997726,passive,
1.0,934.66,934.838,209.60000610351562,693.7000122070312,177.99999999999727,passive,
1.0,934.862,935.046,338.0,740.2999877929688,184.00000000008276,passive,
1.0,935.094,935.346,794.5999755859375,761.9000244140625,251.9999999999527,passive,
1.0,935.384,935.744,1014.5,756.0999755859375,360.00000000001364,passive,
1.0,935.77,936.028,1173.5,758.4000244140625,258.0000000000382,passive,
1.0,936.067,936.31,1036.5999755859375,663.7999877929688,242.99999999993815,passive,
1.0,936.335,936.628,937.2000122070312,687.4000244140625,293.00000000000637,passive,
1.0,936.838,936.967,886.5,529.7000122070312,129.0000000000191,passive,
1.0,936.985,937.408,938.7999877929688,509.3999938964844,423.0000000000018,passive,
1.0,937.451,937.783,1288.4000244140625,495.6000061035156,331.99999999999363,passive,
1.0,937.959,938.348,955.5,503.8999938964844,389.00000000001,passive,
1.0,938.392,938.524,657.5,509.3999938964844,131.99999999994816,passive,
1.0,938.552,938.835,849.0999755859375,493.8999938964844,283.00000000001546,passive,
1.0,938.855,939.207,775.7999877929688,497.5,351.99999999997544,passive,
1.0,939.262,939.479,276.3999938964844,512.0999755859375,217.00000000009823,passive,
1.0,939.515,939.63,576.5,498.79998779296875,115.0000000000091,passive,
1.0,939.679,939.922,190.60000610351562,519.7999877929688,243.00000000005184,passive,
1.0,939.944,940.463,133.3000030517578,534.2000122070312,519.0000000000055,passive,
1.0,940.481,941.29,65.4000015258789,513.4000244140625,808.9999999999691,passive,
1.0,941.303,942.103,85.19999694824219,548.5999755859375,799.9999999999545,passive,
1.0,942.167,942.258,675.0,521.0999755859375,91.00000000000819,passive,
1.0,942.28,942.431,758.7999877929688,526.7000122070312,151.0000000000673,passive,
1.0,942.567,942.943,754.0,528.5,375.99999999997635,passive,
1.0,942.982,943.168,1024.300048828125,513.2000122070312,186.00000000003547,passive,
1.0,943.178,943.324,1000.5,513.7999877929688,145.99999999995816,passive,
1.0,943.357,943.821,802.2000122070312,500.3999938964844,464.0000000000555,passive,
1.0,943.858,944.311,1023.0,598.0,453.0000000000882,passive,
1.0,944.334,944.392,1121.0999755859375,612.0,58.00000000010641,passive,
1.0,944.422,944.602,997.5,532.4000244140625,179.99999999994998,passive,
1.0,944.609,944.843,998.0,515.0999755859375,233.9999999999236,passive,
1.0,944.895,945.019,842.4000244140625,788.4000244140625,124.00000000002365,passive,
1.0,945.063,945.305,501.20001220703125,856.2000122070312,241.9999999999618,passive,
1.0,945.331,945.506,612.9000244140625,858.4000244140625,174.99999999995453,passive,
1.0,945.56,946.011,1136.5,929.2000122070312,451.0000000000218,passive,
1.0,946.036,946.397,1049.0999755859375,968.2999877929688,361.0000000001037,passive,
1.0,946.413,946.73,1010.7999877929688,972.5,317.0000000000073,passive,
1.0,946.761,947.13,1038.9000244140625,817.7999877929688,369.0000000000282,passive,
1.0,947.154,947.506,942.0,815.7000122070312,351.99999999997544,passive,
1.0,947.536,947.961,789.4000244140625,802.5,425.0000000000682,passive,
1.0,947.988,948.349,731.2000122070312,642.5,360.99999999999,passive,
1.0,948.372,948.626,636.5999755859375,566.2000122070312,254.0000000000191,passive,
1.0,948.652,949.08,795.4000244140625,550.7000122070312,427.99999999999727,passive,
1.0,949.1,949.34,742.0,589.7999877929688,240.0000000000091,passive,
1.0,949.355,949.681,777.2999877929688,626.7000122070312,326.0000000000218,passive,
1.0,949.715,949.932,757.0999755859375,805.7000122070312,216.99999999998454,passive,
1.0,949.956,950.533,756.0999755859375,880.4000244140625,576.9999999999982,passive,
1.0,950.557,950.779,658.7999877929688,808.0999755859375,221.99999999998,passive,
1.0,950.808,950.973,539.4000244140625,716.5,164.99999999996362,passive,
1.0,951.031,951.221,343.8999938964844,336.6000061035156,190.00000000005457,passive,
1.0,951.239,951.625,319.20001220703125,268.3999938964844,385.99999999996726,passive,
1.0,951.64,952.834,275.29998779296875,239.1999969482422,1193.99999999996,passive,
1.0,952.876,953.247,580.7000122070312,147.60000610351562,370.9999999999809,passive,
1.0,953.368,953.656,1150.800048828125,323.79998779296875,287.9999999998972,passive,
1.0,953.709,953.731,681.2000122070312,341.0,22.000000000048203,passive,
1.0,953.756,953.857,694.2999877929688,398.5,100.99999999999909,passive,
1.0,953.883,954.015,791.0999755859375,439.1000061035156,131.99999999994816,passive,
1.0,954.081,954.408,1353.800048828125,415.3999938964844,326.9999999999982,passive,
1.0,954.425,954.592,1311.0999755859375,401.29998779296875,167.00000000003,passive,
1.0,954.612,955.076,1299.0999755859375,320.79998779296875,464.0000000000555,passive,
1.0,955.102,955.268,1428.5999755859375,356.8999938964844,166.00000000005366,passive,
1.0,955.294,955.453,1309.800048828125,370.70001220703125,158.99999999999181,passive,
1.0,955.581,955.743,1294.5999755859375,398.8999938964844,162.00000000003456,passive,
1.0,955.79,956.006,883.0999755859375,379.6000061035156,216.00000000000819,passive,
1.0,956.05,956.223,628.2000122070312,263.8999938964844,173.00000000000182,passive,
1.0,956.258,956.45,498.0,380.3999938964844,192.00000000000728,passive,
1.0,956.491,956.781,282.6000061035156,480.8999938964844,289.9999999999636,passive,
1.0,956.801,957.059,347.70001220703125,502.1000061035156,257.9999999999245,passive,
1.0,957.088,957.255,453.8999938964844,598.5,167.00000000003,passive,
1.0,957.312,957.335,80.9000015258789,381.3999938964844,23.000000000024556,passive,
1.0,957.506,957.729,148.5,759.0,223.00000000007003,passive,
1.0,957.754,957.942,315.79998779296875,764.0,187.99999999998818,passive,
1.0,957.967,958.085,231.5,822.2000122070312,118.00000000005184,passive,
1.0,958.111,958.372,156.60000610351562,892.7000122070312,260.99999999996726,passive,
1.0,958.551,958.658,-5.400000095367432,921.9000244140625,106.9999999999709,passive,
1.0,958.73,958.89,426.1000061035156,341.20001220703125,159.99999999996817,passive,
1.0,958.916,959.055,559.0,324.20001220703125,138.99999999989632,passive,
1.0,959.09,959.179,587.0,163.5,88.99999999994179,passive,
1.0,959.256,959.412,1281.4000244140625,621.7000122070312,156.00000000006276,passive,
1.0,959.448,959.612,1046.699951171875,542.5999755859375,163.99999999998727,passive,
1.0,959.63,960.293,991.7000122070312,521.5999755859375,663.0000000000109,passive,
1.0,960.349,960.605,1322.800048828125,849.7000122070312,255.9999999999718,passive,
1.0,960.632,960.973,1199.199951171875,747.0,341.0000000000082,passive,
1.0,961.024,961.23,755.2999877929688,567.2999877929688,206.00000000001728,,
1.0,961.295,961.412,1360.199951171875,815.0,117.00000000007549,,
1.0,961.471,961.691,719.0,583.7000122070312,220.00000000002728,,
1.0,961.838,962.034,825.5,583.9000244140625,196.00000000002638,passive,
1.0,962.056,962.469,747.9000244140625,571.9000244140625,413.0000000000109,passive,
1.0,962.629,962.716,748.0,586.2000122070312,86.99999999998909,passive,
1.0,962.747,962.974,755.7000122070312,433.70001220703125,227.00000000008913,passive,
1.0,962.989,963.136,705.5999755859375,422.3999938964844,146.99999999993452,passive,
1.0,963.181,963.355,1043.0999755859375,413.0,173.99999999997817,passive,
1.0,963.37,963.561,1007.5999755859375,411.0,191.00000000003092,passive,
1.0,963.605,963.885,706.4000244140625,463.6000061035156,279.9999999999727,passive,
1.0,963.917,964.105,633.5999755859375,531.5,187.99999999998818,passive,
1.0,964.144,964.781,438.20001220703125,586.4000244140625,636.9999999999436,passive,
1.0,964.811,965.042,448.8999938964844,695.7999877929688,230.99999999999454,passive,
1.0,965.089,965.387,201.3000030517578,891.0,297.99999999988813,passive,
1.0,965.43,965.972,488.3999938964844,677.5,542.00000000003,passive,
1.0,966.011,966.312,715.0999755859375,520.0999755859375,301.00000000004457,passive,
1.0,966.329,966.533,727.4000244140625,455.8999938964844,204.00000000006457,passive,
1.0,966.574,966.74,1012.0999755859375,443.79998779296875,166.00000000005366,passive,
1.0,966.838,967.068,985.7999877929688,409.0,230.0000000000182,passive,
1.0,967.105,967.269,757.5999755859375,477.5,163.99999999998727,passive,
1.0,967.399,967.827,880.2000122070312,535.7999877929688,427.99999999999727,passive,
1.0,967.97,968.069,596.7000122070312,680.0,98.9999999999327,passive,
1.0,968.123,968.364,186.89999389648438,920.7999877929688,240.99999999998545,passive,
1.0,968.413,968.799,497.0,643.7000122070312,385.99999999996726,passive,
1.0,968.859,969.27,909.2000122070312,486.6000061035156,410.9999999999445,passive,
1.0,969.327,969.567,1346.199951171875,541.9000244140625,240.0000000000091,passive,
1.0,969.64,969.704,1427.800048828125,937.2000122070312,63.99999999996453,passive,
1.0,969.821,969.858,2476.0,1464.800048828125,36.999999999920874,passive,
1.0,969.886,970.196,2684.10009765625,1548.9000244140625,310.0000000000591,passive,
1.0,970.442,970.588,628.2999877929688,582.7000122070312,145.99999999995816,passive,
1.0,970.628,970.804,377.3999938964844,707.2000122070312,175.99999999993088,passive,
1.0,970.851,971.097,726.5,445.70001220703125,245.9999999999809,passive,
1.0,971.111,971.404,702.2000122070312,430.20001220703125,293.00000000000637,passive,
1.0,971.438,971.852,560.2000122070312,452.3999938964844,413.99999999998727,passive,
1.0,971.865,972.182,542.0999755859375,447.6000061035156,317.0000000000073,passive,
1.0,972.293,972.545,774.5,416.3999938964844,251.9999999999527,passive,
1.0,972.567,972.739,711.0,409.3999938964844,172.00000000002547,passive,
1.0,972.767,972.995,846.5,503.5,227.9999999999518,passive,
1.0,973.135,973.275,904.0999755859375,499.20001220703125,139.99999999998636,passive,
1.0,973.311,973.546,1053.0999755859375,400.29998779296875,235.00000000001364,passive,
1.0,973.556,973.719,1024.5,405.3999938964844,163.0000000000109,passive,
1.0,973.779,973.918,723.7000122070312,580.5,139.00000000001,passive,
1.0,973.984,974.114,272.6000061035156,819.0999755859375,129.99999999999545,passive,
1.0,974.135,974.314,210.0,887.4000244140625,178.99999999997362,passive,
1.0,974.548,974.692,449.29998779296875,662.2999877929688,144.00000000000546,passive,
1.0,974.71,974.997,503.1000061035156,669.7000122070312,286.9999999999209,passive,
1.0,975.038,975.189,794.7000122070312,580.5999755859375,150.99999999995362,passive,
1.0,975.205,975.679,756.5,565.7000122070312,473.9999999999327,passive,
1.0,975.704,976.032,786.2000122070312,424.5,328.0000000000882,passive,
1.0,976.075,976.402,596.4000244140625,544.0999755859375,326.9999999999982,passive,
1.0,976.452,976.769,413.5,754.9000244140625,317.0000000000073,passive,
1.0,976.953,977.377,867.2000122070312,619.0,423.9999999999782,passive,
1.0,977.429,977.652,816.5999755859375,332.6000061035156,223.00000000007003,passive,
1.0,977.705,977.885,407.29998779296875,316.1000061035156,179.99999999994998,passive,
1.0,978.031,978.311,373.5,595.4000244140625,280.0000000000864,passive,
1.0,978.36,978.82,731.2000122070312,490.20001220703125,460.0000000000364,passive,
1.0,978.864,979.155,506.70001220703125,580.7000122070312,290.99999999994,passive,
1.0,979.319,979.568,918.0999755859375,709.4000244140625,249.00000000002365,passive,
1.0,979.617,979.869,666.7999877929688,502.8999938964844,252.0000000000664,passive,
1.0,980.009,980.24,731.5999755859375,609.7000122070312,230.99999999999454,passive,
1.0,980.298,980.366,1017.0,972.2000122070312,67.99999999998363,passive,
1.0,980.564,980.605,1265.5999755859375,972.9000244140625,41.00000000005366,passive,
1.0,980.667,980.995,761.0,580.4000244140625,327.99999999997453,passive,
1.0,981.212,981.298,1045.199951171875,717.9000244140625,86.00000000001273,passive,
1.0,981.305,981.379,1045.0,711.7999877929688,74.00000000006912,passive,
1.0,981.432,981.78,603.9000244140625,550.0999755859375,347.99999999995634,passive,
1.0,981.807,982.048,757.0,547.2999877929688,240.99999999998545,passive,
1.0,982.055,982.273,746.7000122070312,552.5,218.00000000007458,passive,
1.0,982.296,982.853,747.4000244140625,452.0,556.9999999999027,passive,
1.0,982.887,983.176,828.4000244140625,593.4000244140625,289.00000000010095,passive,
1.0,983.2,983.417,738.7999877929688,611.0,216.99999999998454,passive,
1.0,983.567,983.914,500.79998779296875,612.0999755859375,346.99999999998,passive,
1.0,983.953,984.293,747.2000122070312,596.5,340.00000000003183,passive,
1.0,984.312,984.67,799.2000122070312,600.7999877929688,357.99999999994725,passive,
1.0,984.707,984.799,756.2000122070312,772.7999877929688,91.99999999998454,passive,
1.0,984.825,985.233,763.0,622.7000122070312,407.9999999999018,passive,
1.0,985.289,985.566,344.3999938964844,529.5999755859375,277.00000000004366,passive,
1.0,985.623,985.753,822.7999877929688,559.5999755859375,129.99999999999545,passive,
1.0,985.901,986.165,1083.5999755859375,472.5,264.00000000001,passive,
1.0,986.212,986.365,726.5999755859375,365.5,153.00000000002,passive,
1.0,986.411,986.692,1142.5999755859375,487.1000061035156,281.00000000006276,passive,
1.0,986.859,986.959,1063.5,750.0999755859375,99.99999999990905,passive,
1.0,987.002,987.397,756.2000122070312,598.5,395.0000000000955,passive,
1.0,987.618,987.906,720.7000122070312,618.0,287.9999999998972,passive,
1.0,987.955,988.205,546.7000122070312,857.5,250.0,passive,
1.0,988.253,988.446,741.0,566.5,192.99999999998363,passive,
1.0,988.614,989.042,752.2999877929688,504.70001220703125,427.99999999999727,passive,
1.0,989.064,989.281,819.2999877929688,587.2000122070312,216.99999999998454,passive,
1.0,989.446,989.818,765.0999755859375,486.70001220703125,371.99999999995725,passive,
1.0,989.844,990.154,829.5999755859375,645.0999755859375,309.99999999994543,passive,
1.0,990.323,990.652,819.4000244140625,550.7999877929688,329.0000000000646,passive,
1.0,990.684,990.893,703.9000244140625,640.0999755859375,209.00000000006003,passive,
1.0,991.058,991.249,631.7999877929688,637.2000122070312,191.00000000003092,passive,
1.0,991.287,991.639,817.7999877929688,591.2999877929688,351.99999999997544,passive,
1.0,991.69,991.783,1091.300048828125,495.6000061035156,92.99999999996089,passive,
1.0,991.948,992.051,1023.2999877929688,486.8999938964844,103.00000000006548,passive,
1.0,992.091,992.565,765.2000122070312,591.5,474.0000000000464,passive,
1.0,992.613,992.742,437.20001220703125,551.4000244140625,128.9999999999054,passive,
1.0,992.903,993.23,823.0999755859375,596.7000122070312,326.9999999999982,passive,
1.0,993.263,993.537,995.0999755859375,799.2000122070312,274.0000000000009,passive,
1.0,993.729,993.902,761.5999755859375,667.9000244140625,173.00000000000182,passive,
1.0,993.92,994.195,812.7999877929688,624.0,275.00000000009095,passive,
1.0,994.235,994.467,602.5,516.2000122070312,231.9999999999709,passive,
1.0,994.514,994.803,413.29998779296875,722.0999755859375,288.99999999998727,passive,
1.0,994.847,995.075,759.7999877929688,640.5999755859375,228.00000000006548,passive,
1.0,995.227,995.529,355.6000061035156,617.7999877929688,302.0000000000209,passive,
1.0,995.584,995.791,766.5999755859375,604.0999755859375,207.00000000010732,passive,
1.0,995.845,996.195,326.0,584.4000244140625,350.00000000002274,passive,
1.0,996.217,996.426,394.20001220703125,591.0999755859375,209.00000000006003,passive,
1.0,996.599,996.832,792.2999877929688,625.9000244140625,232.99999999994725,passive,
1.0,996.843,997.032,804.5999755859375,613.5,189.00000000007822,passive,
1.0,997.089,997.283,1167.800048828125,505.29998779296875,193.99999999995998,passive,
1.0,997.322,997.644,1358.0999755859375,470.3999938964844,322.00000000000273,passive,
1.0,997.696,997.803,809.5999755859375,487.70001220703125,106.9999999999709,passive,
1.0,997.824,997.991,756.4000244140625,522.2000122070312,167.00000000003,passive,
1.0,998.113,998.804,743.2000122070312,532.2000122070312,690.9999999999172,passive,
1.0,998.842,998.904,971.5,508.8999938964844,62.00000000001182,passive,
1.0,998.947,999.103,771.2999877929688,323.6000061035156,155.99999999994907,passive,
1.0,999.121,999.362,733.7000122070312,305.70001220703125,240.99999999998545,passive,
1.0,999.527,999.712,956.2000122070312,449.6000061035156,184.99999999994543,passive,
1.0,999.736,999.89,1053.300048828125,491.5,153.99999999999636,passive,
1.0,999.945,1000.223,719.0999755859375,387.20001220703125,277.9999999999063,passive,
1.0,1000.244,1000.37,702.4000244140625,440.70001220703125,125.99999999997635,passive,
1.0,1000.398,1000.635,580.4000244140625,531.5,236.99999999996635,passive,
1.0,1000.683,1000.969,467.79998779296875,777.7000122070312,286.0000000000582,passive,
1.0,1001.11,1001.134,634.2999877929688,791.2000122070312,24.00000000000091,passive,
1.0,1001.146,1001.302,629.7999877929688,821.5,156.00000000006276,passive,
1.0,1001.325,1001.472,554.0999755859375,843.9000244140625,146.99999999993452,passive,
1.0,1001.511,1001.804,825.5,819.5,293.00000000000637,passive,
1.0,1002.008,1002.228,1015.4000244140625,514.2999877929688,219.9999999999136,passive,
1.0,1002.24,1002.555,1056.800048828125,517.9000244140625,314.9999999999409,passive,
1.0,1002.606,1002.888,1489.800048828125,694.4000244140625,282.0000000000391,passive,
1.0,1003.092,1003.292,821.0999755859375,429.29998779296875,200.00000000004547,passive,
1.0,1003.317,1003.623,737.0999755859375,315.70001220703125,306.00000000004,passive,
1.0,1003.842,1004.157,475.0,635.7999877929688,315.00000000005457,passive,
1.0,1004.41,1004.6,871.5,723.2000122070312,190.00000000005457,passive,
1.0,1004.638,1005.13,791.7999877929688,535.5,491.9999999999618,passive,
1.0,1005.16,1005.445,694.5999755859375,484.5,285.00000000008185,passive,
1.0,1005.486,1005.643,514.2999877929688,527.0,157.0000000000391,passive,
1.0,1005.705,1005.93,1029.699951171875,544.2000122070312,224.99999999990905,passive,
1.0,1005.944,1006.186,1066.9000244140625,529.2999877929688,242.0000000000755,passive,
1.0,1006.238,1006.511,787.0999755859375,817.9000244140625,272.99999999991087,passive,
1.0,1006.556,1006.787,445.8999938964844,818.2999877929688,230.99999999999454,passive,
1.0,1006.811,1007.018,561.2000122070312,813.9000244140625,206.99999999999363,passive,
1.0,1007.168,1007.465,839.2999877929688,791.7999877929688,297.00000000002547,passive,
1.0,1007.486,1007.772,772.0,757.5,286.0000000000582,passive,
1.0,1007.815,1008.105,594.7999877929688,606.5,289.9999999999636,passive,
1.0,1008.161,1008.507,962.7000122070312,571.2000122070312,346.00000000000364,passive,
1.0,1008.546,1008.752,705.5999755859375,550.7000122070312,205.9999999999036,passive,
1.0,1008.767,1009.029,740.4000244140625,554.7000122070312,261.9999999999436,passive,
1.0,1009.055,1009.393,732.2000122070312,439.1000061035156,338.0000000000791,passive,
1.0,1009.419,1009.739,686.7000122070312,517.4000244140625,320.00000000005,passive,
1.0,1010.033,1010.287,785.9000244140625,481.3999938964844,254.0000000000191,passive,
1.0,1010.328,1010.479,551.4000244140625,454.0,151.0000000000673,passive,
1.0,1010.524,1010.715,553.7000122070312,687.2000122070312,191.00000000003092,passive,
1.0,1010.757,1011.097,737.7999877929688,503.70001220703125,340.00000000003183,passive,
1.0,1011.241,1011.525,759.9000244140625,536.0,283.9999999999918,passive,
1.0,1011.562,1011.862,615.4000244140625,437.3999938964844,299.9999999999545,passive,
1.0,1011.881,1012.038,584.2000122070312,440.8999938964844,157.0000000000391,passive,
1.0,1012.069,1012.241,767.7000122070312,397.6000061035156,172.00000000002547,passive,
1.0,1012.292,1012.601,370.5,462.8999938964844,308.9999999999691,passive,
1.0,1012.636,1012.816,202.3000030517578,501.0,180.00000000006366,passive,
1.0,1012.865,1013.127,732.5999755859375,483.1000061035156,261.9999999999436,passive,
1.0,1013.165,1013.349,902.2999877929688,488.29998779296875,184.00000000008276,passive,
1.0,1013.387,1013.752,704.2999877929688,435.5,365.0000000000091,passive,
1.0,1013.773,1014.269,767.0999755859375,460.8999938964844,495.9999999999809,passive,
1.0,1014.29,1014.458,842.7000122070312,514.0,168.00000000000637,passive,
1.0,1014.6,1014.776,957.4000244140625,599.2999877929688,175.99999999993088,passive,
1.0,1014.82,1015.026,1284.5999755859375,653.4000244140625,205.9999999999036,passive,
1.0,1015.073,1015.384,921.9000244140625,528.7999877929688,311.00000000003547,passive,
1.0,1015.422,1015.663,727.2000122070312,612.2999877929688,240.99999999998545,passive,
1.0,1015.856,1016.022,724.2999877929688,439.6000061035156,166.00000000005366,passive,
1.0,1016.063,1016.371,536.4000244140625,634.7000122070312,307.9999999999927,passive,
1.0,1016.413,1016.696,781.7999877929688,505.8999938964844,283.00000000001546,passive,
1.0,1016.715,1017.254,763.5,539.4000244140625,538.9999999999873,passive,
1.0,1017.276,1017.591,842.5,551.0999755859375,315.00000000005457,passive,
1.0,1017.788,1018.11,593.2000122070312,470.5,322.00000000000273,passive,
1.0,1018.184,1018.394,936.2999877929688,677.4000244140625,210.00000000003638,passive,
1.0,1018.434,1018.719,1213.199951171875,770.0,285.00000000008185,passive,
1.0,1018.735,1018.858,1173.4000244140625,786.2999877929688,122.9999999999336,passive,
1.0,1018.882,1019.057,1228.9000244140625,864.0999755859375,175.0000000000682,passive,
1.0,1019.07,1019.31,1198.699951171875,887.4000244140625,239.9999999998954,passive,
1.0,1019.337,1019.536,1328.699951171875,779.2000122070312,198.99999999995543,passive,
1.0,1019.591,1019.871,1386.699951171875,332.8999938964844,279.9999999999727,passive,
1.0,1019.91,1020.12,1107.0,330.3999938964844,210.00000000003638,passive,
1.0,1020.175,1020.385,609.2000122070312,330.0,210.00000000003638,passive,
1.0,1020.425,1020.649,383.6000061035156,383.79998779296875,224.00000000004638,passive,
1.0,1020.7,1021.163,104.69999694824219,616.7000122070312,462.99999999996544,passive,
1.0,1021.242,1021.496,1043.699951171875,433.70001220703125,254.0000000000191,passive,
1.0,1021.539,1021.841,733.4000244140625,330.79998779296875,302.0000000000209,passive,
1.0,1021.859,1022.028,740.9000244140625,258.6000061035156,168.99999999998272,passive,
1.0,1022.091,1022.39,1398.5,303.0,298.9999999999782,passive,
1.0,1022.414,1022.704,1318.5999755859375,245.60000610351562,289.9999999999636,passive,
1.0,1022.737,1022.953,1489.699951171875,269.1000061035156,216.00000000000819,passive,
1.0,1022.962,1023.102,1467.300048828125,277.3999938964844,139.99999999998636,passive,
1.0,1023.184,1023.332,1101.9000244140625,827.2000122070312,148.00000000002456,passive,
1.0,1023.365,1023.482,1188.9000244140625,829.7000122070312,116.9999999999618,passive,
1.0,1023.535,1023.906,716.4000244140625,528.0,370.9999999999809,passive,
1.0,1023.921,1024.446,758.2000122070312,533.7000122070312,524.9999999998636,passive,
1.0,1024.494,1024.639,444.79998779296875,614.2999877929688,144.9999999999818,passive,
1.0,1024.663,1024.823,365.8999938964844,672.4000244140625,160.00000000008185,passive,
1.0,1024.865,1025.17,136.6999969482422,628.5,305.00000000006366,passive,
1.0,1025.188,1025.307,99.9000015258789,607.2999877929688,118.99999999991451,passive,
1.0,1025.467,1025.698,123.9000015258789,576.4000244140625,230.99999999999454,passive,
1.0,1025.722,1026.128,254.8000030517578,603.7999877929688,405.99999999994907,passive,
1.0,1026.156,1026.421,158.10000610351562,656.4000244140625,265.00000000010004,passive,
1.0,1026.436,1026.714,185.3000030517578,699.2999877929688,278.00000000002,passive,
1.0,1026.88,1027.103,119.4000015258789,685.5,222.99999999995634,passive,
1.0,1027.119,1027.267,168.89999389648438,637.5999755859375,148.00000000013824,passive,
1.0,1027.3,1027.548,450.0,669.0999755859375,248.0000000000473,passive,
1.0,1027.626,1027.775,1230.5999755859375,640.9000244140625,149.0000000001146,passive,
1.0,1027.803,1027.948,1373.699951171875,646.5999755859375,144.9999999999818,passive,
1.0,1027.958,1028.085,1380.0,621.0999755859375,126.9999999999527,passive,
1.0,1028.121,1028.273,1107.4000244140625,671.2000122070312,151.99999999981628,passive,
1.0,1028.287,1028.451,1084.300048828125,683.0,163.99999999998727,passive,
1.0,1028.468,1028.986,1134.0,687.0999755859375,518.0000000000291,passive,
1.0,1029.056,1029.242,365.29998779296875,679.9000244140625,185.99999999992178,passive,
1.0,1029.262,1029.477,425.0,659.0,215.00000000014552,passive,
1.0,1029.5,1029.648,366.1000061035156,655.7000122070312,147.99999999991087,passive,
1.0,1029.711,1029.96,1119.5999755859375,663.9000244140625,249.00000000002365,passive,
1.0,1029.978,1030.302,1175.4000244140625,686.7999877929688,323.99999999984175,passive,
1.0,1030.334,1030.735,1404.4000244140625,591.2000122070312,400.99999999983993,passive,
1.0,1030.756,1030.966,1338.300048828125,593.7000122070312,209.999999999809,passive,
1.0,1030.989,1031.249,1446.4000244140625,600.0999755859375,259.9999999999909,passive,
1.0,1031.343,1031.535,392.29998779296875,673.4000244140625,192.00000000000728,passive,
1.0,1031.553,1031.732,441.20001220703125,667.4000244140625,178.99999999985994,passive,
1.0,1031.752,1032.134,373.70001220703125,670.2000122070312,382.00000000006185,passive,
1.0,1032.187,1032.351,161.39999389648438,605.4000244140625,164.00000000021464,passive,
1.0,1032.404,1032.662,794.2999877929688,490.3999938964844,258.0000000000382,passive,
1.0,1032.718,1032.922,863.0,176.5,203.9999999999509,passive,
1.0,1033.006,1033.201,731.9000244140625,760.7000122070312,194.99999999993634,passive,
1.0,1033.22,1033.466,756.7000122070312,718.2000122070312,245.9999999998672,passive,
1.0,1033.52,1033.772,281.20001220703125,728.7000122070312,251.9999999999527,passive,
1.0,1033.805,1034.139,130.0,718.5999755859375,333.99999999983265,passive,
1.0,1034.153,1034.293,112.80000305175781,736.0999755859375,139.99999999987267,passive,
1.0,1034.303,1034.443,143.39999389648438,748.0999755859375,139.99999999987267,passive,
1.0,1034.538,1034.666,1343.4000244140625,276.8999938964844,127.99999999992906,passive,
1.0,1034.691,1034.928,1487.300048828125,200.5,237.00000000008004,passive,
1.0,1034.979,1035.22,964.0,291.3999938964844,240.99999999998545,passive,
1.0,1035.458,1036.65,764.7999877929688,527.2999877929688,1192.0000000000073,passive,
1.0,1036.664,1036.793,802.4000244140625,543.7999877929688,128.9999999999054,passive,
1.0,1036.839,1037.219,427.1000061035156,418.79998779296875,380.00000000010914,passive,
1.0,1037.237,1037.609,494.79998779296875,395.0,371.99999999984357,passive,
1.0,1037.618,1037.834,482.0,382.8999938964844,216.00000000012187,passive,
1.0,1037.889,1038.097,1053.699951171875,509.79998779296875,208.00000000008367,passive,
1.0,1038.122,1038.296,1202.199951171875,467.8999938964844,173.99999999997817,passive,
1.0,1038.421,1038.532,1218.699951171875,392.8999938964844,110.99999999987631,passive,
1.0,1038.589,1038.85,683.9000244140625,639.0,260.99999999996726,passive,
1.0,1038.879,1039.237,537.7999877929688,643.4000244140625,358.0000000001746,passive,
1.0,1039.26,1039.601,421.3999938964844,695.2000122070312,341.0000000001219,passive,
1.0,1039.64,1039.934,680.5,700.7000122070312,293.99999999986903,passive,
1.0,1039.96,1040.141,545.7999877929688,721.7999877929688,181.00000000004002,passive,
1.0,1040.169,1040.312,695.5,743.4000244140625,142.99999999980173,passive,
1.0,1040.336,1040.602,726.7000122070312,641.0,266.0000000000764,passive,
1.0,1040.623,1040.98,764.0,555.7999877929688,356.9999999999709,passive,
1.0,1041.003,1041.317,801.7000122070312,460.3999938964844,314.0000000000782,passive,
1.0,1041.359,1041.68,566.5,555.2999877929688,321.00000000014006,passive,
1.0,1041.73,1041.9,732.9000244140625,307.8999938964844,170.00000000007276,passive,
1.0,1042.023,1042.385,745.7000122070312,231.8000030517578,362.00000000008004,passive,
1.0,1042.426,1042.707,699.9000244140625,509.70001220703125,281.00000000017644,passive,
1.0,1042.754,1042.984,1047.4000244140625,518.2999877929688,230.0000000000182,passive,
1.0,1043.142,1043.329,898.7999877929688,494.70001220703125,186.99999999989814,passive,
1.0,1043.378,1043.706,546.7999877929688,699.9000244140625,327.99999999997453,passive,
1.0,1043.73,1043.845,378.6000061035156,729.0999755859375,115.0000000000091,passive,
1.0,1043.898,1044.072,824.9000244140625,364.20001220703125,173.99999999997817,passive,
1.0,1044.099,1044.415,904.5,256.0,316.0000000000309,passive,
1.0,1044.441,1044.836,755.5999755859375,233.1999969482422,394.9999999999818,passive,
1.0,1044.886,1045.111,1204.0,296.70001220703125,225.00000000013642,passive,
1.0,1045.132,1045.543,1257.9000244140625,369.1000061035156,410.99999999983083,passive,
1.0,1045.631,1046.005,235.5,306.6000061035156,374.00000000002365,passive,
1.0,1046.039,1046.171,353.1000061035156,442.5,132.00000000006185,passive,
1.0,1046.192,1046.689,359.3999938964844,491.3999938964844,497.00000000007094,passive,
1.0,1046.734,1046.956,774.0,607.2999877929688,221.99999999998,passive,
1.0,1046.985,1047.236,851.9000244140625,429.8999938964844,251.00000000020373,passive,
1.0,1047.286,1047.496,500.70001220703125,437.5,210.00000000003638,passive,
1.0,1047.546,1047.935,181.8000030517578,434.5,388.9999999998963,passive,
1.0,1047.977,1048.144,417.70001220703125,394.70001220703125,166.99999999991633,passive,
1.0,1048.185,1048.513,535.0999755859375,215.3000030517578,327.99999999997453,passive,
1.0,1048.61,1049.215,753.2999877929688,565.7999877929688,605.0000000000182,,
1.0,1049.369,1049.497,1656.5,1025.300048828125,128.00000000015643,passive,
1.0,1049.526,1049.73,1590.199951171875,1153.0,203.9999999999509,passive,
1.0,1049.821,1050.01,2409.89990234375,1650.5999755859375,189.00000000007822,passive,
1.0,1050.126,1050.261,762.7000122070312,459.6000061035156,134.9999999999909,passive,
1.0,1050.287,1050.521,732.0999755859375,552.5999755859375,233.9999999999236,passive,
1.0,1050.565,1050.753,533.4000244140625,362.5,187.9999999998745,passive,
1.0,1050.778,1050.887,433.6000061035156,478.8999938964844,108.9999999999236,passive,
1.0,1050.91,1051.342,380.0,582.9000244140625,432.00000000001637,passive,
1.0,1051.386,1051.647,729.5999755859375,553.4000244140625,260.99999999996726,passive,
1.0,1051.758,1052.286,1155.4000244140625,437.29998779296875,528.00000000002,passive,
1.0,1052.457,1052.807,712.0999755859375,513.7999877929688,349.99999999990905,passive,
1.0,1052.834,1053.172,605.7999877929688,395.6000061035156,337.99999999996544,passive,
1.0,1053.215,1053.448,474.29998779296875,556.5999755859375,233.00000000017462,passive,
1.0,1053.575,1054.021,620.2999877929688,547.4000244140625,445.9999999999127,passive,
1.0,1054.047,1054.287,605.5,404.79998779296875,240.0000000000091,passive,
1.0,1054.414,1054.905,632.9000244140625,503.79998779296875,490.99999999998545,passive,
1.0,1054.935,1055.26,494.5,518.0,325.0000000000455,passive,
1.0,1055.3,1055.518,779.2999877929688,571.2000122070312,218.00000000007458,passive,
1.0,1055.661,1055.952,766.4000244140625,523.9000244140625,290.99999999994,passive,
1.0,1056.004,1056.417,1063.4000244140625,502.6000061035156,413.0000000000109,passive,
1.0,1056.553,1056.882,622.0999755859375,650.2000122070312,328.9999999999509,passive,
1.0,1056.923,1057.159,383.20001220703125,616.7000122070312,236.00000000010368,passive,
1.0,1057.19,1057.673,282.1000061035156,673.7000122070312,482.99999999994725,passive,
1.0,1057.71,1058.04,478.8999938964844,651.2000122070312,329.99999999992724,passive,
1.0,1058.07,1058.252,717.7999877929688,650.7000122070312,182.00000000001637,passive,
1.0,1058.404,1058.585,888.0,576.0999755859375,181.00000000004002,passive,
1.0,1058.648,1058.82,608.2999877929688,918.7000122070312,172.00000000002547,passive,
1.0,1058.876,1059.267,491.20001220703125,562.9000244140625,391.0000000000764,passive,
1.0,1059.308,1059.53,250.3000030517578,586.7999877929688,221.99999999998,passive,
1.0,1059.599,1059.797,807.0,314.3999938964844,198.00000000009277,passive,
1.0,1059.841,1060.33,1069.300048828125,366.79998779296875,489.00000000003274,passive,
1.0,1060.484,1060.706,934.7000122070312,641.7000122070312,221.99999999998,passive,
1.0,1060.754,1060.998,628.7999877929688,578.7000122070312,244.00000000014188,passive,
1.0,1061.211,1061.341,1079.5999755859375,754.7999877929688,129.99999999988177,passive,
1.0,1061.406,1061.559,570.0999755859375,1011.2000122070312,153.00000000002,passive,
1.0,1061.611,1061.881,508.79998779296875,605.7000122070312,269.9999999999818,passive,
1.0,1061.925,1062.283,746.0999755859375,440.3999938964844,357.99999999994725,passive,
1.0,1062.423,1062.629,677.9000244140625,453.8999938964844,205.9999999999036,passive,
1.0,1062.679,1063.066,389.79998779296875,668.0999755859375,386.9999999999436,passive,
1.0,1063.272,1063.629,719.5999755859375,499.5,356.9999999999709,passive,
1.0,1063.672,1063.708,484.6000061035156,507.79998779296875,36.00000000005821,passive,
1.0,1063.891,1064.188,511.29998779296875,518.2999877929688,297.00000000002547,passive,
1.0,1064.214,1064.443,623.0999755859375,384.5,229.00000000004184,passive,
1.0,1064.503,1064.839,1024.5999755859375,383.0,336.00000000001273,passive,
1.0,1064.872,1065.127,1190.4000244140625,340.79998779296875,254.99999999988177,passive,
1.0,1065.143,1065.353,1242.699951171875,308.6000061035156,210.00000000003638,passive,
1.0,1065.39,1065.61,1008.7000122070312,288.8999938964844,219.9999999997999,passive,
1.0,1065.638,1066.137,1184.9000244140625,302.20001220703125,499.00000000002365,passive,
1.0,1066.148,1066.221,1162.9000244140625,277.79998779296875,73.00000000009277,passive,
1.0,1066.281,1066.757,527.7999877929688,265.1000061035156,476.0000000001128,passive,
1.0,1066.797,1066.979,755.5999755859375,444.6000061035156,182.00000000001637,passive,
1.0,1067.131,1067.503,729.0999755859375,472.5,371.99999999984357,passive,
1.0,1067.544,1067.706,518.9000244140625,527.0,161.9999999998072,passive,
1.0,1067.747,1067.91,790.0,632.2999877929688,163.0000000000109,passive,
1.0,1067.95,1068.184,1031.699951171875,744.7999877929688,233.9999999999236,passive,
1.0,1068.237,1068.549,1236.300048828125,384.3999938964844,311.99999999989814,passive,
1.0,1068.595,1068.794,868.2000122070312,366.0,199.00000000006912,passive,
1.0,1068.855,1069.032,370.0,314.79998779296875,176.99999999990723,passive,
1.0,1069.086,1069.266,818.0999755859375,310.20001220703125,180.00000000006366,passive,
1.0,1069.418,1069.614,309.70001220703125,276.79998779296875,196.00000000014006,passive,
1.0,1069.664,1069.756,178.39999389648438,509.20001220703125,92.00000000009823,passive,
1.0,1069.793,1069.953,113.80000305175781,602.4000244140625,160.00000000008185,passive,
1.0,1070.026,1070.233,822.2000122070312,831.2999877929688,206.99999999987995,passive,
1.0,1070.258,1070.458,943.5999755859375,865.5999755859375,200.00000000004547,passive,
1.0,1070.502,1070.842,715.9000244140625,651.4000244140625,340.0000000001455,passive,
1.0,1070.883,1071.061,463.0,581.9000244140625,177.99999999988358,passive,
1.0,1071.197,1071.436,407.20001220703125,523.7999877929688,239.00000000003274,passive,
1.0,1071.462,1071.799,355.8999938964844,678.7000122070312,336.9999999999891,passive,
1.0,1071.836,1072.099,209.39999389648438,819.7000122070312,262.99999999991996,passive,
1.0,1072.126,1072.38,377.20001220703125,711.2000122070312,254.0000000001328,passive,
1.0,1072.435,1072.721,977.2000122070312,752.2000122070312,286.0000000000582,passive,
1.0,1072.876,1073.02,1091.699951171875,662.2999877929688,144.00000000000546,passive,
1.0,1073.069,1073.28,1247.199951171875,395.6000061035156,211.00000000001273,passive,
1.0,1073.328,1073.594,836.2999877929688,337.1000061035156,266.0000000000764,passive,
1.0,1073.759,1073.998,960.4000244140625,339.6000061035156,239.00000000003274,passive,
1.0,1074.044,1074.272,1287.199951171875,361.5,227.9999999998381,passive,
1.0,1074.298,1074.514,1410.4000244140625,254.1999969482422,215.9999999998945,passive,
1.0,1074.564,1074.674,1002.9000244140625,217.1999969482422,109.99999999989996,passive,
1.0,1074.73,1074.928,647.5999755859375,224.6999969482422,198.00000000009277,passive,
1.0,1074.973,1075.217,373.20001220703125,222.10000610351562,244.00000000014188,passive,
1.0,1075.255,1075.483,180.6999969482422,270.70001220703125,227.9999999998381,passive,
1.0,1075.556,1075.824,920.7999877929688,334.29998779296875,268.0000000000291,passive,
1.0,1075.978,1076.399,1284.699951171875,404.79998779296875,420.99999999982174,passive,
1.0,1076.426,1076.688,1388.9000244140625,297.20001220703125,262.000000000171,passive,
1.0,1076.708,1076.835,1439.5999755859375,227.6999969482422,126.9999999999527,passive,
1.0,1076.892,1076.981,941.7999877929688,424.5,88.99999999994179,passive,
1.0,1077.008,1077.516,773.9000244140625,542.7999877929688,508.0000000000382,passive,
1.0,1077.543,1077.789,672.7999877929688,484.6000061035156,246.0000000000946,passive,
1.0,1077.828,1078.109,927.0999755859375,553.5,280.99999999994907,passive,
1.0,1078.154,1078.417,573.7000122070312,575.7000122070312,262.99999999991996,passive,
1.0,1078.571,1078.779,815.5,636.5999755859375,208.00000000008367,passive,
1.0,1078.821,1079.024,1053.0999755859375,887.7000122070312,202.99999999997453,passive,
1.0,1079.057,1079.256,817.4000244140625,903.4000244140625,199.00000000006912,passive,
1.0,1079.309,1079.55,614.4000244140625,523.0,240.99999999998545,passive,
1.0,1079.587,1079.867,839.2000122070312,530.5,279.9999999999727,passive,
1.0,1079.887,1080.041,901.7999877929688,592.9000244140625,153.99999999999636,passive,
1.0,1080.093,1080.403,524.5999755859375,357.3999938964844,309.99999999994543,passive,
1.0,1080.457,1080.629,916.9000244140625,237.5,171.9999999997981,passive,
1.0,1080.67,1080.952,1212.800048828125,409.8999938964844,281.9999999999254,passive,
1.0,1081.001,1081.295,1413.199951171875,702.5,294.0000000000964,passive,
1.0,1081.347,1081.584,964.7000122070312,661.2999877929688,237.00000000008004,passive,
1.0,1081.631,1081.927,624.5999755859375,568.4000244140625,295.99999999982174,passive,
1.0,1082.049,1082.325,491.5,576.2000122070312,276.0000000000673,passive,
1.0,1082.366,1082.689,813.7000122070312,607.2999877929688,323.00000000009277,passive,
1.0,1082.715,1082.832,939.7000122070312,622.2000122070312,117.00000000018917,passive,
1.0,1082.949,1083.267,581.5999755859375,420.0,317.99999999998363,passive,
1.0,1083.312,1083.626,863.5999755859375,580.4000244140625,314.0000000000782,passive,
1.0,1083.672,1083.945,610.5999755859375,443.70001220703125,272.99999999991087,passive,
1.0,1084.005,1084.244,999.0,546.2000122070312,238.99999999980537,passive,
1.0,1084.296,1084.563,596.5999755859375,702.0999755859375,267.00000000005275,passive,
1.0,1084.597,1084.825,500.20001220703125,572.0,228.00000000006548,passive,
1.0,1084.878,1085.206,841.0,692.4000244140625,327.99999999997453,passive,
1.0,1085.345,1085.577,528.0999755859375,360.29998779296875,231.9999999999709,passive,
1.0,1085.631,1086.049,972.5999755859375,297.70001220703125,417.9999999998927,passive,
1.0,1086.076,1086.454,1027.5999755859375,405.8999938964844,377.99999999992906,passive,
1.0,1086.497,1086.757,1341.800048828125,424.70001220703125,259.9999999999909,passive,
1.0,1086.784,1087.003,1427.699951171875,275.5,218.99999999982356,passive,
1.0,1087.07,1087.242,698.7000122070312,267.70001220703125,172.00000000002547,passive,
1.0,1087.275,1087.566,550.4000244140625,335.1000061035156,290.99999999994,passive,
1.0,1087.617,1087.865,849.4000244140625,398.1000061035156,248.0000000000473,passive,
1.0,1088.043,1088.524,829.5,734.9000244140625,480.99999999999454,passive,
1.0,1088.568,1089.113,472.5,660.0999755859375,545.0000000000728,passive,
1.0,1089.158,1089.372,787.5,874.4000244140625,214.00000000016917,passive,
1.0,1089.416,1089.785,1189.5,877.5999755859375,369.0000000001419,passive,
1.0,1089.805,1090.225,1142.699951171875,819.0999755859375,419.9999999998454,passive,
1.0,1090.244,1090.315,1094.199951171875,817.9000244140625,71.00000000014006,passive,
1.0,1090.359,1090.63,762.4000244140625,813.2000122070312,271.00000000018554,passive,
1.0,1090.673,1091.014,753.0,553.0999755859375,340.9999999998945,passive,
1.0,1091.056,1091.439,998.5,617.7000122070312,383.0000000000382,passive,
1.0,1091.476,1091.558,1177.9000244140625,558.7999877929688,81.99999999987995,passive,
1.0,1091.692,1091.828,1114.5,504.8999938964844,135.99999999996726,passive,
1.0,1091.88,1092.241,668.0,375.8999938964844,360.9999999998763,passive,
1.0,1092.292,1092.494,917.0999755859375,572.0999755859375,201.99999999999818,passive,
1.0,1092.654,1092.996,728.0,447.70001220703125,342.0000000000982,passive,
1.0,1093.022,1093.613,770.5999755859375,557.5,591.0000000001219,passive,
1.0,1093.768,1094.1,786.7999877929688,521.4000244140625,331.99999999987995,passive,
1.0,1094.143,1094.339,558.7000122070312,602.0,195.9999999999127,passive,
1.0,1094.387,1094.776,705.7999877929688,846.0999755859375,389.0000000001237,passive,
1.0,1094.826,1095.154,279.79998779296875,874.2999877929688,327.99999999997453,passive,
1.0,1095.164,1095.393,271.3999938964844,854.5,229.00000000004184,passive,
1.0,1095.433,1095.575,75.19999694824219,744.7999877929688,142.00000000005275,passive,
1.0,1095.611,1095.829,297.8999938964844,860.4000244140625,217.9999999998472,passive,
1.0,1095.98,1096.333,318.29998779296875,880.0999755859375,353.0000000000655,passive,
1.0,1096.35,1096.67,305.6000061035156,826.4000244140625,320.0000000001637,passive,
1.0,1096.703,1096.881,212.5,593.7000122070312,178.00000000011096,passive,
1.0,1096.962,1097.178,1105.699951171875,607.5999755859375,216.00000000012187,passive,
1.0,1097.223,1097.566,1428.4000244140625,598.0999755859375,343.0000000000746,passive,
1.0,1097.592,1097.786,1284.9000244140625,505.29998779296875,193.99999999995998,passive,
1.0,1097.824,1097.967,1038.300048828125,517.9000244140625,143.0000000000291,passive,
1.0,1098.026,1098.25,574.2000122070312,272.70001220703125,223.9999999999327,passive,
1.0,1098.304,1098.431,169.1999969482422,373.6000061035156,126.9999999999527,passive,
1.0,1098.472,1098.814,152.89999389648438,569.5999755859375,342.0000000000982,passive,
1.0,1098.873,1099.176,649.2999877929688,594.2999877929688,302.9999999998836,passive,
1.0,1099.385,1099.801,1025.5,901.4000244140625,415.99999999994,passive,
1.0,1099.845,1100.182,1355.699951171875,904.4000244140625,336.9999999999891,passive,
1.0,1100.202,1100.301,1429.300048828125,938.4000244140625,98.9999999999327,passive,
1.0,1100.354,1100.814,1384.800048828125,501.5,460.0000000000364,passive,
1.0,1100.828,1100.918,1369.0999755859375,461.1000061035156,89.99999999991815,passive,
1.0,1101.067,1101.415,577.4000244140625,420.1000061035156,347.99999999995634,passive,
1.0,1101.461,1101.818,913.9000244140625,590.7999877929688,356.9999999999709,passive,
1.0,1101.955,1102.449,798.5,412.79998779296875,494.0000000001419,passive,
1.0,1102.506,1102.896,327.20001220703125,378.1000061035156,389.99999999987267,passive,
1.0,1102.923,1103.152,221.8000030517578,504.79998779296875,229.00000000004184,passive,
1.0,1103.205,1103.493,609.5,625.2000122070312,288.0000000000109,passive,
1.0,1103.522,1103.792,839.0,528.7999877929688,269.9999999999818,passive,
1.0,1103.862,1104.031,1297.800048828125,429.79998779296875,168.99999999986903,passive,
1.0,1104.091,1104.155,1477.199951171875,662.9000244140625,64.00000000007822,passive,
1.0,1104.21,1104.383,1391.5,980.4000244140625,173.00000000000182,passive,
1.0,1104.475,1104.701,217.0,835.9000244140625,226.00000000011278,passive,
1.0,1104.745,1104.913,154.1999969482422,613.7999877929688,168.00000000012005,passive,
1.0,1104.966,1105.103,66.80000305175781,946.5999755859375,137.00000000017099,passive,
1.0,1105.127,1105.444,31.5,955.5,317.0000000000073,passive,
1.0,1105.459,1106.313,1.7999999523162842,965.9000244140625,854.0000000000418,passive,
1.0,1106.332,1107.304,-28.899999618530273,983.5999755859375,971.99999999998,passive,
1.0,1107.311,1107.501,-52.79999923706055,974.5,190.00000000005457,passive,
1.0,1107.574,1107.806,732.2999877929688,595.0,231.9999999999709,passive,
1.0,1107.821,1108.237,743.9000244140625,558.5999755859375,416.00000000016735,passive,
1.0,1108.353,1108.467,766.5999755859375,613.4000244140625,114.00000000003274,passive,
1.0,1108.516,1108.678,1148.199951171875,837.0,162.00000000003456,passive,
1.0,1108.72,1108.858,1476.800048828125,945.0999755859375,137.99999999991996,passive,
1.0,1108.872,1109.033,1512.5999755859375,970.5999755859375,160.99999999983083,passive,
1.0,1109.131,1109.378,11.699999809265137,993.5,246.99999999984357,passive,
1.0,1109.449,1109.727,336.1000061035156,290.5,278.00000000002,passive,
1.0,1109.77,1109.985,677.2000122070312,330.29998779296875,214.99999999991815,passive,
1.0,1110.031,1110.324,1035.199951171875,513.2999877929688,293.00000000012005,passive,
1.0,1110.385,1110.637,1520.4000244140625,561.7999877929688,251.9999999999527,passive,
1.0,1110.68,1110.912,1238.0999755859375,374.29998779296875,231.9999999999709,passive,
1.0,1110.983,1111.07,1511.699951171875,872.2999877929688,86.99999999998909,passive,
1.0,1111.1,1111.235,1494.800048828125,1013.9000244140625,134.9999999999909,passive,
1.0,1111.246,1111.466,1524.9000244140625,997.5999755859375,219.9999999997999,passive,
1.0,1111.537,1111.967,765.5999755859375,517.2999877929688,430.00000000006366,passive,
1.0,1112.014,1112.294,531.7999877929688,247.5,280.0000000002001,passive,
1.0,1112.338,1112.644,880.7999877929688,267.29998779296875,306.00000000004,passive,
1.0,1112.703,1113.084,1124.5,608.9000244140625,381.0000000000855,passive,
1.0,1113.149,1113.549,626.7000122070312,761.0,400.00000000009095,passive,
1.0,1113.59,1113.791,363.29998779296875,774.4000244140625,201.00000000002183,passive,
1.0,1113.854,1114.176,290.20001220703125,312.29998779296875,321.99999999988904,passive,
1.0,1114.269,1114.403,1341.9000244140625,448.29998779296875,134.00000000001455,passive,
1.0,1114.432,1114.754,1507.0999755859375,566.2999877929688,321.99999999988904,passive,
1.0,1114.808,1115.046,1268.199951171875,873.4000244140625,238.0000000000564,passive,
1.0,1115.101,1115.286,712.0,554.7000122070312,184.99999999994543,passive,
1.0,1115.3,1115.665,748.7999877929688,537.0,365.0000000000091,passive,
1.0,1115.805,1115.944,799.2999877929688,530.2999877929688,138.99999999989632,passive,
1.0,1115.986,1116.142,511.5,429.79998779296875,155.99999999994907,passive,
1.0,1116.155,1116.587,549.4000244140625,413.3999938964844,432.00000000001637,passive,
1.0,1116.615,1116.728,506.8999938964844,586.0999755859375,113.00000000005639,passive,
1.0,1116.765,1117.312,549.0,415.8999938964844,546.9999999997981,passive,
1.0,1117.365,1118.494,941.0,401.8999938964844,1128.9999999999054,passive,
1.0,1118.54,1118.72,557.5999755859375,437.1000061035156,180.00000000006366,passive,
1.0,1118.732,1118.828,590.7000122070312,449.79998779296875,96.00000000000364,passive,
1.0,1118.848,1119.097,634.4000244140625,424.1000061035156,249.00000000002365,passive,
1.0,1119.118,1119.619,564.9000244140625,415.6000061035156,500.99999999997635,passive,
1.0,1119.665,1119.894,264.0,515.5999755859375,229.00000000004184,passive,
1.0,1119.923,1120.173,225.0,331.79998779296875,250.0,passive,
1.0,1120.254,1120.414,1082.4000244140625,413.0,160.00000000008185,passive,
1.0,1120.469,1120.835,1516.0,704.5999755859375,365.99999999998545,passive,
1.0,1120.847,1121.245,1506.4000244140625,685.7000122070312,397.99999999991087,passive,
1.0,1121.298,1121.529,996.2000122070312,674.2999877929688,230.99999999999454,passive,
1.0,1121.564,1121.808,1230.199951171875,688.7999877929688,243.9999999999145,passive,
1.0,1121.846,1121.966,1316.699951171875,516.5,119.99999999989086,passive,
1.0,1122.005,1122.093,1482.199951171875,636.0,87.99999999996544,passive,
1.0,1122.135,1122.342,1223.699951171875,437.79998779296875,207.00000000010732,passive,
1.0,1122.364,1122.703,1295.199951171875,458.29998779296875,338.9999999999418,passive,
1.0,1122.758,1122.92,780.9000244140625,552.9000244140625,162.00000000003456,passive,
1.0,1122.93,1123.312,753.7000122070312,540.7999877929688,381.9999999998345,passive,
1.0,1123.44,1123.525,757.0999755859375,464.29998779296875,85.00000000003638,passive,
1.0,1123.562,1123.716,541.7999877929688,422.79998779296875,153.99999999999636,passive,
1.0,1123.736,1123.878,480.79998779296875,426.1000061035156,141.99999999982538,passive,
1.0,1123.926,1124.126,127.4000015258789,310.6000061035156,200.00000000004547,passive,
1.0,1124.135,1124.477,148.10000610351562,316.3999938964844,342.0000000000982,passive,
1.0,1124.504,1124.966,162.89999389648438,529.4000244140625,461.9999999999891,passive,
1.0,1124.992,1125.206,151.8000030517578,360.3999938964844,213.9999999999418,passive,
1.0,1125.288,1125.395,1082.199951171875,385.3999938964844,106.9999999999709,passive,
1.0,1125.418,1126.121,1166.699951171875,361.3999938964844,703.0000000002019,passive,
1.0,1126.167,1126.318,1515.5,433.5,151.0000000000673,passive,
1.0,1126.326,1127.381,1497.199951171875,425.3999938964844,1055.0000000000637,passive,
1.0,1127.444,1127.546,911.0999755859375,430.70001220703125,102.00000000008913,passive,
1.0,1127.579,1127.741,1116.5999755859375,446.5,162.00000000003456,passive,
1.0,1127.748,1127.928,1106.199951171875,429.5,180.00000000006366,passive,
1.0,1127.937,1128.043,1084.300048828125,424.79998779296875,105.99999999999454,passive,
1.0,1128.097,1128.494,741.5,393.29998779296875,396.9999999999345,passive,
1.0,1128.535,1129.192,490.0,419.20001220703125,656.9999999999254,passive,
1.0,1129.198,1129.947,482.20001220703125,418.1000061035156,748.9999999997963,passive,
1.0,1129.994,1130.333,838.0999755859375,349.20001220703125,339.00000000016917,passive,
1.0,1130.355,1130.503,766.5999755859375,399.29998779296875,147.99999999991087,passive,
1.0,1130.544,1130.878,1078.5999755859375,376.3999938964844,333.99999999983265,passive,
1.0,1130.891,1131.483,1103.5999755859375,405.70001220703125,591.9999999998709,passive,
1.0,1131.566,1131.681,226.89999389648438,380.29998779296875,115.0000000000091,passive,
1.0,1131.702,1132.095,199.3000030517578,327.70001220703125,393.0000000000291,passive,
1.0,1132.126,1132.489,185.0,501.29998779296875,363.0000000000564,passive,
1.0,1132.558,1132.723,879.2000122070312,535.7999877929688,164.99999999996362,passive,
1.0,1132.748,1132.972,771.2000122070312,543.0999755859375,223.9999999999327,passive,
1.0,1133.009,1133.036,797.7000122070312,427.3999938964844,27.000000000043656,passive,
1.0,1133.053,1133.292,796.5,498.20001220703125,238.99999999980537,passive,
1.0,1133.308,1133.543,758.2000122070312,526.5999755859375,234.99999999989996,passive,
1.0,1133.596,1133.715,344.8999938964844,388.5,118.99999999991451,passive,
1.0,1133.778,1133.865,951.4000244140625,643.5999755859375,86.99999999998909,passive,
1.0,1133.904,1134.043,1092.300048828125,848.4000244140625,138.99999999989632,passive,
1.0,1134.061,1134.283,1140.699951171875,857.2999877929688,221.99999999998,passive,
1.0,1134.292,1134.5,1166.699951171875,853.5,208.00000000008367,passive,
1.0,1134.516,1134.989,1123.800048828125,866.5,472.99999999995634,passive,
1.0,1135.033,1135.205,1145.9000244140625,553.7999877929688,172.00000000002547,passive,
1.0,1135.216,1135.899,1147.0999755859375,511.70001220703125,682.9999999999927,passive,
1.0,1135.908,1136.311,1141.0999755859375,491.6000061035156,403.00000000002,passive,
1.0,1136.373,1136.53,762.0999755859375,817.7999877929688,156.99999999992542,passive,
1.0,1136.55,1136.643,773.2000122070312,885.2000122070312,93.00000000007458,passive,
1.0,1136.665,1137.512,789.5999755859375,939.5999755859375,846.99999999998,passive,
1.0,1137.703,1138.075,420.3999938964844,454.70001220703125,372.00000000007094,passive,
1.0,1138.101,1138.344,293.29998779296875,385.8999938964844,242.99999999993815,passive,
1.0,1138.38,1138.593,471.6000061035156,426.5,212.99999999996544,passive,
1.0,1138.629,1139.083,728.2999877929688,441.1000061035156,454.00000000017826,passive,
1.0,1139.256,1139.426,757.5999755859375,478.3999938964844,169.9999999998454,passive,
1.0,1139.453,1139.738,823.2000122070312,322.8999938964844,285.00000000008185,passive,
1.0,1139.804,1139.957,1387.699951171875,396.8999938964844,153.00000000002,passive,
1.0,1140.035,1140.221,1437.800048828125,864.2999877929688,185.99999999992178,passive,
1.0,1140.265,1140.435,1069.9000244140625,904.7000122070312,169.9999999998454,passive,
1.0,1140.46,1140.745,1170.800048828125,897.2999877929688,284.9999999998545,passive,
1.0,1140.754,1140.978,1159.800048828125,877.2000122070312,224.00000000016007,passive,
1.0,1140.992,1141.705,1196.199951171875,910.9000244140625,712.9999999999654,passive,
1.0,1141.715,1141.82,1176.800048828125,891.9000244140625,105.00000000001819,passive,
1.0,1141.84,1142.128,1115.0999755859375,851.4000244140625,288.0000000000109,passive,
1.0,1142.148,1142.301,1177.0,849.2999877929688,153.00000000002,passive,
1.0,1142.517,1142.825,1101.5,856.0999755859375,307.9999999999927,passive,
1.0,1142.847,1143.02,1199.0,849.2000122070312,173.00000000000182,passive,
1.0,1143.03,1143.254,1173.9000244140625,855.9000244140625,223.9999999999327,passive,
1.0,1143.311,1143.442,650.4000244140625,849.5,131.0000000000855,passive,
1.0,1143.495,1143.724,308.20001220703125,649.9000244140625,229.00000000004184,passive,
1.0,1143.774,1143.929,741.5,909.2999877929688,155.0000000002001,passive,
1.0,1143.947,1144.107,790.0999755859375,931.0999755859375,160.00000000008185,passive,
1.0,1144.114,1144.299,780.2999877929688,939.5,184.99999999994543,passive,
1.0,1144.32,1145.576,830.9000244140625,942.2999877929688,1256.0000000000855,passive,
1.0,1145.625,1145.801,479.5,790.5999755859375,175.99999999993088,passive,
1.0,1145.831,1145.972,334.5,846.5999755859375,141.0000000000764,passive,
1.0,1146.026,1146.224,298.29998779296875,401.1000061035156,197.9999999998654,passive,
1.0,1146.251,1146.673,259.1000061035156,601.4000244140625,422.00000000002547,passive,
1.0,1146.696,1146.929,375.20001220703125,596.5999755859375,233.00000000017462,passive,
1.0,1146.972,1147.071,547.0,406.0,98.9999999999327,passive,
1.0,1147.113,1147.422,844.5,440.79998779296875,308.9999999999691,passive,
1.0,1147.451,1147.811,690.5,515.0999755859375,359.99999999989996,passive,
1.0,1147.863,1148.143,713.5999755859375,777.2000122070312,279.9999999999727,passive,
1.0,1148.172,1148.414,907.2000122070312,795.4000244140625,241.9999999999618,passive,
1.0,1148.45,1149.011,695.7000122070312,850.2999877929688,560.9999999999218,passive,
1.0,1149.033,1149.277,785.0,859.5999755859375,244.00000000014188,passive,
1.0,1149.324,1149.625,993.5,606.0,300.9999999999309,passive,
1.0,1149.649,1150.144,1119.4000244140625,525.0999755859375,495.00000000011823,passive,
1.0,1150.303,1150.649,714.9000244140625,413.79998779296875,345.99999999977626,passive,
1.0,1150.686,1151.118,520.5999755859375,420.8999938964844,432.00000000001637,passive,
1.0,1151.161,1151.496,447.70001220703125,598.5,335.0000000000364,passive,
1.0,1151.636,1152.004,656.7000122070312,559.2000122070312,367.99999999993815,passive,
1.0,1152.046,1152.347,683.2000122070312,412.3999938964844,300.9999999999309,passive,
1.0,1152.522,1152.867,596.9000244140625,306.1000061035156,345.0000000000273,passive,
1.0,1152.898,1153.4,496.1000061035156,498.70001220703125,502.0000000001801,passive,
1.0,1153.531,1153.739,411.20001220703125,339.29998779296875,208.00000000008367,passive,
1.0,1153.766,1154.192,438.6000061035156,509.6000061035156,425.9999999999309,passive,
1.0,1154.237,1154.654,809.2000122070312,626.2999877929688,416.9999999999163,passive,
1.0,1154.859,1155.072,814.2000122070312,628.2999877929688,212.99999999996544,passive,
1.0,1155.113,1155.307,549.7000122070312,589.2000122070312,193.99999999995998,passive,
1.0,1155.331,1155.583,458.29998779296875,613.9000244140625,252.00000000018008,passive,
1.0,1155.6,1155.91,406.70001220703125,635.7999877929688,310.0000000001728,passive,
1.0,1155.934,1156.114,295.5,595.0,180.00000000006366,passive,
1.0,1156.165,1156.596,787.0,525.5,431.00000000004,passive,
1.0,1156.613,1156.948,812.2000122070312,463.3999938964844,335.0000000000364,passive,
1.0,1156.971,1157.323,912.0999755859375,377.3999938964844,352.00000000008913,passive,
1.0,1157.334,1157.489,877.2000122070312,379.3999938964844,154.99999999997272,passive,
1.0,1157.513,1157.655,769.2000122070312,487.3999938964844,142.00000000005275,passive,
1.0,1157.671,1157.853,752.2999877929688,531.2000122070312,182.00000000001637,passive,
1.0,1157.992,1158.53,745.2999877929688,545.5999755859375,538.0000000000109,passive,
1.0,1158.554,1158.865,856.5999755859375,536.0,310.9999999999218,passive,
1.0,1158.915,1159.109,455.6000061035156,515.7000122070312,193.99999999995998,passive,
1.0,1159.343,1159.597,815.0,679.9000244140625,253.9999999999054,passive,
1.0,1159.61,1159.899,844.0,661.2000122070312,288.99999999998727,passive,
1.0,1159.956,1160.127,1348.5,698.5999755859375,171.0000000000491,passive,
1.0,1160.335,1160.443,1034.800048828125,592.2000122070312,107.99999999994725,passive,
1.0,1160.498,1160.721,634.2000122070312,402.8999938964844,222.99999999995634,passive,
1.0,1160.741,1161.056,581.7999877929688,322.1000061035156,315.00000000005457,passive,
1.0,1161.226,1161.505,585.5,320.79998779296875,278.99999999999636,passive,
1.0,1161.553,1161.792,427.70001220703125,605.2000122070312,238.99999999980537,passive,
1.0,1161.816,1162.01,385.1000061035156,703.0999755859375,193.99999999995998,passive,
1.0,1162.027,1162.343,438.79998779296875,710.0,316.0000000000309,passive,
1.0,1162.533,1162.703,459.6000061035156,686.0,170.00000000007276,passive,
1.0,1162.714,1163.095,491.29998779296875,694.4000244140625,381.0000000000855,passive,
1.0,1163.165,1163.275,1216.300048828125,811.9000244140625,110.00000000012733,passive,
1.0,1163.314,1163.447,1398.9000244140625,780.4000244140625,132.99999999981083,passive,
1.0,1163.464,1163.57,1386.0,819.9000244140625,105.99999999999454,passive,
1.0,1163.779,1164.035,1364.800048828125,809.5,256.0000000000855,passive,
1.0,1164.101,1164.461,1090.199951171875,354.79998779296875,359.99999999989996,passive,
1.0,1164.514,1165.099,582.0999755859375,346.6000061035156,585.0000000000364,passive,
1.0,1165.153,1165.442,214.1999969482422,323.20001220703125,288.99999999998727,passive,
1.0,1165.675,1165.913,1088.300048828125,320.79998779296875,238.0000000000564,passive,
1.0,1165.966,1166.196,748.7999877929688,498.5,230.0000000000182,passive,
1.0,1166.371,1166.585,1406.0999755859375,408.79998779296875,213.9999999999418,passive,
1.0,1166.64,1166.912,848.4000244140625,504.0,271.9999999999345,passive,
1.0,1166.969,1167.262,342.29998779296875,497.79998779296875,292.9999999998927,passive,
1.0,1167.287,1167.716,192.6999969482422,524.2000122070312,428.99999999985994,passive,
1.0,1167.723,1167.911,206.6999969482422,512.7000122070312,188.00000000010186,passive,
1.0,1167.971,1168.21,890.9000244140625,526.5999755859375,239.00000000003274,passive,
1.0,1168.358,1168.608,1472.0,533.5999755859375,250.0,passive,
1.0,1168.648,1168.854,1398.0999755859375,355.70001220703125,206.00000000013097,passive,
1.0,1168.909,1169.158,830.5999755859375,292.1000061035156,248.99999999979627,passive,
1.0,1169.18,1169.353,783.5,303.3999938964844,173.00000000000182,passive,
1.0,1169.399,1169.915,482.79998779296875,303.3999938964844,516.0000000000764,passive,
1.0,1169.944,1170.208,689.7000122070312,306.1000061035156,264.0000000001237,passive,
1.0,1170.248,1170.896,442.3999938964844,294.8999938964844,647.9999999999109,passive,
1.0,1170.909,1171.184,498.1000061035156,304.3999938964844,274.9999999998636,passive,
1.0,1171.229,1171.373,905.5999755859375,305.5,144.00000000000546,passive,
1.0,1171.416,1171.706,1211.5,323.29998779296875,289.9999999999636,passive,
1.0,1171.742,1172.018,1382.5999755859375,273.1000061035156,276.0000000000673,passive,
1.0,1172.131,1172.445,996.5,238.0,313.99999999985084,passive,
1.0,1172.484,1172.753,767.7999877929688,235.3000030517578,269.00000000000546,passive,
1.0,1172.811,1172.972,339.20001220703125,277.20001220703125,161.0000000000582,passive,
1.0,1173.023,1173.55,744.2999877929688,539.0,527.0000000000437,passive,
1.0,1173.569,1174.042,737.9000244140625,497.6000061035156,472.99999999995634,passive,
1.0,1174.068,1174.268,612.0999755859375,604.4000244140625,200.00000000004547,passive,
1.0,1174.287,1174.474,587.2000122070312,664.0,186.99999999989814,passive,
1.0,1174.646,1174.878,1179.199951171875,366.70001220703125,231.9999999999709,passive,
1.0,1174.934,1175.058,627.2000122070312,401.20001220703125,124.00000000002365,passive,
1.0,1175.114,1175.275,1044.5999755859375,731.7999877929688,161.0000000000582,passive,
1.0,1175.313,1175.701,1294.199951171875,689.0,387.99999999991996,passive,
1.0,1175.832,1176.049,1208.5999755859375,673.7999877929688,216.99999999987085,passive,
1.0,1176.106,1176.478,643.0999755859375,613.0999755859375,372.00000000007094,passive,
1.0,1176.501,1176.856,561.4000244140625,657.0,355.0000000000182,passive,
1.0,1176.897,1177.181,369.29998779296875,585.2000122070312,284.0000000001055,passive,
1.0,1177.209,1177.551,387.0,387.6000061035156,341.99999999987085,passive,
1.0,1177.813,1178.027,836.4000244140625,784.0,213.9999999999418,passive,
1.0,1178.052,1178.41,706.5999755859375,837.7000122070312,358.0000000001746,passive,
1.0,1178.45,1178.704,554.7999877929688,661.2000122070312,253.9999999999054,passive,
1.0,1178.76,1179.331,1227.800048828125,679.5999755859375,570.9999999999127,passive,
1.0,1179.509,1179.845,582.0,669.2999877929688,336.00000000001273,passive,
1.0,1179.874,1180.131,550.4000244140625,497.70001220703125,257.00000000006185,passive,
1.0,1180.183,1180.446,130.0,677.5999755859375,262.99999999991996,passive,
1.0,1180.521,1180.997,812.0,483.79998779296875,476.0000000001128,passive,
1.0,1181.054,1181.358,618.7000122070312,832.9000244140625,303.99999999985994,passive,
1.0,1181.396,1181.612,432.20001220703125,794.0999755859375,216.00000000012187,passive,
1.0,1181.629,1182.232,500.6000061035156,792.0999755859375,603.0000000000655,passive,
1.0,1182.281,1182.494,933.0,811.7000122070312,212.99999999996544,passive,
1.0,1182.509,1182.723,898.2999877929688,792.9000244140625,213.9999999999418,passive,
1.0,1182.741,1183.076,865.4000244140625,715.9000244140625,335.0000000000364,passive,
1.0,1183.116,1183.465,1115.300048828125,449.1000061035156,348.9999999999327,passive,
1.0,1183.529,1184.35,431.3999938964844,433.1000061035156,820.9999999999127,passive,
1.0,1184.397,1184.521,768.7000122070312,524.4000244140625,124.00000000002365,passive,
1.0,1184.538,1184.933,727.5999755859375,527.7999877929688,394.9999999999818,passive,
1.0,1184.953,1185.307,680.2000122070312,508.5,354.00000000004184,passive,
1.0,1185.332,1185.457,540.0999755859375,629.9000244140625,125.0,passive,
1.0,1185.484,1185.653,494.8999938964844,701.0999755859375,169.0000000000964,passive,
1.0,1185.841,1186.201,569.5999755859375,762.2000122070312,360.00000000012733,passive,
1.0,1186.24,1186.556,332.3999938964844,771.2000122070312,316.0000000000309,passive,
1.0,1186.611,1186.806,853.7999877929688,762.5,194.99999999993634,passive,
1.0,1186.84,1187.067,633.2999877929688,849.2000122070312,227.00000000008913,passive,
1.0,1187.283,1187.741,636.2000122070312,502.8999938964844,458.0000000000837,passive,
1.0,1187.785,1188.215,770.5999755859375,326.6000061035156,429.9999999998363,passive,
1.0,1188.239,1188.505,800.4000244140625,412.5,266.0000000000764,passive,
1.0,1188.568,1188.644,251.60000610351562,463.20001220703125,76.00000000002183,passive,
1.0,1188.671,1188.916,156.10000610351562,520.7999877929688,244.99999999989086,passive,
1.0,1188.935,1189.136,100.80000305175781,525.9000244140625,201.00000000002183,passive,
1.0,1189.217,1189.336,1152.800048828125,531.2000122070312,118.99999999991451,passive,
1.0,1189.379,1189.784,1432.800048828125,514.0999755859375,405.0000000002001,passive,
1.0,1189.808,1190.114,1327.300048828125,520.4000244140625,306.00000000004,passive,
1.0,1190.264,1190.448,796.5999755859375,426.0,184.00000000019645,passive,
1.0,1190.48,1190.8,767.5999755859375,307.0,319.99999999993634,passive,
1.0,1190.848,1191.005,390.70001220703125,350.20001220703125,157.0000000001528,passive,
1.0,1191.048,1191.232,771.7999877929688,324.3999938964844,183.99999999996908,passive,
1.0,1191.383,1191.863,774.5999755859375,582.9000244140625,480.0000000000182,passive,
1.0,1191.907,1192.03,495.79998779296875,525.5,123.0000000000473,passive,
1.0,1192.077,1192.366,649.4000244140625,867.0999755859375,288.99999999998727,passive,
1.0,1192.407,1192.777,401.6000061035156,739.9000244140625,370.00000000011823,passive,
1.0,1192.801,1192.921,404.3999938964844,883.4000244140625,120.00000000011823,passive,
1.0,1192.959,1193.266,667.2000122070312,930.2000122070312,307.00000000001637,passive,
1.0,1193.307,1193.737,946.7000122070312,936.0999755859375,430.00000000006366,passive,
1.0,1193.785,1194.565,734.5999755859375,561.9000244140625,779.9999999999727,passive,
1.0,1194.576,1194.773,741.7000122070312,526.9000244140625,196.99999999988904,passive,
1.0,1194.799,1195.174,706.2999877929688,364.1000061035156,375.0,passive,
1.0,1195.185,1195.291,734.7999877929688,351.29998779296875,105.99999999999454,passive,
1.0,1195.323,1195.761,574.5,354.70001220703125,437.9999999998745,passive,
1.0,1195.827,1196.033,1142.4000244140625,545.0999755859375,205.9999999999036,passive,
1.0,1196.054,1196.613,1102.5,538.2999877929688,558.9999999999691,passive,
1.0,1196.666,1196.919,731.0999755859375,366.29998779296875,253.00000000015643,passive,
1.0,1196.927,1197.262,733.2999877929688,352.6000061035156,335.0000000000364,passive,
1.0,1197.277,1197.582,753.0999755859375,383.3999938964844,305.00000000006366,passive,
1.0,1197.597,1198.196,773.0,328.79998779296875,598.9999999999327,passive,
1.0,1198.243,1198.612,602.4000244140625,359.79998779296875,369.0000000001419,passive,
1.0,1198.642,1199.02,446.20001220703125,559.5999755859375,377.99999999992906,passive,
1.0,1199.074,1199.494,932.0,799.2000122070312,419.9999999998454,passive,
1.0,1199.518,1199.563,828.4000244140625,764.5999755859375,45.00000000007276,passive,
1.0,1199.708,1200.076,832.0999755859375,729.5999755859375,367.99999999993815,passive,
1.0,1200.086,1200.298,826.9000244140625,696.9000244140625,211.9999999999891,passive,
1.0,1200.318,1200.598,781.5999755859375,685.0,279.9999999999727,passive,
1.0,1200.618,1201.005,849.9000244140625,704.2999877929688,387.000000000171,passive,
1.0,1201.014,1201.062,744.2999877929688,559.4000244140625,48.00000000000182,,
1.0,1201.198,1201.999,740.7000122070312,550.9000244140625,800.9999999999309,,
1.0,1202.172,1202.569,738.9000244140625,571.5999755859375,396.9999999999345,constant,
1.0,1202.591,1202.762,667.2000122070312,589.2000122070312,171.0000000000491,constant,
1.0,1202.81,1203.207,275.6000061035156,611.0999755859375,397.0000000001619,constant,
1.0,1203.215,1203.38,309.5,610.5999755859375,165.000000000191,constant,
1.0,1203.424,1203.729,708.0999755859375,622.0999755859375,305.00000000006366,constant,
1.0,1203.742,1203.93,674.4000244140625,622.0999755859375,188.00000000010186,constant,
1.0,1203.971,1204.69,883.0,841.9000244140625,719.0000000000509,constant,
1.0,1204.743,1205.0,529.5,703.4000244140625,257.00000000006185,constant,
1.0,1205.039,1205.183,294.29998779296875,640.2000122070312,144.00000000000546,constant,
1.0,1205.215,1205.6,503.8999938964844,656.9000244140625,384.9999999999909,constant,
1.0,1205.615,1205.851,478.70001220703125,645.5999755859375,236.00000000010368,constant,
1.0,1205.86,1206.104,462.0,642.2999877929688,244.00000000014188,constant,
1.0,1206.143,1206.534,714.5999755859375,611.0,391.0000000000764,constant,
1.0,1206.559,1206.725,609.2000122070312,617.0,165.99999999993997,constant,
1.0,1206.745,1206.999,608.9000244140625,535.9000244140625,254.0000000001328,constant,
1.0,1207.014,1207.343,606.5,591.5,329.00000000017826,constant,
1.0,1207.388,1207.677,321.1000061035156,683.2000122070312,288.99999999998727,constant,
1.0,1207.699,1208.002,208.6999969482422,670.0999755859375,302.9999999998836,constant,
1.0,1208.079,1208.297,1210.199951171875,519.7999877929688,218.00000000007458,constant,
1.0,1208.307,1208.789,1229.0999755859375,478.70001220703125,481.9999999999709,constant,
1.0,1208.796,1209.39,1221.699951171875,460.70001220703125,594.0000000000509,constant,
1.0,1209.4,1209.716,1251.5999755859375,470.3999938964844,315.99999999980355,constant,
1.0,1209.737,1210.106,1194.4000244140625,498.0,368.9999999999145,constant,
1.0,1210.115,1211.137,1185.9000244140625,495.6000061035156,1021.9999999999345,constant,
1.0,1211.146,1211.614,1184.0,500.0,468.0000000000746,constant,
1.0,1211.628,1211.852,1211.0,500.6000061035156,224.00000000016007,constant,
1.0,1211.866,1212.458,1231.5999755859375,505.1000061035156,592.0000000000982,constant,
1.0,1212.477,1214.011,1193.300048828125,493.29998779296875,1533.9999999998781,constant,
1.0,1214.023,1214.184,1223.5,485.5,161.0000000000582,constant,
1.0,1214.199,1214.362,1264.199951171875,476.3999938964844,163.0000000000109,constant,
1.0,1214.377,1214.565,1218.0999755859375,477.20001220703125,188.00000000010186,constant,
1.0,1214.574,1215.1,1198.300048828125,491.1000061035156,525.9999999998399,constant,
1.0,1215.141,1215.488,1312.300048828125,691.5,346.99999999998,constant,
1.0,1215.503,1215.786,1334.4000244140625,672.0,283.00000000012915,constant,
1.0,1215.793,1216.078,1336.4000244140625,646.2000122070312,285.00000000008185,constant,
1.0,1216.096,1216.474,1332.800048828125,712.7999877929688,377.99999999992906,constant,
1.0,1216.49,1216.763,1329.5999755859375,657.2000122070312,272.99999999991087,constant,
1.0,1216.831,1216.937,663.0,702.5,105.99999999999454,constant,
1.0,1216.977,1217.217,905.5,719.2999877929688,240.0000000000091,constant,
1.0,1217.238,1217.411,979.2000122070312,721.0999755859375,173.00000000000182,constant,
1.0,1217.443,1217.609,1018.2000122070312,567.5,165.99999999993997,constant,
1.0,1217.648,1217.925,1248.4000244140625,497.5,277.00000000004366,constant,
1.0,1217.933,1218.098,1230.5999755859375,486.0,164.99999999996362,constant,
1.0,1218.108,1218.392,1207.199951171875,470.70001220703125,284.0000000001055,constant,
1.0,1218.406,1218.618,1252.5,469.6000061035156,211.9999999999891,constant,
1.0,1218.658,1219.033,1458.0999755859375,497.70001220703125,375.0,constant,
1.0,1219.053,1219.311,1536.0999755859375,492.6000061035156,257.9999999998108,constant,
1.0,1219.33,1219.451,1532.0,422.29998779296875,121.00000000009459,constant,
1.0,1219.511,1219.737,887.5999755859375,294.20001220703125,226.00000000011278,constant,
1.0,1219.77,1220.082,717.9000244140625,274.79998779296875,312.0000000001255,constant,
1.0,1220.103,1220.494,633.2000122070312,278.70001220703125,390.999999999849,constant,
1.0,1220.51,1220.648,586.0,273.20001220703125,137.99999999991996,constant,
1.0,1220.69,1220.984,896.0999755859375,323.1000061035156,293.99999999986903,constant,
1.0,1221.006,1221.371,981.0,297.29998779296875,365.0000000000091,constant,
1.0,1221.383,1221.534,1004.9000244140625,266.79998779296875,151.0000000000673,constant,
1.0,1221.599,1222.005,363.0,270.20001220703125,406.00000000017644,constant,
1.0,1222.045,1222.371,594.2999877929688,268.8999938964844,326.0000000000218,constant,
1.0,1222.4,1222.66,830.2999877929688,298.1000061035156,259.9999999999909,constant,
1.0,1222.686,1222.915,992.7999877929688,312.70001220703125,229.00000000004184,constant,
1.0,1222.944,1223.535,831.5999755859375,324.70001220703125,591.0000000001219,constant,
1.0,1223.557,1223.765,762.5999755859375,335.8999938964844,208.00000000008367,constant,
1.0,1223.78,1224.231,799.5999755859375,327.79998779296875,451.0000000000218,constant,
1.0,1224.248,1224.574,762.2999877929688,314.20001220703125,326.0000000000218,constant,
1.0,1224.632,1224.927,1288.4000244140625,428.79998779296875,294.9999999998454,constant,
1.0,1224.962,1225.375,1454.0999755859375,475.29998779296875,413.0000000000109,constant,
1.0,1225.386,1225.597,1456.5,503.79998779296875,211.00000000001273,constant,
1.0,1225.617,1225.816,1398.199951171875,504.0,199.00000000006912,constant,
1.0,1225.832,1226.012,1435.0999755859375,490.0,179.9999999998363,constant,
1.0,1226.032,1226.244,1517.5,488.1000061035156,211.9999999999891,constant,
1.0,1226.269,1226.618,1541.0999755859375,570.2999877929688,348.9999999999327,constant,
1.0,1226.628,1226.822,1542.699951171875,608.0,193.99999999995998,constant,
1.0,1226.861,1227.159,1334.699951171875,534.4000244140625,298.0000000000018,constant,
1.0,1227.174,1227.437,1377.5,503.6000061035156,262.99999999991996,constant,
1.0,1227.46,1227.812,1486.9000244140625,444.8999938964844,351.99999999986176,constant,
1.0,1227.845,1228.059,1283.5999755859375,474.20001220703125,213.9999999999418,constant,
1.0,1228.096,1228.301,1458.5999755859375,466.8999938964844,204.99999999992724,constant,
1.0,1228.324,1228.652,1381.199951171875,486.0,327.99999999997453,constant,
1.0,1228.751,1229.094,450.0,695.7000122070312,343.0000000000746,constant,
1.0,1229.133,1229.322,522.2999877929688,887.5,188.99999999985084,constant,
1.0,1229.346,1229.61,650.7000122070312,925.7999877929688,263.9999999998963,constant,
1.0,1229.634,1229.812,681.4000244140625,799.0,177.99999999988358,constant,
1.0,1229.838,1230.106,533.9000244140625,814.7000122070312,268.0000000000291,constant,
1.0,1230.144,1230.56,508.3999938964844,648.2000122070312,415.99999999994,constant,
1.0,1230.578,1230.724,455.3999938964844,647.0999755859375,145.99999999995816,constant,
1.0,1230.757,1230.906,294.8999938964844,646.9000244140625,148.99999999988722,constant,
1.0,1230.949,1231.193,215.8000030517578,809.7999877929688,243.9999999999145,constant,
1.0,1231.235,1231.562,115.69999694824219,656.4000244140625,326.9999999999982,constant,
1.0,1231.578,1231.86,150.3000030517578,607.2999877929688,281.9999999999254,constant,
1.0,1231.913,1232.203,695.0,616.2999877929688,289.9999999999636,constant,
1.0,1232.213,1232.473,707.7999877929688,597.9000244140625,259.9999999999909,constant,
1.0,1232.503,1232.654,868.2999877929688,774.2999877929688,151.0000000000673,constant,
1.0,1232.666,1232.838,879.2999877929688,811.7000122070312,172.00000000002547,constant,
1.0,1232.864,1233.152,738.0999755859375,762.7999877929688,288.0000000000109,constant,
1.0,1233.172,1233.605,715.4000244140625,688.7000122070312,432.9999999999927,constant,
1.0,1233.613,1233.779,721.5,713.9000244140625,165.99999999993997,constant,
1.0,1233.806,1234.097,610.5999755859375,585.2999877929688,290.99999999994,constant,
1.0,1234.117,1234.309,558.0999755859375,632.5,192.00000000000728,constant,
1.0,1234.444,1234.657,356.29998779296875,605.0999755859375,212.99999999996544,constant,
1.0,1234.673,1234.953,330.1000061035156,606.7999877929688,279.9999999999727,constant,
1.0,1234.978,1235.143,323.1000061035156,502.29998779296875,164.99999999996362,constant,
1.0,1235.167,1235.328,413.3999938964844,432.6000061035156,161.0000000000582,constant,
1.0,1235.359,1235.574,279.70001220703125,653.4000244140625,215.00000000014552,constant,
1.0,1235.588,1235.791,303.20001220703125,615.5,202.99999999997453,constant,
1.0,1235.808,1236.05,317.70001220703125,679.7999877929688,241.9999999999618,constant,
1.0,1236.077,1236.306,261.29998779296875,757.7999877929688,229.00000000004184,constant,
1.0,1236.328,1236.512,346.79998779296875,801.0,183.99999999996908,constant,
1.0,1236.687,1237.217,301.29998779296875,858.0,530.0000000002001,constant,
1.0,1237.24,1237.606,393.70001220703125,862.0999755859375,365.99999999998545,constant,
1.0,1237.644,1237.996,297.0,717.5999755859375,352.00000000008913,constant,
1.0,1238.017,1238.211,230.3000030517578,677.7000122070312,193.99999999995998,constant,
1.0,1238.23,1238.741,191.39999389648438,606.2000122070312,510.99999999996726,constant,
1.0,1238.749,1240.148,202.8000030517578,607.0,1398.9999999998872,constant,
1.0,1240.158,1242.337,207.1999969482422,593.5,2179.0000000000873,constant,
1.0,1242.346,1243.339,202.8000030517578,611.9000244140625,992.9999999999382,constant,
1.0,1243.362,1244.143,209.39999389648438,698.5,780.9999999999491,constant,
1.0,1244.159,1244.714,253.1999969482422,660.5999755859375,554.9999999998363,constant,
1.0,1244.726,1244.872,217.1999969482422,660.7999877929688,145.99999999995816,constant,
1.0,1244.909,1245.339,456.3999938964844,626.5999755859375,429.9999999998363,constant,
1.0,1245.359,1245.501,371.6000061035156,625.0999755859375,142.00000000005275,constant,
1.0,1245.519,1245.686,326.3999938964844,595.7999877929688,166.99999999991633,constant,
1.0,1245.71,1245.859,376.20001220703125,719.2999877929688,148.99999999988722,constant,
1.0,1245.883,1246.103,316.0,585.9000244140625,220.00000000002728,constant,
1.0,1246.144,1246.405,652.0,567.7000122070312,260.99999999996726,constant,
1.0,1246.428,1246.638,567.2000122070312,575.4000244140625,209.999999999809,constant,
1.0,1246.795,1247.181,776.2000122070312,364.79998779296875,385.99999999996726,constant,
1.0,1247.198,1247.593,837.2999877929688,367.8999938964844,394.9999999999818,constant,
1.0,1247.612,1247.736,769.4000244140625,377.6000061035156,124.00000000002365,constant,
1.0,1247.879,1248.315,415.6000061035156,398.5,436.00000000014916,constant,
1.0,1248.363,1248.571,778.4000244140625,363.20001220703125,207.9999999998563,constant,
1.0,1248.593,1248.801,736.5,305.8999938964844,207.9999999998563,constant,
1.0,1248.819,1249.228,788.2999877929688,372.20001220703125,409.0000000001055,constant,
1.0,1249.247,1249.634,871.0,372.29998779296875,386.9999999999436,constant,
1.0,1249.658,1249.828,779.0999755859375,379.79998779296875,170.00000000007276,constant,
1.0,1249.877,1250.128,1255.4000244140625,444.0,250.99999999997635,constant,
1.0,1250.171,1250.482,1351.9000244140625,667.7000122070312,310.9999999999218,constant,
1.0,1250.495,1250.569,1325.4000244140625,677.5,74.00000000006912,constant,
1.0,1250.58,1250.81,1328.800048828125,704.2000122070312,230.0000000000182,constant,
1.0,1250.847,1251.01,1077.5999755859375,741.7999877929688,163.0000000000109,constant,
1.0,1251.034,1251.258,1013.4000244140625,631.4000244140625,223.9999999999327,constant,
1.0,1251.294,1251.686,1128.0,788.0,391.9999999998254,constant,
1.0,1251.712,1251.926,1262.800048828125,773.7000122070312,213.9999999999418,constant,
1.0,1251.952,1252.095,1363.5,854.2999877929688,143.0000000000291,constant,
1.0,1252.112,1252.461,1342.0,882.9000244140625,348.9999999999327,constant,
1.0,1252.618,1252.988,1320.9000244140625,901.7999877929688,370.00000000011823,constant,
1.0,1253.002,1253.137,1270.800048828125,906.0,134.9999999999909,constant,
1.0,1253.192,1253.444,1502.4000244140625,586.0999755859375,251.9999999999527,constant,
1.0,1253.462,1253.745,1551.5,597.0999755859375,282.9999999999018,constant,
1.0,1253.794,1254.093,1043.5999755859375,643.4000244140625,298.9999999999782,constant,
1.0,1254.148,1254.5,1490.0999755859375,518.0999755859375,352.00000000008913,constant,
1.0,1254.515,1254.827,1523.4000244140625,510.0,311.99999999989814,constant,
1.0,1254.839,1255.156,1512.0,546.5,317.0000000000073,constant,
1.0,1255.189,1255.624,1263.800048828125,527.0,434.99999999994543,constant,
1.0,1255.644,1255.928,1197.699951171875,516.5999755859375,284.0000000001055,constant,
1.0,1255.941,1256.119,1232.699951171875,504.3999938964844,177.99999999988358,constant,
1.0,1256.138,1256.76,1176.699951171875,511.3999938964844,622.0000000000709,constant,
1.0,1256.792,1256.964,1019.0,617.7000122070312,172.00000000002547,constant,
1.0,1256.999,1257.211,1197.5999755859375,504.3999938964844,211.9999999999891,constant,
1.0,1257.219,1257.632,1178.199951171875,501.6000061035156,413.0000000000109,constant,
1.0,1257.777,1258.038,1161.199951171875,515.9000244140625,260.99999999996726,constant,
1.0,1258.05,1258.578,1191.0,496.79998779296875,528.00000000002,constant,
1.0,1258.594,1258.889,1157.9000244140625,521.7000122070312,294.9999999998454,constant,
1.0,1258.918,1259.02,1016.9000244140625,498.5,102.00000000008913,constant,
1.0,1259.188,1259.45,1006.2999877929688,483.0,261.9999999999436,constant,
1.0,1259.474,1259.538,1024.300048828125,600.5999755859375,64.00000000007822,constant,
1.0,1259.697,1259.827,1051.800048828125,597.0,130.00000000010914,constant,
1.0,1259.848,1260.123,1099.300048828125,589.5999755859375,275.00000000009095,constant,
1.0,1260.146,1260.296,1031.800048828125,628.5999755859375,150.00000000009095,constant,
1.0,1260.333,1260.591,1120.699951171875,786.7000122070312,257.9999999998108,constant,
1.0,1260.634,1260.843,1011.5,610.2000122070312,209.00000000006003,constant,
1.0,1260.865,1261.114,977.4000244140625,602.4000244140625,249.00000000002365,constant,
1.0,1261.13,1261.454,985.5,549.5999755859375,323.99999999984175,constant,
1.0,1261.479,1261.819,1040.0999755859375,642.7999877929688,339.99999999991815,constant,
1.0,1261.842,1262.151,1127.9000244140625,607.5,308.9999999999691,constant,
1.0,1262.184,1262.435,1126.5999755859375,765.0,250.99999999997635,constant,
1.0,1262.628,1262.8,1126.0,722.0,172.00000000002547,constant,
1.0,1262.852,1262.999,646.2000122070312,666.4000244140625,146.99999999993452,constant,
1.0,1263.024,1263.116,753.7000122070312,635.0,92.00000000009823,constant,
1.0,1263.165,1263.393,1127.699951171875,656.5,228.00000000006548,constant,
1.0,1263.416,1263.597,1019.5,634.2000122070312,181.00000000004002,constant,
1.0,1263.651,1263.966,698.5999755859375,566.2999877929688,314.9999999998272,constant,
1.0,1263.997,1264.25,884.7999877929688,791.9000244140625,252.99999999992906,constant,
1.0,1264.496,1264.645,762.5999755859375,741.7999877929688,148.99999999988722,constant,
1.0,1264.664,1264.949,714.2000122070312,705.7000122070312,285.00000000008185,constant,
1.0,1264.973,1265.301,706.5,575.9000244140625,327.99999999997453,constant,
1.0,1265.309,1265.471,691.2000122070312,573.5999755859375,162.00000000003456,constant,
1.0,1265.522,1265.939,310.5,578.2000122070312,417.0000000001437,constant,
1.0,1265.951,1266.586,339.3999938964844,582.0999755859375,634.9999999999909,constant,
1.0,1266.595,1266.796,307.70001220703125,589.9000244140625,201.00000000002183,constant,
1.0,1266.957,1267.404,268.5,550.7999877929688,446.99999999988904,constant,
1.0,1267.463,1267.702,971.0,583.4000244140625,239.00000000003274,constant,
1.0,1267.729,1267.902,1142.0999755859375,579.2999877929688,173.00000000000182,constant,
1.0,1267.91,1269.096,1120.0,578.0999755859375,1185.9999999999218,constant,
1.0,1269.17,1269.776,340.79998779296875,577.4000244140625,605.9999999999945,constant,
1.0,1269.844,1269.991,1145.699951171875,635.7999877929688,146.99999999993452,constant,
1.0,1270.012,1270.164,1081.0,602.7999877929688,152.00000000004366,constant,
1.0,1270.182,1270.995,1118.0999755859375,595.0,812.9999999998745,constant,
1.0,1271.004,1271.515,1116.5,572.0,511.00000000019463,constant,
1.0,1271.591,1271.836,312.3999938964844,580.9000244140625,245.00000000011823,constant,
1.0,1271.854,1272.015,342.70001220703125,550.5999755859375,161.0000000000582,constant,
1.0,1272.036,1272.493,280.20001220703125,534.0999755859375,456.99999999987995,constant,
1.0,1272.518,1272.71,400.29998779296875,538.0,192.00000000000728,constant,
1.0,1272.721,1272.949,393.0,516.4000244140625,228.00000000006548,constant,
1.0,1272.974,1273.319,243.60000610351562,631.9000244140625,345.0000000000273,constant,
1.0,1273.326,1273.425,226.8000030517578,637.5999755859375,98.9999999999327,constant,
1.0,1273.448,1273.689,294.6000061035156,672.5,240.99999999998545,constant,
1.0,1273.705,1274.092,320.5,627.9000244140625,387.000000000171,constant,
1.0,1274.112,1274.255,261.1000061035156,613.0999755859375,143.0000000000291,constant,
1.0,1274.282,1274.536,228.8000030517578,719.9000244140625,254.0000000001328,constant,
1.0,1274.547,1275.085,206.3000030517578,699.4000244140625,538.0000000000109,constant,
1.0,1275.108,1275.693,205.89999389648438,615.2000122070312,585.0000000000364,constant,
1.0,1275.732,1276.013,506.0,689.0,280.99999999994907,constant,
1.0,1276.038,1276.416,474.1000061035156,815.4000244140625,377.99999999992906,constant,
1.0,1276.439,1276.825,510.6000061035156,889.9000244140625,385.99999999996726,constant,
1.0,1276.862,1277.161,734.9000244140625,900.2999877929688,298.9999999999782,constant,
1.0,1277.192,1277.421,531.5,879.7999877929688,229.00000000004184,constant,
1.0,1277.442,1277.688,447.5,873.4000244140625,246.0000000000946,constant,
1.0,1277.728,1278.032,200.89999389648438,921.0,303.99999999985994,constant,
1.0,1278.052,1278.218,135.0,919.9000244140625,166.00000000016735,constant,
1.0,1278.271,1278.428,52.20000076293945,643.0,157.0000000001528,constant,
1.0,1278.643,1278.849,280.1000061035156,265.70001220703125,205.9999999999036,constant,
1.0,1278.878,1279.104,462.70001220703125,264.1000061035156,226.00000000011278,constant,
1.0,1279.124,1279.319,421.20001220703125,181.1999969482422,194.99999999993634,constant,
1.0,1279.33,1279.652,427.0,153.0,322.0000000001164,constant,
1.0,1279.865,1280.119,1287.9000244140625,331.5,253.9999999999054,constant,
1.0,1280.16,1280.384,1491.300048828125,468.79998779296875,223.9999999999327,constant,
1.0,1280.403,1280.639,1519.699951171875,415.8999938964844,235.9999999998763,constant,
1.0,1280.701,1280.909,791.5999755859375,319.79998779296875,208.00000000008367,constant,
1.0,1280.94,1281.16,663.5,279.79998779296875,220.00000000002728,constant,
1.0,1281.26,1281.553,766.0999755859375,287.70001220703125,293.00000000012005,constant,
1.0,1281.571,1281.741,713.7999877929688,299.8999938964844,170.00000000007276,constant,
1.0,1281.785,1282.081,1003.0999755859375,252.60000610351562,295.99999999982174,constant,
1.0,1282.215,1282.38,933.5999755859375,235.5,165.000000000191,constant,
1.0,1282.403,1282.577,1014.2000122070312,239.5,173.99999999997817,constant,
1.0,1282.628,1283.03,606.2000122070312,287.20001220703125,402.00000000004366,constant,
1.0,1283.059,1283.268,796.0999755859375,295.29998779296875,209.00000000006003,constant,
1.0,1283.292,1283.546,935.9000244140625,325.79998779296875,254.0000000001328,constant,
1.0,1283.579,1283.874,762.4000244140625,318.0,295.00000000007276,constant,
1.0,1283.89,1284.132,723.9000244140625,321.79998779296875,241.9999999999618,constant,
1.0,1284.159,1284.515,928.2999877929688,311.79998779296875,355.99999999999454,constant,
1.0,1284.539,1284.801,1091.699951171875,342.1000061035156,261.9999999999436,constant,
1.0,1284.826,1284.915,1045.0999755859375,440.29998779296875,88.99999999994179,constant,
1.0,1284.939,1285.173,995.0,494.79998779296875,233.9999999999236,constant,
1.0,1285.207,1285.364,1127.0999755859375,435.5,156.99999999992542,constant,
1.0,1285.391,1285.588,979.0,485.1000061035156,196.99999999988904,constant,
1.0,1285.606,1285.881,957.5999755859375,503.79998779296875,275.00000000009095,constant,
1.0,1285.901,1286.301,1035.4000244140625,483.20001220703125,399.9999999998636,constant,
1.0,1286.317,1286.62,998.4000244140625,490.3999938964844,302.9999999998836,constant,
1.0,1286.631,1286.81,1024.300048828125,497.8999938964844,178.99999999985994,constant,
1.0,1286.824,1287.17,1030.5999755859375,536.5,346.00000000000364,constant,
1.0,1287.187,1287.613,1025.5,481.0,426.00000000015825,constant,
1.0,1287.753,1287.964,1042.9000244140625,478.79998779296875,211.00000000001273,constant,
1.0,1287.983,1288.131,1089.199951171875,456.20001220703125,148.00000000013824,constant,
1.0,1288.153,1288.642,1169.800048828125,417.70001220703125,489.00000000003274,constant,
1.0,1288.667,1288.973,1187.199951171875,534.9000244140625,306.00000000004,constant,
1.0,1288.999,1289.342,1278.4000244140625,574.0,343.0000000000746,constant,
1.0,1289.364,1289.638,1380.4000244140625,528.2999877929688,273.9999999998872,constant,
1.0,1289.647,1289.955,1356.4000244140625,514.5999755859375,307.9999999999927,constant,
1.0,1289.965,1290.359,1364.0,475.0,394.00000000000546,constant,
1.0,1290.374,1290.673,1403.9000244140625,483.5,298.9999999999782,constant,
1.0,1290.69,1290.98,1342.4000244140625,447.29998779296875,289.9999999999636,constant,
1.0,1290.997,1291.262,1396.9000244140625,404.20001220703125,264.99999999987267,constant,
1.0,1291.287,1291.43,1284.4000244140625,416.79998779296875,143.0000000000291,constant,
1.0,1291.452,1291.649,1348.300048828125,424.79998779296875,196.99999999988904,constant,
1.0,1291.659,1292.158,1329.9000244140625,429.5,498.9999999997963,constant,
1.0,1292.209,1292.611,956.0999755859375,323.5,402.00000000004366,constant,
1.0,1292.628,1293.065,884.2000122070312,321.1000061035156,437.0000000001255,constant,
1.0,1293.09,1293.43,752.4000244140625,307.0,340.0000000001455,constant,
1.0,1293.441,1294.322,783.0,306.29998779296875,880.9999999998581,constant,
1.0,1294.344,1294.715,858.2999877929688,308.29998779296875,370.9999999998672,constant,
1.0,1294.741,1295.533,754.0,310.6000061035156,791.9999999999163,constant,
1.0,1295.581,1296.007,446.3999938964844,276.79998779296875,426.00000000015825,constant,
1.0,1296.027,1296.333,513.9000244140625,285.6000061035156,306.00000000004,constant,
1.0,1296.389,1296.592,135.89999389648438,521.2999877929688,203.0000000002019,constant,
1.0,1296.619,1296.902,205.6999969482422,356.1000061035156,283.00000000012915,constant,
1.0,1296.931,1297.247,324.29998779296875,226.10000610351562,316.0000000000309,constant,
1.0,1297.282,1297.402,512.5,237.39999389648438,120.00000000011823,constant,
1.0,1297.502,1297.686,459.6000061035156,220.5,183.99999999996908,constant,
1.0,1297.713,1298.023,557.7000122070312,368.20001220703125,309.99999999994543,constant,
1.0,1298.079,1298.412,940.2000122070312,392.5,333.0000000000837,constant,
1.0,1298.437,1298.599,1064.699951171875,368.3999938964844,162.00000000003456,constant,
1.0,1298.755,1298.965,1044.699951171875,366.20001220703125,209.999999999809,constant,
1.0,1299.026,1299.13,707.7000122070312,512.0999755859375,104.00000000004184,constant,
1.0,1299.158,1299.326,599.2000122070312,611.7000122070312,168.00000000012005,constant,
1.0,1299.368,1299.682,300.6000061035156,628.0999755859375,314.0000000000782,constant,
1.0,1299.698,1299.941,327.3999938964844,589.5999755859375,242.99999999993815,constant,
1.0,1299.983,1300.223,686.7999877929688,587.2000122070312,240.0000000000091,constant,
1.0,1300.251,1300.564,555.2000122070312,594.7000122070312,313.00000000010186,constant,
1.0,1300.618,1300.898,889.0,735.7000122070312,279.9999999999727,constant,
1.0,1300.909,1301.015,886.4000244140625,709.7999877929688,105.99999999999454,constant,
1.0,1301.059,1301.56,552.2000122070312,776.0999755859375,500.99999999997635,constant,
1.0,1301.576,1301.765,590.4000244140625,752.9000244140625,189.00000000007822,constant,
1.0,1301.79,1301.974,507.8999938964844,785.9000244140625,183.99999999996908,constant,
1.0,1301.996,1302.233,587.4000244140625,750.2999877929688,236.99999999985266,constant,
1.0,1302.253,1302.575,528.0,738.4000244140625,322.0000000001164,constant,
1.0,1302.587,1302.844,502.20001220703125,749.4000244140625,257.00000000006185,constant,
1.0,1302.869,1303.093,632.2999877929688,757.2000122070312,224.00000000016007,constant,
1.0,1303.108,1303.197,601.0999755859375,735.7999877929688,88.99999999994179,constant,
1.0,1303.364,1303.489,605.5999755859375,733.9000244140625,125.0,constant,
1.0,1303.507,1303.783,628.5,774.0,275.99999999983993,constant,
1.0,1303.817,1304.143,467.1000061035156,777.0,326.0000000000218,constant,
1.0,1304.16,1304.271,509.70001220703125,771.5999755859375,110.99999999987631,constant,
1.0,1304.299,1304.554,409.3999938964844,743.0,255.00000000010914,constant,
1.0,1304.562,1304.77,438.6000061035156,730.5999755859375,208.00000000008367,constant,
1.0,1304.781,1305.131,468.1000061035156,757.2000122070312,350.0000000001364,constant,
1.0,1305.301,1305.57,426.1000061035156,722.4000244140625,269.00000000000546,constant,
1.0,1305.579,1305.782,425.79998779296875,747.7999877929688,202.99999999997453,constant,
1.0,1305.8,1306.031,450.70001220703125,798.7000122070312,230.99999999999454,constant,
1.0,1306.053,1306.518,547.9000244140625,798.0999755859375,464.99999999991815,constant,
1.0,1306.537,1306.699,610.4000244140625,804.5999755859375,162.00000000003456,constant,
1.0,1306.749,1307.208,214.5,762.2000122070312,459.00000000006,constant,
1.0,1307.25,1307.571,558.9000244140625,803.7000122070312,320.9999999999127,constant,
1.0,1307.592,1307.838,593.5,738.5999755859375,245.9999999998672,constant,
1.0,1307.879,1308.213,857.7999877929688,714.2000122070312,334.00000000006,constant,
1.0,1308.418,1308.508,868.2000122070312,736.5,90.00000000014552,constant,
1.0,1308.55,1309.034,533.2999877929688,774.5999755859375,484.000000000151,constant,
1.0,1309.055,1309.257,595.7000122070312,771.9000244140625,201.99999999999818,constant,
1.0,1309.268,1309.469,571.4000244140625,751.4000244140625,201.00000000002183,constant,
1.0,1309.499,1310.017,436.5,746.0999755859375,518.0000000000291,constant,
1.0,1310.041,1310.414,517.7000122070312,807.2000122070312,373.0000000000473,constant,
1.0,1310.436,1310.72,626.2999877929688,774.7999877929688,284.0000000001055,constant,
1.0,1310.761,1310.92,915.9000244140625,809.5,159.0000000001055,constant,
1.0,1310.936,1311.177,880.4000244140625,807.2000122070312,240.99999999998545,constant,
1.0,1311.194,1311.407,834.0999755859375,846.0999755859375,212.99999999996544,constant,
1.0,1311.626,1311.782,894.0,911.0999755859375,155.99999999994907,constant,
1.0,1311.8,1311.914,852.7000122070312,901.7999877929688,114.00000000003274,constant,
1.0,1311.942,1312.109,686.9000244140625,870.4000244140625,166.99999999991633,constant,
1.0,1312.13,1312.549,733.5,816.5,418.99999999986903,constant,
1.0,1312.717,1312.849,716.2999877929688,700.0999755859375,131.99999999983447,constant,
1.0,1312.873,1313.28,778.2000122070312,831.2000122070312,406.9999999999254,constant,
1.0,1313.308,1314.388,687.0,798.7000122070312,1079.9999999999272,constant,
1.0,1314.404,1314.547,744.2000122070312,797.2000122070312,143.0000000000291,constant,
1.0,1314.568,1314.784,663.2999877929688,797.7000122070312,216.00000000012187,constant,
1.0,1314.791,1315.047,670.7000122070312,783.0999755859375,256.0000000000855,constant,
1.0,1315.081,1315.224,835.4000244140625,862.5999755859375,143.0000000000291,constant,
1.0,1315.241,1315.553,797.9000244140625,838.0,312.0000000001255,constant,
1.0,1315.565,1315.835,760.7000122070312,830.2999877929688,269.9999999999818,constant,
1.0,1315.86,1316.064,740.0999755859375,722.0,204.00000000017826,constant,
1.0,1316.079,1316.461,767.2999877929688,770.4000244140625,382.00000000006185,constant,
1.0,1316.649,1316.801,712.5,686.4000244140625,152.00000000004366,constant,
1.0,1316.814,1317.188,748.0,713.7000122070312,374.00000000002365,constant,
1.0,1317.204,1317.489,726.5999755859375,691.0,285.00000000008185,constant,
1.0,1317.51,1317.757,698.9000244140625,613.5,247.00000000007094,constant,
1.0,1317.779,1318.151,625.9000244140625,632.4000244140625,372.00000000007094,constant,
1.0,1318.357,1318.805,608.5,623.4000244140625,448.00000000009277,constant,
1.0,1318.827,1318.991,558.7999877929688,653.5,163.99999999998727,constant,
1.0,1319.048,1319.897,268.3999938964844,684.2000122070312,848.9999999999327,constant,
1.0,1319.915,1320.473,318.29998779296875,704.7000122070312,557.9999999999927,constant,
1.0,1320.491,1320.879,397.1000061035156,714.0999755859375,387.99999999991996,constant,
1.0,1320.902,1321.108,320.70001220703125,724.0999755859375,205.9999999999036,constant,
1.0,1321.131,1321.428,408.29998779296875,723.5,297.00000000002547,constant,
1.0,1321.451,1321.763,313.1000061035156,733.9000244140625,311.99999999989814,constant,
1.0,1321.784,1321.853,251.6999969482422,681.0999755859375,68.99999999995998,constant,
1.0,1322.005,1322.231,267.0,670.9000244140625,225.9999999998854,constant,
1.0,1322.239,1322.447,253.1999969482422,665.5,207.9999999998563,constant,
1.0,1322.458,1322.679,230.8000030517578,658.5,221.00000000000364,constant,
1.0,1322.811,1322.915,212.1999969482422,593.5,104.00000000004184,constant,
1.0,1322.937,1323.409,267.8999938964844,654.0999755859375,472.00000000020736,constant,
1.0,1323.42,1323.751,247.3000030517578,649.5999755859375,330.9999999999036,constant,
1.0,1323.761,1324.157,267.70001220703125,644.0999755859375,395.99999999995816,constant,
1.0,1324.317,1324.52,266.3999938964844,655.9000244140625,202.99999999997453,constant,
1.0,1324.542,1324.905,198.39999389648438,677.0,363.0000000000564,constant,
1.0,1324.924,1325.138,212.3000030517578,611.2000122070312,213.9999999999418,constant,
1.0,1325.146,1326.52,216.39999389648438,591.9000244140625,1374.0000000000236,constant,
1.0,1326.542,1327.263,206.6999969482422,685.2000122070312,721.0000000000036,constant,
1.0,1327.289,1327.48,358.20001220703125,606.5999755859375,191.00000000003092,constant,
1.0,1327.494,1327.703,324.1000061035156,579.2000122070312,209.00000000006003,constant,
1.0,1327.942,1328.207,1394.4000244140625,796.4000244140625,265.00000000010004,constant,
1.0,1328.229,1328.475,1374.699951171875,701.7999877929688,245.9999999998672,constant,
1.0,1328.493,1328.655,1324.300048828125,686.0999755859375,162.00000000003456,constant,
1.0,1328.67,1328.883,1336.800048828125,635.9000244140625,212.99999999996544,constant,
1.0,1328.905,1329.087,1399.800048828125,727.2999877929688,182.00000000001637,constant,
1.0,1329.127,1329.321,1345.4000244140625,907.2000122070312,193.99999999995998,constant,
1.0,1329.329,1329.45,1334.4000244140625,892.0,121.00000000009459,constant,
1.0,1329.663,1329.883,1323.5,897.5,220.00000000002728,constant,
1.0,1329.895,1330.09,1281.0999755859375,901.9000244140625,194.99999999993634,constant,
1.0,1330.602,1330.877,1223.0999755859375,697.5,274.9999999998636,constant,
1.0,1330.901,1331.132,1131.4000244140625,724.5,230.99999999999454,constant,
1.0,1331.153,1331.546,1213.0999755859375,734.5,393.0000000000291,constant,
1.0,1331.575,1331.793,1244.800048828125,544.2999877929688,217.9999999998472,constant,
1.0,1331.805,1332.005,1235.5,502.79998779296875,200.00000000004547,constant,
1.0,1332.02,1332.264,1192.699951171875,499.6000061035156,243.9999999999145,constant,
1.0,1332.275,1332.747,1167.5999755859375,515.4000244140625,471.99999999998,constant,
1.0,1332.789,1333.318,1516.199951171875,546.2000122070312,528.9999999999964,constant,
1.0,1333.331,1333.56,1493.0999755859375,575.2000122070312,229.00000000004184,constant,
1.0,1333.573,1333.77,1525.5999755859375,593.5999755859375,196.99999999988904,constant,
1.0,1333.8,1334.166,1388.0,515.4000244140625,365.99999999998545,constant,
1.0,1334.178,1334.415,1364.4000244140625,499.70001220703125,236.99999999985266,constant,
1.0,1334.43,1334.625,1322.0999755859375,480.70001220703125,194.99999999993634,constant,
1.0,1334.65,1334.964,1398.4000244140625,379.6000061035156,313.99999999985084,constant,
1.0,1335.005,1335.188,1140.199951171875,291.1000061035156,182.99999999999272,constant,
1.0,1335.226,1335.41,917.9000244140625,267.6000061035156,183.99999999996908,constant,
1.0,1335.553,1335.753,908.0,293.79998779296875,199.9999999998181,constant,
1.0,1335.776,1336.005,998.7999877929688,256.79998779296875,229.00000000004184,constant,
1.0,1336.024,1336.159,942.4000244140625,249.5,135.00000000021828,constant,
1.0,1336.199,1336.653,694.2000122070312,245.3000030517578,453.9999999999509,constant,
1.0,1336.676,1336.896,782.2999877929688,262.79998779296875,220.00000000002728,constant,
1.0,1336.934,1337.26,987.7000122070312,256.5,326.0000000000218,constant,
1.0,1337.281,1337.502,894.0,283.3999938964844,221.00000000000364,constant,
1.0,1337.545,1337.879,639.5,296.1000061035156,333.99999999983265,constant,
1.0,1337.899,1338.152,750.0,310.0,253.00000000015643,constant,
1.0,1338.293,1338.613,722.2000122070312,327.0,320.0000000001637,constant,
1.0,1338.648,1338.984,592.5999755859375,311.29998779296875,336.00000000001273,constant,
1.0,1339.008,1339.192,737.0999755859375,310.29998779296875,183.99999999996908,constant,
1.0,1339.362,1339.861,752.2999877929688,333.29998779296875,499.00000000002365,constant,
1.0,1339.873,1340.04,761.5999755859375,305.6000061035156,166.99999999991633,constant,
1.0,1340.082,1340.375,492.29998779296875,283.70001220703125,292.9999999998927,constant,
1.0,1340.535,1340.71,630.4000244140625,325.3999938964844,174.99999999995453,constant,
1.0,1340.747,1341.069,455.3999938964844,259.70001220703125,321.99999999988904,constant,
1.0,1341.088,1341.359,412.8999938964844,179.89999389648438,270.99999999995816,constant,
1.0,1341.552,1341.689,719.0999755859375,295.79998779296875,137.00000000017099,constant,
1.0,1341.741,1341.907,381.0,178.6999969482422,165.99999999993997,constant,
1.0,1341.927,1342.127,342.29998779296875,157.10000610351562,200.00000000004547,constant,
1.0,1342.172,1342.509,640.7000122070312,316.1000061035156,336.9999999999891,constant,
1.0,1342.699,1342.967,804.5999755859375,304.1000061035156,268.0000000000291,constant,
1.0,1342.979,1343.361,783.4000244140625,313.6000061035156,382.00000000006185,constant,
1.0,1343.407,1343.639,1110.5,335.79998779296875,231.9999999999709,constant,
1.0,1343.68,1343.77,825.2999877929688,291.20001220703125,89.99999999991815,constant,
1.0,1343.796,1343.997,702.9000244140625,302.70001220703125,201.00000000002183,constant,
1.0,1344.162,1344.541,750.2999877929688,339.29998779296875,378.9999999999054,constant,
1.0,1344.555,1345.02,777.0999755859375,302.29998779296875,464.99999999991815,constant,
1.0,1345.044,1345.171,912.7999877929688,296.20001220703125,126.9999999999527,constant,
1.0,1345.321,1345.502,860.0,294.5,181.00000000004002,constant,
1.0,1345.523,1345.766,766.0,317.29998779296875,243.00000000016553,constant,
1.0,1345.773,1347.45,790.4000244140625,321.5,1677.0000000001346,constant,
1.0,1347.485,1347.659,646.4000244140625,324.8999938964844,174.00000000020555,constant,
1.0,1347.8,1347.932,535.2999877929688,327.70001220703125,132.00000000006185,constant,
1.0,1347.964,1348.109,692.9000244140625,334.1000061035156,144.9999999999818,constant,
1.0,1348.133,1348.629,603.7999877929688,361.5,495.9999999998672,constant,
1.0,1348.649,1348.915,639.9000244140625,296.6000061035156,266.0000000000764,constant,
1.0,1348.975,1349.275,1170.0999755859375,329.20001220703125,300.0000000001819,constant,
1.0,1349.314,1349.633,1383.0999755859375,343.20001220703125,318.99999999996,constant,
1.0,1349.758,1349.995,1541.699951171875,407.1000061035156,236.99999999985266,constant,
1.0,1350.038,1350.349,1330.5,278.29998779296875,310.9999999999218,constant,
1.0,1350.375,1350.526,1277.5,396.5,151.0000000000673,constant,
1.0,1350.676,1350.864,1238.0999755859375,425.29998779296875,188.00000000010186,constant,
1.0,1350.883,1351.448,1179.9000244140625,376.8999938964844,565.0000000000546,constant,
1.0,1351.472,1351.747,1053.4000244140625,443.1000061035156,275.00000000009095,constant,
1.0,1351.916,1352.155,1001.0999755859375,401.8999938964844,239.00000000003274,constant,
1.0,1352.178,1352.692,1099.5,414.79998779296875,513.9999999998963,constant,
1.0,1352.71,1352.807,1147.5999755859375,393.79998779296875,96.99999999997999,constant,
1.0,1353.025,1354.194,1150.699951171875,387.6000061035156,1168.999999999869,constant,
1.0,1354.234,1354.445,1136.0999755859375,554.0,211.00000000001273,constant,
1.0,1354.473,1354.811,1144.199951171875,388.0,337.99999999996544,constant,
1.0,1354.837,1355.175,1024.0999755859375,458.79998779296875,337.99999999996544,constant,
1.0,1355.196,1355.407,963.0,491.0,211.00000000001273,constant,
1.0,1355.416,1355.619,949.2999877929688,500.6000061035156,202.99999999997453,constant,
1.0,1355.64,1355.995,1022.5999755859375,484.70001220703125,354.9999999997908,constant,
1.0,1356.015,1356.316,962.9000244140625,511.3999938964844,300.9999999999309,constant,
1.0,1356.333,1356.562,1013.2999877929688,492.29998779296875,228.99999999981446,constant,
1.0,1356.584,1356.773,1085.4000244140625,496.6000061035156,188.99999999985084,constant,
1.0,1356.797,1356.985,995.7000122070312,492.29998779296875,187.9999999998745,constant,
1.0,1357.005,1357.621,969.2000122070312,493.79998779296875,615.9999999999854,constant,
1.0,1357.814,1357.93,1035.199951171875,541.7999877929688,115.99999999998545,constant,
1.0,1357.974,1358.199,1348.0999755859375,559.2000122070312,225.00000000013642,constant,
1.0,1358.218,1358.412,1328.300048828125,615.2000122070312,193.99999999995998,constant,
1.0,1358.435,1358.724,1399.9000244140625,509.6000061035156,288.99999999998727,constant,
1.0,1358.91,1359.084,1438.0,515.0,173.99999999997817,constant,
1.0,1359.103,1359.353,1386.4000244140625,497.70001220703125,250.0,constant,
1.0,1359.376,1359.644,1419.5999755859375,494.29998779296875,268.0000000000291,constant,
1.0,1359.655,1360.624,1404.699951171875,492.79998779296875,969.0000000000509,constant,
1.0,1360.648,1361.614,1523.0999755859375,493.70001220703125,966.0000000001219,constant,
1.0,1361.631,1362.162,1508.699951171875,535.7000122070312,530.9999999999491,constant,
1.0,1362.305,1362.709,1509.5,505.3999938964844,403.99999999999636,constant,
1.0,1362.736,1363.077,1435.4000244140625,623.0999755859375,340.9999999998945,constant,
1.0,1363.095,1363.469,1477.0,661.2000122070312,374.00000000002365,constant,
1.0,1363.483,1364.049,1519.0999755859375,675.0999755859375,566.0000000000309,constant,
1.0,1364.093,1364.383,1320.9000244140625,662.7000122070312,289.9999999999636,constant,
1.0,1364.414,1364.972,1331.5,869.2999877929688,557.9999999999927,constant,
1.0,1364.987,1365.185,1345.0,920.0999755859375,197.9999999998654,constant,
1.0,1365.227,1365.567,1044.5,895.0,339.99999999991815,constant,
1.0,1365.608,1365.877,1241.5999755859375,801.7000122070312,269.00000000000546,constant,
1.0,1365.899,1366.114,1174.300048828125,781.4000244140625,215.00000000014552,constant,
1.0,1366.156,1366.619,1473.0999755859375,599.5,462.99999999996544,constant,
1.0,1366.635,1366.795,1435.699951171875,607.4000244140625,160.00000000008185,constant,
1.0,1366.953,1367.148,1520.9000244140625,605.5,194.99999999993634,constant,
1.0,1367.165,1367.432,1471.4000244140625,605.4000244140625,267.00000000005275,constant,
1.0,1367.455,1367.747,1517.9000244140625,698.2000122070312,292.0000000001437,constant,
1.0,1367.755,1367.927,1538.300048828125,681.4000244140625,171.9999999997981,constant,
1.0,1367.947,1368.388,1470.800048828125,673.0999755859375,441.0000000000309,constant,
1.0,1368.44,1368.619,1092.300048828125,396.0,178.99999999985994,constant,
1.0,1368.666,1368.931,719.9000244140625,331.20001220703125,265.00000000010004,constant,
1.0,1368.978,1369.158,425.6000061035156,302.3999938964844,179.9999999998363,constant,
1.0,1369.204,1369.361,245.89999389648438,185.0,157.0000000001528,constant,
1.0,1369.406,1370.207,21.700000762939453,145.6999969482422,801.0000000001583,constant,
1.0,1370.225,1370.56,22.5,171.39999389648438,335.0000000000364,constant,
1.0,1370.588,1370.863,148.39999389648438,253.3000030517578,275.00000000009095,constant,
1.0,1370.898,1371.166,424.20001220703125,262.0,268.0000000000291,constant,
1.0,1371.185,1371.45,499.20001220703125,270.5,265.00000000010004,constant,
1.0,1371.483,1371.838,640.4000244140625,275.29998779296875,355.0000000000182,constant,
1.0,1371.961,1372.22,873.7999877929688,243.89999389648438,259.00000000001455,constant,
1.0,1372.267,1372.508,1254.300048828125,286.29998779296875,240.99999999998545,constant,
1.0,1372.562,1372.736,892.0,562.5,174.00000000020555,constant,
1.0,1372.776,1373.033,638.0999755859375,575.2000122070312,256.9999999998345,constant,
1.0,1373.081,1373.284,259.1000061035156,635.0,203.0000000002019,constant,
1.0,1373.362,1373.677,1150.5999755859375,633.5,314.9999999998272,constant,
1.0,1373.703,1373.935,1027.300048828125,710.5999755859375,231.9999999999709,constant,
1.0,1373.956,1374.158,1091.0999755859375,748.0,201.99999999999818,constant,
1.0,1374.364,1374.568,1080.699951171875,819.0,203.9999999999509,constant,
1.0,1374.603,1374.831,998.2000122070312,646.0,227.9999999998381,constant,
1.0,1374.906,1375.175,221.6999969482422,788.7000122070312,269.00000000000546,constant,
1.0,1375.201,1375.397,114.9000015258789,900.2999877929688,195.9999999999127,constant,
1.0,1375.428,1375.601,357.20001220703125,917.9000244140625,173.00000000000182,constant,
1.0,1375.773,1375.977,969.0999755859375,889.0,204.00000000017826,constant,
1.0,1376.033,1376.325,964.2000122070312,423.0,292.0000000001437,constant,
1.0,1376.525,1376.806,1274.699951171875,953.7999877929688,280.99999999994907,constant,
1.0,1376.844,1377.222,1251.199951171875,796.5,377.99999999992906,constant,
1.0,1377.249,1377.459,1397.9000244140625,830.2999877929688,210.00000000003638,constant,
1.0,1377.498,1377.802,1135.9000244140625,812.7999877929688,303.99999999985994,constant,
1.0,1377.852,1378.056,954.0,548.4000244140625,203.9999999999509,constant,
1.0,1378.083,1378.525,962.0,365.5,442.0000000000073,constant,
1.0,1378.589,1379.058,1189.199951171875,697.5,469.00000000005093,constant,
1.0,1379.199,1379.377,1066.300048828125,573.2999877929688,177.99999999988358,constant,
1.0,1379.425,1379.668,1080.0999755859375,310.70001220703125,242.99999999993815,constant,
1.0,1379.691,1379.942,1020.7999877929688,393.79998779296875,250.99999999997635,constant,
1.0,1380.031,1380.286,1341.0,948.0999755859375,255.00000000010914,constant,
1.0,1380.311,1380.508,1472.9000244140625,959.0,197.00000000011642,constant,
1.0,1380.552,1380.778,1139.0999755859375,781.2000122070312,226.00000000011278,constant,
1.0,1380.83,1381.227,1121.0,401.29998779296875,397.0000000001619,constant,
1.0,1381.279,1381.672,1247.800048828125,674.2000122070312,393.0000000000291,constant,
1.0,1381.714,1383.082,1043.300048828125,470.20001220703125,1368.0000000001655,constant,
1.0,1383.234,1383.904,958.2000122070312,429.5,670.0000000000728,constant,
1.0,1383.97,1384.224,1338.199951171875,808.0999755859375,253.9999999999054,constant,
1.0,1384.249,1384.547,1215.699951171875,726.7000122070312,298.0000000000018,constant,
1.0,1384.588,1384.758,1144.0,559.0,170.00000000007276,constant,
1.0,1384.795,1385.017,1072.699951171875,369.6000061035156,221.99999999998,constant,
1.0,1385.04,1385.242,992.7000122070312,378.79998779296875,201.99999999999818,constant,
1.0,1385.301,1385.477,1341.300048828125,805.5999755859375,176.00000000015825,constant,
1.0,1385.507,1385.87,1402.300048828125,836.5999755859375,362.999999999829,constant,
1.0,1385.934,1386.085,947.9000244140625,331.20001220703125,151.0000000000673,constant,
1.0,1386.096,1386.289,937.9000244140625,351.6000061035156,192.99999999998363,constant,
1.0,1386.299,1386.56,970.0999755859375,354.1000061035156,260.99999999996726,constant,
1.0,1386.649,1386.84,1420.0999755859375,921.0999755859375,191.00000000003092,constant,
1.0,1386.856,1387.061,1394.0999755859375,875.2999877929688,204.99999999992724,constant,
1.0,1387.096,1387.312,1194.300048828125,646.5,215.9999999998945,constant,
1.0,1387.337,1388.152,1200.0999755859375,498.20001220703125,815.0000000000546,constant,
1.0,1388.321,1388.459,1183.5999755859375,482.5,138.00000000014734,constant,
1.0,1388.711,1388.987,1152.5,490.29998779296875,276.0000000000673,constant,
1.0,1389.014,1389.116,1049.300048828125,452.3999938964844,102.00000000008913,constant,
1.0,1389.181,1389.507,1327.5,834.2999877929688,326.0000000000218,constant,
1.0,1389.53,1389.616,1419.5,833.7000122070312,86.00000000001273,constant,
1.0,1389.804,1389.854,1424.0999755859375,771.7000122070312,49.999999999954525,constant,
1.0,1390.127,1390.425,1364.5999755859375,778.7000122070312,298.0000000000018,constant,
1.0,1390.464,1390.747,1198.5,529.7999877929688,283.00000000012915,constant,
1.0,1390.798,1391.215,1437.800048828125,779.2000122070312,416.9999999999163,constant,
1.0,1391.253,1392.099,1341.0999755859375,639.5,846.0000000000036,constant,
1.0,1392.121,1393.602,1290.0,648.0999755859375,1480.9999999999945,constant,
1.0,1393.627,1394.972,1387.4000244140625,675.5999755859375,1345.0000000000273,constant,
1.0,1395.072,1395.5,1124.4000244140625,340.20001220703125,428.00000000011096,constant,
1.0,1395.524,1395.723,983.4000244140625,335.79998779296875,199.00000000006912,constant,
1.0,1395.766,1395.801,958.2999877929688,506.0,34.99999999985448,constant,
1.0,1395.827,1396.042,1047.5,671.4000244140625,214.99999999991815,constant,
1.0,1396.084,1396.722,998.0,406.6000061035156,637.99999999992,constant,
1.0,1396.772,1397.232,1235.4000244140625,757.2999877929688,460.0000000000364,constant,
1.0,1397.258,1398.024,1231.199951171875,588.2999877929688,765.999999999849,constant,
1.0,1398.049,1398.382,1126.5999755859375,510.79998779296875,333.0000000000837,constant,
1.0,1398.404,1398.527,1208.9000244140625,514.9000244140625,123.0000000000473,constant,
1.0,1398.55,1398.731,1126.9000244140625,508.20001220703125,181.00000000004002,constant,
1.0,1398.751,1399.519,1181.0,515.5999755859375,768.0000000000291,constant,
1.0,1399.673,1400.734,1182.0,521.5,1060.9999999999218,constant,
1.0,1400.746,1401.179,1149.199951171875,508.0,432.9999999999927,constant,
1.0,1401.191,1401.443,1162.5,480.79998779296875,251.9999999999527,constant,
1.0,1401.462,1401.601,1205.4000244140625,542.2999877929688,139.0000000001237,constant,
1.0,1401.612,1404.224,1187.300048828125,524.0999755859375,2611.9999999998527,constant,
1.0,1404.422,1404.748,1186.800048828125,517.7999877929688,326.0000000000218,constant,
1.0,1404.955,1405.006,811.9000244140625,555.5,51.00000000015825,constant,
1.0,1405.051,1405.281,1191.199951171875,534.4000244140625,230.0000000000182,constant,
1.0,1405.289,1405.525,1193.800048828125,525.0,236.00000000010368,constant,
1.0,1405.714,1405.902,1192.0,508.1000061035156,188.00000000010186,constant,
1.0,1405.908,1406.578,1177.800048828125,526.5,670.0000000000728,constant,
1.0,1406.815,1407.658,1186.0,523.5,842.9999999998472,constant,
1.0,1407.874,1408.168,1231.5999755859375,506.8999938964844,293.99999999986903,constant,
1.0,1408.179,1408.471,1201.9000244140625,515.2000122070312,291.9999999999163,constant,
1.0,1408.479,1408.837,1185.800048828125,510.8999938964844,357.99999999994725,constant,
1.0,1409.026,1409.22,1182.199951171875,515.7000122070312,193.99999999995998,constant,
1.0,1409.228,1409.44,1179.800048828125,532.9000244140625,211.9999999999891,constant,
1.0,1409.729,1409.886,1197.800048828125,556.5,156.99999999992542,constant,
1.0,1409.896,1410.247,1188.800048828125,531.5,351.0000000001128,constant,
1.0,1410.412,1410.767,1151.699951171875,508.70001220703125,355.0000000000182,constant,
1.0,1411.316,1411.77,1196.5,507.0,453.9999999999509,constant,
1.0,1411.778,1412.61,1178.199951171875,511.1000061035156,831.99999999988,constant,
1.0,1412.814,1413.057,1177.300048828125,491.8999938964844,242.99999999993815,constant,
1.0,1413.065,1413.791,1176.800048828125,507.8999938964844,725.9999999998854,constant,
1.0,1413.824,1414.086,1040.699951171875,588.2999877929688,261.9999999999436,constant,
1.0,1414.108,1414.583,1130.699951171875,603.2000122070312,475.0000000001364,constant,
1.0,1414.6,1414.944,1124.800048828125,631.9000244140625,344.00000000005093,constant,
1.0,1414.97,1415.149,1249.199951171875,513.9000244140625,178.99999999985994,constant,
1.0,1415.167,1415.351,1213.5,516.0,184.00000000019645,constant,
1.0,1415.359,1415.557,1193.4000244140625,535.4000244140625,198.00000000009277,constant,
1.0,1415.739,1416.478,1204.800048828125,519.2999877929688,739.0000000000327,constant,
1.0,1416.704,1418.272,1180.5999755859375,518.5,1567.9999999999836,constant,
1.0,1418.468,1418.6,1225.5,562.7999877929688,131.99999999983447,constant,
1.0,1418.621,1419.227,1183.800048828125,505.6000061035156,605.9999999999945,constant,
1.0,1419.401,1419.479,1143.199951171875,520.4000244140625,77.99999999997453,constant,
1.0,1419.536,1419.659,753.0999755859375,567.7000122070312,123.0000000000473,constant,
1.0,1419.682,1419.963,717.5999755859375,581.0999755859375,280.99999999994907,constant,
1.0,1420.206,1420.626,1226.300048828125,511.5,420.00000000007276,constant,
1.0,1420.646,1422.17,1185.699951171875,515.9000244140625,1524.0000000001146,constant,
1.0,1422.397,1423.102,1180.199951171875,510.79998779296875,705.0000000001546,constant,
1.0,1423.303,1423.832,1180.0,534.2000122070312,528.9999999999964,constant,
1.0,1423.847,1424.526,1197.800048828125,514.9000244140625,679.0000000000873,constant,
1.0,1424.727,1425.436,1200.300048828125,517.0,708.9999999998327,constant,
1.0,1425.66,1426.483,1192.0,510.0,822.9999999998654,constant,
1.0,1426.691,1427.105,1181.9000244140625,529.2000122070312,413.99999999998727,constant,
1.0,1427.125,1429.442,1181.5,522.0999755859375,2317.0000000000073,constant,
1.0,1429.449,1429.986,1169.300048828125,518.7000122070312,537.0000000000346,constant,
1.0,1430.146,1430.757,1184.0999755859375,524.5,611.0000000001037,constant,
1.0,1430.764,1436.057,1201.5999755859375,520.5999755859375,5293.00000000012,constant,
1.0,1436.07,1437.041,1187.5999755859375,521.2999877929688,971.0000000000036,constant,
1.0,1437.057,1437.261,1185.0999755859375,518.9000244140625,203.9999999999509,constant,
1.0,1437.269,1438.107,1197.4000244140625,517.2000122070312,837.9999999999654,constant,
1.0,1438.235,1438.78,1181.800048828125,522.5999755859375,545.0000000000728,constant,
1.0,1438.848,1441.034,1187.199951171875,521.7999877929688,2186.000000000149,constant,
1.0,1441.259,1441.951,1177.5999755859375,526.7999877929688,692.0000000000073,constant,
1.0,1441.959,1442.703,1169.800048828125,518.5999755859375,743.9999999999145,constant,
1.0,1442.939,1443.835,1170.4000244140625,510.79998779296875,895.9999999999582,constant,
1.0,1444.015,1445.896,1176.0,533.2999877929688,1880.9999999998581,constant,
1.0,1445.903,1446.565,1182.699951171875,530.7000122070312,662.0000000000346,constant,
1.0,1446.74,1447.091,1182.800048828125,519.2999877929688,350.9999999998854,constant,
1.0,1447.11,1447.475,1216.199951171875,474.8999938964844,365.0000000000091,constant,
1.0,1447.49,1447.591,1180.199951171875,474.0,100.9999999998854,constant,
1.0,1447.75,1448.009,1195.0999755859375,470.0,259.00000000001455,constant,
1.0,1448.058,1448.202,747.0999755859375,572.7000122070312,144.00000000000546,constant,
1.0,1448.259,1448.372,1160.5,558.2000122070312,113.00000000005639,constant,
1.0,1448.662,1448.998,1171.199951171875,526.0999755859375,336.00000000001273,constant,
1.0,1449.032,1449.317,1019.0999755859375,602.0,285.00000000008185,constant,
1.0,1449.601,1450.936,1177.0,532.7999877929688,1334.999999999809,constant,
1.0,1451.173,1451.535,1174.9000244140625,509.79998779296875,362.00000000008004,constant,
1.0,1451.548,1451.878,1213.0,501.3999938964844,329.99999999992724,constant,
1.0,1451.893,1452.452,1177.5,524.0999755859375,558.9999999999691,constant,
1.0,1452.665,1452.966,1186.699951171875,511.29998779296875,300.9999999999309,constant,
1.0,1452.975,1453.537,1160.800048828125,517.9000244140625,562.0000000001255,constant,
1.0,1453.553,1453.844,1201.0,494.70001220703125,290.99999999994,constant,
1.0,1454.078,1454.235,1167.0,537.0999755859375,156.99999999992542,constant,
1.0,1454.244,1455.275,1186.4000244140625,516.7999877929688,1031.0000000001764,constant,
1.0,1455.466,1455.836,1200.0999755859375,477.79998779296875,370.00000000011823,constant,
1.0,1455.853,1456.03,1250.5,474.79998779296875,176.99999999990723,constant,
1.0,1456.055,1456.951,1181.300048828125,521.0,895.9999999999582,constant,
1.0,1456.994,1457.245,1469.9000244140625,509.0,250.99999999997635,constant,
1.0,1457.259,1457.529,1508.300048828125,504.79998779296875,269.9999999999818,constant,
1.0,1457.537,1457.682,1500.199951171875,501.8999938964844,144.9999999999818,constant,
1.0,1457.861,1458.581,1515.0999755859375,509.0,719.9999999997999,constant,
1.0,1458.633,1458.948,1187.699951171875,507.79998779296875,315.00000000005457,constant,
1.0,1459.189,1459.539,1211.300048828125,489.29998779296875,349.99999999990905,constant,
1.0,1459.552,1459.765,1178.0999755859375,493.3999938964844,213.0000000001928,constant,
1.0,1459.773,1460.242,1195.300048828125,521.5999755859375,469.00000000005093,constant,
1.0,1460.445,1461.149,1214.0,495.8999938964844,703.9999999999509,constant,
1.0,1461.366,1461.664,1182.5999755859375,516.5,298.0000000000018,constant,
1.0,1461.672,1464.84,1184.9000244140625,516.9000244140625,3167.9999999998927,constant,
1.0,1465.082,1465.429,1192.5,494.5,346.99999999998,constant,
1.0,1465.436,1466.014,1170.5999755859375,495.79998779296875,577.9999999999745,constant,
1.0,1466.226,1466.432,1130.9000244140625,497.1000061035156,205.9999999999036,constant,
1.0,1466.452,1466.688,1190.699951171875,497.29998779296875,236.00000000010368,constant,
1.0,1466.739,1467.074,853.5,336.5,335.0000000000364,constant,
1.0,1467.092,1467.296,897.9000244140625,286.6000061035156,203.9999999999509,constant,
1.0,1467.335,1467.521,671.2000122070312,263.20001220703125,185.99999999992178,constant,
1.0,1467.678,1467.892,655.5,489.5,213.9999999999418,constant,
1.0,1467.947,1468.139,1181.0999755859375,352.3999938964844,192.00000000000728,constant,
1.0,1468.181,1468.507,1350.699951171875,241.89999389648438,326.0000000000218,constant,
1.0,1468.523,1468.699,1373.5,190.6999969482422,176.00000000015825,constant,
1.0,1468.735,1469.031,1109.300048828125,242.1999969482422,296.0000000000491,constant,
1.0,1469.161,1469.393,1090.699951171875,240.10000610351562,231.9999999999709,constant,
1.0,1469.443,1469.992,696.2000122070312,257.3999938964844,548.9999999999782,constant,
1.0,1470.014,1470.478,792.9000244140625,236.5,464.00000000016917,constant,
1.0,1470.547,1470.709,1204.800048828125,540.0,162.00000000003456,constant,
1.0,1470.728,1470.934,1148.5999755859375,517.0999755859375,205.9999999999036,constant,
1.0,1470.942,1472.913,1173.300048828125,524.7000122070312,1971.0000000000036,constant,
1.0,1473.08,1473.418,1171.199951171875,502.70001220703125,337.99999999996544,constant,
1.0,1473.471,1473.652,786.2000122070312,323.3999938964844,181.00000000004002,constant,
1.0,1473.702,1473.806,1189.9000244140625,499.29998779296875,104.00000000004184,constant,
1.0,1474.0,1474.265,1172.800048828125,476.29998779296875,265.00000000010004,constant,
1.0,1474.274,1474.682,1195.4000244140625,472.5,408.00000000012915,constant,
1.0,1474.729,1474.953,811.9000244140625,512.2999877929688,223.9999999999327,constant,
1.0,1474.993,1475.311,749.0999755859375,322.5,317.99999999998363,constant,
1.0,1475.504,1475.69,1116.5,499.3999938964844,186.00000000014916,constant,
1.0,1475.746,1475.971,735.5,467.8999938964844,224.99999999990905,constant,
1.0,1476.026,1476.267,368.3999938964844,352.8999938964844,240.99999999998545,constant,
1.0,1476.293,1476.505,435.3999938964844,423.79998779296875,212.00000000021646,constant,
1.0,1476.577,1476.833,261.0,821.0999755859375,256.0000000000855,constant,
1.0,1476.858,1477.019,292.29998779296875,700.2000122070312,161.0000000000582,constant,
1.0,1477.039,1477.229,300.79998779296875,617.5,190.00000000005457,constant,
1.0,1477.375,1477.467,364.8999938964844,578.5999755859375,92.00000000009823,constant,
1.0,1477.509,1477.735,733.5,582.2000122070312,225.9999999998854,constant,
1.0,1477.754,1477.96,687.5,593.2999877929688,206.00000000013097,constant,
1.0,1478.169,1478.534,1036.0,717.4000244140625,365.0000000000091,constant,
1.0,1478.577,1478.732,1050.0,883.9000244140625,154.99999999997272,constant,
1.0,1478.773,1479.182,1363.699951171875,883.5999755859375,409.0000000001055,constant,
1.0,1479.205,1479.37,1455.0,869.5999755859375,164.99999999996362,constant,
1.0,1479.42,1479.757,1458.9000244140625,480.6000061035156,336.9999999999891,constant,
1.0,1479.778,1479.932,1468.5,537.7999877929688,153.99999999999636,constant,
1.0,1480.114,1480.562,1493.699951171875,607.9000244140625,447.9999999998654,constant,
1.0,1480.584,1480.742,1437.300048828125,511.79998779296875,157.99999999990177,constant,
1.0,1480.877,1481.113,1446.4000244140625,390.1000061035156,236.00000000010368,constant,
1.0,1481.133,1481.351,1373.699951171875,415.5,218.00000000007458,constant,
1.0,1481.375,1481.611,1397.0,299.0,236.00000000010368,constant,
1.0,1481.789,1482.112,1402.0,356.1000061035156,323.00000000009277,constant,
1.0,1482.131,1482.309,1437.199951171875,418.8999938964844,177.99999999988358,constant,
1.0,1482.504,1482.648,1458.4000244140625,399.70001220703125,144.00000000000546,constant,
1.0,1482.701,1482.967,1147.300048828125,324.0,266.0000000000764,constant,
1.0,1483.01,1483.204,1371.699951171875,462.6000061035156,193.99999999995998,constant,
1.0,1483.243,1483.473,1435.5,347.29998779296875,230.0000000000182,constant,
1.0,1483.491,1483.697,1488.5999755859375,370.8999938964844,205.9999999999036,constant,
1.0,1483.719,1484.438,1417.699951171875,380.1000061035156,719.0000000000509,constant,
1.0,1484.456,1484.57,1438.800048828125,316.8999938964844,114.00000000003274,constant,
1.0,1484.737,1485.059,1409.9000244140625,295.1000061035156,321.99999999988904,constant,
1.0,1485.106,1485.134,1053.0,278.8999938964844,28.00000000002001,constant,
1.0,1485.302,1485.478,1061.300048828125,281.70001220703125,176.00000000015825,constant,
1.0,1485.526,1485.768,739.0999755859375,281.70001220703125,241.9999999999618,constant,
1.0,1485.805,1486.008,631.9000244140625,383.8999938964844,202.99999999997453,constant,
1.0,1486.187,1486.53,837.5999755859375,371.0,343.0000000000746,constant,
1.0,1486.568,1486.816,700.9000244140625,291.79998779296875,248.0000000000473,constant,
1.0,1486.965,1487.394,913.4000244140625,278.70001220703125,429.0000000000873,constant,
1.0,1487.412,1487.774,868.2000122070312,275.0,361.99999999985266,constant,
1.0,1487.798,1487.955,732.9000244140625,256.6000061035156,156.99999999992542,constant,
1.0,1488.001,1488.271,1144.300048828125,353.5,269.9999999999818,constant,
1.0,1488.292,1488.546,1191.199951171875,419.20001220703125,254.0000000001328,constant,
1.0,1488.726,1489.139,1235.800048828125,403.8999938964844,412.99999999978354,constant,
1.0,1489.176,1489.467,987.7999877929688,473.5,291.00000000016735,constant,
1.0,1489.494,1489.591,809.0999755859375,400.79998779296875,96.99999999997999,constant,
1.0,1489.768,1490.038,805.2000122070312,390.79998779296875,269.9999999999818,constant,
1.0,1490.076,1490.319,760.2000122070312,549.2000122070312,242.99999999993815,constant,
1.0,1490.338,1490.638,719.2999877929688,587.2000122070312,299.9999999999545,constant,
1.0,1490.687,1490.878,1126.800048828125,517.0999755859375,191.00000000003092,constant,
1.0,1490.903,1491.139,1231.0,510.1000061035156,235.9999999998763,constant,
1.0,1491.323,1491.451,1320.0,698.2000122070312,127.99999999992906,constant,
1.0,1491.498,1491.695,954.4000244140625,540.4000244140625,196.99999999988904,constant,
1.0,1491.737,1492.426,684.7999877929688,591.4000244140625,688.9999999998508,constant,
1.0,1492.495,1492.608,314.1000061035156,809.2999877929688,113.00000000005639,constant,
1.0,1492.644,1492.931,55.599998474121094,938.5,287.00000000003456,constant,
1.0,1492.97,1493.184,339.8999938964844,922.0,213.9999999999418,constant,
1.0,1493.248,1493.423,926.7999877929688,859.2999877929688,174.99999999995453,constant,
1.0,1493.485,1493.613,1453.9000244140625,1001.2000122070312,128.00000000015643,constant,
1.0,1493.665,1494.064,862.9000244140625,837.5,399.0000000001146,constant,
1.0,1494.105,1494.385,672.0999755859375,600.5,279.9999999999727,constant,
1.0,1494.432,1494.628,1113.0999755859375,511.70001220703125,195.9999999999127,constant,
1.0,1494.837,1494.985,1312.4000244140625,717.7000122070312,147.99999999991087,constant,
1.0,1495.023,1495.247,1074.5999755859375,571.5,224.00000000016007,constant,
1.0,1495.293,1495.51,731.5999755859375,584.2999877929688,217.00000000009823,constant,
1.0,1495.586,1495.734,1276.800048828125,1015.5999755859375,147.99999999991087,constant,
1.0,1495.774,1495.985,1544.199951171875,1095.5,211.00000000001273,constant,
1.0,1496.041,1496.421,889.9000244140625,935.4000244140625,380.00000000010914,constant,
1.0,1496.491,1496.682,1498.199951171875,1059.0999755859375,191.00000000003092,constant,
1.0,1496.718,1497.169,1282.300048828125,982.4000244140625,451.0000000000218,constant,
1.0,1497.186,1497.334,1342.800048828125,949.5999755859375,148.00000000013824,constant,
1.0,1497.363,1497.524,1500.199951171875,1002.0,160.99999999983083,constant,
1.0,1497.589,1497.827,721.7999877929688,861.2999877929688,238.0000000000564,constant,
1.0,1497.852,1497.89,853.9000244140625,841.5999755859375,38.000000000010914,constant,
1.0,1498.086,1498.261,736.5999755859375,792.2000122070312,174.99999999995453,constant,
1.0,1498.286,1498.451,612.5,867.4000244140625,164.99999999996362,constant,
1.0,1498.479,1498.91,503.70001220703125,893.2000122070312,431.00000000004,constant,
1.0,1498.923,1499.349,465.1000061035156,899.0999755859375,425.9999999999309,constant,
1.0,1499.37,1499.718,545.2999877929688,896.2999877929688,348.0000000001837,constant,
1.0,1499.756,1500.01,803.0,918.2999877929688,253.9999999999054,constant,
1.0,1500.054,1500.293,474.3999938964844,876.2000122070312,238.99999999980537,constant,
1.0,1500.307,1500.5,515.4000244140625,863.9000244140625,192.99999999998363,constant,
1.0,1500.52,1500.701,461.1000061035156,851.5999755859375,181.00000000004002,constant,
1.0,1500.716,1502.471,524.4000244140625,854.5999755859375,1755.0000000001091,constant,
1.0,1502.518,1502.816,923.0,651.7000122070312,298.0000000000018,constant,
1.0,1502.921,1503.14,878.2999877929688,761.0,219.00000000005093,constant,
1.0,1503.153,1503.489,865.9000244140625,787.2999877929688,336.00000000001273,constant,
1.0,1503.545,1503.909,1316.0,738.5,364.00000000003274,constant,
1.0,1503.968,1504.624,727.7999877929688,637.5999755859375,655.9999999999491,constant,
1.0,1504.692,1505.228,1294.5,643.5999755859375,536.0000000000582,constant,
1.0,1505.372,1505.464,1222.199951171875,638.9000244140625,91.99999999987085,constant,
1.0,1505.488,1506.241,1331.0999755859375,632.0,752.9999999999291,constant,
1.0,1506.402,1507.496,1327.199951171875,646.5999755859375,1094.000000000051,constant,
1.0,1507.662,1507.999,1330.699951171875,635.2999877929688,336.9999999999891,constant,
1.0,1508.02,1508.229,1318.699951171875,707.2999877929688,209.00000000006003,constant,
1.0,1508.286,1508.616,751.5999755859375,635.9000244140625,329.99999999992724,constant,
1.0,1508.671,1508.795,280.1000061035156,663.2000122070312,124.00000000002365,constant,
1.0,1508.846,1509.048,66.0,940.2999877929688,201.99999999999818,constant,
1.0,1509.074,1509.383,281.1000061035156,902.0,308.9999999999691,constant,
1.0,1509.567,1509.772,369.8999938964844,940.0,204.99999999992724,constant,
1.0,1509.798,1510.007,528.9000244140625,928.7000122070312,209.00000000006003,constant,
1.0,1510.057,1510.426,170.0,925.2000122070312,368.9999999999145,constant,
1.0,1510.464,1510.739,-15.600000381469727,973.0,275.00000000009095,constant,
1.0,1510.802,1511.1,671.7000122070312,1357.5999755859375,298.0000000000018,constant,
1.0,1511.126,1511.915,571.2999877929688,1389.9000244140625,788.9999999999873,constant,
1.0,1511.938,1512.694,562.2000122070312,1354.5,755.9999999998581,constant,
1.0,1512.718,1513.229,634.4000244140625,1349.800048828125,510.99999999996726,constant,
1.0,1513.253,1514.991,563.4000244140625,1375.0999755859375,1738.0000000000564,constant,
1.0,1515.342,1515.615,1309.800048828125,685.5,272.99999999991087,constant,
1.0,1515.658,1515.819,1179.4000244140625,451.79998779296875,161.0000000000582,constant,
1.0,1515.874,1516.117,637.4000244140625,405.1000061035156,242.99999999993815,constant,
1.0,1516.142,1516.384,747.5,328.0,241.9999999999618,constant,
1.0,1516.417,1516.678,543.2000122070312,426.29998779296875,261.00000000019463,constant,
1.0,1516.718,1516.933,739.7999877929688,334.79998779296875,214.99999999991815,constant,
1.0,1516.98,1517.243,380.0,330.6000061035156,262.99999999991996,constant,
1.0,1517.286,1517.559,733.7999877929688,323.1000061035156,272.99999999991087,constant,
1.0,1517.575,1517.755,775.2999877929688,318.6000061035156,180.00000000006366,constant,
1.0,1517.895,1518.135,783.7999877929688,319.1000061035156,240.0000000000091,constant,
1.0,1518.181,1518.37,686.4000244140625,550.0999755859375,188.99999999985084,constant,
1.0,1518.389,1518.647,662.7999877929688,586.2000122070312,258.0000000000382,constant,
1.0,1518.657,1519.003,693.7000122070312,590.7000122070312,346.00000000000364,constant,
1.0,1519.024,1519.196,645.0,595.5999755859375,172.00000000002547,constant,
1.0,1519.214,1519.585,698.5,597.7000122070312,371.0000000000946,constant,
1.0,1519.601,1519.672,658.9000244140625,600.5999755859375,70.99999999991269,constant,
1.0,1519.72,1520.153,296.3999938964844,594.7000122070312,432.9999999999927,constant,
1.0,1520.198,1520.499,722.2999877929688,608.2000122070312,300.9999999999309,constant,
1.0,1520.549,1520.751,679.5999755859375,920.7999877929688,201.99999999999818,constant,
1.0,1520.782,1521.018,473.20001220703125,892.7000122070312,236.00000000010368,constant,
1.0,1521.035,1521.221,508.5,867.0,185.99999999992178,constant,
1.0,1521.398,1521.601,1192.199951171875,536.9000244140625,203.0000000002019,constant,
1.0,1521.617,1521.839,1241.300048828125,498.1000061035156,221.99999999998,constant,
1.0,1521.85,1522.146,1203.800048828125,488.70001220703125,296.0000000000491,constant,
1.0,1522.156,1522.43,1173.699951171875,482.20001220703125,274.0000000001146,constant,
1.0,1522.48,1522.633,693.9000244140625,560.5,153.00000000002,constant,
1.0,1522.646,1523.072,682.4000244140625,597.2000122070312,425.9999999999309,constant,
1.0,1523.092,1523.381,743.2000122070312,595.0999755859375,288.99999999998727,constant,
1.0,1523.407,1523.592,608.9000244140625,598.5,185.0000000001728,constant,
1.0,1523.615,1523.879,714.2000122070312,589.4000244140625,263.9999999998963,constant,
1.0,1523.889,1524.029,685.2999877929688,592.9000244140625,140.00000000010004,constant,
1.0,1524.077,1524.275,310.8999938964844,594.7999877929688,198.00000000009277,constant,
1.0,1524.284,1524.838,328.0,593.2000122070312,553.9999999998599,constant,
1.0,1524.864,1525.106,308.79998779296875,448.6000061035156,241.9999999999618,constant,
1.0,1525.15,1525.413,696.5999755859375,596.5,262.99999999991996,constant,
1.0,1525.426,1525.603,738.9000244140625,588.0,177.0000000001346,constant,
1.0,1525.637,1526.036,571.7999877929688,582.5,399.0000000001146,constant,
1.0,1526.179,1526.428,1279.800048828125,569.7999877929688,249.00000000002365,constant,
1.0,1526.461,1526.65,1476.199951171875,567.5999755859375,189.00000000007822,constant,
1.0,1526.688,1527.388,1203.300048828125,508.20001220703125,699.9999999998181,constant,
1.0,1527.44,1527.904,1341.0,786.7999877929688,463.9999999999418,constant,
1.0,1527.921,1528.18,1293.4000244140625,749.7999877929688,259.00000000001455,constant,
1.0,1528.319,1528.486,1295.300048828125,749.5999755859375,167.0000000001437,constant,
1.0,1528.541,1528.71,1576.300048828125,1111.800048828125,169.0000000000964,constant,
1.0,1528.724,1529.328,1583.300048828125,1151.5999755859375,604.0000000000418,constant,
1.0,1529.405,1529.534,891.0999755859375,670.2999877929688,129.0000000001328,constant,
1.0,1529.59,1529.793,1292.5999755859375,616.0999755859375,202.99999999997453,constant,
1.0,1529.831,1530.107,1033.5,649.0999755859375,276.0000000000673,constant,
1.0,1530.128,1530.426,980.7000122070312,622.7000122070312,298.0000000000018,constant,
1.0,1530.451,1530.937,1088.5999755859375,602.5999755859375,485.9999999998763,constant,
1.0,1531.071,1531.76,1098.4000244140625,588.2999877929688,689.0000000000782,constant,
1.0,1531.767,1532.121,1091.0999755859375,578.7999877929688,354.00000000004184,constant,
1.0,1532.142,1532.399,1008.5999755859375,582.7000122070312,256.9999999998345,constant,
1.0,1532.421,1532.754,1006.7000122070312,481.1000061035156,332.9999999998563,constant,
1.0,1532.773,1532.953,938.7999877929688,497.0,180.00000000006366,constant,
1.0,1533.126,1533.27,932.5,512.9000244140625,144.00000000000546,constant,
1.0,1533.314,1533.569,1189.0999755859375,451.6000061035156,254.99999999988177,constant,
1.0,1533.609,1533.84,1430.5,475.20001220703125,230.99999999999454,constant,
1.0,1534.043,1534.235,1046.5999755859375,385.70001220703125,192.00000000000728,constant,
1.0,1534.281,1534.415,747.5999755859375,330.79998779296875,134.00000000001455,constant,
1.0,1534.457,1535.196,1105.300048828125,388.70001220703125,738.9999999998054,constant,
1.0,1535.351,1535.524,866.0,357.5,172.99999999977445,constant,
1.0,1535.56,1535.816,736.5999755859375,322.79998779296875,256.0000000000855,constant,
1.0,1535.834,1536.008,780.2000122070312,320.20001220703125,173.99999999997817,constant,
1.0,1536.028,1536.245,863.2000122070312,310.0,216.99999999987085,constant,
1.0,1536.331,1536.343,737.2999877929688,567.7999877929688,12.000000000170985,,
1.0,1536.487,1537.445,736.2000122070312,550.7000122070312,957.9999999998563,,
1.0,1537.581,1537.714,767.7000122070312,553.4000244140625,133.0000000000382,constant,
1.0,1537.725,1538.178,741.7999877929688,557.2000122070312,453.0000000002019,constant,
1.0,1538.219,1538.363,614.4000244140625,427.70001220703125,144.00000000000546,constant,
1.0,1538.401,1538.599,572.0,188.39999389648438,197.9999999998654,constant,
1.0,1538.61,1538.754,603.0999755859375,169.39999389648438,144.00000000000546,constant,
1.0,1538.83,1539.066,528.2000122070312,752.7999877929688,236.00000000010368,constant,
1.0,1539.305,1539.517,875.0,726.4000244140625,211.9999999999891,constant,
1.0,1539.561,1539.814,704.9000244140625,503.29998779296875,253.00000000015643,constant,
1.0,1539.836,1540.087,632.7999877929688,422.6000061035156,250.99999999997635,constant,
1.0,1540.151,1540.558,62.400001525878906,520.0,406.9999999999254,constant,
1.0,1540.616,1540.863,671.0,783.7000122070312,247.00000000007094,constant,
1.0,1540.914,1541.145,1125.199951171875,849.4000244140625,230.99999999999454,constant,
1.0,1541.194,1541.376,1211.300048828125,535.2999877929688,182.00000000001637,constant,
1.0,1541.517,1541.704,960.5,465.1000061035156,186.99999999989814,constant,
1.0,1541.755,1541.985,524.7000122070312,436.1000061035156,229.99999999979082,constant,
1.0,1542.029,1542.175,234.10000610351562,527.5999755859375,145.99999999995816,constant,
1.0,1542.21,1542.495,76.5999984741211,520.4000244140625,284.9999999998545,constant,
1.0,1542.547,1542.757,154.60000610351562,252.0,210.00000000003638,constant,
1.0,1542.918,1543.208,619.7999877929688,199.1999969482422,290.000000000191,constant,
1.0,1543.256,1543.597,756.7999877929688,564.5999755859375,340.9999999998945,constant,
1.0,1543.753,1543.971,1183.199951171875,583.7000122070312,218.00000000007458,constant,
1.0,1544.014,1544.217,905.4000244140625,604.7000122070312,203.0000000002019,constant,
1.0,1544.26,1544.576,725.5,769.2000122070312,316.0000000000309,constant,
1.0,1544.799,1544.975,1230.9000244140625,760.7999877929688,175.99999999993088,constant,
1.0,1544.989,1545.174,1214.5999755859375,771.5999755859375,184.99999999994543,constant,
1.0,1545.228,1545.489,861.7000122070312,497.20001220703125,260.99999999996726,constant,
1.0,1545.529,1545.784,705.4000244140625,395.1000061035156,255.00000000010914,constant,
1.0,1545.979,1546.228,1375.5999755859375,412.5,249.00000000002365,constant,
1.0,1546.268,1546.57,1104.9000244140625,337.20001220703125,301.99999999990723,constant,
1.0,1546.625,1546.841,698.0999755859375,322.79998779296875,215.9999999998945,constant,
1.0,1546.983,1547.112,882.0999755859375,417.1000061035156,129.0000000001328,constant,
1.0,1547.135,1547.344,969.7999877929688,394.1000061035156,209.00000000006003,constant,
1.0,1547.357,1547.5,967.7000122070312,358.79998779296875,143.0000000000291,constant,
1.0,1547.548,1547.785,582.7999877929688,589.2000122070312,237.00000000008004,constant,
1.0,1547.837,1548.133,270.8999938964844,756.2999877929688,296.0000000000491,constant,
1.0,1548.179,1548.36,101.0,569.5,180.99999999981264,constant,
1.0,1548.374,1548.673,78.5999984741211,529.9000244140625,298.9999999999782,constant,
1.0,1548.862,1549.013,789.5,494.3999938964844,150.99999999983993,constant,
1.0,1549.051,1549.26,572.2999877929688,471.8999938964844,209.00000000006003,constant,
1.0,1549.306,1549.834,522.4000244140625,770.2000122070312,528.00000000002,constant,
1.0,1549.885,1550.107,984.0999755859375,816.7000122070312,221.99999999998,constant,
1.0,1550.15,1550.491,838.2999877929688,569.4000244140625,340.9999999998945,constant,
1.0,1550.551,1550.679,1380.0,541.7999877929688,128.00000000015643,constant,
1.0,1550.837,1551.112,1320.800048828125,498.79998779296875,275.00000000009095,constant,
1.0,1551.143,1551.338,1209.199951171875,314.0,194.99999999993634,constant,
1.0,1551.356,1551.616,1208.5,247.3000030517578,259.9999999999909,constant,
1.0,1551.779,1551.989,563.0999755859375,228.0,210.00000000003638,constant,
1.0,1552.011,1552.236,626.7999877929688,180.8000030517578,225.00000000013642,constant,
1.0,1552.244,1552.418,648.7999877929688,164.0,173.99999999997817,constant,
1.0,1552.481,1552.693,375.8999938964844,490.5,211.9999999999891,constant,
1.0,1552.736,1552.988,96.80000305175781,521.2000122070312,251.9999999999527,constant,
1.0,1553.04,1553.36,438.1000061035156,821.0,319.99999999993634,constant,
1.0,1553.554,1553.772,936.4000244140625,675.7999877929688,217.9999999998472,constant,
1.0,1553.96,1554.203,1265.199951171875,521.9000244140625,242.99999999993815,constant,
1.0,1554.397,1554.683,1187.5999755859375,892.7999877929688,286.0000000000582,constant,
1.0,1554.741,1555.109,653.0,752.5999755859375,367.99999999993815,constant,
1.0,1555.25,1555.521,659.0,625.4000244140625,270.99999999995816,constant,
1.0,1555.561,1555.786,640.4000244140625,471.0,225.00000000013642,constant,
1.0,1555.81,1556.012,673.5999755859375,362.79998779296875,201.99999999999818,constant,
1.0,1556.079,1556.424,93.0,511.29998779296875,345.0000000000273,constant,
1.0,1556.479,1556.634,491.29998779296875,832.0999755859375,154.99999999997272,constant,
1.0,1556.803,1557.007,640.4000244140625,811.2999877929688,203.9999999999509,constant,
1.0,1557.055,1557.346,960.5,935.9000244140625,290.99999999994,constant,
1.0,1557.367,1557.709,988.5999755859375,1003.0,342.0000000000982,constant,
1.0,1557.764,1557.997,1108.5999755859375,566.0999755859375,233.00000000017462,constant,
1.0,1558.041,1558.326,1244.4000244140625,332.6000061035156,285.00000000008185,constant,
1.0,1558.344,1558.577,1196.0,273.29998779296875,232.99999999994725,constant,
1.0,1558.748,1559.019,629.7999877929688,488.79998779296875,270.99999999995816,constant,
1.0,1559.046,1559.362,669.5999755859375,353.0,316.0000000000309,constant,
1.0,1559.392,1559.66,609.9000244140625,181.89999389648438,268.0000000000291,constant,
1.0,1559.67,1559.922,633.5,170.10000610351562,251.9999999999527,constant,
1.0,1559.933,1560.196,667.4000244140625,154.6999969482422,262.99999999991996,constant,
1.0,1560.206,1560.366,652.2999877929688,150.89999389648438,160.00000000008185,constant,
1.0,1560.466,1560.841,684.5,133.1999969482422,375.0,constant,
1.0,1560.864,1561.207,627.9000244140625,155.3000030517578,343.0000000000746,constant,
1.0,1561.249,1561.397,553.5,338.1000061035156,147.99999999991087,constant,
1.0,1561.448,1561.634,139.3000030517578,484.6000061035156,185.99999999992178,constant,
1.0,1561.646,1561.948,115.9000015258789,501.1000061035156,302.0000000001346,constant,
1.0,1562.011,1562.152,644.0,227.39999389648438,141.0000000000764,constant,
1.0,1562.171,1562.358,662.0,151.89999389648438,186.99999999989814,constant,
1.0,1562.376,1562.721,705.2000122070312,139.5,345.0000000000273,constant,
1.0,1562.737,1563.115,671.2000122070312,135.60000610351562,377.99999999992906,constant,
1.0,1563.132,1563.219,632.5,162.6999969482422,86.99999999998909,constant,
1.0,1563.277,1563.532,538.5,530.2999877929688,254.99999999988177,constant,
1.0,1563.576,1563.788,819.0,679.2999877929688,211.9999999999891,constant,
1.0,1563.998,1564.187,1139.5999755859375,765.2999877929688,188.99999999985084,constant,
1.0,1564.213,1564.453,1220.5,630.7000122070312,240.0000000000091,constant,
1.0,1564.5,1564.74,1296.699951171875,364.79998779296875,240.0000000000091,constant,
1.0,1564.761,1564.94,1223.0,381.79998779296875,179.0000000000873,constant,
1.0,1564.964,1565.186,1222.300048828125,257.5,221.99999999998,constant,
1.0,1565.261,1565.45,519.0999755859375,543.2999877929688,189.00000000007822,constant,
1.0,1565.503,1566.747,77.69999694824219,528.2000122070312,1244.0000000001419,constant,
1.0,1566.782,1567.022,135.8000030517578,282.79998779296875,240.0000000000091,constant,
1.0,1567.042,1567.27,105.80000305175781,205.39999389648438,228.00000000006548,constant,
1.0,1567.292,1567.597,94.30000305175781,305.5,305.00000000006366,constant,
1.0,1567.684,1567.949,60.5,811.2000122070312,265.00000000010004,constant,
1.0,1567.973,1568.302,39.400001525878906,906.5,328.9999999999509,constant,
1.0,1568.326,1568.519,28.799999237060547,754.5,192.99999999998363,constant,
1.0,1568.531,1569.023,34.900001525878906,721.4000244140625,491.9999999999618,constant,
1.0,1569.056,1569.353,250.10000610351562,709.7999877929688,297.00000000002547,constant,
1.0,1569.38,1569.612,330.29998779296875,884.4000244140625,231.9999999999709,constant,
1.0,1569.655,1569.85,657.2000122070312,936.2999877929688,194.99999999993634,constant,
1.0,1569.881,1570.076,878.5,945.9000244140625,194.99999999993634,constant,
1.0,1570.216,1570.496,1276.300048828125,941.0999755859375,280.0000000002001,constant,
1.0,1570.526,1570.695,1200.5999755859375,765.2000122070312,168.99999999986903,constant,
1.0,1570.737,1570.953,1495.5,932.5999755859375,215.9999999998945,constant,
1.0,1570.963,1571.15,1463.5,938.7000122070312,187.0000000001255,constant,
1.0,1571.206,1571.471,1418.4000244140625,453.8999938964844,265.00000000010004,constant,
1.0,1571.493,1571.893,1401.9000244140625,332.3999938964844,400.00000000009095,constant,
1.0,1571.917,1572.307,1451.4000244140625,457.8999938964844,390.00000000010004,constant,
1.0,1572.344,1572.57,1172.4000244140625,530.9000244140625,225.9999999998854,constant,
1.0,1572.7,1573.103,1186.300048828125,287.6000061035156,403.00000000002,constant,
1.0,1573.118,1573.29,1222.5999755859375,270.20001220703125,172.00000000002547,constant,
1.0,1573.329,1573.695,946.7999877929688,337.29998779296875,365.99999999998545,constant,
1.0,1573.855,1574.03,1072.800048828125,524.0999755859375,174.99999999995453,constant,
1.0,1574.059,1574.361,1208.300048828125,612.7999877929688,302.0000000001346,constant,
1.0,1574.388,1574.595,1263.199951171875,793.9000244140625,207.00000000010732,constant,
1.0,1574.622,1574.948,1342.800048828125,611.0999755859375,326.0000000000218,constant,
1.0,1574.969,1575.178,1407.4000244140625,636.0,209.00000000006003,constant,
1.0,1575.203,1575.43,1434.5999755859375,522.2000122070312,227.00000000008913,constant,
1.0,1575.619,1575.803,1415.800048828125,639.5,184.00000000019645,constant,
1.0,1575.863,1576.194,872.7999877929688,848.7000122070312,330.9999999999036,constant,
1.0,1576.229,1576.596,687.2999877929688,798.0,366.9999999999618,constant,
1.0,1576.635,1577.042,877.9000244140625,942.2000122070312,406.9999999999254,constant,
1.0,1577.223,1577.55,840.7999877929688,912.5999755859375,326.9999999999982,constant,
1.0,1577.563,1577.74,825.9000244140625,944.2000122070312,176.99999999990723,constant,
1.0,1577.789,1578.012,863.0,596.9000244140625,222.99999999995634,constant,
1.0,1578.035,1578.308,833.4000244140625,699.9000244140625,272.99999999991087,constant,
1.0,1578.488,1578.844,896.5999755859375,767.7000122070312,355.99999999999454,constant,
1.0,1578.865,1579.187,989.2000122070312,769.2999877929688,321.99999999988904,constant,
1.0,1579.42,1579.694,1001.7999877929688,414.79998779296875,273.9999999998872,constant,
1.0,1579.714,1579.925,958.0999755859375,396.1000061035156,211.00000000001273,constant,
1.0,1579.942,1580.254,991.5,453.0,311.99999999989814,constant,
1.0,1580.281,1580.494,1120.0999755859375,483.3999938964844,212.99999999996544,constant,
1.0,1580.72,1580.995,1123.5,778.4000244140625,274.9999999998636,constant,
1.0,1581.053,1581.282,668.5,815.7999877929688,228.99999999981446,constant,
1.0,1581.306,1581.56,583.9000244140625,746.4000244140625,253.9999999999054,constant,
1.0,1581.585,1581.677,779.5,733.2000122070312,91.99999999987085,constant,
1.0,1581.86,1582.13,769.4000244140625,710.7999877929688,270.0000000002092,constant,
1.0,1582.143,1582.504,748.7000122070312,717.9000244140625,360.9999999998763,constant,
1.0,1582.696,1582.893,741.2999877929688,672.2000122070312,197.00000000011642,constant,
1.0,1582.94,1583.326,752.4000244140625,416.0,385.99999999996726,constant,
1.0,1583.353,1583.625,632.2999877929688,390.29998779296875,271.9999999999345,constant,
1.0,1583.641,1583.807,608.9000244140625,410.70001220703125,165.99999999993997,constant,
1.0,1583.85,1584.057,650.0,173.89999389648438,207.00000000010732,constant,
1.0,1584.067,1584.249,624.4000244140625,167.1999969482422,182.00000000001637,constant,
1.0,1584.265,1584.729,670.7999877929688,145.3000030517578,463.9999999999418,constant,
1.0,1584.78,1585.014,383.20001220703125,348.0,233.9999999999236,constant,
1.0,1585.053,1585.181,144.8000030517578,458.6000061035156,127.99999999992906,constant,
1.0,1585.204,1586.217,86.0999984741211,511.70001220703125,1013.0000000001473,constant,
1.0,1586.264,1586.592,291.70001220703125,344.1000061035156,328.0000000002019,constant,
1.0,1586.634,1586.657,575.9000244140625,462.29998779296875,22.99999999991087,constant,
1.0,1586.797,1586.997,601.9000244140625,490.79998779296875,200.00000000004547,constant,
1.0,1587.023,1587.216,494.5,384.0,192.99999999998363,constant,
1.0,1587.292,1587.577,318.0,878.2000122070312,285.00000000008185,constant,
1.0,1587.614,1587.819,216.89999389648438,729.5,204.99999999992724,constant,
1.0,1587.829,1587.938,228.8000030517578,702.7000122070312,109.00000000015098,constant,
1.0,1588.123,1588.32,665.0999755859375,811.7999877929688,196.99999999988904,constant,
1.0,1588.346,1588.703,542.4000244140625,758.9000244140625,356.9999999999709,constant,
1.0,1588.746,1588.981,774.0,884.5,234.99999999989996,constant,
1.0,1589.197,1589.519,859.5999755859375,866.2999877929688,322.0000000001164,constant,
1.0,1589.56,1589.816,617.2999877929688,783.0,256.0000000000855,constant,
1.0,1589.84,1590.112,714.7999877929688,732.5999755859375,272.0000000001619,constant,
1.0,1590.176,1590.625,249.60000610351562,460.5,449.0000000000691,constant,
1.0,1590.647,1590.971,287.20001220703125,356.20001220703125,324.0000000000691,constant,
1.0,1591.001,1591.428,81.0999984741211,354.79998779296875,427.0000000001346,constant,
1.0,1591.455,1591.879,126.69999694824219,194.10000610351562,423.9999999999782,constant,
1.0,1591.895,1592.265,87.0,192.89999389648438,370.00000000011823,constant,
1.0,1592.292,1592.501,202.60000610351562,168.0,209.00000000006003,constant,
1.0,1592.535,1592.668,323.70001220703125,295.0,132.99999999981083,constant,
1.0,1592.803,1593.259,358.0,295.6000061035156,455.9999999999036,constant,
1.0,1593.292,1593.357,390.1000061035156,505.29998779296875,65.00000000005457,constant,
1.0,1593.382,1593.627,337.3999938964844,671.5999755859375,244.99999999989086,constant,
1.0,1593.652,1594.21,231.8000030517578,706.4000244140625,557.9999999999927,constant,
1.0,1594.242,1594.921,47.099998474121094,698.0999755859375,679.0000000000873,constant,
1.0,1595.077,1595.387,224.5,400.20001220703125,309.99999999994543,constant,
1.0,1595.443,1595.689,229.3000030517578,705.0,246.0000000000946,constant,
1.0,1595.714,1596.054,126.5,727.0,340.0000000001455,constant,
1.0,1596.075,1596.346,44.5,725.7000122070312,270.99999999995816,constant,
1.0,1596.382,1596.625,235.0,854.2999877929688,242.99999999993815,constant,
1.0,1596.91,1597.245,468.3999938964844,906.9000244140625,334.999999999809,constant,
1.0,1597.258,1597.483,430.5,928.5999755859375,224.99999999990905,constant,
1.0,1597.501,1597.901,346.8999938964844,928.0999755859375,400.00000000009095,constant,
1.0,1597.951,1598.343,837.2999877929688,923.5,392.00000000005275,constant,
1.0,1598.37,1598.513,695.0,910.4000244140625,143.0000000000291,constant,
1.0,1598.535,1598.853,769.4000244140625,845.4000244140625,317.99999999998363,constant,
1.0,1599.032,1599.491,915.5999755859375,763.5999755859375,459.00000000006,constant,
1.0,1599.516,1599.778,860.0,634.4000244140625,261.9999999999436,constant,
1.0,1599.805,1600.061,859.4000244140625,471.3999938964844,255.99999999985812,constant,
1.0,1600.079,1600.604,848.5999755859375,400.70001220703125,525.000000000091,constant,
1.0,1600.68,1600.985,856.9000244140625,342.3999938964844,304.9999999998363,constant,
1.0,1601.026,1601.248,1233.5,324.29998779296875,221.99999999998,constant,
1.0,1601.27,1601.484,1197.199951171875,239.0,213.9999999999418,constant,
1.0,1601.492,1601.845,1198.5999755859375,219.10000610351562,353.0000000000655,constant,
1.0,1601.897,1602.22,1026.0,461.5,323.00000000009277,constant,
1.0,1602.335,1602.538,978.5,399.79998779296875,202.99999999997453,constant,
1.0,1602.593,1602.887,1075.9000244140625,729.5999755859375,293.99999999986903,constant,
1.0,1602.925,1603.221,1315.800048828125,678.0,296.0000000000491,constant,
1.0,1603.236,1603.533,1273.5,699.7999877929688,296.9999999997981,constant,
1.0,1603.57,1603.977,1434.300048828125,650.0,407.0000000001528,constant,
1.0,1603.988,1604.166,1404.300048828125,658.5,177.99999999988358,constant,
1.0,1604.214,1604.686,1395.5,361.3999938964844,471.99999999998,constant,
1.0,1604.713,1605.136,1299.800048828125,505.0,423.0000000000018,constant,
1.0,1605.312,1605.444,1233.4000244140625,479.1000061035156,132.00000000006185,constant,
1.0,1605.472,1605.791,1100.199951171875,401.20001220703125,318.99999999996,constant,
1.0,1605.804,1606.062,1110.800048828125,436.20001220703125,257.9999999998108,constant,
1.0,1606.074,1606.402,1093.199951171875,412.70001220703125,327.99999999997453,constant,
1.0,1606.412,1606.507,1078.300048828125,399.70001220703125,95.00000000002728,constant,
1.0,1606.532,1606.803,959.0999755859375,403.70001220703125,271.00000000018554,constant,
1.0,1606.827,1607.058,866.0999755859375,399.0,230.99999999999454,constant,
1.0,1607.082,1607.462,856.0,527.0,379.99999999988177,constant,
1.0,1607.65,1607.949,1032.0,660.2999877929688,298.9999999999782,constant,
1.0,1607.974,1608.252,1131.5999755859375,595.0,278.00000000002,constant,
1.0,1608.272,1608.949,1204.199951171875,600.2999877929688,677.0000000001346,constant,
1.0,1609.132,1610.046,1193.800048828125,582.0,913.9999999999873,constant,
1.0,1610.225,1610.411,1187.699951171875,610.0999755859375,186.00000000014916,constant,
1.0,1610.432,1610.741,1108.0,554.4000244140625,308.9999999999691,constant,
1.0,1610.756,1610.927,1147.5,555.2000122070312,170.99999999982174,constant,
1.0,1610.961,1611.295,1131.300048828125,780.4000244140625,334.00000000006,constant,
1.0,1611.316,1611.527,1052.699951171875,755.7000122070312,211.00000000001273,constant,
1.0,1611.746,1612.028,1061.4000244140625,451.5,281.9999999999254,constant,
1.0,1612.046,1612.294,1125.699951171875,466.29998779296875,248.0000000000473,constant,
1.0,1612.336,1612.68,975.5999755859375,655.2999877929688,344.00000000005093,constant,
1.0,1612.702,1612.984,903.2000122070312,671.5999755859375,281.9999999999254,constant,
1.0,1613.004,1613.316,997.2999877929688,685.4000244140625,312.0000000001255,constant,
1.0,1613.335,1613.592,1044.5999755859375,754.2999877929688,257.00000000006185,constant,
1.0,1613.61,1613.711,985.2999877929688,787.4000244140625,101.00000000011278,constant,
1.0,1613.748,1614.048,784.4000244140625,809.0999755859375,299.9999999999545,constant,
1.0,1614.093,1614.631,852.7000122070312,497.8999938964844,538.0000000000109,constant,
1.0,1614.792,1614.966,796.4000244140625,473.70001220703125,173.99999999997817,constant,
1.0,1614.987,1615.262,712.9000244140625,432.0,274.9999999998636,constant,
1.0,1615.287,1615.824,578.7999877929688,431.1000061035156,537.0000000000346,constant,
1.0,1615.837,1616.321,588.5999755859375,395.79998779296875,483.9999999999236,constant,
1.0,1616.482,1616.601,641.7999877929688,378.29998779296875,119.00000000014188,constant,
1.0,1616.622,1617.032,730.5,383.3999938964844,409.9999999998545,constant,
1.0,1617.091,1617.335,619.7000122070312,690.9000244140625,244.00000000014188,constant,
1.0,1617.357,1617.934,553.2000122070312,700.0999755859375,576.9999999999982,constant,
1.0,1618.155,1618.305,603.0999755859375,752.0,150.00000000009095,constant,
1.0,1618.328,1618.734,746.2999877929688,706.2999877929688,405.99999999994907,constant,
1.0,1618.76,1619.11,807.2999877929688,828.5,349.99999999990905,constant,
1.0,1619.129,1619.334,862.2000122070312,796.0,205.0000000001546,constant,
1.0,1619.54,1619.854,583.9000244140625,719.5,314.0000000000782,constant,
1.0,1619.87,1620.298,559.2000122070312,701.7999877929688,428.00000000011096,constant,
1.0,1620.317,1620.481,587.7999877929688,750.9000244140625,163.99999999998727,constant,
1.0,1620.649,1620.864,459.20001220703125,698.0999755859375,215.00000000014552,constant,
1.0,1620.878,1621.113,492.29998779296875,703.0,235.00000000012733,constant,
1.0,1621.135,1621.4,593.9000244140625,726.7999877929688,265.00000000010004,constant,
1.0,1621.415,1621.569,575.7000122070312,772.0,153.99999999999636,constant,
1.0,1621.615,1621.968,824.2999877929688,552.7000122070312,353.0000000000655,constant,
1.0,1621.984,1622.099,860.7999877929688,571.7000122070312,115.0000000000091,constant,
1.0,1622.286,1622.894,853.7000122070312,647.4000244140625,607.9999999999472,constant,
1.0,1623.133,1623.27,841.5999755859375,582.7999877929688,136.9999999999436,constant,
1.0,1623.307,1623.624,657.4000244140625,480.0,317.0000000000073,constant,
1.0,1623.641,1623.826,607.2999877929688,500.79998779296875,184.99999999994543,constant,
1.0,1623.85,1623.943,583.2999877929688,411.8999938964844,93.00000000007458,constant,
1.0,1623.952,1624.321,752.2999877929688,564.0,368.9999999999145,,
1.0,1624.475,1624.739,751.4000244140625,553.0,264.0000000001237,constant,
1.0,1624.747,1624.972,735.9000244140625,573.9000244140625,224.99999999990905,constant,
1.0,1625.186,1625.929,763.2000122070312,598.4000244140625,743.0000000001655,constant,
1.0,1625.98,1626.33,680.7000122070312,884.2000122070312,349.99999999990905,constant,
1.0,1626.373,1626.508,786.0,648.9000244140625,134.9999999999909,constant,
1.0,1626.533,1626.718,770.7000122070312,515.0999755859375,185.0000000001728,constant,
1.0,1626.749,1626.93,745.5,669.4000244140625,181.00000000004002,constant,
1.0,1626.948,1627.684,773.5999755859375,605.2999877929688,735.9999999998763,constant,
1.0,1627.995,1628.171,348.6000061035156,267.20001220703125,176.00000000015825,constant,
1.0,1628.215,1628.451,709.7999877929688,376.5,236.00000000010368,constant,
1.0,1628.495,1628.717,424.6000061035156,254.5,222.00000000020736,constant,
1.0,1628.736,1628.9,449.8999938964844,197.3000030517578,163.99999999998727,constant,
1.0,1628.989,1629.301,712.9000244140625,904.7000122070312,311.99999999989814,constant,
1.0,1629.35,1629.595,1065.9000244140625,759.0999755859375,245.00000000011823,constant,
1.0,1629.635,1629.757,749.0999755859375,792.0,122.00000000007094,constant,
1.0,1629.781,1630.051,694.2000122070312,886.2000122070312,269.9999999999818,constant,
1.0,1630.074,1630.536,781.7999877929688,774.7000122070312,461.9999999999891,constant,
1.0,1630.561,1630.725,696.7999877929688,900.2000122070312,163.99999999998727,constant,
1.0,1630.785,1631.11,831.0,441.0,324.9999999998181,constant,
1.0,1631.331,1631.472,1355.9000244140625,755.0999755859375,141.0000000000764,constant,
1.0,1631.526,1631.799,788.9000244140625,843.5999755859375,272.99999999991087,constant,
1.0,1632.014,1632.321,842.5,531.0,307.00000000001637,constant,
1.0,1632.375,1632.572,543.2999877929688,585.2000122070312,196.99999999988904,constant,
1.0,1632.607,1632.775,370.29998779296875,621.4000244140625,168.00000000012005,constant,
1.0,1633.435,1633.702,808.0,562.7999877929688,267.00000000005275,constant,
1.0,1633.747,1634.072,1195.9000244140625,519.2999877929688,324.9999999998181,constant,
1.0,1634.122,1634.493,822.4000244140625,372.20001220703125,370.9999999998672,constant,
1.0,1634.557,1634.842,715.0999755859375,839.0,285.00000000008185,constant,
1.0,1634.86,1635.094,677.5,876.0999755859375,234.00000000015098,constant,
1.0,1635.343,1635.717,497.5,762.4000244140625,374.00000000002365,constant,
1.0,1635.769,1636.022,257.5,531.2000122070312,252.99999999992906,constant,
1.0,1636.078,1636.305,692.5999755859375,616.7999877929688,227.00000000008913,constant,
1.0,1636.355,1636.642,389.20001220703125,328.3999938964844,287.00000000003456,constant,
1.0,1636.681,1636.955,174.0,312.29998779296875,273.9999999998872,constant,
1.0,1637.026,1637.268,877.7000122070312,499.3999938964844,241.9999999999618,constant,
1.0,1637.297,1637.322,845.7000122070312,328.0,24.999999999863576,constant,
1.0,1637.416,1637.592,785.9000244140625,258.3999938964844,176.00000000015825,constant,
1.0,1637.644,1637.933,818.7999877929688,607.2000122070312,288.99999999998727,constant,
1.0,1637.985,1638.27,822.2000122070312,275.29998779296875,285.00000000008185,constant,
1.0,1638.284,1638.533,788.4000244140625,240.60000610351562,248.99999999979627,constant,
1.0,1638.581,1638.801,1167.5999755859375,331.20001220703125,220.00000000002728,constant,
1.0,1638.846,1639.077,1271.699951171875,584.0,230.99999999999454,constant,
1.0,1639.111,1639.288,1474.0,846.4000244140625,176.99999999990723,constant,
1.0,1639.311,1639.549,1509.5,931.0,238.0000000000564,constant,
1.0,1639.616,1639.876,650.2999877929688,918.4000244140625,259.9999999999909,constant,
1.0,1639.927,1640.059,239.1999969482422,817.9000244140625,132.00000000006185,constant,
1.0,1640.106,1640.268,764.0,841.2999877929688,162.00000000003456,constant,
1.0,1640.468,1640.702,774.7999877929688,717.0,233.9999999999236,constant,
1.0,1640.753,1641.155,805.4000244140625,360.6000061035156,402.00000000004366,constant,
1.0,1641.207,1641.36,626.2999877929688,489.20001220703125,152.99999999979264,constant,
1.0,1641.409,1641.715,315.70001220703125,635.2999877929688,305.99999999981264,constant,
1.0,1641.775,1642.022,688.4000244140625,829.2999877929688,246.99999999984357,constant,
1.0,1642.194,1642.383,495.79998779296875,659.0999755859375,189.00000000007822,constant,
1.0,1642.451,1642.735,424.1000061035156,971.2999877929688,283.9999999998781,constant,
1.0,1642.796,1643.02,561.5,592.4000244140625,223.9999999999327,constant,
1.0,1643.061,1643.298,308.70001220703125,571.2999877929688,237.00000000008004,constant,
1.0,1643.352,1643.547,789.7000122070312,659.9000244140625,194.99999999993634,constant,
1.0,1643.763,1643.861,783.0,612.7999877929688,98.00000000018372,constant,
1.0,1643.906,1644.136,638.2999877929688,834.2000122070312,230.0000000000182,constant,
1.0,1644.182,1644.497,792.7000122070312,599.2000122070312,315.00000000005457,constant,
1.0,1644.542,1644.778,1068.800048828125,420.79998779296875,236.00000000010368,constant,
1.0,1644.844,1645.305,692.0,830.0,461.00000000001273,constant,
1.0,1645.364,1645.46,756.7999877929688,532.9000244140625,96.00000000000364,constant,
1.0,1645.658,1645.815,882.0999755859375,506.79998779296875,157.0000000001528,constant,
1.0,1645.857,1646.259,509.3999938964844,529.5,402.00000000004366,constant,
1.0,1646.481,1646.707,331.8999938964844,483.70001220703125,226.00000000011278,constant,
1.0,1646.766,1646.915,620.5999755859375,717.5999755859375,148.99999999988722,constant,
1.0,1647.156,1647.408,795.0,573.9000244140625,251.9999999999527,constant,
1.0,1647.447,1647.762,869.5,431.0,315.00000000005457,constant,
1.0,1647.823,1648.005,420.5,340.20001220703125,182.00000000001637,constant,
1.0,1648.05,1648.285,767.7000122070312,448.1000061035156,235.00000000012733,constant,
1.0,1648.312,1648.434,841.7999877929688,309.8999938964844,122.00000000007094,constant,
1.0,1648.606,1648.887,797.9000244140625,357.79998779296875,280.99999999994907,constant,
1.0,1648.939,1649.442,401.6000061035156,365.20001220703125,502.99999999992906,constant,
1.0,1649.478,1650.002,247.39999389648438,297.6000061035156,523.9999999998872,constant,
1.0,1650.031,1650.371,119.5999984741211,283.1000061035156,340.0000000001455,constant,
1.0,1650.409,1650.766,359.70001220703125,251.89999389648438,356.9999999999709,constant,
1.0,1650.816,1651.092,842.2999877929688,395.5,276.0000000000673,constant,
1.0,1651.143,1651.359,742.5999755859375,685.2000122070312,215.9999999998945,constant,
1.0,1651.402,1651.661,1086.9000244140625,756.0,259.00000000001455,constant,
1.0,1651.834,1652.096,752.5999755859375,877.5999755859375,261.9999999999436,constant,
1.0,1652.117,1652.416,690.0,894.7999877929688,298.9999999999782,constant,
1.0,1652.454,1652.851,790.9000244140625,732.5,397.0000000001619,constant,
1.0,1653.055,1653.2,1120.9000244140625,818.5999755859375,144.9999999999818,constant,
1.0,1653.228,1653.537,961.0,821.0999755859375,308.9999999999691,constant,
1.0,1653.559,1654.229,868.5999755859375,860.4000244140625,670.0000000000728,constant,
1.0,1654.266,1654.476,609.5999755859375,922.9000244140625,210.00000000003638,constant,
1.0,1654.702,1654.861,713.0,871.0999755859375,159.0000000001055,constant,
1.0,1654.907,1655.183,672.2000122070312,681.5,276.0000000000673,constant,
1.0,1655.232,1655.479,424.5,732.5,247.00000000007094,constant,
1.0,1655.535,1655.773,784.0999755859375,732.7000122070312,237.99999999982901,constant,
1.0,1655.825,1655.955,1185.300048828125,750.4000244140625,129.99999999988177,constant,
1.0,1656.161,1656.54,847.5999755859375,701.4000244140625,378.9999999999054,constant,
1.0,1656.602,1656.784,1304.300048828125,820.7000122070312,182.00000000001637,constant,
1.0,1657.036,1657.434,821.5,699.0999755859375,397.99999999991087,constant,
1.0,1657.481,1657.582,692.5,639.5999755859375,101.00000000011278,constant,
1.0,1657.625,1657.953,363.29998779296875,730.5,327.99999999997453,constant,
1.0,1657.996,1658.227,604.7999877929688,703.2999877929688,230.99999999999454,constant,
1.0,1658.272,1658.53,386.1000061035156,599.4000244140625,258.0000000000382,constant,
1.0,1658.565,1658.771,260.29998779296875,762.0999755859375,205.9999999999036,constant,
1.0,1659.022,1659.321,860.9000244140625,517.4000244140625,298.9999999999782,constant,
1.0,1659.549,1659.84,854.7999877929688,324.1000061035156,290.99999999994,constant,
1.0,1659.86,1659.955,801.9000244140625,274.29998779296875,95.00000000002728,constant,
1.0,1660.042,1660.115,472.6000061035156,701.5,73.00000000009277,constant,
1.0,1660.406,1660.651,525.5,865.9000244140625,245.00000000011823,constant,
1.0,1660.687,1660.999,794.7000122070312,863.7999877929688,312.0000000001255,constant,
1.0,1661.021,1661.105,730.9000244140625,880.0999755859375,84.00000000006003,constant,
1.0,1661.162,1661.467,1265.0999755859375,916.0999755859375,305.00000000006366,constant,
1.0,1661.497,1661.763,1069.300048828125,871.4000244140625,265.999999999849,constant,
1.0,1661.788,1661.948,957.4000244140625,852.5,160.00000000008185,constant,
1.0,1662.013,1662.472,279.3999938964844,881.0999755859375,459.00000000006,constant,
1.0,1662.494,1662.797,315.0,806.5,303.00000000011096,constant,
1.0,1662.857,1663.071,471.5,383.79998779296875,213.9999999999418,constant,
1.0,1663.113,1663.389,728.0999755859375,322.20001220703125,275.99999999983993,constant,
1.0,1663.411,1663.641,796.7000122070312,269.8999938964844,230.0000000000182,constant,
1.0,1663.686,1664.118,1069.300048828125,292.70001220703125,432.00000000001637,constant,
1.0,1664.321,1664.448,916.7000122070312,376.5,127.00000000018008,constant,
1.0,1664.472,1664.972,798.5999755859375,411.0,500.0,constant,
1.0,1665.01,1665.311,974.5,283.5,300.9999999999309,constant,
1.0,1665.346,1665.663,783.2999877929688,290.70001220703125,317.0000000000073,constant,
1.0,1665.685,1665.88,687.7000122070312,323.29998779296875,195.0000000001637,constant,
1.0,1665.924,1666.14,1008.2999877929688,354.3999938964844,216.00000000012187,constant,
1.0,1666.175,1666.384,790.4000244140625,387.0,209.00000000006003,constant,
1.0,1666.547,1667.127,726.2000122070312,406.79998779296875,579.9999999999272,constant,
1.0,1667.14,1667.398,699.4000244140625,426.3999938964844,257.9999999998108,constant,
1.0,1667.438,1667.697,920.2999877929688,472.20001220703125,258.9999999997872,constant,
1.0,1667.723,1667.869,814.7999877929688,490.70001220703125,145.99999999995816,constant,
1.0,1668.067,1668.924,780.9000244140625,497.70001220703125,856.9999999999709,constant,
1.0,1668.941,1669.364,745.2000122070312,483.0,423.0000000000018,constant,
1.0,1669.615,1669.805,743.2000122070312,545.5,190.00000000005457,constant,
1.0,1669.827,1670.153,816.0999755859375,548.7999877929688,326.0000000000218,constant,
1.0,1670.173,1670.712,792.5999755859375,499.6000061035156,538.9999999999873,constant,
1.0,1670.733,1671.016,720.4000244140625,497.5,283.00000000012915,constant,
1.0,1671.036,1671.325,793.4000244140625,534.2000122070312,288.99999999998727,constant,
1.0,1671.35,1671.635,819.7999877929688,390.6000061035156,285.00000000008185,constant,
1.0,1671.645,1671.847,815.5,344.79998779296875,201.99999999999818,constant,
1.0,1672.0,1672.434,802.4000244140625,322.3999938964844,433.9999999999691,constant,
1.0,1672.474,1672.784,630.7000122070312,371.1000061035156,310.0000000001728,constant,
1.0,1672.83,1672.947,1032.5,430.70001220703125,116.9999999999618,constant,
1.0,1673.135,1673.408,1204.699951171875,509.20001220703125,272.99999999991087,constant,
1.0,1673.433,1673.745,1106.699951171875,611.7000122070312,311.99999999989814,constant,
1.0,1673.795,1673.984,877.0,786.2000122070312,188.99999999985084,constant,
1.0,1674.258,1674.55,722.4000244140625,776.2999877929688,291.9999999999163,constant,
1.0,1674.572,1675.177,700.4000244140625,866.0999755859375,605.0000000000182,constant,
1.0,1675.201,1675.42,797.5,819.9000244140625,219.00000000005093,constant,
1.0,1675.627,1675.958,890.7000122070312,771.7000122070312,331.00000000013097,constant,
1.0,1675.981,1677.659,1012.4000244140625,797.4000244140625,1678.000000000111,constant,
1.0,1677.702,1678.21,733.9000244140625,834.5999755859375,508.0000000000382,constant,
1.0,1678.229,1678.404,673.4000244140625,869.0,174.99999999995453,constant,
1.0,1678.636,1680.275,697.0,876.7999877929688,1639.0000000001237,constant,
1.0,1680.302,1681.925,914.9000244140625,925.2999877929688,1623.0000000000473,constant,
1.0,1681.959,1682.381,698.4000244140625,896.5999755859375,422.00000000002547,constant,
1.0,1682.578,1682.951,731.5,753.9000244140625,373.0000000000473,constant,
1.0,1682.974,1683.273,644.2000122070312,784.0999755859375,298.9999999999782,constant,
1.0,1683.286,1683.529,615.5,744.2999877929688,242.99999999993815,constant,
1.0,1683.714,1684.273,883.7000122070312,688.2999877929688,558.9999999999691,constant,
1.0,1684.466,1684.772,1182.0,528.0,306.00000000004,constant,
1.0,1684.796,1685.195,1102.800048828125,647.5,398.9999999998872,constant,
1.0,1685.262,1685.7,654.7999877929688,676.5999755859375,438.00000000010186,constant,
1.0,1685.919,1686.318,725.0,745.4000244140625,398.9999999998872,constant,
1.0,1686.344,1686.784,866.7999877929688,740.0,440.00000000005457,constant,
1.0,1686.809,1687.359,825.4000244140625,855.5999755859375,549.9999999999545,constant,
1.0,1687.383,1687.499,962.0999755859375,844.7000122070312,115.99999999998545,constant,
1.0,1687.693,1688.021,981.2000122070312,827.5,327.99999999997453,constant,
1.0,1688.043,1688.465,1093.0,740.9000244140625,422.00000000002547,constant,
1.0,1688.493,1688.808,928.5,829.4000244140625,315.00000000005457,constant,
1.0,1688.852,1689.125,1184.9000244140625,659.7000122070312,272.99999999991087,constant,
1.0,1689.148,1689.292,1075.5,701.7000122070312,144.00000000000546,constant,
1.0,1689.49,1689.627,878.2000122070312,873.7000122070312,136.9999999999436,constant,
1.0,1689.641,1690.076,903.7000122070312,901.0,434.99999999994543,constant,
1.0,1690.102,1690.674,1049.0999755859375,787.4000244140625,571.999999999889,constant,
1.0,1690.699,1690.797,1143.9000244140625,715.9000244140625,97.99999999995634,constant,
1.0,1691.015,1691.217,1119.5999755859375,681.0,201.99999999999818,constant,
1.0,1691.264,1691.757,858.5,889.7000122070312,493.0000000001655,constant,
1.0,1691.77,1692.164,848.0999755859375,919.0999755859375,394.00000000000546,constant,
1.0,1692.437,1692.531,851.0999755859375,912.7999877929688,94.00000000005093,constant,
1.0,1692.552,1692.766,931.5,881.4000244140625,214.00000000016917,constant,
1.0,1692.806,1693.201,1082.0999755859375,731.2000122070312,394.9999999999818,constant,
1.0,1693.252,1694.453,734.9000244140625,898.9000244140625,1201.0000000000218,constant,
1.0,1694.474,1694.709,830.2000122070312,915.5999755859375,235.00000000012733,constant,
1.0,1694.971,1695.305,783.7000122070312,866.0999755859375,334.00000000006,constant,
1.0,1695.326,1695.781,720.0999755859375,873.2000122070312,454.99999999992724,constant,
1.0,1695.817,1696.074,590.7999877929688,713.0999755859375,257.00000000006185,constant,
1.0,1696.093,1696.624,532.2000122070312,627.5,530.9999999999491,constant,
1.0,1696.816,1697.272,487.5,502.79998779296875,455.9999999999036,constant,
1.0,1697.315,1697.636,220.6999969482422,522.2000122070312,320.9999999999127,constant,
1.0,1697.661,1698.081,243.89999389648438,374.3999938964844,419.9999999998454,constant,
1.0,1698.123,1698.325,494.1000061035156,499.70001220703125,201.99999999999818,constant,
1.0,1698.481,1698.77,637.2000122070312,251.8000030517578,288.99999999998727,constant,
1.0,1698.824,1699.004,979.5999755859375,221.6999969482422,179.9999999998363,constant,
1.0,1699.049,1699.209,1201.800048828125,300.70001220703125,160.00000000008185,constant,
1.0,1699.34,1699.567,1034.9000244140625,445.5,227.00000000008913,constant,
1.0,1699.618,1699.837,1245.5999755859375,242.60000610351562,219.00000000005093,constant,
1.0,1699.924,1700.152,1426.0,711.2999877929688,228.00000000006548,constant,
1.0,1700.175,1700.358,1505.5999755859375,786.2000122070312,182.99999999999272,constant,
1.0,1700.407,1700.581,1185.0999755859375,574.2000122070312,173.99999999997817,constant,
1.0,1700.764,1700.907,1192.5999755859375,512.7000122070312,143.0000000000291,constant,
1.0,1700.932,1701.414,1289.9000244140625,494.6000061035156,481.9999999999709,constant,
1.0,1701.612,1701.713,1298.9000244140625,499.6000061035156,100.9999999998854,constant,
1.0,1701.743,1701.96,1124.4000244140625,514.5999755859375,217.00000000009823,constant,
1.0,1702.001,1702.377,1222.699951171875,281.20001220703125,375.99999999997635,constant,
1.0,1702.405,1702.613,1056.300048828125,434.79998779296875,208.00000000008367,constant,
1.0,1702.844,1703.172,896.9000244140625,473.1000061035156,327.99999999997453,constant,
1.0,1703.218,1703.582,548.7999877929688,549.7000122070312,364.00000000003274,constant,
1.0,1703.626,1703.769,326.8999938964844,640.5,143.0000000000291,constant,
1.0,1703.817,1703.985,821.0,525.0999755859375,167.99999999989268,constant,
1.0,1704.175,1704.689,760.5,576.7000122070312,514.0000000001237,constant,
1.0,1704.728,1705.01,480.5,597.5,281.9999999999254,constant,
1.0,1705.055,1705.741,683.5,407.6000061035156,685.9999999999218,constant,
1.0,1705.784,1706.041,538.9000244140625,562.9000244140625,256.9999999998345,constant,
1.0,1706.076,1706.359,379.8999938964844,620.2000122070312,282.9999999999018,constant,
1.0,1706.62,1706.743,734.2999877929688,472.79998779296875,123.0000000000473,constant,
1.0,1706.791,1707.157,372.1000061035156,516.5999755859375,365.99999999998545,constant,
1.0,1707.192,1707.331,541.7999877929688,352.8999938964844,138.99999999989632,constant,
1.0,1707.371,1707.701,758.7999877929688,264.3999938964844,329.99999999992724,constant,
1.0,1707.835,1708.11,522.0,226.6999969482422,274.9999999998636,constant,
1.0,1708.131,1708.352,458.70001220703125,197.10000610351562,221.00000000000364,constant,
1.0,1708.368,1708.795,426.3999938964844,180.6999969482422,427.0000000001346,constant,
1.0,1708.828,1709.712,261.70001220703125,186.0,884.0000000000146,constant,
1.0,1709.745,1710.083,438.3999938964844,176.39999389648438,338.0000000001928,constant,
1.0,1710.148,1710.388,1014.0,205.89999389648438,240.0000000000091,constant,
1.0,1710.492,1710.733,991.2999877929688,290.1000061035156,240.99999999998545,constant,
1.0,1710.773,1711.144,793.2000122070312,348.5,371.0000000000946,constant,
1.0,1711.179,1711.35,829.5999755859375,228.5,170.99999999982174,constant,
1.0,1711.37,1711.51,787.5999755859375,292.1000061035156,140.00000000010004,constant,
1.0,1711.564,1711.905,405.1000061035156,528.5,340.9999999998945,constant,
1.0,1711.931,1712.155,228.3000030517578,508.3999938964844,223.9999999999327,constant,
1.0,1712.192,1712.355,53.29999923706055,501.5,163.0000000000109,constant,
1.0,1712.415,1713.018,435.29998779296875,761.5999755859375,603.0000000000655,constant,
1.0,1713.12,1713.476,661.7000122070312,713.5,356.0000000002219,constant,
1.0,1713.501,1713.697,534.0,665.5999755859375,195.9999999999127,constant,
1.0,1713.9,1714.053,407.5,640.4000244140625,153.00000000002,constant,
1.0,1714.096,1714.348,149.0,641.7000122070312,251.9999999999527,constant,
1.0,1714.379,1714.734,172.8000030517578,446.70001220703125,355.0000000000182,constant,
1.0,1714.97,1715.347,583.2999877929688,547.7999877929688,376.9999999999527,constant,
1.0,1715.371,1715.68,482.79998779296875,560.0,308.9999999999691,constant,
1.0,1715.704,1715.968,630.0,569.5,264.0000000001237,constant,
1.0,1715.996,1716.228,506.1000061035156,563.5999755859375,231.9999999999709,constant,
1.0,1716.415,1716.629,865.4000244140625,585.7000122070312,213.9999999999418,constant,
1.0,1716.669,1716.958,1068.4000244140625,639.7999877929688,288.99999999998727,constant,
1.0,1717.181,1717.354,1175.0999755859375,547.9000244140625,173.00000000000182,constant,
1.0,1717.409,1717.698,809.4000244140625,803.7999877929688,288.99999999998727,constant,
1.0,1717.881,1718.201,638.2000122070312,855.2999877929688,319.99999999993634,constant,
1.0,1718.265,1718.434,909.0,541.7999877929688,168.99999999986903,constant,
1.0,1718.647,1719.008,1183.199951171875,374.6000061035156,361.0000000001037,constant,
1.0,1719.057,1719.29,827.2000122070312,277.79998779296875,232.99999999994725,constant,
1.0,1719.352,1719.55,285.5,346.20001220703125,197.9999999998654,constant,
1.0,1719.591,1719.793,35.099998474121094,444.3999938964844,201.99999999999818,constant,
1.0,1719.997,1720.499,682.0,342.29998779296875,501.9999999999527,constant,
1.0,1720.548,1720.847,1043.5999755859375,347.0,298.9999999999782,constant,
1.0,1721.019,1721.183,1065.4000244140625,340.0,163.99999999998727,constant,
1.0,1721.228,1721.45,743.2000122070312,443.5,221.99999999998,constant,
1.0,1721.53,1721.699,1167.0,652.0999755859375,169.0000000000964,constant,
1.0,1721.897,1722.028,663.0,399.5,131.0000000000855,constant,
1.0,1722.086,1722.404,200.8000030517578,441.5,317.99999999998363,constant,
1.0,1722.44,1722.692,59.20000076293945,382.8999938964844,251.9999999999527,constant,
1.0,1722.754,1723.053,133.0,767.0,299.00000000020555,constant,
1.0,1723.079,1723.359,172.10000610351562,888.2999877929688,279.9999999999727,constant,
1.0,1723.59,1723.885,194.3000030517578,821.4000244140625,295.00000000007276,constant,
1.0,1723.93,1724.228,615.0,934.2000122070312,298.0000000000018,constant,
1.0,1724.258,1724.609,776.5,962.7000122070312,350.9999999998854,constant,
1.0,1724.909,1725.004,813.5,930.2000122070312,94.99999999979991,constant,
1.0,1725.032,1725.289,1001.2999877929688,946.7000122070312,257.00000000006185,constant,
1.0,1725.313,1725.558,909.9000244140625,949.5999755859375,244.99999999989086,constant,
1.0,1725.596,1725.796,674.5,899.0,200.00000000004547,constant,
1.0,1725.817,1726.062,637.7999877929688,976.0,244.99999999989086,constant,
1.0,1726.096,1726.332,797.0,761.7999877929688,236.00000000010368,constant,
1.0,1726.379,1726.637,1092.699951171875,678.5999755859375,258.0000000000382,constant,
1.0,1726.693,1726.961,1231.9000244140625,358.0,268.0000000000291,constant,
1.0,1726.999,1727.215,1008.2999877929688,281.1000061035156,215.9999999998945,constant,
1.0,1727.392,1727.565,1030.699951171875,292.0,173.00000000000182,constant,
1.0,1727.618,1727.907,600.9000244140625,387.3999938964844,288.99999999998727,constant,
1.0,1727.963,1728.139,236.89999389648438,366.5,175.99999999993088,constant,
1.0,1728.289,1728.408,265.79998779296875,379.1000061035156,118.99999999991451,constant,
1.0,1728.447,1728.915,86.30000305175781,345.0,468.0000000000746,constant,
1.0,1728.958,1729.123,255.10000610351562,260.6000061035156,164.99999999996362,constant,
1.0,1729.173,1729.341,671.2000122070312,257.3999938964844,167.99999999989268,constant,
1.0,1729.492,1729.817,1061.9000244140625,290.1000061035156,325.0000000000455,constant,
1.0,1729.861,1730.255,774.0,334.1000061035156,394.00000000000546,constant,
1.0,1730.304,1730.63,1094.699951171875,303.70001220703125,326.0000000000218,constant,
1.0,1730.79,1731.114,704.5,337.8999938964844,324.0000000000691,constant,
1.0,1731.139,1731.744,854.2999877929688,316.6000061035156,605.0000000000182,constant,
1.0,1731.779,1732.051,693.7000122070312,328.0,271.9999999999345,constant,
1.0,1732.153,1732.515,818.7000122070312,345.5,362.00000000008004,constant,
1.0,1732.664,1733.183,813.2000122070312,360.20001220703125,519.0000000000055,constant,
1.0,1733.246,1733.62,300.29998779296875,401.1000061035156,373.9999999997963,constant,
1.0,1733.657,1733.898,119.0999984741211,392.70001220703125,240.99999999998545,constant,
1.0,1733.922,1734.237,58.900001525878906,480.29998779296875,315.00000000005457,constant,
1.0,1734.264,1734.63,149.8000030517578,366.3999938964844,366.0000000002128,constant,
1.0,1734.715,1734.991,1214.5999755859375,506.0,276.0000000000673,constant,
1.0,1735.212,1735.402,1154.800048828125,611.5999755859375,190.00000000005457,constant,
1.0,1735.461,1735.947,1253.800048828125,244.1999969482422,485.9999999998763,constant,
1.0,1735.961,1736.746,1276.4000244140625,264.20001220703125,785.0000000000819,constant,
1.0,1736.765,1737.124,1357.5999755859375,234.3000030517578,358.9999999999236,constant,
1.0,1737.152,1737.308,1236.699951171875,226.6999969482422,155.99999999994907,constant,
1.0,1737.335,1737.757,1075.0,259.5,422.00000000002547,constant,
1.0,1737.82,1738.058,568.7999877929688,308.3999938964844,238.0000000000564,constant,
1.0,1738.097,1738.287,411.70001220703125,310.8999938964844,190.00000000005457,constant,
1.0,1738.342,1738.587,200.39999389648438,614.7000122070312,244.99999999989086,constant,
1.0,1738.768,1739.024,277.29998779296875,644.5,255.99999999985812,constant,
1.0,1739.046,1739.503,321.29998779296875,737.2000122070312,456.99999999987995,constant,
1.0,1739.514,1739.714,289.6000061035156,731.0,200.00000000004547,constant,
1.0,1739.796,1740.14,1122.5,777.4000244140625,344.00000000005093,constant,
1.0,1740.159,1740.354,1033.0999755859375,767.4000244140625,194.99999999993634,constant,
1.0,1740.542,1740.835,1145.4000244140625,671.4000244140625,293.00000000012005,constant,
1.0,1740.858,1741.119,1260.0,589.2999877929688,260.99999999996726,constant,
1.0,1741.165,1741.386,1433.5,844.0999755859375,221.00000000000364,constant,
1.0,1741.407,1741.654,1500.9000244140625,879.7999877929688,247.00000000007094,constant,
1.0,1741.952,1742.234,855.5,860.2999877929688,281.9999999999254,constant,
1.0,1742.263,1742.812,717.2000122070312,885.2000122070312,548.9999999999782,constant,
1.0,1742.838,1743.033,606.7000122070312,826.5,194.99999999993634,constant,
1.0,1743.071,1743.974,403.5,836.5999755859375,903.00000000002,constant,
1.0,1744.01,1745.084,538.9000244140625,681.4000244140625,1074.0000000000691,constant,
1.0,1745.329,1746.494,872.0999755859375,487.0,1164.9999999999636,constant,
1.0,1746.534,1748.182,772.5999755859375,661.4000244140625,1647.9999999999109,constant,
1.0,1748.424,1748.798,717.7999877929688,699.7000122070312,374.00000000002365,constant,
1.0,1748.84,1749.085,1043.300048828125,751.5,245.00000000011823,constant,
1.0,1749.128,1749.356,1190.5999755859375,520.5,228.00000000006548,constant,
1.0,1749.543,1749.763,789.2999877929688,440.29998779296875,220.00000000002728,constant,
1.0,1749.804,1750.124,539.5999755859375,442.29998779296875,319.99999999993634,constant,
1.0,1750.147,1750.28,458.70001220703125,499.29998779296875,133.0000000000382,constant,
1.0,1750.409,1750.679,416.29998779296875,215.39999389648438,269.9999999999818,constant,
1.0,1750.697,1751.023,458.8999938964844,182.5,326.0000000000218,constant,
1.0,1751.068,1751.349,799.2999877929688,214.6999969482422,280.99999999994907,constant,
1.0,1751.491,1751.93,753.5999755859375,249.6999969482422,439.0000000000782,constant,
1.0,1751.98,1752.158,430.20001220703125,277.6000061035156,177.99999999988358,constant,
1.0,1752.197,1752.5,200.10000610351562,286.8999938964844,303.00000000011096,constant,
1.0,1752.535,1753.094,112.30000305175781,322.8999938964844,558.9999999999691,constant,
1.0,1753.129,1753.934,295.29998779296875,310.8999938964844,805.0000000000637,constant,
1.0,1753.979,1754.307,513.7999877929688,419.79998779296875,327.99999999997453,constant,
1.0,1754.33,1754.716,448.79998779296875,475.1000061035156,385.99999999996726,constant,
1.0,1754.742,1755.069,315.0,477.8999938964844,326.9999999999982,constant,
1.0,1755.089,1755.226,290.6000061035156,555.2999877929688,137.00000000017099,constant,
1.0,1755.246,1755.562,273.0,618.7999877929688,315.99999999980355,constant,
1.0,1755.788,1756.242,1105.5999755859375,534.7000122070312,453.9999999999509,constant,
1.0,1756.287,1756.544,1166.0,290.70001220703125,257.00000000006185,constant,
1.0,1756.579,1756.748,1339.5,253.89999389648438,169.0000000000964,constant,
1.0,1756.909,1757.018,1121.9000244140625,464.5,108.9999999999236,constant,
1.0,1757.06,1757.241,858.9000244140625,477.29998779296875,181.00000000004002,constant,
1.0,1757.299,1757.44,882.7999877929688,813.2000122070312,141.0000000000764,constant,
1.0,1757.495,1757.77,1407.300048828125,945.0,275.00000000009095,constant,
1.0,1757.796,1758.384,1525.300048828125,947.0,587.9999999999654,constant,
1.0,1758.391,1758.708,1535.0999755859375,962.2000122070312,317.0000000000073,constant,
1.0,1758.723,1758.93,1542.5,896.5999755859375,207.00000000010732,constant,
1.0,1758.949,1759.708,1514.5999755859375,955.2999877929688,759.0000000000146,constant,
1.0,1759.916,1760.385,1508.5,953.7000122070312,469.00000000005093,constant,
1.0,1760.407,1760.787,1426.5,951.5999755859375,380.00000000010914,constant,
1.0,1760.858,1761.172,592.7999877929688,940.9000244140625,314.0000000000782,constant,
1.0,1761.196,1761.549,681.7999877929688,919.7000122070312,353.0000000000655,constant,
1.0,1761.765,1762.046,889.2999877929688,862.7999877929688,280.99999999994907,constant,
1.0,1762.088,1762.229,1090.699951171875,690.4000244140625,141.0000000000764,constant,
1.0,1762.281,1762.606,808.2000122070312,464.79998779296875,325.0000000000455,constant,
1.0,1762.767,1763.145,830.5999755859375,393.8999938964844,377.99999999992906,constant,
1.0,1763.2,1763.413,433.3999938964844,422.79998779296875,212.99999999996544,constant,
1.0,1763.469,1763.678,670.9000244140625,756.5,209.00000000006003,constant,
1.0,1763.718,1764.138,755.5,921.7000122070312,419.9999999998454,constant,
1.0,1764.371,1764.774,909.2999877929688,906.7000122070312,402.99999999979264,constant,
1.0,1764.809,1764.851,701.2999877929688,894.0,42.0000000001437,constant,
1.0,1765.099,1765.38,751.5999755859375,868.7999877929688,281.00000000017644,constant,
1.0,1765.427,1765.716,1085.0999755859375,924.4000244140625,288.99999999998727,constant,
1.0,1765.758,1765.979,878.7999877929688,914.5,221.00000000000364,constant,
1.0,1766.038,1766.35,1469.300048828125,953.2000122070312,311.99999999989814,constant,
1.0,1766.389,1766.616,1199.9000244140625,903.0999755859375,227.00000000008913,constant,
1.0,1766.843,1766.885,1094.5999755859375,806.2000122070312,41.99999999991633,constant,
1.0,1766.944,1767.494,453.8999938964844,786.5,549.9999999999545,constant,
1.0,1767.55,1768.12,693.0999755859375,454.6000061035156,569.9999999999363,constant,
1.0,1768.169,1768.518,988.4000244140625,535.0999755859375,348.9999999999327,constant,
1.0,1768.544,1768.914,1139.0,591.7000122070312,369.99999999989086,constant,
1.0,1769.129,1769.367,403.79998779296875,676.5999755859375,238.0000000000564,constant,
1.0,1769.392,1769.709,441.1000061035156,843.9000244140625,317.0000000000073,constant,
1.0,1769.761,1770.118,482.0,514.2000122070312,356.9999999999709,constant,
1.0,1770.19,1770.742,1231.5,713.9000244140625,551.9999999999072,constant,
1.0,1770.801,1771.728,677.4000244140625,819.7999877929688,927.0000000001346,constant,
1.0,1771.749,1772.322,764.2000122070312,881.5999755859375,572.9999999998654,constant,
1.0,1772.545,1772.974,397.8999938964844,731.5,428.99999999985994,constant,
1.0,1773.02,1773.264,807.2000122070312,780.0999755859375,243.9999999999145,constant,
1.0,1773.309,1774.19,809.7000122070312,492.6000061035156,881.0000000000855,constant,
1.0,1774.374,1775.151,843.2000122070312,495.5,777.0000000000437,constant,
1.0,1775.322,1776.098,1214.5999755859375,514.5,776.0000000000673,constant,
1.0,1778.167,1778.295,570.4000244140625,657.5999755859375,128.00000000015643,active,
1.0,1778.335,1778.488,358.0,585.7999877929688,153.00000000002,active,
1.0,1778.508,1778.623,433.29998779296875,545.2000122070312,115.0000000000091,active,
1.0,1778.648,1778.827,533.0999755859375,663.5,179.0000000000873,active,
1.0,1778.839,1779.157,508.70001220703125,672.5,317.99999999998363,active,
1.0,1779.222,1779.385,1151.699951171875,675.7000122070312,163.0000000000109,active,
1.0,1779.422,1779.594,1338.0,655.9000244140625,172.00000000002547,active,
1.0,1779.626,1779.774,1226.0999755859375,551.4000244140625,147.99999999991087,active,
1.0,1779.789,1779.984,1263.199951171875,531.0999755859375,194.99999999993634,active,
1.0,1780.025,1780.205,1512.199951171875,569.4000244140625,179.9999999998363,active,
1.0,1780.222,1780.4,1446.9000244140625,562.7000122070312,178.00000000011096,active,
1.0,1780.411,1780.792,1415.5,562.7999877929688,380.9999999998581,active,
1.0,1780.87,1780.987,504.79998779296875,684.9000244140625,117.00000000018917,active,
1.0,1781.012,1781.105,502.8999938964844,800.5999755859375,93.00000000007458,active,
1.0,1781.126,1781.24,526.2999877929688,857.5999755859375,114.00000000003274,active,
1.0,1781.265,1781.422,626.4000244140625,888.7000122070312,156.99999999992542,active,
1.0,1781.438,1781.526,589.9000244140625,873.0,87.99999999996544,active,
1.0,1781.559,1781.856,397.1000061035156,901.0,297.00000000002547,active,
1.0,1781.933,1782.106,841.5999755859375,323.79998779296875,173.00000000000182,active,
1.0,1782.155,1782.351,1246.5,421.20001220703125,196.00000000014006,active,
1.0,1782.372,1782.495,1194.0,474.6000061035156,122.99999999981992,active,
1.0,1782.529,1782.642,986.7999877929688,527.2999877929688,113.00000000005639,active,
1.0,1782.664,1782.825,966.0,619.7999877929688,161.0000000000582,active,
1.0,1782.841,1783.086,1017.5,639.2999877929688,245.00000000011823,active,
1.0,1783.226,1783.253,1052.800048828125,631.4000244140625,26.999999999816282,active,
1.0,1783.276,1783.648,1133.5,591.5999755859375,371.99999999984357,active,
1.0,1783.714,1783.904,605.5999755859375,717.7000122070312,190.00000000005457,active,
1.0,1783.929,1784.167,514.7999877929688,690.5999755859375,237.99999999982901,active,
1.0,1784.2,1784.376,422.8999938964844,510.8999938964844,175.99999999993088,active,
1.0,1784.404,1784.596,267.0,580.7999877929688,192.00000000000728,active,
1.0,1784.677,1784.996,1235.5999755859375,713.2000122070312,319.00000000018736,active,
1.0,1785.022,1785.187,1110.0,709.0999755859375,164.99999999996362,active,
1.0,1785.228,1785.785,1408.300048828125,822.2000122070312,557.0000000000164,active,
1.0,1785.855,1786.168,713.0999755859375,777.7000122070312,312.9999999998745,active,
1.0,1786.192,1786.314,563.2999877929688,826.7000122070312,122.00000000007094,active,
1.0,1786.327,1786.47,582.7999877929688,849.9000244140625,143.0000000000291,active,
1.0,1786.48,1786.653,607.2999877929688,862.5999755859375,173.00000000000182,active,
1.0,1786.707,1787.128,981.7999877929688,581.2000122070312,420.99999999982174,active,
1.0,1787.157,1787.366,817.9000244140625,548.7000122070312,209.00000000006003,active,
1.0,1787.374,1788.253,839.7000122070312,536.2999877929688,878.9999999999054,active,
1.0,1788.276,1788.692,773.9000244140625,605.2999877929688,415.99999999994,active,
1.0,1788.742,1788.978,419.0,376.70001220703125,236.00000000010368,active,
1.0,1789.002,1789.193,348.20001220703125,285.29998779296875,191.00000000003092,active,
1.0,1789.264,1789.559,1155.0,316.6000061035156,295.00000000007276,active,
1.0,1789.62,1789.881,1327.4000244140625,690.4000244140625,261.00000000019463,active,
1.0,1789.93,1790.223,853.2000122070312,658.7000122070312,292.9999999998927,active,
1.0,1790.275,1790.6,448.3999938964844,735.7999877929688,324.9999999998181,active,
1.0,1790.662,1790.997,1130.800048828125,863.0999755859375,335.0000000000364,active,
1.0,1791.038,1791.533,830.0999755859375,781.2000122070312,494.99999999989086,active,
1.0,1791.673,1791.838,558.2000122070312,624.7999877929688,164.99999999996362,active,
1.0,1791.875,1792.232,791.9000244140625,627.5999755859375,356.9999999999709,active,
1.0,1792.253,1792.567,722.5999755859375,624.5999755859375,314.0000000000782,active,
1.0,1792.78,1793.062,1376.5,616.2000122070312,281.9999999999254,active,
1.0,1793.078,1793.269,1370.9000244140625,574.2000122070312,191.00000000003092,active,
1.0,1793.302,1793.633,1142.300048828125,573.0999755859375,331.00000000013097,active,
1.0,1793.714,1793.923,380.20001220703125,345.6000061035156,209.00000000006003,active,
1.0,1793.977,1794.143,261.0,626.4000244140625,165.99999999993997,active,
1.0,1794.186,1794.543,771.2999877929688,656.4000244140625,356.9999999999709,active,
1.0,1794.567,1794.784,840.5999755859375,545.7999877929688,217.00000000009823,active,
1.0,1794.793,1795.574,833.0999755859375,535.0,781.0000000001764,active,
1.0,1795.625,1795.776,431.70001220703125,494.0,151.0000000000673,active,
1.0,1795.819,1796.023,752.2000122070312,387.70001220703125,203.9999999999509,active,
1.0,1796.076,1796.454,1284.199951171875,434.29998779296875,377.99999999992906,active,
1.0,1796.475,1796.804,1317.5,370.8999938964844,329.00000000017826,active,
1.0,1796.823,1796.893,1313.300048828125,435.79998779296875,69.99999999993634,active,
1.0,1796.948,1797.268,845.2000122070312,715.2000122070312,319.99999999993634,active,
1.0,1797.3,1797.485,1005.5999755859375,723.0999755859375,184.99999999994543,active,
1.0,1797.541,1797.668,614.5,651.4000244140625,126.9999999999527,active,
1.0,1797.712,1797.998,356.70001220703125,554.5,286.0000000000582,active,
1.0,1798.016,1798.142,346.0,634.0,125.99999999997635,active,
1.0,1798.194,1798.543,886.0999755859375,713.7000122070312,348.9999999999327,active,
1.0,1798.736,1798.851,808.4000244140625,435.3999938964844,115.0000000000091,active,
1.0,1798.906,1799.062,340.5,615.7999877929688,155.99999999994907,active,
1.0,1799.081,1799.168,338.29998779296875,672.7000122070312,86.99999999998909,active,
1.0,1799.225,1799.38,854.2000122070312,741.2999877929688,155.0000000002001,active,
1.0,1799.445,1799.748,301.5,705.7000122070312,303.00000000011096,active,
1.0,1799.816,1799.995,970.7999877929688,737.7000122070312,178.99999999985994,active,
1.0,1800.05,1800.441,866.7000122070312,350.8999938964844,391.0000000000764,active,
1.0,1800.467,1800.832,757.5,216.0,365.0000000000091,active,
1.0,1800.875,1801.112,1032.300048828125,230.0,237.00000000008004,active,
1.0,1801.163,1801.32,1421.800048828125,276.20001220703125,156.99999999992542,active,
1.0,1801.345,1801.578,1454.800048828125,410.3999938964844,232.99999999994725,active,
1.0,1801.617,1801.759,1300.0999755859375,353.79998779296875,142.00000000005275,active,
1.0,1801.893,1802.108,1143.300048828125,337.29998779296875,214.99999999991815,active,
1.0,1802.122,1802.323,1148.0,377.3999938964844,201.00000000002183,active,
1.0,1802.491,1802.612,1008.5999755859375,355.6000061035156,121.00000000009459,active,
1.0,1802.638,1802.982,1115.199951171875,303.0,344.00000000005093,active,
1.0,1803.035,1803.318,1553.5999755859375,295.3999938964844,282.9999999999018,active,
1.0,1803.336,1803.587,1509.5,308.20001220703125,250.99999999997635,active,
1.0,1803.66,1803.883,708.9000244140625,263.29998779296875,222.99999999995634,active,
1.0,1803.907,1804.078,771.2999877929688,334.29998779296875,171.0000000000491,active,
1.0,1804.121,1804.302,1016.4000244140625,539.0999755859375,180.99999999981264,active,
1.0,1804.371,1804.596,355.1000061035156,709.7999877929688,224.99999999990905,active,
1.0,1804.652,1805.144,771.5,416.1000061035156,491.9999999999618,active,
1.0,1805.165,1805.288,805.7999877929688,507.1000061035156,123.0000000000473,active,
1.0,1805.3,1805.94,838.0999755859375,527.0999755859375,640.0000000001,active,
1.0,1805.982,1806.151,937.2999877929688,308.1000061035156,169.0000000000964,active,
1.0,1806.162,1806.254,921.0999755859375,283.29998779296875,91.99999999987085,active,
1.0,1806.319,1806.642,805.0999755859375,763.7999877929688,323.00000000009277,active,
1.0,1806.853,1807.069,1341.199951171875,688.4000244140625,215.9999999998945,active,
1.0,1807.125,1807.267,929.7000122070312,338.3999938964844,142.00000000005275,active,
1.0,1807.286,1807.763,915.0,271.3999938964844,476.99999999986176,active,
1.0,1807.951,1808.162,1119.199951171875,813.7000122070312,211.00000000001273,active,
1.0,1808.206,1808.328,831.5,758.7000122070312,122.00000000007094,active,
1.0,1808.372,1808.659,1198.300048828125,860.0999755859375,287.00000000003456,active,
1.0,1808.682,1808.916,1303.699951171875,837.2000122070312,233.9999999999236,active,
1.0,1808.939,1809.268,1427.0999755859375,838.7000122070312,328.9999999999509,active,
1.0,1809.462,1809.513,1391.9000244140625,798.7000122070312,50.99999999993088,active,
1.0,1809.573,1809.792,749.5,768.0,218.99999999982356,active,
1.0,1809.817,1810.064,897.5,783.5999755859375,247.00000000007094,active,
1.0,1810.111,1810.45,490.5,834.2999877929688,338.9999999999418,active,
1.0,1810.476,1810.734,629.7999877929688,792.9000244140625,257.9999999998108,active,
1.0,1810.741,1810.838,622.7999877929688,777.9000244140625,96.99999999997999,active,
1.0,1810.885,1811.23,261.79998779296875,809.0,345.0000000000273,active,
1.0,1811.277,1811.455,150.0,498.0,177.99999999988358,active,
1.0,1811.501,1811.794,587.9000244140625,427.0,293.00000000012005,active,
1.0,1811.872,1812.062,1429.0999755859375,472.79998779296875,189.9999999998272,active,
1.0,1812.086,1812.415,1415.4000244140625,566.2000122070312,328.9999999999509,active,
1.0,1812.59,1812.661,1412.0,542.0,71.00000000014006,active,
1.0,1812.69,1812.884,1254.0,559.2999877929688,193.99999999995998,active,
1.0,1812.945,1813.171,816.7999877929688,675.2000122070312,226.00000000011278,active,
1.0,1813.189,1813.391,843.4000244140625,715.4000244140625,201.99999999999818,active,
1.0,1813.404,1813.523,818.2999877929688,745.2000122070312,118.99999999991451,active,
1.0,1813.749,1813.814,775.0999755859375,756.9000244140625,65.00000000005457,active,
1.0,1813.865,1814.015,402.79998779296875,890.7000122070312,150.00000000009095,active,
1.0,1814.038,1814.293,490.79998779296875,846.2999877929688,254.99999999988177,active,
1.0,1814.341,1814.536,792.2999877929688,646.2999877929688,195.0000000001637,active,
1.0,1814.56,1815.628,843.9000244140625,515.2000122070312,1067.9999999999836,active,
1.0,1815.662,1815.909,705.5999755859375,421.6000061035156,247.00000000007094,active,
1.0,1815.926,1816.113,670.7000122070312,398.0,187.0000000001255,active,
1.0,1816.153,1816.24,641.7999877929688,660.2000122070312,86.99999999998909,active,
1.0,1816.265,1816.519,597.7999877929688,776.2000122070312,253.9999999999054,active,
1.0,1816.551,1816.968,456.5,779.5999755859375,417.0000000001437,active,
1.0,1816.992,1817.39,567.5,861.4000244140625,398.00000000013824,active,
1.0,1817.545,1818.086,569.4000244140625,876.5999755859375,540.99999999994,active,
1.0,1818.127,1818.387,409.1000061035156,774.7000122070312,259.9999999999909,active,
1.0,1818.423,1818.602,579.0,735.9000244140625,179.0000000000873,active,
1.0,1818.707,1819.002,729.7999877929688,485.0,294.9999999998454,active,
1.0,1819.028,1819.433,650.2000122070312,370.5,404.9999999999727,active,
1.0,1819.503,1819.67,1221.0999755859375,498.3999938964844,167.0000000001437,active,
1.0,1819.696,1820.096,1258.0,344.20001220703125,400.00000000009095,active,
1.0,1820.117,1820.43,1254.800048828125,429.6000061035156,313.00000000010186,active,
1.0,1820.603,1820.97,724.2000122070312,495.20001220703125,366.9999999999618,active,
1.0,1820.991,1821.429,810.5999755859375,466.79998779296875,438.00000000010186,active,
1.0,1821.467,1821.933,837.7999877929688,296.0,465.9999999998945,active,
1.0,1821.992,1822.222,1319.5,355.20001220703125,230.0000000000182,active,
1.0,1822.242,1822.522,1257.300048828125,345.5,279.9999999999727,active,
1.0,1822.547,1823.059,1262.800048828125,447.79998779296875,511.9999999999436,active,
1.0,1823.104,1823.584,899.4000244140625,540.0999755859375,480.0000000000182,active,
1.0,1823.599,1823.813,869.2000122070312,549.2999877929688,214.00000000016917,active,
1.0,1823.877,1824.104,293.5,602.5999755859375,227.00000000008913,active,
1.0,1824.136,1824.287,153.6999969482422,627.2000122070312,151.0000000000673,active,
1.0,1824.343,1824.702,639.7000122070312,381.5,358.9999999999236,active,
1.0,1824.73,1825.077,505.1000061035156,432.1000061035156,346.99999999998,active,
1.0,1825.123,1825.349,869.7999877929688,511.79998779296875,225.9999999998854,active,
1.0,1825.539,1825.903,837.5,497.5,364.00000000003274,active,
1.0,1825.913,1826.088,845.2000122070312,527.0999755859375,174.99999999995453,active,
1.0,1826.112,1826.425,741.9000244140625,606.0999755859375,312.9999999998745,active,
1.0,1826.476,1826.749,339.3999938964844,569.9000244140625,272.99999999991087,active,
1.0,1826.81,1827.071,1002.2000122070312,439.6000061035156,260.99999999996726,active,
1.0,1827.122,1827.461,1353.9000244140625,677.2000122070312,338.9999999999418,active,
1.0,1827.48,1827.685,1290.4000244140625,674.2999877929688,204.99999999992724,active,
1.0,1827.704,1827.832,1351.4000244140625,637.5,128.00000000015643,active,
1.0,1827.86,1828.143,1282.4000244140625,823.0,283.00000000012915,active,
1.0,1828.313,1828.474,1276.199951171875,772.5999755859375,160.99999999983083,active,
1.0,1828.497,1828.706,1361.4000244140625,678.5,208.99999999983265,active,
1.0,1828.717,1829.022,1353.0999755859375,626.7999877929688,304.9999999998363,active,
1.0,1829.061,1829.198,1554.9000244140625,765.5999755859375,137.00000000017099,active,
1.0,1829.266,1829.393,705.5999755859375,831.7999877929688,126.9999999999527,active,
1.0,1829.418,1829.712,567.7000122070312,873.5,294.0000000000964,active,
1.0,1829.734,1830.019,667.4000244140625,857.5,285.00000000008185,active,
1.0,1830.059,1830.276,777.7000122070312,657.5,217.00000000009823,active,
1.0,1830.296,1830.491,699.7000122070312,650.5,194.99999999993634,active,
1.0,1830.632,1830.995,677.0999755859375,606.2000122070312,362.999999999829,active,
1.0,1831.033,1831.239,459.0,655.0999755859375,206.00000000013097,active,
1.0,1831.257,1831.485,426.29998779296875,678.7999877929688,227.9999999998381,active,
1.0,1831.508,1831.541,548.5,657.0,32.999999999901775,active,
1.0,1831.741,1832.137,533.5,632.5999755859375,395.99999999995816,active,
1.0,1832.152,1832.48,573.9000244140625,617.7000122070312,327.99999999997453,active,
1.0,1832.509,1832.717,730.7999877929688,618.2000122070312,208.00000000008367,active,
1.0,1832.916,1833.111,1014.7999877929688,759.2000122070312,195.0000000001637,active,
1.0,1833.148,1833.508,924.0999755859375,471.6000061035156,360.00000000012733,active,
1.0,1833.546,1833.791,801.4000244140625,358.20001220703125,244.99999999989086,active,
1.0,1833.817,1834.002,916.9000244140625,395.5,184.99999999994543,active,
1.0,1834.057,1834.321,1396.4000244140625,370.29998779296875,263.9999999998963,active,
1.0,1834.378,1834.74,1364.5,730.7999877929688,362.00000000008004,active,
1.0,1834.798,1835.134,1149.300048828125,386.5,336.00000000001273,active,
1.0,1835.189,1835.446,655.4000244140625,429.8999938964844,256.9999999998345,active,
1.0,1835.459,1835.614,681.7000122070312,462.1000061035156,154.99999999997272,active,
1.0,1835.667,1835.884,1126.5999755859375,425.6000061035156,217.00000000009823,active,
1.0,1835.919,1836.221,1310.699951171875,427.0,301.99999999990723,active,
1.0,1836.281,1836.653,1321.699951171875,847.7999877929688,372.00000000007094,active,
1.0,1836.68,1836.93,1169.699951171875,873.0,250.0,active,
1.0,1836.953,1837.11,1083.199951171875,860.4000244140625,156.99999999992542,active,
1.0,1837.301,1837.38,1007.5999755859375,826.5,79.00000000017826,active,
1.0,1837.407,1837.838,880.0999755859375,830.2999877929688,431.00000000004,active,
1.0,1837.851,1837.991,914.4000244140625,801.9000244140625,139.99999999987267,active,
1.0,1838.034,1838.246,670.2000122070312,692.2000122070312,211.9999999999891,active,
1.0,1838.266,1838.693,605.7999877929688,704.2000122070312,426.99999999990723,active,
1.0,1838.745,1838.982,242.0,669.0,237.00000000008004,active,
1.0,1839.01,1839.402,358.70001220703125,734.2000122070312,392.00000000005275,active,
1.0,1839.441,1839.481,621.7000122070312,721.2999877929688,39.99999999996362,active,
1.0,1839.491,1839.512,629.5999755859375,674.5999755859375,20.999999999958163,active,
1.0,1839.728,1840.395,599.2999877929688,688.0,666.9999999999163,active,
1.0,1840.414,1840.819,560.0999755859375,691.2000122070312,404.9999999999727,active,
1.0,1840.831,1841.276,600.0,704.4000244140625,445.0000000001637,active,
1.0,1841.29,1841.553,574.2000122070312,688.2999877929688,263.00000000014734,active,
1.0,1841.568,1841.835,609.7999877929688,699.7000122070312,267.00000000005275,active,
1.0,1841.855,1842.023,655.0999755859375,661.7000122070312,167.99999999989268,active,
1.0,1842.206,1842.322,1430.699951171875,769.9000244140625,115.99999999998545,active,
1.0,1842.345,1842.607,1330.0999755859375,812.2999877929688,261.9999999999436,active,
1.0,1842.62,1842.973,1308.800048828125,780.7000122070312,353.0000000000655,active,
1.0,1842.985,1843.336,1265.9000244140625,786.9000244140625,351.0000000001128,active,
1.0,1843.35,1843.553,1240.699951171875,799.7000122070312,203.0000000002019,active,
1.0,1843.61,1843.916,726.0,832.9000244140625,306.00000000004,active,
1.0,1843.967,1844.137,774.0999755859375,484.5,169.9999999998454,active,
1.0,1844.189,1844.394,332.20001220703125,474.29998779296875,204.99999999992724,active,
1.0,1844.432,1844.654,540.5999755859375,546.5,221.99999999998,active,
1.0,1844.717,1845.013,1342.5999755859375,559.9000244140625,295.99999999982174,active,
1.0,1845.041,1845.38,1447.9000244140625,429.29998779296875,339.00000000016917,active,
1.0,1845.414,1845.574,1301.9000244140625,362.5,160.00000000008185,active,
1.0,1845.64,1845.805,544.2999877929688,408.8999938964844,164.99999999996362,active,
1.0,1845.855,1846.126,269.3999938964844,610.0,270.99999999995816,active,
1.0,1846.168,1846.328,569.4000244140625,829.2000122070312,160.00000000008185,active,
1.0,1846.35,1846.523,618.7000122070312,876.7000122070312,173.00000000000182,active,
1.0,1846.555,1846.795,843.5999755859375,773.0999755859375,240.0000000000091,active,
1.0,1846.819,1847.022,755.7000122070312,709.7000122070312,202.99999999997453,active,
1.0,1847.086,1847.264,1480.0,761.5,177.99999999988358,active,
1.0,1847.283,1847.858,1541.699951171875,795.5,575.0000000000455,active,
1.0,1847.894,1848.236,1278.199951171875,679.2999877929688,342.0000000000982,active,
1.0,1848.275,1848.52,1337.5,452.1000061035156,244.99999999989086,active,
1.0,1848.573,1848.735,783.4000244140625,458.29998779296875,161.9999999998072,active,
1.0,1848.757,1849.467,829.2999877929688,515.7000122070312,710.0000000000364,active,
1.0,1849.588,1849.908,559.0,660.9000244140625,319.99999999993634,active,
1.0,1849.947,1850.417,420.20001220703125,560.0999755859375,470.0000000000273,active,
1.0,1850.595,1850.716,1049.9000244140625,591.5999755859375,120.99999999986721,active,
1.0,1850.747,1850.909,1220.800048828125,647.5,162.00000000003456,active,
1.0,1850.932,1851.344,1348.300048828125,624.7000122070312,412.00000000003456,active,
1.0,1851.397,1851.996,883.2999877929688,458.20001220703125,599.0000000001601,active,
1.0,1852.038,1852.367,638.2999877929688,502.5,328.9999999999509,active,
1.0,1852.409,1852.584,392.6000061035156,463.70001220703125,174.99999999995453,active,
1.0,1852.658,1852.982,1281.199951171875,410.8999938964844,324.0000000000691,active,
1.0,1853.021,1853.177,1420.0999755859375,298.0,155.99999999994907,active,
1.0,1853.243,1853.391,1185.300048828125,764.2999877929688,148.00000000013824,active,
1.0,1853.445,1853.662,822.2999877929688,762.2000122070312,217.00000000009823,active,
1.0,1853.707,1853.942,546.0999755859375,645.5,234.99999999989996,active,
1.0,1853.989,1854.313,771.9000244140625,697.2000122070312,324.0000000000691,active,
1.0,1854.335,1854.737,838.7000122070312,739.7999877929688,402.00000000004366,active,
1.0,1854.806,1855.127,243.60000610351562,616.9000244140625,320.9999999999127,active,
1.0,1855.149,1855.34,133.10000610351562,610.7000122070312,191.00000000003092,active,
1.0,1855.429,1855.768,1326.4000244140625,623.5,338.9999999999418,active,
1.0,1855.821,1855.998,824.2999877929688,473.8999938964844,177.0000000001346,active,
1.0,1856.046,1856.319,431.79998779296875,489.70001220703125,272.99999999991087,active,
1.0,1856.341,1856.578,364.0,546.0,237.00000000008004,active,
1.0,1856.637,1857.001,862.0999755859375,515.0,364.00000000003274,active,
1.0,1857.05,1857.453,462.79998779296875,509.3999938964844,403.00000000002,active,
1.0,1857.512,1857.766,873.2000122070312,489.29998779296875,254.0000000001328,active,
1.0,1857.786,1857.931,812.7000122070312,529.0999755859375,144.9999999999818,active,
1.0,1858.063,1858.634,826.7000122070312,536.0,570.9999999999127,active,
1.0,1858.662,1858.803,766.0999755859375,695.5,141.0000000000764,active,
1.0,1858.855,1858.991,594.4000244140625,768.5999755859375,135.99999999996726,active,
1.0,1859.031,1859.432,885.5,755.0,401.0000000000673,active,
1.0,1859.479,1859.683,499.20001220703125,760.2999877929688,203.9999999999509,active,
1.0,1859.757,1860.174,1351.800048828125,751.7999877929688,416.9999999999163,active,
1.0,1860.197,1860.533,1451.300048828125,713.4000244140625,336.00000000001273,active,
1.0,1860.711,1861.061,1206.0999755859375,744.9000244140625,349.99999999990905,active,
1.0,1861.1,1861.408,929.2000122070312,729.7000122070312,307.9999999999927,active,
1.0,1861.67,1861.949,421.8999938964844,698.5999755859375,278.99999999999636,active,
1.0,1862.189,1862.244,613.5,741.0999755859375,54.99999999983629,active,
1.0,1862.293,1862.375,237.5,734.2000122070312,82.00000000010732,active,
1.0,1863.066,1863.239,839.2999877929688,682.7999877929688,173.00000000000182,active,
1.0,1863.279,1863.539,719.0999755859375,500.5,259.9999999999909,active,
1.0,1863.559,1863.688,802.7000122070312,533.2000122070312,129.0000000001328,active,
1.0,1863.703,1864.259,825.2999877929688,571.7999877929688,556.00000000004,active,
1.0,1864.332,1864.833,1455.5999755859375,716.5,500.99999999997635,active,
1.0,1864.855,1865.094,1348.199951171875,744.0,239.00000000003274,active,
1.0,1865.117,1865.388,1468.199951171875,761.5,270.99999999995816,active,
1.0,1865.432,1865.556,1115.9000244140625,739.2000122070312,124.00000000002365,active,
1.0,1865.601,1865.892,768.7000122070312,761.5,290.99999999994,active,
1.0,1865.918,1866.089,587.7999877929688,792.7999877929688,171.0000000000491,active,
1.0,1866.143,1866.654,183.0,734.5,510.99999999996726,active,
1.0,1866.661,1866.886,192.39999389648438,703.5,224.99999999990905,active,
1.0,1866.932,1867.267,327.29998779296875,375.70001220703125,335.0000000000364,active,
1.0,1867.34,1867.58,1024.0999755859375,289.1000061035156,240.0000000000091,active,
1.0,1867.625,1867.908,1311.699951171875,291.1000061035156,282.9999999999018,active,
1.0,1867.986,1868.333,1319.4000244140625,820.7000122070312,346.99999999998,active,
1.0,1868.352,1868.547,1370.4000244140625,812.0,194.99999999993634,active,
1.0,1868.573,1868.832,1461.699951171875,722.9000244140625,259.00000000001455,active,
1.0,1868.889,1869.1,865.2000122070312,723.7000122070312,211.00000000001273,active,
1.0,1869.137,1869.909,658.5999755859375,740.5,772.0000000001619,active,
1.0,1869.955,1870.191,773.0,516.7999877929688,236.00000000010368,active,
1.0,1870.21,1870.838,831.5999755859375,540.2000122070312,627.9999999999291,active,
1.0,1870.97,1871.191,833.5999755859375,561.0,221.00000000000364,active,
1.0,1871.244,1871.372,464.1000061035156,650.2999877929688,128.00000000015643,active,
1.0,1871.398,1871.59,367.3999938964844,684.7999877929688,192.00000000000728,active,
1.0,1871.814,1872.158,1073.0999755859375,644.2000122070312,343.99999999982356,active,
1.0,1872.201,1872.381,741.4000244140625,606.2999877929688,180.00000000006366,active,
1.0,1872.396,1872.54,711.7000122070312,609.0,144.00000000000546,active,
1.0,1872.597,1872.899,728.2000122070312,852.2999877929688,301.99999999990723,active,
1.0,1872.941,1873.143,465.3999938964844,771.5999755859375,201.99999999999818,active,
1.0,1873.386,1873.83,541.5,753.5,443.99999999996,active,
1.0,1873.871,1874.049,717.7999877929688,648.2000122070312,177.99999999988358,active,
1.0,1874.094,1874.24,1036.4000244140625,634.0,145.99999999995816,active,
1.0,1874.433,1874.699,933.7999877929688,596.4000244140625,266.0000000000764,active,
1.0,1874.724,1875.021,1078.199951171875,626.2999877929688,297.00000000002547,active,
1.0,1875.047,1875.309,978.4000244140625,588.2000122070312,261.9999999999436,active,
1.0,1875.322,1875.488,953.4000244140625,581.4000244140625,166.00000000016735,active,
1.0,1875.688,1876.278,966.2999877929688,579.9000244140625,589.9999999999181,active,
1.0,1876.317,1876.92,1292.0999755859375,684.7000122070312,603.0000000000655,active,
1.0,1877.159,1877.396,940.5,601.4000244140625,236.99999999985266,active,
1.0,1877.419,1877.665,865.7999877929688,588.5999755859375,245.9999999998672,active,
1.0,1877.689,1878.01,984.0,579.2000122070312,320.9999999999127,active,
1.0,1878.064,1878.208,1406.699951171875,650.7000122070312,144.00000000000546,active,
1.0,1878.416,1878.501,1386.800048828125,732.2999877929688,85.00000000003638,active,
1.0,1878.547,1878.798,1023.7999877929688,641.5999755859375,250.99999999997635,active,
1.0,1878.818,1878.978,975.4000244140625,592.0,160.00000000008185,active,
1.0,1879.003,1879.282,845.4000244140625,571.0999755859375,278.99999999999636,active,
1.0,1879.299,1879.468,805.0999755859375,578.0999755859375,169.0000000000964,active,
1.0,1879.49,1879.61,765.5999755859375,587.9000244140625,119.99999999989086,active,
1.0,1879.817,1880.19,357.79998779296875,673.2999877929688,373.0000000000473,active,
1.0,1880.235,1880.362,712.9000244140625,625.5,127.00000000018008,active,
1.0,1880.557,1880.701,708.7000122070312,610.5,144.00000000000546,active,
1.0,1880.738,1881.072,909.0,593.5,333.99999999983265,active,
1.0,1881.086,1881.346,944.4000244140625,577.4000244140625,259.9999999999909,active,
1.0,1881.535,1882.25,946.0999755859375,568.0,714.9999999999181,active,
1.0,1882.309,1882.519,556.5,613.9000244140625,210.00000000003638,active,
1.0,1882.77,1882.965,441.20001220703125,670.9000244140625,194.99999999993634,active,
1.0,1883.01,1883.303,788.4000244140625,616.5999755859375,293.00000000012005,active,
1.0,1883.311,1883.458,769.7000122070312,603.4000244140625,147.0000000001619,active,
1.0,1883.508,1883.702,388.8999938964844,699.5999755859375,193.99999999995998,active,
1.0,1883.726,1883.93,493.1000061035156,722.7999877929688,203.9999999999509,active,
1.0,1884.117,1884.328,607.0,749.7999877929688,211.00000000001273,active,
1.0,1884.348,1884.543,528.9000244140625,698.4000244140625,194.99999999993634,active,
1.0,1884.584,1884.838,802.7999877929688,624.9000244140625,253.9999999999054,active,
1.0,1884.857,1885.001,769.5999755859375,627.5,144.00000000000546,active,
1.0,1885.041,1885.272,1067.699951171875,645.2999877929688,230.99999999999454,active,
1.0,1885.297,1885.492,970.0999755859375,610.5999755859375,194.99999999993634,active,
1.0,1885.549,1885.677,1454.5999755859375,709.7999877929688,127.99999999992906,active,
1.0,1885.703,1885.805,1302.5,754.2999877929688,102.00000000008913,active,
1.0,1885.83,1885.965,1162.300048828125,672.5,134.9999999999909,active,
1.0,1885.984,1886.227,1100.9000244140625,659.5,243.00000000016553,active,
1.0,1886.296,1886.523,340.20001220703125,732.5999755859375,226.99999999986176,active,
1.0,1886.532,1886.755,343.20001220703125,708.2999877929688,223.00000000018372,active,
1.0,1886.828,1887.107,1097.0,605.7999877929688,278.99999999999636,active,
1.0,1887.15,1887.383,810.7000122070312,562.2000122070312,232.99999999994725,active,
1.0,1887.434,1887.61,1237.5,561.4000244140625,175.99999999993088,active,
1.0,1887.661,1888.04,881.5,363.5,378.9999999999054,active,
1.0,1888.112,1888.536,1468.0,657.0,423.9999999999782,active,
1.0,1888.625,1888.949,450.79998779296875,675.2000122070312,324.0000000000691,active,
1.0,1888.974,1889.158,568.0999755859375,699.0999755859375,183.99999999996908,active,
1.0,1889.174,1889.365,576.0,755.7000122070312,191.00000000003092,active,
1.0,1889.576,1889.673,340.6000061035156,649.7999877929688,96.99999999997999,active,
1.0,1889.718,1889.898,693.7000122070312,806.5,179.9999999998363,active,
1.0,1889.952,1890.203,1086.5999755859375,831.7999877929688,250.99999999997635,active,
1.0,1890.25,1890.539,922.5,568.7000122070312,288.99999999998727,active,
1.0,1890.562,1891.782,838.0999755859375,552.2999877929688,1220.0000000000273,active,
1.0,1892.021,1892.131,607.7000122070312,437.8999938964844,110.00000000012733,active,
1.0,1892.179,1892.359,1044.4000244140625,528.7000122070312,179.9999999998363,active,
1.0,1892.613,1892.795,857.4000244140625,542.4000244140625,182.00000000001637,active,
1.0,1893.01,1893.123,1061.800048828125,526.7000122070312,113.00000000005639,active,
1.0,1893.179,1893.414,665.0999755859375,496.6000061035156,234.99999999989996,active,
1.0,1893.778,1893.884,759.5,518.5999755859375,105.99999999999454,active,
1.0,1893.929,1894.116,466.29998779296875,401.8999938964844,186.99999999989814,active,
1.0,1894.179,1894.407,1025.199951171875,466.1000061035156,227.9999999998381,active,
1.0,1894.458,1894.584,1405.800048828125,491.29998779296875,125.99999999997635,active,
1.0,1894.783,1894.974,961.4000244140625,434.8999938964844,191.00000000003092,active,
1.0,1895.031,1895.236,1441.0999755859375,487.3999938964844,205.0000000001546,active,
1.0,1895.296,1895.608,950.7999877929688,362.0,311.99999999989814,active,
1.0,1895.634,1895.829,1085.5,376.0,194.99999999993634,active,
1.0,1895.887,1896.238,541.4000244140625,301.5,351.0000000001128,active,
1.0,1896.315,1896.582,1395.199951171875,745.2999877929688,267.00000000005275,active,
1.0,1896.604,1896.79,1494.9000244140625,724.5,185.99999999992178,active,
1.0,1896.849,1897.101,919.9000244140625,510.8999938964844,252.00000000018008,active,
1.0,1897.16,1897.311,418.3999938964844,539.9000244140625,150.99999999983993,active,
1.0,1897.342,1897.494,300.5,376.79998779296875,151.99999999981628,active,
1.0,1897.557,1897.844,1065.5,397.8999938964844,287.00000000003456,active,
1.0,1897.896,1898.126,1477.800048828125,518.4000244140625,230.0000000000182,active,
1.0,1898.177,1898.489,1451.699951171875,856.5999755859375,312.0000000001255,active,
1.0,1898.538,1898.754,1125.5,687.4000244140625,215.9999999998945,active,
1.0,1898.805,1898.938,961.0,373.29998779296875,133.0000000000382,active,
1.0,1899.002,1899.376,349.1000061035156,297.3999938964844,374.00000000002365,active,
1.0,1899.447,1899.584,1124.9000244140625,460.6000061035156,137.00000000017099,active,
1.0,1899.731,1900.021,1057.0999755859375,408.5,289.9999999999636,active,
1.0,1900.077,1900.268,1292.0,760.4000244140625,191.00000000003092,active,
1.0,1900.325,1900.558,918.4000244140625,366.5,232.99999999994725,active,
1.0,1900.59,1900.702,776.7000122070312,484.29998779296875,112.00000000008004,active,
1.0,1900.727,1900.809,835.7999877929688,567.2000122070312,81.99999999987995,active,
1.0,1901.0,1901.627,836.5,564.5999755859375,626.9999999999527,active,
1.0,1901.648,1901.773,865.0,551.4000244140625,125.0,active,
1.0,1901.816,1901.97,1198.699951171875,604.4000244140625,153.99999999999636,active,
1.0,1901.985,1902.114,1198.5999755859375,563.7000122070312,129.0000000001328,active,
1.0,1902.138,1902.393,1215.5999755859375,674.5999755859375,255.00000000010914,active,
1.0,1902.466,1902.665,386.5,669.5,199.00000000006912,active,
1.0,1902.689,1902.947,296.20001220703125,656.4000244140625,257.9999999998108,active,
1.0,1902.963,1903.234,345.1000061035156,662.0,270.99999999995816,active,
1.0,1903.243,1903.393,338.70001220703125,688.7999877929688,150.00000000009095,active,
1.0,1903.448,1903.856,466.5,335.29998779296875,407.9999999999018,active,
1.0,1903.883,1904.06,315.6000061035156,296.70001220703125,176.99999999990723,active,
1.0,1904.087,1904.513,451.70001220703125,351.20001220703125,425.9999999999309,active,
1.0,1904.526,1904.821,429.29998779296875,359.0,294.9999999998454,active,
1.0,1904.841,1905.209,511.8999938964844,368.0,368.0000000001655,active,
1.0,1905.22,1905.405,542.9000244140625,368.8999938964844,184.99999999994543,active,
1.0,1905.421,1905.801,507.8999938964844,366.29998779296875,379.99999999988177,active,
1.0,1905.823,1906.691,441.1000061035156,347.5,867.9999999999382,active,
1.0,1906.725,1907.041,302.6000061035156,260.20001220703125,316.0000000000309,active,
1.0,1907.062,1907.135,391.0,230.60000610351562,73.00000000009277,active,
1.0,1907.173,1907.485,673.7999877929688,215.8000030517578,311.99999999989814,active,
1.0,1907.519,1907.665,830.0999755859375,186.5,145.99999999995816,active,
1.0,1907.727,1908.219,1411.300048828125,244.1999969482422,491.9999999999618,active,
1.0,1908.35,1908.557,1419.5999755859375,290.20001220703125,207.00000000010732,active,
1.0,1908.603,1908.699,1215.0999755859375,521.5,96.00000000000364,active,
1.0,1908.719,1908.856,1220.0,575.2000122070312,136.9999999999436,active,
1.0,1908.866,1909.499,1218.0999755859375,554.2000122070312,633.0000000000382,active,
1.0,1909.673,1909.828,462.20001220703125,552.0,154.99999999997272,active,
1.0,1909.843,1910.135,435.8999938964844,558.2000122070312,291.9999999999163,active,
1.0,1910.163,1910.415,315.79998779296875,695.5999755859375,251.9999999999527,active,
1.0,1910.427,1910.814,343.70001220703125,675.4000244140625,387.000000000171,active,
1.0,1910.829,1911.547,319.0,675.2000122070312,718.0000000000746,active,
1.0,1911.564,1911.768,285.79998779296875,662.5,203.9999999999509,active,
1.0,1911.786,1912.083,370.3999938964844,663.7999877929688,297.00000000002547,active,
1.0,1912.091,1912.36,364.70001220703125,660.2999877929688,269.00000000000546,active,
1.0,1912.376,1912.508,426.5,661.4000244140625,132.00000000006185,active,
1.0,1912.718,1912.852,366.5,706.4000244140625,134.00000000001455,active,
1.0,1912.93,1913.143,1223.0,702.5999755859375,212.99999999996544,active,
1.0,1913.158,1913.283,1270.0,690.7999877929688,125.0,active,
1.0,1913.307,1913.595,1185.300048828125,698.9000244140625,288.0000000000109,active,
1.0,1913.62,1913.895,1335.5999755859375,685.0999755859375,275.00000000009095,active,
1.0,1913.968,1914.025,1285.800048828125,676.7000122070312,57.00000000001637,active,
1.0,1914.547,1914.638,1397.800048828125,746.2999877929688,90.9999999998945,active,
1.0,1914.654,1914.79,1354.800048828125,691.7999877929688,135.99999999996726,active,
1.0,1914.804,1915.212,1318.5999755859375,675.0999755859375,407.9999999999018,active,
1.0,1915.233,1915.46,1371.0999755859375,672.9000244140625,227.00000000008913,active,
1.0,1915.495,1915.644,1228.5999755859375,571.2999877929688,149.0000000001146,active,
1.0,1915.651,1916.011,1234.0,546.4000244140625,359.99999999989996,active,
1.0,1916.038,1916.243,1272.9000244140625,673.7999877929688,204.99999999992724,active,
1.0,1916.266,1916.376,1189.0,673.9000244140625,109.99999999989996,active,
1.0,1916.433,1916.693,850.0,298.3999938964844,259.9999999999909,active,
1.0,1916.716,1916.924,774.7999877929688,291.6000061035156,208.00000000008367,active,
1.0,1916.934,1917.202,799.5,283.3999938964844,268.0000000000291,active,
1.0,1917.342,1917.53,1246.800048828125,308.20001220703125,187.9999999998745,active,
1.0,1917.583,1917.739,757.0999755859375,276.3999938964844,155.99999999994907,active,
1.0,1917.761,1918.665,789.5,274.8999938964844,903.9999999999964,active,
1.0,1918.674,1919.106,766.9000244140625,271.0,432.00000000001637,active,
1.0,1919.115,1920.067,792.9000244140625,272.79998779296875,951.9999999999982,active,
1.0,1920.242,1920.401,385.8999938964844,299.1000061035156,159.0000000001055,active,
1.0,1920.423,1920.575,467.70001220703125,348.6000061035156,152.00000000004366,active,
1.0,1920.604,1920.889,330.0,299.5,284.9999999998545,active,
1.0,1920.91,1921.002,260.6000061035156,313.3999938964844,91.99999999987085,active,
1.0,1921.153,1921.541,1067.9000244140625,327.79998779296875,387.99999999991996,active,
1.0,1921.595,1921.813,809.5999755859375,375.70001220703125,218.00000000007458,active,
1.0,1921.863,1922.147,1252.5,404.20001220703125,283.9999999998781,active,
1.0,1922.176,1922.591,1401.5999755859375,400.70001220703125,414.9999999999636,active,
1.0,1922.702,1922.858,1326.4000244140625,398.1000061035156,155.99999999994907,active,
1.0,1922.916,1923.168,745.2000122070312,397.8999938964844,251.9999999999527,active,
1.0,1923.21,1923.393,490.79998779296875,373.5,182.99999999999272,active,
1.0,1923.438,1923.602,789.9000244140625,298.8999938964844,163.99999999998727,active,
1.0,1923.763,1923.971,862.7999877929688,307.3999938964844,208.00000000008367,active,
1.0,1923.989,1924.341,817.5999755859375,313.8999938964844,351.99999999986176,active,
1.0,1924.356,1924.577,787.0,303.20001220703125,221.00000000000364,active,
1.0,1924.62,1924.794,479.8999938964844,555.2000122070312,174.00000000020555,active,
1.0,1924.825,1925.065,437.6000061035156,608.7999877929688,240.0000000000091,active,
1.0,1925.084,1925.215,467.20001220703125,562.0999755859375,130.99999999985812,active,
1.0,1925.269,1925.447,858.7000122070312,622.7000122070312,177.99999999988358,active,
1.0,1925.648,1925.754,765.4000244140625,610.5,105.99999999999454,active,
1.0,1925.808,1926.072,1276.800048828125,600.0,263.9999999998963,active,
1.0,1926.093,1926.475,1213.5,532.9000244140625,381.9999999998345,active,
1.0,1926.53,1926.81,832.2000122070312,786.5,279.9999999999727,active,
1.0,1926.857,1927.061,1213.699951171875,788.2999877929688,203.9999999999509,active,
1.0,1927.076,1927.2,1233.300048828125,735.7000122070312,124.00000000002365,active,
1.0,1927.278,1927.369,787.2000122070312,290.20001220703125,90.9999999998945,active,
1.0,1927.425,1927.693,330.3999938964844,292.3999938964844,268.0000000000291,active,
1.0,1927.712,1927.807,280.3999938964844,232.60000610351562,95.00000000002728,active,
1.0,1927.852,1928.086,700.0,204.5,233.9999999999236,active,
1.0,1928.296,1928.455,863.7000122070312,354.70001220703125,158.99999999987813,active,
1.0,1928.501,1928.61,800.2999877929688,520.2000122070312,108.9999999999236,active,
1.0,1928.629,1929.583,846.7000122070312,547.2000122070312,954.0000000001783,active,
1.0,1929.624,1929.73,613.0999755859375,469.70001220703125,105.99999999999454,active,
1.0,1929.776,1930.189,988.2999877929688,589.9000244140625,413.0000000000109,active,
1.0,1930.233,1930.559,1149.199951171875,793.2999877929688,326.0000000000218,active,
1.0,1930.597,1930.739,1340.5999755859375,906.0,142.00000000005275,active,
1.0,1930.81,1931.039,1164.300048828125,233.39999389648438,229.00000000004184,active,
1.0,1931.109,1931.413,548.4000244140625,410.79998779296875,304.0000000000873,active,
1.0,1931.45,1931.57,792.4000244140625,508.3999938964844,119.99999999989086,active,
1.0,1931.812,1931.973,777.2999877929688,522.7999877929688,161.0000000000582,active,
1.0,1932.037,1932.177,306.8999938964844,830.2999877929688,139.99999999987267,active,
1.0,1932.207,1932.454,170.8000030517578,869.5,246.99999999984357,active,
1.0,1932.52,1932.719,725.9000244140625,899.0999755859375,199.00000000006912,active,
1.0,1932.951,1933.225,975.7000122070312,799.4000244140625,273.9999999998872,active,
1.0,1933.269,1933.466,1256.5,892.7000122070312,196.99999999988904,active,
1.0,1933.537,1933.78,1186.5,237.39999389648438,242.99999999993815,active,
1.0,1933.836,1934.097,715.7999877929688,355.29998779296875,260.99999999996726,active,
1.0,1934.148,1934.359,1134.4000244140625,246.39999389648438,211.00000000001273,active,
1.0,1934.591,1934.745,666.4000244140625,550.0999755859375,153.99999999999636,active,
1.0,1934.77,1934.965,656.9000244140625,420.79998779296875,194.99999999993634,active,
1.0,1934.974,1935.223,845.7000122070312,547.5999755859375,249.00000000002365,,
1.0,1935.237,1936.059,839.9000244140625,551.9000244140625,821.999999999889,,
1.0,1936.252,1936.685,831.7000122070312,542.5999755859375,432.9999999999927,active,
1.0,1936.725,1936.933,601.0999755859375,613.0999755859375,208.00000000008367,active,
1.0,1936.979,1937.195,324.8999938964844,769.2999877929688,215.9999999998945,active,
1.0,1937.23,1938.291,622.0999755859375,825.7999877929688,1060.9999999999218,active,
1.0,1938.351,1938.565,1238.800048828125,764.5,213.9999999999418,active,
1.0,1938.635,1938.76,512.7999877929688,519.0,125.0,active,
1.0,1938.797,1939.089,311.3999938964844,510.8999938964844,291.9999999999163,active,
1.0,1939.17,1939.396,1345.4000244140625,362.0,225.9999999998854,active,
1.0,1939.411,1939.648,1400.5999755859375,396.79998779296875,236.99999999985266,active,
1.0,1939.739,1939.926,319.3999938964844,330.70001220703125,186.99999999989814,active,
1.0,1939.992,1940.205,223.0,820.7999877929688,212.99999999996544,active,
1.0,1940.254,1940.386,597.0999755859375,885.5,132.00000000006185,active,
1.0,1940.4,1940.931,627.9000244140625,857.5,530.9999999999491,active,
1.0,1940.982,1941.232,311.3999938964844,580.9000244140625,250.0,active,
1.0,1941.241,1941.522,318.8999938964844,606.7999877929688,280.99999999994907,active,
1.0,1941.585,1941.884,961.2000122070312,360.3999938964844,298.9999999999782,active,
1.0,1941.927,1942.082,1240.0,314.6000061035156,155.0000000002001,active,
1.0,1942.122,1942.404,1500.0999755859375,227.0,281.9999999999254,active,
1.0,1942.43,1942.622,1380.5999755859375,355.29998779296875,192.00000000000728,active,
1.0,1942.648,1943.16,1486.0999755859375,409.5,512.000000000171,active,
1.0,1943.203,1943.415,1120.5,493.79998779296875,211.9999999999891,active,
1.0,1943.429,1943.579,1079.4000244140625,508.79998779296875,149.99999999986358,active,
1.0,1943.618,1943.8,1341.300048828125,556.0999755859375,182.00000000001637,active,
1.0,1943.848,1943.992,1463.5999755859375,857.5,144.00000000000546,active,
1.0,1944.075,1944.436,342.70001220703125,854.5999755859375,360.9999999998763,active,
1.0,1944.464,1944.611,513.7000122070312,847.9000244140625,147.0000000001619,active,
1.0,1944.632,1944.94,617.2999877929688,838.4000244140625,307.9999999999927,active,
1.0,1944.993,1945.352,319.0,618.7000122070312,359.000000000151,active,
1.0,1945.399,1945.613,692.2000122070312,406.1000061035156,214.00000000016917,active,
1.0,1945.642,1945.842,566.5,436.0,200.00000000004547,active,
1.0,1945.867,1946.021,460.5,482.79998779296875,153.99999999999636,active,
1.0,1946.06,1946.416,717.9000244140625,443.1000061035156,355.99999999999454,active,
1.0,1946.462,1946.663,1101.0999755859375,678.2000122070312,201.00000000002183,active,
1.0,1946.716,1946.935,625.7000122070312,767.2000122070312,219.00000000005093,active,
1.0,1946.947,1947.425,593.2999877929688,754.0999755859375,478.0000000000655,active,
1.0,1947.469,1947.671,697.4000244140625,462.20001220703125,201.99999999999818,active,
1.0,1947.68,1947.762,679.0,447.5,81.99999999987995,active,
1.0,1947.811,1948.007,1156.199951171875,527.7000122070312,196.00000000014006,active,
1.0,1948.037,1948.191,1329.9000244140625,523.5999755859375,153.99999999999636,active,
1.0,1948.199,1949.594,1304.0,533.7999877929688,1394.9999999999818,active,
1.0,1949.629,1949.875,1473.4000244140625,410.1000061035156,246.0000000000946,active,
1.0,1949.924,1950.219,1049.699951171875,328.1000061035156,295.00000000007276,active,
1.0,1950.265,1950.402,804.5,523.7000122070312,136.9999999999436,active,
1.0,1950.549,1951.183,822.7000122070312,540.7999877929688,634.0000000000146,active,
1.0,1951.23,1951.411,538.0999755859375,358.3999938964844,181.00000000004002,active,
1.0,1951.43,1951.8,513.5,292.5,369.99999999989086,active,
1.0,1951.811,1951.959,494.3999938964844,298.29998779296875,148.00000000013824,active,
1.0,1952.087,1952.185,392.79998779296875,421.8999938964844,97.99999999995634,active,
1.0,1952.218,1952.454,522.7000122070312,298.20001220703125,235.9999999998763,active,
1.0,1952.475,1952.915,554.7000122070312,223.10000610351562,440.00000000005457,active,
1.0,1952.961,1953.155,960.5999755859375,244.8000030517578,193.99999999995998,active,
1.0,1953.211,1953.449,915.5999755859375,559.2000122070312,238.0000000000564,active,
1.0,1953.491,1954.054,1192.300048828125,692.7000122070312,563.0000000001019,active,
1.0,1954.107,1954.338,737.9000244140625,730.4000244140625,230.99999999999454,active,
1.0,1954.378,1955.003,849.0,585.2000122070312,625.0,active,
1.0,1955.055,1955.303,505.70001220703125,550.9000244140625,248.0000000000473,active,
1.0,1955.348,1955.564,185.8000030517578,577.0999755859375,216.00000000012187,active,
1.0,1955.583,1955.706,236.89999389648438,534.0,122.99999999981992,active,
1.0,1955.72,1956.02,247.6999969482422,496.20001220703125,299.9999999999545,active,
1.0,1956.158,1956.371,525.7000122070312,251.3000030517578,213.0000000001928,active,
1.0,1956.39,1956.501,554.2999877929688,198.1999969482422,110.99999999987631,active,
1.0,1956.582,1956.826,1390.699951171875,389.70001220703125,243.9999999999145,active,
1.0,1956.899,1957.146,1456.199951171875,952.7000122070312,247.00000000007094,active,
1.0,1957.166,1957.506,1528.800048828125,960.2999877929688,340.0000000001455,active,
1.0,1957.703,1958.169,827.2999877929688,353.3999938964844,466.0000000001219,active,
1.0,1958.213,1958.577,802.4000244140625,584.2000122070312,364.00000000003274,active,
1.0,1958.627,1958.686,864.7000122070312,774.0,58.99999999996908,active,
1.0,1958.749,1958.846,1398.5999755859375,777.2000122070312,96.99999999997999,active,
1.0,1958.902,1959.165,846.7000122070312,663.2999877929688,262.99999999991996,active,
1.0,1959.222,1959.59,1011.4000244140625,335.1000061035156,367.99999999993815,active,
1.0,1959.764,1959.932,892.4000244140625,366.8999938964844,168.00000000012005,active,
1.0,1959.978,1960.517,755.5,577.0999755859375,538.9999999999873,active,
1.0,1960.557,1960.7,929.9000244140625,370.0,143.0000000000291,active,
1.0,1960.748,1961.063,1392.9000244140625,406.70001220703125,315.00000000005457,active,
1.0,1961.089,1961.802,1532.9000244140625,389.20001220703125,712.9999999999654,active,
1.0,1961.887,1962.079,534.0999755859375,318.6000061035156,192.00000000000728,active,
1.0,1962.087,1962.301,513.9000244140625,304.29998779296875,213.9999999999418,active,
1.0,1962.324,1962.675,556.4000244140625,215.1999969482422,350.9999999998854,active,
1.0,1962.801,1963.024,321.3999938964844,430.5,222.99999999995634,active,
1.0,1963.048,1963.866,271.3999938964844,513.5,817.9999999999836,active,
1.0,1964.011,1964.22,350.20001220703125,460.8999938964844,209.00000000006003,active,
1.0,1964.266,1964.574,702.5999755859375,464.29998779296875,307.9999999999927,active,
1.0,1964.599,1964.751,697.5999755859375,613.5,152.00000000004366,active,
1.0,1964.778,1965.141,569.9000244140625,740.5999755859375,363.0000000000564,active,
1.0,1965.183,1965.612,873.4000244140625,542.5999755859375,429.0000000000873,active,
1.0,1965.678,1965.893,1473.199951171875,875.7999877929688,214.99999999991815,active,
1.0,1965.914,1966.182,1532.699951171875,946.2000122070312,268.0000000000291,active,
1.0,1966.241,1966.316,968.4000244140625,681.5999755859375,75.00000000004547,active,
1.0,1966.494,1966.733,925.2999877929688,632.5,239.00000000003274,active,
1.0,1966.798,1967.144,1552.199951171875,959.2999877929688,346.00000000000364,active,
1.0,1967.211,1967.567,1118.800048828125,402.5,355.99999999999454,active,
1.0,1967.612,1967.806,805.5,497.3999938964844,193.99999999995998,active,
1.0,1967.851,1968.169,1184.300048828125,646.2000122070312,317.99999999998363,active,
1.0,1968.239,1968.469,637.0999755859375,327.70001220703125,230.0000000000182,active,
1.0,1968.495,1968.642,512.0,248.5,147.0000000001619,active,
1.0,1968.699,1968.96,263.3999938964844,512.7999877929688,260.99999999996726,active,
1.0,1968.988,1969.208,327.79998779296875,655.5999755859375,220.00000000002728,active,
1.0,1969.239,1969.455,445.1000061035156,807.5999755859375,215.9999999998945,active,
1.0,1969.499,1969.74,309.8999938964844,595.5,240.99999999998545,active,
1.0,1969.791,1969.998,684.4000244140625,369.8999938964844,207.00000000010732,active,
1.0,1970.039,1970.216,829.4000244140625,554.5,176.99999999990723,active,
1.0,1970.353,1970.861,821.2999877929688,523.9000244140625,508.0000000000382,active,
1.0,1970.883,1971.042,870.7000122070312,436.0,158.99999999987813,active,
1.0,1971.052,1971.216,842.2999877929688,431.79998779296875,163.99999999998727,active,
1.0,1971.253,1971.517,972.0,259.6000061035156,264.0000000001237,active,
1.0,1971.53,1971.762,934.0999755859375,259.0,231.9999999999709,active,
1.0,1971.783,1972.155,1014.7000122070312,272.3999938964844,372.00000000007094,active,
1.0,1972.165,1972.285,1044.199951171875,273.8999938964844,120.00000000011823,active,
1.0,1972.406,1972.542,1013.5,268.79998779296875,135.99999999996726,active,
1.0,1972.562,1973.032,960.0,267.8999938964844,470.0000000000273,active,
1.0,1973.052,1973.897,1031.699951171875,276.70001220703125,845.0000000000273,active,
1.0,1973.916,1974.303,976.5999755859375,271.3999938964844,387.000000000171,active,
1.0,1974.339,1974.57,1175.9000244140625,202.89999389648438,230.99999999999454,active,
1.0,1974.585,1975.003,1135.4000244140625,198.10000610351562,417.9999999998927,active,
1.0,1975.063,1975.199,1413.5,572.2999877929688,135.99999999996726,active,
1.0,1975.243,1975.406,1534.9000244140625,829.7999877929688,163.0000000000109,active,
1.0,1975.462,1975.679,946.7000122070312,708.0999755859375,217.00000000009823,active,
1.0,1975.699,1975.86,971.0,641.5999755859375,160.99999999983083,active,
1.0,1975.989,1976.228,972.5999755859375,638.7000122070312,239.00000000003274,active,
1.0,1976.239,1976.806,966.4000244140625,675.0,567.0000000000073,active,
1.0,1976.981,1977.4,951.9000244140625,662.7999877929688,419.0000000000964,active,
1.0,1977.416,1977.793,955.2999877929688,620.4000244140625,376.9999999999527,active,
1.0,1978.015,1978.179,953.9000244140625,590.0,163.99999999998727,active,
1.0,1978.213,1978.685,832.9000244140625,444.79998779296875,471.99999999998,active,
1.0,1978.888,1979.099,487.70001220703125,618.0999755859375,211.00000000001273,active,
1.0,1979.137,1979.449,773.2999877929688,716.4000244140625,312.0000000001255,active,
1.0,1979.516,1979.753,1303.199951171875,779.9000244140625,236.99999999985266,active,
1.0,1979.788,1979.954,1045.5,760.5,165.99999999993997,active,
1.0,1980.155,1980.343,1510.699951171875,851.9000244140625,188.00000000010186,active,
1.0,1980.407,1980.57,883.7000122070312,460.20001220703125,163.0000000000109,active,
1.0,1980.588,1981.202,836.9000244140625,437.1000061035156,614.0000000000327,active,
1.0,1981.254,1981.603,437.0,468.0,349.00000000016007,active,
1.0,1981.66,1982.117,854.7000122070312,499.70001220703125,456.99999999987995,active,
1.0,1982.13,1982.968,828.2000122070312,521.7000122070312,837.9999999999654,active,
1.0,1983.008,1983.198,641.7999877929688,386.1000061035156,190.00000000005457,active,
1.0,1983.213,1983.317,671.9000244140625,348.29998779296875,104.00000000004184,active,
1.0,1983.371,1983.756,598.7999877929688,676.5999755859375,384.9999999999909,active,
1.0,1983.801,1984.128,645.7999877929688,352.3999938964844,326.9999999999982,active,
1.0,1984.151,1984.387,575.5999755859375,271.3999938964844,235.9999999998763,active,
1.0,1984.437,1984.625,1042.0,465.3999938964844,188.00000000010186,active,
1.0,1984.667,1984.873,789.7000122070312,595.9000244140625,206.00000000013097,active,
1.0,1985.024,1985.214,1064.0999755859375,726.2000122070312,190.00000000005457,active,
1.0,1985.232,1985.514,1016.2000122070312,713.0,281.9999999999254,active,
1.0,1985.571,1985.978,645.5,390.1000061035156,407.0000000001528,active,
1.0,1986.209,1986.286,817.9000244140625,602.7000122070312,76.99999999999818,active,
1.0,1986.312,1986.489,928.2999877929688,676.9000244140625,177.0000000001346,active,
1.0,1986.511,1986.72,995.0,698.5,209.00000000006003,active,
1.0,1986.911,1987.303,578.7000122070312,299.79998779296875,392.00000000005275,active,
1.0,1987.356,1987.515,830.7000122070312,560.2000122070312,159.0000000001055,active,
1.0,1987.542,1987.794,964.0999755859375,703.2999877929688,252.00000000018008,active,
1.0,1987.842,1988.259,637.2000122070312,442.29998779296875,416.9999999999163,active,
1.0,1988.327,1988.63,1314.199951171875,617.7000122070312,303.00000000011096,active,
1.0,1988.666,1988.851,1540.0999755859375,720.5,185.0000000001728,active,
1.0,1988.931,1989.29,601.5,849.4000244140625,358.9999999999236,active,
1.0,1989.335,1989.673,623.9000244140625,634.5999755859375,337.99999999996544,active,
1.0,1989.709,1989.944,519.7999877929688,422.70001220703125,234.99999999989996,active,
1.0,1989.994,1990.278,785.5,335.1000061035156,284.0000000001055,active,
1.0,1990.301,1990.483,711.2000122070312,335.1000061035156,182.00000000001637,active,
1.0,1990.536,1990.604,842.5,502.6000061035156,67.99999999998363,active,
1.0,1990.645,1990.857,1106.800048828125,503.0,211.9999999999891,active,
1.0,1990.906,1991.192,708.0,467.70001220703125,286.0000000000582,active,
1.0,1991.345,1992.389,831.0,537.5999755859375,1043.999999999869,active,
1.0,1992.437,1992.679,466.70001220703125,497.79998779296875,242.00000000018917,active,
1.0,1992.811,1993.054,857.0,530.4000244140625,243.00000000016553,active,
1.0,1993.247,1993.693,828.2999877929688,590.2000122070312,445.9999999999127,active,
1.0,1993.729,1994.023,612.7999877929688,531.5999755859375,293.99999999986903,active,
1.0,1994.075,1994.439,1074.800048828125,546.7999877929688,364.00000000003274,active,
1.0,1994.492,1994.824,1472.199951171875,536.2000122070312,332.0000000001073,active,
1.0,1994.845,1995.092,1533.4000244140625,474.20001220703125,247.00000000007094,active,
1.0,1995.16,1995.482,736.5,530.5999755859375,321.99999999988904,active,
1.0,1995.526,1995.713,460.70001220703125,426.79998779296875,186.99999999989814,active,
1.0,1995.756,1995.954,792.7999877929688,534.4000244140625,197.9999999998654,active,
1.0,1995.992,1996.337,576.2000122070312,469.5,345.0000000000273,active,
1.0,1996.37,1996.53,803.9000244140625,527.7000122070312,160.00000000008185,active,
1.0,1996.682,1997.499,826.5,534.0999755859375,817.0000000000073,active,
1.0,1997.533,1998.218,801.7000122070312,368.6000061035156,685.0000000001728,active,
1.0,1998.253,1998.31,760.7000122070312,554.4000244140625,57.00000000001637,active,
1.0,1998.335,1998.584,810.2000122070312,684.2000122070312,249.00000000002365,active,
1.0,1998.801,1999.144,813.7999877929688,482.8999938964844,343.0000000000746,active,
1.0,1999.331,1999.423,802.7999877929688,362.0,92.00000000009823,active,
1.0,1999.633,1999.833,831.0999755859375,444.0,200.00000000004547,active,
1.0,2000.07,2000.211,820.7000122070312,464.20001220703125,141.0000000000764,active,
1.0,2000.657,2000.842,804.7999877929688,524.5,185.0000000001728,active,
1.0,2001.055,2001.134,835.4000244140625,372.79998779296875,78.99999999995089,active,
1.0,2001.52,2001.666,815.2999877929688,389.20001220703125,145.99999999995816,active,
1.0,2001.712,2001.828,700.2000122070312,622.5999755859375,115.99999999998545,active,
1.0,2001.872,2002.072,643.0999755859375,784.7999877929688,199.9999999998181,active,
1.0,2002.114,2002.364,490.70001220703125,830.9000244140625,250.0,active,
1.0,2002.394,2002.609,683.2999877929688,816.5999755859375,214.99999999991815,active,
1.0,2002.664,2003.002,1186.699951171875,871.2999877929688,337.99999999996544,active,
1.0,2003.03,2003.196,1341.0,877.4000244140625,165.99999999993997,active,
1.0,2003.239,2003.499,1421.4000244140625,643.2000122070312,259.9999999999909,active,
1.0,2003.568,2003.909,789.2999877929688,582.2999877929688,341.0000000001219,active,
1.0,2003.936,2004.379,768.2000122070312,418.0,442.99999999998363,active,
1.0,2004.56,2004.859,758.7000122070312,554.5999755859375,298.9999999999782,active,
1.0,2004.909,2005.074,482.29998779296875,452.5,164.99999999996362,active,
1.0,2005.117,2005.324,780.5999755859375,591.2999877929688,207.00000000010732,active,
1.0,2005.346,2006.078,706.5999755859375,583.7999877929688,731.9999999999709,active,
1.0,2006.098,2006.534,669.7000122070312,524.2000122070312,436.00000000014916,active,
1.0,2006.568,2006.894,511.0,510.5,326.0000000000218,active,
1.0,2006.937,2007.387,785.5999755859375,362.20001220703125,450.0000000000455,active,
1.0,2007.428,2007.769,820.4000244140625,562.2000122070312,340.9999999998945,active,
1.0,2007.924,2008.738,826.0999755859375,514.7999877929688,814.0000000000782,active,
1.0,2008.774,2009.059,625.2999877929688,525.4000244140625,285.00000000008185,active,
1.0,2009.191,2009.382,605.2000122070312,521.5,191.00000000003092,active,
1.0,2009.42,2009.723,784.2000122070312,664.7000122070312,302.9999999998836,active,
1.0,2009.749,2009.95,972.4000244140625,601.9000244140625,201.00000000002183,active,
1.0,2009.99,2010.361,1336.4000244140625,553.5999755859375,371.0000000000946,active,
1.0,2010.519,2010.775,1226.199951171875,688.9000244140625,256.0000000000855,active,
1.0,2010.847,2011.192,416.6000061035156,629.4000244140625,345.0000000000273,active,
1.0,2011.216,2011.485,318.29998779296875,562.9000244140625,269.00000000000546,active,
1.0,2011.513,2011.627,514.9000244140625,552.2999877929688,114.00000000003274,active,
1.0,2011.789,2011.981,655.0,480.70001220703125,192.00000000000728,active,
1.0,2011.998,2012.259,619.7999877929688,522.0999755859375,260.99999999996726,active,
1.0,2012.283,2012.486,653.0,418.79998779296875,203.0000000002019,active,
1.0,2012.53,2012.85,822.2999877929688,634.7999877929688,319.99999999993634,active,
1.0,2013.051,2013.26,909.2000122070312,578.2000122070312,209.00000000006003,active,
1.0,2013.304,2013.477,607.2999877929688,511.0,173.00000000000182,active,
1.0,2013.497,2013.652,634.2000122070312,427.0,154.99999999997272,active,
1.0,2013.676,2013.99,612.7999877929688,531.5,314.0000000000782,active,
1.0,2014.152,2014.311,662.7000122070312,397.29998779296875,158.99999999987813,active,
1.0,2014.321,2014.538,653.2000122070312,417.29998779296875,217.00000000009823,active,
1.0,2014.584,2014.873,410.5,579.2999877929688,288.99999999998727,active,
1.0,2014.889,2015.113,369.1000061035156,562.5,224.00000000016007,active,
1.0,2015.316,2015.545,860.2999877929688,697.4000244140625,229.00000000004184,active,
1.0,2015.584,2015.688,646.2999877929688,562.2000122070312,104.00000000004184,active,
1.0,2015.878,2015.996,600.0,532.9000244140625,118.00000000016553,active,
1.0,2016.003,2016.394,629.0999755859375,538.2999877929688,391.0000000000764,active,
1.0,2016.453,2016.702,1016.0,623.7999877929688,249.00000000002365,active,
1.0,2016.729,2016.902,1169.5,561.0,173.00000000000182,active,
1.0,2016.95,2017.172,701.2000122070312,547.4000244140625,221.99999999998,active,
1.0,2017.191,2017.396,626.5,530.0999755859375,204.99999999992724,active,
1.0,2017.418,2017.845,637.2999877929688,436.6000061035156,427.0000000001346,active,
1.0,2018.047,2018.309,883.5999755859375,651.2999877929688,261.9999999999436,active,
1.0,2018.326,2018.593,911.9000244140625,592.0999755859375,267.00000000005275,active,
1.0,2018.605,2018.781,947.0999755859375,571.5999755859375,175.99999999993088,active,
1.0,2018.79,2019.061,924.9000244140625,557.7999877929688,270.99999999995816,active,
1.0,2019.099,2019.258,938.0,722.7999877929688,159.0000000001055,active,
1.0,2019.303,2019.521,572.5,752.2999877929688,217.9999999998472,active,
1.0,2019.547,2019.753,446.29998779296875,843.0,205.9999999999036,active,
1.0,2019.779,2020.164,597.4000244140625,852.0999755859375,384.9999999999909,active,
1.0,2020.253,2020.413,1229.0999755859375,545.4000244140625,160.00000000008185,active,
1.0,2020.453,2020.929,1470.4000244140625,530.2999877929688,476.0000000001128,active,
1.0,2020.952,2021.143,1351.300048828125,527.7999877929688,191.00000000003092,active,
1.0,2021.228,2021.533,399.1000061035156,553.0999755859375,304.9999999998363,active,
1.0,2021.547,2021.691,358.3999938964844,548.4000244140625,144.00000000000546,active,
1.0,2021.727,2021.958,638.7000122070312,497.6000061035156,230.99999999999454,active,
1.0,2021.978,2022.187,602.7000122070312,538.7999877929688,208.99999999983265,active,
1.0,2022.214,2022.367,484.8999938964844,551.7000122070312,153.00000000002,active,
1.0,2022.394,2022.603,634.2999877929688,517.5,209.00000000006003,active,
1.0,2022.626,2022.82,647.2000122070312,404.29998779296875,193.99999999995998,active,
1.0,2022.872,2023.255,282.70001220703125,530.2000122070312,383.0000000000382,active,
1.0,2023.312,2023.529,882.7999877929688,670.7999877929688,217.00000000009823,active,
1.0,2023.773,2024.427,826.0999755859375,510.6000061035156,653.9999999999964,active,
1.0,2024.466,2024.696,632.0,587.7000122070312,230.0000000000182,active,
1.0,2024.719,2024.989,504.1000061035156,641.4000244140625,269.9999999999818,active,
1.0,2025.155,2025.496,1077.5999755859375,717.5999755859375,341.0000000001219,active,
1.0,2025.52,2025.761,1045.5999755859375,604.5999755859375,240.99999999998545,active,
1.0,2025.815,2026.118,669.7999877929688,420.8999938964844,302.9999999998836,active,
1.0,2026.304,2026.62,485.29998779296875,613.5999755859375,315.99999999980355,active,
1.0,2026.823,2027.196,793.5,488.3999938964844,372.9999999998199,active,
1.0,2027.247,2027.575,481.70001220703125,710.0,327.99999999997453,active,
1.0,2027.648,2027.898,1208.0999755859375,802.2999877929688,250.0,active,
1.0,2027.937,2028.151,1438.800048828125,778.7000122070312,214.00000000016917,active,
1.0,2028.215,2028.592,1320.199951171875,298.0,377.0000000001801,active,
1.0,2028.672,2028.978,527.7000122070312,506.20001220703125,306.00000000004,active,
1.0,2029.015,2029.16,779.2000122070312,494.6000061035156,144.9999999999818,active,
1.0,2029.45,2030.237,829.0,527.4000244140625,787.0000000000346,active,
1.0,2030.266,2030.639,1036.9000244140625,518.9000244140625,372.9999999998199,active,
1.0,2030.836,2031.002,639.2000122070312,490.1000061035156,165.99999999993997,active,
1.0,2031.044,2031.178,443.5,519.0999755859375,134.00000000001455,active,
1.0,2031.225,2031.54,915.7999877929688,490.1000061035156,315.00000000005457,active,
1.0,2031.563,2031.732,1029.300048828125,495.1000061035156,168.99999999986903,active,
1.0,2031.768,2032.056,953.2000122070312,628.4000244140625,288.0000000000109,active,
1.0,2032.221,2032.329,669.9000244140625,648.7999877929688,107.99999999994725,active,
1.0,2032.524,2032.748,662.9000244140625,575.0999755859375,224.00000000016007,active,
1.0,2032.778,2033.044,494.6000061035156,564.5999755859375,266.0000000000764,active,
1.0,2033.119,2033.431,1186.0999755859375,558.0,312.0000000001255,active,
1.0,2033.468,2033.519,1197.5,330.29998779296875,50.99999999993088,active,
1.0,2033.569,2033.661,1463.5999755859375,57.70000076293945,92.00000000009823,active,
1.0,2033.683,2034.379,1609.199951171875,23.899999618530273,695.9999999999127,active,
1.0,2034.399,2034.765,1558.0999755859375,94.30000305175781,366.0000000002128,active,
1.0,2034.772,2035.216,1579.0,110.80000305175781,443.99999999996,active,
1.0,2035.256,2035.566,1287.0,106.5,309.99999999994543,active,
1.0,2035.651,2035.81,331.5,128.89999389648438,158.99999999987813,active,
1.0,2035.843,2036.265,159.5,129.6999969482422,422.00000000002547,active,
1.0,2036.279,2036.648,140.3000030517578,119.5,368.9999999999145,active,
1.0,2036.763,2037.065,1259.4000244140625,418.20001220703125,302.0000000001346,active,
1.0,2037.104,2037.221,1009.2000122070312,445.79998779296875,116.9999999999618,active,
1.0,2037.358,2037.499,909.9000244140625,445.29998779296875,141.0000000000764,active,
1.0,2037.556,2037.857,1404.5999755859375,651.9000244140625,300.9999999999309,active,
1.0,2037.909,2038.067,978.4000244140625,533.0,157.99999999990177,active,
1.0,2038.202,2038.378,250.89999389648438,473.79998779296875,175.99999999993088,active,
1.0,2038.41,2038.671,126.80000305175781,413.0,260.99999999996726,active,
1.0,2038.739,2039.219,915.5,473.20001220703125,480.0000000000182,active,
1.0,2039.242,2039.415,998.0999755859375,497.79998779296875,173.00000000000182,active,
1.0,2039.575,2040.09,1027.0999755859375,472.79998779296875,514.9999999998727,active,
1.0,2040.13,2040.47,829.2999877929688,451.29998779296875,339.99999999991815,active,
1.0,2040.491,2040.807,709.9000244140625,430.70001220703125,316.0000000000309,active,
1.0,2041.081,2041.754,815.0999755859375,533.2999877929688,673.0000000000018,active,
1.0,2041.785,2041.891,838.5,344.79998779296875,105.99999999999454,active,
1.0,2041.908,2042.542,859.5,265.70001220703125,634.0000000000146,active,
1.0,2042.596,2042.893,422.70001220703125,311.79998779296875,297.00000000002547,active,
1.0,2042.92,2043.223,273.29998779296875,288.1000061035156,302.9999999998836,active,
1.0,2043.268,2043.39,618.2999877929688,289.70001220703125,122.00000000007094,active,
1.0,2043.465,2043.785,1395.9000244140625,184.1999969482422,320.0000000001637,active,
1.0,2043.812,2044.019,1449.9000244140625,365.8999938964844,207.00000000010732,active,
1.0,2044.064,2044.192,1313.4000244140625,559.9000244140625,127.99999999992906,active,
1.0,2044.246,2044.386,994.7000122070312,656.2999877929688,139.99999999987267,active,
1.0,2044.411,2044.738,878.0,544.2000122070312,326.9999999999982,active,
1.0,2044.752,2045.095,844.5999755859375,537.5,343.0000000000746,active,
1.0,2045.12,2045.434,867.7999877929688,398.70001220703125,314.0000000000782,active,
1.0,2045.449,2045.655,880.7999877929688,348.70001220703125,205.9999999999036,active,
1.0,2045.675,2046.156,881.5999755859375,272.79998779296875,480.99999999999454,active,
1.0,2046.203,2046.405,957.2999877929688,647.0,201.99999999999818,active,
1.0,2046.428,2046.803,860.0,557.7000122070312,375.0,active,
1.0,2046.814,2047.079,838.4000244140625,537.2000122070312,264.99999999987267,active,
1.0,2047.106,2047.416,843.2999877929688,381.29998779296875,309.99999999994543,active,
1.0,2047.436,2047.712,874.0,301.5,276.0000000000673,active,
1.0,2047.722,2048.042,866.7999877929688,270.8999938964844,319.99999999993634,active,
1.0,2048.128,2048.449,1087.699951171875,810.4000244140625,320.9999999999127,active,
1.0,2048.493,2048.724,740.4000244140625,838.0999755859375,231.00000000022192,active,
1.0,2048.776,2049.133,418.8999938964844,590.9000244140625,356.9999999999709,active,
1.0,2049.345,2049.431,922.2999877929688,522.2000122070312,86.0000000002401,active,
1.0,2049.455,2050.152,824.2999877929688,518.5,697.0000000001164,active,
1.0,2050.191,2050.467,655.7999877929688,719.0999755859375,276.0000000002947,active,
1.0,2050.519,2050.719,1021.7999877929688,759.0999755859375,200.00000000027285,active,
1.0,2050.765,2051.051,657.0,720.0,286.0000000000582,active,
1.0,2051.091,2051.562,431.70001220703125,640.5999755859375,471.00000000000364,active,
1.0,2051.597,2051.791,436.29998779296875,861.0,193.99999999995998,active,
1.0,2051.833,2052.184,719.4000244140625,869.5999755859375,351.0000000001128,active,
1.0,2052.216,2052.37,554.5,885.7999877929688,153.99999999999636,active,
1.0,2052.434,2052.764,759.5,369.79998779296875,329.99999999992724,active,
1.0,2052.825,2053.167,273.0,271.70001220703125,342.0000000000982,active,
1.0,2053.193,2053.564,138.6999969482422,346.29998779296875,370.99999999963984,active,
1.0,2053.705,2053.791,182.5,373.29998779296875,86.0000000002401,active,
1.0,2053.831,2054.241,422.70001220703125,303.0,409.9999999998545,active,
1.0,2054.265,2054.431,564.5999755859375,268.5,166.00000000016735,active,
1.0,2054.516,2054.785,1282.0999755859375,341.3999938964844,268.9999999997781,active,
1.0,2054.811,2055.025,1475.199951171875,344.5,213.9999999999418,active,
1.0,2055.037,2055.109,1469.5,302.6000061035156,72.00000000011642,active,
1.0,2055.252,2055.385,1460.0999755859375,287.8999938964844,133.00000000026557,active,
1.0,2055.412,2055.788,1476.800048828125,503.1000061035156,376.0000000002037,active,
1.0,2055.811,2055.908,1476.5,596.0999755859375,96.99999999975262,active,
1.0,2055.931,2056.289,1518.5,690.5,358.0000000001746,active,
1.0,2056.309,2056.599,1458.300048828125,673.5,289.9999999999636,active,
1.0,2056.66,2056.866,803.2999877929688,671.7999877929688,206.00000000013097,active,
1.0,2056.89,2057.263,718.7000122070312,705.0999755859375,373.0000000000473,active,
1.0,2057.428,2057.595,1053.199951171875,735.7000122070312,166.99999999991633,active,
1.0,2057.64,2057.918,1350.800048828125,726.5,278.0000000002474,active,
1.0,2057.941,2058.18,1311.300048828125,848.5,239.00000000003274,active,
1.0,2058.25,2058.518,537.0,803.7000122070312,268.0000000000291,active,
1.0,2058.557,2058.781,309.70001220703125,854.0999755859375,224.00000000016007,active,
1.0,2058.821,2059.264,633.7000122070312,869.7999877929688,443.000000000211,active,
1.0,2059.271,2059.567,662.0999755859375,859.0999755859375,295.99999999982174,active,
1.0,2059.757,2059.931,270.5,705.9000244140625,173.99999999997817,active,
1.0,2059.96,2060.213,126.0,605.0,253.00000000015643,active,
1.0,2060.258,2060.48,442.20001220703125,582.2000122070312,222.00000000020736,active,
1.0,2060.647,2060.814,823.0,590.2000122070312,166.99999999991633,active,
1.0,2060.857,2061.524,490.29998779296875,564.7000122070312,666.9999999999163,active,
1.0,2061.693,2061.967,1077.5999755859375,576.2000122070312,273.9999999998872,active,
1.0,2062.011,2062.21,918.5,380.0,199.00000000006912,active,
1.0,2062.235,2062.425,940.5999755859375,234.39999389648438,190.00000000005457,active,
1.0,2062.461,2062.709,1154.800048828125,203.39999389648438,248.0000000000473,active,
1.0,2062.717,2063.035,1135.0999755859375,195.1999969482422,317.99999999975626,active,
1.0,2063.085,2063.441,766.4000244140625,193.39999389648438,355.99999999976717,active,
1.0,2063.611,2063.978,1010.5999755859375,427.1000061035156,367.0000000001892,active,
1.0,2064.026,2064.467,1397.300048828125,536.4000244140625,441.0000000002583,active,
1.0,2064.645,2064.883,1359.9000244140625,485.20001220703125,237.99999999982901,active,
1.0,2064.91,2065.303,1515.300048828125,518.5999755859375,393.0000000000291,active,
1.0,2065.326,2065.403,1466.699951171875,627.0,76.99999999977081,active,
1.0,2065.428,2066.057,1541.5,703.2000122070312,628.9999999999054,active,
1.0,2066.124,2066.269,819.2000122070312,680.0999755859375,144.9999999999818,active,
1.0,2066.296,2066.55,678.5,692.7000122070312,254.00000000036016,active,
1.0,2066.607,2066.822,229.10000610351562,613.2999877929688,215.00000000014552,active,
1.0,2066.852,2067.093,153.10000610351562,469.29998779296875,240.99999999998545,active,
1.0,2067.114,2067.586,143.8000030517578,380.0,471.9999999997526,active,
1.0,2067.611,2067.91,207.39999389648438,193.10000610351562,298.9999999999782,active,
1.0,2067.958,2068.144,590.5999755859375,250.39999389648438,185.9999999996944,active,
1.0,2068.268,2068.6,455.0,330.29998779296875,331.99999999987995,active,
1.0,2068.636,2068.812,636.0999755859375,417.70001220703125,175.99999999993088,active,
1.0,2068.982,2069.187,782.7000122070312,456.29998779296875,204.99999999992724,active,
1.0,2069.229,2070.147,503.6000061035156,525.9000244140625,918.00000000012,active,
1.0,2070.185,2070.665,700.2000122070312,674.0,480.0000000000182,active,
1.0,2070.692,2071.165,863.7999877929688,857.2000122070312,472.99999999995634,active,
1.0,2071.19,2071.929,966.0,879.9000244140625,739.0000000000327,active,
1.0,2071.949,2072.37,908.5,886.0,420.99999999982174,active,
1.0,2072.43,2072.855,336.1000061035156,924.9000244140625,425.0000000001819,active,
1.0,2072.882,2073.219,433.1000061035156,752.2000122070312,336.9999999999891,active,
1.0,2073.245,2074.378,450.29998779296875,586.2999877929688,1133.0000000002656,active,
1.0,2074.461,2075.199,1358.9000244140625,720.9000244140625,738.0000000002838,active,
1.0,2075.257,2075.718,1446.699951171875,312.0,460.99999999978536,active,
1.0,2075.744,2076.081,1514.5999755859375,493.79998779296875,336.9999999999891,active,
1.0,2076.354,2076.52,1044.199951171875,969.4000244140625,166.00000000016735,active,
1.0,2076.544,2076.95,1215.4000244140625,932.5999755859375,405.99999999994907,active,
1.0,2076.999,2077.179,795.4000244140625,897.5,180.00000000029104,active,
1.0,2077.415,2077.719,94.0999984741211,761.5,304.0000000000873,active,
1.0,2077.735,2077.915,143.10000610351562,745.0999755859375,179.9999999998363,active,
1.0,2077.967,2078.17,139.10000610351562,412.8999938964844,202.99999999997453,active,
1.0,2078.184,2078.376,156.60000610351562,365.3999938964844,192.00000000000728,active,
1.0,2078.456,2078.7,999.7999877929688,379.6000061035156,243.99999999968713,active,
1.0,2078.753,2079.01,1444.300048828125,275.1000061035156,257.00000000006185,active,
1.0,2079.058,2079.551,1074.300048828125,442.6000061035156,492.99999999993815,active,
1.0,2079.774,2079.848,753.2999877929688,545.7000122070312,74.00000000006912,active,
1.0,2079.867,2080.645,812.2000122070312,518.2999877929688,777.9999999997926,active,
1.0,2080.668,2081.0,900.7000122070312,530.0,331.99999999987995,active,
1.0,2081.152,2081.562,599.7999877929688,544.2000122070312,409.9999999998545,active,
1.0,2081.625,2081.798,1278.9000244140625,578.2000122070312,172.99999999977445,active,
1.0,2081.836,2082.057,1327.699951171875,698.2999877929688,221.00000000000364,active,
1.0,2082.092,2082.26,1531.5,700.4000244140625,168.00000000012005,active,
1.0,2082.275,2082.347,1548.4000244140625,736.7000122070312,72.00000000011642,active,
1.0,2082.358,2082.45,1538.0,757.7999877929688,91.99999999964348,active,
1.0,2082.514,2082.698,860.7000122070312,484.8999938964844,183.9999999997417,active,
1.0,2082.719,2083.043,903.7999877929688,523.0999755859375,324.0000000000691,active,
1.0,2083.087,2083.36,1170.5999755859375,374.1000061035156,273.00000000013824,active,
1.0,2083.433,2083.759,404.6000061035156,441.20001220703125,326.0000000000218,active,
1.0,2083.796,2083.958,186.89999389648438,360.5,162.00000000026193,active,
1.0,2084.041,2084.202,914.5,684.2999877929688,161.0000000000582,active,
1.0,2084.229,2084.573,819.7000122070312,527.5999755859375,344.00000000005093,active,
1.0,2084.761,2085.289,815.2999877929688,528.9000244140625,528.0000000002474,active,
1.0,2085.326,2085.467,989.5999755859375,361.8999938964844,141.0000000000764,active,
1.0,2085.48,2085.925,947.9000244140625,351.0,445.0000000001637,active,
1.0,2085.965,2086.172,848.0999755859375,620.5,206.99999999987995,active,
1.0,2086.212,2086.847,601.0,651.4000244140625,635.0000000002183,active,
1.0,2087.012,2087.158,923.2999877929688,690.5,145.9999999997308,active,
1.0,2087.167,2088.03,902.0,698.2000122070312,863.0000000002838,active,
1.0,2088.041,2088.33,885.0999755859375,703.9000244140625,288.9999999997599,active,
1.0,2088.577,2089.148,906.2000122070312,700.5999755859375,570.9999999999127,active,
1.0,2089.208,2090.233,443.79998779296875,847.9000244140625,1025.000000000091,active,
1.0,2090.259,2090.591,597.7000122070312,667.2999877929688,331.99999999987995,active,
1.0,2090.629,2091.234,896.0,701.4000244140625,605.0000000000182,active,
1.0,2091.289,2091.515,1414.199951171875,475.70001220703125,225.99999999965803,active,
1.0,2091.548,2091.71,1405.199951171875,258.29998779296875,162.00000000026193,active,
1.0,2091.781,2092.282,620.2999877929688,188.10000610351562,501.0000000002037,active,
1.0,2092.336,2092.55,264.6000061035156,226.60000610351562,214.00000000039654,active,
1.0,2092.747,2093.332,1255.0999755859375,342.79998779296875,585.0000000000364,active,
1.0,2093.392,2093.839,717.7000122070312,250.0,447.0000000001164,active,
1.0,2093.903,2093.99,1258.699951171875,385.70001220703125,86.99999999998909,active,
1.0,2094.037,2094.394,984.4000244140625,346.5,356.9999999999709,active,
1.0,2094.422,2094.503,995.0,491.5,81.00000000013097,active,
1.0,2094.55,2094.923,1416.9000244140625,407.79998779296875,372.99999999959255,active,
1.0,2094.964,2095.156,1292.800048828125,527.2999877929688,192.00000000000728,active,
1.0,2095.243,2095.384,622.5,867.2999877929688,141.0000000000764,active,
1.0,2095.436,2095.616,299.3999938964844,751.0999755859375,179.9999999998363,active,
1.0,2095.679,2095.832,821.9000244140625,488.6000061035156,152.99999999979264,active,
1.0,2095.851,2096.076,782.5999755859375,522.7999877929688,224.99999999990905,active,
1.0,2096.086,2096.711,816.9000244140625,523.5999755859375,625.0,active,
1.0,2096.741,2097.045,986.2000122070312,650.2000122070312,304.0000000000873,active,
1.0,2097.172,2097.494,416.3999938964844,514.7000122070312,322.0000000001164,active,
1.0,2097.559,2097.843,1152.4000244140625,775.5,283.99999999965075,active,
1.0,2097.875,2098.292,1351.199951171875,828.4000244140625,416.9999999999163,active,
1.0,2098.359,2098.669,848.0,431.5,309.99999999994543,active,
1.0,2098.717,2098.88,830.0,220.39999389648438,163.0000000000109,active,
1.0,2098.927,2099.301,445.6000061035156,203.6999969482422,373.9999999997963,active,
1.0,2099.323,2099.568,342.29998779296875,176.1999969482422,245.0000000003456,active,
1.0,2099.597,2099.776,251.1999969482422,377.79998779296875,178.99999999963256,active,
1.0,2099.81,2100.08,447.5,482.1000061035156,269.9999999999818,active,
1.0,2100.218,2100.539,220.10000610351562,332.5,321.00000000036744,active,
1.0,2100.594,2100.825,550.0999755859375,605.4000244140625,230.99999999976717,active,
1.0,2100.861,2101.127,821.9000244140625,661.7000122070312,266.0000000000764,active,
1.0,2101.171,2101.278,1168.0,724.7999877929688,106.9999999999709,active,
1.0,2101.304,2101.409,1333.0999755859375,785.0999755859375,105.00000000001819,active,
1.0,2101.431,2101.57,1379.0999755859375,831.4000244140625,139.0000000001237,active,
1.0,2101.579,2101.76,1355.199951171875,833.5999755859375,181.00000000004002,active,
1.0,2101.798,2102.073,1082.9000244140625,810.7999877929688,275.00000000009095,active,
1.0,2102.091,2102.452,1039.5999755859375,831.5,361.00000000033106,active,
1.0,2102.64,2103.47,1052.0999755859375,824.9000244140625,829.9999999999272,active,
1.0,2103.51,2103.978,1347.5999755859375,827.7999877929688,467.9999999998472,active,
1.0,2104.174,2104.468,701.4000244140625,605.5999755859375,293.99999999986903,active,
1.0,2104.511,2104.901,1059.699951171875,638.5,389.99999999987267,active,
1.0,2104.918,2105.082,1115.4000244140625,630.5999755859375,163.9999999997599,active,
1.0,2105.097,2105.257,1077.699951171875,627.0999755859375,159.99999999985448,active,
1.0,2105.295,2105.68,1293.300048828125,720.7999877929688,384.99999999976353,active,
1.0,2106.378,2106.531,257.0,572.5999755859375,152.99999999979264,active,
1.0,2106.555,2106.894,280.70001220703125,645.5999755859375,338.9999999999418,active,
1.0,2106.958,2107.194,978.7999877929688,616.0999755859375,235.9999999998763,active,
1.0,2107.24,2107.522,1299.199951171875,524.9000244140625,282.0000000001528,active,
1.0,2107.659,2108.057,1480.5,440.8999938964844,397.9999999996835,active,
1.0,2108.115,2108.519,998.7999877929688,689.5999755859375,403.99999999999636,active,
1.0,2108.759,2109.187,679.2999877929688,692.5999755859375,427.9999999998836,active,
1.0,2109.234,2109.791,377.6000061035156,673.4000244140625,557.0000000002437,active,
1.0,2109.831,2110.118,691.7000122070312,681.9000244140625,286.9999999998072,active,
1.0,2110.157,2110.339,981.7000122070312,678.0999755859375,181.999999999789,active,
1.0,2110.506,2110.626,1035.300048828125,718.9000244140625,120.00000000034561,active,
1.0,2110.652,2110.874,1125.199951171875,829.0,221.99999999975262,active,
1.0,2110.897,2111.314,1020.2000122070312,828.2000122070312,416.9999999999163,active,
1.0,2111.379,2111.649,576.2999877929688,443.8999938964844,269.9999999999818,active,
1.0,2111.695,2111.845,290.29998779296875,378.8999938964844,149.9999999996362,active,
1.0,2111.992,2112.256,506.79998779296875,471.20001220703125,263.99999999966894,active,
1.0,2112.308,2112.604,236.89999389648438,323.6000061035156,295.99999999982174,active,
1.0,2112.637,2112.98,339.6000061035156,188.0,342.9999999998472,active,
1.0,2113.035,2113.281,849.0,204.8000030517578,246.0000000000946,active,
1.0,2113.34,2113.481,1321.0999755859375,266.0,141.0000000000764,active,
1.0,2113.65,2113.815,1406.800048828125,735.0999755859375,164.99999999996362,active,
1.0,2113.885,2114.247,515.9000244140625,788.5,361.9999999996253,active,
1.0,2114.285,2114.523,567.7999877929688,623.5,238.00000000028376,active,
1.0,2114.582,2114.706,1115.5999755859375,560.5999755859375,124.00000000025102,active,
1.0,2114.849,2115.195,1362.800048828125,496.0,346.00000000000364,active,
1.0,2115.225,2115.564,1519.199951171875,395.0,338.9999999999418,active,
1.0,2115.578,2115.736,1536.699951171875,354.29998779296875,157.99999999990177,active,
1.0,2115.794,2116.126,924.5999755859375,341.8999938964844,332.0000000003347,active,
1.0,2116.166,2116.287,1031.699951171875,259.5,120.99999999963984,active,
1.0,2116.313,2116.638,1203.5,205.6999969482422,324.9999999998181,active,
1.0,2116.718,2117.163,410.29998779296875,180.5,445.0000000001637,active,
1.0,2117.185,2117.581,290.8999938964844,159.39999389648438,396.00000000018554,active,
1.0,2117.591,2117.799,316.79998779296875,164.0,208.00000000008367,active,
1.0,2117.924,2118.059,292.70001220703125,155.1999969482422,135.00000000021828,active,
1.0,2118.1,2118.321,186.8000030517578,323.79998779296875,221.00000000000364,active,
1.0,2118.394,2118.697,927.2000122070312,326.0,303.00000000033833,active,
1.0,2118.735,2119.029,1026.800048828125,470.29998779296875,293.99999999986903,active,
1.0,2119.075,2119.406,703.4000244140625,517.9000244140625,331.00000000013097,active,
1.0,2119.455,2119.807,367.20001220703125,538.5999755859375,351.99999999986176,active,
1.0,2119.83,2119.953,265.0,510.79998779296875,123.0000000000473,active,
1.0,2120.07,2120.598,1209.699951171875,501.5,527.9999999997926,active,
1.0,2120.835,2121.15,1252.4000244140625,616.2000122070312,315.00000000005457,active,
1.0,2121.167,2121.392,1282.4000244140625,557.5999755859375,224.99999999990905,active,
1.0,2121.41,2121.523,1199.699951171875,538.2999877929688,113.00000000028376,active,
1.0,2121.596,2122.055,421.6000061035156,634.2000122070312,458.99999999983265,active,
1.0,2122.09,2122.29,262.8999938964844,703.7999877929688,199.9999999998181,active,
1.0,2122.363,2122.527,795.5,293.20001220703125,164.00000000021464,active,
1.0,2122.577,2122.78,1151.5,233.89999389648438,202.99999999997453,active,
1.0,2122.827,2123.399,1472.0,221.60000610351562,571.9999999996617,active,
1.0,2123.424,2123.706,1323.0,274.70001220703125,282.0000000001528,active,
1.0,2123.843,2123.89,1373.699951171875,205.5,47.000000000025466,active,
1.0,2123.945,2124.178,1441.800048828125,508.70001220703125,232.99999999971988,active,
1.0,2124.254,2124.488,517.5999755859375,545.0,233.9999999999236,active,
1.0,2124.513,2124.955,393.29998779296875,511.20001220703125,442.0000000000073,active,
1.0,2125.211,2125.288,752.0999755859375,515.2000122070312,77.00000000022555,active,
1.0,2125.311,2126.071,809.7999877929688,510.70001220703125,759.9999999997635,active,
1.0,2126.112,2126.502,563.5,376.0,389.99999999987267,active,
1.0,2126.541,2126.77,316.70001220703125,377.29998779296875,228.99999999981446,active,
1.0,2126.808,2127.175,544.4000244140625,229.39999389648438,367.0000000001892,active,
1.0,2127.253,2127.794,932.9000244140625,867.5999755859375,540.9999999997126,active,
1.0,2127.837,2128.236,1246.800048828125,726.0999755859375,398.9999999998872,active,
1.0,2128.403,2128.807,1219.0999755859375,739.5999755859375,403.99999999999636,active,
1.0,2128.823,2129.075,1209.699951171875,786.0999755859375,251.9999999999527,active,
1.0,2129.091,2129.48,1253.5,785.0,389.0000000001237,active,
1.0,2129.489,2130.047,1245.699951171875,771.0999755859375,557.9999999999927,active,
1.0,2130.203,2130.648,1242.800048828125,749.5999755859375,445.0000000001637,active,
1.0,2130.659,2130.898,1256.699951171875,772.9000244140625,239.00000000003274,active,
1.0,2130.943,2131.419,905.5,703.7000122070312,475.99999999965803,active,
1.0,2131.436,2132.007,887.2000122070312,752.5,570.9999999999127,active,
1.0,2132.042,2132.295,732.5999755859375,755.7999877929688,253.00000000015643,active,
1.0,2132.339,2132.743,580.0,533.7000122070312,403.99999999999636,active,
1.0,2132.791,2133.179,266.29998779296875,631.7999877929688,387.99999999991996,active,
1.0,2133.226,2133.443,185.5,814.5999755859375,217.00000000009823,active,
1.0,2133.576,2133.843,683.9000244140625,311.8999938964844,266.9999999998254,active,
1.0,2133.869,2134.541,544.0,228.3000030517578,672.0000000000255,active,
1.0,2134.689,2134.921,726.9000244140625,227.3000030517578,231.9999999999709,active,
1.0,2134.951,2135.273,569.9000244140625,216.1999969482422,322.0000000001164,active,
1.0,2135.312,2135.593,857.0999755859375,274.6000061035156,280.99999999994907,active,
1.0,2135.646,2135.869,778.5,541.5999755859375,222.99999999995634,active,
1.0,2136.034,2136.562,590.2000122070312,621.0,527.9999999997926,active,
1.0,2136.598,2137.014,412.29998779296875,713.5999755859375,416.00000000016735,active,
1.0,2137.043,2137.34,340.3999938964844,478.8999938964844,297.00000000002547,active,
1.0,2137.387,2137.708,750.0,530.9000244140625,320.9999999999127,active,
1.0,2137.745,2138.238,603.7000122070312,688.9000244140625,492.99999999993815,active,
1.0,2138.317,2138.538,1241.5999755859375,558.4000244140625,221.00000000000364,active,
1.0,2138.602,2138.936,638.0,361.8999938964844,334.0000000002874,active,
1.0,2138.983,2139.124,838.0,545.2999877929688,140.99999999962165,active,
1.0,2139.307,2139.419,777.2999877929688,498.20001220703125,112.00000000008004,active,
1.0,2139.429,2139.803,806.2000122070312,505.3999938964844,373.9999999997963,active,
1.0,2139.845,2140.118,642.7999877929688,272.1000061035156,273.00000000013824,active,
1.0,2140.133,2140.282,606.7999877929688,245.1999969482422,149.00000000034197,active,
1.0,2140.34,2140.559,478.29998779296875,571.0,219.00000000005093,active,
1.0,2140.584,2140.914,441.3999938964844,625.7999877929688,330.000000000382,active,
1.0,2141.087,2141.149,414.0,638.2000122070312,61.99999999989814,active,
1.0,2141.173,2141.417,538.9000244140625,701.0999755859375,244.00000000014188,active,
1.0,2141.471,2141.71,854.0999755859375,589.5,239.00000000003274,active,
1.0,2141.734,2142.031,1021.0999755859375,583.9000244140625,297.00000000002547,active,
1.0,2142.085,2142.504,548.7999877929688,607.5,418.99999999986903,active,
1.0,2142.556,2142.77,615.7000122070312,280.79998779296875,213.9999999999418,active,
1.0,2142.791,2142.942,633.5,205.89999389648438,150.99999999983993,active,
1.0,2143.03,2143.237,1416.0999755859375,365.29998779296875,206.99999999987995,active,
1.0,2143.282,2143.465,1160.800048828125,542.5,182.99999999999272,active,
1.0,2143.518,2143.772,697.7999877929688,494.20001220703125,253.9999999999054,active,
1.0,2143.924,2144.035,792.2000122070312,500.20001220703125,110.99999999987631,active,
1.0,2144.046,2144.714,823.7000122070312,509.0,668.00000000012,active,
1.0,2144.748,2144.981,650.5,560.0,233.00000000017462,active,
1.0,2145.024,2145.176,968.0,570.0999755859375,152.00000000004366,active,
1.0,2145.231,2145.465,583.7999877929688,559.5,233.9999999999236,active,
1.0,2145.662,2145.973,466.5,552.7000122070312,311.00000000014916,active,
1.0,2146.015,2146.167,764.0999755859375,559.7999877929688,152.00000000004366,active,
1.0,2146.206,2146.477,744.5,356.6000061035156,270.9999999997308,active,
1.0,2146.522,2146.678,944.2000122070312,564.0,155.99999999994907,active,
1.0,2146.718,2147.009,671.7000122070312,531.2000122070312,291.00000000016735,active,
1.0,2147.171,2147.265,742.2000122070312,504.6000061035156,94.00000000005093,active,
1.0,2147.281,2147.836,797.5999755859375,507.20001220703125,554.9999999998363,active,
1.0,2147.861,2147.953,928.0,480.6000061035156,92.00000000009823,active,
1.0,2147.971,2148.204,909.0,424.1000061035156,233.00000000017462,active,
1.0,2148.22,2148.726,858.2999877929688,419.1000061035156,506.00000000031287,active,
1.0,2148.841,2149.029,856.9000244140625,421.20001220703125,188.00000000010186,active,
1.0,2149.065,2149.299,1048.199951171875,673.4000244140625,233.9999999999236,active,
1.0,2149.321,2149.619,1152.199951171875,683.7999877929688,298.0000000002292,active,
1.0,2149.634,2149.733,1106.0,685.7999877929688,99.00000000016007,active,
1.0,2149.777,2150.164,928.0999755859375,437.20001220703125,387.000000000171,active,
1.0,2150.185,2150.795,859.7999877929688,421.1000061035156,610.0000000001273,active,
1.0,2150.849,2150.966,683.7999877929688,712.2999877929688,116.99999999973443,active,
1.0,2151.01,2151.313,393.8999938964844,773.4000244140625,302.9999999998836,active,
1.0,2151.394,2151.621,1422.0999755859375,765.9000244140625,227.0000000003165,active,
1.0,2151.672,2151.839,996.5999755859375,600.0999755859375,166.99999999991633,active,
1.0,2151.874,2152.226,882.7000122070312,424.1000061035156,352.0000000003165,active,
1.0,2152.239,2152.414,856.7999877929688,426.1000061035156,175.0000000001819,active,
1.0,2152.558,2153.004,884.7000122070312,426.5,445.9999999999127,active,
1.0,2153.012,2154.048,925.5999755859375,427.1000061035156,1035.9999999996035,active,
1.0,2154.069,2154.427,887.9000244140625,438.29998779296875,358.0000000001746,active,
1.0,2154.438,2154.824,911.7000122070312,433.5,385.99999999996726,active,
1.0,2154.837,2155.54,883.2000122070312,427.3999938964844,702.9999999999745,active,
1.0,2155.564,2155.699,940.0999755859375,435.8999938964844,135.00000000021828,active,
1.0,2155.707,2156.183,923.9000244140625,436.1000061035156,476.0000000001128,active,
1.0,2156.286,2156.798,899.0,433.0,511.99999999971624,active,
1.0,2156.808,2157.157,932.2999877929688,439.79998779296875,349.00000000016007,active,
1.0,2157.171,2157.524,911.0,401.20001220703125,353.0000000000655,active,
1.0,2157.533,2157.957,895.0,409.6000061035156,423.9999999999782,active,
1.0,2157.975,2158.69,962.4000244140625,412.20001220703125,715.0000000001455,active,
1.0,2158.801,2159.029,910.0,408.70001220703125,228.00000000006548,active,
1.0,2159.039,2159.26,885.2000122070312,410.6000061035156,221.00000000000364,active,
1.0,2159.269,2159.642,865.2999877929688,414.20001220703125,373.0000000000473,active,
1.0,2159.66,2160.431,901.5,420.1000061035156,771.0000000001855,active,
1.0,2160.442,2161.87,918.5999755859375,421.70001220703125,1427.9999999998836,active,
1.0,2161.91,2162.059,919.2000122070312,412.1000061035156,149.00000000034197,active,
1.0,2162.075,2162.305,878.2999877929688,409.6000061035156,230.0000000000182,active,
1.0,2162.316,2163.053,862.2999877929688,404.20001220703125,737.00000000008,active,
1.0,2163.07,2163.582,912.0999755859375,407.1000061035156,511.99999999971624,active,
1.0,2163.592,2163.978,885.2999877929688,404.8999938964844,385.99999999996726,active,
1.0,2164.235,2164.372,1278.800048828125,721.7000122070312,136.99999999971624,active,
1.0,2164.4,2164.717,1094.9000244140625,687.7000122070312,317.0000000000073,active,
1.0,2164.764,2164.925,1451.699951171875,743.7999877929688,161.0000000000582,active,
1.0,2164.972,2165.157,1060.4000244140625,689.9000244140625,184.99999999994543,active,
1.0,2165.235,2165.501,360.70001220703125,586.5,266.0000000000764,active,
1.0,2165.528,2165.738,297.8999938964844,767.4000244140625,210.00000000003638,active,
1.0,2165.833,2166.084,1401.5999755859375,763.9000244140625,250.99999999974898,active,
1.0,2166.126,2166.367,1093.0999755859375,692.5999755859375,240.99999999998545,active,
1.0,2166.399,2166.836,918.9000244140625,675.5,436.99999999989814,active,
1.0,2166.871,2167.124,745.7000122070312,672.4000244140625,252.99999999970169,active,
1.0,2167.187,2167.5,1241.5,689.5999755859375,313.00000000010186,active,
1.0,2167.645,2167.985,891.2000122070312,640.7000122070312,340.0000000001455,active,
1.0,2168.022,2168.127,898.2000122070312,481.0,105.00000000001819,active,
1.0,2168.331,2168.609,1331.0999755859375,661.9000244140625,277.99999999979264,active,
1.0,2168.645,2168.868,1310.300048828125,465.20001220703125,222.99999999995634,active,
1.0,2168.923,2169.359,1431.5999755859375,753.4000244140625,436.00000000014916,active,
1.0,2169.372,2169.53,1417.0,785.5,158.00000000035652,active,
1.0,2169.614,2169.82,407.0,725.5,206.00000000013097,active,
1.0,2169.868,2170.092,306.5,453.79998779296875,224.00000000016007,active,
1.0,2170.101,2171.387,798.4000244140625,511.1000061035156,1286.0000000000582,,
1.0,2171.394,2171.76,791.7999877929688,513.9000244140625,366.0000000004402,active,
1.0,2171.876,2172.117,435.20001220703125,466.20001220703125,240.99999999998545,active,
1.0,2172.165,2172.308,888.7000122070312,417.1000061035156,143.0000000000291,active,
1.0,2172.342,2172.568,793.5999755859375,236.8000030517578,226.00000000011278,active,
1.0,2172.601,2172.786,767.9000244140625,442.0,184.99999999994543,active,
1.0,2172.831,2173.11,924.4000244140625,796.5999755859375,278.99999999999636,active,
1.0,2173.175,2173.446,817.4000244140625,244.3000030517578,270.9999999997308,active,
1.0,2173.499,2173.632,466.0,199.8000030517578,133.00000000026557,active,
1.0,2173.683,2174.005,844.0,453.70001220703125,322.0000000001164,active,
1.0,2174.049,2174.273,526.2999877929688,722.9000244140625,224.00000000016007,active,
1.0,2174.342,2174.513,913.5,371.3999938964844,170.99999999982174,active,
1.0,2174.537,2175.023,815.4000244140625,297.29998779296875,486.00000000033106,active,
1.0,2175.165,2176.022,791.5,528.9000244140625,856.9999999999709,active,
1.0,2176.063,2176.319,667.2000122070312,388.6000061035156,255.99999999985812,active,
1.0,2176.364,2176.571,604.5,615.0999755859375,206.99999999987995,active,
1.0,2176.597,2176.895,760.2000122070312,715.4000244140625,297.99999999977445,active,
1.0,2176.94,2177.053,1008.2999877929688,796.7999877929688,112.99999999982901,active,
1.0,2177.095,2177.298,1277.4000244140625,831.5,202.99999999997453,active,
1.0,2177.338,2177.478,1514.0999755859375,835.7000122070312,139.99999999987267,active,
1.0,2177.548,2177.735,889.2999877929688,372.0,187.00000000035288,active,
1.0,2177.773,2178.03,653.4000244140625,430.1000061035156,257.00000000006185,active,
1.0,2178.073,2178.325,391.1000061035156,413.0,251.9999999999527,active,
1.0,2178.37,2178.459,748.0999755859375,474.8999938964844,88.99999999994179,active,
1.0,2178.488,2178.705,912.2000122070312,572.0,217.00000000009823,active,
1.0,2178.744,2179.144,723.2000122070312,479.20001220703125,399.9999999996362,active,
1.0,2179.284,2179.697,794.0,522.0,413.0000000000109,active,
1.0,2179.711,2179.916,758.0,499.20001220703125,205.000000000382,active,
1.0,2179.961,2180.095,1031.9000244140625,343.8999938964844,134.00000000001455,active,
1.0,2180.111,2180.364,1044.4000244140625,303.1000061035156,253.00000000015643,active,
1.0,2180.418,2180.714,932.2000122070312,601.0999755859375,295.99999999982174,active,
1.0,2180.763,2180.811,600.4000244140625,798.7000122070312,48.00000000022919,active,
1.0,2180.863,2181.19,958.5999755859375,904.5,327.00000000022555,active,
1.0,2181.252,2181.44,357.79998779296875,885.5,188.00000000010186,active,
1.0,2181.466,2181.645,279.8999938964844,763.5,179.0000000000873,active,
1.0,2181.721,2181.875,1066.5,430.8999938964844,153.99999999999636,active,
1.0,2181.931,2182.116,1507.699951171875,471.0,184.99999999994543,active,
1.0,2182.151,2182.32,1459.300048828125,256.1000061035156,169.00000000032378,active,
1.0,2182.381,2182.585,800.2999877929688,353.29998779296875,204.00000000017826,active,
1.0,2182.609,2182.913,684.7999877929688,404.70001220703125,304.0000000000873,active,
1.0,2182.943,2183.071,819.9000244140625,531.0,127.99999999970169,active,
1.0,2183.225,2183.979,827.7000122070312,524.5999755859375,753.9999999999054,active,
1.0,2184.009,2184.213,736.9000244140625,459.6000061035156,204.00000000017826,active,
1.0,2184.248,2184.502,893.5,416.3999938964844,253.9999999999054,active,
1.0,2184.53,2184.848,733.0,594.9000244140625,317.99999999975626,active,
1.0,2184.872,2185.028,703.2000122070312,690.9000244140625,155.99999999994907,active,
1.0,2185.072,2185.449,897.5,556.2000122070312,376.9999999999527,active,
1.0,2185.474,2185.734,774.0,496.3999938964844,259.99999999976353,active,
1.0,2185.753,2186.171,736.2000122070312,512.7000122070312,417.9999999996653,active,
1.0,2186.188,2186.474,695.7000122070312,521.2000122070312,286.0000000000582,active,
1.0,2186.516,2186.803,852.7000122070312,318.0,286.9999999998072,active,
1.0,2186.847,2187.063,577.2000122070312,375.1000061035156,215.9999999998945,active,
1.0,2187.106,2187.36,739.9000244140625,229.1999969482422,253.9999999999054,active,
1.0,2187.406,2187.696,1019.2999877929688,394.0,289.9999999999636,active,
1.0,2187.746,2187.967,792.2000122070312,615.5,221.00000000000364,active,
1.0,2187.994,2188.319,688.0999755859375,687.9000244140625,324.9999999998181,active,
1.0,2188.366,2188.554,734.7999877929688,525.5,188.00000000010186,active,
1.0,2188.595,2188.845,502.0,478.1000061035156,250.0,active,
1.0,2188.902,2189.242,868.5999755859375,637.2999877929688,340.0000000001455,active,
1.0,2189.284,2189.59,1104.0999755859375,590.5999755859375,306.00000000004,active,
1.0,2189.636,2189.888,1375.5,789.2000122070312,251.9999999999527,active,
1.0,2189.935,2190.217,1088.5,561.4000244140625,282.0000000001528,active,
1.0,2190.271,2190.46,1363.5999755859375,752.7000122070312,188.99999999985084,active,
1.0,2190.505,2190.754,1034.5999755859375,548.4000244140625,248.99999999979627,active,
1.0,2190.796,2191.645,758.7999877929688,520.5,849.0000000001601,active,
1.0,2191.688,2192.093,469.6000061035156,533.9000244140625,404.99999999974534,active,
1.0,2192.115,2192.275,383.8999938964844,523.9000244140625,160.00000000030923,active,
1.0,2192.315,2192.572,647.7000122070312,484.70001220703125,257.00000000006185,active,
1.0,2192.6,2192.898,565.7999877929688,476.6000061035156,298.0000000002292,active,
1.0,2192.942,2193.417,877.0999755859375,443.8999938964844,474.99999999990905,active,
1.0,2193.443,2193.581,769.9000244140625,423.3999938964844,137.99999999991996,active,
1.0,2193.604,2193.817,857.7000122070312,409.20001220703125,213.0000000001928,active,
1.0,2193.86,2194.2,588.0,496.20001220703125,339.9999999996908,active,
1.0,2194.215,2194.45,629.2000122070312,515.7000122070312,234.99999999967258,active,
1.0,2194.588,2194.752,1064.300048828125,504.0,163.9999999997599,active,
1.0,2194.775,2194.874,1156.4000244140625,507.8999938964844,98.99999999970532,active,
1.0,2195.074,2195.175,861.9000244140625,414.3999938964844,101.00000000011278,active,
1.0,2195.23,2195.464,740.2999877929688,764.7000122070312,233.9999999999236,active,
1.0,2195.486,2195.815,659.5999755859375,710.0,329.00000000017826,active,
1.0,2195.845,2196.175,885.2999877929688,694.5,330.000000000382,active,
1.0,2196.198,2196.439,970.4000244140625,741.7999877929688,240.99999999998545,active,
1.0,2196.491,2196.66,941.7999877929688,381.1000061035156,168.99999999986903,active,
1.0,2196.695,2196.999,848.0,211.8000030517578,303.99999999963256,active,
1.0,2197.039,2197.202,621.2000122070312,180.1999969482422,163.0000000000109,active,
1.0,2197.228,2197.353,672.9000244140625,330.3999938964844,125.0,active,
1.0,2197.507,2197.797,880.5999755859375,491.8999938964844,289.9999999999636,active,
1.0,2197.834,2198.004,662.0,519.0999755859375,170.00000000007276,active,
1.0,2198.03,2198.23,755.0999755859375,595.0999755859375,199.9999999998181,active,
1.0,2198.266,2198.456,977.7999877929688,593.7000122070312,190.00000000005457,active,
1.0,2198.482,2198.798,1152.199951171875,600.2000122070312,315.99999999980355,active,
1.0,2198.941,2199.319,1166.0,555.4000244140625,378.00000000015643,active,
1.0,2199.375,2199.651,1369.300048828125,748.0,275.99999999983993,active,
1.0,2199.672,2199.836,1305.199951171875,759.0,163.9999999997599,active,
1.0,2199.891,2200.323,851.7000122070312,523.5,431.999999999789,active,
1.0,2200.341,2201.296,796.0999755859375,516.9000244140625,954.9999999999272,active,
1.0,2201.342,2201.655,519.4000244140625,351.79998779296875,313.00000000010186,active,
1.0,2201.698,2201.95,905.0999755859375,414.5,251.9999999999527,active,
1.0,2201.969,2202.116,851.9000244140625,393.8999938964844,146.99999999993452,active,
1.0,2202.168,2202.452,1378.5999755859375,438.29998779296875,284.0000000001055,active,
1.0,2202.495,2202.626,1372.4000244140625,679.5999755859375,131.00000000031287,active,
1.0,2202.674,2203.036,931.4000244140625,674.9000244140625,362.00000000008004,active,
1.0,2203.048,2203.307,961.2000122070312,658.0999755859375,259.00000000001455,active,
1.0,2203.461,2203.723,384.20001220703125,767.4000244140625,262.000000000171,active,
1.0,2203.778,2203.902,324.6000061035156,424.29998779296875,124.00000000025102,active,
1.0,2203.94,2204.219,517.7000122070312,323.20001220703125,278.99999999999636,active,
1.0,2204.404,2204.642,606.0,372.0,237.99999999982901,active,
1.0,2204.653,2204.903,639.0,353.79998779296875,250.0,active,
1.0,2204.923,2205.21,707.0,360.29998779296875,287.00000000026193,active,
1.0,2205.25,2205.472,983.0999755859375,417.5,222.00000000020736,active,
1.0,2205.61,2205.748,876.5999755859375,387.5,137.99999999991996,active,
1.0,2205.792,2206.04,1044.5,650.7000122070312,248.0000000000473,active,
1.0,2206.07,2206.268,907.0,647.0,197.9999999998654,active,
1.0,2206.329,2206.522,460.3999938964844,380.29998779296875,192.99999999975626,active,
1.0,2206.552,2206.826,313.1000061035156,420.6000061035156,273.9999999998872,active,
1.0,2206.85,2207.163,246.89999389648438,554.5999755859375,313.00000000010186,active,
1.0,2207.252,2207.562,1377.800048828125,783.5,309.99999999994543,active,
1.0,2207.73,2207.902,1087.5999755859375,868.2000122070312,172.00000000002547,active,
1.0,2207.935,2208.078,883.7999877929688,852.4000244140625,143.0000000000291,active,
1.0,2208.221,2208.647,1381.300048828125,445.1000061035156,425.9999999999309,active,
1.0,2208.712,2209.128,701.7999877929688,392.3999938964844,416.00000000016735,active,
1.0,2209.285,2209.404,785.9000244140625,491.1000061035156,119.00000000014188,active,
1.0,2209.411,2210.039,805.4000244140625,501.3999938964844,628.0000000001564,active,
1.0,2210.081,2210.214,927.5999755859375,250.1999969482422,132.99999999981083,active,
1.0,2210.235,2210.594,957.4000244140625,242.3000030517578,358.9999999999236,active,
1.0,2210.686,2211.157,934.0,246.89999389648438,471.00000000000364,active,
1.0,2211.173,2211.454,968.7000122070312,239.8000030517578,281.0000000004038,active,
1.0,2211.482,2211.649,845.9000244140625,379.29998779296875,166.99999999991633,active,
1.0,2211.672,2211.852,925.7999877929688,435.20001220703125,179.9999999998363,active,
1.0,2211.885,2212.144,1109.5999755859375,448.0,258.9999999995598,active,
1.0,2212.16,2212.583,1065.699951171875,427.29998779296875,423.0000000002292,active,
1.0,2212.612,2212.838,899.7000122070312,479.70001220703125,226.00000000011278,active,
1.0,2212.878,2213.007,1121.9000244140625,465.70001220703125,128.9999999999054,active,
1.0,2213.164,2213.318,1053.5999755859375,419.8999938964844,153.99999999999636,active,
1.0,2213.349,2213.784,875.9000244140625,499.6000061035156,434.99999999994543,active,
1.0,2213.794,2214.11,852.4000244140625,511.3999938964844,316.0000000002583,active,
1.0,2214.131,2214.224,914.2000122070312,514.0,93.00000000030195,active,
1.0,2214.248,2214.354,1045.0999755859375,498.8999938964844,105.99999999976717,active,
1.0,2214.372,2214.498,1115.699951171875,473.70001220703125,126.00000000020373,active,
1.0,2214.52,2215.105,1058.5999755859375,422.70001220703125,585.0000000000364,active,
1.0,2215.112,2215.988,1073.699951171875,434.5,875.999999999749,active,
1.0,2216.044,2216.397,846.7000122070312,709.7000122070312,353.0000000000655,active,
1.0,2216.613,2216.981,632.0999755859375,853.7000122070312,368.0000000003929,active,
1.0,2217.044,2217.258,239.3000030517578,519.4000244140625,213.9999999999418,active,
1.0,2217.279,2217.455,212.3000030517578,441.5,175.99999999993088,active,
1.0,2217.492,2217.731,470.6000061035156,424.3999938964844,239.00000000003274,active,
1.0,2217.768,2217.934,562.9000244140625,251.1999969482422,166.00000000016735,active,
1.0,2217.992,2218.144,1157.5,245.6999969482422,151.9999999995889,active,
1.0,2218.182,2218.301,899.5,259.6000061035156,119.00000000014188,active,
1.0,2218.35,2218.547,741.0,508.8999938964844,197.00000000011642,active,
1.0,2218.571,2218.856,869.2000122070312,434.70001220703125,285.0000000003092,active,
1.0,2218.88,2219.211,901.7999877929688,317.6000061035156,330.9999999996762,active,
1.0,2219.339,2219.53,897.2999877929688,304.0,191.0000000002583,active,
1.0,2219.591,2219.839,864.5,693.2999877929688,248.0000000000473,active,
1.0,2219.861,2220.11,795.7000122070312,715.4000244140625,249.00000000025102,active,
1.0,2220.128,2220.349,764.2000122070312,687.5,221.00000000000364,active,
1.0,2220.392,2220.822,798.7999877929688,414.3999938964844,430.00000000029104,active,
1.0,2220.843,2221.055,877.9000244140625,405.3999938964844,211.9999999999891,active,
1.0,2221.078,2221.468,847.9000244140625,304.1000061035156,389.99999999987267,active,
1.0,2221.482,2221.81,878.9000244140625,262.0,327.99999999997453,active,
1.0,2221.954,2222.1,927.7000122070312,237.5,145.9999999997308,active,
1.0,2222.111,2222.918,959.5,245.5,807.0000000002437,active,
1.0,2222.941,2223.683,966.9000244140625,180.5,742.0000000001892,active,
1.0,2223.702,2223.884,960.0,251.1999969482422,181.999999999789,active,
1.0,2223.897,2224.267,958.0999755859375,291.1000061035156,369.99999999989086,active,
1.0,2224.278,2224.84,966.7999877929688,246.6999969482422,562.0000000003529,active,
1.0,2224.892,2225.41,860.0999755859375,475.8999938964844,518.0000000000291,active,
1.0,2225.42,2225.594,882.2000122070312,485.1000061035156,173.99999999997817,active,
1.0,2225.721,2225.892,847.0999755859375,487.8999938964844,170.99999999982174,active,
1.0,2225.905,2226.078,890.5,482.79998779296875,172.99999999977445,active,
1.0,2226.119,2226.442,853.5,690.9000244140625,322.9999999998654,active,
1.0,2226.462,2226.722,838.5,758.5,260.0000000002183,active,
1.0,2226.754,2227.031,842.2000122070312,872.0,277.00000000004366,active,
1.0,2227.055,2227.223,838.0999755859375,759.2000122070312,168.00000000012005,active,
1.0,2227.259,2227.51,851.4000244140625,932.7999877929688,251.00000000020373,active,
1.0,2227.519,2228.037,840.5,917.2999877929688,518.0000000000291,active,
1.0,2228.093,2228.308,844.2999877929688,578.0999755859375,215.00000000014552,active,
1.0,2228.463,2228.915,844.0,604.5,451.9999999997708,active,
1.0,2228.933,2229.032,807.2999877929688,612.0999755859375,99.00000000016007,active,
1.0,2229.055,2229.319,735.0999755859375,598.7999877929688,264.0000000001237,active,
1.0,2229.362,2229.66,831.0999755859375,382.0,297.99999999977445,active,
1.0,2229.681,2229.848,895.9000244140625,372.6000061035156,166.99999999991633,active,
1.0,2229.991,2230.706,912.2999877929688,331.20001220703125,715.0000000001455,active,
1.0,2230.721,2230.835,893.5999755859375,373.6000061035156,114.00000000003274,active,
1.0,2230.877,2231.141,888.7000122070312,606.5999755859375,264.0000000001237,active,
1.0,2231.16,2231.425,952.5999755859375,597.4000244140625,265.0000000003274,active,
1.0,2231.433,2231.585,976.2999877929688,579.0999755859375,152.00000000004366,active,
1.0,2231.632,2232.098,626.0999755859375,568.2000122070312,465.9999999998945,active,
1.0,2232.13,2232.42,473.29998779296875,563.2000122070312,289.9999999999636,active,
1.0,2232.467,2232.914,420.79998779296875,828.0999755859375,447.0000000001164,active,
1.0,2232.957,2233.185,763.0,894.2999877929688,228.00000000006548,active,
1.0,2233.207,2233.642,848.7000122070312,910.7999877929688,434.99999999994543,active,
1.0,2233.775,2234.089,571.7000122070312,626.5,313.99999999985084,active,
1.0,2234.112,2234.534,693.5,558.0,422.00000000002547,active,
1.0,2234.546,2234.788,670.5999755859375,574.9000244140625,242.00000000018917,active,
1.0,2234.843,2235.206,278.79998779296875,476.70001220703125,363.00000000028376,active,
1.0,2235.228,2235.468,209.0,445.0,239.99999999978172,active,
1.0,2235.513,2235.605,438.1000061035156,337.3999938964844,92.00000000009823,active,
1.0,2235.69,2235.978,601.0,897.2000122070312,288.0000000000109,active,
1.0,2236.001,2236.315,692.4000244140625,881.4000244140625,313.99999999985084,active,
1.0,2236.333,2236.615,693.0,817.4000244140625,281.99999999969805,active,
1.0,2236.808,2237.006,613.7999877929688,862.0999755859375,197.9999999998654,active,
1.0,2237.027,2237.541,697.2000122070312,887.4000244140625,514.0000000001237,active,
1.0,2237.579,2237.875,782.9000244140625,634.7000122070312,295.99999999982174,active,
1.0,2237.931,2238.106,1282.5,555.7000122070312,175.0000000001819,active,
1.0,2238.134,2238.353,1276.5,443.5,219.00000000005093,active,
1.0,2238.412,2238.754,702.5,847.9000244140625,342.0000000000982,active,
1.0,2238.771,2238.962,685.5,875.0999755859375,190.99999999980355,active,
1.0,2239.008,2239.274,1061.5999755859375,885.5,266.0000000000764,active,
1.0,2239.324,2239.445,905.0999755859375,585.0,121.00000000009459,active,
1.0,2239.495,2239.814,1329.199951171875,753.7000122070312,318.99999999996,active,
1.0,2239.857,2240.051,1351.5999755859375,490.70001220703125,193.99999999995998,active,
1.0,2240.087,2240.212,1320.199951171875,246.0,125.0,active,
1.0,2240.259,2240.407,905.4000244140625,226.89999389648438,148.00000000013824,active,
1.0,2240.423,2240.825,952.9000244140625,238.89999389648438,402.00000000004366,active,
1.0,2241.005,2241.105,799.7999877929688,557.0999755859375,99.99999999990905,active,
1.0,2241.121,2241.522,802.2000122070312,519.2000122070312,400.99999999983993,active,
1.0,2241.544,2241.806,831.4000244140625,429.29998779296875,262.000000000171,active,
1.0,2241.839,2242.102,692.7000122070312,597.4000244140625,262.99999999991996,active,
1.0,2242.143,2242.461,977.5999755859375,691.5999755859375,317.99999999975626,active,
1.0,2242.533,2242.882,1133.199951171875,312.29998779296875,349.00000000016007,active,
1.0,2242.938,2243.144,1403.0,581.2000122070312,205.99999999967622,active,
1.0,2243.19,2243.403,1042.0,733.7999877929688,212.99999999973807,active,
1.0,2243.433,2243.677,869.0,796.7000122070312,244.00000000014188,active,
1.0,2243.817,2244.071,274.79998779296875,565.0999755859375,253.9999999999054,active,
1.0,2244.097,2244.24,118.0999984741211,613.5999755859375,142.99999999957436,active,
1.0,2244.322,2244.939,1068.9000244140625,790.4000244140625,616.9999999997344,active,
1.0,2244.98,2245.254,832.0999755859375,798.7000122070312,273.9999999998872,active,
1.0,2245.323,2245.508,1475.800048828125,636.2999877929688,184.99999999994543,active,
1.0,2245.567,2245.735,1320.699951171875,321.3999938964844,168.00000000012005,active,
1.0,2245.789,2246.114,807.7000122070312,330.6000061035156,324.9999999998181,active,
1.0,2246.168,2246.408,592.0999755859375,527.2999877929688,239.99999999978172,active,
1.0,2246.451,2246.668,922.9000244140625,736.9000244140625,217.00000000009823,active,
1.0,2246.822,2247.053,978.9000244140625,646.2999877929688,230.99999999976717,active,
1.0,2247.098,2247.573,646.2000122070312,575.5999755859375,474.99999999990905,active,
1.0,2247.603,2247.718,833.2000122070312,538.7999877929688,114.99999999978172,active,
1.0,2247.855,2247.971,770.7000122070312,499.5,115.99999999998545,active,
1.0,2247.979,2248.35,795.5,504.6000061035156,371.0000000000946,active,
1.0,2248.371,2248.535,899.0,507.0,163.9999999997599,active,
1.0,2248.575,2248.848,698.0999755859375,336.29998779296875,273.00000000013824,active,
1.0,2248.89,2249.081,456.6000061035156,291.0,191.0000000002583,active,
1.0,2249.141,2249.502,332.79998779296875,545.0,360.9999999998763,active,
1.0,2249.536,2249.847,181.8000030517578,379.1000061035156,311.00000000014916,active,
1.0,2249.918,2250.135,970.7999877929688,304.8999938964844,217.00000000009823,active,
1.0,2250.168,2250.397,770.0999755859375,293.1000061035156,228.99999999981446,active,
1.0,2250.461,2250.762,1360.5,248.3000030517578,301.0000000003856,active,
1.0,2250.826,2251.158,1406.300048828125,631.0999755859375,331.99999999987995,active,
1.0,2251.212,2251.467,863.4000244140625,524.4000244140625,255.00000000010914,active,
1.0,2251.505,2251.693,762.0,340.0,188.00000000010186,active,
1.0,2251.709,2251.901,740.7999877929688,311.0,192.00000000000728,active,
1.0,2251.944,2252.155,867.7000122070312,527.0,211.0000000002401,active,
1.0,2252.189,2252.602,709.2999877929688,569.4000244140625,413.0000000000109,active,
1.0,2252.627,2252.836,811.7000122070312,535.2999877929688,208.99999999983265,active,
1.0,2252.842,2253.625,805.2999877929688,525.7999877929688,782.9999999999018,active,
1.0,2253.672,2253.869,502.3999938964844,394.3999938964844,197.00000000011642,active,
1.0,2253.892,2254.121,412.29998779296875,335.20001220703125,229.0000000002692,active,
1.0,2254.179,2254.316,198.6999969482422,648.7000122070312,136.99999999971624,active,
1.0,2254.341,2254.433,160.6999969482422,698.5999755859375,92.00000000009823,active,
1.0,2254.478,2254.662,624.7999877929688,731.0999755859375,183.9999999997417,active,
1.0,2254.678,2254.85,614.2999877929688,684.9000244140625,172.00000000002547,active,
1.0,2254.916,2255.145,1281.9000244140625,595.2000122070312,228.99999999981446,active,
1.0,2255.17,2255.207,1219.800048828125,721.7999877929688,36.99999999980719,active,
1.0,2255.262,2255.609,631.5999755859375,761.2000122070312,346.9999999997526,active,
1.0,2255.624,2255.775,606.0,755.0999755859375,151.00000000029468,active,
1.0,2255.798,2255.937,538.5999755859375,746.4000244140625,139.0000000001237,active,
1.0,2255.984,2256.195,1006.0999755859375,872.7999877929688,211.0000000002401,active,
1.0,2256.216,2256.524,945.7999877929688,871.4000244140625,307.9999999999927,active,
1.0,2256.619,2256.786,797.5999755859375,838.7000122070312,166.99999999991633,active,
1.0,2256.794,2257.059,813.0,852.5,265.0000000003274,active,
1.0,2257.071,2257.128,838.5999755859375,844.7000122070312,57.000000000243745,active,
1.0,2257.148,2257.262,806.2000122070312,759.7000122070312,114.00000000003274,active,
1.0,2257.337,2257.549,1127.199951171875,271.29998779296875,211.9999999999891,active,
1.0,2257.587,2257.776,1332.5999755859375,221.6999969482422,188.99999999985084,active,
1.0,2257.798,2257.898,1254.0999755859375,187.1999969482422,100.0000000003638,active,
1.0,2258.052,2258.384,836.7000122070312,371.70001220703125,331.99999999987995,active,
1.0,2258.455,2258.735,1338.300048828125,816.7000122070312,280.0000000002001,active,
1.0,2258.77,2258.971,1125.4000244140625,832.0999755859375,201.00000000002183,active,
1.0,2258.986,2259.137,1157.5,846.4000244140625,151.00000000029468,active,
1.0,2259.155,2259.321,1161.800048828125,783.0,165.9999999997126,active,
1.0,2259.33,2261.098,814.9000244140625,532.2999877929688,1768.000000000029,,
1.0,2261.142,2261.515,501.20001220703125,501.1000061035156,373.0000000000473,constant,
1.0,2261.57,2261.797,292.6000061035156,768.5,226.99999999986176,constant,
1.0,2261.837,2261.923,195.89999389648438,635.5,85.99999999978536,constant,
1.0,2261.965,2262.123,210.89999389648438,884.7000122070312,157.99999999990177,constant,
1.0,2262.135,2262.422,254.6999969482422,892.7000122070312,286.9999999998072,constant,
1.0,2262.493,2262.694,1183.0999755859375,920.5999755859375,201.00000000002183,constant,
1.0,2262.716,2262.801,1327.199951171875,840.2999877929688,85.00000000003638,constant,
1.0,2262.842,2263.091,1188.0999755859375,559.0,248.99999999979627,constant,
1.0,2263.121,2263.296,982.5,476.29998779296875,174.99999999972715,constant,
1.0,2263.316,2263.615,1068.9000244140625,489.5,298.9999999999782,constant,
1.0,2263.772,2264.169,1056.9000244140625,509.70001220703125,396.9999999999345,constant,
1.0,2264.18,2264.744,1075.4000244140625,486.29998779296875,564.0000000003056,constant,
1.0,2264.889,2264.97,345.70001220703125,393.70001220703125,80.99999999967622,constant,
1.0,2265.008,2265.226,180.89999389648438,297.1000061035156,218.00000000030195,constant,
1.0,2265.244,2265.351,191.5,239.6999969482422,106.9999999999709,constant,
1.0,2265.368,2265.938,198.8000030517578,169.60000610351562,570.0000000001637,constant,
1.0,2265.963,2266.218,220.39999389648438,292.29998779296875,254.9999999996544,constant,
1.0,2266.23,2266.433,210.10000610351562,255.89999389648438,202.99999999997453,constant,
1.0,2266.448,2266.788,218.3000030517578,213.6999969482422,340.0000000001455,constant,
1.0,2266.8,2267.308,216.3000030517578,171.89999389648438,507.9999999998108,constant,
1.0,2267.449,2267.526,229.60000610351562,176.6999969482422,76.99999999977081,constant,
1.0,2267.549,2267.864,224.1999969482422,280.1000061035156,315.00000000005457,constant,
1.0,2267.874,2268.212,222.89999389648438,297.0,338.0000000001928,constant,
1.0,2268.222,2268.411,226.3000030517578,269.8999938964844,188.99999999985084,constant,
1.0,2268.425,2268.883,236.8000030517578,224.0,457.9999999996289,constant,
1.0,2269.089,2269.143,840.5999755859375,487.0,54.00000000008731,constant,
1.0,2269.19,2269.451,469.8999938964844,561.9000244140625,260.99999999996726,constant,
1.0,2269.47,2269.632,405.79998779296875,488.3999938964844,162.00000000026193,constant,
1.0,2269.673,2269.898,164.1999969482422,463.79998779296875,225.0000000003638,constant,
1.0,2269.912,2270.2,128.60000610351562,452.3999938964844,288.0000000000109,constant,
1.0,2270.294,2270.623,1247.5,717.5,329.00000000017826,constant,
1.0,2270.675,2270.823,1644.5999755859375,753.0,147.9999999996835,constant,
1.0,2270.869,2271.284,1270.800048828125,673.9000244140625,414.9999999999636,constant,
1.0,2271.322,2271.523,1017.7000122070312,622.2000122070312,201.00000000002183,constant,
1.0,2271.747,2271.975,416.5,538.2000122070312,228.00000000006548,constant,
1.0,2271.993,2272.537,443.1000061035156,472.20001220703125,543.999999999869,constant,
1.0,2272.557,2272.668,436.3999938964844,468.79998779296875,111.00000000033106,constant,
1.0,2272.865,2272.922,921.5999755859375,466.20001220703125,57.000000000243745,constant,
1.0,2273.138,2273.196,855.5999755859375,408.0,57.999999999992724,constant,
1.0,2273.229,2273.462,691.5999755859375,385.0,233.00000000017462,constant,
1.0,2273.475,2274.53,670.2000122070312,391.79998779296875,1055.000000000291,constant,
1.0,2274.571,2274.791,472.70001220703125,670.9000244140625,220.00000000025466,constant,
1.0,2274.828,2274.987,294.1000061035156,641.7000122070312,159.0000000001055,constant,
1.0,2276.204,2276.523,1093.5999755859375,643.5999755859375,318.99999999996,constant,
1.0,2276.564,2276.813,1361.199951171875,663.7000122070312,249.00000000025102,constant,
1.0,2276.835,2276.951,1267.5,670.5,115.99999999998545,constant,
1.0,2276.977,2277.157,1073.199951171875,679.5999755859375,180.00000000029104,constant,
1.0,2277.302,2277.51,297.1000061035156,645.5999755859375,208.00000000008367,constant,
1.0,2277.535,2277.808,212.0,563.4000244140625,273.00000000013824,constant,
1.0,2277.832,2278.052,256.0,467.1000061035156,220.00000000025466,constant,
1.0,2278.082,2278.306,442.0,435.79998779296875,224.00000000016007,constant,
1.0,2278.325,2278.628,413.6000061035156,477.6000061035156,303.00000000033833,constant,
1.0,2278.802,2279.072,398.1000061035156,462.8999938964844,269.9999999999818,constant,
1.0,2279.091,2279.504,430.20001220703125,399.0,413.0000000000109,constant,
1.0,2279.52,2279.598,389.70001220703125,369.70001220703125,77.99999999997453,constant,
1.0,2279.639,2279.821,730.5999755859375,364.29998779296875,181.999999999789,constant,
1.0,2279.833,2279.988,768.7000122070312,377.8999938964844,154.99999999974534,constant,
1.0,2280.103,2280.227,1202.4000244140625,490.3999938964844,123.99999999979627,constant,
1.0,2280.418,2280.648,1285.699951171875,648.7000122070312,230.0000000000182,constant,
1.0,2280.736,2280.96,291.1000061035156,903.4000244140625,224.00000000016007,constant,
1.0,2280.976,2281.19,247.1999969482422,895.0,213.9999999999418,constant,
1.0,2281.199,2281.34,264.3999938964844,889.0,141.0000000000764,constant,
1.0,2281.373,2281.617,454.1000061035156,826.7999877929688,244.00000000014188,constant,
1.0,2281.631,2281.929,421.79998779296875,824.7999877929688,298.0000000002292,constant,
1.0,2281.952,2282.19,337.70001220703125,748.2999877929688,237.99999999982901,constant,
1.0,2282.214,2282.462,456.8999938964844,825.0,248.0000000000473,constant,
1.0,2282.521,2282.753,1148.300048828125,872.0,231.9999999999709,constant,
1.0,2282.776,2283.009,1303.800048828125,829.9000244140625,233.00000000017462,constant,
1.0,2283.041,2283.283,1101.4000244140625,794.2999877929688,241.99999999973443,constant,
1.0,2283.297,2283.452,1136.800048828125,794.5999755859375,155.0000000002001,constant,
1.0,2283.67,2283.891,267.20001220703125,729.7000122070312,221.00000000000364,constant,
1.0,2283.92,2284.095,146.60000610351562,719.7999877929688,174.99999999972715,constant,
1.0,2284.133,2284.358,399.1000061035156,766.9000244140625,225.0000000003638,constant,
1.0,2284.366,2284.606,382.5,773.0999755859375,240.00000000023647,constant,
1.0,2284.619,2284.78,343.6000061035156,764.7999877929688,161.0000000000582,constant,
1.0,2284.851,2285.112,1153.0999755859375,742.9000244140625,260.99999999996726,constant,
1.0,2285.135,2285.506,1039.300048828125,677.5,370.99999999963984,constant,
1.0,2285.549,2285.855,1318.5999755859375,678.0999755859375,306.00000000004,constant,
1.0,2285.877,2286.052,1236.699951171875,683.7999877929688,175.0000000001819,constant,
1.0,2286.088,2286.393,1416.5,654.5999755859375,304.9999999998363,constant,
1.0,2286.42,2286.714,1250.800048828125,658.9000244140625,293.99999999986903,constant,
1.0,2286.956,2287.418,1101.5,658.0999755859375,461.9999999999891,constant,
1.0,2287.698,2287.84,819.4000244140625,483.5,142.00000000028012,constant,
1.0,2287.874,2288.065,656.9000244140625,432.6000061035156,191.0000000002583,constant,
1.0,2288.087,2288.241,586.4000244140625,465.6000061035156,153.99999999999636,constant,
1.0,2288.266,2288.46,676.4000244140625,402.0,193.99999999995998,constant,
1.0,2288.469,2288.761,660.5,400.3999938964844,291.9999999999163,constant,
1.0,2288.975,2289.065,637.5999755859375,410.20001220703125,90.00000000014552,constant,
1.0,2289.077,2289.314,667.7000122070312,403.70001220703125,236.9999999996253,constant,
1.0,2289.353,2289.689,457.20001220703125,413.1000061035156,335.99999999978536,constant,
1.0,2289.706,2289.921,416.20001220703125,421.0,214.99999999969077,constant,
1.0,2289.931,2290.114,447.8999938964844,409.5,182.99999999999272,constant,
1.0,2290.158,2290.372,192.39999389648438,333.3999938964844,213.9999999999418,constant,
1.0,2290.397,2290.693,152.10000610351562,442.70001220703125,296.0000000002765,constant,
1.0,2290.701,2290.903,141.10000610351562,445.1000061035156,201.9999999997708,constant,
1.0,2294.047,2294.097,374.29998779296875,553.5,50.0000000001819,constant,
1.0,2294.375,2294.656,1257.9000244140625,652.5999755859375,280.99999999994907,constant,
1.0,2294.7,2295.033,901.2000122070312,561.5,333.0000000000837,constant,
1.0,2295.081,2295.319,1325.800048828125,638.4000244140625,237.99999999982901,constant,
1.0,2295.369,2295.547,876.5999755859375,523.0999755859375,177.99999999988358,constant,
1.0,2295.572,2295.738,784.0999755859375,536.2999877929688,165.9999999997126,constant,
1.0,2295.806,2296.087,1022.5,804.5,280.99999999994907,constant,
1.0,2296.14,2296.377,500.20001220703125,849.7000122070312,237.00000000008004,constant,
1.0,2296.551,2296.74,215.39999389648438,618.0,188.99999999985084,constant,
1.0,2296.768,2296.95,130.6999969482422,461.70001220703125,181.999999999789,constant,
1.0,2296.968,2297.29,105.9000015258789,429.8999938964844,322.0000000001164,constant,
1.0,2297.38,2297.684,1003.0999755859375,478.6000061035156,304.0000000000873,constant,
1.0,2297.741,2297.968,1450.5,417.6000061035156,226.99999999986176,constant,
1.0,2298.0,2298.272,1317.0999755859375,553.2999877929688,271.9999999999345,constant,
1.0,2298.29,2298.731,1380.0999755859375,554.7999877929688,441.0000000002583,constant,
1.0,2298.756,2298.968,1345.4000244140625,679.5,211.9999999999891,constant,
1.0,2298.988,2299.133,1377.300048828125,585.7999877929688,144.9999999999818,constant,
1.0,2299.14,2299.506,1370.0,551.2000122070312,365.99999999998545,constant,
1.0,2299.669,2299.877,1384.5999755859375,531.7999877929688,208.00000000008367,constant,
1.0,2299.921,2300.1,1024.5999755859375,500.0,179.0000000000873,constant,
1.0,2300.145,2300.305,1410.300048828125,566.0,159.99999999985448,constant,
1.0,2300.323,2300.792,1371.5,549.7000122070312,469.00000000005093,constant,
1.0,2300.852,2300.996,736.2999877929688,501.20001220703125,144.00000000023283,constant,
1.0,2301.03,2301.257,545.9000244140625,490.5,226.99999999986176,constant,
1.0,2301.274,2301.359,598.2999877929688,485.5,85.00000000003638,constant,
1.0,2301.544,2301.723,300.8999938964844,460.1000061035156,179.0000000000873,constant,
1.0,2301.74,2301.898,265.1000061035156,467.0,158.00000000035652,constant,
1.0,2301.932,2302.26,171.60000610351562,293.70001220703125,328.0000000004293,constant,
1.0,2302.281,2302.536,115.19999694824219,286.6000061035156,255.00000000010914,constant,
1.0,2302.557,2302.793,120.30000305175781,193.89999389648438,236.00000000033106,constant,
1.0,2302.83,2303.069,380.29998779296875,461.70001220703125,239.00000000003274,constant,
1.0,2303.257,2303.447,128.1999969482422,206.89999389648438,190.00000000005457,constant,
1.0,2303.457,2303.983,135.10000610351562,176.10000610351562,526.0000000002947,constant,
1.0,2303.991,2304.702,128.1999969482422,163.6999969482422,711.0000000002401,constant,
1.0,2304.71,2305.017,121.80000305175781,143.6999969482422,306.999999999789,constant,
1.0,2305.037,2305.271,138.0,232.60000610351562,234.00000000037835,constant,
1.0,2305.279,2305.8,142.39999389648438,244.60000610351562,521.0000000001855,constant,
1.0,2305.81,2306.754,138.6999969482422,273.70001220703125,943.99999999996,constant,
1.0,2306.772,2307.264,201.60000610351562,284.79998779296875,492.0000000001892,constant,
1.0,2307.292,2307.538,130.0,280.0,246.0000000000946,constant,
1.0,2307.561,2307.752,205.0,320.8999938964844,190.99999999980355,constant,
1.0,2307.765,2308.039,207.60000610351562,286.5,274.00000000034197,constant,
1.0,2308.061,2308.894,145.5,282.0,832.9999999996289,constant,
1.0,2308.901,2309.58,135.6999969482422,284.3999938964844,679.0000000000873,constant,
1.0,2309.713,2310.793,139.6999969482422,265.5,1079.9999999999272,constant,
1.0,2310.804,2311.104,136.6999969482422,255.5,299.99999999972715,constant,
1.0,2311.115,2311.514,151.89999389648438,226.89999389648438,399.00000000034197,constant,
1.0,2311.53,2312.46,144.1999969482422,173.89999389648438,929.9999999998363,constant,
1.0,2312.487,2312.578,139.89999389648438,308.3999938964844,90.9999999998945,constant,
1.0,2312.593,2315.711,123.19999694824219,251.60000610351562,3117.999999999938,constant,
1.0,2315.722,2316.932,120.5,255.3000030517578,1209.9999999995816,constant,
1.0,2316.939,2317.401,122.80000305175781,275.3999938964844,461.9999999999891,constant,
1.0,2317.408,2317.6,140.10000610351562,273.5,192.00000000000728,constant,
1.0,2317.609,2319.406,137.60000610351562,273.0,1797.0000000000255,constant,
1.0,2319.415,2320.489,135.89999389648438,277.3999938964844,1074.0000000000691,constant,
1.0,2320.501,2320.856,141.3000030517578,244.60000610351562,355.0000000000182,constant,
1.0,2320.864,2321.58,117.30000305175781,247.39999389648438,715.9999999998945,constant,
1.0,2321.594,2321.76,126.4000015258789,282.70001220703125,166.00000000016735,constant,
1.0,2321.768,2323.717,120.0,249.60000610351562,1949.0000000000691,constant,
1.0,2323.73,2325.247,122.0999984741211,260.6000061035156,1516.9999999998254,constant,
1.0,2325.255,2326.17,121.19999694824219,244.5,914.9999999999636,constant,
1.0,2326.192,2326.257,108.0999984741211,315.29998779296875,65.00000000005457,constant,
1.0,2326.273,2326.39,153.3000030517578,363.5,116.99999999973443,constant,
1.0,2326.406,2326.874,129.3000030517578,417.3999938964844,467.9999999998472,constant,
1.0,2326.985,2327.355,120.19999694824219,434.1000061035156,369.99999999989086,constant,
1.0,2327.391,2327.629,197.60000610351562,266.79998779296875,237.99999999982901,constant,
1.0,2327.768,2327.9,203.3000030517578,240.0,132.00000000006185,constant,
1.0,2327.92,2328.279,207.39999389648438,163.0,358.9999999999236,constant,
1.0,2328.464,2328.636,222.3000030517578,146.10000610351562,172.00000000002547,constant,
1.0,2328.665,2329.722,212.0,298.0,1057.0000000002437,constant,
1.0,2329.732,2330.018,212.6999969482422,253.1999969482422,286.0000000000582,constant,
1.0,2330.036,2330.221,202.8000030517578,307.70001220703125,184.99999999994543,constant,
1.0,2330.233,2330.475,208.1999969482422,339.0,241.99999999973443,constant,
1.0,2330.68,2330.909,1090.699951171875,619.7000122070312,229.0000000002692,constant,
1.0,2330.955,2331.181,1243.300048828125,761.5999755859375,226.00000000011278,constant,
1.0,2331.203,2331.419,1149.300048828125,761.0,215.9999999998945,constant,
1.0,2331.49,2331.671,311.29998779296875,851.5,181.00000000004002,constant,
1.0,2331.692,2332.081,240.60000610351562,866.2999877929688,389.0000000001237,constant,
1.0,2332.117,2332.32,446.1000061035156,816.0999755859375,202.99999999997453,constant,
1.0,2332.331,2332.55,413.5,815.7000122070312,219.00000000005093,constant,
1.0,2332.719,2332.858,438.3999938964844,805.5,139.0000000001237,constant,
1.0,2332.892,2333.133,524.9000244140625,630.2000122070312,240.99999999998545,constant,
1.0,2333.155,2333.311,484.5,559.9000244140625,155.99999999994907,constant,
1.0,2333.328,2333.584,541.0999755859375,531.5,255.99999999985812,constant,
1.0,2333.604,2333.879,581.4000244140625,460.20001220703125,275.00000000009095,constant,
1.0,2333.9,2334.096,649.5999755859375,395.0,195.9999999999127,constant,
1.0,2334.215,2334.45,1045.0,377.6000061035156,234.99999999967258,constant,
1.0,2334.466,2334.523,1008.7999877929688,379.6000061035156,57.000000000243745,constant,
1.0,2334.572,2334.967,1015.9000244140625,644.2000122070312,394.9999999999818,constant,
1.0,2335.007,2335.046,1276.199951171875,662.2000122070312,38.99999999975989,constant,
1.0,2335.228,2335.39,1302.800048828125,629.4000244140625,161.9999999998072,constant,
1.0,2335.399,2335.716,1279.800048828125,607.5,317.0000000000073,constant,
1.0,2335.737,2336.006,1302.300048828125,532.4000244140625,268.9999999997781,constant,
1.0,2336.051,2336.189,944.2000122070312,544.2000122070312,137.99999999991996,constant,
1.0,2336.359,2336.55,751.4000244140625,484.8999938964844,191.0000000002583,constant,
1.0,2336.724,2337.239,396.5,411.0,514.9999999998727,constant,
1.0,2337.256,2337.59,447.1000061035156,402.5,334.0000000002874,constant,
1.0,2337.755,2337.901,587.4000244140625,366.5,145.9999999997308,constant,
1.0,2337.924,2338.162,663.2999877929688,366.0,237.99999999982901,constant,
1.0,2338.171,2338.398,660.5999755859375,381.70001220703125,227.0000000003165,constant,
1.0,2338.409,2338.535,687.2999877929688,368.6000061035156,125.99999999974898,constant,
1.0,2338.56,2338.925,785.2999877929688,393.29998779296875,365.00000000023647,constant,
1.0,2339.136,2339.17,1135.5,693.9000244140625,34.0000000001055,constant,
1.0,2339.18,2339.301,1139.199951171875,692.7000122070312,121.00000000009459,constant,
1.0,2339.324,2339.784,1049.0,664.5999755859375,460.0000000000364,constant,
1.0,2339.811,2340.177,1181.0,684.0999755859375,365.99999999998545,constant,
1.0,2340.199,2340.596,1106.300048828125,693.7000122070312,396.9999999999345,constant,
1.0,2340.828,2341.014,1311.0,724.9000244140625,186.00000000014916,constant,
1.0,2341.049,2341.419,1135.5,784.5999755859375,369.99999999989086,constant,
1.0,2341.445,2341.609,1315.199951171875,790.0999755859375,163.9999999997599,constant,
1.0,2341.639,2341.914,1108.0,789.2000122070312,275.00000000009095,constant,
1.0,2341.921,2342.574,1118.5999755859375,794.9000244140625,653.0000000002474,constant,
1.0,2342.643,2342.855,446.8999938964844,741.2999877929688,211.9999999999891,constant,
1.0,2342.894,2343.215,234.6999969482422,748.2999877929688,321.00000000036744,constant,
1.0,2343.239,2343.527,386.29998779296875,764.0,288.0000000000109,constant,
1.0,2343.745,2343.768,395.79998779296875,768.7000122070312,23.000000000138243,constant,
1.0,2343.79,2344.107,450.79998779296875,813.0999755859375,317.0000000000073,constant,
1.0,2344.147,2344.358,205.60000610351562,869.5,211.0000000002401,constant,
1.0,2344.369,2344.557,241.10000610351562,870.2999877929688,187.99999999964712,constant,
1.0,2344.59,2344.849,388.0,826.4000244140625,259.00000000001455,constant,
1.0,2344.861,2345.042,426.5,814.0,181.00000000004002,constant,
1.0,2345.09,2345.395,183.8000030517578,601.2999877929688,304.9999999998363,constant,
1.0,2345.406,2345.734,164.0,608.2999877929688,327.99999999997453,constant,
1.0,2345.786,2346.027,508.1000061035156,436.20001220703125,240.99999999998545,constant,
1.0,2346.19,2346.421,891.7999877929688,407.6000061035156,230.99999999976717,constant,
1.0,2346.454,2346.669,702.7999877929688,389.5,214.99999999969077,constant,
1.0,2346.688,2346.843,759.0999755859375,386.70001220703125,154.99999999974534,constant,
1.0,2347.026,2347.272,1046.300048828125,373.3999938964844,246.0000000000946,constant,
1.0,2347.291,2347.51,999.4000244140625,364.8999938964844,219.00000000005093,constant,
1.0,2347.704,2347.793,1012.0999755859375,355.70001220703125,88.99999999994179,constant,
1.0,2347.806,2348.018,1014.7999877929688,386.20001220703125,211.9999999999891,constant,
1.0,2348.027,2348.368,1012.2000122070312,407.5,340.9999999998945,constant,
1.0,2348.382,2348.919,1019.5,347.79998779296875,536.9999999998072,constant,
1.0,2348.943,2349.177,1086.0,425.8999938964844,233.9999999999236,constant,
1.0,2349.364,2349.482,1213.300048828125,922.0,117.99999999993815,constant,
1.0,2349.531,2349.793,804.5,782.2999877929688,262.000000000171,constant,
1.0,2349.826,2349.959,1011.2999877929688,827.7999877929688,132.99999999981083,constant,
1.0,2349.97,2350.171,986.7000122070312,847.0,201.00000000002183,constant,
1.0,2350.668,2350.797,971.2999877929688,846.2000122070312,128.9999999999054,constant,
1.0,2350.815,2350.974,998.7999877929688,844.7999877929688,159.0000000001055,constant,
1.0,2350.981,2351.211,983.4000244140625,850.4000244140625,229.99999999956344,constant,
1.0,2351.225,2351.797,961.2000122070312,845.4000244140625,572.0000000001164,constant,
1.0,2351.855,2352.059,431.79998779296875,759.5999755859375,204.00000000017826,constant,
1.0,2352.081,2352.179,365.0,783.0999755859375,97.99999999995634,constant,
1.0,2352.224,2352.844,706.0,513.4000244140625,619.9999999998909,constant,
1.0,2352.906,2353.086,141.3000030517578,488.1000061035156,179.9999999998363,constant,
1.0,2353.106,2353.412,81.69999694824219,433.8999938964844,305.99999999958527,constant,
1.0,2353.427,2353.719,139.1999969482422,442.0,291.9999999999163,constant,
1.0,2354.536,2354.75,1349.4000244140625,735.2999877929688,213.9999999999418,constant,
1.0,2354.778,2355.022,1212.300048828125,742.0999755859375,244.00000000014188,constant,
1.0,2355.083,2355.204,595.5999755859375,761.2999877929688,121.00000000009459,constant,
1.0,2355.247,2355.405,271.6000061035156,792.7000122070312,158.00000000035652,constant,
1.0,2355.428,2355.725,217.10000610351562,863.5999755859375,297.00000000002547,constant,
1.0,2360.748,2360.878,936.4000244140625,653.0999755859375,130.00000000010914,constant,
1.0,2361.202,2361.479,383.29998779296875,666.4000244140625,276.9999999995889,constant,
1.0,2361.519,2361.775,174.6999969482422,596.2000122070312,256.00000000031287,constant,
1.0,2361.812,2362.154,414.8999938964844,526.0999755859375,342.0000000000982,constant,
1.0,2362.17,2362.409,364.0,505.79998779296875,239.00000000003274,constant,
1.0,2362.45,2362.721,166.6999969482422,562.7000122070312,271.00000000018554,constant,
1.0,2362.745,2362.916,102.0,471.5,171.0000000002765,constant,
1.0,2362.929,2363.118,75.0,447.6000061035156,188.99999999985084,constant,
1.0,2363.174,2363.372,401.3999938964844,771.7999877929688,197.9999999998654,constant,
1.0,2363.407,2363.657,193.10000610351562,866.7999877929688,250.0,constant,
1.0,2363.736,2363.978,1047.199951171875,580.0,242.00000000018917,constant,
1.0,2364.017,2364.334,799.5,479.3999938964844,317.0000000000073,constant,
1.0,2364.357,2364.587,736.5999755859375,406.3999938964844,230.0000000000182,constant,
1.0,2364.744,2364.772,725.7999877929688,438.1000061035156,27.999999999792635,constant,
1.0,2364.791,2365.224,739.2999877929688,529.7000122070312,432.9999999999927,constant,
1.0,2365.252,2365.53,819.5999755859375,693.7999877929688,278.0000000002474,constant,
1.0,2365.581,2365.84,455.70001220703125,622.9000244140625,259.00000000001455,constant,
1.0,2365.889,2366.103,171.3000030517578,489.29998779296875,213.9999999999418,constant,
1.0,2366.118,2366.333,138.10000610351562,460.8999938964844,215.00000000014552,constant,
1.0,2366.349,2366.604,97.30000305175781,441.6000061035156,254.9999999996544,constant,
1.0,2366.86,2367.011,621.5999755859375,386.3999938964844,150.99999999983993,constant,
1.0,2367.037,2367.296,443.79998779296875,459.70001220703125,259.00000000001455,constant,
1.0,2367.335,2367.553,657.0,426.1000061035156,217.9999999998472,constant,
1.0,2367.565,2368.388,641.7999877929688,414.29998779296875,822.9999999998654,constant,
1.0,2368.586,2368.824,641.4000244140625,395.29998779296875,238.00000000028376,constant,
1.0,2368.864,2369.389,416.8999938964844,428.8999938964844,525.000000000091,constant,
1.0,2369.597,2369.816,389.70001220703125,501.79998779296875,218.99999999959618,constant,
1.0,2369.838,2370.039,434.8999938964844,443.5,201.00000000002183,constant,
1.0,2370.066,2370.274,570.2000122070312,513.9000244140625,208.00000000008367,constant,
1.0,2370.566,2370.847,1052.9000244140625,518.0999755859375,281.0000000004038,constant,
1.0,2370.859,2371.053,1059.300048828125,489.3999938964844,193.99999999995998,constant,
1.0,2371.103,2371.555,1433.300048828125,442.29998779296875,451.9999999997708,constant,
1.0,2371.58,2371.723,1453.5,341.79998779296875,143.0000000000291,constant,
1.0,2371.777,2371.967,1101.9000244140625,312.70001220703125,190.00000000005457,constant,
1.0,2372.016,2372.405,777.2999877929688,264.29998779296875,389.0000000001237,constant,
1.0,2372.449,2372.689,1065.199951171875,263.70001220703125,239.99999999978172,constant,
1.0,2372.731,2373.068,1346.199951171875,291.70001220703125,336.9999999999891,constant,
1.0,2373.106,2373.243,1162.4000244140625,303.8999938964844,136.99999999971624,constant,
1.0,2373.29,2373.609,1391.199951171875,390.1000061035156,318.99999999996,constant,
1.0,2373.753,2373.949,1477.300048828125,426.8999938964844,195.9999999999127,constant,
1.0,2374.178,2374.348,1433.800048828125,493.0,170.00000000007276,constant,
1.0,2374.363,2374.566,1405.0,506.3999938964844,202.99999999997453,constant,
1.0,2374.651,2374.818,544.5999755859375,363.8999938964844,167.00000000037107,constant,
1.0,2374.857,2375.063,344.29998779296875,287.79998779296875,206.00000000013097,constant,
1.0,2375.083,2375.372,384.1000061035156,229.5,288.9999999997599,constant,
1.0,2375.398,2375.641,312.1000061035156,330.6000061035156,242.99999999993815,constant,
1.0,2375.665,2375.891,206.60000610351562,266.1000061035156,226.00000000011278,constant,
1.0,2375.928,2376.103,403.3999938964844,250.60000610351562,175.0000000001819,constant,
1.0,2376.26,2376.425,431.3999938964844,239.39999389648438,164.99999999996362,constant,
1.0,2376.458,2376.88,271.3999938964844,386.6000061035156,422.00000000002547,constant,
1.0,2376.896,2377.285,271.29998779296875,440.70001220703125,388.99999999966894,constant,
1.0,2377.322,2377.499,356.0,344.0,176.99999999967986,constant,
1.0,2377.688,2377.92,422.1000061035156,272.5,231.9999999999709,constant,
1.0,2377.971,2378.357,663.2999877929688,234.60000610351562,385.99999999996726,constant,
1.0,2378.401,2378.778,400.3999938964844,194.3000030517578,376.9999999999527,constant,
1.0,2378.797,2378.932,452.79998779296875,219.3000030517578,134.99999999976353,constant,
1.0,2379.1,2379.538,307.6000061035156,251.8000030517578,438.00000000010186,constant,
1.0,2379.561,2379.961,391.6000061035156,326.29998779296875,399.9999999996362,constant,
1.0,2380.015,2380.257,255.60000610351562,471.8999938964844,242.00000000018917,constant,
1.0,2380.283,2380.486,145.0,444.8999938964844,202.99999999997453,constant,
1.0,2380.501,2380.607,116.5,438.29998779296875,105.99999999976717,constant,
1.0,2380.812,2381.168,1011.5,449.29998779296875,356.0000000002219,constant,
1.0,2381.209,2381.534,742.2999877929688,384.6000061035156,325.00000000027285,constant,
1.0,2381.559,2381.737,640.0,377.6000061035156,177.99999999988358,constant,
1.0,2381.926,2382.096,654.0,400.79998779296875,170.00000000007276,constant,
1.0,2382.11,2382.368,671.7000122070312,354.79998779296875,257.9999999998108,constant,
1.0,2382.382,2382.605,661.7000122070312,383.8999938964844,222.99999999995634,constant,
1.0,2382.756,2382.941,671.0999755859375,338.1000061035156,184.99999999994543,constant,
1.0,2382.952,2383.19,656.7000122070312,368.3999938964844,237.99999999982901,constant,
1.0,2383.2,2383.329,661.4000244140625,400.5,129.00000000036016,constant,
1.0,2383.514,2383.726,1105.300048828125,432.3999938964844,211.9999999999891,constant,
1.0,2383.778,2384.171,645.0,375.79998779296875,393.0000000000291,constant,
1.0,2384.342,2384.468,687.2000122070312,382.29998779296875,125.99999999974898,constant,
1.0,2384.508,2384.729,420.8999938964844,383.1000061035156,221.00000000000364,constant,
1.0,2384.798,2385.186,745.7999877929688,748.4000244140625,388.0000000003747,constant,
1.0,2385.39,2385.61,1422.199951171875,1001.4000244140625,220.00000000025466,constant,
1.0,2385.644,2385.821,1604.0999755859375,1095.0999755859375,177.0000000001346,constant,
1.0,2385.829,2386.174,1619.5,1097.0999755859375,344.9999999997999,constant,
1.0,2386.473,2386.617,708.7999877929688,615.7000122070312,144.00000000023283,constant,
1.0,2386.662,2386.932,436.5,576.2999877929688,269.9999999999818,constant,
1.0,2386.956,2387.432,481.0,650.2999877929688,475.99999999965803,constant,
1.0,2387.627,2387.998,892.0,634.4000244140625,371.0000000000946,constant,
1.0,2388.024,2388.32,1069.199951171875,622.0999755859375,296.0000000002765,constant,
1.0,2388.366,2388.66,1429.0,641.2999877929688,293.99999999986903,constant,
1.0,2388.669,2388.769,1413.5999755859375,611.0,99.99999999990905,constant,
1.0,2388.982,2389.145,1029.0999755859375,561.7000122070312,163.0000000000109,constant,
1.0,2389.197,2389.452,625.5999755859375,566.5999755859375,255.00000000010914,constant,
1.0,2389.497,2389.76,329.8999938964844,517.7999877929688,263.0000000003747,constant,
1.0,2389.799,2389.958,129.0,404.20001220703125,159.0000000001055,constant,
1.0,2389.974,2390.305,94.0999984741211,436.29998779296875,330.9999999996762,constant,
1.0,2390.359,2390.611,597.2999877929688,409.1000061035156,251.9999999999527,constant,
1.0,2390.628,2390.773,648.5,404.70001220703125,144.9999999999818,constant,
1.0,2390.839,2391.064,1144.800048828125,595.9000244140625,224.99999999990905,constant,
1.0,2391.089,2391.325,1025.9000244140625,583.7999877929688,235.9999999998763,constant,
1.0,2391.379,2391.457,1450.300048828125,672.2999877929688,77.99999999997453,constant,
1.0,2391.485,2391.589,1441.300048828125,785.7000122070312,103.99999999981446,constant,
1.0,2391.614,2391.773,1429.199951171875,889.4000244140625,159.0000000001055,constant,
1.0,2391.828,2391.919,902.4000244140625,814.5,90.9999999998945,constant,
1.0,2391.978,2392.224,332.5,776.7000122070312,246.0000000000946,constant,
1.0,2392.247,2392.649,410.79998779296875,804.7999877929688,402.00000000004366,constant,
1.0,2392.696,2393.293,744.0999755859375,547.9000244140625,597.0000000002074,constant,
1.0,2393.341,2393.647,1100.800048828125,529.0999755859375,306.00000000004,constant,
1.0,2393.691,2395.313,910.7000122070312,500.0,1622.0000000002983,constant,
1.0,2395.378,2395.527,1446.800048828125,516.0999755859375,148.99999999988722,constant,
1.0,2395.592,2396.43,890.7999877929688,464.20001220703125,837.9999999997381,constant,
1.0,2396.471,2396.955,1191.0,571.0999755859375,483.9999999999236,constant,
1.0,2397.125,2397.489,854.5999755859375,520.4000244140625,364.00000000003274,constant,
1.0,2397.534,2397.961,573.5999755859375,483.1000061035156,426.99999999967986,constant,
1.0,2397.977,2398.663,547.2999877929688,503.8999938964844,686.0000000001492,constant,
1.0,2398.676,2399.004,578.5,501.79998779296875,327.99999999997453,constant,
1.0,2399.017,2399.728,550.9000244140625,505.29998779296875,711.0000000002401,constant,
1.0,2399.831,2400.002,1011.7999877929688,535.5,170.99999999982174,constant,
1.0,2400.202,2400.325,1108.4000244140625,486.3999938964844,122.99999999959255,constant,
1.0,2400.39,2400.425,1062.0,807.2999877929688,35.00000000030923,constant,
1.0,2400.496,2400.703,280.29998779296875,906.2000122070312,206.99999999987995,constant,
1.0,2400.724,2400.93,167.0,870.0999755859375,205.99999999967622,constant,
1.0,2401.02,2401.341,1278.699951171875,494.8999938964844,320.9999999999127,constant,
1.0,2401.378,2401.624,993.0999755859375,492.20001220703125,245.99999999963984,constant,
1.0,2401.667,2401.865,709.9000244140625,437.1000061035156,197.9999999998654,constant,
1.0,2401.883,2402.126,762.5999755859375,411.0,243.0000000003929,constant,
1.0,2402.171,2402.376,471.70001220703125,437.70001220703125,205.000000000382,constant,
1.0,2402.402,2402.636,589.2999877929688,457.3999938964844,233.9999999999236,constant,
1.0,2402.682,2403.013,376.6000061035156,448.0,331.00000000013097,constant,
1.0,2403.049,2403.342,180.39999389648438,336.79998779296875,293.00000000012005,constant,
1.0,2403.375,2403.643,285.79998779296875,457.5,268.0000000000291,constant,
1.0,2403.676,2403.914,148.8000030517578,430.1000061035156,238.00000000028376,constant,
1.0,2403.924,2404.036,125.19999694824219,430.6000061035156,112.00000000008004,constant,
1.0,2404.319,2404.639,889.7000122070312,503.1000061035156,320.0000000001637,constant,
1.0,2404.703,2405.02,1437.0,389.70001220703125,317.0000000000073,constant,
1.0,2405.07,2405.307,945.5,363.5,236.9999999996253,constant,
1.0,2405.346,2405.554,731.5,365.6000061035156,208.00000000008367,constant,
1.0,2405.604,2405.872,377.70001220703125,379.29998779296875,268.0000000000291,constant,
1.0,2405.912,2406.05,166.10000610351562,355.3999938964844,138.0000000003747,constant,
1.0,2406.073,2406.426,117.5,452.79998779296875,353.0000000000655,constant,
1.0,2406.503,2406.778,481.6000061035156,718.7000122070312,274.9999999996362,constant,
1.0,2407.585,2407.696,423.6000061035156,345.3999938964844,110.99999999987631,constant,
1.0,2407.741,2407.936,231.39999389648438,410.1000061035156,195.0000000001637,constant,
1.0,2408.021,2408.443,1080.699951171875,424.1000061035156,422.00000000002547,constant,
1.0,2408.648,2409.152,951.0999755859375,535.0999755859375,503.9999999999054,constant,
1.0,2409.19,2409.86,750.0,413.3999938964844,670.0000000000728,constant,
1.0,2409.915,2410.161,372.6000061035156,426.8999938964844,246.0000000000946,constant,
1.0,2410.26,2410.577,-429.70001220703125,556.5,317.0000000000073,constant,
1.0,2410.67,2410.86,625.2000122070312,468.3999938964844,190.00000000005457,constant,
1.0,2410.906,2411.08,286.79998779296875,379.0,173.99999999997817,constant,
1.0,2411.118,2411.398,166.0,248.10000610351562,280.0000000002001,constant,
1.0,2411.411,2411.572,198.60000610351562,221.3000030517578,161.0000000000582,constant,
1.0,2411.656,2411.93,1194.9000244140625,348.0,273.9999999998872,constant,
1.0,2412.097,2412.391,785.9000244140625,413.3999938964844,293.99999999986903,constant,
1.0,2412.406,2412.584,763.2999877929688,406.20001220703125,177.99999999988358,constant,
1.0,2412.636,2412.803,533.5,230.6999969482422,166.99999999991633,constant,
1.0,2412.846,2413.029,243.3000030517578,221.0,182.99999999999272,constant,
1.0,2413.046,2413.361,206.1999969482422,234.89999389648438,315.00000000005457,constant,
1.0,2413.377,2413.697,199.39999389648438,188.10000610351562,320.0000000001637,constant,
1.0,2413.965,2414.069,499.5,456.3999938964844,103.99999999981446,constant,
1.0,2414.109,2414.316,305.29998779296875,482.0,206.99999999987995,constant,
1.0,2414.347,2414.614,159.1999969482422,449.0,266.9999999998254,constant,
1.0,2414.632,2414.785,117.0999984741211,440.70001220703125,152.99999999979264,constant,
1.0,2414.841,2415.046,742.2999877929688,518.7999877929688,204.99999999992724,constant,
1.0,2415.229,2415.498,576.0,449.70001220703125,269.00000000023283,constant,
1.0,2415.517,2415.625,645.7000122070312,411.8999938964844,108.00000000017462,constant,
1.0,2415.822,2416.21,769.4000244140625,398.20001220703125,387.99999999991996,constant,
1.0,2416.223,2416.482,748.2000122070312,397.70001220703125,259.00000000001455,constant,
1.0,2416.513,2416.867,555.0,444.29998779296875,354.0000000002692,constant,
1.0,2416.905,2417.259,743.7999877929688,501.20001220703125,353.99999999981446,constant,
1.0,2417.299,2417.599,549.2999877929688,455.6000061035156,300.0000000001819,constant,
1.0,2417.776,2418.671,529.2999877929688,431.5,894.9999999999818,constant,
1.0,2418.841,2419.133,618.7000122070312,1549.4000244140625,291.9999999999163,constant,
1.0,2419.164,2419.651,564.2000122070312,1312.0999755859375,486.9999999996253,constant,
1.0,2419.678,2420.255,740.4000244140625,1246.5,577.0000000002256,constant,
1.0,2420.472,2420.709,1071.199951171875,569.7999877929688,236.9999999996253,constant,
1.0,2420.758,2421.054,730.9000244140625,447.5,296.0000000002765,constant,
1.0,2421.066,2421.273,760.7999877929688,419.70001220703125,207.0000000003347,constant,
1.0,2421.329,2421.559,237.0,349.5,230.0000000000182,constant,
1.0,2421.578,2421.871,189.5,345.5,293.00000000012005,constant,
1.0,2422.046,2422.411,272.20001220703125,288.3999938964844,365.00000000023647,constant,
1.0,2422.452,2422.703,408.20001220703125,431.8999938964844,250.99999999974898,constant,
1.0,2422.9,2423.157,499.70001220703125,432.1000061035156,257.00000000006185,constant,
1.0,2423.187,2423.45,675.4000244140625,412.3999938964844,262.99999999991996,constant,
1.0,2423.467,2423.72,652.0999755859375,407.5,252.99999999970169,constant,
1.0,2423.909,2424.286,225.6999969482422,288.0,376.9999999999527,constant,
1.0,2424.32,2424.757,441.5,386.29998779296875,436.99999999989814,constant,
1.0,2424.797,2425.039,157.5,450.3999938964844,242.00000000018917,constant,
1.0,2425.06,2425.237,105.5999984741211,450.0,177.0000000001346,constant,
1.0,2425.405,2425.436,650.2000122070312,318.29998779296875,30.99999999994907,constant,
1.0,2425.456,2425.656,646.0999755859375,369.29998779296875,199.9999999998181,constant,
1.0,2425.699,2426.09,396.6000061035156,372.0,391.0000000000764,constant,
1.0,2426.269,2426.51,321.1000061035156,243.39999389648438,241.0000000004402,constant,
1.0,2426.534,2426.766,421.1000061035156,225.89999389648438,231.9999999999709,constant,
1.0,2426.854,2427.006,1205.5999755859375,363.70001220703125,152.00000000004366,constant,
1.0,2427.047,2427.459,1476.9000244140625,344.3999938964844,411.9999999998072,constant,
1.0,2427.654,2428.098,1393.300048828125,406.8999938964844,443.99999999996,constant,
1.0,2428.166,2428.424,762.4000244140625,320.6000061035156,257.9999999998108,constant,
1.0,2428.471,2428.765,432.0,315.1000061035156,293.99999999986903,constant,
1.0,2428.786,2429.192,429.0,221.39999389648438,405.99999999994907,constant,
1.0,2429.352,2429.472,1395.699951171875,313.79998779296875,120.00000000034561,constant,
1.0,2429.498,2429.769,1520.0999755859375,302.29998779296875,270.9999999997308,constant,
1.0,2429.836,2430.093,1533.4000244140625,725.2000122070312,257.00000000006185,constant,
1.0,2430.119,2430.642,1415.0999755859375,740.0,522.9999999996835,constant,
1.0,2430.7,2430.97,863.0999755859375,585.7000122070312,269.9999999999818,constant,
1.0,2431.115,2431.299,260.70001220703125,399.20001220703125,184.00000000019645,constant,
1.0,2431.323,2431.482,135.89999389648438,427.0,159.0000000001055,constant,
1.0,2431.489,2431.759,129.60000610351562,430.70001220703125,269.9999999999818,constant,
1.0,2431.894,2432.227,146.0,266.79998779296875,333.0000000000837,constant,
1.0,2432.245,2432.405,149.3000030517578,188.5,160.00000000030923,constant,
1.0,2432.441,2432.778,359.70001220703125,234.39999389648438,336.9999999999891,constant,
1.0,2432.802,2433.048,281.1000061035156,311.8999938964844,245.99999999963984,constant,
1.0,2433.073,2433.448,434.29998779296875,294.0,375.0,constant,
1.0,2433.481,2433.659,285.29998779296875,298.6000061035156,177.99999999988358,constant,
1.0,2433.681,2434.163,207.0,237.60000610351562,481.9999999999709,constant,
1.0,2434.19,2434.473,268.70001220703125,422.79998779296875,282.9999999999018,constant,
1.0,2434.493,2434.674,329.1000061035156,472.1000061035156,181.00000000004002,constant,
1.0,2434.693,2434.925,278.20001220703125,468.70001220703125,231.9999999999709,constant,
1.0,2435.08,2435.24,359.6000061035156,518.2999877929688,159.99999999985448,constant,
1.0,2435.262,2435.373,433.1000061035156,495.8999938964844,110.99999999987631,constant,
1.0,2435.397,2435.625,429.3999938964844,368.6000061035156,228.00000000006548,constant,
1.0,2435.664,2435.898,675.5999755859375,372.6000061035156,233.9999999999236,constant,
1.0,2435.944,2436.156,1015.9000244140625,398.1000061035156,211.9999999999891,constant,
1.0,2436.195,2436.442,746.9000244140625,380.6000061035156,246.99999999984357,constant,
1.0,2436.45,2436.801,770.9000244140625,395.5,351.0000000001128,constant,
1.0,2436.841,2437.163,1037.5999755859375,401.6000061035156,322.0000000001164,constant,
1.0,2437.182,2437.372,1012.2000122070312,485.20001220703125,190.00000000005457,constant,
1.0,2437.392,2437.681,945.5999755859375,517.7999877929688,289.00000000021464,constant,
1.0,2437.689,2437.848,932.0,543.0,159.0000000001055,constant,
1.0,2437.866,2438.094,972.0999755859375,489.3999938964844,228.00000000006548,constant,
1.0,2438.132,2438.38,1190.0999755859375,491.20001220703125,248.0000000000473,constant,
1.0,2438.531,2438.663,1164.9000244140625,473.1000061035156,132.00000000006185,constant,
1.0,2438.691,2439.224,1159.5,625.2999877929688,533.0000000003565,constant,
1.0,2439.261,2439.489,1333.5,545.5999755859375,228.00000000006548,constant,
1.0,2439.504,2439.578,1279.5999755859375,536.4000244140625,74.00000000006912,constant,
1.0,2439.762,2439.921,1391.4000244140625,544.7999877929688,158.99999999965075,constant,
1.0,2439.928,2440.405,1372.699951171875,547.4000244140625,477.0000000003165,constant,
1.0,2440.421,2440.862,1427.5999755859375,540.9000244140625,441.0000000002583,constant,
1.0,2441.127,2441.338,341.0,502.5,211.0000000002401,constant,
1.0,2441.361,2441.613,422.5,507.20001220703125,251.9999999999527,constant,
1.0,2441.647,2442.079,249.8000030517578,561.5999755859375,432.00000000024374,constant,
1.0,2442.114,2442.463,420.5,589.5999755859375,349.00000000016007,constant,
1.0,2442.478,2442.526,372.0,582.0999755859375,47.999999999774445,constant,
1.0,2442.747,2442.911,550.7000122070312,605.7999877929688,164.00000000021464,constant,
1.0,2442.927,2443.309,513.2000122070312,630.7999877929688,382.00000000006185,constant,
1.0,2443.317,2443.588,523.2999877929688,599.5,271.00000000018554,constant,
1.0,2443.601,2443.757,540.7999877929688,557.2999877929688,155.99999999994907,constant,
1.0,2443.77,2444.124,569.9000244140625,545.0999755859375,353.99999999981446,constant,
1.0,2444.17,2444.363,939.7000122070312,600.5999755859375,192.99999999975626,constant,
1.0,2444.376,2444.559,931.9000244140625,556.9000244140625,182.99999999999272,constant,
1.0,2444.579,2444.78,957.5,487.29998779296875,201.00000000002183,constant,
1.0,2444.974,2445.32,904.4000244140625,470.70001220703125,346.00000000000364,constant,
1.0,2445.332,2446.224,938.0999755859375,494.29998779296875,892.0000000002801,constant,
1.0,2446.477,2446.874,1152.9000244140625,650.5999755859375,396.9999999999345,constant,
1.0,2446.888,2447.108,1187.699951171875,611.0999755859375,220.00000000025466,constant,
1.0,2447.122,2447.275,1195.699951171875,556.7000122070312,153.00000000024738,constant,
1.0,2447.317,2447.601,1404.9000244140625,688.7000122070312,284.0000000001055,constant,
1.0,2447.609,2447.918,1420.0,664.7000122070312,309.00000000019645,constant,
1.0,2448.127,2448.352,1370.5,642.7999877929688,224.99999999990905,constant,
1.0,2448.368,2448.663,1368.5,585.7999877929688,295.00000000007276,constant,
1.0,2448.672,2448.807,1394.300048828125,585.7999877929688,134.99999999976353,constant,
1.0,2448.842,2449.173,1174.300048828125,599.5999755859375,330.9999999996762,constant,
1.0,2449.196,2449.494,1296.5,604.2000122070312,298.0000000002292,constant,
1.0,2449.524,2449.804,1082.5,603.0,280.0000000002001,constant,
1.0,2449.842,2450.329,1267.199951171875,717.0,487.00000000008004,constant,
1.0,2450.342,2450.631,1250.699951171875,678.2999877929688,288.9999999997599,constant,
1.0,2450.655,2451.136,1265.800048828125,551.2000122070312,480.99999999976717,constant,
1.0,2451.151,2451.43,1263.5,595.4000244140625,278.99999999999636,constant,
1.0,2451.457,2451.777,1134.199951171875,559.0999755859375,320.0000000001637,constant,
1.0,2451.797,2452.471,1144.0999755859375,633.2999877929688,673.9999999999782,constant,
1.0,2452.49,2452.896,1157.4000244140625,557.5999755859375,406.0000000004038,constant,
1.0,2452.92,2453.271,1151.300048828125,683.9000244140625,351.0000000001128,constant,
1.0,2453.285,2453.431,1118.699951171875,671.0,146.00000000018554,constant,
1.0,2453.455,2453.696,1022.0999755859375,654.0999755859375,240.99999999998545,constant,
1.0,2453.719,2453.917,909.4000244140625,596.9000244140625,197.9999999998654,constant,
1.0,2453.929,2454.048,912.0,554.4000244140625,118.99999999968713,constant,
1.0,2454.222,2454.338,921.0999755859375,542.5,115.99999999998545,constant,
1.0,2454.382,2454.65,598.0999755859375,514.7999877929688,268.0000000000291,constant,
1.0,2454.694,2455.034,362.6000061035156,691.0999755859375,340.0000000001455,constant,
1.0,2455.053,2455.229,281.6000061035156,732.2999877929688,175.99999999993088,constant,
1.0,2455.25,2455.495,183.89999389648438,726.5999755859375,244.99999999989086,constant,
1.0,2455.513,2455.959,126.5999984741211,700.2000122070312,445.9999999999127,constant,
1.0,2455.979,2456.369,220.89999389648438,726.7999877929688,390.0000000003274,constant,
1.0,2456.395,2456.577,164.6999969482422,845.2000122070312,182.00000000024374,constant,
1.0,2456.586,2456.843,202.1999969482422,859.0999755859375,257.00000000006185,constant,
1.0,2456.878,2457.062,400.3999938964844,827.9000244140625,183.9999999997417,constant,
1.0,2457.079,2457.146,340.3999938964844,809.0999755859375,67.00000000000728,constant,
1.0,2457.175,2457.386,175.0,796.7999877929688,210.99999999978536,constant,
1.0,2457.409,2457.6,278.29998779296875,790.2000122070312,190.99999999980355,constant,
1.0,2457.627,2457.964,374.20001220703125,689.4000244140625,336.9999999999891,constant,
1.0,2457.987,2458.332,455.1000061035156,626.7000122070312,344.9999999997999,constant,
1.0,2458.356,2458.527,337.70001220703125,641.2000122070312,170.99999999982174,constant,
1.0,2458.765,2458.971,1210.699951171875,800.4000244140625,206.00000000013097,constant,
1.0,2458.995,2459.143,1083.0,806.0999755859375,148.00000000013824,constant,
1.0,2459.166,2459.605,963.0,831.0999755859375,438.99999999985084,constant,
1.0,2459.796,2460.005,1347.800048828125,910.9000244140625,209.0000000002874,constant,
1.0,2460.03,2460.28,1198.300048828125,882.7999877929688,250.0,constant,
1.0,2460.299,2460.567,1109.0,856.7999877929688,268.0000000000291,constant,
1.0,2460.752,2461.061,718.7000122070312,384.3999938964844,309.00000000019645,constant,
1.0,2461.099,2461.156,529.2999877929688,463.1000061035156,56.999999999789,constant,
1.0,2461.576,2461.763,4.199999809265137,391.20001220703125,186.99999999989814,constant,
1.0,2461.789,2462.012,182.39999389648438,338.8999938964844,222.99999999995634,constant,
1.0,2462.039,2462.4,86.19999694824219,292.0,360.9999999998763,constant,
1.0,2462.427,2462.625,111.9000015258789,486.20001220703125,197.9999999998654,constant,
1.0,2462.646,2462.873,80.0999984741211,440.8999938964844,226.99999999986176,constant,
1.0,2463.048,2463.285,737.9000244140625,429.20001220703125,237.00000000008004,constant,
1.0,2463.323,2463.534,565.7000122070312,387.3999938964844,211.0000000002401,constant,
1.0,2463.571,2463.883,414.1000061035156,332.8999938964844,311.99999999989814,constant,
1.0,2463.907,2464.138,381.70001220703125,211.89999389648438,230.99999999976717,constant,
1.0,2464.202,2464.525,845.0999755859375,178.5,322.9999999998654,constant,
1.0,2464.563,2464.642,681.5,197.89999389648438,78.99999999972351,constant,
1.0,2464.789,2465.091,1420.699951171875,237.89999389648438,301.99999999967986,constant,
1.0,2465.11,2465.387,1414.800048828125,313.1000061035156,277.00000000004366,constant,
1.0,2465.466,2465.685,664.5,454.79998779296875,219.00000000005093,constant,
1.0,2465.709,2465.91,577.7000122070312,462.20001220703125,201.00000000002183,constant,
1.0,2465.949,2466.055,355.8999938964844,470.29998779296875,105.99999999976717,constant,
1.0,2466.226,2466.429,364.79998779296875,476.8999938964844,202.99999999997453,constant,
1.0,2466.488,2466.822,823.0,505.3999938964844,334.0000000002874,constant,
1.0,2467.055,2467.309,839.0999755859375,657.0999755859375,254.00000000036016,constant,
1.0,2467.37,2467.6,433.1000061035156,623.2999877929688,230.0000000000182,constant,
1.0,2467.65,2467.817,211.60000610351562,765.5999755859375,166.99999999991633,constant,
1.0,2467.838,2468.149,258.70001220703125,823.9000244140625,310.9999999996944,constant,
1.0,2468.201,2468.446,246.3000030517578,519.0999755859375,244.99999999989086,constant,
1.0,2468.47,2468.694,148.39999389648438,457.1000061035156,224.00000000016007,constant,
1.0,2468.713,2468.874,102.0999984741211,433.0,160.99999999960346,constant,
1.0,2468.988,2469.067,822.9000244140625,1394.0,79.00000000017826,constant,
1.0,2469.084,2469.27,824.7999877929688,1388.4000244140625,186.00000000014916,constant,
1.0,2469.304,2469.76,619.2999877929688,1322.9000244140625,456.00000000013097,constant,
1.0,2470.042,2470.211,898.0,442.79998779296875,168.99999999986903,constant,
1.0,2470.249,2470.5,692.0,396.3999938964844,251.00000000020373,constant,
1.0,2470.521,2471.009,647.5,380.70001220703125,487.999999999829,constant,
1.0,2471.046,2471.424,893.0,378.20001220703125,378.00000000015643,constant,
1.0,2471.449,2471.692,778.9000244140625,376.6000061035156,242.99999999993815,constant,
1.0,2471.929,2472.21,765.2000122070312,430.5,280.99999999994907,constant,
1.0,2472.238,2472.468,654.2999877929688,370.70001220703125,230.0000000000182,constant,
1.0,2472.737,2472.892,549.0,367.29998779296875,154.99999999974534,constant,
1.0,2472.916,2473.226,471.1000061035156,369.5,309.99999999994543,constant,
1.0,2473.24,2473.557,512.5,353.3999938964844,317.0000000000073,constant,
1.0,2473.579,2474.285,453.5,398.20001220703125,705.9999999996762,constant,
1.0,2474.295,2474.922,446.70001220703125,399.20001220703125,626.9999999999527,constant,
1.0,2474.94,2475.045,499.79998779296875,398.0,105.00000000001819,constant,
1.0,2475.252,2475.323,496.1000061035156,399.20001220703125,70.99999999991269,constant,
1.0,2475.373,2475.573,719.2999877929688,380.79998779296875,199.9999999998181,constant,
1.0,2475.59,2476.092,682.2000122070312,401.20001220703125,501.9999999999527,constant,
1.0,2476.106,2476.415,682.7999877929688,369.5,308.9999999997417,constant,
1.0,2476.446,2476.61,903.5999755859375,383.3999938964844,164.00000000021464,constant,
1.0,2476.646,2476.753,691.2000122070312,371.5,106.9999999999709,constant,
1.0,2476.999,2477.266,500.1000061035156,392.6000061035156,267.0000000002801,constant,
1.0,2477.276,2477.564,493.70001220703125,367.5,288.0000000000109,constant,
1.0,2477.575,2477.694,521.0999755859375,359.5,119.00000000014188,constant,
1.0,2477.767,2478.197,1110.9000244140625,414.0,430.00000000029104,constant,
1.0,2478.423,2478.524,1115.300048828125,422.79998779296875,101.00000000011278,constant,
1.0,2478.577,2478.753,980.7999877929688,703.5,175.99999999993088,constant,
1.0,2478.779,2479.008,1124.800048828125,730.0999755859375,228.99999999981446,constant,
1.0,2479.032,2479.286,1032.4000244140625,694.7999877929688,253.9999999999054,constant,
1.0,2479.331,2479.917,805.5,731.4000244140625,585.9999999997854,constant,
1.0,2480.205,2480.29,1097.699951171875,769.2999877929688,85.00000000003638,constant,
1.0,2480.364,2480.837,817.0999755859375,1294.199951171875,472.99999999995634,constant,
1.0,2480.873,2481.011,1060.699951171875,1306.0999755859375,137.99999999991996,constant,
1.0,2481.057,2481.241,966.7000122070312,1555.4000244140625,184.00000000019645,constant,
1.0,2481.261,2481.436,944.5,1617.800048828125,175.0000000001819,constant,
1.0,2481.447,2481.799,933.7000122070312,1631.300048828125,351.99999999986176,constant,
1.0,2481.957,2482.425,688.7000122070312,1725.4000244140625,468.00000000030195,constant,
1.0,2482.454,2482.853,885.0999755859375,1649.699951171875,398.9999999998872,constant,
1.0,2483.294,2483.491,999.7999877929688,1200.699951171875,197.00000000011642,constant,
1.0,2483.503,2483.533,1017.7999877929688,1178.800048828125,29.99999999974534,constant,
1.0,2483.566,2483.594,1006.5,1184.699951171875,28.000000000247383,constant,
1.0,2484.233,2484.425,1107.800048828125,1267.199951171875,192.00000000000728,constant,
1.0,2484.477,2486.386,647.2000122070312,1272.800048828125,1909.0000000001055,constant,
1.0,2486.395,2487.039,642.5,1274.4000244140625,644.0000000002328,constant,
1.0,2487.054,2487.33,601.7999877929688,1275.5,275.99999999983993,constant,
1.0,2487.384,2487.414,763.0999755859375,869.7000122070312,30.00000000020009,constant,
1.0,2487.446,2487.497,768.9000244140625,816.0,50.99999999993088,constant,
1.0,2487.534,2487.632,763.0999755859375,853.4000244140625,97.99999999995634,constant,
1.0,2487.717,2487.834,555.2999877929688,1222.5,116.99999999973443,constant,
1.0,2487.853,2488.822,550.4000244140625,1218.0999755859375,969.0000000000509,constant,
1.0,2488.843,2489.825,617.5,1231.5,981.9999999999709,constant,
1.0,2490.074,2490.167,582.7999877929688,1162.0999755859375,92.9999999998472,constant,
1.0,2490.184,2490.352,583.2999877929688,1198.199951171875,167.9999999996653,constant,
1.0,2490.577,2490.601,590.9000244140625,1176.800048828125,23.999999999887223,constant,
1.0,2490.852,2490.933,608.7999877929688,1219.5,81.00000000013097,constant,
1.0,2490.949,2490.985,609.2999877929688,1221.9000244140625,36.00000000005821,constant,
1.0,2491.007,2492.051,614.0999755859375,1250.199951171875,1043.999999999869,constant,
1.0,2492.134,2492.176,912.2000122070312,1645.5999755859375,41.99999999991633,constant,
1.0,2492.186,2492.436,909.7000122070312,1643.800048828125,250.0,constant,
1.0,2492.474,2492.602,925.7000122070312,1588.199951171875,127.99999999970169,constant,
1.0,2492.613,2492.64,930.2999877929688,1578.5999755859375,27.000000000043656,constant,
1.0,2492.656,2492.976,950.5,1575.0,320.0000000001637,constant,
1.0,2493.216,2493.295,1130.5,1162.800048828125,79.00000000017826,constant,
1.0,2493.35,2493.381,1110.5,1238.5,30.99999999994907,constant,
1.0,2493.517,2493.555,1132.5999755859375,1366.800048828125,38.000000000010914,constant,
1.0,2493.638,2493.765,181.1999969482422,1422.0999755859375,126.9999999999527,constant,
1.0,2494.078,2494.375,385.29998779296875,705.7000122070312,297.00000000002547,constant,
1.0,2494.422,2494.542,498.1000061035156,435.79998779296875,119.99999999989086,constant,
1.0,2494.551,2496.171,802.4000244140625,534.4000244140625,1619.9999999998909,,
1.0,2496.205,2496.435,605.5999755859375,591.5999755859375,230.0000000000182,constant,
1.0,2496.48,2496.712,1024.0,676.2999877929688,231.9999999999709,constant,
1.0,2496.756,2496.959,738.9000244140625,806.4000244140625,202.99999999997453,constant,
1.0,2497.015,2497.423,819.0,373.1000061035156,407.9999999999018,constant,
1.0,2497.439,2497.614,830.9000244140625,308.8999938964844,175.0000000001819,constant,
1.0,2497.661,2497.826,470.6000061035156,255.89999389648438,164.99999999996362,constant,
1.0,2498.591,2498.728,627.2999877929688,848.5,137.00000000017099,constant,
1.0,2498.779,2499.019,221.0,747.2999877929688,239.99999999978172,constant,
1.0,2499.083,2499.252,860.9000244140625,826.5,168.99999999986903,constant,
1.0,2499.293,2499.539,585.7999877929688,844.0,246.0000000000946,constant,
1.0,2499.592,2499.983,1130.0,872.5999755859375,391.0000000000764,constant,
1.0,2500.024,2500.296,1402.699951171875,920.7000122070312,271.9999999999345,constant,
1.0,2500.313,2500.461,1348.699951171875,916.5999755859375,147.9999999996835,constant,
1.0,2500.519,2500.937,710.0,816.4000244140625,418.00000000012005,constant,
1.0,2500.982,2501.399,416.8999938964844,739.5,416.9999999999163,constant,
1.0,2501.452,2501.71,815.0,745.0,257.9999999998108,constant,
1.0,2501.75,2501.944,668.7000122070312,870.5999755859375,193.99999999995998,constant,
1.0,2501.988,2502.167,829.9000244140625,591.0999755859375,179.0000000000873,constant,
1.0,2502.217,2502.516,787.7999877929688,288.3999938964844,298.9999999999782,constant,
1.0,2502.571,2502.868,566.5999755859375,552.9000244140625,297.00000000002547,constant,
1.0,2502.923,2503.188,1091.800048828125,729.7999877929688,265.0000000003274,constant,
1.0,2503.244,2503.387,1061.699951171875,341.6000061035156,143.0000000000291,constant,
1.0,2503.43,2503.671,773.0,300.20001220703125,240.99999999998545,constant,
1.0,2503.723,2504.149,451.29998779296875,252.39999389648438,425.9999999999309,constant,
1.0,2504.195,2504.76,848.0999755859375,300.3999938964844,565.0000000000546,constant,
1.0,2504.815,2505.024,1261.300048828125,415.20001220703125,208.99999999983265,constant,
1.0,2505.076,2505.461,790.7999877929688,347.5,384.99999999976353,constant,
1.0,2505.494,2505.977,551.7999877929688,472.29998779296875,482.9999999997199,constant,
1.0,2506.02,2506.397,767.7999877929688,389.6000061035156,376.9999999999527,constant,
1.0,2506.69,2507.205,724.7000122070312,335.70001220703125,514.9999999998727,constant,
1.0,2507.231,2507.415,648.7999877929688,453.79998779296875,183.9999999997417,constant,
1.0,2507.442,2507.511,626.7999877929688,536.7000122070312,68.99999999995998,constant,
1.0,2507.537,2507.662,638.4000244140625,617.2000122070312,125.0,constant,
1.0,2507.721,2507.934,1099.0,701.7999877929688,213.0000000001928,constant,
1.0,2507.976,2508.225,785.0,766.0999755859375,248.99999999979627,constant,
1.0,2508.281,2508.395,1219.5,888.2000122070312,114.00000000003274,constant,
1.0,2508.442,2508.622,1553.5,973.4000244140625,179.9999999998363,constant,
1.0,2508.67,2508.862,1096.4000244140625,848.5999755859375,192.00000000000728,constant,
1.0,2508.897,2509.079,872.7999877929688,835.0,182.00000000024374,constant,
1.0,2509.099,2509.248,798.0999755859375,861.4000244140625,148.99999999988722,constant,
1.0,2509.296,2509.415,423.20001220703125,800.4000244140625,119.00000000014188,constant,
1.0,2509.629,2509.771,470.70001220703125,732.4000244140625,142.00000000028012,constant,
1.0,2509.813,2510.072,208.8000030517578,755.5,259.00000000001455,constant,
1.0,2510.126,2510.321,558.2000122070312,815.0999755859375,194.99999999970896,constant,
1.0,2510.381,2510.634,699.9000244140625,334.8999938964844,253.00000000015643,constant,
1.0,2510.676,2511.189,460.20001220703125,248.0,512.99999999992,constant,
1.0,2511.233,2511.498,814.9000244140625,270.8999938964844,264.99999999987267,constant,
1.0,2511.547,2511.836,1101.5,308.3999938964844,288.9999999997599,constant,
1.0,2511.968,2512.352,996.4000244140625,345.29998779296875,384.00000000001455,constant,
1.0,2512.4,2512.985,677.5,296.6000061035156,585.0000000000364,constant,
1.0,2513.004,2513.302,625.5,342.0,298.0000000002292,constant,
1.0,2513.348,2513.685,370.3999938964844,257.79998779296875,336.9999999999891,constant,
1.0,2513.728,2513.952,581.0999755859375,330.29998779296875,224.00000000016007,constant,
1.0,2513.996,2514.314,867.5999755859375,330.0,317.99999999975626,constant,
1.0,2514.543,2515.198,512.0,265.1000061035156,654.9999999997453,constant,
1.0,2515.237,2515.582,267.5,253.0,344.9999999997999,constant,
1.0,2515.743,2516.869,594.0999755859375,259.0,1126.0000000002037,constant,
1.0,2516.897,2517.004,733.7999877929688,306.0,106.9999999999709,constant,
1.0,2517.086,2517.228,834.2999877929688,314.1000061035156,142.00000000028012,constant,
1.0,2517.277,2517.673,499.1000061035156,251.8000030517578,395.9999999997308,constant,
1.0,2517.719,2518.269,219.10000610351562,257.6000061035156,549.9999999997272,constant,
1.0,2518.496,2519.121,694.5,340.70001220703125,625.0,constant,
1.0,2519.297,2520.028,954.5999755859375,382.3999938964844,730.9999999997672,constant,
1.0,2520.186,2520.901,969.5,373.29998779296875,714.9999999996908,constant,
1.0,2520.945,2521.103,721.2999877929688,465.20001220703125,157.99999999990177,constant,
1.0,2521.14,2521.881,551.2000122070312,551.5999755859375,740.9999999999854,constant,
1.0,2521.914,2522.086,386.79998779296875,684.5,171.99999999957072,constant,
1.0,2522.138,2522.402,976.4000244140625,762.5999755859375,264.0000000001237,constant,
1.0,2522.429,2522.624,832.5,829.2999877929688,194.99999999970896,constant,
1.0,2522.642,2522.943,797.9000244140625,861.4000244140625,301.0000000003856,constant,
1.0,2522.988,2523.622,1211.300048828125,826.2999877929688,634.0000000000146,constant,
1.0,2523.818,2526.426,688.0999755859375,424.29998779296875,2607.99999999972,constant,
1.0,2526.559,2526.858,554.5,500.70001220703125,298.9999999999782,constant,
1.0,2526.905,2527.113,750.0999755859375,332.70001220703125,207.99999999962893,constant,
1.0,2527.157,2527.766,468.6000061035156,249.5,608.9999999999236,constant,
1.0,2527.813,2528.172,793.7000122070312,347.29998779296875,358.9999999999236,constant,
1.0,2528.226,2528.475,1086.699951171875,612.7999877929688,248.99999999979627,constant,
1.0,2528.62,2528.72,1341.0,771.9000244140625,99.99999999990905,constant,
1.0,2528.771,2529.043,913.5999755859375,815.5999755859375,271.9999999999345,constant,
1.0,2529.099,2529.267,457.8999938964844,731.9000244140625,167.9999999996653,constant,
1.0,2529.317,2529.602,956.2999877929688,816.9000244140625,284.9999999998545,constant,
1.0,2529.628,2529.802,771.4000244140625,846.7000122070312,173.99999999997817,constant,
1.0,2529.828,2530.44,934.2000122070312,822.9000244140625,612.00000000008,constant,
1.0,2530.45,2531.365,919.7999877929688,791.9000244140625,914.9999999999636,constant,
1.0,2531.428,2531.61,585.4000244140625,475.0,182.00000000024374,constant,
1.0,2531.658,2531.843,260.29998779296875,520.0999755859375,184.99999999994543,constant,
1.0,2531.87,2532.065,236.8000030517578,721.5999755859375,195.0000000001637,constant,
1.0,2532.073,2532.437,234.10000610351562,735.5,364.00000000003274,constant,
1.0,2532.481,2532.878,571.0999755859375,813.7999877929688,396.9999999999345,constant,
1.0,2532.902,2533.138,449.70001220703125,810.5,235.9999999998763,constant,
1.0,2533.185,2533.453,846.0999755859375,852.2000122070312,268.0000000000291,constant,
1.0,2533.473,2533.633,795.2999877929688,861.4000244140625,159.99999999985448,constant,
1.0,2533.694,2534.018,1386.300048828125,893.5,324.0000000000691,constant,
1.0,2534.03,2534.289,1425.5999755859375,931.4000244140625,259.00000000001455,constant,
1.0,2534.3,2534.492,1399.5,930.0,192.00000000000728,constant,
1.0,2534.508,2534.871,1354.300048828125,904.2000122070312,363.00000000028376,constant,
1.0,2534.925,2535.111,826.5999755859375,834.0,185.9999999996944,constant,
1.0,2535.166,2535.407,662.5,367.79998779296875,240.99999999998545,constant,
1.0,2535.447,2535.957,451.29998779296875,253.89999389648438,509.99999999976353,constant,
1.0,2535.997,2536.205,267.5,245.5,208.00000000008367,constant,
1.0,2536.362,2536.775,804.0999755859375,261.70001220703125,413.0000000000109,constant,
1.0,2536.792,2536.926,840.2000122070312,296.8999938964844,134.00000000001455,constant,
1.0,2537.095,2537.434,805.4000244140625,297.3999938964844,339.00000000039654,constant,
1.0,2537.615,2537.889,753.2000122070312,343.6000061035156,274.00000000034197,constant,
1.0,2538.142,2538.587,320.3999938964844,216.39999389648438,445.0000000001637,constant,
1.0,2538.801,2538.882,820.7999877929688,281.20001220703125,81.00000000013097,constant,
1.0,2539.351,2539.687,388.6000061035156,264.1000061035156,335.99999999978536,constant,
1.0,2539.736,2540.018,614.2999877929688,228.6999969482422,282.0000000001528,constant,
1.0,2540.039,2540.395,559.5999755859375,235.8000030517578,355.99999999976717,constant,
1.0,2540.438,2540.855,398.8999938964844,198.89999389648438,416.9999999999163,constant,
1.0,2540.884,2541.747,210.89999389648438,194.8000030517578,862.999999999829,constant,
1.0,2541.871,2542.483,185.5,181.3000030517578,612.00000000008,constant,
1.0,2542.574,2542.914,235.39999389648438,649.2999877929688,340.0000000001455,constant,
1.0,2542.931,2543.016,156.8000030517578,643.2000122070312,85.00000000003638,constant,
1.0,2543.06,2543.255,484.1000061035156,774.0999755859375,195.0000000001637,constant,
1.0,2543.263,2543.397,465.29998779296875,780.9000244140625,134.00000000001455,constant,
1.0,2543.444,2543.529,854.0999755859375,831.0,85.00000000003638,constant,
1.0,2543.716,2543.854,885.2999877929688,819.5,137.99999999991996,constant,
1.0,2543.878,2544.169,759.2000122070312,855.0,290.9999999997126,constant,
1.0,2544.207,2544.778,941.0,820.7999877929688,570.9999999999127,constant,
1.0,2544.846,2545.226,657.5,1237.5999755859375,380.00000000010914,constant,
1.0,2545.282,2545.427,1083.300048828125,741.9000244140625,144.9999999999818,constant,
1.0,2545.475,2545.732,1361.199951171875,774.9000244140625,257.00000000006185,constant,
1.0,2545.898,2546.158,1141.4000244140625,688.2000122070312,259.99999999976353,constant,
1.0,2546.182,2546.399,1020.9000244140625,654.5999755859375,217.00000000009823,constant,
1.0,2546.454,2546.651,504.6000061035156,647.2000122070312,196.99999999966167,constant,
1.0,2546.845,2547.171,347.5,590.2999877929688,326.0000000000218,constant,
1.0,2547.197,2547.463,363.8999938964844,768.4000244140625,266.0000000000764,constant,
1.0,2547.487,2547.752,481.8999938964844,795.7000122070312,264.99999999987267,constant,
1.0,2548.01,2548.27,861.2000122070312,830.5,259.99999999976353,constant,
1.0,2548.29,2548.503,797.2999877929688,848.5,213.0000000001928,constant,
1.0,2548.528,2548.807,962.7000122070312,809.9000244140625,278.99999999999636,constant,
1.0,2548.819,2548.994,929.0999755859375,794.0,175.0000000001819,constant,
1.0,2549.208,2549.46,560.2999877929688,734.9000244140625,251.9999999999527,constant,
1.0,2549.486,2549.904,442.8999938964844,773.5999755859375,418.00000000012005,constant,
1.0,2549.945,2550.254,237.8000030517578,730.0999755859375,308.9999999997417,constant,
1.0,2550.312,2550.947,601.4000244140625,802.4000244140625,635.0000000002183,constant,
1.0,2550.974,2551.15,572.0999755859375,646.9000244140625,175.99999999993088,constant,
1.0,2551.381,2551.766,499.8999938964844,587.7999877929688,385.0000000002183,constant,
1.0,2551.807,2552.297,277.79998779296875,554.2000122070312,490.00000000023647,constant,
1.0,2552.501,2552.79,352.3999938964844,579.4000244140625,288.9999999997599,constant,
1.0,2552.823,2553.071,563.5,605.5999755859375,248.0000000000473,constant,
1.0,2553.098,2553.425,767.9000244140625,634.2999877929688,327.00000000022555,constant,
1.0,2553.686,2553.996,1090.4000244140625,713.0,309.99999999994543,constant,
1.0,2554.052,2554.358,1470.0999755859375,867.5999755859375,306.00000000004,constant,
1.0,2554.383,2554.596,1309.0,904.7999877929688,213.0000000001928,constant,
1.0,2554.623,2554.963,1132.199951171875,876.5,340.0000000001455,constant,
1.0,2555.022,2555.507,683.5999755859375,793.5999755859375,485.00000000012733,constant,
1.0,2555.569,2555.639,216.10000610351562,709.7000122070312,70.00000000016371,constant,
1.0,2555.88,2556.318,143.89999389648438,682.4000244140625,438.00000000010186,constant,
1.0,2556.364,2556.534,510.29998779296875,781.7999877929688,170.00000000007276,constant,
1.0,2556.586,2556.802,143.39999389648438,632.7000122070312,216.00000000034925,constant,
1.0,2556.826,2557.697,95.0999984741211,603.5999755859375,871.0000000000946,constant,
1.0,2557.72,2557.887,213.39999389648438,604.0,167.00000000037107,constant,
1.0,2557.948,2558.286,722.2000122070312,666.5,338.0000000001928,constant,
1.0,2558.327,2558.564,981.0,721.7000122070312,236.9999999996253,constant,
1.0,2558.585,2558.916,1026.0999755859375,617.5,331.00000000013097,constant,
1.0,2558.968,2559.418,765.2999877929688,813.7999877929688,450.00000000027285,constant,
1.0,2559.464,2559.692,1153.0999755859375,819.4000244140625,228.00000000006548,constant,
1.0,2559.714,2559.982,1055.0999755859375,816.2999877929688,268.0000000000291,constant,
1.0,2560.015,2560.383,1199.4000244140625,878.0999755859375,367.99999999993815,constant,
1.0,2560.411,2560.652,1385.4000244140625,908.0,240.99999999998545,constant,
1.0,2560.66,2561.119,1411.9000244140625,924.7000122070312,459.0000000002874,constant,
1.0,2561.177,2561.619,774.0999755859375,834.5999755859375,442.0000000000073,constant,
1.0,2561.667,2561.871,423.5,794.5999755859375,204.00000000017826,constant,
1.0,2561.917,2562.086,868.2999877929688,780.9000244140625,168.99999999986903,constant,
1.0,2562.103,2562.505,924.4000244140625,783.2999877929688,402.00000000004366,constant,
1.0,2562.611,2563.008,913.2000122070312,756.5999755859375,396.9999999999345,constant,
1.0,2563.021,2564.205,943.2999877929688,797.4000244140625,1183.9999999997417,constant,
1.0,2564.228,2564.417,863.7999877929688,752.7000122070312,188.99999999985084,constant,
1.0,2564.433,2564.721,921.7999877929688,767.0999755859375,288.0000000000109,constant,
1.0,2564.763,2565.034,883.9000244140625,469.6000061035156,271.00000000018554,constant,
1.0,2565.054,2565.222,872.2999877929688,386.3999938964844,168.00000000012005,constant,
1.0,2565.268,2565.598,547.7000122070312,362.79998779296875,329.99999999992724,constant,
1.0,2565.61,2565.892,585.2999877929688,388.5,281.99999999969805,constant,
1.0,2565.908,2566.137,544.7999877929688,404.6000061035156,229.0000000002692,constant,
1.0,2566.191,2566.534,185.10000610351562,446.6000061035156,343.00000000030195,constant,
1.0,2566.586,2566.747,700.2000122070312,432.1000061035156,161.0000000000582,constant,
1.0,2566.976,2567.323,924.0999755859375,719.7999877929688,346.9999999997526,constant,
1.0,2567.366,2567.536,1244.0999755859375,818.0,170.00000000007276,constant,
1.0,2567.562,2567.773,1394.0999755859375,887.7000122070312,211.0000000002401,constant,
1.0,2567.785,2568.324,1415.4000244140625,928.2999877929688,539.0000000002146,constant,
1.0,2568.378,2568.589,866.0999755859375,845.7999877929688,210.99999999978536,constant,
1.0,2568.606,2568.758,922.2000122070312,823.7000122070312,151.9999999995889,constant,
1.0,2568.806,2568.922,972.5999755859375,499.3999938964844,115.99999999998545,constant,
1.0,2568.957,2569.28,1045.5,291.29998779296875,323.00000000032014,constant,
1.0,2569.335,2569.572,1425.9000244140625,236.5,237.00000000008004,constant,
1.0,2569.632,2569.888,876.2000122070312,236.1999969482422,255.99999999985812,constant,
1.0,2569.91,2570.219,799.0,255.60000610351562,309.00000000019645,constant,
1.0,2570.285,2570.519,413.6000061035156,216.3000030517578,233.9999999999236,constant,
1.0,2570.559,2570.821,770.0,276.5,261.99999999971624,constant,
1.0,2570.89,2571.032,550.9000244140625,561.7999877929688,142.00000000028012,constant,
1.0,2571.274,2571.485,499.3999938964844,555.4000244140625,211.0000000002401,constant,
1.0,2571.54,2572.004,1098.800048828125,633.5999755859375,463.9999999999418,constant,
1.0,2572.061,2572.163,700.9000244140625,684.5,101.99999999986176,constant,
1.0,2572.19,2572.477,540.0999755859375,751.2999877929688,286.9999999998072,constant,
1.0,2572.5,2572.911,433.0,786.7999877929688,411.0000000000582,constant,
1.0,2572.934,2573.409,327.1000061035156,793.2999877929688,474.99999999990905,constant,
1.0,2573.44,2573.673,141.3000030517578,719.2000122070312,232.99999999971988,constant,
1.0,2573.951,2574.724,704.7999877929688,665.7999877929688,773.0000000001382,constant,
1.0,2575.035,2575.448,719.2999877929688,844.0999755859375,413.0000000000109,constant,
1.0,2575.488,2575.827,700.2000122070312,655.4000244140625,339.00000000039654,constant,
1.0,2576.218,2576.544,596.2000122070312,677.0,326.0000000000218,constant,
1.0,2576.57,2576.871,458.6000061035156,769.0,300.9999999999309,constant,
1.0,2577.18,2577.248,475.0,760.0,68.000000000211,constant,
1.0,2577.257,2577.455,462.6000061035156,784.4000244140625,197.9999999998654,constant,
1.0,2577.509,2578.091,827.5999755859375,834.5999755859375,581.99999999988,constant,
1.0,2578.113,2578.412,855.4000244140625,737.2000122070312,298.9999999999782,constant,
1.0,2578.643,2579.052,1093.5999755859375,708.2000122070312,409.0000000001055,constant,
1.0,2579.073,2580.449,1146.9000244140625,633.5999755859375,1376.0000000002037,constant,
1.0,2580.468,2581.283,1215.4000244140625,633.7000122070312,815.0000000000546,constant,
1.0,2581.303,2584.823,1200.5,721.5,3519.999999999982,constant,
1.0,2584.879,2586.916,749.7000122070312,722.4000244140625,2037.000000000262,constant,
1.0,2587.139,2591.783,796.5999755859375,688.2000122070312,4643.999999999778,constant,
1.0,2592.017,2597.486,766.0,693.0999755859375,5469.000000000051,constant,
1.0,2597.691,2598.369,343.6000061035156,671.0,678.0000000003383,constant,
1.0,2598.413,2598.652,515.7999877929688,386.79998779296875,239.00000000003274,constant,
1.0,2598.676,2598.831,557.7999877929688,301.29998779296875,155.0000000002001,constant,
1.0,2598.858,2599.095,729.2999877929688,307.29998779296875,236.9999999996253,constant,
1.0,2599.119,2599.404,851.7999877929688,366.70001220703125,284.9999999998545,constant,
1.0,2599.576,2599.905,449.79998779296875,316.20001220703125,329.00000000017826,constant,
1.0,2599.955,2600.436,880.7999877929688,345.0,481.0000000002219,constant,
1.0,2600.642,2605.431,1139.5,357.70001220703125,4789.000000000215,constant,
1.0,2605.461,2607.152,932.9000244140625,514.4000244140625,1691.0000000002583,constant,
1.0,2607.306,2610.013,950.4000244140625,486.0,2706.99999999988,constant,
1.0,2610.249,2614.461,877.4000244140625,655.9000244140625,4211.999999999989,constant,
1.0,2614.681,2620.105,852.5,630.4000244140625,5423.999999999978,constant,
1.0,2620.145,2620.179,863.2000122070312,512.5999755859375,34.0000000001055,constant,
1.0,2620.252,2626.876,873.5,627.9000244140625,6624.000000000251,constant,
1.0,2627.102,2627.478,625.7999877929688,672.7999877929688,376.0000000002037,constant,
1.0,2627.502,2627.619,514.4000244140625,674.4000244140625,117.00000000018917,constant,
1.0,2627.659,2627.995,275.5,688.0999755859375,335.99999999978536,constant,
1.0,2628.029,2628.094,397.3999938964844,756.5999755859375,65.00000000005457,constant,
1.0,2628.122,2628.281,552.4000244140625,830.2000122070312,159.0000000001055,constant,
1.0,2628.45,2628.659,883.2999877929688,867.4000244140625,209.0000000002874,constant,
1.0,2628.71,2628.928,439.1000061035156,797.7000122070312,217.9999999998472,constant,
1.0,2628.966,2629.188,236.60000610351562,754.2000122070312,222.00000000020736,constant,
1.0,2629.412,2629.738,874.0999755859375,852.2000122070312,326.0000000000218,constant,
1.0,2629.757,2630.009,957.7999877929688,849.9000244140625,251.9999999999527,constant,
1.0,2630.022,2630.663,929.9000244140625,808.0999755859375,641.0000000000764,constant,
1.0,2630.69,2630.946,813.5,858.7000122070312,255.99999999985812,constant,
1.0,2630.992,2631.174,442.5,794.2000122070312,181.999999999789,constant,
1.0,2631.2,2631.377,612.7000122070312,813.2000122070312,177.0000000001346,constant,
1.0,2631.404,2631.673,473.0,790.9000244140625,268.9999999997781,constant,
1.0,2631.684,2631.824,445.70001220703125,793.5999755859375,139.99999999987267,constant,
1.0,2632.285,2632.381,1044.4000244140625,677.2000122070312,96.00000000000364,constant,
1.0,2632.421,2632.694,880.5999755859375,742.5999755859375,273.00000000013824,constant,
1.0,2632.709,2632.936,902.9000244140625,779.7999877929688,227.0000000003165,constant,
1.0,2632.987,2633.186,482.6000061035156,723.0999755859375,199.00000000006912,constant,
1.0,2633.228,2633.38,268.79998779296875,730.0,152.00000000004366,constant,
1.0,2633.39,2633.603,252.1999969482422,731.5999755859375,213.0000000001928,constant,
1.0,2633.643,2634.489,592.0,797.7999877929688,846.0000000000036,constant,
1.0,2634.536,2634.748,297.5,762.7999877929688,211.9999999999891,constant,
1.0,2634.762,2634.99,265.79998779296875,747.7999877929688,227.99999999961074,constant,
1.0,2635.0,2635.11,295.0,742.2000122070312,110.00000000012733,constant,
1.0,2635.146,2635.425,481.5,794.0999755859375,278.99999999999636,constant,
1.0,2635.697,2635.757,526.5,799.7000122070312,59.99999999994543,constant,
1.0,2635.768,2636.068,492.6000061035156,803.9000244140625,300.0000000001819,constant,
1.0,2636.106,2636.265,720.5999755859375,843.2999877929688,158.99999999965075,constant,
1.0,2636.286,2636.705,808.2999877929688,854.0,418.99999999986903,constant,
1.0,2636.759,2636.961,1226.5999755859375,888.0,201.9999999997708,constant,
1.0,2636.978,2637.164,1162.699951171875,892.2000122070312,186.00000000014916,constant,
1.0,2637.201,2637.641,1410.5,919.2000122070312,440.00000000005457,constant,
1.0,2637.65,2637.871,1384.9000244140625,919.9000244140625,221.00000000000364,constant,
1.0,2637.879,2638.014,1361.9000244140625,907.9000244140625,135.00000000021828,constant,
1.0,2638.274,2638.365,1390.0999755859375,881.2000122070312,90.9999999998945,constant,
1.0,2638.375,2638.714,1360.300048828125,896.9000244140625,338.9999999999418,constant,
1.0,2638.757,2638.95,1132.300048828125,884.2999877929688,192.99999999975626,constant,
1.0,2638.998,2639.267,825.2999877929688,850.9000244140625,268.9999999997781,constant,
1.0,2639.284,2639.496,775.7999877929688,854.7000122070312,211.9999999999891,constant,
1.0,2639.56,2639.627,643.0,1092.0999755859375,67.00000000000728,constant,
1.0,2639.665,2640.393,653.4000244140625,1221.0,728.0000000000655,constant,
1.0,2640.558,2640.687,621.7999877929688,1224.199951171875,128.9999999999054,constant,
1.0,2641.724,2641.753,794.2000122070312,352.20001220703125,28.999999999996362,constant,
1.0,2641.802,2642.081,390.79998779296875,406.5,278.99999999999636,constant,
1.0,2642.125,2642.338,779.0,379.0,213.0000000001928,constant,
1.0,2642.405,2642.577,1108.5999755859375,710.4000244140625,172.00000000002547,constant,
1.0,2642.625,2642.896,801.7000122070312,794.7999877929688,271.00000000018554,constant,
1.0,2642.919,2643.22,688.5,845.4000244140625,300.9999999999309,constant,
1.0,2643.259,2643.611,528.2999877929688,828.4000244140625,351.99999999986176,constant,
1.0,2643.847,2644.083,848.2000122070312,851.2999877929688,235.9999999998763,constant,
1.0,2644.107,2644.475,965.0,838.7000122070312,367.99999999993815,constant,
1.0,2644.525,2644.643,615.2999877929688,763.7000122070312,117.99999999993815,constant,
1.0,2644.865,2645.016,602.0,709.0,151.00000000029468,constant,
1.0,2645.064,2645.389,259.20001220703125,716.2999877929688,325.00000000027285,constant,
1.0,2645.415,2645.63,386.6000061035156,587.7000122070312,215.00000000014552,constant,
1.0,2645.681,2645.854,806.0999755859375,690.0,172.99999999977445,constant,
1.0,2647.395,2647.643,993.2999877929688,593.9000244140625,248.0000000000473,constant,
1.0,2647.691,2647.915,765.2000122070312,346.29998779296875,224.00000000016007,constant,
1.0,2647.988,2648.128,1220.5,764.5,140.00000000032742,constant,
1.0,2648.165,2648.627,1368.199951171875,907.9000244140625,461.9999999999891,constant,
1.0,2648.653,2648.871,1529.699951171875,860.7999877929688,218.00000000030195,constant,
1.0,2648.936,2649.158,798.2000122070312,823.2999877929688,221.99999999975262,constant,
1.0,2649.222,2649.521,679.2999877929688,1224.0999755859375,298.9999999999782,constant,
1.0,2649.547,2649.836,588.2999877929688,1279.0999755859375,288.9999999997599,constant,
1.0,2650.15,2650.336,260.1000061035156,638.4000244140625,185.9999999996944,constant,
1.0,2650.36,2650.532,363.1000061035156,731.0,172.00000000002547,constant,
1.0,2650.554,2650.811,267.8999938964844,737.5,257.00000000006185,constant,
1.0,2650.866,2651.35,635.5,797.7999877929688,483.9999999999236,constant,
1.0,2651.629,2651.913,517.4000244140625,525.7000122070312,284.0000000001055,constant,
1.0,2651.963,2652.11,471.6000061035156,321.6000061035156,146.99999999993452,constant,
1.0,2652.162,2652.405,203.39999389648438,670.9000244140625,243.0000000003929,constant,
1.0,2652.45,2652.686,614.5,738.2000122070312,236.00000000033106,constant,
1.0,2652.71,2652.968,737.2999877929688,665.2999877929688,257.9999999998108,constant,
1.0,2653.01,2653.356,936.2999877929688,796.4000244140625,346.00000000000364,constant,
1.0,2653.379,2653.416,814.7000122070312,538.9000244140625,37.000000000261934,,
1.0,2653.587,2654.574,811.5,528.7000122070312,987.00000000008,,
1.0,2654.755,2655.091,806.0,525.0,335.99999999978536,constant,
1.0,2655.124,2655.304,665.0999755859375,577.9000244140625,180.00000000029104,constant,
1.0,2655.359,2655.646,207.39999389648438,853.0,287.00000000026193,constant,
1.0,2655.668,2655.846,309.20001220703125,913.7000122070312,177.99999999988358,constant,
1.0,2655.863,2655.992,375.0,923.2000122070312,129.00000000036016,constant,
1.0,2656.008,2656.249,458.5,942.2999877929688,240.99999999998545,constant,
1.0,2656.305,2656.677,780.5,488.6000061035156,372.0000000002983,constant,
1.0,2656.697,2656.935,854.7999877929688,547.2000122070312,237.99999999982901,constant,
1.0,2656.974,2657.195,624.2999877929688,596.2999877929688,221.00000000000364,constant,
1.0,2657.238,2657.506,997.0999755859375,649.7000122070312,268.0000000000291,constant,
1.0,2657.528,2657.865,1107.5999755859375,673.2000122070312,336.9999999999891,constant,
1.0,2658.005,2658.221,702.5,652.5999755859375,215.9999999998945,constant,
1.0,2658.24,2658.568,773.2000122070312,679.0,328.0000000004293,constant,
1.0,2658.59,2658.726,688.2000122070312,647.2999877929688,135.99999999996726,constant,
1.0,2658.787,2658.992,244.6999969482422,384.8999938964844,205.000000000382,constant,
1.0,2659.018,2659.155,229.10000610351562,270.5,137.00000000017099,constant,
1.0,2659.21,2659.78,800.2000122070312,537.5999755859375,570.0000000001637,constant,
1.0,2659.823,2660.132,1056.5999755859375,703.5999755859375,309.00000000019645,constant,
1.0,2660.157,2660.406,932.0,658.4000244140625,248.99999999979627,constant,
1.0,2660.444,2660.627,761.7000122070312,569.2000122070312,182.99999999999272,constant,
1.0,2660.665,2660.854,619.4000244140625,477.3999938964844,188.99999999985084,constant,
1.0,2660.987,2661.209,1022.0999755859375,653.4000244140625,221.99999999975262,constant,
1.0,2661.233,2661.583,1114.0999755859375,695.5,349.99999999990905,constant,
1.0,2661.618,2661.841,912.5999755859375,612.4000244140625,222.99999999995634,constant,
1.0,2661.861,2662.093,848.4000244140625,617.5,231.9999999999709,constant,
1.0,2662.101,2662.324,836.7000122070312,633.0999755859375,222.99999999995634,constant,
1.0,2662.349,2662.553,963.0999755859375,690.0999755859375,203.9999999997235,constant,
1.0,2662.595,2662.953,683.7000122070312,573.5999755859375,358.0000000001746,constant,
1.0,2662.978,2663.28,831.4000244140625,557.0999755859375,302.0000000001346,constant,
1.0,2663.313,2663.619,645.2000122070312,561.5999755859375,306.00000000004,constant,
1.0,2663.64,2663.9,733.0,593.0999755859375,260.0000000002183,constant,
1.0,2663.918,2664.298,673.7000122070312,637.7999877929688,379.9999999996544,constant,
1.0,2664.324,2664.505,798.5999755859375,561.2999877929688,181.00000000004002,constant,
1.0,2664.528,2664.856,715.2000122070312,531.0999755859375,328.0000000004293,constant,
1.0,2664.88,2665.162,610.5999755859375,565.9000244140625,281.99999999969805,constant,
1.0,2665.338,2665.519,723.5,550.0,180.99999999958527,constant,
1.0,2665.553,2665.865,898.9000244140625,531.2000122070312,311.99999999989814,constant,
1.0,2665.89,2666.136,1039.300048828125,516.0,246.0000000000946,constant,
1.0,2666.161,2666.392,925.5,440.8999938964844,230.99999999976717,constant,
1.0,2666.415,2666.722,851.9000244140625,496.6000061035156,307.00000000024374,constant,
1.0,2666.876,2667.204,978.7999877929688,434.6000061035156,327.99999999997453,constant,
1.0,2667.23,2667.439,989.0,552.7999877929688,208.99999999983265,constant,
1.0,2667.485,2667.674,681.5,617.5,188.99999999985084,constant,
1.0,2667.698,2667.825,600.5,530.0,126.9999999999527,constant,
1.0,2667.882,2668.073,182.10000610351562,855.9000244140625,190.99999999980355,constant,
1.0,2668.1,2668.341,345.6000061035156,915.0999755859375,240.99999999998545,constant,
1.0,2668.36,2668.594,428.79998779296875,930.0999755859375,233.9999999999236,constant,
1.0,2668.636,2668.765,139.6999969482422,914.5999755859375,128.9999999999054,constant,
1.0,2668.787,2669.057,205.8000030517578,863.0999755859375,269.9999999999818,constant,
1.0,2669.074,2669.251,265.20001220703125,869.4000244140625,177.0000000001346,constant,
1.0,2669.272,2669.394,362.70001220703125,888.5,121.99999999984357,constant,
1.0,2669.42,2669.545,483.79998779296875,907.7999877929688,125.0,constant,
1.0,2669.75,2670.09,418.1000061035156,893.5999755859375,340.0000000001455,constant,
1.0,2670.14,2670.615,118.9000015258789,889.4000244140625,474.99999999990905,constant,
1.0,2670.851,2671.038,1164.0,447.20001220703125,186.99999999989814,constant,
1.0,2671.076,2671.248,1106.199951171875,297.20001220703125,172.00000000002547,constant,
1.0,2671.286,2671.373,857.9000244140625,284.29998779296875,86.99999999998909,constant,
1.0,2671.456,2671.588,354.70001220703125,996.0,132.00000000006185,constant,
1.0,2671.611,2671.875,462.70001220703125,937.5,264.0000000001237,constant,
1.0,2671.887,2672.291,442.20001220703125,926.2999877929688,403.99999999999636,constant,
1.0,2672.315,2672.669,338.1000061035156,889.5999755859375,353.99999999981446,constant,
1.0,2672.691,2672.922,437.20001220703125,898.0,231.00000000022192,constant,
1.0,2672.938,2673.297,492.29998779296875,910.5999755859375,358.9999999999236,constant,
1.0,2673.334,2673.868,241.60000610351562,846.2999877929688,534.0000000001055,constant,
1.0,2673.895,2674.041,405.5,867.9000244140625,146.00000000018554,constant,
1.0,2674.058,2674.369,450.1000061035156,894.2000122070312,311.00000000014916,constant,
1.0,2674.39,2674.678,513.4000244140625,931.5,288.0000000000109,constant,
1.0,2674.903,2675.027,618.7999877929688,494.6000061035156,124.00000000025102,constant,
1.0,2675.08,2675.423,242.89999389648438,384.6000061035156,342.9999999998472,constant,
1.0,2675.446,2675.649,360.1000061035156,399.70001220703125,202.99999999997453,constant,
1.0,2675.685,2675.926,207.1999969482422,270.29998779296875,240.99999999998545,constant,
1.0,2676.084,2676.323,279.3999938964844,249.3000030517578,239.00000000003274,constant,
1.0,2676.365,2676.723,342.1000061035156,429.79998779296875,358.0000000001746,constant,
1.0,2676.891,2677.04,392.6000061035156,418.5,148.99999999988722,constant,
1.0,2677.078,2677.354,228.60000610351562,315.5,275.99999999983993,constant,
1.0,2677.362,2677.637,223.1999969482422,265.29998779296875,275.00000000009095,constant,
1.0,2677.657,2677.873,313.20001220703125,231.39999389648438,215.9999999998945,constant,
1.0,2678.029,2678.247,279.70001220703125,250.3000030517578,217.9999999998472,constant,
1.0,2678.267,2678.669,235.60000610351562,286.29998779296875,402.00000000004366,constant,
1.0,2678.689,2679.035,258.5,361.0,346.00000000000364,constant,
1.0,2679.21,2679.422,251.1999969482422,335.5,211.9999999999891,constant,
1.0,2679.467,2680.008,651.7000122070312,557.0,540.9999999997126,constant,
1.0,2680.049,2680.567,834.9000244140625,707.2000122070312,518.0000000000291,constant,
1.0,2680.593,2680.88,953.0999755859375,755.9000244140625,287.00000000026193,constant,
1.0,2681.055,2681.554,1179.4000244140625,654.9000244140625,499.000000000251,constant,
1.0,2681.577,2682.074,1059.5999755859375,658.5,496.99999999984357,constant,
1.0,2682.093,2682.322,1001.0,677.5,229.0000000002692,constant,
1.0,2682.525,2683.109,829.7999877929688,666.7000122070312,583.9999999998327,constant,
1.0,2683.147,2683.611,586.0,663.9000244140625,463.9999999999418,constant,
1.0,2683.636,2684.389,740.2999877929688,683.5999755859375,753.0000000001564,constant,
1.0,2684.421,2684.751,815.2000122070312,491.8999938964844,330.000000000382,constant,
1.0,2684.775,2685.089,756.5,613.7000122070312,313.99999999985084,constant,
1.0,2685.104,2685.769,734.7000122070312,661.4000244140625,664.9999999999636,constant,
1.0,2685.797,2686.292,746.0,464.70001220703125,494.99999999989086,constant,
1.0,2686.327,2687.241,805.5999755859375,646.2999877929688,913.9999999997599,constant,
1.0,2687.282,2688.091,584.5999755859375,641.7999877929688,808.9999999997417,constant,
1.0,2688.117,2688.449,734.7000122070312,692.5,331.99999999987995,constant,
1.0,2688.486,2689.019,947.0999755859375,697.0,532.9999999999018,constant,
1.0,2689.062,2689.777,1077.4000244140625,539.9000244140625,715.0000000001455,constant,
1.0,2689.968,2691.093,1045.0999755859375,492.6000061035156,1125.0,constant,
1.0,2691.119,2691.413,896.2999877929688,621.9000244140625,293.99999999986903,constant,
1.0,2691.437,2694.802,845.4000244140625,664.7000122070312,3365.0000000002365,constant,
1.0,2695.068,2695.372,880.5999755859375,654.7999877929688,303.99999999963256,constant,
1.0,2695.397,2695.675,771.7000122070312,668.4000244140625,278.0000000002474,constant,
1.0,2695.694,2696.052,703.2999877929688,589.4000244140625,358.0000000001746,constant,
1.0,2696.069,2696.28,626.5,618.5,211.0000000002401,constant,
1.0,2696.301,2696.585,696.5,569.5999755859375,284.0000000001055,constant,
1.0,2696.765,2697.316,824.5999755859375,545.5999755859375,550.9999999999309,constant,
1.0,2697.334,2697.682,887.9000244140625,603.2999877929688,347.99999999995634,constant,
1.0,2697.718,2698.18,1109.5999755859375,667.9000244140625,461.9999999999891,constant,
1.0,2698.235,2698.444,671.4000244140625,504.3999938964844,208.99999999983265,constant,
1.0,2698.466,2699.276,619.9000244140625,469.1000061035156,809.9999999999454,constant,
1.0,2699.322,2699.747,972.7999877929688,627.5,424.99999999972715,constant,
1.0,2699.768,2701.075,909.2999877929688,643.4000244140625,1306.999999999789,constant,
1.0,2701.114,2702.93,728.9000244140625,480.79998779296875,1815.9999999998035,constant,
1.0,2702.972,2706.221,1053.9000244140625,630.2000122070312,3248.9999999997963,constant,
1.0,2706.264,2707.401,966.7999877929688,296.79998779296875,1136.9999999997162,constant,
1.0,2707.428,2708.046,1133.199951171875,352.6000061035156,617.9999999999382,constant,
1.0,2708.07,2708.609,1029.4000244140625,344.70001220703125,538.9999999997599,constant,
1.0,2708.639,2708.949,866.2000122070312,309.8999938964844,309.99999999994543,constant,
1.0,2708.975,2709.291,1037.5999755859375,349.5,316.0000000002583,constant,
1.0,2709.488,2709.642,955.5999755859375,448.70001220703125,153.99999999999636,constant,
1.0,2709.669,2709.906,788.9000244140625,521.7000122070312,237.00000000008004,constant,
1.0,2709.941,2710.457,684.7000122070312,584.5,516.0000000000764,constant,
1.0,2710.493,2711.662,866.5,309.6000061035156,1168.999999999869,constant,
1.0,2711.694,2714.347,777.9000244140625,520.5999755859375,2653.0000000002474,constant,
1.0,2714.362,2714.385,789.5999755859375,472.79998779296875,23.000000000138243,constant,
1.0,2714.438,2715.168,793.7000122070312,514.0999755859375,730.0000000000182,constant,
1.0,2715.193,2716.16,671.2000122070312,570.0999755859375,966.9999999996435,constant,
1.0,2716.185,2719.227,695.5,635.7000122070312,3041.9999999999163,constant,
1.0,2719.44,2721.219,781.2999877929688,614.0,1778.9999999999964,constant,
1.0,2721.246,2728.13,955.2000122070312,694.5999755859375,6884.000000000015,constant,
1.0,2728.156,2728.565,838.5999755859375,546.9000244140625,409.0000000001055,constant,
1.0,2728.762,2729.009,957.0999755859375,480.3999938964844,246.99999999984357,constant,
1.0,2729.03,2729.301,863.5999755859375,504.8999938964844,270.9999999997308,constant,
1.0,2729.331,2729.538,1037.199951171875,516.0999755859375,206.99999999987995,constant,
1.0,2729.789,2730.012,569.4000244140625,574.9000244140625,222.99999999995634,constant,
1.0,2730.033,2730.293,667.5,597.4000244140625,260.0000000002183,constant,
1.0,2730.307,2730.591,720.0,615.5,284.0000000001055,constant,
1.0,2730.613,2731.076,643.7000122070312,560.9000244140625,463.0000000001928,constant,
1.0,2731.092,2731.491,583.4000244140625,565.5,398.9999999998872,constant,
1.0,2731.614,2731.847,749.7000122070312,515.5,233.00000000017462,constant,
1.0,2731.859,2732.197,718.4000244140625,523.2000122070312,338.0000000001928,constant,
1.0,2732.219,2732.586,660.2000122070312,581.7000122070312,366.9999999997344,constant,
1.0,2732.768,2732.94,649.4000244140625,567.2000122070312,172.00000000002547,constant,
1.0,2732.956,2733.475,604.9000244140625,541.5999755859375,518.9999999997781,constant,
1.0,2733.517,2733.856,875.9000244140625,469.20001220703125,339.00000000039654,constant,
1.0,2734.013,2734.284,859.5999755859375,443.5,271.00000000018554,constant,
1.0,2734.31,2734.563,764.5,519.7999877929688,253.00000000015643,constant,
1.0,2734.579,2734.766,702.2999877929688,537.5999755859375,186.99999999989814,constant,
1.0,2734.78,2734.974,724.2999877929688,584.2999877929688,193.99999999995998,constant,
1.0,2734.992,2735.254,676.4000244140625,614.2999877929688,261.99999999971624,constant,
1.0,2735.268,2735.915,643.7000122070312,626.9000244140625,646.9999999999345,constant,
1.0,2736.117,2736.345,890.0999755859375,553.7000122070312,227.99999999961074,constant,
1.0,2736.363,2736.699,824.4000244140625,558.4000244140625,336.0000000002401,constant,
1.0,2736.934,2737.034,837.2999877929688,567.4000244140625,99.99999999990905,constant,
1.0,2737.066,2737.67,660.2000122070312,628.5999755859375,604.0000000002692,constant,
1.0,2737.678,2738.055,643.2000122070312,641.4000244140625,376.9999999999527,constant,
1.0,2738.068,2738.288,598.0,645.2000122070312,219.9999999997999,constant,
1.0,2738.306,2738.722,532.5999755859375,636.7999877929688,416.00000000016735,constant,
1.0,2738.994,2739.266,1051.4000244140625,535.4000244140625,271.9999999999345,constant,
1.0,2739.285,2739.726,979.5,512.7000122070312,441.0000000002583,constant,
1.0,2739.753,2739.99,786.4000244140625,529.2999877929688,236.9999999996253,constant,
1.0,2740.012,2740.236,881.9000244140625,524.2000122070312,223.99999999970532,constant,
1.0,2740.25,2740.425,908.5,489.0,175.0000000001819,constant,
1.0,2740.452,2740.821,722.7999877929688,540.9000244140625,368.99999999968713,constant,
1.0,2740.833,2741.145,767.5999755859375,553.4000244140625,311.99999999989814,constant,
1.0,2741.385,2741.408,765.2999877929688,561.4000244140625,22.999999999683496,constant,
1.0,2741.442,2741.783,567.5,572.0999755859375,340.9999999998945,constant,
1.0,2741.795,2742.226,537.9000244140625,566.7999877929688,431.00000000004,constant,
1.0,2742.275,2742.518,831.5999755859375,385.6000061035156,242.99999999993815,constant,
1.0,2742.565,2742.71,599.2000122070312,456.70001220703125,144.9999999999818,constant,
1.0,2742.719,2744.308,810.5,536.4000244140625,1588.9999999999418,,
1.0,2744.352,2744.491,542.7000122070312,413.29998779296875,139.0000000001237,passive,
1.0,2744.529,2744.696,734.7000122070312,253.5,166.99999999991633,passive,
1.0,2744.796,2745.16,677.5,215.8000030517578,364.00000000003274,passive,
1.0,2745.167,2745.577,704.0,226.5,410.0000000003092,passive,
1.0,2745.618,2746.214,994.7999877929688,237.1999969482422,596.0000000000036,passive,
1.0,2746.264,2746.297,1024.4000244140625,515.2999877929688,32.999999999901775,passive,
1.0,2746.337,2746.501,830.4000244140625,714.4000244140625,164.00000000021464,passive,
1.0,2746.513,2746.853,868.0999755859375,749.7000122070312,340.0000000001455,passive,
1.0,2746.875,2747.122,853.2000122070312,649.0999755859375,246.99999999984357,passive,
1.0,2747.146,2748.047,878.4000244140625,778.5,900.9999999998399,passive,
1.0,2748.108,2748.356,1343.4000244140625,461.20001220703125,248.0000000000473,passive,
1.0,2748.368,2748.537,1338.199951171875,417.29998779296875,168.99999999986903,passive,
1.0,2748.624,2748.852,316.70001220703125,430.3999938964844,228.00000000006548,passive,
1.0,2748.877,2749.238,213.39999389648438,443.5,360.9999999998763,passive,
1.0,2749.254,2749.387,221.0,400.29998779296875,133.00000000026557,passive,
1.0,2749.565,2749.793,1311.199951171875,447.5,228.00000000006548,passive,
1.0,2749.826,2749.999,1500.699951171875,448.70001220703125,172.99999999977445,passive,
1.0,2750.021,2750.086,1399.300048828125,495.5,64.99999999959982,passive,
1.0,2750.123,2750.278,1111.800048828125,554.2000122070312,154.99999999974534,passive,
1.0,2750.316,2750.537,878.7999877929688,536.4000244140625,221.00000000000364,passive,
1.0,2750.564,2750.85,822.5999755859375,383.0,286.0000000000582,passive,
1.0,2750.888,2751.204,676.2000122070312,234.8000030517578,316.0000000002583,passive,
1.0,2751.219,2751.57,618.5,237.8000030517578,351.0000000001128,passive,
1.0,2751.618,2751.919,973.4000244140625,381.79998779296875,300.9999999999309,passive,
1.0,2752.037,2752.166,1331.4000244140625,387.6000061035156,129.00000000036016,passive,
1.0,2752.195,2752.326,1447.9000244140625,480.70001220703125,130.99999999985812,passive,
1.0,2752.362,2752.511,1432.0,318.3999938964844,148.99999999988722,passive,
1.0,2752.53,2752.941,1387.5,270.79998779296875,410.99999999960346,passive,
1.0,2752.988,2753.27,1456.5,478.8999938964844,282.0000000001528,passive,
1.0,2753.306,2753.656,1240.699951171875,445.3999938964844,349.99999999990905,passive,
1.0,2753.704,2754.093,817.5999755859375,367.3999938964844,388.99999999966894,passive,
1.0,2754.216,2754.368,520.2999877929688,411.70001220703125,152.00000000004366,passive,
1.0,2754.411,2754.576,759.5999755859375,256.29998779296875,164.99999999996362,passive,
1.0,2754.599,2754.769,692.7999877929688,247.39999389648438,169.999999999618,passive,
1.0,2754.901,2755.124,708.4000244140625,233.5,222.99999999995634,passive,
1.0,2755.139,2755.699,709.7999877929688,270.1000061035156,559.9999999999454,passive,
1.0,2755.745,2755.878,822.5,511.0,133.00000000026557,passive,
1.0,2755.888,2756.094,812.7000122070312,528.5999755859375,206.00000000013097,passive,
1.0,2756.174,2756.271,821.9000244140625,517.5999755859375,97.00000000020736,passive,
1.0,2756.278,2756.558,814.7999877929688,538.4000244140625,280.0000000002001,passive,
1.0,2756.582,2756.772,815.0,423.5,190.00000000005457,passive,
1.0,2756.817,2757.016,879.7000122070312,679.0999755859375,199.00000000006912,passive,
1.0,2757.177,2757.384,1224.4000244140625,404.29998779296875,206.99999999987995,passive,
1.0,2757.436,2757.677,734.7999877929688,362.3999938964844,240.99999999998545,passive,
1.0,2757.728,2757.844,402.70001220703125,271.8999938964844,115.99999999998545,passive,
1.0,2757.891,2758.408,776.0999755859375,489.29998779296875,516.9999999998254,passive,
1.0,2758.451,2758.767,811.0999755859375,282.1000061035156,315.99999999980355,passive,
1.0,2758.793,2758.867,797.2999877929688,435.70001220703125,74.00000000006912,passive,
1.0,2758.887,2759.83,821.2999877929688,527.0999755859375,942.9999999997563,passive,
1.0,2759.855,2760.011,699.0,622.7999877929688,155.99999999994907,passive,
1.0,2760.066,2760.492,282.6000061035156,478.1000061035156,426.0000000003856,passive,
1.0,2760.515,2760.567,243.60000610351562,584.5,52.000000000134605,passive,
1.0,2760.597,2760.851,357.3999938964844,752.5,253.9999999999054,passive,
1.0,2760.903,2761.123,895.0999755859375,707.0999755859375,220.00000000025466,passive,
1.0,2761.168,2761.435,1231.800048828125,658.2999877929688,266.9999999998254,passive,
1.0,2761.481,2761.686,1518.0,512.9000244140625,204.99999999992724,passive,
1.0,2761.749,2762.131,799.2000122070312,413.29998779296875,382.00000000006185,passive,
1.0,2762.167,2762.387,1016.0,448.8999938964844,220.00000000025466,passive,
1.0,2762.409,2762.562,931.5,441.70001220703125,152.99999999979264,passive,
1.0,2762.622,2762.845,382.20001220703125,483.0,222.99999999995634,passive,
1.0,2762.867,2763.119,306.3999938964844,463.20001220703125,251.9999999999527,passive,
1.0,2763.126,2763.405,289.1000061035156,459.5,278.99999999999636,passive,
1.0,2763.467,2763.709,873.2999877929688,510.5,241.99999999973443,passive,
1.0,2763.742,2763.896,701.2999877929688,530.0999755859375,153.99999999999636,passive,
1.0,2763.94,2764.248,818.4000244140625,256.79998779296875,307.9999999999927,passive,
1.0,2764.294,2764.392,518.0,233.89999389648438,97.99999999995634,passive,
1.0,2764.445,2764.692,943.0,468.20001220703125,246.99999999984357,passive,
1.0,2764.728,2764.936,1056.800048828125,612.9000244140625,208.00000000008367,passive,
1.0,2764.973,2765.197,854.2999877929688,487.5,224.00000000016007,passive,
1.0,2765.228,2765.662,705.0,592.2999877929688,433.9999999997417,passive,
1.0,2765.706,2766.015,1037.699951171875,636.0999755859375,308.9999999997417,passive,
1.0,2766.146,2766.316,1082.9000244140625,627.7000122070312,169.999999999618,passive,
1.0,2766.358,2766.623,1380.199951171875,609.4000244140625,264.99999999987267,passive,
1.0,2766.676,2767.183,929.5,441.29998779296875,507.00000000006185,passive,
1.0,2767.19,2767.297,916.0999755859375,434.79998779296875,106.9999999999709,passive,
1.0,2767.363,2767.569,283.70001220703125,464.70001220703125,206.00000000013097,passive,
1.0,2767.58,2767.757,302.8999938964844,439.70001220703125,177.0000000001346,passive,
1.0,2767.777,2768.184,259.8999938964844,471.79998779296875,407.0000000001528,passive,
1.0,2768.222,2768.59,76.80000305175781,414.6000061035156,367.99999999993815,passive,
1.0,2768.658,2768.918,927.9000244140625,457.5,260.0000000002183,passive,
1.0,2768.966,2769.11,1288.0999755859375,449.3999938964844,144.00000000023283,passive,
1.0,2769.138,2769.607,1491.5999755859375,474.79998779296875,469.00000000005093,passive,
1.0,2769.635,2769.702,1363.5999755859375,461.79998779296875,67.00000000000728,passive,
1.0,2769.74,2770.007,1519.9000244140625,594.7000122070312,267.0000000002801,passive,
1.0,2770.033,2770.297,1389.699951171875,654.7999877929688,264.0000000001237,passive,
1.0,2770.356,2770.579,764.0,677.4000244140625,222.99999999995634,passive,
1.0,2770.627,2770.817,402.5,722.5,190.00000000005457,passive,
1.0,2770.835,2770.995,350.5,752.9000244140625,159.99999999985448,passive,
1.0,2771.015,2771.465,357.5,820.5999755859375,450.00000000027285,passive,
1.0,2771.487,2771.78,275.0,783.7000122070312,293.00000000012005,passive,
1.0,2771.794,2771.934,313.8999938964844,766.5999755859375,140.00000000032742,passive,
1.0,2771.952,2772.265,369.0,810.0,312.9999999996471,passive,
1.0,2772.274,2773.1,357.5,812.7999877929688,826.0000000000218,passive,
1.0,2773.123,2773.351,308.70001220703125,720.2999877929688,228.00000000006548,passive,
1.0,2773.366,2773.578,361.5,723.5,211.9999999999891,passive,
1.0,2773.606,2773.749,334.1000061035156,822.5,142.99999999957436,passive,
1.0,2773.764,2775.84,350.0,819.5,2076.000000000022,passive,
1.0,2775.863,2776.106,274.79998779296875,831.2000122070312,243.0000000003929,passive,
1.0,2776.124,2776.398,313.0,760.7000122070312,274.00000000034197,passive,
1.0,2776.409,2776.594,287.1000061035156,764.7000122070312,184.99999999994543,passive,
1.0,2776.666,2776.875,1044.5999755859375,743.7999877929688,208.99999999983265,passive,
1.0,2776.9,2777.069,968.0999755859375,678.7999877929688,168.99999999986903,passive,
1.0,2777.195,2777.397,1304.300048828125,555.4000244140625,201.9999999997708,passive,
1.0,2777.493,2777.95,703.7000122070312,615.0999755859375,456.99999999987995,passive,
1.0,2777.997,2778.162,1119.300048828125,614.5,164.99999999996362,passive,
1.0,2778.288,2778.434,1363.4000244140625,407.20001220703125,146.00000000018554,passive,
1.0,2778.486,2778.661,842.9000244140625,402.3999938964844,175.0000000001819,passive,
1.0,2778.689,2778.759,988.7000122070312,420.6000061035156,70.00000000016371,passive,
1.0,2778.969,2779.22,1260.699951171875,374.0,250.99999999974898,passive,
1.0,2779.268,2779.508,849.0,432.6000061035156,239.99999999978172,passive,
1.0,2779.53,2779.661,925.0999755859375,443.5,130.99999999985812,passive,
1.0,2779.821,2779.977,1390.0999755859375,432.0,155.99999999994907,passive,
1.0,2780.002,2780.218,1289.9000244140625,401.70001220703125,215.9999999998945,passive,
1.0,2780.241,2780.373,1239.4000244140625,460.0,132.00000000006185,passive,
1.0,2780.397,2780.804,1367.9000244140625,467.1000061035156,407.0000000001528,passive,
1.0,2780.864,2781.055,747.2999877929688,479.3999938964844,190.99999999980355,passive,
1.0,2781.079,2781.142,673.5999755859375,511.6000061035156,62.999999999647116,passive,
1.0,2781.584,2781.741,691.9000244140625,535.5,157.0000000001528,passive,
1.0,2781.793,2782.038,292.1000061035156,469.8999938964844,244.99999999989086,passive,
1.0,2782.232,2782.476,374.0,500.6000061035156,244.00000000014188,passive,
1.0,2782.521,2782.765,114.69999694824219,405.8999938964844,243.99999999968713,passive,
1.0,2782.991,2783.116,819.5999755859375,495.0,125.0,passive,
1.0,2783.144,2783.441,953.2999877929688,456.29998779296875,297.00000000002547,passive,
1.0,2783.644,2783.779,522.9000244140625,238.60000610351562,135.00000000021828,passive,
1.0,2783.836,2784.27,937.0999755859375,455.6000061035156,434.00000000019645,passive,
1.0,2784.442,2784.663,945.9000244140625,437.20001220703125,221.00000000000364,passive,
1.0,2784.717,2785.103,554.2999877929688,251.3000030517578,385.99999999996726,passive,
1.0,2785.332,2785.616,918.0999755859375,469.1000061035156,284.0000000001055,passive,
1.0,2785.666,2785.916,1331.4000244140625,484.70001220703125,250.0,passive,
1.0,2785.95,2786.285,1503.5999755859375,469.20001220703125,335.0000000000364,passive,
1.0,2786.468,2786.662,1448.800048828125,498.3999938964844,193.99999999995998,passive,
1.0,2786.723,2786.931,795.2000122070312,442.6000061035156,208.00000000008367,passive,
1.0,2786.957,2787.238,933.2999877929688,438.29998779296875,280.99999999994907,passive,
1.0,2787.296,2787.437,452.20001220703125,399.0,141.0000000000764,passive,
1.0,2787.473,2787.698,285.6000061035156,458.20001220703125,224.99999999990905,passive,
1.0,2787.889,2788.08,675.9000244140625,443.79998779296875,190.99999999980355,passive,
1.0,2788.12,2788.342,435.3999938964844,477.3999938964844,222.00000000020736,passive,
1.0,2788.388,2788.652,878.0,502.70001220703125,264.0000000001237,passive,
1.0,2788.836,2789.178,681.2000122070312,529.7000122070312,342.0000000000982,passive,
1.0,2789.21,2789.347,870.5,521.7000122070312,137.00000000017099,passive,
1.0,2789.359,2790.114,829.9000244140625,531.0,755.0000000001091,passive,
1.0,2790.128,2790.313,867.5999755859375,488.5,184.99999999994543,passive,
1.0,2790.341,2790.531,857.0999755859375,326.1000061035156,190.00000000005457,passive,
1.0,2790.557,2790.769,1011.4000244140625,320.8999938964844,211.9999999999891,passive,
1.0,2790.795,2790.963,1025.4000244140625,172.6999969482422,168.00000000012005,passive,
1.0,2791.035,2791.204,970.7000122070312,693.0,169.00000000032378,passive,
1.0,2791.25,2791.477,1346.4000244140625,683.7000122070312,226.99999999986176,passive,
1.0,2791.491,2791.803,1309.800048828125,665.5,311.99999999989814,passive,
1.0,2791.951,2792.12,1336.4000244140625,689.0,168.99999999986903,passive,
1.0,2792.134,2792.351,1325.4000244140625,731.2999877929688,217.00000000009823,passive,
1.0,2792.368,2792.544,1378.4000244140625,726.7000122070312,175.99999999993088,passive,
1.0,2792.569,2792.798,1297.199951171875,667.7999877929688,228.99999999981446,passive,
1.0,2792.809,2792.887,1330.5,664.7000122070312,77.99999999997453,passive,
1.0,2792.955,2793.132,531.9000244140625,762.2999877929688,177.0000000001346,passive,
1.0,2793.155,2793.298,451.6000061035156,768.5,142.99999999957436,passive,
1.0,2793.32,2793.5,472.6000061035156,687.5999755859375,179.9999999998363,passive,
1.0,2793.516,2793.952,439.5,673.9000244140625,436.00000000014916,passive,
1.0,2793.969,2794.199,436.5,720.7999877929688,230.0000000000182,passive,
1.0,2794.217,2794.658,488.5,701.7000122070312,440.99999999980355,passive,
1.0,2794.68,2794.872,476.8999938964844,797.0999755859375,192.00000000000728,passive,
1.0,2794.891,2796.056,478.79998779296875,749.0,1164.9999999999636,passive,
1.0,2796.068,2797.188,478.3999938964844,718.7999877929688,1119.9999999998909,passive,
1.0,2797.195,2798.135,487.1000061035156,725.4000244140625,940.0000000000546,passive,
1.0,2798.15,2798.912,494.0,678.4000244140625,761.9999999997162,passive,
1.0,2799.108,2799.274,1148.5,260.5,165.9999999997126,passive,
1.0,2799.3,2799.437,981.5999755859375,191.3000030517578,136.99999999971624,passive,
1.0,2799.511,2799.734,681.5,777.2000122070312,222.99999999995634,passive,
1.0,2799.75,2799.876,617.5,779.4000244140625,126.00000000020373,passive,
1.0,2799.888,2800.041,582.5,789.7999877929688,153.00000000024738,passive,
1.0,2800.063,2800.314,587.7999877929688,703.5,250.99999999974898,passive,
1.0,2800.33,2800.675,588.2999877929688,663.5999755859375,345.00000000025466,passive,
1.0,2800.698,2800.959,599.0,792.7999877929688,260.99999999996726,passive,
1.0,2801.006,2801.349,812.2999877929688,520.4000244140625,343.00000000030195,passive,
1.0,2801.369,2801.774,791.5,426.1000061035156,404.99999999974534,passive,
1.0,2801.799,2801.979,908.5999755859375,319.6000061035156,179.9999999998363,passive,
1.0,2801.99,2802.272,880.0,306.8999938964844,282.0000000001528,passive,
1.0,2802.33,2802.5,382.6000061035156,218.60000610351562,170.00000000007276,passive,
1.0,2802.515,2802.983,432.5,224.6999969482422,468.00000000030195,passive,
1.0,2803.041,2803.33,727.7000122070312,656.5,288.9999999997599,passive,
1.0,2803.354,2803.589,848.9000244140625,620.5,235.00000000012733,passive,
1.0,2803.722,2803.978,1125.9000244140625,777.2999877929688,255.99999999985812,passive,
1.0,2803.995,2804.264,1160.4000244140625,728.0,269.00000000023283,passive,
1.0,2804.301,2804.848,1197.5999755859375,481.29998779296875,547.0000000000255,passive,
1.0,2804.889,2805.062,1408.199951171875,621.2999877929688,172.99999999977445,passive,
1.0,2805.087,2805.298,1295.0999755859375,713.7999877929688,210.99999999978536,passive,
1.0,2805.481,2806.075,1457.800048828125,825.5999755859375,593.9999999995962,passive,
1.0,2806.138,2806.427,1366.5,341.79998779296875,289.00000000021464,passive,
1.0,2806.485,2806.725,840.4000244140625,177.0,239.99999999978172,passive,
1.0,2806.748,2807.013,763.5999755859375,227.5,264.99999999987267,passive,
1.0,2807.034,2807.241,685.0999755859375,244.6999969482422,206.99999999987995,passive,
1.0,2807.406,2807.546,659.2999877929688,334.70001220703125,139.99999999987267,passive,
1.0,2807.569,2807.758,709.9000244140625,258.3999938964844,188.99999999985084,passive,
1.0,2807.794,2807.961,934.9000244140625,372.29998779296875,166.99999999991633,passive,
1.0,2808.002,2808.198,678.0,260.0,195.9999999999127,passive,
1.0,2808.247,2808.399,954.7000122070312,356.29998779296875,152.00000000004366,passive,
1.0,2808.414,2808.697,956.0,392.79998779296875,282.9999999999018,passive,
1.0,2808.709,2808.911,922.9000244140625,407.20001220703125,202.00000000022555,passive,
1.0,2809.043,2809.432,959.4000244140625,393.29998779296875,388.99999999966894,passive,
1.0,2809.445,2809.617,931.0,424.20001220703125,172.00000000002547,passive,
1.0,2809.632,2809.811,963.9000244140625,400.70001220703125,179.0000000000873,passive,
1.0,2809.853,2810.015,711.0999755859375,467.5,161.9999999998072,passive,
1.0,2810.055,2810.303,969.9000244140625,452.3999938964844,248.0000000000473,passive,
1.0,2810.33,2811.111,884.0999755859375,313.6000061035156,780.9999999999491,passive,
1.0,2811.309,2811.473,643.7000122070312,477.20001220703125,163.9999999997599,passive,
1.0,2811.484,2811.749,656.2000122070312,507.8999938964844,264.99999999987267,passive,
1.0,2811.774,2812.05,555.5999755859375,520.0,276.0000000002947,passive,
1.0,2812.087,2812.382,308.20001220703125,404.29998779296875,295.00000000007276,passive,
1.0,2812.416,2812.761,132.1999969482422,376.8999938964844,344.9999999997999,passive,
1.0,2812.774,2813.022,132.5,420.1000061035156,248.0000000000473,passive,
1.0,2813.287,2813.508,718.9000244140625,695.7999877929688,221.00000000000364,passive,
1.0,2813.532,2813.764,642.7000122070312,749.5,231.9999999999709,passive,
1.0,2813.828,2814.038,209.3000030517578,418.70001220703125,210.00000000003638,passive,
1.0,2814.062,2814.233,174.0,364.6000061035156,171.0000000002765,passive,
1.0,2814.251,2814.572,217.0,331.0,320.9999999999127,passive,
1.0,2814.616,2814.917,526.0999755859375,438.8999938964844,300.9999999999309,passive,
1.0,2814.971,2815.309,142.89999389648438,385.6000061035156,338.0000000001928,passive,
1.0,2815.326,2815.475,190.39999389648438,377.6000061035156,148.99999999988722,passive,
1.0,2815.527,2815.639,738.4000244140625,473.6000061035156,112.00000000008004,passive,
1.0,2815.66,2815.869,805.2999877929688,507.29998779296875,209.0000000002874,passive,
1.0,2815.877,2816.345,823.2000122070312,511.8999938964844,467.9999999998472,passive,
1.0,2816.37,2816.729,725.2999877929688,591.5,358.9999999999236,passive,
1.0,2816.773,2816.976,1041.800048828125,574.9000244140625,202.99999999997453,passive,
1.0,2817.022,2817.199,738.2000122070312,427.29998779296875,177.0000000001346,passive,
1.0,2817.519,2817.871,918.0,565.5999755859375,352.0000000003165,passive,
1.0,2817.904,2818.12,726.5999755859375,607.9000244140625,215.9999999998945,passive,
1.0,2818.165,2818.38,668.2000122070312,369.3999938964844,215.00000000014552,passive,
1.0,2818.421,2818.671,949.5,484.6000061035156,250.0,passive,
1.0,2818.711,2818.924,784.4000244140625,331.29998779296875,213.0000000001928,passive,
1.0,2818.973,2819.273,721.2999877929688,607.0,300.0000000001819,passive,
1.0,2819.336,2819.604,1042.300048828125,865.0999755859375,268.0000000000291,passive,
1.0,2819.645,2819.876,1309.9000244140625,814.0999755859375,231.00000000022192,passive,
1.0,2819.936,2820.185,751.5999755859375,549.9000244140625,248.99999999979627,passive,
1.0,2820.234,2820.569,377.29998779296875,522.2000122070312,335.0000000000364,passive,
1.0,2820.592,2820.79,284.3999938964844,647.9000244140625,197.9999999998654,passive,
1.0,2820.85,2821.129,839.4000244140625,536.7999877929688,278.99999999999636,passive,
1.0,2821.17,2821.393,724.4000244140625,336.0,222.99999999995634,passive,
1.0,2821.436,2821.662,907.9000244140625,517.5999755859375,225.99999999965803,passive,
1.0,2821.712,2821.934,1199.5999755859375,747.4000244140625,222.00000000020736,passive,
1.0,2821.985,2822.24,780.5999755859375,541.9000244140625,254.9999999996544,passive,
1.0,2822.401,2822.643,798.7999877929688,512.5,242.00000000018917,passive,
1.0,2822.668,2823.01,748.4000244140625,618.9000244140625,342.0000000000982,passive,
1.0,2823.051,2823.351,495.5,653.0999755859375,300.0000000001819,passive,
1.0,2823.377,2823.623,518.5999755859375,500.6000061035156,246.0000000000946,passive,
1.0,2823.643,2823.8,582.7999877929688,441.1000061035156,157.0000000001528,passive,
1.0,2823.852,2824.107,1073.5999755859375,574.9000244140625,255.00000000010914,passive,
1.0,2824.15,2824.446,847.2000122070312,718.2999877929688,295.99999999982174,passive,
1.0,2824.48,2824.678,712.2000122070312,699.7999877929688,197.9999999998654,passive,
1.0,2824.73,2825.181,305.3999938964844,703.9000244140625,451.0000000000218,passive,
1.0,2825.228,2825.608,723.2000122070312,803.9000244140625,380.00000000010914,passive,
1.0,2825.791,2826.095,855.0999755859375,269.8999938964844,303.99999999963256,passive,
1.0,2826.122,2826.304,872.0,433.20001220703125,182.00000000024374,passive,
1.0,2826.311,2826.69,877.7999877929688,465.6000061035156,378.9999999999054,passive,
1.0,2827.015,2827.267,588.7999877929688,436.1000061035156,251.9999999999527,passive,
1.0,2827.277,2827.422,569.4000244140625,438.79998779296875,144.9999999999818,passive,
1.0,2827.463,2827.732,878.4000244140625,463.3999938964844,268.9999999997781,passive,
1.0,2827.759,2827.951,834.0999755859375,317.29998779296875,192.00000000000728,passive,
1.0,2827.977,2828.19,1013.5999755859375,301.20001220703125,213.0000000001928,passive,
1.0,2828.241,2828.533,1405.5999755859375,404.8999938964844,291.9999999999163,passive,
1.0,2828.576,2828.847,1484.800048828125,652.0999755859375,271.00000000018554,passive,
1.0,2828.883,2829.038,1269.5999755859375,668.5999755859375,155.0000000002001,passive,
1.0,2829.091,2829.701,755.7000122070312,673.9000244140625,610.0000000001273,passive,
1.0,2829.728,2829.972,924.9000244140625,635.4000244140625,244.00000000014188,passive,
1.0,2829.996,2830.211,833.4000244140625,535.4000244140625,214.99999999969077,passive,
1.0,2830.25,2830.902,675.2999877929688,672.7999877929688,652.0000000000437,passive,
1.0,2830.916,2831.122,716.7000122070312,705.9000244140625,205.99999999967622,passive,
1.0,2831.133,2831.302,691.9000244140625,718.4000244140625,169.00000000032378,passive,
1.0,2831.348,2831.64,373.70001220703125,694.4000244140625,291.9999999999163,passive,
1.0,2831.658,2831.947,313.5,700.7999877929688,289.00000000021464,passive,
1.0,2831.983,2832.242,463.20001220703125,498.1000061035156,259.00000000001455,passive,
1.0,2832.295,2832.65,858.9000244140625,388.20001220703125,355.0000000000182,passive,
1.0,2832.696,2832.953,563.9000244140625,341.20001220703125,257.00000000006185,passive,
1.0,2832.977,2833.155,641.9000244140625,431.29998779296875,178.00000000033833,passive,
1.0,2833.31,2833.486,529.9000244140625,452.70001220703125,175.99999999993088,passive,
1.0,2833.507,2833.728,596.5,446.6000061035156,221.00000000000364,passive,
1.0,2833.949,2834.327,868.9000244140625,461.3999938964844,378.00000000015643,passive,
1.0,2834.342,2834.858,904.0999755859375,457.3999938964844,516.0000000000764,passive,
1.0,2834.884,2835.271,807.4000244140625,569.5,387.000000000171,passive,
1.0,2835.319,2835.61,1185.300048828125,612.2999877929688,291.00000000016735,passive,
1.0,2835.662,2836.082,928.7999877929688,383.8999938964844,420.00000000007276,passive,
1.0,2836.132,2836.276,550.5,339.0,143.99999999977808,passive,
1.0,2836.338,2836.652,298.0,624.7000122070312,313.99999999985084,passive,
1.0,2836.675,2836.888,396.6000061035156,700.0999755859375,212.99999999973807,passive,
1.0,2836.947,2837.17,772.2999877929688,386.5,222.99999999995634,passive,
1.0,2837.305,2837.486,979.2999877929688,444.29998779296875,181.00000000004002,passive,
1.0,2837.512,2837.994,858.2000122070312,486.0,481.9999999999709,passive,
1.0,2838.049,2838.246,1299.199951171875,520.9000244140625,197.00000000011642,passive,
1.0,2838.265,2838.464,1253.0999755859375,523.4000244140625,199.00000000006912,passive,
1.0,2838.499,2838.78,1432.699951171875,606.5999755859375,281.0000000004038,passive,
1.0,2838.836,2838.952,843.5,483.0,116.0000000004402,passive,
1.0,2838.962,2839.551,812.4000244140625,507.8999938964844,588.9999999999418,passive,
1.0,2839.573,2840.284,846.0999755859375,450.79998779296875,711.0000000002401,passive,
1.0,2840.336,2840.448,1190.9000244140625,662.2000122070312,112.00000000008004,passive,
1.0,2840.474,2840.646,1296.0,791.7999877929688,172.00000000002547,passive,
1.0,2840.669,2840.869,1382.4000244140625,854.7999877929688,200.00000000027285,passive,
1.0,2840.906,2841.456,1133.800048828125,805.0999755859375,550.0000000001819,passive,
1.0,2841.522,2841.69,558.2000122070312,546.4000244140625,168.00000000012005,passive,
1.0,2841.736,2842.078,637.7999877929688,272.3999938964844,342.0000000000982,passive,
1.0,2842.13,2842.566,395.6000061035156,467.3999938964844,435.9999999996944,passive,
1.0,2842.587,2842.683,493.0,485.0,96.00000000000364,passive,
1.0,2842.802,2843.0,592.2999877929688,401.1000061035156,197.9999999998654,passive,
1.0,2843.04,2843.254,418.79998779296875,323.0,213.9999999999418,passive,
1.0,2843.293,2843.729,221.60000610351562,320.20001220703125,435.9999999996944,passive,
1.0,2843.763,2844.002,514.5999755859375,354.20001220703125,239.00000000003274,passive,
1.0,2844.049,2844.154,940.4000244140625,378.5,105.00000000001819,passive,
1.0,2844.204,2844.485,586.5,193.1999969482422,280.99999999994907,passive,
1.0,2844.525,2844.705,811.7000122070312,425.20001220703125,179.9999999998363,passive,
1.0,2844.715,2844.93,843.0,438.70001220703125,214.99999999969077,passive,
1.0,2844.991,2845.265,401.29998779296875,741.5999755859375,273.9999999998872,passive,
1.0,2845.305,2845.469,251.6999969482422,430.70001220703125,164.00000000021464,passive,
1.0,2845.487,2845.757,248.60000610351562,342.20001220703125,269.9999999999818,passive,
1.0,2845.795,2846.126,508.79998779296875,342.5,331.00000000013097,passive,
1.0,2846.142,2846.334,475.5,349.79998779296875,192.00000000000728,passive,
1.0,2846.353,2846.628,413.6000061035156,336.29998779296875,275.00000000009095,passive,
1.0,2846.661,2847.034,253.0,349.8999938964844,373.0000000000473,passive,
1.0,2847.043,2847.626,232.0,350.70001220703125,583.0000000000837,passive,
1.0,2847.665,2847.738,311.70001220703125,468.6000061035156,72.9999999998654,passive,
1.0,2847.798,2847.898,89.80000305175781,732.4000244140625,100.0000000003638,passive,
1.0,2847.924,2848.089,191.60000610351562,801.9000244140625,164.99999999996362,passive,
1.0,2848.129,2848.576,466.5,817.7000122070312,447.0000000001164,passive,
1.0,2848.613,2849.026,649.9000244140625,751.5,413.0000000000109,passive,
1.0,2849.107,2849.274,1368.199951171875,553.0,166.99999999991633,passive,
1.0,2849.301,2849.611,1406.699951171875,403.0,309.99999999994543,passive,
1.0,2849.631,2849.961,1317.5999755859375,374.0,329.99999999992724,passive,
1.0,2850.012,2850.107,866.0999755859375,479.1000061035156,94.99999999979991,passive,
1.0,2850.126,2850.663,807.5,497.1000061035156,536.9999999998072,passive,
1.0,2850.684,2850.888,785.7999877929688,435.70001220703125,203.9999999997235,passive,
1.0,2850.92,2851.024,960.5999755859375,512.7000122070312,103.99999999981446,passive,
1.0,2851.046,2851.155,927.0,558.7999877929688,109.00000000037835,passive,
1.0,2851.171,2851.473,939.5,590.5,302.0000000001346,passive,
1.0,2851.523,2851.679,536.2999877929688,713.2999877929688,155.99999999994907,passive,
1.0,2851.707,2852.011,470.3999938964844,784.7000122070312,304.0000000000873,passive,
1.0,2852.052,2852.285,263.5,748.7000122070312,232.99999999971988,passive,
1.0,2852.309,2852.522,316.70001220703125,830.2999877929688,212.99999999973807,passive,
1.0,2852.55,2852.71,519.9000244140625,829.7000122070312,159.99999999985448,passive,
1.0,2852.738,2853.062,673.7999877929688,714.7999877929688,324.0000000000691,passive,
1.0,2853.104,2853.486,567.7000122070312,480.8999938964844,382.00000000006185,passive,
1.0,2853.544,2853.754,1131.9000244140625,487.29998779296875,210.00000000003638,passive,
1.0,2853.798,2853.841,852.5999755859375,351.1000061035156,43.00000000012005,passive,
1.0,2853.953,2854.192,832.5999755859375,285.20001220703125,239.00000000003274,passive,
1.0,2854.206,2854.348,800.7000122070312,270.79998779296875,141.99999999982538,passive,
1.0,2854.366,2854.563,785.2000122070312,322.5,197.00000000011642,passive,
1.0,2854.573,2854.901,814.2999877929688,316.0,327.99999999997453,passive,
1.0,2854.929,2855.072,799.4000244140625,500.20001220703125,143.0000000000291,passive,
1.0,2855.083,2855.793,832.7000122070312,518.2999877929688,710.0000000000364,passive,
1.0,2855.837,2855.973,836.4000244140625,248.8000030517578,135.99999999996726,passive,
1.0,2856.021,2856.176,576.7000122070312,166.3000030517578,154.99999999974534,passive,
1.0,2856.212,2856.503,830.2999877929688,151.60000610351562,291.00000000016735,passive,
1.0,2856.559,2857.075,1189.800048828125,176.0,515.9999999996217,passive,
1.0,2857.1,2857.236,1061.4000244140625,208.6999969482422,135.99999999996726,passive,
1.0,2857.274,2857.535,828.5999755859375,165.8000030517578,260.99999999996726,passive,
1.0,2857.544,2857.71,838.2000122070312,151.89999389648438,166.00000000016735,passive,
1.0,2857.752,2859.011,542.9000244140625,194.1999969482422,1259.0000000000146,passive,
1.0,2859.057,2859.397,219.89999389648438,293.1000061035156,340.0000000001455,passive,
1.0,2859.424,2859.598,303.3999938964844,377.79998779296875,173.99999999997817,passive,
1.0,2859.65,2859.869,784.0999755859375,298.5,219.00000000005093,passive,
1.0,2859.895,2860.198,833.5999755859375,191.6999969482422,302.9999999998836,passive,
1.0,2860.257,2860.497,1241.0999755859375,203.10000610351562,239.99999999978172,passive,
1.0,2860.57,2860.693,1039.9000244140625,268.20001220703125,123.0000000000473,passive,
1.0,2860.785,2860.954,1071.0,218.0,169.00000000032378,passive,
1.0,2861.005,2861.21,828.0999755859375,230.0,204.99999999992724,passive,
1.0,2861.226,2861.491,847.9000244140625,181.0,264.99999999987267,passive,
1.0,2861.544,2861.752,1176.0,200.10000610351562,208.00000000008367,passive,
1.0,2861.779,2862.016,1043.699951171875,240.1999969482422,237.00000000008004,passive,
1.0,2862.145,2862.262,1048.199951171875,240.60000610351562,117.00000000018917,passive,
1.0,2862.287,2862.542,1203.5999755859375,194.89999389648438,255.00000000010914,passive,
1.0,2862.558,2862.739,1169.9000244140625,178.60000610351562,181.00000000004002,passive,
1.0,2862.781,2863.07,1455.5,152.89999389648438,289.00000000021464,passive,
1.0,2863.109,2863.559,1198.5999755859375,203.60000610351562,450.00000000027285,passive,
1.0,2863.57,2863.76,1206.0999755859375,226.0,190.00000000005457,passive,
1.0,2863.807,2864.146,829.7999877929688,195.0,339.00000000039654,passive,
1.0,2864.187,2864.471,551.9000244140625,225.3000030517578,284.0000000001055,passive,
1.0,2864.485,2864.91,548.4000244140625,183.1999969482422,424.99999999972715,passive,
1.0,2864.937,2865.159,495.70001220703125,365.5,222.00000000020736,passive,
1.0,2865.212,2865.457,860.7999877929688,395.29998779296875,244.99999999989086,passive,
1.0,2865.51,2865.76,1281.699951171875,397.79998779296875,250.0,passive,
1.0,2865.806,2865.881,1241.5999755859375,600.0,74.9999999998181,passive,
1.0,2865.922,2866.039,1231.5999755859375,786.7000122070312,117.00000000018917,passive,
1.0,2866.078,2866.356,1303.5999755859375,542.9000244140625,278.0000000002474,passive,
1.0,2866.397,2866.588,1001.0999755859375,500.6000061035156,191.0000000002583,passive,
1.0,2866.636,2866.779,1079.0999755859375,172.3000030517578,143.0000000000291,passive,
1.0,2866.805,2867.051,1193.9000244140625,180.89999389648438,246.0000000000946,passive,
1.0,2867.082,2867.246,1030.0,219.39999389648438,164.00000000021464,passive,
1.0,2867.318,2867.693,329.8999938964844,523.2000122070312,375.0,passive,
1.0,2867.72,2868.23,513.5,531.7000122070312,510.0000000002183,passive,
1.0,2868.256,2868.426,575.5999755859375,412.5,170.00000000007276,passive,
1.0,2868.467,2868.741,335.20001220703125,431.79998779296875,273.9999999998872,passive,
1.0,2868.763,2869.035,276.6000061035156,448.3999938964844,271.9999999999345,passive,
1.0,2869.085,2869.254,607.5,258.5,168.99999999986903,passive,
1.0,2869.313,2869.467,1133.9000244140625,323.20001220703125,153.99999999999636,passive,
1.0,2869.506,2869.563,1236.800048828125,419.29998779296875,57.000000000243745,passive,
1.0,2869.608,2869.92,890.0999755859375,425.0,311.99999999989814,passive,
1.0,2869.936,2870.486,915.0999755859375,387.3999938964844,549.9999999997272,passive,
1.0,2870.521,2870.754,1073.9000244140625,393.29998779296875,232.99999999971988,passive,
1.0,2870.785,2871.187,1272.699951171875,403.29998779296875,402.00000000004366,passive,
1.0,2871.225,2871.417,1423.5,426.1000061035156,192.00000000000728,passive,
1.0,2871.454,2871.655,1450.5,262.79998779296875,201.00000000002183,passive,
1.0,2871.693,2871.929,1193.5999755859375,229.3000030517578,235.9999999998763,passive,
1.0,2871.955,2872.153,1225.0,383.0,197.9999999998654,passive,
1.0,2872.179,2872.45,1059.0,288.20001220703125,270.9999999997308,passive,
1.0,2872.463,2872.642,1069.5,261.70001220703125,178.99999999963256,passive,
1.0,2872.667,2872.904,1041.199951171875,433.8999938964844,237.00000000008004,passive,
1.0,2872.93,2873.09,890.7999877929688,393.20001220703125,160.00000000030923,passive,
1.0,2873.129,2874.19,1108.699951171875,538.4000244140625,1061.0000000001492,passive,
1.0,2874.223,2874.581,889.5999755859375,385.6000061035156,358.0000000001746,passive,
1.0,2874.751,2874.842,820.9000244140625,132.6999969482422,90.9999999998945,passive,
1.0,2874.855,2875.168,813.7000122070312,174.60000610351562,313.00000000010186,passive,
1.0,2875.212,2875.37,1137.300048828125,284.29998779296875,157.99999999990177,passive,
1.0,2875.395,2875.735,1029.5,258.8999938964844,340.0000000001455,passive,
1.0,2875.752,2876.165,1072.300048828125,246.39999389648438,413.0000000000109,passive,
1.0,2876.175,2876.641,1070.5,220.8000030517578,465.9999999998945,passive,
1.0,2876.685,2876.831,1299.9000244140625,166.1999969482422,146.00000000018554,passive,
1.0,2876.863,2877.127,1099.5,192.10000610351562,264.0000000001237,passive,
1.0,2877.175,2877.383,751.7000122070312,160.1999969482422,207.99999999962893,passive,
1.0,2877.435,2877.656,1223.699951171875,185.10000610351562,221.00000000000364,passive,
1.0,2877.68,2877.953,1359.5,155.1999969482422,273.00000000013824,passive,
1.0,2877.98,2878.121,1218.9000244140625,157.6999969482422,141.0000000000764,passive,
1.0,2878.158,2878.417,1463.5,196.39999389648438,259.00000000001455,passive,
1.0,2878.449,2878.629,1277.9000244140625,255.3000030517578,179.9999999998363,passive,
1.0,2878.681,2878.896,1332.5,541.0,215.00000000014552,passive,
1.0,2878.93,2879.152,1273.199951171875,312.70001220703125,222.00000000020736,passive,
1.0,2879.212,2879.722,1259.300048828125,670.4000244140625,510.0000000002183,passive,
1.0,2879.763,2880.064,1288.9000244140625,392.3999938964844,300.9999999999309,passive,
1.0,2880.084,2880.276,1285.5,311.5,192.00000000000728,passive,
1.0,2880.302,2880.499,1173.699951171875,311.8999938964844,196.99999999966167,passive,
1.0,2880.561,2880.701,578.7999877929688,347.70001220703125,139.99999999987267,passive,
1.0,2880.764,2881.048,510.79998779296875,788.4000244140625,283.99999999965075,passive,
1.0,2881.089,2881.445,337.5,584.5,356.0000000002219,passive,
1.0,2881.471,2881.8,495.29998779296875,580.7999877929688,329.00000000017826,passive,
1.0,2881.846,2882.132,567.0999755859375,335.29998779296875,286.0000000000582,passive,
1.0,2882.156,2882.353,446.20001220703125,315.79998779296875,197.00000000011642,passive,
1.0,2882.396,2882.606,215.10000610351562,408.3999938964844,210.00000000003638,passive,
1.0,2882.651,2882.802,168.60000610351562,627.7000122070312,151.00000000029468,passive,
1.0,2882.82,2883.071,196.3000030517578,681.0,250.99999999974898,passive,
1.0,2883.131,2883.295,213.60000610351562,299.6000061035156,164.00000000021464,passive,
1.0,2883.363,2883.915,198.89999389648438,734.0,552.0000000001346,passive,
1.0,2883.989,2884.272,281.79998779296875,186.89999389648438,282.9999999999018,passive,
1.0,2884.33,2884.477,694.7999877929688,435.79998779296875,146.99999999993452,passive,
1.0,2884.505,2884.682,834.2000122070312,541.4000244140625,176.99999999967986,passive,
1.0,2884.69,2885.07,848.0,545.5999755859375,380.00000000010914,passive,
1.0,2885.099,2885.316,691.7999877929688,518.5999755859375,216.99999999964348,passive,
1.0,2885.433,2885.697,702.0999755859375,443.1000061035156,264.0000000001237,passive,
1.0,2885.737,2886.054,570.9000244140625,666.4000244140625,317.0000000000073,passive,
1.0,2886.077,2886.299,693.7000122070312,672.9000244140625,221.99999999975262,passive,
1.0,2886.353,2886.54,1186.699951171875,773.7000122070312,186.99999999989814,passive,
1.0,2886.58,2886.936,1436.9000244140625,800.7999877929688,356.0000000002219,passive,
1.0,2887.009,2887.219,787.5,631.0,210.00000000003638,passive,
1.0,2887.243,2887.392,675.2000122070312,625.7000122070312,148.99999999988722,passive,
1.0,2887.585,2887.957,632.9000244140625,622.5999755859375,371.99999999984357,passive,
1.0,2888.022,2888.185,1204.5,703.2999877929688,163.0000000000109,passive,
1.0,2888.222,2888.439,1481.0999755859375,630.5,216.99999999964348,passive,
1.0,2888.468,2888.642,1428.4000244140625,770.5999755859375,173.99999999997817,passive,
1.0,2888.691,2888.895,1313.800048828125,971.2999877929688,204.00000000017826,passive,
1.0,2888.933,2889.095,1552.199951171875,1017.9000244140625,161.9999999998072,passive,
1.0,2889.139,2889.397,1213.5999755859375,871.9000244140625,257.9999999998108,passive,
1.0,2889.441,2889.638,879.2000122070312,893.7000122070312,197.00000000011642,passive,
1.0,2889.666,2889.955,723.4000244140625,863.5,288.9999999997599,passive,
1.0,2890.003,2890.314,403.6000061035156,860.7000122070312,310.9999999996944,passive,
1.0,2890.361,2890.731,144.39999389648438,809.2999877929688,370.0000000003456,passive,
1.0,2890.756,2890.971,216.6999969482422,872.2000122070312,215.00000000014552,passive,
1.0,2891.028,2891.327,676.0999755859375,803.7999877929688,299.0000000004329,passive,
1.0,2891.371,2892.022,684.2000122070312,511.20001220703125,650.9999999998399,passive,
1.0,2892.041,2892.475,679.4000244140625,445.0,433.9999999997417,passive,
1.0,2892.529,2892.785,1074.800048828125,584.7999877929688,255.99999999985812,passive,
1.0,2892.828,2893.092,1340.0999755859375,609.9000244140625,264.0000000001237,passive,
1.0,2893.125,2893.441,1233.0,675.0999755859375,315.99999999980355,passive,
1.0,2893.471,2893.968,1404.800048828125,622.5999755859375,496.99999999984357,passive,
1.0,2894.015,2894.194,1087.0,613.2999877929688,179.0000000000873,passive,
1.0,2894.273,2894.815,1304.5,219.10000610351562,541.9999999999163,passive,
1.0,2894.84,2895.134,1437.0999755859375,183.5,293.99999999986903,passive,
1.0,2895.176,2895.4,1149.0,150.60000610351562,224.00000000016007,passive,
1.0,2895.45,2895.634,734.5999755859375,130.1999969482422,184.00000000019645,passive,
1.0,2895.683,2895.774,1127.9000244140625,145.39999389648438,90.9999999998945,passive,
1.0,2895.799,2896.421,1325.0,160.60000610351562,621.9999999998436,passive,
1.0,2896.446,2896.731,1469.5,153.5,285.0000000003092,passive,
1.0,2896.819,2897.348,564.2000122070312,132.5,528.9999999999964,passive,
1.0,2897.384,2897.629,379.8999938964844,174.89999389648438,244.99999999989086,passive,
1.0,2897.669,2897.99,194.0,168.8000030517578,320.9999999999127,passive,
1.0,2898.013,2898.162,199.8000030517578,274.0,148.99999999988722,passive,
1.0,2898.183,2898.363,135.8000030517578,354.79998779296875,179.9999999998363,passive,
1.0,2898.388,2898.593,93.0,471.8999938964844,204.99999999992724,passive,
1.0,2898.614,2899.09,100.19999694824219,546.5999755859375,476.0000000001128,passive,
1.0,2899.177,2899.334,1063.4000244140625,550.0,156.99999999969805,passive,
1.0,2899.375,2899.6,1382.199951171875,556.9000244140625,224.99999999990905,passive,
1.0,2899.624,2899.769,1516.0999755859375,550.4000244140625,144.9999999999818,passive,
1.0,2899.812,2899.951,1186.699951171875,515.0999755859375,139.0000000001237,passive,
1.0,2899.98,2900.086,1411.0999755859375,571.0999755859375,105.99999999976717,passive,
1.0,2900.11,2900.344,1512.199951171875,646.5,233.9999999999236,passive,
1.0,2900.382,2900.659,1331.5999755859375,742.7999877929688,277.00000000004366,passive,
1.0,2900.751,2901.095,213.1999969482422,719.7000122070312,343.9999999995962,passive,
1.0,2901.114,2901.332,148.60000610351562,722.0999755859375,217.9999999998472,passive,
1.0,2901.352,2901.628,101.30000305175781,771.2999877929688,276.0000000002947,passive,
1.0,2901.649,2901.917,205.0,806.9000244140625,268.0000000000291,passive,
1.0,2901.93,2902.175,248.8000030517578,817.4000244140625,245.0000000003456,passive,
1.0,2902.215,2902.446,547.9000244140625,731.7000122070312,230.99999999976717,passive,
1.0,2902.47,2902.702,679.2999877929688,657.0999755859375,232.00000000042564,passive,
1.0,2902.729,2902.974,665.9000244140625,496.20001220703125,245.0000000003456,passive,
1.0,2902.99,2903.209,681.5,440.29998779296875,219.00000000005093,passive,
1.0,2903.241,2903.589,544.4000244140625,593.7000122070312,347.99999999995634,passive,
1.0,2903.603,2904.155,577.0999755859375,542.4000244140625,552.0000000001346,passive,
1.0,2904.191,2904.92,807.7999877929688,515.0999755859375,729.0000000002692,passive,
1.0,2904.944,2905.157,715.4000244140625,462.5,213.0000000001928,passive,
1.0,2905.166,2905.596,745.2000122070312,457.20001220703125,429.9999999998363,passive,
1.0,2905.616,2906.18,743.5,377.8999938964844,563.9999999998508,passive,
1.0,2906.213,2906.66,601.0,417.3999938964844,446.99999999966167,passive,
1.0,2906.688,2906.79,769.9000244140625,386.70001220703125,101.99999999986176,passive,
1.0,2906.857,2906.999,1076.9000244140625,964.0,141.99999999982538,passive,
1.0,2907.02,2907.156,1086.5999755859375,886.5,135.99999999996726,passive,
1.0,2907.178,2907.369,999.5,936.7000122070312,191.0000000002583,passive,
1.0,2907.388,2907.563,996.0999755859375,850.7999877929688,175.0000000001819,passive,
1.0,2907.57,2907.714,1001.2000122070312,832.5,143.99999999977808,passive,
1.0,2907.741,2908.409,1001.5,946.0,668.00000000012,passive,
1.0,2908.626,2908.714,1291.199951171875,903.5,87.99999999973807,passive,
1.0,2908.736,2909.024,1365.699951171875,946.2999877929688,288.0000000000109,passive,
1.0,2909.045,2909.287,1281.300048828125,950.5,241.99999999973443,passive,
1.0,2909.327,2909.606,1498.300048828125,865.0999755859375,278.99999999999636,passive,
1.0,2909.794,2909.934,321.70001220703125,880.5,140.00000000032742,passive,
1.0,2909.99,2910.195,717.4000244140625,461.6000061035156,205.000000000382,passive,
1.0,2910.212,2910.429,766.5999755859375,468.20001220703125,217.00000000009823,passive,
1.0,2910.491,2910.716,545.0999755859375,806.2999877929688,224.99999999990905,passive,
1.0,2910.74,2911.119,468.20001220703125,846.4000244140625,379.00000000036016,passive,
1.0,2911.161,2911.414,314.79998779296875,935.0999755859375,253.00000000015643,passive,
1.0,2911.422,2911.531,299.6000061035156,938.2999877929688,108.9999999999236,passive,
1.0,2911.565,2911.827,120.5999984741211,939.7000122070312,262.000000000171,passive,
1.0,2911.839,2912.153,83.9000015258789,941.0999755859375,313.99999999985084,passive,
1.0,2912.159,2912.573,64.4000015258789,935.9000244140625,413.9999999997599,passive,
1.0,2912.591,2913.127,112.4000015258789,943.4000244140625,536.0000000000582,passive,
1.0,2913.149,2913.902,40.5,913.0,753.0000000001564,passive,
1.0,2913.912,2914.243,76.5,920.7000122070312,331.00000000013097,passive,
1.0,2914.258,2914.506,121.4000015258789,938.5999755859375,248.0000000000473,passive,
1.0,2914.523,2915.255,102.5999984741211,939.0999755859375,731.9999999999709,passive,
1.0,2915.263,2916.018,136.39999389648438,937.9000244140625,755.0000000001091,passive,
1.0,2916.039,2916.759,70.69999694824219,917.7000122070312,719.9999999997999,passive,
1.0,2916.778,2918.579,108.5,928.7000122070312,1801.0000000003856,passive,
1.0,2918.588,2919.057,72.30000305175781,912.5999755859375,468.9999999995962,passive,
1.0,2919.072,2919.187,81.0,918.0999755859375,114.99999999978172,passive,
1.0,2919.196,2919.909,115.4000015258789,938.7000122070312,713.0000000001928,passive,
1.0,2920.032,2920.151,822.9000244140625,571.2000122070312,118.99999999968713,passive,
1.0,2920.162,2920.298,799.2000122070312,539.4000244140625,135.99999999996726,passive,
1.0,2920.306,2920.728,808.0,523.0999755859375,422.00000000002547,passive,
1.0,2920.765,2921.016,596.9000244140625,519.0999755859375,251.00000000020373,passive,
1.0,2921.061,2921.214,981.9000244140625,501.5,152.99999999979264,passive,
1.0,2921.375,2921.661,968.2999877929688,493.6000061035156,286.0000000000582,passive,
1.0,2921.716,2921.931,497.8999938964844,521.0,215.00000000014552,passive,
1.0,2921.958,2922.112,315.0,540.0,153.99999999999636,passive,
1.0,2922.168,2922.367,497.79998779296875,843.7000122070312,199.00000000006912,passive,
1.0,2922.413,2922.794,295.3999938964844,566.9000244140625,380.9999999998581,passive,
1.0,2922.866,2923.055,1030.0,821.9000244140625,188.99999999985084,passive,
1.0,2923.109,2923.346,1105.199951171875,465.20001220703125,237.00000000008004,passive,
1.0,2923.368,2923.651,1026.300048828125,479.5,282.9999999999018,passive,
1.0,2923.693,2923.939,1291.0999755859375,475.20001220703125,245.99999999963984,passive,
1.0,2923.977,2924.389,1001.5999755859375,486.0,412.00000000026193,passive,
1.0,2924.461,2924.74,343.6000061035156,542.5999755859375,278.99999999999636,passive,
1.0,2924.886,2925.281,803.5999755859375,262.20001220703125,394.9999999999818,passive,
1.0,2925.487,2925.682,1065.699951171875,528.7000122070312,194.99999999970896,passive,
1.0,2925.72,2926.009,822.7000122070312,522.7999877929688,289.00000000021464,passive,
1.0,2926.042,2926.377,637.7000122070312,536.7000122070312,335.0000000000364,passive,
1.0,2926.541,2926.775,680.5,598.7000122070312,233.9999999999236,passive,
1.0,2926.826,2927.07,1116.5999755859375,525.0,244.00000000014188,passive,
1.0,2927.095,2927.4,1001.5,506.29998779296875,305.00000000029104,passive,
1.0,2927.425,2927.505,850.4000244140625,544.5999755859375,79.99999999992724,passive,
1.0,2927.676,2927.963,564.5999755859375,540.4000244140625,287.00000000026193,passive,
1.0,2928.004,2928.31,333.5,543.2999877929688,306.00000000004,passive,
1.0,2928.336,2928.635,254.60000610351562,570.7000122070312,299.0000000004329,passive,
1.0,2928.833,2928.992,931.0,528.5999755859375,159.0000000001055,passive,
1.0,2929.02,2929.286,802.4000244140625,525.2999877929688,266.0000000000764,passive,
1.0,2929.295,2929.898,821.4000244140625,516.0999755859375,603.0000000000655,passive,
1.0,2929.937,2930.075,572.7000122070312,482.20001220703125,137.99999999991996,passive,
1.0,2930.091,2930.156,546.7000122070312,527.7000122070312,65.00000000005457,passive,
1.0,2930.168,2930.362,548.5999755859375,563.5999755859375,193.99999999995998,passive,
1.0,2930.373,2930.828,515.2000122070312,570.7000122070312,454.99999999992724,passive,
1.0,2930.85,2931.357,591.0999755859375,566.9000244140625,507.00000000006185,passive,
1.0,2931.545,2931.646,593.0999755859375,512.0,101.00000000011278,passive,
1.0,2931.656,2932.068,599.5999755859375,491.3999938964844,412.00000000026193,passive,
1.0,2932.111,2932.261,410.70001220703125,612.7999877929688,150.00000000009095,passive,
1.0,2932.286,2932.48,548.4000244140625,570.4000244140625,193.99999999995998,passive,
1.0,2932.492,2932.762,523.9000244140625,569.2000122070312,269.9999999999818,passive,
1.0,2932.778,2933.186,585.7999877929688,569.7000122070312,408.0000000003565,passive,
1.0,2933.205,2933.649,610.7999877929688,486.5,443.99999999996,passive,
1.0,2933.796,2934.164,862.9000244140625,601.4000244140625,368.0000000003929,passive,
1.0,2934.187,2934.375,807.9000244140625,508.6000061035156,188.00000000010186,passive,
1.0,2934.399,2934.925,878.5,411.0,526.0000000002947,passive,
1.0,2934.95,2935.357,772.0999755859375,506.8999938964844,407.0000000001528,passive,
1.0,2935.428,2935.673,1101.800048828125,581.9000244140625,244.99999999989086,passive,
1.0,2935.714,2935.977,989.5999755859375,387.5,262.99999999991996,passive,
1.0,2936.034,2936.463,615.7999877929688,611.7000122070312,429.0000000000873,passive,
1.0,2936.602,2936.927,770.5999755859375,397.3999938964844,325.00000000027285,passive,
1.0,2936.98,2937.421,1103.0999755859375,602.7999877929688,440.99999999980355,passive,
1.0,2937.617,2937.894,727.2999877929688,669.5999755859375,276.9999999995889,passive,
1.0,2937.934,2938.172,566.2999877929688,505.20001220703125,237.99999999982901,passive,
1.0,2938.416,2938.859,534.0,479.29998779296875,442.99999999975626,passive,
1.0,2938.901,2939.054,852.0,521.0999755859375,153.00000000024738,passive,
1.0,2939.072,2939.585,808.0,519.9000244140625,512.99999999992,passive,
1.0,2939.598,2939.955,851.5,501.70001220703125,356.9999999999709,passive,
1.0,2939.981,2940.268,690.4000244140625,584.0,286.9999999998072,passive,
1.0,2940.312,2940.784,1044.0999755859375,589.7999877929688,472.00000000020736,passive,
1.0,2940.942,2941.097,538.5999755859375,613.7000122070312,155.0000000002001,passive,
1.0,2941.315,2941.47,587.7000122070312,624.2000122070312,154.99999999974534,passive,
1.0,2941.495,2941.721,745.2999877929688,622.9000244140625,226.00000000011278,passive,
1.0,2941.761,2942.063,1032.0999755859375,601.2999877929688,302.0000000001346,passive,
1.0,2942.084,2942.223,1094.9000244140625,576.5,139.0000000001237,passive,
1.0,2942.243,2942.496,1033.5999755859375,605.5999755859375,253.00000000015643,passive,
1.0,2942.516,2942.693,980.7000122070312,623.0999755859375,177.0000000001346,passive,
1.0,2942.739,2943.052,662.5,606.5,313.00000000010186,passive,
1.0,2943.237,2943.448,563.7000122070312,629.9000244140625,210.99999999978536,passive,
1.0,2943.494,2943.949,914.0999755859375,570.2000122070312,454.99999999992724,passive,
1.0,2943.962,2944.124,932.2000122070312,507.3999938964844,161.9999999998072,passive,
1.0,2944.177,2944.466,1277.800048828125,676.7000122070312,288.9999999997599,passive,
1.0,2944.49,2944.632,1166.4000244140625,638.5,142.00000000028012,passive,
1.0,2944.656,2945.155,1030.4000244140625,629.2999877929688,499.000000000251,passive,
1.0,2945.176,2945.61,1073.699951171875,584.4000244140625,434.00000000019645,passive,
1.0,2945.66,2946.031,639.0999755859375,620.2999877929688,371.0000000000946,passive,
1.0,2946.049,2946.247,705.0,646.5999755859375,197.9999999998654,passive,
1.0,2946.405,2946.534,812.9000244140625,604.5,128.9999999999054,passive,
1.0,2946.583,2946.814,415.20001220703125,619.7000122070312,230.99999999976717,passive,
1.0,2946.859,2947.06,173.60000610351562,530.9000244140625,201.00000000002183,passive,
1.0,2947.179,2947.349,947.4000244140625,530.7999877929688,170.00000000007276,passive,
1.0,2947.518,2947.655,806.0999755859375,534.5999755859375,137.00000000017099,passive,
1.0,2947.689,2947.854,718.2999877929688,673.0999755859375,164.99999999996362,passive,
1.0,2947.892,2948.177,538.0999755859375,639.0,285.0000000003092,passive,
1.0,2948.202,2948.56,673.5999755859375,638.2000122070312,357.9999999997199,passive,
1.0,2948.581,2948.751,782.0,640.7000122070312,170.00000000007276,passive,
1.0,2948.788,2949.148,1017.9000244140625,650.2999877929688,360.00000000012733,passive,
1.0,2949.164,2949.476,1072.0999755859375,630.4000244140625,311.99999999989814,passive,
1.0,2949.491,2949.694,1026.800048828125,631.7000122070312,202.99999999997453,passive,
1.0,2949.929,2950.186,1157.0,681.5999755859375,257.00000000006185,passive,
1.0,2950.213,2950.268,1286.699951171875,704.7000122070312,54.99999999983629,passive,
1.0,2950.318,2950.512,805.7999877929688,544.7000122070312,193.99999999995998,passive,
1.0,2950.519,2950.794,801.5,521.0999755859375,275.00000000009095,passive,
1.0,2950.814,2951.263,882.4000244140625,479.6000061035156,449.0000000000691,passive,
1.0,2951.312,2951.49,560.0,414.3999938964844,177.99999999988358,passive,
1.0,2951.514,2951.618,507.6000061035156,312.70001220703125,103.99999999981446,passive,
1.0,2951.632,2951.847,511.8999938964844,268.20001220703125,215.00000000014552,passive,
1.0,2951.858,2952.143,483.8999938964844,266.8999938964844,284.9999999998545,passive,
1.0,2952.151,2953.445,506.5,270.70001220703125,1294.0000000003238,passive,
1.0,2953.456,2953.736,490.8999938964844,273.20001220703125,279.99999999974534,passive,
1.0,2953.756,2954.698,541.2000122070312,273.1000061035156,942.0000000000073,passive,
1.0,2954.707,2954.96,557.5,284.29998779296875,253.00000000015643,passive,
1.0,2954.968,2955.054,537.7999877929688,284.29998779296875,86.0000000002401,passive,
1.0,2955.095,2955.246,595.7000122070312,453.6000061035156,151.00000000029468,passive,
1.0,2955.256,2955.815,572.4000244140625,457.8999938964844,559.0000000001965,passive,
1.0,2955.958,2956.176,910.5,478.29998779296875,217.9999999998472,passive,
1.0,2956.191,2956.792,869.0,483.70001220703125,601.0000000001128,passive,
1.0,2956.81,2957.473,923.2000122070312,487.3999938964844,663.0000000000109,passive,
1.0,2957.556,2957.674,224.89999389648438,857.2999877929688,117.99999999993815,passive,
1.0,2957.698,2957.832,153.8000030517578,932.2000122070312,134.00000000001455,passive,
1.0,2957.892,2958.096,858.7000122070312,854.7000122070312,204.00000000017826,passive,
1.0,2958.134,2958.227,633.5,764.9000244140625,92.9999999998472,passive,
1.0,2958.253,2958.47,546.4000244140625,626.7999877929688,216.99999999964348,passive,
1.0,2958.491,2958.857,589.9000244140625,542.0999755859375,365.99999999998545,passive,
1.0,2958.897,2959.066,488.0,304.79998779296875,168.99999999986903,passive,
1.0,2959.077,2959.683,483.29998779296875,269.29998779296875,605.9999999997672,passive,
1.0,2959.696,2960.551,517.7000122070312,272.79998779296875,855.0000000000182,passive,
1.0,2960.67,2960.817,548.7000122070312,274.3999938964844,146.99999999993452,passive,
1.0,2960.824,2961.682,531.0999755859375,284.6000061035156,857.9999999997199,passive,
1.0,2961.696,2961.916,562.7000122070312,281.8999938964844,220.00000000025466,passive,
1.0,2962.065,2962.375,541.5,288.79998779296875,309.99999999994543,passive,
1.0,2962.389,2962.682,506.8999938964844,287.70001220703125,292.9999999996653,passive,
1.0,2962.698,2963.01,546.9000244140625,282.5,312.0000000003529,passive,
1.0,2963.029,2963.651,505.6000061035156,282.1000061035156,621.9999999998436,passive,
1.0,2963.659,2963.769,497.79998779296875,281.8999938964844,109.99999999967258,passive,
1.0,2963.868,2964.04,497.3999938964844,273.70001220703125,172.00000000002547,passive,
1.0,2964.212,2964.468,520.7000122070312,274.8999938964844,255.99999999985812,passive,
1.0,2964.518,2964.734,816.7999877929688,549.7000122070312,215.9999999998945,passive,
1.0,2964.741,2964.961,827.2999877929688,550.7000122070312,219.9999999997999,passive,
1.0,2964.984,2965.137,812.7999877929688,419.6000061035156,153.00000000024738,passive,
1.0,2965.173,2965.325,857.5,600.2999877929688,152.00000000004366,passive,
1.0,2965.373,2965.641,496.70001220703125,540.7000122070312,268.0000000000291,passive,
1.0,2965.658,2965.887,437.20001220703125,524.7999877929688,229.0000000002692,passive,
1.0,2965.931,2966.064,725.0999755859375,506.5,132.99999999981083,passive,
1.0,2966.234,2966.352,1241.800048828125,638.7999877929688,117.99999999993815,passive,
1.0,2966.377,2966.6,1340.300048828125,742.4000244140625,222.99999999995634,passive,
1.0,2966.635,2967.044,1316.199951171875,507.8999938964844,408.99999999965075,passive,
1.0,2967.214,2967.493,1223.199951171875,509.8999938964844,278.99999999999636,passive,
1.0,2967.549,2967.833,716.4000244140625,506.20001220703125,284.0000000001055,passive,
1.0,2967.887,2968.133,349.8999938964844,498.0,245.99999999963984,passive,
1.0,2968.184,2968.548,865.0,514.5,363.999999999578,passive,
1.0,2968.57,2968.885,961.2000122070312,490.3999938964844,315.00000000005457,passive,
1.0,2968.909,2969.011,832.5999755859375,526.5,101.99999999986176,passive,
1.0,2969.046,2969.411,815.4000244140625,637.0999755859375,365.00000000023647,passive,
1.0,2969.459,2969.721,1224.0,738.7000122070312,262.000000000171,passive,
1.0,2969.747,2969.878,1392.4000244140625,756.5999755859375,131.00000000031287,passive,
1.0,2970.026,2970.568,797.2000122070312,493.0,542.0000000003711,passive,
1.0,2970.591,2970.85,849.9000244140625,479.5,259.00000000001455,passive,
1.0,2970.882,2971.068,681.2999877929688,621.7999877929688,186.00000000014916,passive,
1.0,2971.09,2971.293,634.7000122070312,658.2000122070312,202.99999999997453,passive,
1.0,2971.313,2971.491,698.2000122070312,660.5,177.99999999988358,passive,
1.0,2971.498,2971.751,685.5999755859375,666.4000244140625,253.00000000015643,passive,
1.0,2971.776,2972.066,584.7999877929688,666.0999755859375,289.9999999999636,passive,
1.0,2972.149,2972.752,692.2000122070312,650.7999877929688,603.0000000000655,passive,
1.0,2972.918,2973.285,757.4000244140625,682.0999755859375,366.9999999997344,passive,
1.0,2973.317,2974.056,599.5,684.7000122070312,739.0000000000327,passive,
1.0,2974.117,2974.401,1071.800048828125,547.9000244140625,283.99999999965075,passive,
1.0,2974.448,2974.743,1386.300048828125,474.8999938964844,295.00000000007276,passive,
1.0,2974.798,2975.128,1426.5999755859375,821.0,330.000000000382,passive,
1.0,2975.149,2975.486,1482.0,861.7999877929688,336.9999999999891,passive,
1.0,2975.757,2976.025,658.0999755859375,654.7999877929688,268.0000000000291,passive,
1.0,2976.067,2976.613,444.8999938964844,570.7999877929688,545.9999999998217,passive,
1.0,2976.86,2976.986,717.5999755859375,694.0999755859375,125.99999999974898,passive,
1.0,2976.996,2977.24,702.7000122070312,678.7000122070312,243.99999999968713,passive,
1.0,2977.48,2977.743,129.5,931.0,262.99999999991996,passive,
1.0,2977.762,2978.064,100.0,935.7000122070312,301.99999999967986,passive,
1.0,2978.073,2979.753,815.7000122070312,513.4000244140625,1680.000000000291,,
1.0,2979.79,2979.96,613.5,531.5999755859375,170.00000000007276,passive,
1.0,2980.004,2980.301,963.7000122070312,481.1000061035156,297.00000000002547,passive,
1.0,2980.327,2981.115,892.2000122070312,665.7999877929688,787.9999999995562,passive,
1.0,2981.23,2981.551,972.7999877929688,426.79998779296875,320.9999999999127,passive,
1.0,2981.607,2981.898,448.6000061035156,412.5,291.00000000016735,passive,
1.0,2981.933,2982.197,325.29998779296875,507.6000061035156,264.0000000001237,passive,
1.0,2982.272,2982.373,96.0,899.0,101.00000000011278,passive,
1.0,2982.398,2983.199,35.5,958.4000244140625,800.9999999999309,passive,
1.0,2983.21,2983.673,72.0,947.7999877929688,462.99999999973807,passive,
1.0,2983.767,2984.064,1102.5,517.5,297.00000000002547,passive,
1.0,2984.103,2984.376,938.2999877929688,672.5,273.00000000013824,passive,
1.0,2984.391,2985.085,896.0,681.2999877929688,693.99999999996,passive,
1.0,2985.13,2985.442,1218.199951171875,566.9000244140625,311.99999999989814,passive,
1.0,2985.483,2985.778,977.0999755859375,463.20001220703125,294.999999999618,passive,
1.0,2985.789,2985.972,952.5,447.70001220703125,182.99999999999272,passive,
1.0,2986.003,2986.18,899.0,653.0999755859375,176.99999999967986,passive,
1.0,2986.192,2986.876,886.7999877929688,680.0999755859375,684.0000000001965,passive,
1.0,2987.024,2987.417,448.1000061035156,632.0999755859375,393.0000000000291,passive,
1.0,2987.44,2987.697,412.8999938964844,759.5,257.00000000006185,passive,
1.0,2987.749,2987.86,960.2000122070312,780.2000122070312,111.00000000033106,passive,
1.0,2988.012,2988.448,1323.199951171875,675.9000244140625,435.9999999996944,passive,
1.0,2988.473,2988.651,1450.0,675.7999877929688,177.99999999988358,passive,
1.0,2988.68,2988.966,1276.199951171875,574.2000122070312,286.0000000000582,passive,
1.0,2989.019,2989.341,840.5999755859375,627.2000122070312,322.0000000001164,passive,
1.0,2989.357,2989.595,838.0999755859375,667.5999755859375,237.99999999982901,passive,
1.0,2989.764,2990.111,417.8999938964844,517.2000122070312,346.9999999997526,passive,
1.0,2990.143,2990.364,293.20001220703125,329.3999938964844,221.00000000000364,passive,
1.0,2990.392,2990.769,174.8000030517578,213.3000030517578,376.9999999999527,passive,
1.0,2990.786,2990.902,137.8000030517578,183.39999389648438,115.99999999998545,passive,
1.0,2990.969,2991.227,858.7999877929688,452.0,257.9999999998108,passive,
1.0,2991.252,2991.341,982.7999877929688,441.29998779296875,88.99999999994179,passive,
1.0,2991.496,2991.519,796.0,467.79998779296875,22.999999999683496,passive,
1.0,2991.543,2991.711,854.7000122070312,623.5999755859375,167.9999999996653,passive,
1.0,2991.722,2991.96,857.9000244140625,666.2000122070312,237.99999999982901,passive,
1.0,2991.976,2992.396,909.2000122070312,672.5,420.00000000007276,passive,
1.0,2992.406,2992.664,889.0999755859375,675.2999877929688,258.0000000002656,passive,
1.0,2992.846,2993.242,881.2999877929688,672.4000244140625,396.00000000018554,passive,
1.0,2993.29,2993.409,1177.0999755859375,630.5999755859375,119.00000000014188,passive,
1.0,2993.563,2993.856,1171.699951171875,618.4000244140625,293.00000000012005,passive,
1.0,2993.897,2994.434,893.0,683.7999877929688,537.0000000002619,passive,
1.0,2994.606,2995.041,668.9000244140625,479.29998779296875,434.99999999994543,passive,
1.0,2995.067,2995.458,527.2999877929688,528.5,391.0000000000764,passive,
1.0,2995.469,2995.627,503.79998779296875,547.0,157.99999999990177,passive,
1.0,2995.687,2995.84,1049.300048828125,565.0999755859375,153.00000000024738,passive,
1.0,2995.866,2996.181,951.2999877929688,720.5,315.00000000005457,passive,
1.0,2996.204,2996.474,866.7000122070312,816.2000122070312,269.9999999999818,passive,
1.0,2996.492,2997.399,811.7999877929688,873.0999755859375,906.999999999698,passive,
1.0,2997.575,2997.808,899.0,583.5999755859375,233.00000000017462,passive,
1.0,2997.83,2998.151,863.9000244140625,684.0999755859375,320.9999999999127,passive,
1.0,2998.196,2998.67,628.5,758.2999877929688,474.00000000016007,passive,
1.0,2998.718,2999.006,906.5,550.7999877929688,288.0000000000109,passive,
1.0,2999.164,2999.348,827.5999755859375,489.0,183.9999999997417,passive,
1.0,2999.355,3000.422,816.2000122070312,500.29998779296875,1067.0000000000073,passive,
1.0,3000.456,3000.785,849.4000244140625,268.1000061035156,328.9999999997235,passive,
1.0,3000.819,3001.084,869.0,80.0,264.99999999987267,passive,
1.0,3001.174,3001.475,638.2000122070312,759.7000122070312,300.9999999999309,passive,
1.0,3001.522,3001.932,303.8999938964844,748.5,409.9999999998545,passive,
1.0,3001.987,3002.221,916.5,776.2999877929688,233.9999999999236,passive,
1.0,3002.286,3002.414,171.1999969482422,986.7999877929688,128.00000000015643,passive,
1.0,3002.436,3002.64,72.5,960.0,203.9999999997235,passive,
1.0,3002.655,3002.867,34.099998474121094,951.2999877929688,211.9999999999891,passive,
1.0,3002.876,3004.088,32.0,947.5999755859375,1211.999999999989,passive,
1.0,3004.107,3004.559,116.4000015258789,954.5,452.00000000022555,passive,
1.0,3004.573,3005.022,153.1999969482422,957.0,449.0000000000691,passive,
1.0,3005.033,3005.425,126.30000305175781,954.0,392.0000000002801,passive,
1.0,3005.434,3006.024,102.30000305175781,946.2000122070312,589.9999999996908,passive,
1.0,3006.108,3006.482,1111.0,582.7999877929688,373.9999999997963,passive,
1.0,3006.509,3006.665,1265.199951171875,510.79998779296875,155.99999999994907,passive,
1.0,3006.71,3007.031,1398.9000244140625,688.7999877929688,320.9999999999127,passive,
1.0,3007.052,3007.225,1392.199951171875,615.7999877929688,172.99999999977445,passive,
1.0,3007.262,3007.554,1484.800048828125,459.70001220703125,291.9999999999163,passive,
1.0,3007.613,3007.815,927.0,497.29998779296875,202.00000000022555,passive,
1.0,3007.876,3008.258,371.1000061035156,562.0,381.9999999996071,passive,
1.0,3008.304,3008.497,720.7000122070312,470.3999938964844,192.99999999975626,passive,
1.0,3008.523,3008.779,870.2999877929688,466.70001220703125,255.99999999985812,passive,
1.0,3008.817,3008.861,651.7000122070312,473.1000061035156,43.99999999986903,passive,
1.0,3009.009,3009.236,628.9000244140625,436.0,226.99999999986176,passive,
1.0,3009.283,3009.51,1068.5,442.20001220703125,227.0000000003165,passive,
1.0,3009.527,3009.826,1088.699951171875,382.79998779296875,298.9999999999782,passive,
1.0,3009.873,3010.153,1082.5,625.0999755859375,279.99999999974534,passive,
1.0,3010.179,3010.401,1233.300048828125,549.5999755859375,221.99999999975262,passive,
1.0,3010.431,3010.77,1411.5999755859375,552.7999877929688,338.9999999999418,passive,
1.0,3010.928,3011.2,1386.4000244140625,586.0,271.9999999999345,passive,
1.0,3011.239,3011.454,1165.4000244140625,694.5999755859375,215.00000000014552,passive,
1.0,3011.51,3011.773,696.7999877929688,718.5,262.99999999991996,passive,
1.0,3011.799,3012.0,576.0999755859375,755.2999877929688,201.00000000002183,passive,
1.0,3012.054,3012.353,1158.800048828125,842.2000122070312,298.9999999999782,passive,
1.0,3012.373,3012.49,1093.4000244140625,863.0999755859375,116.99999999973443,passive,
1.0,3012.649,3013.007,826.4000244140625,441.3999938964844,358.0000000001746,passive,
1.0,3013.022,3013.324,790.5999755859375,482.1000061035156,302.0000000001346,passive,
1.0,3013.358,3013.591,966.5999755859375,484.70001220703125,232.99999999971988,passive,
1.0,3013.64,3013.892,879.5999755859375,237.39999389648438,251.9999999999527,passive,
1.0,3013.917,3014.287,877.2999877929688,102.30000305175781,369.99999999989086,passive,
1.0,3014.33,3014.526,812.9000244140625,384.29998779296875,195.9999999999127,passive,
1.0,3014.564,3014.865,598.5999755859375,443.6000061035156,300.9999999999309,passive,
1.0,3015.008,3015.179,1109.9000244140625,442.0,171.0000000002765,passive,
1.0,3015.199,3015.435,1079.699951171875,391.8999938964844,235.9999999998763,passive,
1.0,3015.476,3015.681,899.5999755859375,519.5999755859375,204.99999999992724,passive,
1.0,3015.705,3016.202,907.4000244140625,590.0,497.0000000002983,passive,
1.0,3016.266,3016.504,286.0,582.7000122070312,237.99999999982901,passive,
1.0,3016.53,3016.817,131.1999969482422,561.0,286.9999999998072,passive,
1.0,3016.84,3017.092,68.5999984741211,650.7000122070312,251.9999999999527,passive,
1.0,3017.114,3017.358,131.89999389648438,728.2000122070312,244.00000000014188,passive,
1.0,3017.414,3017.624,535.7000122070312,747.2000122070312,209.99999999958163,passive,
1.0,3017.633,3017.926,509.0,731.5,293.00000000012005,passive,
1.0,3018.071,3018.222,581.9000244140625,731.7000122070312,151.00000000029468,passive,
1.0,3018.272,3018.777,140.10000610351562,763.5,505.00000000010914,passive,
1.0,3018.796,3019.248,75.69999694824219,748.7000122070312,452.00000000022555,passive,
1.0,3019.302,3019.705,613.7000122070312,748.7999877929688,402.99999999979264,passive,
1.0,3019.735,3020.028,837.5999755859375,757.7999877929688,292.9999999996653,passive,
1.0,3020.151,3020.353,572.2000122070312,697.5999755859375,202.00000000022555,passive,
1.0,3020.373,3020.433,505.6000061035156,714.5,59.99999999994543,passive,
1.0,3020.502,3021.006,1397.5999755859375,858.5,503.9999999999054,passive,
1.0,3021.045,3021.262,1138.199951171875,830.2999877929688,217.00000000009823,passive,
1.0,3021.307,3021.674,819.7999877929688,738.2999877929688,367.0000000001892,passive,
1.0,3021.698,3021.816,683.2000122070312,740.7000122070312,117.99999999993815,passive,
1.0,3021.855,3022.053,510.29998779296875,629.5,197.9999999998654,passive,
1.0,3022.071,3022.36,566.0999755859375,613.5999755859375,289.00000000021464,passive,
1.0,3022.4,3022.732,839.7999877929688,631.7999877929688,331.99999999987995,passive,
1.0,3022.74,3022.91,864.0,616.2999877929688,170.00000000007276,passive,
1.0,3022.921,3023.639,828.2999877929688,596.4000244140625,718.000000000302,passive,
1.0,3023.661,3023.896,940.7999877929688,596.9000244140625,235.00000000012733,passive,
1.0,3023.906,3025.267,911.9000244140625,601.0,1360.9999999998763,passive,
1.0,3025.278,3026.72,906.2000122070312,612.7000122070312,1442.0000000000073,passive,
1.0,3026.757,3026.994,719.2999877929688,490.1000061035156,237.00000000008004,passive,
1.0,3027.124,3027.936,814.9000244140625,503.79998779296875,812.0000000003529,passive,
1.0,3027.964,3028.257,958.7000122070312,404.1000061035156,293.00000000012005,passive,
1.0,3028.319,3028.501,841.2000122070312,783.0999755859375,182.00000000024374,passive,
1.0,3028.52,3028.911,781.7000122070312,777.7999877929688,391.0000000000764,passive,
1.0,3028.93,3029.032,823.2999877929688,771.7000122070312,102.0000000003165,passive,
1.0,3029.056,3029.32,906.9000244140625,775.5,264.0000000001237,passive,
1.0,3029.332,3029.798,939.2999877929688,777.2000122070312,465.9999999998945,passive,
1.0,3029.809,3029.904,911.2999877929688,757.5999755859375,94.99999999979991,passive,
1.0,3029.944,3030.112,1180.199951171875,770.4000244140625,168.00000000012005,passive,
1.0,3030.155,3030.419,1437.5,746.9000244140625,263.99999999966894,passive,
1.0,3030.431,3030.729,1411.9000244140625,746.7999877929688,297.99999999977445,passive,
1.0,3030.754,3031.091,1556.5999755859375,740.0999755859375,336.9999999999891,passive,
1.0,3031.168,3031.286,763.5,399.20001220703125,117.99999999993815,passive,
1.0,3031.311,3031.461,645.2999877929688,372.1000061035156,149.9999999996362,passive,
1.0,3031.476,3031.718,610.2000122070312,369.29998779296875,241.99999999973443,passive,
1.0,3031.76,3031.896,688.0999755859375,559.4000244140625,135.99999999996726,passive,
1.0,3031.943,3032.125,1052.199951171875,504.3999938964844,181.999999999789,passive,
1.0,3032.146,3032.314,1042.0999755859375,578.7999877929688,167.9999999996653,passive,
1.0,3032.327,3032.625,1013.2000122070312,604.7000122070312,297.99999999977445,passive,
1.0,3032.758,3033.202,953.7000122070312,398.0,444.00000000041473,passive,
1.0,3033.246,3033.469,627.2999877929688,350.0,222.99999999995634,passive,
1.0,3033.524,3033.823,216.8000030517578,455.70001220703125,298.9999999999782,passive,
1.0,3033.846,3034.365,152.0,572.0999755859375,518.9999999997781,passive,
1.0,3034.435,3034.667,157.3000030517578,159.0,231.9999999999709,passive,
1.0,3034.674,3034.959,157.39999389648438,131.0,284.9999999998545,passive,
1.0,3034.974,3035.175,203.5,123.80000305175781,201.00000000002183,passive,
1.0,3035.194,3035.75,142.39999389648438,118.69999694824219,556.00000000004,passive,
1.0,3035.936,3036.15,990.9000244140625,347.20001220703125,213.9999999999418,passive,
1.0,3036.188,3036.317,940.9000244140625,158.39999389648438,128.9999999999054,passive,
1.0,3036.329,3036.358,909.0,178.5,28.999999999996362,passive,
1.0,3036.373,3036.663,857.5,180.8000030517578,289.9999999999636,passive,
1.0,3036.677,3037.114,839.9000244140625,174.89999389648438,436.99999999989814,passive,
1.0,3037.131,3037.54,909.5999755859375,176.6999969482422,409.0000000001055,passive,
1.0,3037.594,3038.026,830.5,506.79998779296875,431.999999999789,passive,
1.0,3038.038,3038.448,859.7999877929688,476.3999938964844,409.9999999998545,passive,
1.0,3038.489,3038.693,712.5,626.2999877929688,204.00000000017826,passive,
1.0,3038.736,3039.015,1057.9000244140625,633.9000244140625,278.99999999999636,passive,
1.0,3039.056,3039.322,773.0,653.2000122070312,266.0000000000764,passive,
1.0,3039.371,3039.654,377.1000061035156,679.0999755859375,282.9999999999018,passive,
1.0,3039.843,3039.944,437.70001220703125,697.5999755859375,101.00000000011278,passive,
1.0,3039.988,3040.343,187.5,732.5,355.0000000000182,passive,
1.0,3040.408,3040.614,790.9000244140625,703.9000244140625,206.00000000013097,passive,
1.0,3040.658,3040.935,650.5999755859375,415.8999938964844,277.00000000004366,passive,
1.0,3040.961,3041.268,515.2000122070312,395.8999938964844,307.00000000024374,passive,
1.0,3041.421,3041.673,1031.5999755859375,678.5,251.9999999999527,passive,
1.0,3041.711,3042.018,1211.0,638.7000122070312,307.00000000024374,passive,
1.0,3042.026,3042.206,1198.800048828125,658.2999877929688,180.00000000029104,passive,
1.0,3042.227,3042.399,1260.0,717.5999755859375,172.00000000002547,passive,
1.0,3042.445,3042.682,885.5,665.2999877929688,236.9999999996253,passive,
1.0,3042.828,3043.472,789.2000122070312,648.5,644.0000000002328,passive,
1.0,3043.519,3043.759,419.3999938964844,691.0999755859375,240.00000000023647,passive,
1.0,3043.78,3043.868,357.29998779296875,730.0999755859375,87.99999999973807,passive,
1.0,3043.904,3044.081,176.10000610351562,727.0,177.0000000001346,passive,
1.0,3044.267,3044.507,1066.0999755859375,842.2999877929688,240.00000000023647,passive,
1.0,3044.551,3044.769,696.9000244140625,805.7000122070312,217.9999999998472,passive,
1.0,3044.821,3045.258,1191.0,811.4000244140625,436.99999999989814,passive,
1.0,3045.271,3045.486,1153.5999755859375,817.0999755859375,214.99999999969077,passive,
1.0,3045.526,3045.807,1482.699951171875,800.0,280.99999999994907,passive,
1.0,3045.878,3046.234,644.4000244140625,813.0,355.99999999976717,passive,
1.0,3046.522,3046.806,517.7000122070312,921.5999755859375,284.0000000001055,passive,
1.0,3046.884,3047.199,1068.0999755859375,531.2999877929688,315.00000000005457,passive,
1.0,3047.226,3047.55,1252.0,451.6000061035156,324.0000000000691,passive,
1.0,3047.599,3047.722,819.5999755859375,462.29998779296875,123.0000000000473,passive,
1.0,3047.732,3048.52,807.2000122070312,484.3999938964844,788.0000000000109,passive,
1.0,3048.539,3048.668,865.9000244140625,461.29998779296875,128.9999999999054,passive,
1.0,3048.706,3048.877,608.5,428.5,170.99999999982174,passive,
1.0,3048.887,3049.428,636.5,416.8999938964844,540.9999999997126,passive,
1.0,3049.487,3049.736,1269.4000244140625,582.0999755859375,248.99999999979627,passive,
1.0,3049.753,3049.985,1316.199951171875,594.7999877929688,231.9999999999709,passive,
1.0,3050.005,3050.26,1339.800048828125,517.2999877929688,255.00000000010914,passive,
1.0,3050.27,3050.435,1349.5,492.6000061035156,164.99999999996362,passive,
1.0,3050.495,3050.841,1308.800048828125,847.5999755859375,346.00000000000364,passive,
1.0,3050.883,3051.115,988.0999755859375,841.4000244140625,231.9999999999709,passive,
1.0,3051.165,3051.397,869.7000122070312,524.0999755859375,231.9999999999709,passive,
1.0,3051.452,3051.82,1508.9000244140625,627.7000122070312,367.99999999993815,passive,
1.0,3051.84,3052.358,1447.699951171875,632.7999877929688,518.0000000000291,passive,
1.0,3052.443,3052.466,535.5,390.5,22.999999999683496,passive,
1.0,3052.495,3052.692,521.0999755859375,439.0,197.00000000011642,passive,
1.0,3052.716,3053.106,651.0,416.3999938964844,390.0000000003274,passive,
1.0,3053.139,3053.409,512.5,339.3999938964844,269.9999999999818,passive,
1.0,3053.435,3053.648,427.29998779296875,341.79998779296875,213.0000000001928,passive,
1.0,3053.658,3053.952,451.1000061035156,335.29998779296875,294.0000000003238,passive,
1.0,3053.976,3054.401,555.9000244140625,345.1000061035156,424.99999999972715,passive,
1.0,3054.445,3055.0,907.5,450.6000061035156,554.9999999998363,passive,
1.0,3055.144,3055.264,847.5999755859375,512.7999877929688,120.00000000034561,passive,
1.0,3055.274,3055.99,824.0999755859375,512.7999877929688,715.9999999998945,passive,
1.0,3056.023,3056.104,646.5,670.2000122070312,80.99999999967622,passive,
1.0,3056.267,3056.594,606.0999755859375,671.4000244140625,327.00000000022555,passive,
1.0,3056.634,3056.828,847.4000244140625,555.7000122070312,193.99999999995998,passive,
1.0,3056.883,3057.274,1276.199951171875,562.7999877929688,391.0000000000764,passive,
1.0,3057.29,3057.401,1204.5999755859375,549.7000122070312,110.99999999987631,passive,
1.0,3057.446,3057.54,1049.300048828125,750.7999877929688,94.00000000005093,passive,
1.0,3057.598,3057.885,523.4000244140625,616.0999755859375,287.00000000026193,passive,
1.0,3057.934,3058.464,216.1999969482422,550.5,529.9999999997453,passive,
1.0,3058.51,3058.66,663.5,576.0999755859375,149.9999999996362,passive,
1.0,3058.685,3058.894,584.9000244140625,706.2999877929688,208.99999999983265,passive,
1.0,3058.919,3059.263,522.2000122070312,777.5,344.00000000005093,passive,
1.0,3059.332,3059.584,1120.5,495.29998779296875,251.9999999999527,passive,
1.0,3059.611,3059.819,1032.5,395.70001220703125,208.00000000008367,passive,
1.0,3059.842,3059.865,1083.699951171875,492.29998779296875,22.999999999683496,passive,
1.0,3060.037,3060.271,1105.4000244140625,589.0,234.00000000037835,passive,
1.0,3060.309,3060.635,1025.5,764.9000244140625,326.0000000000218,passive,
1.0,3060.68,3060.904,1341.0999755859375,797.5999755859375,224.00000000016007,passive,
1.0,3060.946,3061.234,1234.5999755859375,563.7999877929688,288.0000000000109,passive,
1.0,3061.381,3061.553,1185.4000244140625,520.5,172.00000000002547,passive,
1.0,3061.573,3061.765,1100.4000244140625,554.5999755859375,192.00000000000728,passive,
1.0,3061.949,3062.205,933.7000122070312,691.0999755859375,255.99999999985812,passive,
1.0,3062.228,3062.486,849.4000244140625,784.5999755859375,257.9999999998108,passive,
1.0,3062.526,3062.769,618.0,829.2000122070312,242.99999999993815,passive,
1.0,3062.794,3063.094,480.70001220703125,866.7999877929688,300.0000000001819,passive,
1.0,3063.149,3063.452,125.19999694824219,734.7999877929688,303.00000000033833,passive,
1.0,3063.473,3063.617,119.19999694824219,648.5,144.00000000023283,passive,
1.0,3063.75,3063.913,1046.699951171875,603.9000244140625,163.0000000000109,passive,
1.0,3064.118,3064.519,1285.800048828125,534.2999877929688,400.99999999983993,passive,
1.0,3064.544,3064.69,1157.800048828125,569.7000122070312,146.00000000018554,passive,
1.0,3064.892,3065.086,1060.4000244140625,571.2999877929688,193.99999999995998,passive,
1.0,3065.131,3065.307,749.5,509.29998779296875,175.99999999993088,passive,
1.0,3065.325,3065.829,804.5999755859375,487.1000061035156,504.00000000036016,passive,
1.0,3065.848,3066.019,877.5,473.79998779296875,170.99999999982174,passive,
1.0,3066.062,3066.266,708.0,180.10000610351562,204.00000000017826,passive,
1.0,3066.304,3066.598,518.5999755859375,153.8000030517578,293.99999999986903,passive,
1.0,3066.639,3067.142,752.4000244140625,127.5,502.9999999997017,passive,
1.0,3067.164,3067.298,861.5999755859375,126.0,133.9999999995598,passive,
1.0,3067.337,3067.527,1059.0999755859375,132.0,190.00000000005457,passive,
1.0,3067.572,3067.706,1132.5,374.5,134.00000000001455,passive,
1.0,3067.719,3067.878,1131.0999755859375,340.29998779296875,159.0000000001055,passive,
1.0,3067.898,3068.066,1056.4000244140625,332.5,167.9999999996653,passive,
1.0,3068.113,3068.472,1016.5,521.5,359.00000000037835,passive,
1.0,3068.524,3068.749,594.4000244140625,532.5,224.99999999990905,passive,
1.0,3068.79,3069.08,528.5,214.60000610351562,289.9999999999636,passive,
1.0,3069.102,3069.28,615.9000244140625,192.5,178.00000000033833,passive,
1.0,3069.31,3069.643,813.7999877929688,183.1999969482422,333.0000000000837,passive,
1.0,3069.655,3069.833,853.7999877929688,179.10000610351562,177.99999999988358,passive,
1.0,3069.857,3070.032,1016.4000244140625,175.10000610351562,175.0000000001819,passive,
1.0,3070.059,3070.345,852.7000122070312,170.3000030517578,285.99999999960346,passive,
1.0,3070.354,3070.558,823.0,180.10000610351562,204.00000000017826,passive,
1.0,3070.672,3070.876,1020.4000244140625,195.0,204.00000000017826,passive,
1.0,3070.907,3071.148,837.2999877929688,189.89999389648438,240.99999999998545,passive,
1.0,3071.184,3071.311,1036.5999755859375,195.3000030517578,126.9999999999527,passive,
1.0,3071.366,3071.678,627.5,524.0,311.99999999989814,passive,
1.0,3071.701,3071.939,555.7000122070312,518.7000122070312,237.99999999982901,passive,
1.0,3071.949,3072.254,575.0,494.20001220703125,304.9999999998363,passive,
1.0,3072.276,3072.528,564.2000122070312,602.4000244140625,251.9999999999527,passive,
1.0,3072.56,3072.916,774.2000122070312,640.9000244140625,356.0000000002219,passive,
1.0,3072.943,3073.121,634.0999755859375,775.9000244140625,177.99999999988358,passive,
1.0,3073.144,3073.394,614.5999755859375,809.7000122070312,250.0,passive,
1.0,3073.415,3073.906,533.4000244140625,813.9000244140625,490.99999999998545,passive,
1.0,3073.943,3074.221,512.0,571.9000244140625,277.99999999979264,passive,
1.0,3074.245,3074.643,390.20001220703125,554.0999755859375,398.00000000013824,passive,
1.0,3074.653,3074.969,373.3999938964844,545.0999755859375,316.0000000002583,passive,
1.0,3074.977,3075.064,390.70001220703125,546.2000122070312,86.99999999998909,passive,
1.0,3075.106,3075.298,683.4000244140625,531.2999877929688,191.99999999955253,passive,
1.0,3075.42,3075.44,764.2000122070312,538.9000244140625,19.99999999998181,passive,
1.0,3075.458,3075.818,779.7000122070312,612.0999755859375,360.00000000012733,passive,
1.0,3075.839,3076.771,807.0999755859375,503.1000061035156,932.0000000002437,passive,
1.0,3076.793,3076.94,738.0,542.4000244140625,146.99999999993452,passive,
1.0,3076.98,3077.302,991.0999755859375,603.2000122070312,322.0000000001164,passive,
1.0,3077.448,3077.624,1043.300048828125,772.5999755859375,175.99999999993088,passive,
1.0,3077.665,3077.977,1335.0,801.2999877929688,311.99999999989814,passive,
1.0,3078.018,3078.488,1323.0,572.5999755859375,469.9999999997999,passive,
1.0,3078.573,3079.142,468.1000061035156,575.5,568.99999999996,passive,
1.0,3079.192,3079.328,832.0999755859375,552.9000244140625,135.99999999996726,passive,
1.0,3079.5,3079.966,926.0,419.6000061035156,465.9999999998945,passive,
1.0,3079.99,3080.107,1012.7999877929688,547.7000122070312,117.00000000018917,passive,
1.0,3080.129,3080.335,927.5999755859375,626.0999755859375,206.00000000013097,passive,
1.0,3080.355,3080.592,864.0999755859375,717.2000122070312,237.00000000008004,passive,
1.0,3080.614,3080.9,821.5999755859375,791.5,286.0000000000582,passive,
1.0,3081.068,3081.91,1420.199951171875,830.0,841.9999999996435,passive,
1.0,3081.929,3082.223,1366.699951171875,875.9000244140625,293.99999999986903,passive,
1.0,3082.232,3082.373,1345.800048828125,883.0,141.0000000000764,passive,
1.0,3082.436,3082.607,787.9000244140625,542.9000244140625,170.99999999982174,passive,
1.0,3082.619,3083.524,808.9000244140625,504.3999938964844,904.9999999997453,passive,
1.0,3083.566,3083.769,1164.0,507.8999938964844,202.99999999997453,passive,
1.0,3083.819,3084.142,876.9000244140625,251.1999969482422,322.9999999998654,passive,
1.0,3084.203,3084.557,891.2000122070312,760.0,353.99999999981446,passive,
1.0,3084.582,3084.911,1040.0,720.4000244140625,329.00000000017826,passive,
1.0,3084.932,3085.286,1140.0999755859375,691.2000122070312,354.0000000002692,passive,
1.0,3085.314,3085.549,1263.4000244140625,569.7000122070312,235.00000000012733,passive,
1.0,3085.574,3085.885,1397.0,504.29998779296875,311.00000000014916,passive,
1.0,3085.896,3086.069,1372.300048828125,528.0,172.99999999977445,passive,
1.0,3086.092,3086.505,1254.800048828125,532.4000244140625,413.0000000000109,passive,
1.0,3086.522,3086.727,1326.0999755859375,509.20001220703125,204.99999999992724,passive,
1.0,3086.746,3087.005,1414.5999755859375,488.0,259.00000000001455,passive,
1.0,3087.071,3087.315,874.5,211.0,244.00000000014188,passive,
1.0,3087.335,3087.515,803.2999877929688,152.5,179.9999999998363,passive,
1.0,3087.61,3087.877,858.0999755859375,837.9000244140625,266.9999999998254,passive,
1.0,3087.912,3088.245,694.7999877929688,829.0999755859375,333.0000000000837,passive,
1.0,3088.314,3088.607,116.0999984741211,789.9000244140625,293.00000000012005,passive,
1.0,3088.666,3089.009,146.3000030517578,358.0,342.9999999998472,passive,
1.0,3089.197,3089.453,881.9000244140625,401.29998779296875,255.99999999985812,passive,
1.0,3089.515,3089.674,952.7000122070312,783.0999755859375,159.0000000001055,passive,
1.0,3089.719,3090.034,1294.199951171875,816.4000244140625,315.00000000005457,passive,
1.0,3090.059,3090.422,1466.5999755859375,852.2999877929688,362.999999999829,passive,
1.0,3090.662,3091.026,811.2000122070312,554.2000122070312,364.00000000003274,passive,
1.0,3091.038,3091.267,849.9000244140625,552.7999877929688,228.99999999981446,passive,
1.0,3091.296,3091.562,610.5,521.7000122070312,266.0000000000764,passive,
1.0,3091.575,3091.826,575.5,543.2999877929688,251.00000000020373,passive,
1.0,3091.853,3092.715,802.2999877929688,497.29998779296875,862.00000000008,passive,
1.0,3092.758,3092.979,532.2000122070312,477.1000061035156,221.00000000000364,passive,
1.0,3093.002,3093.262,586.2000122070312,608.2000122070312,260.0000000002183,passive,
1.0,3093.292,3093.619,394.0,553.7000122070312,327.00000000022555,passive,
1.0,3093.646,3094.001,554.7000122070312,753.9000244140625,355.0000000000182,passive,
1.0,3094.018,3094.208,606.5,784.0,190.00000000005457,passive,
1.0,3094.224,3094.647,596.5,817.7000122070312,422.99999999977445,passive,
1.0,3094.668,3094.998,600.5,726.7999877929688,329.99999999992724,passive,
1.0,3095.017,3095.533,563.0999755859375,712.9000244140625,516.0000000000764,passive,
1.0,3095.554,3096.082,519.0999755859375,715.4000244140625,527.9999999997926,passive,
1.0,3096.104,3096.443,588.0999755859375,712.0999755859375,339.00000000039654,passive,
1.0,3096.471,3096.51,698.0999755859375,828.4000244140625,39.00000000021464,passive,
1.0,3096.519,3096.64,640.9000244140625,858.2999877929688,121.00000000009459,passive,
1.0,3096.682,3096.93,583.0999755859375,656.0,248.0000000000473,passive,
1.0,3096.952,3097.112,540.2999877929688,698.5,159.99999999985448,passive,
1.0,3097.152,3097.333,615.0999755859375,859.0999755859375,181.00000000004002,passive,
1.0,3097.373,3097.686,865.0,844.7999877929688,313.00000000010186,passive,
1.0,3097.73,3097.905,1134.699951171875,840.0,175.0000000001819,passive,
1.0,3097.926,3098.099,1192.5999755859375,743.7999877929688,173.0000000002292,passive,
1.0,3098.128,3098.315,1428.5999755859375,732.0999755859375,186.99999999989814,passive,
1.0,3098.473,3098.77,1337.199951171875,699.7999877929688,297.00000000002547,passive,
1.0,3098.817,3099.148,1495.0999755859375,874.0999755859375,331.00000000013097,passive,
1.0,3099.169,3099.292,1557.199951171875,917.5999755859375,123.0000000000473,passive,
1.0,3099.328,3099.615,1483.0999755859375,688.7000122070312,286.9999999998072,passive,
1.0,3099.625,3099.82,1463.0999755859375,695.5,195.0000000001637,passive,
1.0,3099.857,3100.075,1235.5,793.2999877929688,217.9999999998472,passive,
1.0,3100.115,3100.418,1057.0,694.7000122070312,303.00000000033833,passive,
1.0,3100.442,3100.785,950.7000122070312,617.0,342.9999999998472,passive,
1.0,3100.959,3101.29,712.5,438.8999938964844,331.00000000013097,passive,
1.0,3101.314,3101.877,821.2000122070312,486.79998779296875,563.0000000001019,passive,
1.0,3101.92,3102.061,550.7000122070312,378.3999938964844,141.0000000000764,passive,
1.0,3102.083,3102.464,592.5999755859375,383.1000061035156,380.9999999998581,passive,
1.0,3102.512,3102.658,879.0,397.70001220703125,145.9999999997308,passive,
1.0,3102.846,3103.048,758.7000122070312,559.2999877929688,201.9999999997708,passive,
1.0,3103.071,3103.314,705.5999755859375,668.5,242.99999999993815,passive,
1.0,3103.359,3103.579,540.7000122070312,823.0,220.00000000025466,passive,
1.0,3103.597,3103.817,523.2999877929688,855.7000122070312,219.9999999997999,passive,
1.0,3103.87,3104.026,548.4000244140625,436.79998779296875,155.99999999994907,passive,
1.0,3104.044,3104.191,591.7000122070312,399.70001220703125,146.99999999993452,passive,
1.0,3104.26,3104.597,1279.0999755859375,276.3999938964844,336.9999999999891,passive,
1.0,3104.622,3104.89,1178.5999755859375,225.5,268.0000000000291,passive,
1.0,3104.91,3105.484,1183.300048828125,316.5,574.0000000000691,passive,
1.0,3105.622,3105.791,1202.5,340.70001220703125,169.00000000032378,passive,
1.0,3105.86,3106.059,485.3999938964844,290.3999938964844,199.00000000006912,passive,
1.0,3106.08,3106.223,434.29998779296875,234.60000610351562,143.0000000000291,passive,
1.0,3106.248,3106.684,557.5,221.89999389648438,436.00000000014916,passive,
1.0,3106.728,3106.888,877.7000122070312,270.5,159.99999999985448,passive,
1.0,3106.927,3107.139,1136.699951171875,217.8000030517578,211.9999999999891,passive,
1.0,3107.16,3107.43,1213.199951171875,196.10000610351562,269.9999999999818,passive,
1.0,3107.457,3107.651,1284.300048828125,328.3999938964844,193.99999999995998,passive,
1.0,3107.675,3107.907,1191.0,332.20001220703125,231.9999999999709,passive,
1.0,3108.03,3108.238,1168.4000244140625,317.1000061035156,207.99999999962893,passive,
1.0,3108.302,3108.548,582.5999755859375,289.1000061035156,245.99999999963984,passive,
1.0,3108.57,3108.693,577.5999755859375,350.20001220703125,123.0000000000473,passive,
1.0,3108.709,3109.132,614.7000122070312,379.1000061035156,423.0000000002292,passive,
1.0,3109.17,3109.367,869.5999755859375,387.29998779296875,197.00000000011642,passive,
1.0,3109.377,3109.575,896.0,395.20001220703125,197.9999999998654,passive,
1.0,3109.619,3109.766,611.0999755859375,397.20001220703125,146.99999999993452,passive,
1.0,3109.817,3109.964,873.2000122070312,382.0,146.99999999993452,passive,
1.0,3109.973,3110.194,895.7999877929688,391.79998779296875,221.00000000000364,passive,
1.0,3110.36,3110.985,899.7000122070312,386.20001220703125,625.0,passive,
1.0,3111.03,3111.375,608.2000122070312,376.6000061035156,344.9999999997999,passive,
1.0,3111.419,3111.602,889.0,374.70001220703125,182.99999999999272,passive,
1.0,3111.663,3111.871,1093.300048828125,756.7999877929688,208.00000000008367,passive,
1.0,3111.892,3112.128,1126.9000244140625,688.0999755859375,236.00000000033106,passive,
1.0,3112.176,3112.352,1428.5,680.0,175.99999999993088,passive,
1.0,3112.381,3112.686,1468.699951171875,818.0999755859375,305.00000000029104,passive,
1.0,3112.709,3112.913,1381.5999755859375,832.2000122070312,204.00000000017826,passive,
1.0,3112.969,3113.232,1444.0,537.5999755859375,262.99999999991996,passive,
1.0,3113.253,3113.472,1492.199951171875,467.3999938964844,219.00000000005093,passive,
1.0,3113.665,3113.756,776.7000122070312,487.8999938964844,90.9999999998945,passive,
1.0,3113.773,3114.484,815.5999755859375,489.0,710.9999999997854,passive,
1.0,3114.527,3114.713,772.4000244140625,640.5,186.00000000014916,passive,
1.0,3114.752,3115.156,820.7999877929688,814.9000244140625,403.99999999999636,passive,
1.0,3115.168,3115.286,809.5,783.4000244140625,117.99999999993815,passive,
1.0,3115.485,3115.811,796.7999877929688,515.0999755859375,326.0000000000218,passive,
1.0,3116.109,3116.981,834.5,812.5,872.0000000002983,passive,
1.0,3117.021,3117.06,803.2999877929688,715.0,38.99999999975989,passive,
1.0,3117.286,3117.732,705.0,639.2000122070312,445.9999999999127,passive,
1.0,3117.759,3118.011,746.0999755859375,772.7000122070312,251.9999999999527,passive,
1.0,3118.031,3118.442,842.2000122070312,736.5999755859375,411.0000000000582,passive,
1.0,3118.68,3118.761,1286.5,810.5999755859375,81.00000000013097,passive,
1.0,3118.811,3119.592,822.7999877929688,783.0,780.9999999999491,passive,
1.0,3119.784,3120.545,781.7000122070312,721.5999755859375,760.9999999999673,passive,
1.0,3120.572,3120.632,976.0999755859375,667.7000122070312,59.99999999994543,passive,
1.0,3120.839,3121.1,964.7000122070312,649.2000122070312,260.99999999996726,passive,
1.0,3121.127,3121.503,828.5999755859375,622.4000244140625,376.0000000002037,passive,
1.0,3121.531,3121.605,725.0,727.4000244140625,74.00000000006912,passive,
1.0,3121.811,3122.486,795.7999877929688,675.2000122070312,674.9999999997272,passive,
1.0,3122.704,3123.412,828.7999877929688,635.5,707.9999999996289,passive,
1.0,3123.634,3123.991,851.7999877929688,640.9000244140625,356.9999999999709,passive,
1.0,3124.184,3124.754,914.2999877929688,601.0,569.999999999709,passive,
1.0,3124.981,3125.301,911.0,595.0,319.99999999970896,passive,
1.0,3125.338,3125.567,724.5999755859375,738.2000122070312,228.99999999981446,passive,
1.0,3125.632,3125.979,355.8999938964844,704.5,346.9999999997526,passive,
1.0,3126.039,3126.082,784.7999877929688,708.5,42.999999999665306,passive,
1.0,3126.281,3126.531,793.4000244140625,688.5,250.0,passive,
1.0,3126.595,3127.119,1262.300048828125,825.5,524.000000000342,passive,
1.0,3127.169,3127.307,1129.0,574.0999755859375,137.99999999991996,passive,
1.0,3127.358,3127.529,825.2000122070312,435.8999938964844,170.99999999982174,passive,
1.0,3127.576,3127.788,560.7000122070312,342.0,211.9999999999891,passive,
1.0,3127.835,3128.343,281.5,334.6000061035156,507.9999999998108,passive,
1.0,3128.42,3128.618,723.0,789.5999755859375,197.9999999998654,passive,
1.0,3128.859,3129.097,879.2000122070312,834.5999755859375,238.00000000028376,passive,
1.0,3129.12,3129.27,820.2999877929688,834.7000122070312,150.00000000009095,passive,
1.0,3129.318,3129.619,852.5,592.9000244140625,300.9999999999309,passive,
1.0,3129.667,3129.88,984.0,812.0,213.0000000001928,passive,
1.0,3129.905,3130.142,811.7999877929688,824.7999877929688,236.9999999996253,passive,
1.0,3130.18,3130.443,892.0999755859375,621.5999755859375,263.0000000003747,passive,
1.0,3130.459,3130.65,833.5999755859375,620.0999755859375,191.0000000002583,passive,
1.0,3130.703,3130.867,1146.0999755859375,851.5,164.00000000021464,passive,
1.0,3130.915,3131.285,837.2000122070312,756.4000244140625,369.99999999989086,passive,
1.0,3131.3,3131.545,848.4000244140625,801.9000244140625,244.99999999989086,passive,
1.0,3131.583,3131.834,669.2000122070312,797.5999755859375,250.99999999974898,passive,
1.0,3132.042,3132.317,825.7000122070312,865.0,275.00000000009095,passive,
1.0,3132.326,3132.616,820.5999755859375,839.2999877929688,289.9999999999636,passive,
1.0,3132.634,3132.842,836.5,788.7999877929688,208.00000000008367,passive,
1.0,3133.026,3133.422,1213.9000244140625,760.7000122070312,396.00000000018554,passive,
1.0,3133.486,3133.728,1077.5,411.6000061035156,242.00000000018917,passive,
1.0,3133.79,3134.08,1410.199951171875,764.5,289.9999999999636,passive,
1.0,3134.103,3134.535,1443.9000244140625,841.5,431.999999999789,passive,
1.0,3134.744,3135.353,419.5,725.0999755859375,608.9999999999236,passive,
1.0,3135.404,3135.454,772.2999877929688,658.0999755859375,50.0000000001819,passive,
1.0,3135.676,3136.277,803.0999755859375,633.0,601.0000000001128,passive,
1.0,3136.316,3136.595,970.5,673.0999755859375,278.99999999999636,passive,
1.0,3136.766,3136.899,825.2999877929688,513.9000244140625,132.99999999981083,,
1.0,3137.092,3137.646,823.4000244140625,511.29998779296875,554.0000000000873,,
1.0,3137.878,3138.429,821.5,508.5,550.9999999999309,passive,
1.0,3138.475,3138.732,456.20001220703125,523.5,257.00000000006185,passive,
1.0,3138.772,3138.924,241.89999389648438,593.7000122070312,152.00000000004366,passive,
1.0,3139.001,3139.308,1118.5,666.7999877929688,306.999999999789,passive,
1.0,3139.573,3139.747,721.4000244140625,793.9000244140625,173.99999999997817,passive,
1.0,3139.782,3139.945,545.4000244140625,828.7000122070312,163.0000000000109,passive,
1.0,3140.016,3140.341,1279.300048828125,881.2000122070312,324.9999999998181,passive,
1.0,3140.531,3140.85,863.4000244140625,494.0,318.99999999996,passive,
1.0,3140.859,3141.062,880.0,468.79998779296875,202.99999999997453,passive,
1.0,3141.113,3141.255,790.0999755859375,297.6000061035156,142.00000000028012,passive,
1.0,3141.305,3141.549,453.3999938964844,232.60000610351562,244.00000000014188,passive,
1.0,3141.602,3141.842,363.3999938964844,506.20001220703125,240.00000000023647,passive,
1.0,3141.997,3142.425,1186.300048828125,555.5,428.00000000033833,passive,
1.0,3142.484,3142.691,738.2999877929688,531.0999755859375,206.99999999987995,passive,
1.0,3142.836,3143.121,466.0,551.0999755859375,285.0000000003092,passive,
1.0,3143.186,3143.436,942.5999755859375,751.2000122070312,250.0,passive,
1.0,3143.471,3144.047,726.7999877929688,789.2999877929688,576.0000000000218,passive,
1.0,3144.081,3144.242,530.0,797.4000244140625,161.0000000000582,passive,
1.0,3144.289,3144.795,823.5,511.70001220703125,505.9999999998581,passive,
1.0,3144.956,3145.5,802.2999877929688,489.3999938964844,543.999999999869,passive,
1.0,3145.525,3145.787,769.7000122070312,653.0999755859375,261.99999999971624,passive,
1.0,3145.832,3146.097,731.7000122070312,370.20001220703125,265.0000000003274,passive,
1.0,3146.135,3146.416,618.5,577.0,280.99999999994907,passive,
1.0,3146.452,3146.775,732.0,341.3999938964844,322.9999999998654,passive,
1.0,3146.979,3147.222,505.5,697.7999877929688,243.0000000003929,passive,
1.0,3147.267,3147.471,860.2000122070312,631.9000244140625,204.00000000017826,passive,
1.0,3147.621,3147.926,857.5,613.2999877929688,304.9999999998363,passive,
1.0,3147.971,3148.138,740.7999877929688,456.3999938964844,166.99999999991633,passive,
1.0,3148.415,3148.758,570.0999755859375,707.2000122070312,342.9999999998472,passive,
1.0,3148.805,3148.98,808.0,540.5,175.0000000001819,passive,
1.0,3149.198,3149.405,749.0,580.0999755859375,207.0000000003347,passive,
1.0,3149.433,3150.119,758.2000122070312,368.20001220703125,686.0000000001492,passive,
1.0,3150.14,3150.826,739.2999877929688,278.79998779296875,686.0000000001492,passive,
1.0,3150.874,3151.061,741.7000122070312,492.70001220703125,187.00000000035288,passive,
1.0,3151.097,3151.254,630.5,636.7000122070312,156.99999999969805,passive,
1.0,3151.301,3151.554,790.9000244140625,382.6000061035156,253.00000000015643,passive,
1.0,3151.595,3151.792,794.5,569.7999877929688,197.00000000011642,passive,
1.0,3151.819,3152.148,770.2000122070312,666.5,329.00000000017826,passive,
1.0,3152.2,3152.279,1198.300048828125,662.9000244140625,79.00000000017826,passive,
1.0,3152.323,3152.578,1472.800048828125,703.2000122070312,255.00000000010914,passive,
1.0,3152.621,3152.793,1096.4000244140625,753.2000122070312,172.00000000002547,passive,
1.0,3152.841,3153.084,675.5,726.5,242.99999999993815,passive,
1.0,3153.132,3153.509,351.29998779296875,757.2999877929688,376.9999999999527,passive,
1.0,3153.522,3153.731,335.70001220703125,743.0999755859375,209.0000000002874,passive,
1.0,3153.779,3153.876,760.2000122070312,642.5,97.00000000020736,passive,
1.0,3154.037,3154.527,776.0999755859375,595.5,490.00000000023647,passive,
1.0,3154.558,3154.791,929.7000122070312,693.5,233.00000000017462,passive,
1.0,3154.83,3155.098,693.5999755859375,640.9000244140625,268.0000000000291,passive,
1.0,3155.144,3155.388,739.0999755859375,371.5,244.00000000014188,passive,
1.0,3155.424,3155.682,650.5999755859375,572.5999755859375,257.9999999998108,passive,
1.0,3155.816,3156.004,763.7999877929688,380.79998779296875,188.00000000010186,passive,
1.0,3156.05,3156.253,656.4000244140625,585.0999755859375,202.99999999997453,passive,
1.0,3156.301,3156.608,735.9000244140625,342.0,307.00000000024374,passive,
1.0,3156.626,3157.002,740.7000122070312,290.5,375.999999999749,passive,
1.0,3157.023,3157.378,720.0,380.3999938964844,355.0000000000182,passive,
1.0,3157.54,3157.833,705.5,524.0,293.00000000012005,passive,
1.0,3157.869,3158.074,583.5,616.7000122070312,204.99999999992724,passive,
1.0,3158.099,3158.38,492.70001220703125,667.7000122070312,280.99999999994907,passive,
1.0,3158.416,3158.691,291.79998779296875,734.0,274.9999999996362,passive,
1.0,3158.715,3158.922,184.89999389648438,780.7999877929688,206.99999999987995,passive,
1.0,3158.978,3159.317,761.5,539.0,338.9999999999418,passive,
1.0,3159.34,3159.733,813.0,629.9000244140625,393.0000000000291,passive,
1.0,3159.767,3159.939,681.5999755859375,661.7999877929688,172.00000000002547,passive,
1.0,3160.105,3160.36,607.5999755859375,731.2000122070312,255.00000000010914,passive,
1.0,3160.4,3160.546,412.20001220703125,730.5999755859375,145.9999999997308,passive,
1.0,3160.609,3161.041,737.2000122070312,338.20001220703125,432.00000000024374,passive,
1.0,3161.239,3161.575,676.2999877929688,585.7000122070312,335.99999999978536,passive,
1.0,3161.623,3161.936,774.2999877929688,303.1000061035156,313.00000000010186,passive,
1.0,3162.16,3162.307,773.4000244140625,408.0,146.99999999993452,passive,
1.0,3162.361,3162.921,531.5999755859375,730.4000244140625,559.9999999999454,passive,
1.0,3162.963,3163.316,297.29998779296875,848.4000244140625,352.99999999961074,passive,
1.0,3163.591,3164.004,868.2999877929688,558.0,413.0000000000109,passive,
1.0,3164.022,3164.196,874.2999877929688,623.2999877929688,173.99999999997817,passive,
1.0,3164.22,3164.447,999.0,659.5999755859375,227.0000000003165,passive,
1.0,3164.5,3164.889,629.0999755859375,668.2999877929688,389.0000000001237,passive,
1.0,3164.927,3165.326,469.29998779296875,745.2999877929688,398.9999999998872,passive,
1.0,3165.351,3165.535,340.20001220703125,790.2000122070312,183.9999999997417,passive,
1.0,3165.557,3165.865,287.0,820.4000244140625,307.9999999999927,passive,
1.0,3166.079,3166.585,770.0999755859375,570.5999755859375,505.9999999998581,passive,
1.0,3166.608,3166.841,669.4000244140625,637.0,232.99999999971988,passive,
1.0,3167.044,3167.452,898.2000122070312,658.2000122070312,408.0000000003565,passive,
1.0,3167.479,3167.628,1047.300048828125,663.7000122070312,149.00000000034197,passive,
1.0,3167.846,3168.067,959.9000244140625,578.2000122070312,221.00000000000364,passive,
1.0,3168.117,3168.585,797.9000244140625,335.0,467.9999999998472,passive,
1.0,3168.602,3168.786,760.9000244140625,303.0,184.00000000019645,passive,
1.0,3168.944,3169.35,504.0,506.20001220703125,405.99999999994907,passive,
1.0,3169.386,3169.819,755.7999877929688,518.7999877929688,432.9999999999927,passive,
1.0,3170.009,3170.072,818.5,556.7000122070312,63.00000000010186,passive,
1.0,3170.11,3170.572,635.5999755859375,683.4000244140625,461.9999999999891,passive,
1.0,3170.829,3171.311,405.1000061035156,735.0,481.9999999999709,passive,
1.0,3171.542,3172.292,778.4000244140625,328.0,750.0,passive,
1.0,3172.341,3172.498,1142.0999755859375,362.79998779296875,157.0000000001528,passive,
1.0,3172.651,3172.99,1395.0999755859375,374.20001220703125,338.9999999999418,passive,
1.0,3173.043,3173.433,972.7000122070312,563.7999877929688,389.99999999987267,passive,
1.0,3173.501,3173.646,605.0999755859375,754.4000244140625,144.9999999999818,passive,
1.0,3173.864,3174.009,603.2999877929688,793.2999877929688,144.9999999999818,passive,
1.0,3174.053,3174.257,330.29998779296875,826.0,204.00000000017826,passive,
1.0,3174.306,3174.434,802.2000122070312,539.4000244140625,128.00000000015643,passive,
1.0,3174.654,3174.69,748.5999755859375,1192.0,36.00000000005821,passive,
1.0,3174.713,3174.805,744.4000244140625,1292.300048828125,91.99999999964348,passive,
1.0,3174.881,3174.954,746.9000244140625,706.5999755859375,73.00000000032014,passive,
1.0,3174.981,3175.271,700.7000122070312,481.1000061035156,289.9999999999636,passive,
1.0,3175.298,3175.568,815.5999755859375,473.5,270.00000000043656,passive,
1.0,3175.594,3175.777,716.5,602.0,182.99999999999272,passive,
1.0,3175.911,3176.39,835.5,528.0999755859375,478.99999999981446,passive,
1.0,3176.41,3176.81,826.9000244140625,457.20001220703125,400.00000000009095,passive,
1.0,3176.866,3177.052,1116.4000244140625,539.5,186.00000000014916,passive,
1.0,3177.094,3177.423,801.2999877929688,563.5999755859375,328.9999999997235,passive,
1.0,3177.507,3177.702,1551.300048828125,757.7000122070312,195.0000000001637,passive,
1.0,3177.762,3177.951,1020.9000244140625,450.3999938964844,188.99999999985084,passive,
1.0,3177.996,3178.415,720.0999755859375,339.6000061035156,418.99999999986903,passive,
1.0,3178.458,3178.634,433.1000061035156,530.7999877929688,175.99999999993088,passive,
1.0,3178.689,3179.097,614.0,183.6999969482422,408.0000000003565,passive,
1.0,3179.141,3179.249,851.5,163.10000610351562,107.99999999971988,passive,
1.0,3179.328,3179.898,403.1000061035156,773.7999877929688,570.0000000001637,passive,
1.0,3180.05,3180.124,579.7999877929688,729.9000244140625,73.99999999961437,passive,
1.0,3180.167,3180.946,821.7000122070312,514.7999877929688,778.9999999999964,passive,
1.0,3180.985,3181.104,1064.5999755859375,410.29998779296875,118.99999999968713,passive,
1.0,3181.126,3181.487,1005.5,363.0,360.9999999998763,passive,
1.0,3181.623,3181.775,1012.4000244140625,352.29998779296875,152.00000000004366,passive,
1.0,3181.795,3182.134,1066.800048828125,354.0,338.9999999999418,passive,
1.0,3182.212,3182.386,500.29998779296875,782.7999877929688,173.99999999997817,passive,
1.0,3182.41,3182.608,410.8999938964844,827.9000244140625,198.00000000032014,passive,
1.0,3182.652,3182.873,259.29998779296875,600.5999755859375,221.00000000000364,passive,
1.0,3183.045,3183.205,1005.2999877929688,482.8999938964844,159.99999999985448,passive,
1.0,3183.228,3183.591,1022.5999755859375,384.1000061035156,362.999999999829,passive,
1.0,3183.602,3183.817,1042.300048828125,405.1000061035156,215.00000000014552,passive,
1.0,3183.832,3184.05,1023.0999755859375,369.3999938964844,218.00000000030195,passive,
1.0,3184.057,3184.161,1002.5999755859375,372.6000061035156,104.00000000026921,passive,
1.0,3184.307,3184.457,1029.699951171875,356.70001220703125,150.00000000009095,passive,
1.0,3184.471,3184.914,1067.699951171875,365.0,443.000000000211,passive,
1.0,3184.931,3185.212,1015.5999755859375,372.20001220703125,280.99999999994907,passive,
1.0,3185.398,3185.632,1024.300048828125,377.70001220703125,233.9999999999236,passive,
1.0,3185.647,3186.085,1063.4000244140625,362.8999938964844,438.00000000010186,passive,
1.0,3186.104,3186.285,1003.7000122070312,364.79998779296875,181.00000000004002,passive,
1.0,3186.446,3187.256,1012.7999877929688,372.1000061035156,809.9999999999454,passive,
1.0,3187.446,3188.172,1014.5999755859375,375.0,726.0000000001128,passive,
1.0,3188.234,3188.411,505.3999938964844,496.3999938964844,177.0000000001346,passive,
1.0,3188.453,3188.722,244.3000030517578,549.5999755859375,269.00000000023283,passive,
1.0,3188.759,3189.022,349.79998779296875,773.7999877929688,262.99999999991996,passive,
1.0,3189.043,3189.21,277.3999938964844,815.7000122070312,166.99999999991633,passive,
1.0,3189.247,3189.62,243.3000030517578,644.2999877929688,373.0000000000473,passive,
1.0,3189.647,3190.05,199.6999969482422,740.7999877929688,403.0000000002474,passive,
1.0,3190.068,3190.421,229.89999389648438,672.5999755859375,352.99999999961074,passive,
1.0,3190.449,3190.761,190.89999389648438,823.5999755859375,311.99999999989814,passive,
1.0,3190.794,3191.013,510.3999938964844,804.2000122070312,219.00000000005093,passive,
1.0,3191.041,3191.21,737.5999755859375,774.7999877929688,168.99999999986903,passive,
1.0,3191.26,3191.467,1066.0999755859375,554.9000244140625,206.99999999987995,passive,
1.0,3191.488,3191.752,1165.9000244140625,565.5,264.0000000001237,passive,
1.0,3191.776,3192.149,1132.699951171875,453.1000061035156,373.0000000000473,passive,
1.0,3192.321,3192.443,1129.0,384.8999938964844,122.00000000029831,passive,
1.0,3192.467,3192.701,1044.5999755859375,360.29998779296875,233.9999999999236,passive,
1.0,3192.713,3193.115,1008.5,364.20001220703125,401.9999999995889,passive,
1.0,3193.134,3193.412,1072.199951171875,357.70001220703125,277.99999999979264,passive,
1.0,3193.437,3194.077,1153.699951171875,260.79998779296875,640.0000000003274,passive,
1.0,3194.207,3194.725,1091.9000244140625,230.3000030517578,518.0000000000291,passive,
1.0,3194.774,3195.057,1450.800048828125,173.60000610351562,282.9999999999018,passive,
1.0,3195.107,3195.296,1099.0999755859375,286.0,188.99999999985084,passive,
1.0,3195.322,3195.722,1012.0999755859375,368.6000061035156,400.00000000009095,passive,
1.0,3195.742,3196.007,995.0,282.79998779296875,264.99999999987267,passive,
1.0,3196.118,3196.881,1221.0,253.39999389648438,762.99999999992,passive,
1.0,3196.894,3197.136,1203.5,291.20001220703125,242.00000000018917,passive,
1.0,3197.296,3197.499,1171.800048828125,309.5,202.99999999997453,passive,
1.0,3197.541,3197.633,1030.800048828125,369.29998779296875,91.99999999964348,passive,
1.0,3197.661,3198.392,873.4000244140625,450.29998779296875,730.9999999997672,passive,
1.0,3198.415,3198.611,942.2000122070312,332.79998779296875,195.9999999999127,passive,
1.0,3198.672,3198.797,458.5,481.1000061035156,125.0,passive,
1.0,3198.824,3199.081,362.70001220703125,603.7999877929688,257.00000000006185,passive,
1.0,3199.133,3199.286,780.9000244140625,567.4000244140625,153.00000000024738,passive,
1.0,3199.437,3199.785,999.7000122070312,672.7999877929688,347.99999999995634,passive,
1.0,3200.045,3200.243,947.0999755859375,376.1000061035156,197.9999999998654,passive,
1.0,3200.293,3200.583,559.7000122070312,316.8999938964844,289.9999999999636,passive,
1.0,3200.604,3200.73,522.0,235.60000610351562,126.00000000020373,passive,
1.0,3201.021,3201.452,373.8999938964844,617.5999755859375,431.00000000004,passive,
1.0,3201.674,3201.694,994.2000122070312,570.2999877929688,19.99999999998181,passive,
1.0,3201.713,3201.913,1010.7999877929688,701.2000122070312,199.9999999998181,passive,
1.0,3201.924,3202.253,984.9000244140625,694.5999755859375,329.00000000017826,passive,
1.0,3202.263,3202.503,971.5,670.7999877929688,240.00000000023647,passive,
1.0,3202.536,3203.28,841.2000122070312,520.5999755859375,744.0000000001419,passive,
1.0,3203.297,3203.646,902.0,488.70001220703125,349.00000000016007,passive,
1.0,3203.842,3204.341,741.5999755859375,615.2999877929688,498.9999999997963,passive,
1.0,3204.573,3204.786,785.0,402.20001220703125,213.0000000001928,passive,
1.0,3204.814,3205.205,611.7999877929688,545.5999755859375,391.0000000000764,passive,
1.0,3205.261,3205.496,256.0,855.5999755859375,235.00000000012733,passive,
1.0,3205.703,3205.998,752.9000244140625,425.6000061035156,295.00000000007276,passive,
1.0,3206.034,3206.316,576.5,515.9000244140625,281.99999999969805,passive,
1.0,3206.36,3206.6,733.2000122070312,311.6000061035156,239.99999999978172,passive,
1.0,3206.631,3206.74,585.4000244140625,468.79998779296875,108.9999999999236,passive,
1.0,3206.923,3207.039,632.7000122070312,464.1000061035156,116.0000000004402,passive,
1.0,3207.081,3207.384,762.4000244140625,316.29998779296875,302.9999999998836,passive,
1.0,3207.436,3207.841,873.0,554.0,404.99999999974534,passive,
1.0,3207.889,3208.318,1041.9000244140625,273.0,429.0000000000873,passive,
1.0,3208.363,3208.566,1316.9000244140625,271.3999938964844,202.99999999997453,passive,
1.0,3208.618,3208.822,1508.0999755859375,511.3999938964844,204.00000000017826,passive,
1.0,3208.999,3209.076,1549.699951171875,991.2999877929688,77.00000000022555,passive,
1.0,3209.104,3209.281,1655.699951171875,1092.5999755859375,177.0000000001346,passive,
1.0,3209.345,3209.444,1044.5999755859375,620.4000244140625,99.00000000016007,passive,
1.0,3209.48,3209.654,821.7999877929688,531.7000122070312,173.99999999997817,passive,
1.0,3209.661,3209.906,810.4000244140625,519.2000122070312,244.99999999989086,passive,
1.0,3209.928,3210.245,823.2999877929688,437.70001220703125,317.0000000000073,passive,
1.0,3210.261,3210.394,823.4000244140625,500.79998779296875,132.99999999981083,passive,
1.0,3210.447,3210.628,554.0999755859375,199.1999969482422,181.00000000004002,passive,
1.0,3210.644,3211.138,557.7000122070312,148.39999389648438,494.0000000001419,passive,
1.0,3211.218,3211.388,1362.9000244140625,187.8000030517578,170.00000000007276,passive,
1.0,3211.472,3211.719,1272.199951171875,803.5,246.99999999984357,passive,
1.0,3211.769,3211.943,789.2999877929688,627.7000122070312,174.00000000043292,passive,
1.0,3211.965,3212.113,796.5999755859375,535.2999877929688,147.9999999996835,passive,
1.0,3212.255,3212.452,813.9000244140625,506.70001220703125,197.00000000011642,passive,
1.0,3212.476,3212.836,766.5999755859375,636.4000244140625,359.9999999996726,passive,
1.0,3213.066,3213.418,827.2999877929688,526.0,352.0000000003165,passive,
1.0,3213.426,3213.537,807.5,526.7999877929688,110.99999999987631,passive,
1.0,3213.584,3213.753,570.7999877929688,218.5,169.00000000032378,passive,
1.0,3213.771,3214.464,562.7000122070312,161.60000610351562,692.9999999997563,passive,
1.0,3214.569,3215.766,550.7999877929688,166.3000030517578,1197.0000000001164,passive,
1.0,3216.004,3216.235,226.60000610351562,921.7999877929688,231.00000000022192,passive,
1.0,3216.299,3216.462,901.9000244140625,838.5999755859375,163.0000000000109,passive,
1.0,3216.509,3216.742,786.4000244140625,538.9000244140625,233.00000000017462,passive,
1.0,3216.751,3217.793,825.0999755859375,517.5,1041.9999999999163,passive,
1.0,3217.942,3219.113,812.7999877929688,514.2000122070312,1170.9999999998217,passive,
1.0,3219.175,3219.586,1302.0,372.79998779296875,410.99999999960346,passive,
1.0,3219.654,3219.853,1035.4000244140625,709.7999877929688,199.00000000006912,passive,
1.0,3219.892,3220.157,785.7000122070312,658.7999877929688,265.0000000003274,passive,
1.0,3220.178,3220.404,730.5999755859375,647.9000244140625,226.00000000011278,passive,
1.0,3220.447,3220.744,663.0,847.4000244140625,297.00000000002547,passive,
1.0,3220.763,3220.943,711.7000122070312,867.7000122070312,180.00000000029104,passive,
1.0,3220.967,3221.216,869.2000122070312,880.0999755859375,248.99999999979627,passive,
1.0,3221.224,3221.333,853.0999755859375,880.2999877929688,108.9999999999236,passive,
1.0,3221.384,3221.677,1357.9000244140625,888.2999877929688,293.00000000012005,passive,
1.0,3221.703,3221.902,1244.9000244140625,879.7000122070312,199.00000000006912,passive,
1.0,3221.927,3222.269,1436.5999755859375,896.0999755859375,341.9999999996435,passive,
1.0,3222.289,3222.539,1364.699951171875,894.5999755859375,250.0,passive,
1.0,3222.605,3222.728,758.9000244140625,558.4000244140625,123.0000000000473,passive,
1.0,3222.748,3223.349,809.0,523.7000122070312,601.0000000001128,passive,
1.0,3223.398,3223.649,446.0,456.0,250.99999999974898,passive,
1.0,3223.674,3224.056,411.1000061035156,599.2999877929688,382.00000000006185,passive,
1.0,3224.084,3224.498,596.5,617.7000122070312,414.00000000021464,passive,
1.0,3224.546,3224.783,882.7000122070312,667.2999877929688,237.00000000008004,passive,
1.0,3224.802,3224.995,887.2999877929688,570.5999755859375,192.99999999975626,passive,
1.0,3225.043,3225.388,1309.4000244140625,507.6000061035156,344.9999999997999,passive,
1.0,3225.4,3225.666,1277.199951171875,522.9000244140625,266.0000000000764,passive,
1.0,3225.687,3225.956,1342.199951171875,454.3999938964844,269.00000000023283,passive,
1.0,3226.014,3226.063,1413.199951171875,792.9000244140625,48.99999999997817,passive,
1.0,3226.072,3226.13,845.7000122070312,523.2999877929688,57.999999999992724,,
1.0,3226.136,3226.439,830.0,519.2999877929688,302.9999999998836,,
1.0,3226.562,3227.624,831.7999877929688,521.2999877929688,1061.9999999998981,active,
1.0,3227.657,3227.768,1006.0999755859375,459.1000061035156,110.99999999987631,active,
1.0,3227.811,3228.044,839.0999755859375,647.7000122070312,232.99999999971988,active,
1.0,3228.087,3228.219,959.7999877929688,873.5,132.00000000006185,active,
1.0,3228.241,3228.382,979.9000244140625,905.2000122070312,141.0000000000764,active,
1.0,3228.416,3228.603,904.2999877929688,721.2999877929688,186.99999999989814,active,
1.0,3228.672,3228.751,1144.5999755859375,324.70001220703125,79.00000000017826,active,
1.0,3228.793,3229.038,974.0999755859375,340.8999938964844,244.99999999989086,active,
1.0,3229.097,3229.266,432.70001220703125,439.3999938964844,168.99999999986903,active,
1.0,3229.328,3229.607,943.4000244140625,309.1000061035156,278.99999999999636,active,
1.0,3229.827,3229.964,861.5999755859375,524.2999877929688,136.99999999971624,active,
1.0,3229.973,3230.434,833.0,521.9000244140625,461.0000000002401,active,
1.0,3230.576,3230.622,841.0,541.7999877929688,45.99999999982174,active,
1.0,3230.643,3230.979,841.0999755859375,436.6000061035156,335.99999999978536,active,
1.0,3231.041,3231.221,364.20001220703125,199.8000030517578,179.9999999998363,active,
1.0,3231.299,3231.488,1148.4000244140625,150.6999969482422,188.99999999985084,active,
1.0,3231.526,3231.667,1386.9000244140625,144.89999389648438,141.0000000000764,active,
1.0,3231.692,3231.913,1521.5,271.6000061035156,221.00000000000364,active,
1.0,3231.967,3232.223,1114.199951171875,640.2000122070312,255.99999999985812,active,
1.0,3232.263,3232.358,818.4000244140625,524.4000244140625,95.00000000025466,active,
1.0,3232.382,3232.594,854.5999755859375,438.5,211.9999999999891,active,
1.0,3232.611,3232.709,811.9000244140625,446.3999938964844,97.99999999995634,active,
1.0,3232.732,3232.984,750.9000244140625,529.0999755859375,251.9999999999527,active,
1.0,3232.993,3233.181,739.2000122070312,527.5,188.00000000010186,active,
1.0,3233.248,3233.55,392.5,233.1999969482422,302.0000000001346,active,
1.0,3233.598,3233.747,883.2000122070312,405.29998779296875,148.99999999988722,active,
1.0,3233.77,3234.067,848.2000122070312,427.6000061035156,297.00000000002547,active,
1.0,3234.136,3234.463,361.1000061035156,483.1000061035156,327.00000000022555,active,
1.0,3234.524,3234.701,930.5,473.79998779296875,177.0000000001346,active,
1.0,3234.827,3234.956,814.7000122070312,530.5,128.9999999999054,active,
1.0,3234.963,3235.54,840.2999877929688,529.2999877929688,576.9999999997708,active,
1.0,3235.574,3235.71,1003.9000244140625,451.70001220703125,135.99999999996726,active,
1.0,3235.767,3236.012,437.79998779296875,408.20001220703125,245.0000000003456,active,
1.0,3236.055,3236.226,563.7000122070312,623.9000244140625,171.0000000002765,active,
1.0,3236.27,3236.748,422.1000061035156,367.1000061035156,478.0000000000655,active,
1.0,3236.792,3237.07,334.8999938964844,549.2000122070312,278.0000000002474,active,
1.0,3237.079,3237.295,327.3999938964844,577.9000244140625,215.9999999998945,active,
1.0,3237.446,3237.675,962.7999877929688,450.79998779296875,229.0000000002692,active,
1.0,3237.685,3237.838,970.2999877929688,435.5,153.00000000024738,active,
1.0,3237.871,3238.326,879.7000122070312,624.5999755859375,454.99999999992724,active,
1.0,3238.375,3238.589,628.2999877929688,642.9000244140625,213.9999999999418,active,
1.0,3238.668,3239.075,1490.0999755859375,566.7999877929688,406.99999999969805,active,
1.0,3239.1,3239.178,1332.4000244140625,612.9000244140625,77.99999999997453,active,
1.0,3239.224,3239.563,942.5999755859375,712.5,338.9999999999418,active,
1.0,3239.61,3240.336,708.5,436.6000061035156,725.999999999658,active,
1.0,3240.36,3240.621,822.0,467.29998779296875,260.99999999996726,active,
1.0,3240.645,3240.895,792.5999755859375,620.5,250.0,active,
1.0,3240.934,3241.102,1047.699951171875,585.5999755859375,167.9999999996653,active,
1.0,3241.161,3241.347,1265.199951171875,809.0,186.00000000014916,active,
1.0,3241.414,3241.455,1424.9000244140625,607.7000122070312,40.9999999997126,active,
1.0,3241.509,3241.654,1148.4000244140625,316.79998779296875,144.9999999999818,active,
1.0,3241.694,3241.894,865.2000122070312,319.70001220703125,199.9999999998181,active,
1.0,3241.921,3242.352,920.2000122070312,477.70001220703125,431.00000000004,active,
1.0,3242.549,3242.644,788.0,511.0,94.99999999979991,active,
1.0,3242.655,3243.439,827.2999877929688,509.29998779296875,783.9999999996508,active,
1.0,3243.496,3243.698,384.5,481.1000061035156,201.9999999997708,active,
1.0,3243.739,3243.88,304.70001220703125,651.5,141.0000000000764,active,
1.0,3243.954,3244.199,1057.9000244140625,806.0999755859375,244.99999999989086,active,
1.0,3244.246,3244.394,1416.0,834.0,147.9999999996835,active,
1.0,3244.471,3244.805,1480.699951171875,360.20001220703125,333.99999999983265,active,
1.0,3244.898,3245.3,386.0,500.1000061035156,402.00000000004366,active,
1.0,3245.467,3245.563,919.4000244140625,490.20001220703125,96.00000000000364,active,
1.0,3245.586,3246.293,843.2000122070312,517.9000244140625,707.0000000003347,active,
1.0,3246.334,3246.589,639.7999877929688,428.8999938964844,255.00000000010914,active,
1.0,3246.61,3246.751,718.5,386.70001220703125,141.0000000000764,active,
1.0,3246.812,3247.043,216.39999389648438,651.5,231.00000000022192,active,
1.0,3247.128,3247.307,1114.0,849.2000122070312,178.99999999963256,active,
1.0,3247.349,3247.739,1405.9000244140625,886.2000122070312,389.99999999987267,active,
1.0,3247.807,3247.99,709.7999877929688,920.7999877929688,182.99999999999272,active,
1.0,3248.057,3248.368,794.5999755859375,340.3999938964844,311.00000000014916,active,
1.0,3248.402,3248.584,627.2999877929688,382.6000061035156,181.999999999789,active,
1.0,3248.634,3248.925,278.8999938964844,504.3999938964844,291.00000000016735,active,
1.0,3249.137,3249.225,853.7000122070312,502.29998779296875,87.99999999973807,active,
1.0,3249.241,3249.974,832.0,515.0,733.0000000001746,active,
1.0,3249.987,3250.27,824.7999877929688,546.0,282.9999999999018,active,
1.0,3250.313,3250.378,1087.9000244140625,730.0999755859375,65.00000000005457,active,
1.0,3250.442,3250.713,394.8999938964844,784.7999877929688,271.00000000018554,active,
1.0,3250.739,3251.147,252.10000610351562,770.5,407.9999999999018,active,
1.0,3251.169,3251.392,340.0,783.7999877929688,222.99999999995634,active,
1.0,3251.424,3251.838,208.6999969482422,722.7000122070312,414.00000000021464,active,
1.0,3251.862,3252.114,286.70001220703125,845.5999755859375,251.9999999999527,active,
1.0,3252.133,3252.319,338.79998779296875,808.7999877929688,186.00000000014916,active,
1.0,3252.388,3252.618,982.0999755859375,403.20001220703125,230.0000000000182,active,
1.0,3252.664,3252.887,1314.199951171875,535.0999755859375,222.99999999995634,active,
1.0,3252.929,3253.268,1220.199951171875,741.2000122070312,338.9999999999418,active,
1.0,3253.399,3253.643,1159.800048828125,205.5,244.00000000014188,active,
1.0,3253.69,3253.751,799.5999755859375,426.6000061035156,61.00000000014916,active,
1.0,3253.776,3253.937,841.9000244140625,537.7999877929688,161.0000000000582,active,
1.0,3253.945,3254.273,829.4000244140625,545.5999755859375,327.99999999997453,active,
1.0,3254.407,3254.643,774.9000244140625,430.8999938964844,235.9999999998763,active,
1.0,3254.668,3255.163,826.4000244140625,483.3999938964844,494.99999999989086,active,
1.0,3255.215,3255.371,536.5,478.8999938964844,155.99999999994907,active,
1.0,3255.414,3255.685,687.7000122070312,260.70001220703125,270.9999999997308,active,
1.0,3255.703,3255.848,722.2000122070312,197.10000610351562,144.9999999999818,active,
1.0,3255.899,3255.962,1138.699951171875,313.5,63.00000000010186,active,
1.0,3256.001,3256.253,1125.699951171875,526.7999877929688,251.9999999999527,active,
1.0,3256.288,3256.431,1221.4000244140625,725.4000244140625,143.0000000000291,active,
1.0,3256.475,3256.865,842.2000122070312,629.2999877929688,389.99999999987267,active,
1.0,3256.922,3257.13,844.5,895.7999877929688,208.00000000008367,active,
1.0,3257.177,3257.361,731.2000122070312,663.0999755859375,183.9999999997417,active,
1.0,3257.395,3257.795,848.5,608.4000244140625,400.00000000009095,active,
1.0,3257.808,3257.997,820.0999755859375,579.0,188.99999999985084,active,
1.0,3258.053,3258.438,348.1000061035156,621.5999755859375,385.0000000002183,active,
1.0,3258.509,3258.629,493.0,302.5,119.99999999989086,active,
1.0,3258.684,3258.898,1053.0,397.1000061035156,213.9999999999418,active,
1.0,3258.938,3259.254,859.9000244140625,543.5999755859375,315.99999999980355,active,
1.0,3259.268,3259.562,864.4000244140625,581.2999877929688,293.99999999986903,active,
1.0,3259.797,3259.945,803.7000122070312,453.1000061035156,148.00000000013824,active,
1.0,3259.96,3260.691,826.0,511.20001220703125,730.9999999997672,active,
1.0,3260.734,3260.922,548.2999877929688,545.7999877929688,188.00000000010186,active,
1.0,3260.98,3261.157,744.4000244140625,308.79998779296875,177.0000000001346,active,
1.0,3261.182,3261.297,640.5999755859375,277.79998779296875,115.00000000023647,active,
1.0,3261.356,3261.579,1104.0999755859375,552.7000122070312,222.99999999995634,active,
1.0,3261.723,3261.935,1083.199951171875,533.0,211.9999999999891,active,
1.0,3261.984,3262.229,1175.300048828125,255.5,244.99999999989086,active,
1.0,3262.29,3262.469,954.5,561.0999755859375,179.0000000000873,active,
1.0,3262.528,3262.893,562.5999755859375,576.7000122070312,365.00000000023647,active,
1.0,3262.947,3263.154,1143.5999755859375,653.5999755859375,206.99999999987995,active,
1.0,3263.184,3263.532,1113.199951171875,531.0999755859375,347.99999999995634,active,
1.0,3263.596,3263.924,498.79998779296875,590.0,327.99999999997453,active,
1.0,3263.949,3264.253,623.5,558.2000122070312,304.0000000000873,active,
1.0,3264.321,3264.532,775.2999877929688,210.5,211.0000000002401,active,
1.0,3264.587,3264.778,1223.800048828125,190.89999389648438,190.99999999980355,active,
1.0,3264.841,3265.121,935.9000244140625,558.5,280.0000000002001,active,
1.0,3265.376,3265.521,798.2000122070312,467.6000061035156,144.9999999999818,active,
1.0,3265.534,3266.152,833.5,499.3999938964844,617.9999999999382,active,
1.0,3266.192,3266.443,1039.9000244140625,372.8999938964844,251.00000000020373,active,
1.0,3266.462,3266.842,1107.800048828125,364.29998779296875,380.00000000010914,active,
1.0,3266.901,3267.28,1139.800048828125,781.0,379.00000000036016,active,
1.0,3267.297,3267.584,1186.5,807.7000122070312,286.9999999998072,active,
1.0,3267.627,3267.816,885.5,840.0,188.99999999985084,active,
1.0,3267.854,3267.997,754.5999755859375,669.5,143.0000000000291,active,
1.0,3268.037,3268.226,964.4000244140625,641.2999877929688,189.0000000003056,active,
1.0,3268.318,3268.503,930.2000122070312,495.3999938964844,184.99999999994543,active,
1.0,3268.547,3268.804,1225.5999755859375,515.5,257.00000000006185,active,
1.0,3268.849,3269.083,924.7000122070312,447.20001220703125,233.9999999999236,active,
1.0,3269.115,3269.518,1027.300048828125,359.8999938964844,403.0000000002474,active,
1.0,3269.557,3269.882,1257.800048828125,528.5,325.00000000027285,active,
1.0,3269.904,3269.991,1196.9000244140625,543.5999755859375,86.99999999998909,active,
1.0,3270.047,3270.382,1103.800048828125,841.2000122070312,335.0000000000364,active,
1.0,3270.435,3270.985,700.0,857.2000122070312,550.0000000001819,active,
1.0,3271.045,3271.804,771.7000122070312,521.2000122070312,759.0000000000146,active,
1.0,3271.835,3272.316,695.0,684.7000122070312,480.99999999976717,active,
1.0,3272.338,3272.699,604.4000244140625,631.5999755859375,360.9999999998763,active,
1.0,3272.725,3272.955,546.7999877929688,770.0,230.0000000000182,active,
1.0,3272.999,3273.3,874.0999755859375,798.7999877929688,301.0000000003856,active,
1.0,3273.332,3273.412,968.7000122070312,678.0999755859375,79.99999999992724,active,
1.0,3273.439,3273.635,816.0999755859375,583.9000244140625,196.00000000036744,active,
1.0,3273.694,3273.954,484.5,318.29998779296875,260.0000000002183,active,
1.0,3273.985,3274.248,293.79998779296875,260.20001220703125,262.99999999991996,active,
1.0,3274.313,3274.467,198.89999389648438,633.2999877929688,153.99999999999636,active,
1.0,3274.506,3274.705,238.6999969482422,826.2999877929688,199.00000000006912,active,
1.0,3274.759,3275.019,760.5999755859375,879.0,259.99999999976353,active,
1.0,3275.068,3275.203,1125.4000244140625,843.0,134.99999999976353,active,
1.0,3275.255,3275.894,1549.5,658.0,638.999999999669,active,
1.0,3275.917,3276.164,1451.0999755859375,648.7999877929688,247.00000000029831,active,
1.0,3276.223,3276.408,850.0,631.0999755859375,184.99999999994543,active,
1.0,3276.523,3276.704,924.0,875.2999877929688,181.00000000004002,active,
1.0,3276.744,3276.975,740.5,614.9000244140625,230.99999999976717,active,
1.0,3277.023,3277.279,376.70001220703125,512.0,255.99999999985812,active,
1.0,3277.32,3277.605,430.1000061035156,712.7000122070312,284.9999999998545,active,
1.0,3277.647,3277.87,744.7000122070312,561.5,222.99999999995634,active,
1.0,3277.89,3278.133,808.2999877929688,520.0999755859375,242.99999999993815,active,
1.0,3278.141,3278.733,831.2999877929688,499.20001220703125,592.0000000000982,active,
1.0,3278.742,3278.959,825.0999755859375,503.20001220703125,216.99999999964348,active,
1.0,3278.996,3279.308,669.2000122070312,434.20001220703125,311.99999999989814,active,
1.0,3279.431,3279.665,875.2000122070312,405.6000061035156,233.9999999999236,active,
1.0,3279.705,3280.002,620.5999755859375,426.6000061035156,297.00000000002547,active,
1.0,3280.019,3280.053,582.2000122070312,417.3999938964844,34.0000000001055,active,
1.0,3280.252,3280.5,709.7000122070312,443.5,248.0000000000473,active,
1.0,3280.524,3281.007,773.9000244140625,520.0,483.0000000001746,active,
1.0,3281.061,3281.208,1101.5,534.2999877929688,146.99999999993452,active,
1.0,3281.234,3281.559,1254.0999755859375,478.1000061035156,325.00000000027285,active,
1.0,3281.568,3281.659,1254.0999755859375,503.1000061035156,90.9999999998945,active,
1.0,3281.699,3281.957,1423.9000244140625,351.0,257.9999999998108,active,
1.0,3281.971,3282.279,1408.4000244140625,315.0,307.9999999999927,active,
1.0,3282.298,3282.59,1420.4000244140625,394.1000061035156,292.0000000003711,active,
1.0,3282.616,3283.144,1425.199951171875,483.70001220703125,527.9999999997926,active,
1.0,3283.154,3283.398,1455.699951171875,479.8999938964844,244.00000000014188,active,
1.0,3283.438,3283.752,1401.4000244140625,307.3999938964844,313.99999999985084,active,
1.0,3283.823,3284.055,766.4000244140625,408.79998779296875,231.9999999999709,active,
1.0,3284.087,3284.335,615.2000122070312,424.5,248.0000000000473,active,
1.0,3284.465,3284.533,694.0,432.5,67.99999999975626,active,
1.0,3284.582,3284.859,1128.5999755859375,483.3999938964844,277.00000000004366,active,
1.0,3284.875,3285.166,1145.5999755859375,529.2999877929688,291.00000000016735,active,
1.0,3285.231,3285.377,639.0999755859375,260.5,145.9999999997308,active,
1.0,3285.434,3285.503,224.0,228.10000610351562,68.99999999995998,active,
1.0,3285.581,3285.726,422.3999938964844,761.2999877929688,144.9999999999818,active,
1.0,3285.75,3285.985,525.9000244140625,787.5,235.00000000012733,active,
1.0,3286.16,3286.328,271.79998779296875,428.6000061035156,168.00000000012005,active,
1.0,3286.349,3286.629,213.8000030517578,441.3999938964844,279.99999999974534,active,
1.0,3286.683,3286.964,802.0,446.0,280.99999999994907,active,
1.0,3286.98,3287.804,814.4000244140625,506.8999938964844,824.0000000000691,active,
1.0,3287.83,3288.087,901.5,585.2000122070312,257.00000000006185,active,
1.0,3288.227,3288.536,913.0999755859375,682.7999877929688,309.00000000019645,active,
1.0,3288.563,3288.746,755.5,757.0999755859375,182.99999999999272,active,
1.0,3288.784,3289.058,975.5999755859375,829.5999755859375,273.9999999998872,active,
1.0,3289.094,3289.201,899.5,726.2999877929688,106.9999999999709,active,
1.0,3289.247,3289.635,1189.199951171875,617.9000244140625,388.0000000003747,active,
1.0,3289.674,3289.941,988.2000122070312,584.5999755859375,266.9999999998254,active,
1.0,3289.996,3290.188,465.0,601.5999755859375,192.00000000000728,active,
1.0,3290.257,3290.473,989.0,600.7000122070312,215.9999999998945,active,
1.0,3290.494,3290.853,1053.5,571.2000122070312,358.9999999999236,active,
1.0,3290.914,3291.186,1456.800048828125,535.7000122070312,271.9999999999345,active,
1.0,3291.242,3291.819,1011.0999755859375,556.0999755859375,576.9999999997708,active,
1.0,3291.892,3292.167,601.2999877929688,266.8999938964844,275.00000000009095,active,
1.0,3292.218,3292.399,992.4000244140625,219.89999389648438,181.00000000004002,active,
1.0,3292.476,3292.639,853.0,823.2999877929688,163.0000000000109,active,
1.0,3292.665,3292.808,969.5999755859375,860.5,143.0000000000291,active,
1.0,3292.859,3293.239,547.7999877929688,661.5999755859375,380.00000000010914,active,
1.0,3293.493,3293.587,784.4000244140625,546.9000244140625,94.00000000005093,active,
1.0,3293.6,3294.18,826.7000122070312,532.5,579.9999999999272,active,
1.0,3294.221,3294.544,1046.300048828125,304.0,322.9999999998654,active,
1.0,3294.561,3294.752,1038.9000244140625,248.6999969482422,190.99999999980355,active,
1.0,3294.759,3295.188,1016.2999877929688,253.1999969482422,429.0000000000873,active,
1.0,3295.213,3295.389,1059.800048828125,382.5,175.99999999993088,active,
1.0,3295.412,3295.598,1041.5,269.29998779296875,186.00000000014916,active,
1.0,3295.606,3295.793,1024.0,256.79998779296875,186.99999999989814,active,
1.0,3295.814,3296.152,1106.5999755859375,248.39999389648438,338.0000000001928,active,
1.0,3296.18,3296.734,986.0,233.89999389648438,554.0000000000873,active,
1.0,3296.767,3297.02,1048.300048828125,443.20001220703125,253.00000000015643,active,
1.0,3297.045,3297.091,1049.0,290.20001220703125,45.99999999982174,active,
1.0,3297.177,3297.351,1063.199951171875,242.6999969482422,173.99999999997817,active,
1.0,3297.37,3297.577,1010.2999877929688,241.0,207.0000000003347,active,
1.0,3297.585,3298.231,1004.0,229.39999389648438,646.0000000001855,active,
1.0,3298.254,3298.551,1110.199951171875,219.8000030517578,297.00000000002547,active,
1.0,3298.56,3298.735,1100.0999755859375,242.10000610351562,175.0000000001819,active,
1.0,3298.76,3299.004,1013.4000244140625,246.0,243.99999999968713,active,
1.0,3299.073,3299.316,1037.5,572.2999877929688,242.99999999993815,active,
1.0,3299.358,3299.532,1072.9000244140625,374.20001220703125,173.99999999997817,active,
1.0,3299.545,3299.777,1075.4000244140625,326.5,231.9999999999709,active,
1.0,3299.795,3300.222,1096.699951171875,258.5,427.0000000001346,active,
1.0,3300.275,3300.392,935.2999877929688,627.9000244140625,116.99999999973443,active,
1.0,3300.444,3300.768,624.5999755859375,640.9000244140625,324.0000000000691,active,
1.0,3300.811,3301.017,958.9000244140625,724.0,205.99999999967622,active,
1.0,3301.042,3301.25,818.7999877929688,777.5999755859375,208.00000000008367,active,
1.0,3301.288,3301.519,1064.300048828125,834.7000122070312,230.99999999976717,active,
1.0,3301.715,3301.907,1190.699951171875,884.0,192.00000000000728,active,
1.0,3301.954,3302.18,960.2000122070312,730.2000122070312,225.99999999965803,active,
1.0,3302.201,3302.325,908.0999755859375,704.9000244140625,123.99999999979627,active,
1.0,3302.36,3302.596,729.2999877929688,791.5,235.9999999998763,active,
1.0,3302.641,3302.922,687.7999877929688,597.2999877929688,280.99999999994907,active,
1.0,3302.948,3303.158,653.0999755859375,449.0,210.00000000003638,active,
1.0,3303.204,3303.428,1031.5999755859375,607.2999877929688,223.99999999970532,active,
1.0,3303.495,3303.69,465.3999938964844,484.70001220703125,195.0000000001637,active,
1.0,3303.727,3303.956,515.2000122070312,298.20001220703125,229.0000000002692,active,
1.0,3304.037,3304.258,1287.5999755859375,312.20001220703125,221.00000000000364,active,
1.0,3304.284,3304.435,1405.9000244140625,325.3999938964844,150.99999999983993,active,
1.0,3304.458,3304.99,1477.699951171875,467.3999938964844,531.999999999698,active,
1.0,3305.23,3305.395,686.7000122070312,497.8999938964844,164.99999999996362,active,
1.0,3305.42,3305.799,846.5999755859375,525.2999877929688,378.9999999999054,active,
1.0,3305.828,3305.986,729.0999755859375,499.79998779296875,157.99999999990177,active,
1.0,3306.026,3306.253,905.2999877929688,343.1000061035156,227.0000000003165,active,
1.0,3306.266,3306.418,876.2999877929688,304.0,152.00000000004366,active,
1.0,3306.449,3306.693,1089.5,344.6000061035156,244.00000000014188,active,
1.0,3306.709,3306.846,1042.800048828125,341.70001220703125,137.00000000017099,active,
1.0,3306.881,3307.085,880.9000244140625,343.29998779296875,204.00000000017826,active,
1.0,3307.101,3307.236,888.7999877929688,290.1000061035156,134.99999999976353,active,
1.0,3307.279,3307.715,1083.5999755859375,341.0,436.00000000014916,active,
1.0,3307.854,3308.057,557.7000122070312,659.2000122070312,202.99999999997453,active,
1.0,3308.08,3308.217,475.5,656.0,137.00000000017099,active,
1.0,3308.275,3308.523,1120.9000244140625,752.0999755859375,248.0000000000473,active,
1.0,3308.581,3308.748,743.7999877929688,496.79998779296875,166.99999999991633,active,
1.0,3308.795,3308.983,1105.4000244140625,631.0999755859375,188.00000000010186,active,
1.0,3309.055,3309.549,475.3999938964844,447.8999938964844,494.0000000001419,active,
1.0,3309.766,3309.84,852.4000244140625,577.0,74.00000000006912,active,
1.0,3309.854,3310.285,835.5999755859375,537.0999755859375,431.00000000004,active,
1.0,3310.301,3311.053,792.2000122070312,489.0,751.9999999999527,active,
1.0,3311.076,3311.273,695.2999877929688,421.79998779296875,197.00000000011642,active,
1.0,3311.404,3311.471,683.4000244140625,440.3999938964844,67.00000000000728,active,
1.0,3311.533,3311.747,1190.0999755859375,515.7000122070312,213.9999999999418,active,
1.0,3311.943,3312.087,1294.4000244140625,484.79998779296875,143.99999999977808,active,
1.0,3312.13,3312.275,1323.9000244140625,691.0,144.9999999999818,active,
1.0,3312.328,3312.489,774.2000122070312,706.7000122070312,161.0000000000582,active,
1.0,3312.517,3312.818,778.0999755859375,494.3999938964844,301.0000000003856,active,
1.0,3312.843,3312.996,912.4000244140625,505.29998779296875,153.00000000024738,active,
1.0,3313.059,3313.285,377.1000061035156,284.29998779296875,225.99999999965803,active,
1.0,3313.368,3313.57,1338.5999755859375,279.1000061035156,202.00000000022555,active,
1.0,3313.625,3313.833,814.7999877929688,255.10000610351562,208.00000000008367,active,
1.0,3313.863,3314.019,981.2000122070312,266.79998779296875,155.99999999994907,active,
1.0,3314.085,3314.387,330.20001220703125,344.5,302.0000000001346,active,
1.0,3314.488,3314.729,1350.5999755859375,900.5999755859375,240.99999999998545,active,
1.0,3314.76,3314.965,1117.0,822.5999755859375,204.99999999992724,active,
1.0,3315.013,3315.233,770.5999755859375,568.0,220.00000000025466,active,
1.0,3315.257,3315.548,751.7999877929688,433.5,290.9999999997126,active,
1.0,3315.711,3316.504,828.4000244140625,504.29998779296875,793.00000000012,active,
1.0,3316.527,3316.841,792.5,647.9000244140625,313.99999999985084,active,
1.0,3316.863,3317.062,837.7999877929688,551.5,199.00000000006912,active,
1.0,3317.091,3317.488,824.4000244140625,737.7999877929688,396.9999999999345,active,
1.0,3317.531,3317.784,807.2000122070312,494.70001220703125,253.00000000015643,active,
1.0,3317.896,3317.977,735.0,552.5999755859375,80.99999999967622,active,
1.0,3318.011,3318.376,735.5999755859375,772.2000122070312,365.00000000023647,active,
1.0,3318.402,3318.636,647.9000244140625,688.9000244140625,233.9999999999236,active,
1.0,3318.679,3319.22,813.9000244140625,520.7000122070312,540.9999999997126,active,
1.0,3319.389,3320.385,819.4000244140625,500.29998779296875,996.0000000000946,active,
1.0,3320.428,3320.607,1072.800048828125,390.8999938964844,179.0000000000873,active,
1.0,3320.653,3320.886,732.0,470.3999938964844,233.00000000017462,active,
1.0,3320.942,3321.232,1106.5,261.3999938964844,289.9999999999636,active,
1.0,3321.253,3321.473,1188.199951171875,186.6999969482422,219.9999999997999,active,
1.0,3321.541,3321.872,612.4000244140625,521.7000122070312,330.9999999996762,active,
1.0,3321.9,3322.162,469.8999938964844,590.0999755859375,261.99999999971624,active,
1.0,3322.199,3322.503,251.5,619.7999877929688,304.0000000000873,active,
1.0,3322.56,3322.649,167.3000030517578,444.20001220703125,88.99999999994179,active,
1.0,3322.67,3322.999,291.1000061035156,352.79998779296875,328.9999999997235,active,
1.0,3323.083,3323.197,1243.800048828125,538.4000244140625,114.00000000003274,active,
1.0,3323.277,3323.463,1387.300048828125,906.5999755859375,186.00000000014916,active,
1.0,3323.526,3323.607,1025.800048828125,436.79998779296875,81.00000000013097,active,
1.0,3323.634,3323.953,1083.300048828125,284.29998779296875,318.99999999996,active,
1.0,3323.977,3324.164,1140.0,180.0,187.00000000035288,active,
1.0,3324.212,3324.265,770.7999877929688,314.3999938964844,52.999999999883585,active,
1.0,3324.28,3324.901,832.2000122070312,533.7000122070312,620.9999999996398,,
1.0,3325.034,3325.91,821.5,532.0999755859375,875.999999999749,active,
1.0,3325.931,3326.078,748.0999755859375,470.79998779296875,146.99999999993452,active,
1.0,3326.116,3326.341,526.0999755859375,513.0,224.99999999990905,active,
1.0,3326.407,3326.658,1281.199951171875,490.20001220703125,250.99999999974898,active,
1.0,3326.723,3326.939,693.2999877929688,283.3999938964844,215.9999999998945,active,
1.0,3326.98,3327.137,622.7999877929688,431.1000061035156,157.0000000001528,active,
1.0,3327.166,3327.382,801.2000122070312,453.70001220703125,215.9999999998945,active,
1.0,3327.443,3327.61,1239.800048828125,427.5,166.99999999991633,active,
1.0,3327.649,3327.923,1382.5,299.70001220703125,273.9999999998872,active,
1.0,3327.946,3328.135,1304.0999755859375,313.70001220703125,189.0000000003056,active,
1.0,3328.216,3328.562,502.0,451.8999938964844,346.00000000000364,active,
1.0,3328.585,3328.797,573.2000122070312,576.5,211.9999999999891,active,
1.0,3328.812,3328.957,613.2000122070312,582.5,144.9999999999818,active,
1.0,3329.115,3329.216,799.4000244140625,517.0,101.00000000011278,active,
1.0,3329.227,3329.603,825.5999755859375,525.5,376.0000000002037,active,
1.0,3329.622,3329.953,882.2999877929688,458.79998779296875,331.00000000013097,active,
1.0,3329.978,3330.312,844.0999755859375,342.29998779296875,333.99999999983265,active,
1.0,3330.373,3330.641,939.9000244140625,775.0999755859375,268.0000000000291,active,
1.0,3330.681,3330.829,1251.4000244140625,797.7000122070312,148.00000000013824,active,
1.0,3330.873,3331.06,879.5,674.0,186.99999999989814,active,
1.0,3331.11,3331.283,1272.300048828125,601.9000244140625,172.99999999977445,active,
1.0,3331.304,3331.434,1377.4000244140625,567.5999755859375,130.00000000010914,active,
1.0,3331.512,3331.67,712.9000244140625,798.2999877929688,157.99999999990177,active,
1.0,3331.739,3332.072,755.0,243.0,333.0000000000837,active,
1.0,3332.126,3332.299,411.79998779296875,309.8999938964844,172.99999999977445,active,
1.0,3332.493,3332.581,867.7999877929688,531.5,88.00000000019281,active,
1.0,3332.601,3332.986,819.9000244140625,526.7999877929688,384.99999999976353,active,
1.0,3333.012,3333.332,807.9000244140625,438.6000061035156,319.99999999970896,active,
1.0,3333.38,3333.626,507.1000061035156,324.3999938964844,246.0000000000946,active,
1.0,3333.695,3333.91,1137.0999755859375,503.5,214.99999999969077,active,
1.0,3333.955,3334.165,1345.0999755859375,693.5,210.00000000003638,active,
1.0,3334.23,3334.438,946.2000122070312,273.6000061035156,208.00000000008367,active,
1.0,3334.487,3334.614,1210.199951171875,292.3999938964844,126.9999999999527,active,
1.0,3334.65,3334.812,1407.9000244140625,310.29998779296875,161.9999999998072,active,
1.0,3334.894,3335.254,543.4000244140625,710.2000122070312,360.00000000012733,active,
1.0,3335.284,3335.656,687.7000122070312,723.2999877929688,371.99999999984357,active,
1.0,3335.703,3336.004,729.2000122070312,408.70001220703125,300.9999999999309,active,
1.0,3336.047,3336.421,407.6000061035156,319.79998779296875,373.9999999997963,active,
1.0,3336.626,3337.08,818.2999877929688,537.0,453.9999999997235,active,
1.0,3337.102,3337.552,816.4000244140625,448.5,450.00000000027285,active,
1.0,3337.581,3337.738,729.7999877929688,572.0999755859375,156.99999999969805,active,
1.0,3337.78,3337.936,1098.300048828125,585.0999755859375,155.99999999994907,active,
1.0,3337.992,3338.173,1056.300048828125,181.3000030517578,180.99999999958527,active,
1.0,3338.218,3338.424,740.9000244140625,238.8000030517578,206.00000000013097,active,
1.0,3338.445,3338.684,830.7000122070312,277.8999938964844,239.00000000003274,active,
1.0,3338.735,3339.098,1051.0999755859375,651.0999755859375,362.999999999829,active,
1.0,3339.128,3339.339,1246.4000244140625,819.9000244140625,210.99999999978536,active,
1.0,3339.364,3339.477,1244.0999755859375,902.7999877929688,112.99999999982901,active,
1.0,3339.488,3339.697,1258.300048828125,925.0,209.0000000002874,active,
1.0,3339.71,3339.963,1218.699951171875,904.0,253.00000000015643,active,
1.0,3340.095,3340.425,1219.800048828125,892.5999755859375,330.000000000382,active,
1.0,3340.453,3340.617,1393.800048828125,956.5999755859375,164.00000000021464,active,
1.0,3340.632,3340.861,1360.800048828125,952.2999877929688,228.99999999981446,active,
1.0,3340.882,3341.173,1302.300048828125,929.7999877929688,290.9999999997126,active,
1.0,3341.264,3341.485,439.6000061035156,364.0,221.00000000000364,active,
1.0,3341.512,3341.736,303.5,281.20001220703125,223.99999999970532,active,
1.0,3341.757,3341.905,375.29998779296875,275.5,148.00000000013824,active,
1.0,3342.089,3342.338,783.4000244140625,477.8999938964844,249.00000000025102,active,
1.0,3342.363,3342.598,854.5,477.1000061035156,235.00000000012733,active,
1.0,3342.613,3342.865,807.9000244140625,454.70001220703125,251.9999999999527,active,
1.0,3342.902,3343.104,1046.5999755859375,435.3999938964844,201.9999999997708,active,
1.0,3343.164,3343.395,504.29998779296875,338.8999938964844,230.99999999976717,active,
1.0,3343.511,3343.808,184.5,742.2999877929688,297.00000000002547,active,
1.0,3343.83,3343.986,243.3000030517578,767.7999877929688,155.99999999994907,active,
1.0,3344.061,3344.375,1133.699951171875,468.20001220703125,313.99999999985084,active,
1.0,3344.414,3344.567,884.7000122070312,409.8999938964844,152.99999999979264,active,
1.0,3344.628,3344.807,1132.5999755859375,904.0999755859375,178.99999999963256,active,
1.0,3344.847,3345.006,1416.9000244140625,894.7000122070312,158.99999999965075,active,
1.0,3345.094,3345.437,480.1000061035156,378.29998779296875,342.9999999998472,active,
1.0,3345.64,3345.785,849.5999755859375,553.4000244140625,144.9999999999818,active,
1.0,3345.793,3346.037,834.5,537.2000122070312,243.99999999968713,active,
1.0,3346.056,3346.519,818.4000244140625,452.3999938964844,462.99999999973807,active,
1.0,3346.572,3346.828,442.1000061035156,632.2999877929688,255.99999999985812,active,
1.0,3346.855,3347.098,297.70001220703125,633.0,242.99999999993815,active,
1.0,3347.138,3347.502,489.70001220703125,473.5,364.00000000003274,active,
1.0,3347.546,3347.898,325.6000061035156,186.10000610351562,352.0000000003165,active,
1.0,3347.964,3348.322,1028.300048828125,269.1000061035156,358.0000000001746,active,
1.0,3348.382,3348.588,1316.5,618.0999755859375,206.00000000013097,active,
1.0,3348.711,3348.898,773.2000122070312,792.5,187.00000000035288,active,
1.0,3348.957,3349.172,1432.4000244140625,575.7999877929688,215.00000000014552,active,
1.0,3349.193,3349.398,1520.199951171875,561.2999877929688,204.99999999992724,active,
1.0,3349.463,3349.714,890.0999755859375,908.0999755859375,250.99999999974898,active,
1.0,3349.773,3349.939,371.8999938964844,770.2999877929688,165.9999999997126,active,
1.0,3349.962,3350.305,301.3999938964844,672.5,342.9999999998472,active,
1.0,3350.368,3350.53,874.5999755859375,468.5,162.00000000026193,active,
1.0,3350.698,3350.88,785.4000244140625,513.9000244140625,182.00000000024374,active,
1.0,3350.888,3351.159,819.9000244140625,514.4000244140625,271.00000000018554,active,
1.0,3351.173,3351.638,844.2000122070312,474.20001220703125,465.0000000001455,active,
1.0,3351.661,3351.89,752.2999877929688,519.7999877929688,228.99999999981446,active,
1.0,3351.95,3352.192,1105.5999755859375,286.3999938964844,242.00000000018917,active,
1.0,3352.302,3352.525,758.0999755859375,706.0999755859375,222.99999999995634,active,
1.0,3352.572,3352.866,776.4000244140625,440.29998779296875,293.99999999986903,active,
1.0,3352.92,3353.299,394.70001220703125,389.0,378.9999999999054,active,
1.0,3353.367,3353.567,901.5999755859375,738.0999755859375,199.9999999998181,active,
1.0,3353.595,3353.984,769.0999755859375,786.2999877929688,389.0000000001237,active,
1.0,3354.037,3354.246,1226.4000244140625,832.5999755859375,209.0000000002874,active,
1.0,3354.277,3354.411,1308.699951171875,640.0,134.00000000001455,active,
1.0,3354.471,3354.67,1195.300048828125,319.0,199.00000000006912,active,
1.0,3354.724,3354.962,706.0999755859375,292.3999938964844,237.99999999982901,active,
1.0,3355.249,3355.425,753.2999877929688,488.5,176.00000000038563,active,
1.0,3355.445,3355.848,819.2999877929688,505.8999938964844,402.99999999979264,active,
1.0,3355.869,3356.203,750.2999877929688,454.6000061035156,333.99999999983265,active,
1.0,3356.231,3356.371,783.9000244140625,325.3999938964844,139.99999999987267,active,
1.0,3356.392,3356.911,834.0999755859375,258.8999938964844,519.0000000002328,active,
1.0,3356.976,3357.281,225.39999389648438,272.6000061035156,304.9999999998363,active,
1.0,3357.306,3357.557,234.1999969482422,421.3999938964844,250.99999999974898,active,
1.0,3357.612,3357.738,742.7000122070312,419.0,125.99999999974898,active,
1.0,3357.754,3357.952,769.7999877929688,368.8999938964844,198.00000000032014,active,
1.0,3357.962,3358.429,793.4000244140625,353.1000061035156,467.0000000000982,active,
1.0,3358.453,3358.94,853.7999877929688,263.1000061035156,487.00000000008004,active,
1.0,3359.007,3359.323,1485.0,301.70001220703125,315.99999999980355,active,
1.0,3359.346,3359.693,1430.699951171875,205.60000610351562,347.00000000020736,active,
1.0,3359.725,3359.905,1203.800048828125,326.70001220703125,180.00000000029104,active,
1.0,3360.019,3360.052,1108.800048828125,367.6000061035156,33.00000000035652,active,
1.0,3360.112,3360.33,1366.5999755859375,765.0,217.9999999998472,active,
1.0,3360.352,3360.628,1420.5,828.0,276.0000000002947,active,
1.0,3360.65,3360.907,1341.0,778.0,257.00000000006185,active,
1.0,3360.916,3361.16,1319.5,772.7000122070312,243.99999999968713,active,
1.0,3361.182,3361.273,1405.5999755859375,801.4000244140625,91.00000000034925,active,
1.0,3361.289,3361.64,1443.300048828125,828.9000244140625,350.99999999965803,active,
1.0,3361.652,3361.94,1402.4000244140625,832.0,288.0000000000109,active,
1.0,3361.96,3362.124,1331.0999755859375,794.0,163.9999999997599,active,
1.0,3362.139,3362.459,1312.300048828125,781.0,319.99999999970896,active,
1.0,3362.634,3362.824,740.4000244140625,463.0,190.00000000005457,active,
1.0,3362.842,3363.157,824.7000122070312,503.79998779296875,315.00000000005457,active,
1.0,3363.178,3363.396,749.7999877929688,466.3999938964844,218.00000000030195,active,
1.0,3363.432,3363.566,561.9000244140625,556.9000244140625,134.00000000001455,active,
1.0,3363.595,3363.65,422.5,571.7000122070312,55.00000000029104,active,
1.0,3363.674,3363.767,546.5,634.7999877929688,92.9999999998472,active,
1.0,3363.79,3364.109,618.0,649.7999877929688,318.99999999996,active,
1.0,3364.153,3364.462,714.2999877929688,434.79998779296875,309.00000000019645,active,
1.0,3364.505,3364.789,1114.9000244140625,526.4000244140625,284.0000000001055,active,
1.0,3364.941,3365.084,1009.7999877929688,573.0,143.0000000000291,active,
1.0,3365.119,3365.314,787.0,611.5,194.99999999970896,active,
1.0,3365.368,3365.83,345.8999938964844,582.0,461.9999999999891,active,
1.0,3365.943,3366.247,262.0,892.4000244140625,303.99999999963256,active,
1.0,3366.324,3366.527,1165.5,832.5999755859375,202.99999999997453,active,
1.0,3366.676,3367.211,1109.4000244140625,356.70001220703125,534.9999999998545,active,
1.0,3367.279,3367.551,452.1000061035156,438.1000061035156,271.9999999999345,active,
1.0,3367.608,3367.895,1031.4000244140625,578.0999755859375,286.9999999998072,active,
1.0,3367.925,3368.122,862.7999877929688,572.4000244140625,196.99999999966167,active,
1.0,3368.173,3368.336,455.8999938964844,556.5999755859375,163.0000000000109,active,
1.0,3368.36,3368.44,413.8999938964844,433.20001220703125,79.99999999992724,active,
1.0,3368.449,3369.407,822.0999755859375,523.5999755859375,958.0000000000837,,
1.0,3369.415,3370.118,819.5,520.5,702.9999999999745,active,
1.0,3370.154,3370.298,627.2000122070312,466.8999938964844,143.99999999977808,active,
1.0,3370.32,3370.429,742.4000244140625,489.3999938964844,108.9999999999236,active,
1.0,3370.538,3370.958,755.4000244140625,492.0,420.00000000007276,active,
1.0,3370.971,3371.314,790.7999877929688,520.5,342.9999999998472,active,
1.0,3371.361,3371.651,1100.800048828125,532.2000122070312,289.9999999999636,active,
1.0,3371.705,3371.858,641.7000122070312,577.7000122070312,153.00000000024738,active,
1.0,3371.886,3372.151,508.79998779296875,531.5999755859375,264.99999999987267,active,
1.0,3372.191,3372.632,796.5,518.5999755859375,441.0000000002583,active,
1.0,3372.812,3373.547,830.7000122070312,527.0999755859375,735.0000000001273,active,
1.0,3373.571,3373.998,811.0,410.8999938964844,427.0000000001346,active,
1.0,3374.039,3374.21,611.0,334.5,170.99999999982174,active,
1.0,3374.224,3374.406,652.9000244140625,331.8999938964844,181.999999999789,active,
1.0,3374.476,3374.867,1316.5,763.7999877929688,391.0000000000764,active,
1.0,3374.894,3375.033,1449.4000244140625,676.7000122070312,139.0000000001237,active,
1.0,3375.1,3375.233,656.7000122070312,596.5999755859375,133.00000000026557,active,
1.0,3375.278,3375.423,614.5,322.29998779296875,144.9999999999818,active,
1.0,3375.436,3375.711,658.0999755859375,325.6000061035156,274.9999999996362,active,
1.0,3375.906,3376.288,821.4000244140625,533.0,382.00000000006185,active,
1.0,3376.305,3376.533,788.2999877929688,455.1000061035156,228.00000000006548,active,
1.0,3376.557,3376.63,866.2999877929688,548.4000244140625,73.00000000032014,active,
1.0,3376.66,3376.9,717.7000122070312,637.4000244140625,240.00000000023647,active,
1.0,3376.942,3377.163,378.20001220703125,714.4000244140625,221.00000000000364,active,
1.0,3377.232,3377.519,1121.0999755859375,857.5,286.9999999998072,active,
1.0,3377.558,3377.794,1052.699951171875,612.0,235.9999999998763,active,
1.0,3377.831,3378.102,799.4000244140625,579.2999877929688,270.9999999997308,active,
1.0,3378.133,3378.358,633.5,592.2999877929688,225.0000000003638,active,
1.0,3378.587,3378.674,752.0999755859375,523.4000244140625,86.99999999998909,active,
1.0,3378.697,3379.267,818.2999877929688,522.5,569.999999999709,active,
1.0,3379.31,3379.543,551.7000122070312,481.0,233.00000000017462,active,
1.0,3379.588,3379.75,357.70001220703125,756.7000122070312,161.9999999998072,active,
1.0,3379.822,3379.91,1140.4000244140625,881.5,87.99999999973807,active,
1.0,3379.972,3380.19,1116.5999755859375,439.1000061035156,217.9999999998472,active,
1.0,3380.233,3380.355,814.7000122070312,426.8999938964844,121.99999999984357,active,
1.0,3380.415,3380.84,1433.4000244140625,448.8999938964844,425.0000000001819,active,
1.0,3381.054,3381.155,727.5,512.4000244140625,101.00000000011278,active,
1.0,3381.178,3381.696,815.7000122070312,518.2000122070312,518.0000000000291,active,
1.0,3381.741,3382.009,531.5999755859375,395.5,268.0000000000291,active,
1.0,3382.061,3382.279,853.2000122070312,632.2999877929688,217.9999999998472,active,
1.0,3382.332,3382.53,1182.800048828125,383.79998779296875,198.00000000032014,active,
1.0,3382.571,3382.864,1358.4000244140625,299.6000061035156,293.00000000012005,active,
1.0,3382.945,3383.181,600.0999755859375,756.0,235.9999999998763,active,
1.0,3383.225,3383.441,645.7999877929688,524.7999877929688,215.9999999998945,active,
1.0,3383.489,3383.693,312.1000061035156,446.1000061035156,204.00000000017826,active,
1.0,3383.744,3383.92,764.0,443.3999938964844,175.99999999993088,active,
1.0,3384.03,3384.301,850.9000244140625,488.8999938964844,270.9999999997308,active,
1.0,3384.347,3384.565,471.1000061035156,478.5,217.9999999998472,active,
1.0,3384.628,3384.872,1004.4000244140625,430.20001220703125,243.99999999968713,active,
1.0,3385.072,3385.179,761.5,505.3999938964844,106.9999999999709,active,
1.0,3385.199,3385.922,822.9000244140625,512.0,722.9999999999563,active,
1.0,3385.97,3386.104,561.7999877929688,369.70001220703125,134.00000000001455,active,
1.0,3386.123,3386.379,538.5999755859375,384.8999938964844,255.99999999985812,active,
1.0,3386.436,3386.619,962.9000244140625,419.8999938964844,182.99999999999272,active,
1.0,3386.629,3386.811,937.0,413.0,182.00000000024374,active,
1.0,3386.87,3387.085,1419.0,671.2000122070312,215.00000000014552,active,
1.0,3387.115,3387.387,1266.9000244140625,602.7000122070312,272.00000000038926,active,
1.0,3387.407,3387.635,1190.800048828125,639.0999755859375,228.00000000006548,active,
1.0,3387.692,3387.997,785.2999877929688,604.2999877929688,304.9999999998363,active,
1.0,3388.135,3388.289,883.4000244140625,582.7000122070312,153.99999999999636,active,
1.0,3388.34,3388.474,541.2000122070312,474.3999938964844,134.00000000001455,active,
1.0,3388.493,3388.811,543.7999877929688,404.29998779296875,318.000000000211,active,
1.0,3388.83,3389.004,548.2000122070312,473.79998779296875,173.99999999997817,active,
1.0,3389.032,3389.208,710.7999877929688,499.29998779296875,175.99999999993088,active,
1.0,3389.262,3389.502,262.5,533.7999877929688,239.99999999978172,active,
1.0,3389.583,3389.879,972.5,219.10000610351562,295.99999999982174,active,
1.0,3390.089,3390.538,758.2000122070312,476.0,449.0000000000691,active,
1.0,3390.56,3390.887,850.0,476.5,327.00000000022555,active,
1.0,3390.934,3391.18,528.5,521.0,245.99999999963984,active,
1.0,3391.242,3391.423,1197.5,629.0,180.99999999958527,active,
1.0,3391.469,3391.575,1500.9000244140625,678.7999877929688,105.99999999976717,active,
1.0,3391.603,3391.804,1535.800048828125,551.0999755859375,201.00000000002183,active,
1.0,3391.814,3391.95,1520.800048828125,520.0999755859375,135.99999999996726,active,
1.0,3391.968,3392.794,1451.0,515.5999755859375,826.0000000000218,active,
1.0,3392.866,3393.171,708.0,369.79998779296875,304.9999999998363,active,
1.0,3393.22,3393.433,988.9000244140625,540.0999755859375,213.0000000001928,active,
1.0,3393.486,3393.69,576.0999755859375,494.70001220703125,204.00000000017826,active,
1.0,3393.935,3394.089,644.5999755859375,493.20001220703125,153.99999999999636,active,
1.0,3394.112,3394.667,786.5,498.70001220703125,554.9999999998363,active,
1.0,3394.685,3395.104,758.0999755859375,464.20001220703125,418.99999999986903,active,
1.0,3395.141,3395.325,814.9000244140625,638.4000244140625,183.9999999997417,active,
1.0,3395.373,3395.713,935.5,356.8999938964844,340.0000000001455,active,
1.0,3395.789,3396.079,948.0,878.5999755859375,289.9999999999636,active,
1.0,3396.147,3396.339,1410.5,982.4000244140625,192.00000000000728,active,
1.0,3396.398,3396.575,1013.0999755859375,514.0999755859375,176.99999999967986,active,
1.0,3396.612,3396.859,945.5,321.1000061035156,246.99999999984357,active,
1.0,3397.025,3397.601,769.0999755859375,491.3999938964844,576.0000000000218,active,
1.0,3397.62,3398.003,837.5999755859375,502.20001220703125,383.0000000002656,active,
1.0,3398.029,3398.406,826.7000122070312,356.29998779296875,376.9999999999527,active,
1.0,3398.437,3398.657,992.0,440.29998779296875,220.00000000025466,active,
1.0,3398.699,3398.925,1184.0,314.8999938964844,226.00000000011278,active,
1.0,3398.967,3399.157,889.5,284.1000061035156,190.00000000005457,active,
1.0,3399.185,3399.671,750.7999877929688,390.8999938964844,485.9999999998763,active,
1.0,3399.801,3399.997,763.2000122070312,437.0,195.9999999999127,active,
1.0,3400.021,3400.616,828.2999877929688,524.9000244140625,594.9999999997999,active,
1.0,3400.654,3400.736,677.7999877929688,383.0,81.99999999987995,active,
1.0,3400.762,3401.133,725.5,237.10000610351562,370.99999999963984,active,
1.0,3401.191,3401.487,607.0,628.0999755859375,296.0000000002765,active,
1.0,3401.505,3401.71,559.2000122070312,642.2999877929688,204.99999999992724,active,
1.0,3401.747,3401.969,358.79998779296875,711.7999877929688,222.00000000020736,active,
1.0,3402.003,3402.252,524.7000122070312,657.7000122070312,248.99999999979627,active,
1.0,3402.273,3402.742,601.7000122070312,624.5,469.00000000005093,active,
1.0,3402.811,3403.085,1037.4000244140625,839.0,273.9999999998872,active,
1.0,3403.148,3403.481,1251.800048828125,349.1000061035156,333.0000000000837,active,
1.0,3403.647,3403.726,862.0999755859375,494.5,79.00000000017826,active,
1.0,3403.746,3404.178,832.0999755859375,501.79998779296875,431.999999999789,active,
1.0,3404.197,3404.483,831.7999877929688,434.29998779296875,286.0000000000582,active,
1.0,3404.513,3404.628,766.2999877929688,515.0999755859375,115.00000000023647,active,
1.0,3404.667,3404.857,1024.0999755859375,526.2999877929688,190.00000000005457,active,
1.0,3404.877,3405.118,1050.9000244140625,467.29998779296875,240.99999999998545,active,
1.0,3405.173,3405.444,1033.5999755859375,803.0,271.00000000018554,active,
1.0,3405.49,3405.748,1394.199951171875,848.5999755859375,258.0000000002656,active,
1.0,3405.756,3405.95,1402.9000244140625,866.9000244140625,193.99999999995998,active,
1.0,3405.961,3406.366,1376.0,865.0999755859375,405.0000000002001,active,
1.0,3406.456,3406.599,327.79998779296875,823.5,143.0000000000291,active,
1.0,3406.634,3406.789,170.3000030517578,762.9000244140625,155.0000000002001,active,
1.0,3406.815,3407.008,385.20001220703125,690.2999877929688,192.99999999975626,active,
1.0,3407.033,3407.227,312.6000061035156,597.9000244140625,193.99999999995998,active,
1.0,3407.241,3408.244,332.0,566.5999755859375,1003.0000000001564,active,
1.0,3408.289,3408.378,666.7999877929688,447.79998779296875,88.99999999994179,active,
1.0,3408.423,3408.777,931.0,323.20001220703125,354.0000000002692,active,
1.0,3409.017,3409.187,836.4000244140625,517.5999755859375,170.00000000007276,active,
1.0,3409.195,3409.87,827.0,519.2999877929688,674.9999999997272,active,
1.0,3409.91,3411.346,1166.0999755859375,463.79998779296875,1436.0000000001492,active,
1.0,3411.435,3411.675,1168.300048828125,454.70001220703125,240.00000000023647,active,
1.0,3411.685,3412.198,1156.4000244140625,458.29998779296875,512.99999999992,active,
1.0,3412.254,3412.491,1028.699951171875,750.5999755859375,237.00000000008004,active,
1.0,3412.567,3412.891,594.5,266.79998779296875,324.0000000000691,active,
1.0,3412.935,3413.032,322.1000061035156,236.3000030517578,97.00000000020736,active,
1.0,3413.041,3413.192,822.5999755859375,524.9000244140625,150.99999999983993,,
1.0,3413.388,3414.148,823.0999755859375,525.2000122070312,760.0000000002183,,
1.0,3414.351,3414.498,809.5,536.2999877929688,146.99999999993452,passive,
1.0,3414.507,3414.765,835.2000122070312,524.4000244140625,257.9999999998108,passive,
1.0,3414.79,3414.986,1024.9000244140625,474.6000061035156,195.9999999999127,passive,
1.0,3415.027,3415.165,746.7999877929688,379.5,137.99999999991996,passive,
1.0,3415.342,3415.661,967.7999877929688,478.1000061035156,318.99999999996,passive,
1.0,3415.708,3415.919,1227.9000244140625,514.5999755859375,210.99999999978536,passive,
1.0,3415.958,3416.085,1340.0999755859375,619.4000244140625,126.9999999999527,passive,
1.0,3416.281,3416.518,790.5999755859375,436.29998779296875,237.00000000008004,passive,
1.0,3416.556,3416.812,1003.5,467.70001220703125,255.99999999985812,passive,
1.0,3416.854,3417.019,776.7999877929688,383.70001220703125,164.99999999996362,passive,
1.0,3417.308,3417.485,935.0999755859375,596.2000122070312,177.0000000001346,passive,
1.0,3417.522,3417.803,796.2000122070312,416.20001220703125,280.99999999994907,passive,
1.0,3418.01,3418.183,996.7000122070312,475.6000061035156,172.99999999977445,passive,
1.0,3418.227,3418.329,729.7000122070312,409.79998779296875,102.0000000003165,passive,
1.0,3418.889,3419.107,938.9000244140625,478.3999938964844,217.9999999998472,passive,
1.0,3419.135,3419.293,819.4000244140625,502.20001220703125,157.99999999990177,passive,
1.0,3419.3,3419.877,823.2000122070312,522.4000244140625,576.9999999997708,passive,
1.0,3419.901,3420.028,890.0,438.6000061035156,126.9999999999527,passive,
1.0,3420.04,3420.232,899.2000122070312,409.20001220703125,192.00000000000728,passive,
1.0,3420.295,3420.784,866.2000122070312,840.2999877929688,489.00000000003274,passive,
1.0,3420.833,3420.966,910.7999877929688,454.0,132.99999999981083,passive,
1.0,3420.983,3421.171,916.0999755859375,404.6000061035156,187.99999999964712,passive,
1.0,3421.333,3421.556,902.5999755859375,389.29998779296875,222.99999999995634,passive,
1.0,3421.582,3421.7,833.0999755859375,487.6000061035156,117.99999999993815,passive,
1.0,3421.711,3422.692,826.7999877929688,524.5999755859375,981.0000000002219,passive,
1.0,3422.715,3422.987,747.4000244140625,598.7000122070312,271.9999999999345,passive,
1.0,3423.034,3423.342,442.79998779296875,558.0,307.9999999999927,passive,
1.0,3423.377,3423.64,240.6999969482422,559.7999877929688,262.99999999991996,passive,
1.0,3423.681,3423.854,499.5,441.1000061035156,172.99999999977445,passive,
1.0,3423.913,3424.228,1145.800048828125,528.0999755859375,315.00000000005457,passive,
1.0,3424.266,3424.482,1316.199951171875,651.9000244140625,215.9999999998945,passive,
1.0,3424.527,3424.722,1383.4000244140625,425.3999938964844,195.0000000001637,passive,
1.0,3424.782,3424.899,809.2999877929688,504.3999938964844,116.99999999973443,passive,
1.0,3425.035,3425.476,816.4000244140625,520.7000122070312,441.0000000002583,passive,
1.0,3425.502,3425.644,927.2999877929688,374.6000061035156,141.99999999982538,passive,
1.0,3425.759,3425.976,549.5,775.5,217.00000000009823,passive,
1.0,3425.999,3426.274,476.20001220703125,783.7000122070312,275.00000000009095,passive,
1.0,3426.289,3426.511,512.7999877929688,780.9000244140625,221.99999999975262,passive,
1.0,3426.527,3426.748,528.0,828.9000244140625,221.00000000000364,passive,
1.0,3426.782,3427.024,380.70001220703125,830.4000244140625,241.99999999973443,passive,
1.0,3427.093,3427.208,908.7999877929688,425.29998779296875,115.00000000023647,passive,
1.0,3427.23,3427.394,914.7999877929688,339.3999938964844,163.9999999997599,passive,
1.0,3427.419,3427.595,807.9000244140625,474.29998779296875,175.99999999993088,passive,
1.0,3427.605,3428.492,820.2000122070312,507.29998779296875,887.000000000171,passive,
1.0,3428.544,3428.737,448.0,374.79998779296875,193.000000000211,passive,
1.0,3428.751,3429.152,419.6000061035156,327.29998779296875,400.99999999983993,passive,
1.0,3429.172,3429.507,491.5,328.70001220703125,335.0000000000364,passive,
1.0,3429.528,3429.955,436.29998779296875,298.3999938964844,427.0000000001346,passive,
1.0,3429.97,3430.509,485.0,302.1000061035156,539.0000000002146,passive,
1.0,3430.531,3430.785,469.29998779296875,379.79998779296875,253.9999999999054,passive,
1.0,3430.864,3431.159,1310.0999755859375,301.29998779296875,295.00000000007276,passive,
1.0,3431.17,3431.575,1326.699951171875,250.39999389648438,404.99999999974534,passive,
1.0,3431.634,3431.878,1197.300048828125,629.7999877929688,244.00000000014188,passive,
1.0,3431.924,3432.788,812.2000122070312,507.70001220703125,864.0000000000327,passive,
1.0,3432.827,3432.966,996.0999755859375,412.1000061035156,138.99999999966894,passive,
1.0,3433.009,3434.261,1327.4000244140625,408.29998779296875,1251.9999999999527,passive,
1.0,3434.29,3434.586,1350.0999755859375,204.8000030517578,295.99999999982174,passive,
1.0,3434.66,3435.053,875.7000122070312,698.4000244140625,393.0000000000291,passive,
1.0,3435.062,3435.109,855.4000244140625,669.7999877929688,47.000000000025466,passive,
1.0,3435.268,3435.753,844.0999755859375,474.3999938964844,485.00000000012733,passive,
1.0,3435.797,3435.961,512.4000244140625,465.0,163.9999999997599,passive,
1.0,3435.984,3436.105,586.9000244140625,404.3999938964844,121.00000000009459,passive,
1.0,3436.116,3436.331,606.0999755859375,383.5,215.00000000014552,passive,
1.0,3436.371,3436.754,890.5999755859375,691.2999877929688,382.9999999998108,passive,
1.0,3436.777,3437.168,812.5,712.7999877929688,391.0000000000764,passive,
1.0,3437.191,3437.669,940.9000244140625,709.2000122070312,478.0000000000655,passive,
1.0,3437.688,3438.465,882.7000122070312,737.7000122070312,777.0000000000437,passive,
1.0,3438.497,3438.689,788.7000122070312,493.1000061035156,192.00000000000728,passive,
1.0,3438.698,3439.219,811.2000122070312,501.29998779296875,521.0000000001855,passive,
1.0,3439.243,3439.426,739.5,448.6000061035156,182.99999999999272,passive,
1.0,3439.459,3439.801,554.2999877929688,445.29998779296875,342.0000000000982,passive,
1.0,3439.857,3440.101,1059.699951171875,246.6999969482422,244.00000000014188,passive,
1.0,3440.128,3440.315,1119.4000244140625,417.0,186.99999999989814,passive,
1.0,3440.359,3440.559,1307.300048828125,218.5,200.00000000027285,passive,
1.0,3440.607,3440.979,1348.699951171875,471.0,371.99999999984357,passive,
1.0,3441.047,3441.272,653.2000122070312,473.1000061035156,224.99999999990905,passive,
1.0,3441.315,3441.743,358.20001220703125,459.79998779296875,427.9999999998836,passive,
1.0,3441.777,3442.029,653.0999755859375,455.3999938964844,251.9999999999527,passive,
1.0,3442.134,3442.244,869.0,460.0,110.00000000012733,passive,
1.0,3442.317,3442.525,212.60000610351562,880.0999755859375,208.00000000008367,passive,
1.0,3442.568,3442.671,127.5,948.7999877929688,102.99999999961074,passive,
1.0,3442.735,3442.862,763.5,594.9000244140625,126.9999999999527,passive,
1.0,3442.881,3443.543,795.7000122070312,521.9000244140625,662.0000000002619,passive,
1.0,3443.579,3443.743,588.5999755859375,553.2000122070312,163.9999999997599,passive,
1.0,3443.786,3444.04,323.5,745.5,253.9999999999054,passive,
1.0,3444.102,3444.299,869.4000244140625,531.4000244140625,197.00000000011642,passive,
1.0,3444.347,3444.572,1232.300048828125,475.5,224.99999999990905,passive,
1.0,3444.797,3445.085,706.7000122070312,503.8999938964844,288.0000000000109,passive,
1.0,3445.13,3445.576,408.6000061035156,503.3999938964844,445.9999999999127,passive,
1.0,3445.865,3446.279,945.7999877929688,485.79998779296875,414.00000000021464,passive,
1.0,3446.304,3446.637,795.5999755859375,511.6000061035156,333.0000000000837,passive,
1.0,3446.645,3447.46,813.5999755859375,507.79998779296875,815.0000000000546,passive,
1.0,3447.5,3447.743,933.7000122070312,378.6000061035156,242.99999999993815,passive,
1.0,3447.783,3448.113,663.7999877929688,396.29998779296875,329.99999999992724,passive,
1.0,3448.155,3448.388,446.29998779296875,490.1000061035156,232.99999999971988,passive,
1.0,3448.457,3449.158,948.2000122070312,234.60000610351562,701.0000000000218,passive,
1.0,3449.208,3449.466,633.7999877929688,326.79998779296875,257.9999999998108,passive,
1.0,3449.526,3449.611,280.1000061035156,433.20001220703125,85.00000000003638,passive,
1.0,3449.65,3449.88,201.3000030517578,549.5999755859375,230.0000000000182,passive,
1.0,3449.94,3450.354,437.1000061035156,858.9000244140625,413.9999999997599,passive,
1.0,3450.387,3450.601,667.2999877929688,934.5999755859375,213.9999999999418,passive,
1.0,3450.666,3450.946,1264.5,867.4000244140625,279.99999999974534,passive,
1.0,3450.974,3451.04,1412.300048828125,886.2999877929688,65.99999999980355,passive,
1.0,3451.112,3451.304,861.7999877929688,365.20001220703125,192.00000000000728,passive,
1.0,3451.327,3451.434,801.5,457.6000061035156,106.9999999999709,passive,
1.0,3451.458,3451.5,792.4000244140625,414.6000061035156,41.99999999991633,passive,
1.0,3451.519,3451.875,798.5999755859375,492.8999938964844,356.0000000002219,passive,
1.0,3451.886,3452.226,795.0999755859375,443.3999938964844,340.0000000001455,passive,
1.0,3452.256,3452.583,608.9000244140625,416.1000061035156,327.00000000022555,passive,
1.0,3452.734,3452.954,824.0999755859375,394.79998779296875,220.00000000025466,passive,
1.0,3453.001,3453.256,1141.0,428.29998779296875,254.9999999996544,passive,
1.0,3453.514,3453.996,530.7000122070312,407.20001220703125,481.9999999999709,passive,
1.0,3454.038,3454.549,763.0,453.3999938964844,510.99999999996726,passive,
1.0,3454.608,3454.936,402.6000061035156,426.1000061035156,327.99999999997453,passive,
1.0,3454.957,3455.091,314.79998779296875,399.79998779296875,134.00000000001455,passive,
1.0,3455.136,3455.303,720.0,470.1000061035156,166.99999999991633,passive,
1.0,3455.325,3456.104,799.4000244140625,507.29998779296875,778.9999999999964,passive,
1.0,3456.129,3456.371,796.5999755859375,644.0999755859375,242.00000000018917,passive,
1.0,3456.413,3456.762,1015.5999755859375,823.7000122070312,349.00000000016007,passive,
1.0,3456.804,3457.045,1316.4000244140625,808.0,240.99999999998545,passive,
1.0,3457.175,3457.361,1141.0,365.6000061035156,185.9999999996944,passive,
1.0,3457.418,3457.587,603.5999755859375,354.29998779296875,168.99999999986903,passive,
1.0,3457.636,3457.735,296.0,611.0999755859375,99.00000000016007,passive,
1.0,3457.744,3457.801,854.9000244140625,527.0999755859375,56.999999999789,,
1.0,3458.022,3458.663,837.7000122070312,527.4000244140625,641.0000000000764,,
1.0,3458.898,3459.041,807.7999877929688,527.5,143.0000000000291,passive,
1.0,3459.049,3459.57,825.4000244140625,531.7000122070312,521.0000000001855,passive,
1.0,3459.584,3459.844,821.7999877929688,575.2000122070312,260.0000000002183,passive,
1.0,3459.888,3460.109,902.0,301.5,221.00000000000364,passive,
1.0,3460.153,3460.353,1248.0,312.70001220703125,200.00000000027285,passive,
1.0,3460.41,3460.627,1239.800048828125,695.4000244140625,217.00000000009823,passive,
1.0,3460.681,3461.178,856.7999877929688,614.4000244140625,496.99999999984357,passive,
1.0,3461.347,3461.451,996.7000122070312,581.2000122070312,103.99999999981446,passive,
1.0,3461.474,3461.741,899.4000244140625,525.7000122070312,266.9999999998254,passive,
1.0,3461.791,3462.039,1327.5,525.7000122070312,248.0000000000473,passive,
1.0,3462.09,3462.246,1129.5999755859375,806.0,155.99999999994907,passive,
1.0,3462.272,3462.483,968.9000244140625,802.5,211.0000000002401,passive,
1.0,3462.517,3462.741,1228.0999755859375,789.2000122070312,224.00000000016007,passive,
1.0,3462.819,3463.095,324.29998779296875,710.4000244140625,275.99999999983993,passive,
1.0,3463.15,3463.285,913.7000122070312,547.2000122070312,134.99999999976353,passive,
1.0,3463.311,3463.793,816.7000122070312,534.2000122070312,481.9999999999709,passive,
1.0,3463.971,3464.141,821.0,530.2000122070312,170.00000000007276,passive,
1.0,3464.169,3464.312,950.2999877929688,654.0999755859375,143.0000000000291,passive,
1.0,3464.328,3464.546,911.4000244140625,669.7000122070312,217.9999999998472,passive,
1.0,3464.601,3464.946,764.7000122070312,470.70001220703125,344.9999999997999,passive,
1.0,3464.985,3465.18,915.0,638.5999755859375,194.99999999970896,passive,
1.0,3465.229,3465.362,733.5999755859375,395.6000061035156,133.00000000026557,passive,
1.0,3465.536,3465.784,757.7999877929688,373.8999938964844,248.0000000000473,passive,
1.0,3465.809,3466.12,707.7999877929688,276.29998779296875,310.9999999996944,passive,
1.0,3466.17,3466.374,874.7000122070312,550.9000244140625,203.9999999997235,passive,
1.0,3466.411,3466.712,762.0,411.1000061035156,300.9999999999309,passive,
1.0,3466.737,3466.957,829.0999755859375,518.9000244140625,219.9999999997999,passive,
1.0,3467.114,3467.642,838.9000244140625,523.7999877929688,527.9999999997926,passive,
1.0,3467.685,3468.099,599.7000122070312,461.29998779296875,414.00000000021464,passive,
1.0,3468.147,3468.428,822.2000122070312,270.70001220703125,280.99999999994907,passive,
1.0,3468.492,3468.714,1078.0,683.5999755859375,221.99999999975262,passive,
1.0,3468.763,3469.091,648.0,699.2000122070312,327.99999999997453,passive,
1.0,3469.137,3469.433,685.0999755859375,479.20001220703125,295.99999999982174,passive,
1.0,3469.463,3469.676,918.0999755859375,469.8999938964844,212.99999999973807,passive,
1.0,3469.796,3470.039,899.5999755859375,472.0,243.0000000003929,passive,
1.0,3470.064,3470.373,754.2999877929688,413.79998779296875,309.00000000019645,passive,
1.0,3470.419,3470.742,598.0999755859375,596.5,323.00000000032014,passive,
1.0,3470.778,3471.012,653.2000122070312,405.20001220703125,234.00000000037835,passive,
1.0,3471.062,3471.248,308.20001220703125,397.8999938964844,186.00000000014916,passive,
1.0,3471.313,3471.564,722.5999755859375,583.4000244140625,250.99999999974898,passive,
1.0,3471.738,3471.824,730.5,641.7999877929688,86.0000000002401,passive,
1.0,3471.847,3471.977,811.9000244140625,570.9000244140625,129.9999999996544,passive,
1.0,3471.986,3472.307,820.4000244140625,536.0,320.9999999999127,passive,
1.0,3472.471,3472.706,828.0,522.5999755859375,235.00000000012733,passive,
1.0,3472.74,3473.024,639.9000244140625,576.0,284.0000000001055,passive,
1.0,3473.069,3473.25,998.9000244140625,636.0,181.00000000004002,passive,
1.0,3473.295,3473.411,784.2999877929688,479.20001220703125,115.99999999998545,passive,
1.0,3473.609,3474.079,688.7999877929688,474.20001220703125,470.00000000025466,passive,
1.0,3474.119,3474.279,896.2999877929688,545.5,159.99999999985448,passive,
1.0,3474.427,3475.293,803.5,468.20001220703125,865.9999999999854,passive,
1.0,3475.329,3475.576,701.5,564.9000244140625,246.99999999984357,passive,
1.0,3475.613,3475.795,829.0,492.0,182.00000000024374,passive,
1.0,3475.804,3476.778,816.0999755859375,522.0999755859375,973.9999999997053,passive,
1.0,3476.908,3477.208,640.7000122070312,379.3999938964844,300.0000000001819,passive,
1.0,3477.258,3477.536,640.4000244140625,675.0,278.0000000002474,passive,
1.0,3477.579,3477.711,887.7000122070312,669.7000122070312,131.9999999996071,passive,
1.0,3477.893,3478.284,743.0999755859375,399.20001220703125,391.0000000000764,passive,
1.0,3478.326,3478.524,932.5999755859375,573.2000122070312,197.9999999998654,passive,
1.0,3478.561,3479.143,760.7000122070312,469.0,581.99999999988,passive,
1.0,3479.166,3479.513,875.4000244140625,512.7999877929688,346.9999999997526,passive,
1.0,3479.539,3479.753,820.0999755859375,363.5,213.9999999999418,passive,
1.0,3479.784,3480.04,965.0,234.39999389648438,255.99999999985812,passive,
1.0,3480.089,3480.302,1292.699951171875,292.0,213.0000000001928,passive,
1.0,3480.353,3480.627,883.2999877929688,417.70001220703125,273.9999999998872,passive,
1.0,3480.793,3481.05,778.7999877929688,591.5999755859375,257.00000000006185,passive,
1.0,3481.089,3481.21,537.2999877929688,623.4000244140625,121.00000000009459,passive,
1.0,3481.262,3481.425,845.9000244140625,553.7000122070312,163.0000000000109,passive,
1.0,3481.433,3481.573,823.5999755859375,539.9000244140625,139.99999999987267,passive,
1.0,3481.786,3482.104,827.5,518.7999877929688,317.99999999975626,passive,
1.0,3482.158,3482.306,493.0,583.2999877929688,148.00000000013824,passive,
1.0,3482.348,3482.513,340.79998779296875,761.5,164.99999999996362,passive,
1.0,3482.522,3482.741,335.20001220703125,783.7000122070312,219.00000000005093,passive,
1.0,3482.816,3483.073,1289.5999755859375,685.7999877929688,257.00000000006185,passive,
1.0,3483.095,3483.185,1219.5,706.4000244140625,90.00000000014552,passive,
1.0,3483.217,3483.355,1141.300048828125,529.5,137.99999999991996,passive,
1.0,3483.374,3484.234,1179.4000244140625,501.70001220703125,860.0000000001273,passive,
1.0,3484.275,3484.961,1285.5999755859375,285.5,685.9999999996944,passive,
1.0,3485.011,3485.132,1137.699951171875,540.2999877929688,121.00000000009459,passive,
1.0,3485.147,3485.562,1169.300048828125,503.29998779296875,414.9999999999636,passive,
1.0,3485.609,3485.733,854.7000122070312,494.6000061035156,124.00000000025102,passive,
1.0,3485.751,3486.38,826.7000122070312,518.7000122070312,628.9999999999054,passive,
1.0,3486.43,3486.751,479.0,443.3999938964844,321.00000000036744,passive,
1.0,3486.804,3487.073,969.9000244140625,664.0999755859375,268.9999999997781,passive,
1.0,3487.221,3487.406,502.70001220703125,600.0,184.99999999994543,passive,
1.0,3487.468,3487.67,1028.0,710.7999877929688,202.00000000022555,passive,
1.0,3487.717,3487.965,645.0,660.5,248.0000000000473,passive,
1.0,3487.997,3488.142,504.8999938964844,516.0999755859375,144.9999999999818,passive,
1.0,3488.17,3488.424,699.7000122070312,638.0999755859375,253.9999999999054,passive,
1.0,3488.445,3488.723,650.5,668.9000244140625,277.99999999979264,passive,
1.0,3488.78,3488.909,704.7999877929688,315.70001220703125,128.9999999999054,passive,
1.0,3488.965,3489.222,1190.0999755859375,250.8000030517578,257.00000000006185,passive,
1.0,3489.291,3489.537,466.1000061035156,286.70001220703125,245.99999999963984,passive,
1.0,3489.587,3489.912,834.5999755859375,577.7999877929688,324.9999999998181,passive,
1.0,3490.019,3490.391,590.7999877929688,456.29998779296875,372.0000000002983,passive,
1.0,3490.429,3490.752,898.7999877929688,573.5999755859375,322.9999999998654,passive,
1.0,3490.794,3491.052,609.0,622.0,258.0000000002656,passive,
1.0,3491.093,3491.309,929.9000244140625,701.2999877929688,216.00000000034925,passive,
1.0,3491.335,3491.633,756.2999877929688,775.4000244140625,297.99999999977445,passive,
1.0,3491.874,3492.575,829.9000244140625,533.7999877929688,701.0000000000218,passive,
1.0,3492.625,3492.784,443.8999938964844,429.29998779296875,159.0000000001055,passive,
1.0,3492.823,3492.92,317.3999938964844,651.4000244140625,97.00000000020736,passive,
1.0,3492.944,3493.042,287.0,752.0,97.99999999995634,passive,
1.0,3493.066,3493.239,315.1000061035156,878.5999755859375,173.0000000002292,passive,
1.0,3493.259,3493.649,298.5,909.0999755859375,389.99999999987267,passive,
1.0,3493.66,3493.782,322.0,897.5,122.00000000029831,passive,
1.0,3493.79,3493.979,332.0,879.5,188.99999999985084,passive,
1.0,3494.056,3494.236,1217.699951171875,631.0999755859375,179.9999999998363,passive,
1.0,3494.257,3494.711,1237.5999755859375,520.2999877929688,453.9999999997235,passive,
1.0,3494.858,3495.054,1271.699951171875,610.5999755859375,195.9999999999127,passive,
1.0,3495.114,3496.135,826.7000122070312,526.4000244140625,1021.0000000001855,passive,
1.0,3496.189,3496.554,529.2000122070312,362.70001220703125,365.00000000023647,passive,
1.0,3496.718,3496.998,1003.0,473.6000061035156,280.0000000002001,passive,
1.0,3497.02,3497.251,981.0,558.2999877929688,231.00000000022192,passive,
1.0,3497.307,3497.509,561.2000122070312,734.5999755859375,202.00000000022555,passive,
1.0,3497.53,3497.692,539.4000244140625,782.0999755859375,161.9999999998072,passive,
1.0,3497.844,3498.314,685.2999877929688,407.79998779296875,469.9999999997999,passive,
1.0,3498.332,3498.501,753.4000244140625,405.6000061035156,169.00000000032378,passive,
1.0,3498.543,3498.757,1026.199951171875,559.2000122070312,213.9999999999418,passive,
1.0,3498.911,3499.278,696.2000122070312,377.20001220703125,366.9999999997344,passive,
1.0,3499.337,3499.538,559.0999755859375,516.5,201.00000000002183,passive,
1.0,3499.562,3499.756,537.7999877929688,570.9000244140625,193.99999999995998,passive,
1.0,3499.801,3500.023,250.89999389648438,546.7000122070312,222.00000000020736,passive,
1.0,3500.184,3500.458,919.7000122070312,553.5999755859375,273.9999999998872,passive,
1.0,3500.504,3500.741,758.2000122070312,368.1000061035156,237.00000000008004,passive,
1.0,3500.782,3501.062,419.1000061035156,340.5,279.99999999974534,passive,
1.0,3501.088,3501.212,540.7999877929688,345.70001220703125,123.99999999979627,passive,
1.0,3501.26,3501.421,893.4000244140625,407.6000061035156,160.99999999960346,passive,
1.0,3501.479,3501.684,607.7000122070312,722.5999755859375,205.000000000382,passive,
1.0,3501.729,3501.913,592.0999755859375,460.3999938964844,184.00000000019645,passive,
1.0,3502.066,3502.124,988.0,442.5,57.999999999992724,passive,
1.0,3502.138,3502.858,820.7999877929688,521.7000122070312,720.0000000002547,,
1.0,3502.866,3503.101,806.5999755859375,520.2000122070312,235.00000000012733,passive,
1.0,3503.258,3503.762,823.5,513.5,504.00000000036016,passive,
1.0,3503.787,3503.923,836.5,398.29998779296875,135.99999999996726,passive,
1.0,3503.965,3504.082,1155.199951171875,428.8999938964844,116.99999999973443,passive,
1.0,3504.105,3504.332,1253.5999755859375,446.1000061035156,226.99999999986176,passive,
1.0,3504.399,3504.717,833.9000244140625,850.7000122070312,318.000000000211,passive,
1.0,3504.752,3504.835,624.5999755859375,858.2000122070312,83.00000000008367,passive,
1.0,3504.887,3505.063,243.60000610351562,848.7999877929688,175.99999999993088,passive,
1.0,3505.141,3505.287,1238.800048828125,522.7000122070312,145.9999999997308,passive,
1.0,3505.304,3505.465,1276.9000244140625,473.70001220703125,161.0000000000582,passive,
1.0,3505.486,3505.648,1364.5999755859375,455.20001220703125,162.00000000026193,passive,
1.0,3505.663,3505.799,1313.5999755859375,452.70001220703125,135.99999999996726,passive,
1.0,3505.822,3506.488,1236.0999755859375,462.1000061035156,665.9999999997126,passive,
1.0,3506.507,3506.846,1192.9000244140625,471.8999938964844,338.9999999999418,passive,
1.0,3506.866,3507.389,1142.300048828125,471.20001220703125,523.0000000001382,passive,
1.0,3507.43,3507.498,913.2999877929688,413.6000061035156,68.000000000211,passive,
1.0,3507.544,3507.859,1318.800048828125,469.70001220703125,315.00000000005457,passive,
1.0,3507.881,3508.13,1250.5,468.8999938964844,249.00000000025102,passive,
1.0,3508.298,3508.439,846.4000244140625,366.0,141.0000000000764,passive,
1.0,3508.453,3508.604,867.2000122070312,392.3999938964844,150.99999999983993,passive,
1.0,3508.652,3508.801,838.9000244140625,594.7000122070312,148.99999999988722,passive,
1.0,3508.82,3508.979,815.7999877929688,668.7000122070312,158.99999999965075,passive,
1.0,3508.989,3509.826,802.2999877929688,684.0,836.9999999999891,passive,
1.0,3509.87,3509.941,960.2000122070312,862.5,70.99999999991269,passive,
1.0,3509.999,3510.392,1179.5,447.3999938964844,393.0000000000291,passive,
1.0,3510.412,3510.587,1119.4000244140625,468.0,175.0000000001819,passive,
1.0,3510.603,3510.732,1074.300048828125,472.6000061035156,128.9999999999054,passive,
1.0,3510.903,3511.107,759.2999877929688,872.0,204.00000000017826,passive,
1.0,3511.159,3511.324,396.20001220703125,802.2000122070312,164.99999999996362,passive,
1.0,3511.374,3511.477,867.0,656.4000244140625,103.00000000006548,passive,
1.0,3511.511,3511.661,801.4000244140625,436.1000061035156,150.00000000009095,passive,
1.0,3511.679,3511.871,839.7000122070312,387.0,192.00000000000728,passive,
1.0,3511.923,3512.006,755.7999877929688,624.2000122070312,83.00000000008367,passive,
1.0,3512.032,3512.356,790.0999755859375,688.0999755859375,324.0000000000691,passive,
1.0,3512.406,3512.551,604.5,855.7999877929688,144.9999999999818,passive,
1.0,3512.594,3512.858,908.5999755859375,735.7000122070312,264.0000000001237,passive,
1.0,3513.008,3513.425,899.0999755859375,705.4000244140625,417.0000000003711,passive,
1.0,3513.481,3513.739,509.20001220703125,859.0999755859375,257.9999999998108,passive,
1.0,3513.779,3513.835,287.79998779296875,849.5999755859375,56.00000000004002,passive,
1.0,3513.907,3514.157,1067.0999755859375,842.0999755859375,250.0,passive,
1.0,3514.179,3514.319,973.2000122070312,783.9000244140625,139.99999999987267,passive,
1.0,3514.511,3514.684,996.2999877929688,782.4000244140625,173.0000000002292,passive,
1.0,3514.726,3514.877,784.5999755859375,562.2999877929688,150.99999999983993,passive,
1.0,3514.892,3515.663,811.0,523.4000244140625,771.0000000001855,passive,
1.0,3515.704,3515.776,544.2999877929688,525.4000244140625,71.99999999966167,passive,
1.0,3515.839,3516.04,1212.0,279.29998779296875,201.00000000002183,passive,
1.0,3516.062,3516.427,1325.0999755859375,274.0,365.00000000023647,passive,
1.0,3516.442,3516.53,1278.699951171875,291.79998779296875,88.00000000019281,passive,
1.0,3516.696,3516.933,484.70001220703125,549.7999877929688,237.00000000008004,passive,
1.0,3516.955,3517.078,474.79998779296875,591.7999877929688,123.0000000000473,passive,
1.0,3517.089,3517.339,510.20001220703125,600.5,250.0,passive,
1.0,3517.386,3517.603,875.0999755859375,654.7000122070312,217.00000000009823,passive,
1.0,3517.632,3517.887,829.7999877929688,508.3999938964844,255.00000000010914,passive,
1.0,3517.897,3518.543,816.4000244140625,506.3999938964844,646.0000000001855,passive,
1.0,3518.662,3518.874,702.7999877929688,494.0,211.9999999999891,passive,
1.0,3518.9,3519.194,711.0,368.20001220703125,293.99999999986903,passive,
1.0,3519.246,3519.526,611.2999877929688,574.2000122070312,279.99999999974534,passive,
1.0,3519.553,3519.754,481.79998779296875,535.2000122070312,201.00000000002183,passive,
1.0,3519.941,3520.302,800.2000122070312,412.79998779296875,361.00000000033106,passive,
1.0,3520.325,3520.46,806.7000122070312,504.8999938964844,135.00000000021828,passive,
1.0,3520.469,3520.886,819.9000244140625,516.7000122070312,416.9999999999163,passive,
1.0,3520.903,3521.318,798.5,455.8999938964844,415.00000000041837,passive,
1.0,3521.362,3521.596,625.4000244140625,298.5,233.9999999999236,passive,
1.0,3521.651,3521.817,497.6000061035156,561.2000122070312,166.00000000016735,passive,
1.0,3521.843,3522.032,450.0,691.7999877929688,189.0000000003056,passive,
1.0,3522.093,3522.452,768.9000244140625,350.6000061035156,359.00000000037835,passive,
1.0,3522.477,3523.038,854.0999755859375,250.0,561.0000000001492,passive,
1.0,3523.073,3523.579,802.7000122070312,334.6000061035156,506.00000000031287,passive,
1.0,3523.692,3523.914,822.5,396.79998779296875,222.00000000020736,passive,
1.0,3523.941,3524.164,915.2999877929688,222.5,223.0000000004111,passive,
1.0,3524.21,3524.381,1248.5,214.60000610351562,170.99999999982174,passive,
1.0,3524.42,3524.59,1463.800048828125,231.5,170.00000000007276,passive,
1.0,3524.663,3524.867,1221.0999755859375,630.5,204.00000000017826,passive,
1.0,3524.91,3525.308,914.9000244140625,721.0999755859375,398.00000000013824,passive,
1.0,3525.34,3525.424,816.4000244140625,524.2999877929688,83.99999999983265,passive,
1.0,3525.602,3526.577,813.7999877929688,508.29998779296875,975.0000000003638,passive,
1.0,3526.604,3526.819,667.9000244140625,513.7999877929688,215.00000000014552,passive,
1.0,3526.873,3527.093,1142.5999755859375,562.5999755859375,219.9999999997999,passive,
1.0,3527.118,3527.274,1170.0999755859375,719.4000244140625,155.99999999994907,passive,
1.0,3527.313,3527.539,1167.199951171875,491.3999938964844,226.00000000011278,passive,
1.0,3527.578,3527.841,1422.300048828125,473.0,262.99999999991996,passive,
1.0,3527.865,3527.994,1509.0,455.1000061035156,129.00000000036016,passive,
1.0,3528.173,3528.63,527.9000244140625,505.0,457.0000000003347,passive,
1.0,3528.645,3528.94,491.79998779296875,512.0999755859375,295.00000000007276,passive,
1.0,3528.978,3529.104,337.5,416.0,125.99999999974898,passive,
1.0,3529.159,3529.365,885.9000244140625,544.9000244140625,205.99999999967622,passive,
1.0,3529.389,3529.73,789.2999877929688,525.7000122070312,340.9999999998945,passive,
1.0,3529.744,3530.183,816.5999755859375,521.7999877929688,438.99999999985084,passive,
1.0,3530.204,3530.318,846.0,622.9000244140625,114.00000000003274,passive,
1.0,3530.356,3530.599,1097.199951171875,697.9000244140625,242.99999999993815,passive,
1.0,3530.776,3531.564,815.2999877929688,499.20001220703125,788.0000000000109,passive,
1.0,3531.607,3531.892,587.7000122070312,417.1000061035156,284.9999999998545,passive,
1.0,3532.051,3532.853,937.7000122070312,625.5999755859375,802.0000000001346,passive,
1.0,3532.876,3533.082,918.5999755859375,518.9000244140625,205.99999999967622,passive,
1.0,3533.241,3533.401,860.9000244140625,490.6000061035156,159.99999999985448,passive,
1.0,3533.448,3533.735,542.7999877929688,629.0999755859375,287.00000000026193,passive,
1.0,3533.779,3534.191,490.6000061035156,399.70001220703125,411.9999999998072,passive,
1.0,3534.239,3534.783,908.2999877929688,552.0999755859375,543.999999999869,passive,
1.0,3534.809,3535.091,833.7999877929688,429.0,281.99999999969805,passive,
1.0,3535.217,3535.49,583.4000244140625,380.1000061035156,272.9999999996835,passive,
1.0,3535.532,3535.752,898.2000122070312,494.8999938964844,219.9999999997999,passive,
1.0,3535.928,3536.11,873.2000122070312,453.20001220703125,182.00000000024374,passive,
1.0,3536.13,3537.034,822.9000244140625,491.5,903.9999999999964,passive,
1.0,3537.072,3537.683,1023.5999755859375,400.0,610.9999999998763,passive,
1.0,3537.708,3537.999,948.2000122070312,518.0999755859375,290.9999999997126,passive,
1.0,3538.024,3538.389,791.7000122070312,614.5,365.00000000023647,passive,
1.0,3538.425,3538.652,1016.9000244140625,423.6000061035156,226.99999999986176,passive,
1.0,3538.669,3538.898,1068.0999755859375,413.5,229.0000000002692,passive,
1.0,3538.912,3539.383,1035.699951171875,417.1000061035156,471.00000000000364,passive,
1.0,3539.434,3539.537,825.2000122070312,620.5,102.99999999961074,passive,
1.0,3539.562,3539.793,740.9000244140625,656.2000122070312,231.00000000022192,passive,
1.0,3539.845,3539.978,270.5,655.5999755859375,133.00000000026557,passive,
1.0,3540.025,3540.123,294.1000061035156,433.79998779296875,97.99999999995634,passive,
1.0,3540.166,3540.525,556.0999755859375,345.8999938964844,358.9999999999236,passive,
1.0,3540.552,3540.712,388.70001220703125,342.1000061035156,159.99999999985448,passive,
1.0,3540.775,3541.002,364.29998779296875,673.0999755859375,226.99999999986176,passive,
1.0,3541.025,3541.192,421.29998779296875,733.4000244140625,166.99999999991633,passive,
1.0,3541.398,3541.537,811.4000244140625,498.70001220703125,138.99999999966894,passive,
1.0,3541.544,3542.212,807.2000122070312,505.8999938964844,668.00000000012,passive,
1.0,3542.351,3542.661,565.5,472.70001220703125,309.99999999994543,passive,
1.0,3542.685,3542.85,568.2000122070312,368.8999938964844,164.99999999996362,passive,
1.0,3542.924,3543.094,952.5999755859375,614.5999755859375,170.00000000007276,passive,
1.0,3543.225,3543.339,1323.5999755859375,622.2999877929688,114.00000000003274,passive,
1.0,3543.382,3543.414,963.5,627.5999755859375,32.000000000152795,passive,
1.0,3543.441,3543.69,755.7999877929688,630.5999755859375,249.00000000025102,passive,
1.0,3543.71,3543.861,672.5999755859375,569.0999755859375,150.99999999983993,passive,
1.0,3543.888,3544.066,604.0999755859375,729.9000244140625,177.99999999988358,passive,
1.0,3544.112,3544.771,792.5999755859375,515.4000244140625,659.0000000001055,passive,
1.0,3544.791,3545.081,853.5999755859375,480.5,289.9999999999636,passive,
1.0,3545.128,3545.353,1115.9000244140625,329.70001220703125,224.99999999990905,passive,
1.0,3545.397,3545.496,837.5999755859375,537.5,99.00000000016007,passive,
1.0,3545.519,3545.748,815.4000244140625,631.2000122070312,229.0000000002692,passive,
1.0,3545.799,3546.045,1110.0999755859375,292.70001220703125,246.0000000000946,passive,
1.0,3546.1,3546.39,797.2000122070312,626.0,289.9999999999636,passive,
1.0,3546.446,3546.665,1116.0,309.8999938964844,219.00000000005093,passive,
1.0,3546.716,3547.074,789.9000244140625,513.9000244140625,358.0000000001746,passive,
1.0,3547.095,3547.479,819.7999877929688,406.6000061035156,384.00000000001455,passive,
1.0,3547.505,3547.805,661.0999755859375,483.8999938964844,299.99999999972715,passive,
1.0,3547.955,3548.166,738.4000244140625,513.9000244140625,211.0000000002401,passive,
1.0,3548.188,3548.396,788.2000122070312,590.4000244140625,208.00000000008367,passive,
1.0,3548.449,3548.596,1245.5,640.5999755859375,146.99999999993452,passive,
1.0,3548.624,3548.884,1395.4000244140625,500.0,260.0000000002183,passive,
1.0,3548.927,3549.099,1053.300048828125,286.3999938964844,172.00000000002547,passive,
1.0,3549.164,3549.408,405.6000061035156,320.29998779296875,243.99999999968713,passive,
1.0,3549.437,3549.751,598.2999877929688,384.5,314.0000000003056,passive,
1.0,3549.776,3550.032,508.79998779296875,299.70001220703125,256.00000000031287,passive,
1.0,3550.069,3550.339,446.79998779296875,446.70001220703125,269.9999999999818,passive,
1.0,3550.383,3550.545,743.7999877929688,502.0,162.00000000026193,passive,
1.0,3550.686,3551.131,828.4000244140625,511.1000061035156,444.99999999970896,passive,
1.0,3551.147,3551.475,868.7999877929688,460.29998779296875,327.99999999997453,passive,
1.0,3551.505,3551.631,735.4000244140625,562.0,125.99999999974898,passive,
1.0,3551.676,3551.757,694.5,745.0,81.00000000013097,passive,
1.0,3551.794,3551.901,848.5,843.5,106.9999999999709,passive,
1.0,3552.105,3552.284,864.2000122070312,770.4000244140625,179.0000000000873,passive,
1.0,3552.328,3552.678,1141.699951171875,795.7000122070312,349.99999999990905,passive,
1.0,3552.732,3553.017,1220.5,386.29998779296875,284.9999999998545,passive,
1.0,3553.08,3553.314,600.4000244140625,353.1000061035156,233.9999999999236,passive,
1.0,3553.384,3553.548,280.20001220703125,553.0999755859375,163.9999999997599,passive,
1.0,3553.599,3553.97,259.8999938964844,828.9000244140625,370.99999999963984,passive,
1.0,3553.988,3554.113,295.20001220703125,761.5999755859375,125.0,passive,
1.0,3554.162,3554.474,777.5999755859375,840.7999877929688,312.0000000003529,passive,
1.0,3554.518,3554.788,1191.5999755859375,824.0,269.9999999999818,passive,
1.0,3554.829,3555.077,1393.300048828125,723.7000122070312,248.0000000000473,passive,
1.0,3555.12,3555.5,1380.5,423.6000061035156,380.00000000010914,passive,
1.0,3555.545,3555.816,1090.300048828125,562.2000122070312,270.9999999997308,passive,
1.0,3555.856,3556.248,888.5999755859375,720.9000244140625,391.9999999998254,passive,
1.0,3556.276,3556.516,798.0999755859375,517.0,240.00000000023647,passive,
1.0,3556.525,3556.808,826.7000122070312,497.0,282.9999999999018,passive,
1.0,3556.826,3557.124,803.2999877929688,441.70001220703125,297.99999999977445,passive,
1.0,3557.233,3557.471,618.9000244140625,368.8999938964844,237.99999999982901,passive,
1.0,3557.541,3557.72,383.70001220703125,722.5999755859375,178.99999999963256,passive,
1.0,3557.772,3557.908,658.2999877929688,417.70001220703125,135.99999999996726,passive,
1.0,3557.93,3558.255,707.5,364.0,325.00000000027285,passive,
1.0,3558.269,3558.608,718.0999755859375,333.20001220703125,339.00000000039654,passive,
1.0,3558.661,3558.862,315.1000061035156,310.8999938964844,201.00000000002183,passive,
1.0,3558.884,3559.278,211.60000610351562,313.6000061035156,393.9999999997781,passive,
1.0,3559.288,3559.47,245.6999969482422,343.20001220703125,181.999999999789,passive,
1.0,3559.552,3559.69,966.7000122070312,356.3999938964844,137.99999999991996,passive,
1.0,3559.735,3559.987,1284.4000244140625,419.5,251.9999999999527,passive,
1.0,3560.039,3560.248,1417.699951171875,677.2999877929688,208.99999999983265,passive,
1.0,3560.299,3560.523,981.5999755859375,761.2999877929688,224.00000000016007,passive,
1.0,3560.565,3560.812,1210.9000244140625,655.7000122070312,246.99999999984357,passive,
1.0,3560.889,3561.287,432.3999938964844,809.7999877929688,397.9999999996835,passive,
1.0,3561.336,3561.58,413.20001220703125,463.8999938964844,244.00000000014188,passive,
1.0,3561.603,3561.778,351.0,352.70001220703125,174.99999999972715,passive,
1.0,3561.805,3562.05,515.0,371.79998779296875,245.0000000003456,passive,
1.0,3562.086,3562.313,681.7000122070312,357.6000061035156,227.0000000003165,passive,
1.0,3562.331,3562.707,674.4000244140625,304.0,375.999999999749,passive,
1.0,3562.722,3563.288,721.5999755859375,312.29998779296875,565.9999999998035,passive,
1.0,3563.313,3563.432,769.5999755859375,403.5,118.99999999968713,passive,
1.0,3563.45,3563.656,805.7000122070312,474.29998779296875,206.00000000013097,passive,
1.0,3563.665,3564.049,819.7000122070312,494.79998779296875,384.00000000001455,passive,
1.0,3564.088,3564.144,612.2000122070312,502.1000061035156,55.99999999958527,passive,
1.0,3564.169,3564.283,669.7999877929688,634.0999755859375,114.00000000003274,passive,
1.0,3564.305,3564.428,733.2000122070312,681.4000244140625,123.0000000000473,passive,
1.0,3564.568,3564.76,852.9000244140625,631.0,192.00000000000728,passive,
1.0,3564.782,3565.016,787.5,664.7000122070312,233.9999999999236,passive,
1.0,3565.064,3565.313,1147.5,693.7999877929688,249.00000000025102,passive,
1.0,3565.362,3565.693,1351.800048828125,364.8999938964844,331.00000000013097,passive,
1.0,3565.716,3566.335,1472.0,418.8999938964844,619.0000000001419,passive,
1.0,3566.419,3566.611,624.7999877929688,704.7999877929688,192.00000000000728,passive,
1.0,3566.658,3566.893,302.3999938964844,572.0,235.00000000012733,passive,
1.0,3566.918,3566.96,228.5,486.20001220703125,41.99999999991633,passive,
1.0,3567.132,3567.294,294.29998779296875,442.1000061035156,161.9999999998072,passive,
1.0,3567.337,3567.651,635.4000244140625,491.29998779296875,313.99999999985084,passive,
1.0,3567.676,3568.048,826.4000244140625,470.5,371.99999999984357,passive,
1.0,3568.103,3568.462,721.7000122070312,728.0999755859375,358.9999999999236,passive,
1.0,3568.505,3568.79,458.29998779296875,662.5,284.9999999998545,passive,
1.0,3568.833,3569.215,831.2000122070312,666.5,382.00000000006185,passive,
1.0,3569.337,3569.451,813.7999877929688,553.7999877929688,114.00000000003274,passive,
1.0,3569.459,3569.914,825.7999877929688,527.0,455.000000000382,passive,
1.0,3569.931,3570.023,788.7999877929688,488.5,92.00000000009823,passive,
1.0,3570.059,3570.309,735.7000122070312,320.8999938964844,250.0,passive,
1.0,3570.319,3570.537,734.5,294.79998779296875,217.9999999998472,passive,
1.0,3570.55,3570.864,760.4000244140625,336.8999938964844,313.99999999985084,passive,
1.0,3570.902,3571.365,1009.2000122070312,411.6000061035156,462.99999999973807,passive,
1.0,3571.407,3571.627,961.7999877929688,685.7999877929688,219.9999999997999,passive,
1.0,3571.659,3571.715,863.5999755859375,609.5,56.00000000004002,passive,
1.0,3571.772,3572.095,1360.0,653.9000244140625,322.9999999998654,passive,
1.0,3572.121,3572.564,1449.5999755859375,748.9000244140625,442.99999999975626,passive,
1.0,3572.611,3572.933,1082.800048828125,686.7000122070312,322.0000000001164,passive,
1.0,3572.978,3573.162,805.0,511.1000061035156,183.9999999997417,passive,
1.0,3573.172,3573.821,822.7000122070312,521.5999755859375,648.9999999998872,passive,
1.0,3573.843,3574.085,767.0999755859375,547.2999877929688,242.00000000018917,passive,
1.0,3574.108,3574.475,864.0,647.4000244140625,366.9999999997344,passive,
1.0,3574.5,3574.725,780.9000244140625,559.7999877929688,224.99999999990905,passive,
1.0,3574.742,3575.643,709.9000244140625,538.7000122070312,900.9999999998399,passive,
1.0,3575.668,3575.916,859.7999877929688,534.5,248.0000000000473,passive,
1.0,3575.94,3576.121,744.5,483.29998779296875,181.00000000004002,passive,
1.0,3576.19,3576.348,1423.5,331.20001220703125,157.99999999990177,passive,
1.0,3576.372,3576.528,1519.5,334.6000061035156,155.99999999994907,passive,
1.0,3576.569,3576.822,1223.300048828125,449.20001220703125,253.00000000015643,passive,
1.0,3576.884,3577.125,1500.5,793.5,240.99999999998545,passive,
1.0,3577.193,3577.529,812.9000244140625,795.5999755859375,335.99999999978536,passive,
1.0,3577.566,3578.276,809.7000122070312,497.29998779296875,710.0000000000364,passive,
1.0,3578.326,3578.524,1253.0,378.5,197.9999999998654,passive,
1.0,3578.541,3578.68,1189.5999755859375,374.5,138.99999999966894,passive,
1.0,3578.743,3579.09,948.0,783.7999877929688,347.00000000020736,passive,
1.0,3579.113,3579.484,818.0999755859375,762.7999877929688,371.0000000000946,passive,
1.0,3579.504,3579.721,845.0,836.0,217.00000000009823,passive,
1.0,3579.751,3580.171,706.4000244140625,836.0999755859375,419.999999999618,passive,
1.0,3580.189,3580.449,735.9000244140625,784.0999755859375,260.0000000002183,passive,
1.0,3580.487,3580.756,973.0999755859375,877.2999877929688,268.9999999997781,passive,
1.0,3580.776,3581.129,1047.5,801.5999755859375,353.0000000000655,passive,
1.0,3581.175,3581.337,794.4000244140625,565.9000244140625,161.9999999998072,passive,
1.0,3581.349,3582.038,807.0,524.4000244140625,688.9999999998508,passive,
1.0,3582.063,3582.178,934.7000122070312,414.70001220703125,114.99999999978172,passive,
1.0,3582.197,3582.665,900.5,357.3999938964844,467.9999999998472,passive,
1.0,3582.826,3583.062,892.0999755859375,371.6000061035156,235.9999999998763,passive,
1.0,3583.136,3583.315,497.0,760.9000244140625,179.0000000000873,passive,
1.0,3583.338,3583.689,416.29998779296875,801.5999755859375,350.99999999965803,passive,
1.0,3583.712,3583.842,513.9000244140625,842.7000122070312,130.00000000010914,passive,
1.0,3583.901,3584.055,843.4000244140625,435.79998779296875,153.99999999999636,passive,
1.0,3584.076,3585.121,912.2999877929688,371.20001220703125,1045.0000000000728,passive,
1.0,3585.147,3585.544,806.5999755859375,409.70001220703125,396.9999999999345,passive,
1.0,3585.567,3585.979,912.7999877929688,420.0,411.9999999998072,passive,
1.0,3586.111,3586.288,895.0,419.1000061035156,177.0000000001346,passive,
1.0,3586.484,3586.59,822.2999877929688,473.0,106.00000000022192,passive,
1.0,3586.601,3587.27,816.5,509.8999938964844,668.999999999869,passive,
1.0,3587.324,3587.519,1035.300048828125,259.5,194.99999999970896,passive,
1.0,3587.579,3587.984,456.0,157.60000610351562,404.99999999974534,passive,
1.0,3588.008,3588.127,401.6000061035156,269.29998779296875,119.00000000014188,passive,
1.0,3588.223,3588.405,1366.0,725.7999877929688,182.00000000024374,passive,
1.0,3588.43,3588.712,1470.800048828125,761.5,282.0000000001528,passive,
1.0,3588.772,3589.277,1207.300048828125,339.5,505.00000000010914,passive,
1.0,3589.313,3589.742,1077.199951171875,221.5,429.0000000000873,passive,
1.0,3589.81,3589.95,490.0,598.7999877929688,139.99999999987267,passive,
1.0,3589.992,3590.537,191.0,624.9000244140625,544.999999999618,passive,
1.0,3590.616,3591.148,1152.0,403.5,532.0000000001528,passive,
1.0,3591.156,3591.476,1133.5,405.0,320.0000000001637,passive,
1.0,3591.519,3591.549,1137.0,355.5,30.00000000020009,passive,
1.0,3591.561,3591.79,1138.5,396.5,228.99999999981446,passive,
1.0,3591.843,3592.901,814.2000122070312,522.9000244140625,1057.9999999999927,passive,
1.0,3592.929,3593.14,655.5,409.20001220703125,210.99999999978536,passive,
1.0,3593.165,3593.463,786.7000122070312,386.29998779296875,298.0000000002292,passive,
1.0,3593.474,3593.97,780.2000122070312,361.5,495.99999999963984,passive,
1.0,3593.994,3594.288,787.5999755859375,454.3999938964844,293.99999999986903,passive,
1.0,3594.302,3594.515,783.2999877929688,409.70001220703125,212.99999999973807,passive,
1.0,3594.543,3594.785,764.2000122070312,591.5,241.99999999973443,passive,
1.0,3594.803,3595.143,766.7000122070312,547.4000244140625,340.0000000001455,passive,
1.0,3595.198,3595.437,1272.0999755859375,390.3999938964844,239.00000000003274,passive,
1.0,3595.463,3595.71,1140.5999755859375,378.0,246.99999999984357,passive,
1.0,3595.721,3595.955,1114.0999755859375,381.29998779296875,233.9999999999236,passive,
1.0,3595.971,3596.234,1128.0,331.70001220703125,262.99999999991996,passive,
1.0,3596.379,3597.143,781.9000244140625,440.3999938964844,764.0000000001237,passive,
1.0,3597.165,3597.608,719.7000122070312,432.0,443.000000000211,passive,
1.0,3597.658,3597.908,386.3999938964844,421.0,250.0,passive,
1.0,3597.933,3598.133,228.3000030517578,450.6000061035156,199.9999999998181,passive,
1.0,3598.153,3598.409,196.0,363.70001220703125,256.00000000031287,passive,
1.0,3598.422,3598.598,158.89999389648438,354.8999938964844,175.99999999993088,passive,
1.0,3598.777,3599.267,879.9000244140625,433.1000061035156,489.9999999997817,passive,
1.0,3599.285,3599.481,879.5,371.29998779296875,196.00000000036744,passive,
1.0,3599.495,3599.785,893.0,320.5,289.9999999999636,passive,
1.0,3599.847,3600.469,990.5999755859375,612.7000122070312,621.9999999998436,passive,
1.0,3600.476,3600.587,1002.7000122070312,634.7999877929688,110.99999999987631,passive,
1.0,3600.727,3601.502,843.0999755859375,538.2999877929688,775.000000000091,,
1.0,3601.706,3602.341,845.4000244140625,545.5999755859375,634.9999999997635,constant,
1.0,3602.378,3602.656,1049.0,503.79998779296875,277.99999999979264,constant,
1.0,3602.708,3602.917,711.7000122070312,595.9000244140625,208.99999999983265,constant,
1.0,3602.965,3603.265,1105.9000244140625,820.0,299.99999999972715,constant,
1.0,3603.318,3603.429,751.0999755859375,590.0999755859375,110.99999999987631,constant,
1.0,3603.482,3603.693,354.3999938964844,520.0,211.0000000002401,constant,
1.0,3603.759,3603.922,1061.699951171875,430.79998779296875,163.0000000000109,constant,
1.0,3603.952,3604.117,884.0999755859375,437.79998779296875,164.99999999996362,constant,
1.0,3604.149,3604.336,1066.300048828125,461.5,186.99999999989814,constant,
1.0,3604.346,3604.428,1050.800048828125,466.8999938964844,81.99999999987995,constant,
1.0,3604.47,3604.764,785.0,633.0999755859375,294.0000000003238,constant,
1.0,3604.787,3605.045,782.2000122070312,711.7000122070312,258.0000000002656,constant,
1.0,3605.066,3605.209,772.0999755859375,789.7999877929688,143.0000000000291,constant,
1.0,3605.226,3605.506,785.2000122070312,824.0,279.99999999974534,constant,
1.0,3605.554,3605.706,827.2000122070312,540.7999877929688,152.00000000004366,constant,
1.0,3605.877,3605.945,788.0999755859375,526.2999877929688,68.000000000211,constant,
1.0,3605.986,3606.38,524.2999877929688,533.4000244140625,394.00000000023283,constant,
1.0,3606.575,3606.774,917.2000122070312,310.6000061035156,199.00000000006912,constant,
1.0,3606.822,3607.067,1268.699951171875,343.20001220703125,244.99999999989086,constant,
1.0,3607.105,3607.283,1024.300048828125,424.70001220703125,177.99999999988358,constant,
1.0,3607.462,3607.756,1075.4000244140625,474.3999938964844,293.99999999986903,constant,
1.0,3607.826,3608.089,689.2999877929688,609.7999877929688,262.99999999991996,constant,
1.0,3608.128,3608.332,398.0,537.2000122070312,203.9999999997235,constant,
1.0,3608.525,3608.842,952.0999755859375,556.4000244140625,317.0000000000073,constant,
1.0,3608.887,3609.139,789.0,690.9000244140625,251.9999999999527,constant,
1.0,3609.187,3609.361,1113.0999755859375,541.0,173.99999999997817,constant,
1.0,3609.408,3609.694,768.7000122070312,802.7000122070312,286.0000000000582,constant,
1.0,3610.004,3610.165,1215.4000244140625,428.5,161.0000000000582,constant,
1.0,3610.216,3610.243,822.4000244140625,774.0999755859375,27.000000000043656,constant,
1.0,3610.251,3610.438,821.4000244140625,827.2999877929688,186.99999999989814,constant,
1.0,3610.461,3611.346,778.2999877929688,811.0,885.0000000002183,constant,
1.0,3611.428,3611.505,419.1000061035156,422.5,77.00000000022555,constant,
1.0,3611.523,3611.682,414.70001220703125,476.6000061035156,158.99999999965075,constant,
1.0,3611.714,3611.971,640.5,487.20001220703125,257.00000000006185,constant,
1.0,3612.143,3612.352,1032.4000244140625,461.1000061035156,208.99999999983265,constant,
1.0,3612.393,3612.575,1299.0,351.8999938964844,181.999999999789,constant,
1.0,3612.623,3612.853,936.2000122070312,403.3999938964844,230.0000000000182,constant,
1.0,3612.881,3613.077,808.2999877929688,456.5,196.00000000036744,constant,
1.0,3613.106,3613.266,821.5,591.0,159.99999999985448,constant,
1.0,3613.289,3613.513,817.2999877929688,646.7999877929688,223.99999999970532,constant,
1.0,3613.528,3613.716,808.2999877929688,686.5999755859375,188.00000000010186,constant,
1.0,3613.766,3614.021,481.79998779296875,562.2000122070312,255.00000000010914,constant,
1.0,3614.064,3614.138,749.5,561.9000244140625,74.00000000006912,constant,
1.0,3614.3,3614.647,1033.800048828125,542.7000122070312,346.9999999997526,constant,
1.0,3614.669,3615.164,1097.300048828125,605.2999877929688,495.0000000003456,constant,
1.0,3615.188,3615.477,1087.4000244140625,483.70001220703125,288.9999999997599,constant,
1.0,3615.548,3615.815,398.1000061035156,474.0,267.0000000002801,constant,
1.0,3615.869,3616.183,695.7000122070312,481.5,313.99999999985084,constant,
1.0,3616.206,3616.525,604.9000244140625,507.0,318.99999999996,constant,
1.0,3616.566,3616.785,845.0999755859375,467.29998779296875,219.00000000005093,constant,
1.0,3616.958,3617.363,715.5999755859375,439.79998779296875,404.99999999974534,constant,
1.0,3617.403,3617.6,872.2000122070312,348.70001220703125,197.00000000011642,constant,
1.0,3617.659,3617.872,1296.5,338.3999938964844,212.99999999973807,constant,
1.0,3617.914,3618.069,987.7999877929688,430.0,154.99999999974534,constant,
1.0,3618.237,3618.366,985.4000244140625,455.5,128.9999999999054,constant,
1.0,3618.386,3619.166,1059.800048828125,465.70001220703125,780.0000000002001,constant,
1.0,3619.189,3619.424,1149.0,524.2999877929688,235.00000000012733,constant,
1.0,3619.462,3619.633,1166.800048828125,372.8999938964844,170.99999999982174,constant,
1.0,3619.699,3619.946,525.7999877929688,449.29998779296875,246.99999999984357,constant,
1.0,3619.982,3620.199,376.29998779296875,457.20001220703125,217.00000000009823,constant,
1.0,3620.24,3620.458,363.1000061035156,714.7999877929688,218.00000000030195,constant,
1.0,3620.483,3620.616,257.0,761.0999755859375,132.99999999981083,constant,
1.0,3620.655,3620.938,618.7999877929688,791.7000122070312,282.9999999999018,constant,
1.0,3620.964,3621.381,745.0999755859375,810.7999877929688,416.9999999999163,constant,
1.0,3621.421,3621.809,636.9000244140625,589.5,388.0000000003747,constant,
1.0,3621.834,3622.157,612.0,472.20001220703125,323.00000000032014,constant,
1.0,3622.347,3622.874,735.2000122070312,416.5,526.9999999995889,constant,
1.0,3623.233,3623.516,840.5999755859375,298.79998779296875,282.9999999999018,constant,
1.0,3623.569,3623.864,1287.199951171875,324.0,295.00000000007276,constant,
1.0,3623.887,3624.128,1152.9000244140625,364.0,240.99999999998545,constant,
1.0,3624.151,3624.524,1042.699951171875,448.3999938964844,373.0000000000473,constant,
1.0,3624.548,3624.768,1163.0,381.1000061035156,220.00000000025466,constant,
1.0,3624.828,3625.139,629.9000244140625,412.8999938964844,311.00000000014916,constant,
1.0,3625.183,3625.383,1015.2999877929688,433.1000061035156,199.9999999998181,constant,
1.0,3625.4,3625.653,1063.9000244140625,453.79998779296875,252.99999999970169,constant,
1.0,3625.812,3626.189,638.7999877929688,457.70001220703125,376.9999999999527,constant,
1.0,3626.211,3626.388,597.4000244140625,486.0,177.0000000001346,constant,
1.0,3626.409,3626.64,615.4000244140625,430.79998779296875,230.99999999976717,constant,
1.0,3626.691,3626.997,256.70001220703125,342.3999938964844,306.00000000004,constant,
1.0,3627.023,3627.355,282.8999938964844,491.6000061035156,331.99999999987995,constant,
1.0,3627.376,3627.491,306.8999938964844,394.79998779296875,114.99999999978172,constant,
1.0,3627.536,3627.938,671.4000244140625,442.29998779296875,402.00000000004366,constant,
1.0,3628.254,3628.443,603.9000244140625,456.3999938964844,189.0000000003056,constant,
1.0,3628.455,3628.8,634.2999877929688,428.6000061035156,345.00000000025466,constant,
1.0,3628.852,3629.089,1008.9000244140625,470.3999938964844,237.00000000008004,constant,
1.0,3629.114,3629.522,866.7000122070312,482.3999938964844,407.9999999999018,constant,
1.0,3629.54,3629.718,806.0999755859375,479.3999938964844,177.99999999988358,constant,
1.0,3629.756,3630.044,1055.800048828125,561.9000244140625,288.0000000000109,constant,
1.0,3630.076,3630.412,833.4000244140625,453.70001220703125,335.99999999978536,constant,
1.0,3630.438,3630.82,749.5,549.7999877929688,382.00000000006185,constant,
1.0,3630.838,3631.141,804.9000244140625,492.79998779296875,302.9999999998836,constant,
1.0,3631.157,3631.442,850.0999755859375,456.20001220703125,284.9999999998545,constant,
1.0,3631.527,3631.902,763.7999877929688,477.70001220703125,375.0,constant,
1.0,3631.924,3632.143,674.2000122070312,501.5,219.00000000005093,constant,
1.0,3632.178,3632.492,861.5999755859375,492.0,314.0000000003056,constant,
1.0,3632.659,3632.868,693.2999877929688,473.70001220703125,208.99999999983265,constant,
1.0,3632.913,3633.068,1048.199951171875,576.0999755859375,155.0000000002001,constant,
1.0,3633.082,3633.653,1086.0999755859375,600.9000244140625,570.9999999999127,constant,
1.0,3633.697,3633.957,780.4000244140625,614.5,259.99999999976353,constant,
1.0,3634.005,3634.227,995.5,594.7999877929688,221.99999999975262,constant,
1.0,3634.248,3634.655,1093.4000244140625,607.0,407.0000000001528,constant,
1.0,3634.679,3634.954,1210.5999755859375,497.29998779296875,275.00000000009095,constant,
1.0,3634.998,3635.424,1328.800048828125,317.3999938964844,425.9999999999309,constant,
1.0,3635.45,3636.045,1452.9000244140625,266.29998779296875,595.0000000002547,constant,
1.0,3636.089,3636.381,1152.9000244140625,333.0,291.9999999999163,constant,
1.0,3636.566,3636.801,1103.199951171875,447.0,235.00000000012733,constant,
1.0,3636.821,3637.082,1165.199951171875,407.79998779296875,260.99999999996726,constant,
1.0,3637.092,3637.286,1155.300048828125,378.5,193.99999999995998,constant,
1.0,3637.342,3637.582,676.2999877929688,507.70001220703125,239.99999999978172,constant,
1.0,3637.605,3637.871,627.7000122070312,559.9000244140625,266.0000000000764,constant,
1.0,3637.896,3637.927,617.4000244140625,627.0,30.99999999994907,constant,
1.0,3637.971,3638.284,623.2999877929688,669.5,313.00000000010186,constant,
1.0,3638.316,3638.62,795.5,701.9000244140625,304.0000000000873,constant,
1.0,3638.852,3639.015,775.2999877929688,639.7000122070312,163.0000000000109,constant,
1.0,3639.042,3639.231,737.4000244140625,781.5999755859375,189.0000000003056,constant,
1.0,3639.248,3639.74,776.5999755859375,809.5,491.9999999997344,constant,
1.0,3639.78,3640.176,603.0999755859375,729.4000244140625,395.9999999997308,constant,
1.0,3640.458,3640.635,777.0,783.0,177.0000000001346,constant,
1.0,3640.652,3640.88,724.2000122070312,719.4000244140625,228.00000000006548,constant,
1.0,3640.908,3641.192,569.0,659.2000122070312,284.0000000001055,constant,
1.0,3641.232,3641.4,349.6000061035156,494.5,168.00000000012005,constant,
1.0,3641.668,3641.826,385.8999938964844,517.0,157.99999999990177,constant,
1.0,3641.869,3642.258,681.4000244140625,667.4000244140625,388.99999999966894,constant,
1.0,3642.278,3642.459,652.7999877929688,690.0999755859375,181.00000000004002,constant,
1.0,3642.482,3642.678,701.5999755859375,734.5999755859375,195.9999999999127,constant,
1.0,3642.703,3643.01,615.4000244140625,749.5999755859375,307.00000000024374,constant,
1.0,3643.052,3643.291,409.20001220703125,797.0,239.00000000003274,constant,
1.0,3643.334,3643.436,269.70001220703125,635.5,102.0000000003165,constant,
1.0,3643.647,3643.798,279.20001220703125,546.2999877929688,150.99999999983993,constant,
1.0,3643.841,3644.084,228.1999969482422,383.29998779296875,242.99999999993815,constant,
1.0,3644.094,3644.254,237.39999389648438,355.1000061035156,159.99999999985448,constant,
1.0,3644.305,3644.579,562.0,526.7000122070312,274.00000000034197,constant,
1.0,3644.617,3644.871,362.20001220703125,468.8999938964844,253.9999999999054,constant,
1.0,3645.07,3645.232,370.29998779296875,561.5,161.9999999998072,constant,
1.0,3645.275,3645.445,638.5999755859375,641.5999755859375,170.00000000007276,constant,
1.0,3645.454,3646.44,847.0999755859375,533.7000122070312,985.9999999998763,,
1.0,3646.448,3647.123,829.2000122070312,534.9000244140625,675.0000000001819,constant,
1.0,3647.148,3647.296,791.0999755859375,409.1000061035156,147.9999999996835,constant,
1.0,3647.308,3647.433,822.4000244140625,386.3999938964844,125.0,constant,
1.0,3647.481,3647.921,1207.0999755859375,385.70001220703125,439.9999999995998,constant,
1.0,3648.008,3648.259,335.20001220703125,707.7999877929688,251.00000000020373,constant,
1.0,3648.3,3648.566,622.2999877929688,684.7000122070312,265.99999999962165,constant,
1.0,3648.713,3648.883,636.7000122070312,337.1000061035156,169.999999999618,constant,
1.0,3648.89,3649.12,662.5999755859375,343.1000061035156,230.0000000000182,constant,
1.0,3649.182,3649.467,209.60000610351562,258.20001220703125,285.0000000003092,constant,
1.0,3649.526,3649.637,701.2999877929688,386.20001220703125,111.00000000033106,constant,
1.0,3649.663,3649.914,818.2000122070312,389.6000061035156,251.00000000020373,constant,
1.0,3650.126,3650.245,947.4000244140625,508.5,118.99999999968713,constant,
1.0,3650.269,3650.405,821.7000122070312,606.2999877929688,136.000000000422,constant,
1.0,3650.47,3650.564,1360.699951171875,610.2000122070312,94.00000000005093,constant,
1.0,3650.606,3650.807,1479.300048828125,653.0999755859375,200.99999999956708,constant,
1.0,3650.846,3650.976,1219.800048828125,456.1000061035156,130.00000000010914,constant,
1.0,3650.993,3651.635,1199.9000244140625,392.70001220703125,642.0000000002801,constant,
1.0,3651.687,3651.861,770.0999755859375,372.8999938964844,173.99999999997817,constant,
1.0,3651.877,3652.038,817.4000244140625,374.6000061035156,161.0000000000582,constant,
1.0,3652.281,3652.588,670.4000244140625,343.0,307.00000000024374,constant,
1.0,3652.62,3652.896,526.0999755859375,551.5999755859375,276.0000000002947,constant,
1.0,3652.933,3653.17,801.7000122070312,520.0,237.00000000008004,constant,
1.0,3653.31,3653.401,614.7000122070312,441.70001220703125,90.9999999998945,constant,
1.0,3653.41,3653.618,643.5999755859375,444.1000061035156,208.00000000008367,constant,
1.0,3653.862,3654.245,259.1000061035156,691.5999755859375,382.9999999998108,constant,
1.0,3654.267,3654.477,337.29998779296875,713.7000122070312,210.00000000003638,constant,
1.0,3654.542,3654.714,810.9000244140625,416.3999938964844,172.00000000002547,constant,
1.0,3654.724,3654.865,819.9000244140625,386.20001220703125,140.99999999962165,constant,
1.0,3654.913,3655.545,1202.5,387.20001220703125,632.0000000000618,constant,
1.0,3655.62,3655.853,1431.0999755859375,796.5999755859375,233.00000000017462,constant,
1.0,3655.901,3656.05,1045.9000244140625,771.5999755859375,149.00000000034197,constant,
1.0,3656.095,3656.288,733.2000122070312,677.0999755859375,193.000000000211,constant,
1.0,3656.331,3656.461,693.5,402.8999938964844,129.9999999996544,constant,
1.0,3656.483,3656.759,627.2999877929688,366.6000061035156,275.99999999983993,constant,
1.0,3656.778,3656.913,609.5999755859375,431.5,135.00000000021828,constant,
1.0,3656.92,3657.588,637.5,445.1000061035156,668.00000000012,constant,
1.0,3657.784,3658.357,659.0,349.29998779296875,572.9999999998654,constant,
1.0,3658.38,3658.919,820.4000244140625,372.79998779296875,538.9999999997599,constant,
1.0,3658.956,3659.175,627.0,353.3999938964844,219.00000000005093,constant,
1.0,3659.185,3659.328,658.0,350.79998779296875,143.0000000000291,constant,
1.0,3659.382,3659.921,1192.699951171875,373.29998779296875,538.9999999997599,constant,
1.0,3660.144,3660.283,353.5,804.2000122070312,139.0000000001237,constant,
1.0,3660.309,3660.386,244.8000030517578,707.7000122070312,76.99999999977081,constant,
1.0,3660.582,3660.838,186.5,598.7999877929688,256.00000000031287,constant,
1.0,3660.859,3661.026,242.1999969482422,531.0999755859375,166.99999999991633,constant,
1.0,3661.08,3661.42,266.3999938964844,229.1999969482422,340.0000000001455,constant,
1.0,3661.466,3661.614,599.0,317.29998779296875,148.00000000013824,constant,
1.0,3661.627,3661.779,645.2999877929688,332.5,152.00000000004366,constant,
1.0,3661.797,3661.922,636.2999877929688,418.79998779296875,125.0,constant,
1.0,3661.93,3662.421,637.7000122070312,441.0,490.99999999998545,constant,
1.0,3662.444,3662.894,654.7000122070312,336.29998779296875,449.9999999998181,constant,
1.0,3662.919,3663.999,820.9000244140625,374.5,1079.9999999999272,constant,
1.0,3664.103,3664.227,1215.199951171875,380.5,123.99999999979627,constant,
1.0,3664.235,3665.239,1190.0999755859375,374.6000061035156,1003.9999999999054,constant,
1.0,3665.265,3665.433,1223.0999755859375,518.9000244140625,168.00000000012005,constant,
1.0,3665.448,3665.673,1231.800048828125,471.29998779296875,224.99999999990905,constant,
1.0,3665.734,3665.866,682.5999755859375,373.5,132.00000000006185,constant,
1.0,3665.881,3666.173,653.2999877929688,371.0,291.9999999999163,constant,
1.0,3666.197,3666.464,605.0999755859375,537.5999755859375,266.9999999998254,constant,
1.0,3666.479,3666.687,570.7999877929688,589.9000244140625,208.00000000008367,constant,
1.0,3666.714,3667.116,597.5999755859375,415.5,402.00000000004366,constant,
1.0,3667.137,3667.422,528.0999755859375,439.5,284.9999999998545,constant,
1.0,3667.465,3667.785,598.2000122070312,677.9000244140625,319.99999999970896,constant,
1.0,3667.812,3667.961,570.5999755859375,837.9000244140625,148.99999999988722,constant,
1.0,3667.98,3668.56,554.5,927.7000122070312,579.9999999999272,constant,
1.0,3668.594,3668.768,753.4000244140625,916.4000244140625,173.99999999997817,constant,
1.0,3668.785,3669.155,811.2999877929688,905.0999755859375,370.0000000003456,constant,
1.0,3669.177,3669.319,801.2000122070312,834.5999755859375,141.99999999982538,constant,
1.0,3669.34,3669.509,779.5,737.2000122070312,168.99999999986903,constant,
1.0,3669.567,3669.886,1236.5,856.5,318.99999999996,constant,
1.0,3669.911,3670.246,1235.5999755859375,688.0,335.0000000000364,constant,
1.0,3670.267,3670.423,1238.5999755859375,629.5999755859375,155.99999999994907,constant,
1.0,3670.475,3670.608,790.5999755859375,433.20001220703125,133.00000000026557,constant,
1.0,3670.628,3670.826,821.7999877929688,385.20001220703125,197.9999999998654,constant,
1.0,3670.833,3671.522,809.5,380.6000061035156,688.9999999998508,constant,
1.0,3671.585,3671.934,293.0,708.5999755859375,349.00000000016007,constant,
1.0,3671.957,3672.278,221.39999389648438,624.5999755859375,320.9999999999127,constant,
1.0,3672.327,3672.565,264.20001220703125,278.20001220703125,237.99999999982901,constant,
1.0,3672.583,3672.989,217.6999969482422,215.3000030517578,405.99999999994907,constant,
1.0,3673.041,3673.256,704.5,278.0,214.99999999969077,constant,
1.0,3673.383,3673.505,685.2000122070312,307.5,122.00000000029831,constant,
1.0,3673.517,3674.7,665.0999755859375,356.8999938964844,1182.9999999999927,constant,
1.0,3675.225,3675.248,517.5,336.3999938964844,23.000000000138243,constant,
1.0,3676.288,3676.736,585.7000122070312,386.29998779296875,447.9999999998654,constant,
1.0,3676.783,3677.249,690.0,364.70001220703125,465.9999999998945,constant,
1.0,3677.318,3677.902,1198.5999755859375,379.20001220703125,583.9999999998327,constant,
1.0,3677.917,3678.359,1238.699951171875,359.70001220703125,442.0000000000073,constant,
1.0,3678.409,3678.574,831.0,373.6000061035156,164.99999999996362,constant,
1.0,3678.581,3678.932,812.7999877929688,374.6000061035156,350.99999999965803,constant,
1.0,3678.99,3679.337,1293.5999755859375,397.79998779296875,347.00000000020736,constant,
1.0,3679.372,3679.756,1480.0,532.2999877929688,384.00000000001455,constant,
1.0,3679.802,3680.172,1282.699951171875,706.2000122070312,369.99999999989086,constant,
1.0,3680.26,3680.466,497.3999938964844,805.2000122070312,205.99999999967622,constant,
1.0,3680.515,3680.86,272.20001220703125,760.2000122070312,345.00000000025466,constant,
1.0,3680.907,3681.275,650.7000122070312,694.7000122070312,367.99999999993815,constant,
1.0,3681.332,3682.024,301.3999938964844,744.4000244140625,692.0000000000073,constant,
1.0,3682.044,3682.714,240.0,666.4000244140625,670.0000000000728,constant,
1.0,3682.732,3683.04,185.60000610351562,655.7999877929688,307.9999999999927,constant,
1.0,3683.087,3683.212,540.5999755859375,417.6000061035156,125.0,constant,
1.0,3683.231,3683.374,549.5,356.8999938964844,142.99999999957436,constant,
1.0,3683.751,3684.064,670.2999877929688,482.70001220703125,312.9999999996471,constant,
1.0,3684.082,3684.372,732.9000244140625,518.2000122070312,289.9999999999636,constant,
1.0,3684.396,3684.564,817.5,401.5,167.9999999996653,constant,
1.0,3684.574,3685.996,811.4000244140625,373.29998779296875,1422.0000000000255,constant,
1.0,3686.025,3686.386,1012.0999755859375,281.6000061035156,360.9999999998763,constant,
1.0,3686.45,3686.744,521.5,249.3000030517578,294.0000000003238,constant,
1.0,3686.779,3687.004,284.8999938964844,211.5,224.99999999990905,constant,
1.0,3687.025,3687.433,188.10000610351562,201.60000610351562,407.9999999999018,constant,
1.0,3687.453,3687.572,133.39999389648438,244.8000030517578,119.00000000014188,constant,
1.0,3687.653,3688.226,149.6999969482422,655.9000244140625,573.0000000003201,constant,
1.0,3688.3,3688.616,875.2000122070312,569.2000122070312,315.99999999980355,constant,
1.0,3688.639,3688.814,1016.0,609.2000122070312,174.99999999972715,constant,
1.0,3688.827,3689.041,1006.5,639.9000244140625,213.9999999999418,constant,
1.0,3689.058,3689.262,949.0999755859375,646.4000244140625,204.00000000017826,constant,
1.0,3689.287,3689.693,1089.300048828125,660.5999755859375,406.0000000004038,constant,
1.0,3689.726,3690.005,901.7999877929688,650.7999877929688,278.99999999999636,constant,
1.0,3690.03,3690.536,1007.5,656.5999755859375,505.9999999998581,constant,
1.0,3690.555,3690.984,1101.0,668.2999877929688,429.0000000000873,constant,
1.0,3691.13,3691.342,859.2000122070312,652.7000122070312,211.9999999999891,constant,
1.0,3691.652,3691.832,811.2000122070312,719.2000122070312,179.9999999998363,constant,
1.0,3691.872,3692.134,1058.4000244140625,762.2000122070312,262.000000000171,constant,
1.0,3692.155,3692.368,1087.0999755859375,679.5999755859375,212.99999999973807,constant,
1.0,3692.391,3692.651,991.7999877929688,665.5,259.99999999976353,constant,
1.0,3692.663,3692.87,959.5,655.2000122070312,206.99999999987995,constant,
1.0,3692.913,3693.086,1221.800048828125,534.9000244140625,172.99999999977445,constant,
1.0,3693.099,3693.377,1218.9000244140625,467.3999938964844,277.99999999979264,constant,
1.0,3693.424,3693.753,1231.300048828125,764.0999755859375,329.00000000017826,constant,
1.0,3693.765,3694.016,1253.9000244140625,737.0,251.00000000020373,constant,
1.0,3694.063,3694.208,1231.9000244140625,408.29998779296875,144.9999999999818,constant,
1.0,3694.222,3694.924,1182.9000244140625,375.79998779296875,701.9999999997708,constant,
1.0,3694.977,3695.283,1451.9000244140625,309.6000061035156,306.00000000004,constant,
1.0,3695.305,3695.594,1518.0,356.8999938964844,289.00000000021464,constant,
1.0,3695.641,3696.002,1190.9000244140625,368.3999938964844,360.9999999998763,constant,
1.0,3696.049,3696.449,814.0,379.20001220703125,400.00000000009095,constant,
1.0,3696.484,3697.001,655.2000122070312,344.20001220703125,517.0000000002801,constant,
1.0,3697.103,3697.423,212.5,750.5,319.99999999970896,constant,
1.0,3697.447,3697.613,130.6999969482422,659.5999755859375,165.9999999997126,constant,
1.0,3697.638,3698.458,288.79998779296875,704.2000122070312,820.0000000001637,constant,
1.0,3698.473,3698.719,260.1000061035156,715.7999877929688,246.0000000000946,constant,
1.0,3698.743,3699.245,178.3000030517578,656.0,501.9999999999527,constant,
1.0,3699.268,3700.04,306.3999938964844,704.4000244140625,771.9999999999345,constant,
1.0,3700.048,3700.439,303.8999938964844,714.5,391.0000000000764,constant,
1.0,3700.46,3700.939,230.1999969482422,658.4000244140625,478.99999999981446,constant,
1.0,3700.95,3701.354,200.60000610351562,632.0999755859375,403.99999999999636,constant,
1.0,3701.377,3701.85,338.1000061035156,644.2999877929688,472.99999999995634,constant,
1.0,3701.867,3702.264,286.29998779296875,684.9000244140625,396.9999999999345,constant,
1.0,3702.279,3702.406,371.29998779296875,698.5999755859375,126.9999999999527,constant,
1.0,3702.485,3702.648,952.4000244140625,720.5,163.0000000000109,constant,
1.0,3702.665,3703.084,1036.0999755859375,728.7999877929688,418.99999999986903,constant,
1.0,3703.097,3703.273,1035.199951171875,678.2000122070312,175.99999999993088,constant,
1.0,3703.311,3703.498,1229.4000244140625,501.3999938964844,186.99999999989814,constant,
1.0,3703.508,3705.319,1222.699951171875,461.6000061035156,1811.0000000001492,constant,
1.0,3705.367,3705.565,888.5999755859375,446.0,197.9999999998654,constant,
1.0,3705.587,3705.979,793.2000122070312,461.5,391.9999999998254,constant,
1.0,3706.026,3706.746,574.9000244140625,642.9000244140625,720.0000000002547,constant,
1.0,3706.759,3707.027,625.0999755859375,656.2999877929688,268.0000000000291,constant,
1.0,3707.052,3707.296,773.0,672.2000122070312,243.99999999968713,constant,
1.0,3707.313,3707.51,792.7999877929688,616.5,197.00000000011642,constant,
1.0,3707.571,3707.743,558.0999755859375,537.0999755859375,172.00000000002547,constant,
1.0,3707.763,3708.377,613.2000122070312,434.29998779296875,614.0000000000327,constant,
1.0,3708.391,3708.799,586.7999877929688,395.70001220703125,407.9999999999018,constant,
1.0,3708.817,3709.248,633.2999877929688,338.0,431.00000000004,constant,
1.0,3709.269,3709.594,579.5999755859375,430.0,325.00000000027285,constant,
1.0,3709.606,3710.05,537.2999877929688,434.3999938964844,443.99999999996,constant,
1.0,3710.244,3710.486,547.4000244140625,837.0,241.99999999973443,constant,
1.0,3710.501,3710.929,528.7000122070312,885.9000244140625,427.9999999998836,constant,
1.0,3710.953,3711.19,682.9000244140625,871.0,237.00000000008004,constant,
1.0,3711.202,3711.521,657.2999877929688,897.0,318.99999999996,constant,
1.0,3711.544,3711.709,786.5999755859375,868.7999877929688,164.99999999996362,constant,
1.0,3711.767,3712.059,1166.199951171875,427.29998779296875,292.0000000003711,constant,
1.0,3712.076,3712.355,1200.800048828125,367.29998779296875,278.99999999999636,constant,
1.0,3712.396,3712.86,1336.5,585.5,463.9999999999418,constant,
1.0,3712.93,3713.076,708.5999755859375,423.70001220703125,146.00000000018554,constant,
1.0,3713.098,3714.599,820.4000244140625,371.5,1501.0000000002037,constant,
1.0,3714.799,3714.956,662.4000244140625,361.29998779296875,157.0000000001528,constant,
1.0,3714.968,3715.328,642.7999877929688,359.0,360.00000000012733,constant,
1.0,3715.371,3715.74,828.5999755859375,476.70001220703125,368.99999999968713,constant,
1.0,3715.764,3716.257,818.0,378.8999938964844,492.99999999993815,constant,
1.0,3716.281,3716.553,723.2000122070312,491.79998779296875,271.9999999999345,constant,
1.0,3716.569,3717.126,739.9000244140625,532.9000244140625,557.0000000002437,constant,
1.0,3717.15,3717.409,821.4000244140625,507.0,259.00000000001455,constant,
1.0,3717.417,3717.596,804.5,499.70001220703125,179.0000000000873,constant,
1.0,3717.861,3718.41,1215.0,371.6000061035156,548.9999999999782,constant,
1.0,3718.463,3718.587,857.5999755859375,348.6000061035156,123.99999999979627,constant,
1.0,3718.6,3718.901,824.7000122070312,358.3999938964844,300.9999999999309,constant,
1.0,3719.187,3720.154,254.39999389648438,659.0999755859375,967.0000000000982,constant,
1.0,3720.224,3720.49,716.9000244140625,791.9000244140625,265.99999999962165,constant,
1.0,3720.515,3720.974,599.9000244140625,851.4000244140625,459.0000000002874,constant,
1.0,3720.992,3721.512,566.2000122070312,911.7000122070312,519.9999999999818,constant,
1.0,3721.825,3722.463,234.5,693.0,638.0000000003747,constant,
1.0,3722.527,3724.51,761.2000122070312,402.6000061035156,1983.0000000001746,constant,
1.0,3724.724,3728.938,921.0,477.79998779296875,4213.999999999942,constant,
1.0,3729.102,3736.787,899.9000244140625,481.79998779296875,7684.999999999945,constant,
1.0,3736.982,3737.387,1229.9000244140625,627.2000122070312,405.0000000002001,constant,
1.0,3737.431,3737.621,1424.0,882.5999755859375,190.00000000005457,constant,
1.0,3737.64,3738.121,1512.300048828125,889.4000244140625,481.0000000002219,constant,
1.0,3738.148,3738.3,1332.0999755859375,891.0,152.00000000004366,constant,
1.0,3738.321,3738.458,1226.9000244140625,891.5,137.00000000017099,constant,
1.0,3738.663,3738.765,1245.800048828125,856.7000122070312,101.99999999986176,constant,
1.0,3738.789,3739.08,1225.5,719.7000122070312,290.9999999997126,constant,
1.0,3739.129,3739.313,835.2999877929688,748.7000122070312,184.00000000019645,constant,
1.0,3739.357,3739.526,1197.4000244140625,864.5999755859375,168.99999999986903,constant,
1.0,3739.539,3739.861,1232.800048828125,889.2000122070312,321.99999999966167,constant,
1.0,3739.911,3740.072,848.2000122070312,903.0999755859375,161.0000000000582,constant,
1.0,3740.085,3740.394,814.5999755859375,914.7000122070312,308.9999999997417,constant,
1.0,3740.405,3740.81,786.0999755859375,918.4000244140625,404.99999999974534,constant,
1.0,3740.856,3741.395,531.2999877929688,832.5999755859375,538.9999999997599,constant,
1.0,3741.634,3741.878,614.5999755859375,394.29998779296875,244.00000000014188,constant,
1.0,3741.89,3742.229,637.9000244140625,364.20001220703125,338.9999999999418,constant,
1.0,3742.422,3742.555,530.4000244140625,348.70001220703125,132.99999999981083,constant,
1.0,3742.605,3742.981,246.5,260.20001220703125,376.0000000002037,constant,
1.0,3743.019,3743.335,250.60000610351562,520.7000122070312,316.0000000002583,constant,
1.0,3743.376,3743.708,171.6999969482422,213.3000030517578,331.99999999987995,constant,
1.0,3743.717,3745.621,834.5,541.0999755859375,1903.9999999999964,,
1.0,3745.711,3745.955,1054.4000244140625,520.5,244.00000000014188,constant,
1.0,3746.007,3746.121,598.0999755859375,522.7000122070312,114.00000000003274,constant,
1.0,3746.292,3746.477,1357.300048828125,709.0999755859375,184.99999999994543,constant,
1.0,3746.501,3746.71,1505.699951171875,708.5999755859375,208.99999999983265,constant,
1.0,3746.763,3746.959,1071.699951171875,456.29998779296875,195.9999999999127,constant,
1.0,3747.013,3747.192,585.0,396.0,179.0000000000873,constant,
1.0,3747.263,3747.494,348.6000061035156,771.5999755859375,231.00000000022192,constant,
1.0,3747.699,3747.899,749.5,466.6000061035156,199.9999999998181,constant,
1.0,3747.932,3748.209,601.5999755859375,359.29998779296875,277.00000000004366,constant,
1.0,3748.236,3748.422,444.29998779296875,377.3999938964844,186.00000000014916,constant,
1.0,3748.444,3748.578,555.7000122070312,350.70001220703125,134.00000000001455,constant,
1.0,3748.599,3748.982,639.9000244140625,331.5,382.9999999998108,constant,
1.0,3749.173,3749.304,854.2000122070312,617.5999755859375,131.00000000031287,constant,
1.0,3749.347,3749.56,633.2999877929688,668.2999877929688,212.99999999973807,constant,
1.0,3749.583,3749.847,552.0999755859375,767.5999755859375,264.0000000001237,constant,
1.0,3749.899,3750.199,1051.5,822.2000122070312,300.0000000001819,constant,
1.0,3750.241,3750.402,1301.5,819.4000244140625,161.0000000000582,constant,
1.0,3750.584,3750.833,1474.300048828125,678.9000244140625,249.00000000025102,constant,
1.0,3750.884,3751.095,1038.5999755859375,503.6000061035156,210.99999999978536,constant,
1.0,3751.132,3751.339,1204.0999755859375,438.20001220703125,206.99999999987995,constant,
1.0,3751.399,3751.593,645.2999877929688,349.1000061035156,193.99999999995998,constant,
1.0,3751.736,3751.958,435.0,406.5,222.00000000020736,constant,
1.0,3751.984,3752.179,318.1000061035156,454.0,195.0000000001637,constant,
1.0,3752.21,3752.35,540.2000122070312,396.20001220703125,139.99999999987267,constant,
1.0,3752.524,3752.884,487.8999938964844,378.29998779296875,360.00000000012733,constant,
1.0,3752.925,3753.136,772.5999755859375,339.29998779296875,210.99999999978536,constant,
1.0,3753.144,3753.247,790.4000244140625,337.6000061035156,103.00000000006548,constant,
1.0,3753.299,3753.519,1206.9000244140625,407.3999938964844,219.9999999997999,constant,
1.0,3753.535,3753.672,1158.5,415.3999938964844,137.00000000017099,constant,
1.0,3753.861,3754.176,607.9000244140625,503.5,315.00000000005457,constant,
1.0,3754.231,3754.567,454.79998779296875,733.2000122070312,335.99999999978536,constant,
1.0,3754.591,3754.8,366.6000061035156,838.7999877929688,209.0000000002874,constant,
1.0,3754.819,3755.111,435.20001220703125,881.5999755859375,291.9999999999163,constant,
1.0,3755.365,3755.614,397.8999938964844,415.3999938964844,249.00000000025102,constant,
1.0,3755.632,3755.865,338.5,426.5,232.99999999971988,constant,
1.0,3755.884,3756.108,298.20001220703125,461.79998779296875,224.00000000016007,constant,
1.0,3756.157,3756.355,624.0999755859375,505.3999938964844,197.9999999998654,constant,
1.0,3756.523,3756.787,779.5999755859375,476.8999938964844,263.99999999966894,constant,
1.0,3756.829,3757.061,637.7000122070312,323.5,231.9999999999709,constant,
1.0,3757.086,3757.301,781.2999877929688,296.3999938964844,215.00000000014552,constant,
1.0,3757.35,3757.538,1202.5999755859375,407.0,188.00000000010186,constant,
1.0,3757.754,3757.878,1131.5,502.5,124.00000000025102,constant,
1.0,3757.913,3758.077,976.0999755859375,556.2999877929688,164.00000000021464,constant,
1.0,3758.129,3758.356,1395.9000244140625,687.7999877929688,227.0000000003165,constant,
1.0,3758.415,3758.671,885.9000244140625,576.9000244140625,255.99999999985812,constant,
1.0,3758.702,3759.173,746.0999755859375,574.5,470.9999999995489,constant,
1.0,3759.395,3759.54,816.4000244140625,569.7999877929688,144.9999999999818,constant,
1.0,3759.579,3759.925,1032.0999755859375,539.9000244140625,346.00000000000364,constant,
1.0,3759.933,3760.14,1061.300048828125,541.7000122070312,206.99999999987995,constant,
1.0,3760.195,3760.605,1524.699951171875,652.0,409.9999999998545,constant,
1.0,3760.656,3760.89,1151.800048828125,434.6000061035156,233.9999999999236,constant,
1.0,3760.947,3761.381,608.7999877929688,390.70001220703125,433.9999999997417,constant,
1.0,3761.402,3761.672,540.0,346.79998779296875,269.9999999999818,constant,
1.0,3761.685,3761.955,501.3999938964844,346.0,269.9999999999818,constant,
1.0,3762.008,3762.24,747.0999755859375,572.4000244140625,231.9999999999709,constant,
1.0,3762.279,3762.616,968.2999877929688,509.5,336.9999999999891,constant,
1.0,3762.661,3762.917,718.0,713.2999877929688,255.99999999985812,constant,
1.0,3763.107,3763.618,792.0999755859375,696.0,510.99999999996726,constant,
1.0,3763.655,3764.177,646.4000244140625,536.0,521.9999999999345,constant,
1.0,3764.389,3764.607,627.5999755859375,540.0,217.9999999998472,constant,
1.0,3764.63,3765.085,739.7999877929688,548.4000244140625,454.99999999992724,constant,
1.0,3765.143,3765.548,319.70001220703125,493.1000061035156,404.99999999974534,constant,
1.0,3765.59,3765.96,577.0999755859375,545.0999755859375,369.99999999989086,constant,
1.0,3766.154,3766.404,622.5,527.5,250.0,constant,
1.0,3766.461,3766.909,1028.5999755859375,720.5,448.00000000032014,constant,
1.0,3766.948,3767.331,1257.800048828125,630.5999755859375,383.0000000002656,constant,
1.0,3767.377,3767.689,919.0999755859375,502.20001220703125,311.99999999989814,constant,
1.0,3767.712,3767.84,823.0,484.79998779296875,128.00000000015643,constant,
1.0,3768.058,3768.303,828.0,463.29998779296875,244.99999999989086,constant,
1.0,3768.352,3768.64,1174.5,579.5999755859375,288.0000000000109,constant,
1.0,3768.897,3769.318,1100.699951171875,670.2000122070312,421.0000000002765,constant,
1.0,3769.372,3769.947,750.5999755859375,689.2999877929688,575.0000000002728,constant,
1.0,3770.0,3770.388,392.29998779296875,723.5,387.99999999991996,constant,
1.0,3770.417,3770.62,305.3999938964844,571.2000122070312,202.99999999997453,constant,
1.0,3770.643,3771.004,280.6000061035156,466.5,360.9999999998763,constant,
1.0,3771.33,3771.525,543.2999877929688,313.3999938964844,195.0000000001637,constant,
1.0,3771.544,3772.137,633.9000244140625,322.79998779296875,593.000000000302,constant,
1.0,3772.161,3772.483,506.70001220703125,341.29998779296875,322.0000000001164,constant,
1.0,3772.552,3772.88,1148.5,429.8999938964844,327.99999999997453,constant,
1.0,3772.919,3773.137,902.7000122070312,472.6000061035156,218.00000000030195,constant,
1.0,3773.204,3773.506,485.8999938964844,633.7999877929688,301.99999999967986,constant,
1.0,3773.533,3773.899,639.7000122070312,727.2999877929688,365.99999999998545,constant,
1.0,3773.967,3774.22,973.0999755859375,759.0999755859375,252.99999999970169,constant,
1.0,3774.281,3774.441,1197.5999755859375,438.3999938964844,159.99999999985448,constant,
1.0,3774.454,3775.364,1154.800048828125,396.29998779296875,909.9999999998545,constant,
1.0,3775.379,3775.575,1203.699951171875,390.6000061035156,195.9999999999127,constant,
1.0,3775.584,3775.866,1236.699951171875,397.8999938964844,282.0000000001528,constant,
1.0,3775.93,3776.167,658.7999877929688,322.70001220703125,237.00000000008004,constant,
1.0,3776.192,3776.35,531.5999755859375,327.6000061035156,157.99999999990177,constant,
1.0,3776.364,3776.858,489.3999938964844,340.0,494.0000000001419,constant,
1.0,3777.113,3777.212,555.0,337.5,99.00000000016007,constant,
1.0,3777.24,3777.504,761.4000244140625,306.70001220703125,264.0000000001237,constant,
1.0,3777.529,3777.845,601.7000122070312,315.5,315.99999999980355,constant,
1.0,3777.855,3778.378,645.4000244140625,311.6000061035156,523.0000000001382,constant,
1.0,3778.44,3779.086,1140.9000244140625,393.3999938964844,645.9999999997308,constant,
1.0,3779.104,3779.42,1204.5,402.20001220703125,316.0000000002583,constant,
1.0,3779.432,3779.853,1246.4000244140625,407.79998779296875,421.0000000002765,constant,
1.0,3779.871,3780.151,1173.699951171875,403.1000061035156,279.99999999974534,constant,
1.0,3780.208,3780.559,743.7999877929688,310.6000061035156,351.0000000001128,constant,
1.0,3780.583,3780.917,615.0,313.8999938964844,333.99999999983265,constant,
1.0,3780.934,3781.257,564.5,320.0,322.9999999998654,constant,
1.0,3781.286,3781.448,372.20001220703125,383.20001220703125,161.9999999998072,constant,
1.0,3781.459,3781.7,352.29998779296875,405.3999938964844,240.99999999998545,constant,
1.0,3781.709,3781.908,330.6000061035156,412.8999938964844,199.00000000006912,constant,
1.0,3782.145,3782.464,633.7999877929688,507.70001220703125,318.99999999996,constant,
1.0,3782.505,3782.82,826.4000244140625,555.5,315.00000000005457,constant,
1.0,3782.85,3783.553,766.4000244140625,710.2000122070312,702.9999999999745,constant,
1.0,3783.609,3783.826,417.1000061035156,819.7000122070312,217.00000000009823,constant,
1.0,3783.903,3784.035,1098.5,460.6000061035156,132.00000000006185,constant,
1.0,3784.055,3784.363,1187.0,411.5,307.9999999999927,constant,
1.0,3784.373,3784.778,1154.699951171875,400.79998779296875,404.99999999974534,constant,
1.0,3784.835,3785.217,718.7999877929688,369.20001220703125,382.00000000006185,constant,
1.0,3785.418,3785.805,895.0999755859375,305.6000061035156,386.99999999971624,constant,
1.0,3785.848,3786.146,646.7999877929688,281.20001220703125,298.0000000002292,constant,
1.0,3786.17,3786.518,564.7999877929688,408.0,347.99999999995634,constant,
1.0,3786.543,3786.859,684.5,522.9000244140625,315.99999999980355,constant,
1.0,3787.037,3787.132,613.7999877929688,652.5999755859375,95.00000000025466,constant,
1.0,3787.362,3787.478,685.9000244140625,674.2000122070312,115.99999999998545,constant,
1.0,3787.505,3787.894,524.0999755859375,763.0,388.99999999966894,constant,
1.0,3787.918,3787.995,420.0,846.0999755859375,76.99999999977081,constant,
1.0,3788.005,3789.038,842.7000122070312,510.6000061035156,1032.9999999999018,,
1.0,3789.142,3789.389,837.5,498.8999938964844,247.00000000029831,active,
1.0,3789.397,3789.817,837.9000244140625,522.5999755859375,420.00000000007276,active,
1.0,3789.832,3790.117,816.0,470.5,285.0000000003092,active,
1.0,3790.255,3790.581,804.2999877929688,623.5,326.0000000000218,active,
1.0,3790.62,3790.82,821.4000244140625,400.8999938964844,200.00000000027285,active,
1.0,3790.868,3791.16,760.9000244140625,604.2999877929688,291.9999999999163,active,
1.0,3791.18,3791.392,841.7000122070312,612.0999755859375,211.9999999999891,active,
1.0,3791.431,3791.55,791.7000122070312,776.5999755859375,119.00000000014188,active,
1.0,3791.6,3791.838,805.4000244140625,389.0,238.00000000028376,active,
1.0,3791.889,3792.16,655.5,632.7999877929688,270.9999999997308,active,
1.0,3792.191,3792.346,834.5,551.2999877929688,155.0000000002001,active,
1.0,3792.379,3792.577,824.0,383.29998779296875,198.00000000032014,active,
1.0,3792.619,3792.779,774.4000244140625,593.7000122070312,159.99999999985448,active,
1.0,3792.895,3792.977,825.7999877929688,380.70001220703125,81.99999999987995,active,
1.0,3793.098,3793.246,326.5,222.3000030517578,148.00000000013824,active,
1.0,3793.307,3793.518,746.2000122070312,604.0,211.0000000002401,active,
1.0,3793.651,3794.305,829.4000244140625,602.0,653.9999999999964,active,
1.0,3794.338,3794.495,769.0,444.20001220703125,156.99999999969805,active,
1.0,3794.517,3794.734,820.4000244140625,512.9000244140625,217.00000000009823,active,
1.0,3794.867,3795.419,810.9000244140625,507.5,551.9999999996799,active,
1.0,3795.435,3795.561,834.0999755859375,538.0999755859375,126.00000000020373,active,
1.0,3795.581,3796.008,894.5,507.20001220703125,426.99999999967986,active,
1.0,3796.047,3796.263,647.7999877929688,494.0,215.9999999998945,active,
1.0,3796.274,3796.4,625.5,499.8999938964844,126.00000000020373,active,
1.0,3796.417,3796.603,674.5999755859375,511.1000061035156,186.00000000014916,active,
1.0,3796.618,3797.016,646.2999877929688,508.29998779296875,398.00000000013824,active,
1.0,3797.226,3797.748,685.5,503.70001220703125,521.9999999999345,active,
1.0,3797.802,3798.104,778.5999755859375,793.7000122070312,301.99999999967986,active,
1.0,3798.144,3798.432,907.7000122070312,600.0,288.0000000000109,active,
1.0,3798.455,3798.752,994.0,650.5999755859375,297.00000000002547,active,
1.0,3798.766,3799.09,1017.9000244140625,623.2000122070312,324.0000000000691,active,
1.0,3799.127,3799.374,770.7999877929688,634.2999877929688,246.99999999984357,active,
1.0,3799.431,3799.589,275.0,590.5999755859375,157.99999999990177,active,
1.0,3799.616,3799.695,182.3000030517578,538.0,79.00000000017826,active,
1.0,3799.783,3800.062,1377.4000244140625,534.2000122070312,278.99999999999636,active,
1.0,3800.086,3800.205,1275.5,536.2000122070312,119.00000000014188,active,
1.0,3800.268,3800.439,761.9000244140625,520.5999755859375,170.99999999982174,active,
1.0,3800.457,3801.378,823.5,522.9000244140625,921.0000000002765,active,
1.0,3801.42,3801.738,585.0999755859375,462.6000061035156,317.99999999975626,active,
1.0,3801.78,3801.988,871.0999755859375,540.7000122070312,207.99999999962893,active,
1.0,3802.029,3802.335,1126.5999755859375,455.3999938964844,306.00000000004,active,
1.0,3802.451,3802.678,1067.5,684.0,226.99999999986176,active,
1.0,3802.742,3802.992,589.5999755859375,766.5,250.0,active,
1.0,3803.062,3803.303,1202.699951171875,815.9000244140625,240.99999999998545,active,
1.0,3803.33,3803.491,1083.9000244140625,792.0999755859375,161.0000000000582,active,
1.0,3803.514,3803.692,1002.7000122070312,845.0999755859375,177.99999999988358,active,
1.0,3803.701,3803.84,991.5999755859375,860.2999877929688,139.0000000001237,active,
1.0,3803.89,3804.119,563.0999755859375,846.9000244140625,229.0000000002692,active,
1.0,3804.142,3804.339,486.70001220703125,872.2999877929688,197.00000000011642,active,
1.0,3804.387,3804.727,693.9000244140625,519.0,339.9999999996908,active,
1.0,3804.778,3805.091,1131.0999755859375,486.5,313.00000000010186,active,
1.0,3805.109,3805.26,1086.4000244140625,477.8999938964844,151.00000000029468,active,
1.0,3805.326,3805.439,1222.9000244140625,782.7000122070312,112.99999999982901,active,
1.0,3805.479,3805.625,983.5,666.5,146.00000000018554,active,
1.0,3805.649,3805.968,958.0,541.2999877929688,318.99999999996,active,
1.0,3805.987,3806.154,1002.7000122070312,491.1000061035156,166.99999999991633,active,
1.0,3806.175,3806.549,929.0999755859375,516.2000122070312,373.9999999997963,active,
1.0,3806.726,3806.919,782.2000122070312,500.20001220703125,192.99999999975626,active,
1.0,3806.941,3807.162,752.4000244140625,430.1000061035156,221.00000000000364,active,
1.0,3807.185,3807.503,842.5999755859375,473.70001220703125,318.000000000211,active,
1.0,3807.546,3807.742,601.9000244140625,558.7000122070312,196.00000000036744,active,
1.0,3807.781,3808.051,764.0,731.2999877929688,269.9999999999818,active,
1.0,3808.074,3808.22,743.5999755859375,803.2999877929688,145.9999999997308,active,
1.0,3808.248,3808.469,790.2000122070312,654.0999755859375,221.00000000000364,active,
1.0,3808.525,3808.838,1339.5999755859375,728.7000122070312,313.00000000010186,active,
1.0,3808.881,3809.157,1442.4000244140625,430.5,276.0000000002947,active,
1.0,3809.243,3809.601,511.1000061035156,318.5,358.0000000001746,active,
1.0,3809.795,3809.931,857.2000122070312,531.2999877929688,135.99999999996726,active,
1.0,3809.945,3810.278,830.7000122070312,518.0,332.9999999996289,active,
1.0,3810.3,3810.565,803.4000244140625,427.0,264.99999999987267,active,
1.0,3810.615,3810.649,1114.5999755859375,475.70001220703125,34.0000000001055,active,
1.0,3810.706,3810.783,727.2999877929688,407.79998779296875,76.99999999977081,active,
1.0,3810.829,3810.94,556.0,390.3999938964844,110.99999999987631,active,
1.0,3810.963,3811.153,636.5999755859375,409.6000061035156,189.99999999959982,active,
1.0,3811.205,3811.499,1169.9000244140625,684.7000122070312,293.99999999986903,active,
1.0,3811.538,3811.896,901.2000122070312,646.0999755859375,358.0000000001746,active,
1.0,3811.946,3812.174,1284.0,795.2999877929688,228.00000000006548,active,
1.0,3812.199,3812.313,1418.0999755859375,811.7999877929688,114.00000000003274,active,
1.0,3812.349,3812.699,1208.699951171875,662.0,349.99999999990905,active,
1.0,3812.739,3813.056,1495.0999755859375,740.5,317.0000000000073,active,
1.0,3813.1,3813.382,1161.300048828125,585.5,282.0000000001528,active,
1.0,3813.404,3813.648,1210.800048828125,625.0999755859375,244.00000000014188,active,
1.0,3813.664,3814.193,1234.199951171875,662.2999877929688,528.9999999999964,active,
1.0,3814.212,3814.422,1202.199951171875,575.2999877929688,210.00000000003638,active,
1.0,3814.441,3814.683,1266.699951171875,509.20001220703125,242.00000000018917,active,
1.0,3814.831,3814.994,757.5999755859375,490.5,163.0000000000109,active,
1.0,3815.011,3815.529,822.7000122070312,499.6000061035156,518.0000000000291,active,
1.0,3815.57,3815.841,555.0,436.6000061035156,270.9999999997308,active,
1.0,3815.923,3816.079,1376.699951171875,472.3999938964844,156.00000000040382,active,
1.0,3816.1,3816.3,1442.199951171875,487.29998779296875,200.00000000027285,active,
1.0,3816.315,3816.569,1448.699951171875,446.3999938964844,253.9999999999054,active,
1.0,3816.593,3816.982,1465.199951171875,560.2000122070312,389.0000000001237,active,
1.0,3816.993,3817.257,1455.0,540.5,264.0000000001237,active,
1.0,3817.274,3817.5,1461.5999755859375,604.7999877929688,226.00000000011278,active,
1.0,3817.523,3818.148,1381.300048828125,591.4000244140625,625.0,active,
1.0,3818.158,3818.259,1375.0999755859375,565.9000244140625,101.00000000011278,active,
1.0,3818.325,3818.464,639.4000244140625,564.5999755859375,139.0000000001237,active,
1.0,3818.488,3818.587,551.7000122070312,570.5,99.00000000016007,active,
1.0,3818.619,3819.01,564.2999877929688,400.29998779296875,391.0000000000764,active,
1.0,3819.029,3819.189,545.0,471.0,159.99999999985448,active,
1.0,3819.244,3819.441,904.2999877929688,903.9000244140625,196.99999999966167,active,
1.0,3819.501,3819.696,767.2999877929688,423.6000061035156,194.99999999970896,active,
1.0,3819.722,3819.872,794.5,504.20001220703125,149.9999999996362,active,
1.0,3819.882,3820.135,822.0999755859375,509.3999938964844,253.00000000015643,active,
1.0,3820.157,3820.467,796.5999755859375,431.1000061035156,309.99999999994543,active,
1.0,3820.495,3820.641,662.2999877929688,425.5,146.00000000018554,active,
1.0,3820.667,3820.993,669.7000122070312,277.20001220703125,326.0000000000218,active,
1.0,3821.035,3821.127,665.0,571.7999877929688,92.00000000009823,active,
1.0,3821.154,3821.308,655.2000122070312,670.9000244140625,153.99999999999636,active,
1.0,3821.455,3821.601,621.4000244140625,491.29998779296875,146.00000000018554,active,
1.0,3821.621,3821.773,659.0,416.6000061035156,152.00000000004366,active,
1.0,3821.831,3822.074,194.10000610351562,342.20001220703125,242.99999999993815,active,
1.0,3822.263,3822.475,699.5999755859375,257.70001220703125,211.9999999999891,active,
1.0,3822.501,3822.954,621.5,257.79998779296875,452.99999999997453,active,
1.0,3823.011,3823.211,681.7999877929688,633.7000122070312,199.9999999998181,active,
1.0,3823.232,3823.474,674.7999877929688,716.0999755859375,242.00000000018917,active,
1.0,3823.519,3823.753,562.4000244140625,464.1000061035156,234.00000000037835,active,
1.0,3823.773,3823.928,628.2999877929688,413.29998779296875,154.99999999974534,active,
1.0,3823.95,3824.479,686.2999877929688,324.29998779296875,528.9999999999964,active,
1.0,3824.637,3824.719,870.0999755859375,510.20001220703125,81.99999999987995,active,
1.0,3824.733,3825.317,847.0,514.2000122070312,583.9999999998327,active,
1.0,3825.342,3825.664,731.7000122070312,543.0999755859375,322.0000000001164,active,
1.0,3825.701,3825.998,876.7999877929688,383.8999938964844,297.00000000002547,active,
1.0,3826.033,3826.427,972.7000122070312,602.0,394.00000000023283,active,
1.0,3826.47,3826.621,789.2999877929688,524.4000244140625,151.00000000029468,active,
1.0,3826.741,3827.253,716.2000122070312,523.7000122070312,512.000000000171,active,
1.0,3827.438,3827.834,832.2999877929688,494.5,395.9999999997308,active,
1.0,3827.85,3827.952,799.5999755859375,460.70001220703125,102.0000000003165,active,
1.0,3827.994,3828.122,499.20001220703125,449.0,127.99999999970169,active,
1.0,3828.143,3828.271,471.8999938964844,486.29998779296875,128.00000000015643,active,
1.0,3828.324,3828.566,638.0999755859375,685.5999755859375,241.99999999973443,active,
1.0,3828.608,3828.852,473.5,526.5999755859375,243.99999999968713,active,
1.0,3829.027,3829.493,522.9000244140625,625.7999877929688,465.9999999998945,active,
1.0,3829.514,3829.758,472.1000061035156,640.7000122070312,243.99999999968713,active,
1.0,3829.903,3830.102,615.0999755859375,659.5,199.00000000006912,active,
1.0,3830.14,3830.424,502.6000061035156,575.0,284.0000000001055,active,
1.0,3830.608,3830.812,517.0,620.7000122070312,203.9999999997235,active,
1.0,3830.828,3830.939,505.79998779296875,649.9000244140625,110.99999999987631,active,
1.0,3830.973,3831.366,686.0999755859375,676.2999877929688,393.0000000000291,active,
1.0,3831.401,3831.602,501.6000061035156,571.7000122070312,201.00000000002183,active,
1.0,3831.624,3831.876,545.5,632.5,252.00000000040745,active,
1.0,3831.899,3832.128,490.8999938964844,506.20001220703125,229.0000000002692,active,
1.0,3832.184,3832.626,1010.7999877929688,317.79998779296875,442.0000000000073,active,
1.0,3832.685,3832.988,731.7999877929688,665.2000122070312,302.9999999998836,active,
1.0,3833.034,3833.276,468.79998779296875,529.5,241.99999999973443,active,
1.0,3833.303,3833.571,418.8999938964844,373.20001220703125,268.0000000000291,active,
1.0,3833.622,3834.172,855.2999877929688,516.4000244140625,550.0000000001819,,
1.0,3834.337,3835.084,844.0999755859375,519.2000122070312,746.9999999998436,active,
1.0,3835.103,3835.269,784.0999755859375,481.3999938964844,165.9999999997126,active,
1.0,3835.277,3835.716,763.5,460.3999938964844,438.99999999985084,active,
1.0,3835.769,3836.008,763.2999877929688,768.0999755859375,239.00000000003274,active,
1.0,3836.046,3836.249,970.7999877929688,493.8999938964844,202.99999999997453,active,
1.0,3836.306,3836.48,1386.4000244140625,425.29998779296875,173.99999999997817,active,
1.0,3836.539,3836.682,731.9000244140625,522.4000244140625,142.99999999957436,active,
1.0,3836.699,3837.053,760.7999877929688,461.5,353.99999999981446,active,
1.0,3837.079,3837.281,749.5,607.0999755859375,201.9999999997708,active,
1.0,3837.434,3837.824,806.7999877929688,639.0999755859375,389.99999999987267,active,
1.0,3837.87,3838.143,881.4000244140625,906.9000244140625,273.00000000013824,active,
1.0,3838.188,3838.355,1186.5,906.5,166.99999999991633,active,
1.0,3838.411,3838.618,585.7000122070312,882.0,206.99999999987995,active,
1.0,3838.671,3838.929,367.3999938964844,448.6000061035156,258.0000000002656,active,
1.0,3838.971,3839.139,327.79998779296875,260.5,168.00000000012005,active,
1.0,3839.177,3839.403,79.69999694824219,408.70001220703125,225.99999999965803,active,
1.0,3839.624,3839.793,841.7000122070312,514.9000244140625,169.00000000032378,active,
1.0,3839.801,3840.171,828.5,515.5,369.99999999989086,active,
1.0,3840.191,3840.344,762.0,471.29998779296875,153.00000000024738,active,
1.0,3840.382,3840.667,605.9000244140625,316.20001220703125,284.9999999998545,active,
1.0,3840.683,3841.132,634.7999877929688,312.20001220703125,449.0000000000691,active,
1.0,3841.196,3841.495,1006.9000244140625,799.2000122070312,298.9999999999782,active,
1.0,3841.518,3841.759,1065.800048828125,659.9000244140625,240.99999999998545,active,
1.0,3841.801,3841.987,913.7000122070312,859.7999877929688,186.00000000014916,active,
1.0,3842.033,3842.356,606.7999877929688,683.2999877929688,323.00000000032014,active,
1.0,3842.404,3842.573,887.7999877929688,834.4000244140625,168.99999999986903,active,
1.0,3842.598,3842.776,792.0,896.7000122070312,177.99999999988358,active,
1.0,3842.827,3843.073,367.8999938964844,848.0,245.99999999963984,active,
1.0,3843.096,3843.523,486.1000061035156,754.0999755859375,427.0000000001346,active,
1.0,3843.587,3844.04,211.10000610351562,875.2999877929688,452.99999999997453,active,
1.0,3844.132,3844.267,1284.300048828125,583.7000122070312,134.99999999976353,active,
1.0,3844.313,3844.649,1305.800048828125,269.0,335.99999999978536,active,
1.0,3844.69,3845.199,1033.699951171875,252.6999969482422,509.00000000001455,active,
1.0,3845.237,3845.357,828.2000122070312,355.0,119.99999999989086,active,
1.0,3845.403,3846.333,627.9000244140625,311.70001220703125,930.000000000291,active,
1.0,3846.399,3846.66,1018.2999877929688,708.0999755859375,260.99999999996726,active,
1.0,3846.685,3846.923,1056.800048828125,596.2000122070312,237.99999999982901,active,
1.0,3846.946,3847.058,945.0999755859375,556.4000244140625,112.00000000008004,active,
1.0,3847.216,3847.455,617.7999877929688,605.5999755859375,239.00000000003274,active,
1.0,3847.504,3847.725,855.9000244140625,856.7000122070312,221.00000000000364,active,
1.0,3847.76,3848.063,1001.9000244140625,935.9000244140625,302.9999999998836,active,
1.0,3848.087,3848.224,888.9000244140625,914.9000244140625,137.00000000017099,active,
1.0,3848.357,3848.466,824.9000244140625,876.0999755859375,108.9999999999236,active,
1.0,3848.506,3848.853,554.7999877929688,917.2000122070312,347.00000000020736,active,
1.0,3848.9,3849.019,234.10000610351562,877.5,118.99999999968713,active,
1.0,3849.077,3849.547,238.1999969482422,393.5,469.9999999997999,active,
1.0,3849.624,3849.727,894.9000244140625,511.1000061035156,103.00000000006548,active,
1.0,3849.749,3850.083,826.5,520.0,334.0000000002874,active,
1.0,3850.106,3850.613,811.4000244140625,429.20001220703125,506.9999999996071,active,
1.0,3850.621,3851.242,810.2999877929688,435.6000061035156,621.0000000000946,active,
1.0,3851.302,3851.584,290.20001220703125,492.3999938964844,281.99999999969805,active,
1.0,3851.607,3851.767,203.5,568.2000122070312,159.99999999985448,active,
1.0,3851.845,3852.09,1022.0999755859375,881.7000122070312,245.0000000003456,active,
1.0,3852.129,3852.522,1224.0999755859375,831.7999877929688,393.0000000000291,active,
1.0,3852.547,3853.043,1085.4000244140625,850.2000122070312,496.0000000000946,active,
1.0,3853.257,3853.374,1105.9000244140625,833.0,116.99999999973443,active,
1.0,3853.384,3853.666,1124.300048828125,870.5,282.0000000001528,active,
1.0,3853.684,3853.901,1072.4000244140625,876.7999877929688,216.99999999964348,active,
1.0,3853.91,3853.981,1093.5999755859375,871.7000122070312,71.00000000036744,active,
1.0,3854.22,3854.486,889.5999755859375,816.2000122070312,266.0000000000764,active,
1.0,3854.51,3854.66,768.0,842.0999755859375,149.9999999996362,active,
1.0,3854.687,3854.829,693.0,676.5,142.00000000028012,active,
1.0,3854.849,3854.913,748.0,607.5999755859375,63.99999999985084,active,
1.0,3854.948,3855.746,803.5999755859375,435.6000061035156,798.0000000002292,active,
1.0,3855.771,3856.013,742.5999755859375,575.7999877929688,241.99999999973443,active,
1.0,3856.037,3856.35,763.7999877929688,663.2000122070312,313.00000000010186,active,
1.0,3856.367,3856.83,733.5999755859375,615.0,462.99999999973807,active,
1.0,3856.849,3856.948,704.4000244140625,664.5,98.99999999970532,active,
1.0,3857.002,3857.091,1043.300048828125,673.9000244140625,88.99999999994179,active,
1.0,3857.128,3857.608,908.5,535.4000244140625,480.0000000000182,active,
1.0,3857.626,3857.841,954.5999755859375,555.9000244140625,214.99999999969077,active,
1.0,3857.864,3858.075,894.7999877929688,491.29998779296875,210.99999999978536,active,
1.0,3858.098,3858.578,828.5999755859375,453.29998779296875,480.0000000000182,active,
1.0,3858.645,3858.871,1454.800048828125,503.1000061035156,226.00000000011278,active,
1.0,3858.922,3859.001,1562.5999755859375,608.5999755859375,79.00000000017826,active,
1.0,3859.032,3859.252,1451.0,692.5,219.9999999997999,active,
1.0,3859.274,3859.403,1518.800048828125,754.5,128.9999999999054,active,
1.0,3859.463,3859.84,1342.800048828125,274.8999938964844,376.9999999999527,active,
1.0,3860.077,3860.512,818.7000122070312,507.0,434.99999999994543,active,
1.0,3860.531,3860.759,894.4000244140625,479.70001220703125,228.00000000006548,active,
1.0,3860.781,3860.98,833.0999755859375,521.4000244140625,199.00000000006912,active,
1.0,3861.026,3861.31,548.5999755859375,526.0999755859375,284.0000000001055,active,
1.0,3861.336,3861.599,445.6000061035156,586.0999755859375,263.0000000003747,active,
1.0,3861.649,3861.836,890.4000244140625,576.4000244140625,186.99999999989814,active,
1.0,3861.859,3862.14,905.0,477.79998779296875,280.99999999994907,active,
1.0,3862.189,3862.315,584.5,488.3999938964844,126.00000000020373,active,
1.0,3862.453,3862.631,615.2000122070312,558.4000244140625,177.99999999988358,active,
1.0,3862.675,3862.997,947.5999755859375,646.5999755859375,321.99999999966167,active,
1.0,3863.023,3863.277,836.5999755859375,803.9000244140625,253.9999999999054,active,
1.0,3863.327,3863.48,518.2000122070312,843.0,152.99999999979264,active,
1.0,3863.527,3863.853,420.1000061035156,572.5,326.0000000000218,active,
1.0,3864.024,3864.232,874.9000244140625,261.3999938964844,208.00000000008367,active,
1.0,3864.25,3864.426,917.0,192.10000610351562,175.99999999993088,active,
1.0,3864.46,3864.717,1039.699951171875,414.3999938964844,257.00000000006185,active,
1.0,3864.767,3864.946,1458.300048828125,478.5,179.0000000000873,active,
1.0,3864.96,3865.327,1494.199951171875,480.0,367.0000000001892,active,
1.0,3865.416,3865.822,508.79998779296875,576.0999755859375,405.99999999994907,active,
1.0,3865.867,3866.305,766.2000122070312,425.70001220703125,437.9999999996471,active,
1.0,3866.35,3866.71,484.1000061035156,513.5,360.00000000012733,active,
1.0,3866.735,3867.112,603.7000122070312,397.6000061035156,376.9999999999527,active,
1.0,3867.244,3867.356,771.0999755859375,513.7000122070312,112.00000000008004,active,
1.0,3867.37,3867.761,813.0,515.2000122070312,391.0000000000764,active,
1.0,3867.77,3868.148,825.7000122070312,480.6000061035156,378.00000000015643,active,
1.0,3868.186,3868.321,1089.5999755859375,507.70001220703125,134.99999999976353,active,
1.0,3868.334,3868.765,1138.199951171875,545.5999755859375,431.00000000004,active,
1.0,3868.828,3869.068,501.6000061035156,490.5,240.00000000023647,active,
1.0,3869.089,3869.622,455.29998779296875,446.70001220703125,532.9999999999018,active,
1.0,3869.689,3869.917,1178.5,651.7999877929688,228.00000000006548,active,
1.0,3869.952,3870.32,1358.5999755859375,710.5999755859375,367.99999999993815,active,
1.0,3870.369,3870.682,1327.0999755859375,407.0,312.9999999996471,active,
1.0,3870.709,3870.946,1143.699951171875,462.70001220703125,237.00000000008004,active,
1.0,3871.018,3871.637,492.79998779296875,475.79998779296875,619.0000000001419,active,
1.0,3871.852,3871.903,767.9000244140625,478.0,50.99999999993088,active,
1.0,3871.923,3872.581,835.9000244140625,513.2999877929688,658.0000000003565,active,
1.0,3872.621,3872.816,1050.4000244140625,446.70001220703125,194.99999999970896,active,
1.0,3872.865,3873.218,624.7000122070312,499.29998779296875,353.0000000000655,active,
1.0,3873.246,3873.448,669.5,313.8999938964844,201.9999999997708,active,
1.0,3873.58,3873.798,551.7000122070312,303.1000061035156,217.9999999998472,active,
1.0,3873.835,3874.182,322.0,256.79998779296875,346.9999999997526,active,
1.0,3874.202,3874.498,395.0,245.60000610351562,295.99999999982174,active,
1.0,3874.573,3874.959,1066.5,443.0,385.99999999996726,active,
1.0,3874.976,3875.161,1118.5,476.1000061035156,184.99999999994543,active,
1.0,3875.27,3875.439,1093.699951171875,489.70001220703125,168.99999999986903,active,
1.0,3875.5,3875.758,553.5999755859375,714.7000122070312,257.9999999998108,active,
1.0,3875.785,3876.072,729.5999755859375,678.2000122070312,287.00000000026193,active,
1.0,3876.25,3876.455,925.4000244140625,554.5999755859375,204.99999999992724,active,
1.0,3876.498,3876.88,621.5,494.29998779296875,382.00000000006185,active,
1.0,3876.936,3877.151,1152.5999755859375,750.5999755859375,214.99999999969077,active,
1.0,3877.178,3877.479,1313.0,762.7999877929688,300.9999999999309,active,
1.0,3877.519,3877.705,999.0999755859375,811.5999755859375,186.00000000014916,active,
1.0,3877.755,3878.075,887.5,470.70001220703125,319.99999999970896,active,
1.0,3878.117,3878.389,587.5,496.6000061035156,271.9999999999345,active,
1.0,3878.552,3878.628,660.7000122070312,460.3999938964844,76.00000000002183,active,
1.0,3878.654,3879.178,826.5,503.29998779296875,523.9999999998872,active,
1.0,3879.195,3879.335,778.4000244140625,474.20001220703125,139.99999999987267,active,
1.0,3879.362,3879.669,655.2999877929688,613.4000244140625,306.999999999789,active,
1.0,3879.705,3879.991,814.7999877929688,524.2000122070312,286.0000000000582,active,
1.0,3879.999,3880.421,796.2999877929688,514.2999877929688,422.00000000002547,active,
1.0,3880.432,3880.722,793.7000122070312,478.1000061035156,290.00000000041837,active,
1.0,3880.773,3880.962,1074.4000244140625,754.0999755859375,188.99999999985084,active,
1.0,3881.005,3881.3,737.4000244140625,831.4000244140625,295.00000000007276,active,
1.0,3881.324,3881.531,548.0,821.2999877929688,206.99999999987995,active,
1.0,3881.549,3881.751,482.3999938964844,878.2000122070312,202.00000000022555,active,
1.0,3881.906,3882.083,181.1999969482422,676.4000244140625,177.0000000001346,active,
1.0,3882.106,3882.382,196.60000610351562,575.5,275.99999999983993,active,
1.0,3882.399,3882.553,143.0,569.5999755859375,153.99999999999636,active,
1.0,3882.616,3882.842,757.5999755859375,550.0999755859375,226.00000000011278,active,
1.0,3882.857,3883.144,797.0999755859375,545.5999755859375,286.9999999998072,active,
1.0,3883.169,3883.786,806.9000244140625,458.29998779296875,617.0000000001892,active,
1.0,3883.794,3884.014,815.5999755859375,444.29998779296875,220.00000000025466,active,
1.0,3884.062,3884.304,1231.0999755859375,602.5,242.00000000018917,active,
1.0,3884.326,3884.446,1143.0,578.7000122070312,119.99999999989086,active,
1.0,3884.597,3884.863,1512.4000244140625,628.7999877929688,265.99999999962165,active,
1.0,3884.891,3885.087,1537.9000244140625,756.7999877929688,195.9999999999127,active,
1.0,3885.108,3885.301,1455.0,807.9000244140625,192.99999999975626,active,
1.0,3885.319,3885.443,1470.9000244140625,856.9000244140625,124.00000000025102,active,
1.0,3885.531,3885.848,432.3999938964844,835.7999877929688,317.0000000000073,active,
1.0,3885.887,3886.043,367.8999938964844,522.7000122070312,155.99999999994907,active,
1.0,3886.089,3887.08,808.5999755859375,488.8999938964844,990.9999999999854,active,
1.0,3887.126,3887.332,453.20001220703125,484.5,205.99999999967622,active,
1.0,3887.359,3887.547,515.0,328.8999938964844,188.00000000010186,active,
1.0,3887.608,3887.892,1089.4000244140625,659.7999877929688,283.99999999965075,active,
1.0,3887.96,3888.239,386.8999938964844,789.0999755859375,278.99999999999636,active,
1.0,3888.325,3888.392,88.0,936.7999877929688,67.00000000000728,active,
1.0,3888.434,3888.687,74.19999694824219,939.2000122070312,252.99999999970169,active,
1.0,3888.702,3889.002,67.69999694824219,957.4000244140625,299.99999999972715,active,
1.0,3889.038,3889.063,52.400001525878906,940.2999877929688,25.00000000009095,active,
1.0,3889.121,3889.244,123.4000015258789,977.2000122070312,123.0000000000473,active,
1.0,3889.319,3889.497,822.9000244140625,369.20001220703125,177.99999999988358,active,
1.0,3889.547,3889.737,1232.5,521.4000244140625,190.00000000005457,active,
1.0,3889.803,3890.067,540.0999755859375,453.5,264.0000000001237,active,
1.0,3890.298,3890.426,801.2999877929688,541.9000244140625,128.00000000015643,active,
1.0,3890.435,3891.015,828.7999877929688,522.2999877929688,579.9999999999272,active,
1.0,3891.073,3891.212,401.6000061035156,546.4000244140625,139.0000000001237,active,
1.0,3891.254,3891.432,668.0999755859375,552.2999877929688,177.99999999988358,active,
1.0,3891.455,3891.613,738.0999755859375,544.0,157.99999999990177,active,
1.0,3891.666,3891.972,825.2000122070312,867.2999877929688,306.00000000004,active,
1.0,3892.019,3892.176,747.0,537.4000244140625,157.0000000001528,active,
1.0,3892.237,3892.459,1343.199951171875,547.0999755859375,221.99999999975262,active,
1.0,3892.484,3892.648,1498.0,524.2999877929688,164.00000000021464,active,
1.0,3892.706,3893.091,958.7999877929688,258.5,384.99999999976353,active,
1.0,3893.154,3893.42,690.9000244140625,619.0,266.0000000000764,active,
1.0,3893.481,3893.775,1180.199951171875,787.7999877929688,293.99999999986903,active,
1.0,3893.828,3894.04,843.9000244140625,506.70001220703125,211.9999999999891,active,
1.0,3894.047,3894.327,829.9000244140625,503.29998779296875,280.0000000002001,active,
1.0,3894.335,3894.895,822.2000122070312,512.7000122070312,559.9999999999454,active,
1.0,3894.92,3895.129,933.0,448.29998779296875,208.99999999983265,active,
1.0,3895.17,3895.494,645.2999877929688,492.20001220703125,324.0000000000691,active,
1.0,3895.522,3895.665,530.2000122070312,360.70001220703125,143.0000000000291,active,
1.0,3895.717,3895.953,984.4000244140625,429.8999938964844,235.9999999998763,active,
1.0,3896.007,3896.269,1411.5,545.2000122070312,261.99999999971624,active,
1.0,3896.336,3896.635,684.9000244140625,423.5,299.0000000004329,active,
1.0,3896.786,3896.889,814.4000244140625,550.5999755859375,103.00000000006548,active,
1.0,3896.9,3897.599,819.7999877929688,525.0999755859375,699.0000000000691,active,
1.0,3897.616,3897.767,804.0999755859375,455.20001220703125,150.99999999983993,active,
1.0,3897.811,3898.076,763.5,231.1999969482422,264.99999999987267,active,
1.0,3898.134,3898.381,1307.0,539.2000122070312,246.99999999984357,active,
1.0,3898.417,3898.581,1139.4000244140625,664.7999877929688,164.00000000021464,active,
1.0,3898.642,3898.896,709.5,618.4000244140625,254.00000000036016,active,
1.0,3898.914,3899.111,688.4000244140625,567.7000122070312,196.99999999966167,active,
1.0,3899.175,3899.353,799.2999877929688,904.2000122070312,177.99999999988358,active,
1.0,3899.406,3899.57,719.5999755859375,542.5,164.00000000021464,active,
1.0,3899.819,3900.493,823.4000244140625,504.5,673.9999999999782,active,
1.0,3900.534,3900.722,623.0999755859375,435.20001220703125,188.00000000010186,active,
1.0,3900.759,3900.883,835.4000244140625,404.5,123.99999999979627,active,
1.0,3900.905,3900.984,894.0,403.6000061035156,78.99999999972351,active,
1.0,3901.011,3901.399,768.2999877929688,456.70001220703125,387.99999999991996,active,
1.0,3901.459,3901.61,260.3999938964844,330.29998779296875,151.00000000029468,active,
1.0,3901.72,3901.924,1428.300048828125,553.0,204.00000000017826,active,
1.0,3901.996,3902.253,924.7000122070312,782.4000244140625,257.00000000006185,active,
1.0,3902.416,3902.507,774.5,476.70001220703125,90.9999999998945,active,
1.0,3902.528,3903.005,828.2000122070312,504.5,477.0000000003165,active,
1.0,3903.039,3903.267,1045.9000244140625,446.5,227.99999999961074,active,
1.0,3903.275,3903.455,1036.699951171875,450.8999938964844,179.9999999998363,active,
1.0,3903.481,3903.926,1066.300048828125,350.1000061035156,444.99999999970896,active,
1.0,3903.988,3904.1,546.9000244140625,206.5,112.00000000008004,active,
1.0,3904.168,3904.696,1011.0999755859375,646.7999877929688,527.9999999997926,active,
1.0,3904.738,3904.922,774.0999755859375,472.0,184.00000000019645,active,
1.0,3904.943,3905.852,840.2000122070312,497.79998779296875,908.9999999996508,active,
1.0,3905.895,3906.097,868.7000122070312,270.1000061035156,202.00000000022555,active,
1.0,3906.145,3906.434,1263.0,263.29998779296875,289.00000000021464,active,
1.0,3906.445,3906.684,1271.0999755859375,231.0,239.00000000003274,active,
1.0,3906.703,3907.055,1286.699951171875,301.3999938964844,351.99999999986176,active,
1.0,3907.167,3907.288,1238.800048828125,280.6000061035156,121.00000000009459,active,
1.0,3907.312,3907.574,1242.9000244140625,364.0,262.000000000171,active,
1.0,3907.587,3907.723,1295.0999755859375,353.6000061035156,135.99999999996726,active,
1.0,3907.739,3907.814,1291.9000244140625,299.20001220703125,74.9999999998181,active,
1.0,3907.865,3908.077,819.0999755859375,247.6999969482422,212.00000000044383,active,
1.0,3908.092,3908.247,782.7000122070312,217.8000030517578,154.99999999974534,active,
1.0,3908.269,3908.513,849.4000244140625,220.6999969482422,244.00000000014188,active,
1.0,3908.525,3908.757,855.2000122070312,249.3000030517578,231.9999999999709,active,
1.0,3908.779,3909.145,765.2999877929688,237.39999389648438,365.99999999998545,active,
1.0,3909.167,3909.551,870.7000122070312,242.10000610351562,384.00000000001455,active,
1.0,3909.574,3909.671,793.2000122070312,251.1999969482422,96.99999999975262,active,
1.0,3909.681,3909.847,811.4000244140625,271.70001220703125,166.00000000016735,active,
1.0,3909.858,3910.11,798.5,251.89999389648438,251.9999999999527,active,
1.0,3910.117,3910.311,786.0,253.8000030517578,193.99999999995998,active,
1.0,3910.334,3910.536,909.9000244140625,260.3999938964844,202.00000000022555,active,
1.0,3910.65,3910.986,842.4000244140625,217.6999969482422,335.99999999978536,active,
1.0,3911.001,3911.216,862.5,255.3000030517578,214.99999999969077,active,
1.0,3911.235,3911.466,797.0,245.89999389648438,230.99999999976717,active,
1.0,3911.488,3911.654,870.0999755859375,245.5,166.00000000016735,active,
1.0,3911.663,3911.761,851.4000244140625,246.0,97.99999999995634,active,
1.0,3911.771,3911.971,844.9000244140625,277.6000061035156,199.9999999998181,active,
1.0,3911.992,3912.287,780.2000122070312,277.20001220703125,294.999999999618,active,
1.0,3912.307,3912.583,864.2999877929688,253.1999969482422,276.0000000002947,active,
1.0,3912.601,3912.849,916.2999877929688,255.39999389648438,248.0000000000473,active,
1.0,3912.875,3913.218,815.9000244140625,249.6999969482422,342.9999999998472,active,
1.0,3913.349,3913.394,775.7999877929688,239.5,44.99999999961801,active,
1.0,3913.419,3913.632,892.0,250.3000030517578,213.0000000001928,active,
1.0,3913.642,3913.853,864.0999755859375,253.6999969482422,211.0000000002401,active,
1.0,3913.87,3914.091,913.7000122070312,256.5,221.00000000000364,active,
1.0,3914.126,3914.401,781.7999877929688,280.0,274.9999999996362,active,
1.0,3914.423,3914.655,897.0999755859375,274.6000061035156,232.00000000042564,active,
1.0,3914.678,3914.762,832.0,281.5,84.0000000002874,active,
1.0,3914.775,3914.939,822.2000122070312,308.6000061035156,163.9999999997599,active,
1.0,3914.961,3915.181,777.4000244140625,297.29998779296875,220.00000000025466,active,
1.0,3915.192,3915.35,804.5999755859375,294.20001220703125,157.99999999990177,active,
1.0,3915.365,3915.568,831.5,292.1000061035156,203.00000000042928,active,
1.0,3915.575,3915.768,814.5,290.70001220703125,193.000000000211,active,
1.0,3915.787,3916.075,873.7999877929688,287.5,288.0000000000109,active,
1.0,3916.09,3916.267,915.2000122070312,288.6000061035156,176.99999999967986,active,
1.0,3916.289,3916.622,858.0999755859375,282.20001220703125,332.9999999996289,active,
1.0,3916.74,3917.016,784.0999755859375,298.3999938964844,276.0000000002947,active,
1.0,3917.037,3917.339,891.2999877929688,303.6000061035156,302.0000000001346,active,
1.0,3917.353,3917.565,855.5999755859375,304.0,211.9999999999891,active,
1.0,3917.712,3917.865,828.7000122070312,326.20001220703125,152.99999999979264,active,
1.0,3917.883,3918.152,787.4000244140625,326.29998779296875,269.00000000023283,active,
1.0,3918.174,3918.536,910.5,337.20001220703125,362.00000000008004,active,
1.0,3918.559,3918.74,841.7999877929688,324.5,180.99999999958527,active,
1.0,3918.758,3918.925,798.7000122070312,345.8999938964844,167.00000000037107,active,
1.0,3918.942,3919.48,759.7000122070312,337.3999938964844,538.0000000000109,active,
1.0,3919.53,3919.725,1005.2999877929688,430.79998779296875,194.99999999970896,active,
1.0,3919.775,3919.966,1365.800048828125,380.20001220703125,190.99999999980355,active,
1.0,3920.003,3920.135,1613.699951171875,372.3999938964844,132.00000000006185,active,
1.0,3920.293,3920.396,874.2000122070312,337.29998779296875,103.00000000006548,active,
1.0,3920.42,3920.986,765.4000244140625,336.6000061035156,565.9999999998035,active,
1.0,3920.999,3921.28,741.2999877929688,331.70001220703125,281.0000000004038,active,
1.0,3921.298,3921.609,791.7000122070312,331.20001220703125,311.00000000014916,active,
1.0,3921.616,3921.908,779.0999755859375,332.8999938964844,291.9999999999163,active,
1.0,3921.925,3922.48,835.7999877929688,334.1000061035156,554.9999999998363,active,
1.0,3922.489,3922.733,849.5,335.6000061035156,244.00000000014188,active,
1.0,3922.749,3923.876,885.4000244140625,340.20001220703125,1127.0000000004075,active,
1.0,3923.895,3924.194,935.9000244140625,348.1000061035156,298.9999999999782,active,
1.0,3924.335,3924.367,851.9000244140625,352.20001220703125,32.000000000152795,active,
1.0,3924.429,3924.719,544.7000122070312,383.0,289.9999999999636,active,
1.0,3924.77,3924.871,761.9000244140625,430.6000061035156,101.00000000011278,active,
1.0,3924.897,3925.303,839.4000244140625,518.4000244140625,405.99999999994907,active,
1.0,3925.327,3925.884,886.5999755859375,404.0,556.999999999789,active,
1.0,3925.899,3925.972,882.5999755859375,357.5,73.00000000032014,active,
1.0,3926.108,3926.419,865.0,328.0,310.9999999996944,active,
1.0,3926.473,3926.705,432.79998779296875,317.8999938964844,231.9999999999709,active,
1.0,3926.768,3926.882,766.9000244140625,669.7999877929688,114.00000000003274,active,
1.0,3927.061,3927.301,853.7000122070312,752.4000244140625,239.99999999978172,active,
1.0,3927.36,3927.689,376.5,552.5999755859375,328.9999999997235,active,
1.0,3927.713,3927.933,446.1000061035156,458.0,219.9999999997999,active,
1.0,3927.982,3928.361,866.7999877929688,345.5,378.9999999999054,active,
1.0,3928.426,3928.749,1178.5,728.5999755859375,322.9999999998654,active,
1.0,3928.796,3929.117,1321.300048828125,381.1000061035156,321.00000000036744,active,
1.0,3929.13,3929.326,1360.5,368.5,195.9999999999127,active,
1.0,3929.461,3929.892,793.0999755859375,443.29998779296875,431.00000000004,active,
1.0,3929.915,3930.306,880.7999877929688,422.5,391.0000000000764,active,
1.0,3930.35,3930.622,576.5,367.6000061035156,271.9999999999345,active,
1.0,3930.638,3930.971,564.0,402.5,333.0000000000837,active,
1.0,3930.987,3931.19,624.5,415.8999938964844,202.99999999997453,active,
1.0,3931.24,3931.436,1038.699951171875,517.7000122070312,196.00000000036744,active,
1.0,3931.606,3931.86,1125.4000244140625,467.8999938964844,253.9999999999054,active,
1.0,3931.911,3932.179,778.5,353.20001220703125,268.0000000000291,active,
1.0,3932.328,3932.742,563.5999755859375,377.70001220703125,414.00000000021464,active,
1.0,3932.788,3933.084,944.5999755859375,568.2000122070312,295.99999999982174,active,
1.0,3933.121,3933.418,821.0,364.8999938964844,297.00000000002547,active,
1.0,3933.585,3933.798,831.4000244140625,492.5,212.99999999973807,active,
1.0,3933.822,3934.212,803.4000244140625,394.8999938964844,389.99999999987267,active,
1.0,3934.234,3934.423,899.2999877929688,430.8999938964844,188.99999999985084,active,
1.0,3934.47,3934.826,575.9000244140625,498.3999938964844,356.0000000002219,active,
1.0,3934.878,3935.101,1043.9000244140625,608.2999877929688,222.99999999995634,active,
1.0,3935.143,3935.41,969.2999877929688,319.1000061035156,266.9999999998254,active,
1.0,3935.463,3935.554,522.5,529.0,90.9999999998945,active,
1.0,3935.71,3935.912,494.5,541.0,201.9999999997708,active,
1.0,3935.966,3936.452,900.4000244140625,343.6000061035156,486.00000000033106,active,
1.0,3936.621,3936.755,894.5,435.3999938964844,134.00000000001455,active,
1.0,3936.808,3937.084,572.5,551.2999877929688,275.99999999983993,active,
1.0,3937.14,3937.343,890.2000122070312,415.3999938964844,202.99999999997453,active,
1.0,3937.368,3937.645,826.0,481.3999938964844,277.00000000004366,active,
1.0,3937.662,3938.014,847.9000244140625,411.3999938964844,352.0000000003165,active,
1.0,3938.039,3938.081,846.7000122070312,506.0,41.99999999991633,active,
1.0,3938.11,3938.297,1004.0999755859375,561.7000122070312,186.99999999989814,active,
1.0,3938.353,3938.688,491.79998779296875,602.0,335.0000000000364,active,
1.0,3938.73,3938.901,218.6999969482422,614.2999877929688,170.99999999982174,active,
1.0,3938.967,3939.188,975.2999877929688,635.5,221.00000000000364,active,
1.0,3939.21,3939.542,856.5999755859375,573.5,331.99999999987995,active,
1.0,3939.579,3939.898,1050.800048828125,533.4000244140625,318.99999999996,active,
1.0,3939.93,3940.219,1207.199951171875,387.3999938964844,289.00000000021464,active,
1.0,3940.237,3940.425,1181.199951171875,331.8999938964844,188.00000000010186,active,
1.0,3940.547,3940.817,1384.9000244140625,660.5999755859375,269.9999999999818,active,
1.0,3940.844,3941.011,1408.5,548.5999755859375,166.99999999991633,active,
1.0,3941.084,3941.196,590.5,535.0,112.00000000008004,active,
1.0,3941.233,3941.367,428.0,560.7000122070312,134.00000000001455,active,
1.0,3941.424,3941.777,1026.5999755859375,579.7999877929688,353.0000000000655,active,
1.0,3941.798,3941.981,1040.800048828125,499.79998779296875,183.00000000044747,active,
1.0,3942.03,3942.445,1252.800048828125,663.9000244140625,414.9999999999636,active,
1.0,3942.491,3942.772,922.4000244140625,712.0999755859375,280.99999999994907,active,
1.0,3942.844,3943.091,258.1000061035156,650.2000122070312,246.99999999984357,active,
1.0,3943.116,3943.174,352.20001220703125,569.2999877929688,57.999999999992724,active,
1.0,3943.223,3943.286,832.0,520.2000122070312,63.00000000010186,,
1.0,3943.423,3943.595,810.7000122070312,528.4000244140625,172.00000000002547,,
1.0,3943.605,3944.986,823.9000244140625,513.2999877929688,1380.9999999998581,,
1.0,3945.033,3945.236,517.7000122070312,454.79998779296875,202.99999999997453,active,
1.0,3945.275,3945.605,338.29998779296875,442.8999938964844,329.99999999992724,active,
1.0,3945.661,3945.952,922.7999877929688,690.7999877929688,291.00000000016735,active,
1.0,3945.993,3946.221,797.5,446.20001220703125,228.00000000006548,active,
1.0,3946.262,3946.404,1054.300048828125,510.6000061035156,141.99999999982538,active,
1.0,3946.419,3946.58,1053.5,549.5,161.0000000000582,active,
1.0,3946.622,3947.005,1351.300048828125,339.3999938964844,383.0000000002656,active,
1.0,3947.029,3947.173,1319.699951171875,222.0,143.99999999977808,active,
1.0,3947.239,3947.553,708.5999755859375,416.29998779296875,313.99999999985084,active,
1.0,3947.604,3947.852,869.2999877929688,733.7000122070312,248.0000000000473,active,
1.0,3947.893,3948.071,641.7999877929688,814.4000244140625,177.99999999988358,active,
1.0,3948.117,3948.297,732.0,481.20001220703125,179.9999999998363,active,
1.0,3948.478,3948.569,842.0,522.5,90.9999999998945,active,
1.0,3948.58,3949.056,823.7000122070312,516.0999755859375,476.0000000001128,active,
1.0,3949.068,3949.232,823.7000122070312,487.6000061035156,163.9999999997599,active,
1.0,3949.251,3949.661,800.0,419.1000061035156,409.9999999998545,active,
1.0,3949.676,3949.816,783.7999877929688,415.79998779296875,139.99999999987267,active,
1.0,3949.862,3950.087,795.5,660.2000122070312,224.99999999990905,active,
1.0,3950.105,3950.127,806.5999755859375,618.5,21.999999999934516,active,
1.0,3950.164,3950.309,810.2999877929688,787.7999877929688,144.9999999999818,active,
1.0,3950.395,3950.535,778.5999755859375,444.0,139.99999999987267,active,
1.0,3950.544,3950.589,786.7999877929688,388.1000061035156,45.00000000007276,active,
1.0,3950.6,3950.738,773.0,435.6000061035156,137.99999999991996,active,
1.0,3950.789,3951.067,690.0999755859375,712.7999877929688,277.99999999979264,active,
1.0,3951.102,3951.406,812.7999877929688,530.0,304.0000000000873,active,
1.0,3951.428,3951.696,762.7000122070312,569.5999755859375,268.0000000000291,active,
1.0,3951.723,3952.066,789.5,409.79998779296875,342.9999999998472,active,
1.0,3952.085,3952.233,730.5999755859375,434.70001220703125,148.00000000013824,active,
1.0,3952.257,3952.454,808.0999755859375,435.8999938964844,197.00000000011642,active,
1.0,3952.462,3952.613,798.9000244140625,428.5,150.99999999983993,active,
1.0,3952.66,3952.966,877.4000244140625,807.4000244140625,306.00000000004,active,
1.0,3953.036,3953.276,388.0,483.79998779296875,239.99999999978172,active,
1.0,3953.325,3953.575,571.9000244140625,243.3000030517578,250.0,active,
1.0,3953.617,3953.78,814.5,382.0,163.0000000000109,active,
1.0,3953.803,3954.07,785.9000244140625,417.0,267.0000000002801,active,
1.0,3954.101,3954.343,786.4000244140625,621.4000244140625,241.99999999973443,active,
1.0,3954.471,3954.656,879.0,742.2999877929688,184.99999999994543,active,
1.0,3954.696,3955.071,806.5999755859375,545.4000244140625,375.0,active,
1.0,3955.093,3955.301,842.7000122070312,694.5999755859375,208.00000000008367,active,
1.0,3955.32,3955.549,903.4000244140625,678.0,228.99999999981446,active,
1.0,3955.767,3955.916,919.5,826.5999755859375,149.00000000034197,active,
1.0,3955.935,3956.176,885.2000122070312,887.9000244140625,240.99999999998545,active,
1.0,3956.236,3956.402,849.7000122070312,440.8999938964844,166.00000000016735,active,
1.0,3956.423,3957.469,786.9000244140625,414.6000061035156,1046.0000000002765,active,
1.0,3957.658,3958.545,824.7999877929688,517.5,887.000000000171,active,
1.0,3958.592,3958.761,546.0,398.1000061035156,168.99999999986903,active,
1.0,3958.905,3959.2,934.0999755859375,345.8999938964844,294.999999999618,active,
1.0,3959.21,3960.049,931.0999755859375,316.0,838.9999999999418,active,
1.0,3960.096,3960.235,708.5,504.29998779296875,139.0000000001237,active,
1.0,3960.292,3960.649,422.1000061035156,336.70001220703125,356.9999999999709,active,
1.0,3960.715,3960.972,836.5,734.9000244140625,257.00000000006185,active,
1.0,3961.015,3961.281,1165.0,759.7999877929688,266.0000000000764,active,
1.0,3961.327,3961.572,1021.4000244140625,478.79998779296875,244.99999999989086,active,
1.0,3961.617,3961.959,666.7999877929688,453.79998779296875,341.9999999996435,active,
1.0,3962.006,3962.3,352.20001220703125,404.3999938964844,294.0000000003238,active,
1.0,3962.316,3962.482,361.3999938964844,353.70001220703125,166.00000000016735,active,
1.0,3962.552,3962.845,964.7000122070312,769.0999755859375,292.9999999996653,active,
1.0,3962.866,3963.013,1054.0,755.4000244140625,146.99999999993452,active,
1.0,3963.057,3963.246,704.0999755859375,667.4000244140625,189.0000000003056,active,
1.0,3963.286,3963.555,896.2000122070312,392.0,268.9999999997781,active,
1.0,3963.568,3963.748,893.9000244140625,354.79998779296875,179.9999999998363,active,
1.0,3963.783,3964.22,703.5,382.1000061035156,436.99999999989814,active,
1.0,3964.272,3964.612,357.20001220703125,391.70001220703125,340.0000000001455,active,
1.0,3964.673,3964.839,844.5,443.3999938964844,166.00000000016735,active,
1.0,3965.006,3965.117,824.2999877929688,552.7000122070312,111.00000000033106,active,
1.0,3965.126,3965.351,816.9000244140625,522.7999877929688,224.99999999990905,active,
1.0,3965.369,3965.724,800.5,459.70001220703125,355.0000000000182,active,
1.0,3965.763,3965.891,548.0,428.29998779296875,128.00000000015643,active,
1.0,3965.927,3966.051,785.7000122070312,425.20001220703125,123.99999999979627,active,
1.0,3966.113,3966.24,1306.800048828125,331.3999938964844,126.9999999999527,active,
1.0,3966.275,3966.51,1501.300048828125,349.29998779296875,235.00000000012733,active,
1.0,3966.524,3966.774,1536.300048828125,358.20001220703125,250.0,active,
1.0,3966.842,3967.021,878.2999877929688,297.8999938964844,179.0000000000873,active,
1.0,3967.075,3967.484,660.0999755859375,545.5,409.0000000001055,active,
1.0,3967.507,3967.889,578.5,545.0,382.00000000006185,active,
1.0,3967.917,3968.116,758.9000244140625,472.5,199.00000000006912,active,
1.0,3968.137,3968.367,695.0,496.70001220703125,230.0000000000182,active,
1.0,3968.496,3968.595,846.7000122070312,501.20001220703125,98.99999999970532,active,
1.0,3968.609,3968.815,814.7000122070312,501.29998779296875,206.00000000013097,active,
1.0,3968.835,3969.371,788.7999877929688,432.29998779296875,536.0000000000582,active,
1.0,3969.398,3969.688,971.2999877929688,496.70001220703125,289.9999999999636,active,
1.0,3969.709,3969.986,1077.800048828125,474.8999938964844,277.00000000004366,active,
1.0,3970.032,3970.165,744.9000244140625,398.8999938964844,132.99999999981083,active,
1.0,3970.217,3970.418,446.5,406.0,201.00000000002183,active,
1.0,3970.492,3970.687,1339.5,597.4000244140625,194.99999999970896,active,
1.0,3970.729,3970.953,1026.0,562.5999755859375,224.00000000016007,active,
1.0,3970.977,3971.396,1060.300048828125,465.20001220703125,419.0000000003238,active,
1.0,3971.602,3971.692,859.0999755859375,513.4000244140625,90.00000000014552,active,
1.0,3971.704,3971.952,823.0999755859375,513.2999877929688,248.0000000000473,active,
1.0,3971.97,3972.222,767.7000122070312,437.0,252.00000000040745,active,
1.0,3972.242,3972.539,845.2000122070312,464.70001220703125,297.00000000002547,active,
1.0,3972.577,3972.783,633.4000244140625,437.3999938964844,205.99999999967622,active,
1.0,3972.836,3973.102,997.7999877929688,409.79998779296875,266.0000000000764,active,
1.0,3973.133,3973.309,935.2000122070312,234.3000030517578,176.00000000038563,active,
1.0,3973.349,3973.612,735.2999877929688,195.3000030517578,262.99999999991996,active,
1.0,3973.875,3974.296,817.7000122070312,502.0,420.99999999982174,active,
1.0,3974.317,3974.749,797.5,425.79998779296875,431.999999999789,active,
1.0,3974.775,3974.975,960.5999755859375,329.20001220703125,199.9999999998181,active,
1.0,3975.024,3975.21,761.2000122070312,494.5,186.00000000014916,active,
1.0,3975.245,3975.429,942.9000244140625,595.7999877929688,184.00000000019645,active,
1.0,3975.481,3975.667,486.29998779296875,690.7999877929688,185.9999999996944,active,
1.0,3975.737,3975.956,965.2000122070312,311.5,219.00000000005093,active,
1.0,3975.99,3976.158,795.5,327.5,168.00000000012005,active,
1.0,3976.439,3976.547,763.0,548.2000122070312,108.00000000017462,active,
1.0,3976.561,3976.797,805.2999877929688,520.4000244140625,235.9999999998763,active,
1.0,3976.82,3977.382,788.0,455.20001220703125,561.9999999998981,active,
1.0,3977.397,3977.553,766.4000244140625,462.20001220703125,155.99999999994907,active,
1.0,3977.577,3977.654,780.5999755859375,569.9000244140625,76.99999999977081,active,
1.0,3977.673,3977.826,766.5999755859375,614.4000244140625,153.00000000024738,active,
1.0,3977.841,3977.977,754.9000244140625,661.9000244140625,135.99999999996726,active,
1.0,3977.991,3978.229,717.2000122070312,669.4000244140625,237.99999999982901,active,
1.0,3978.279,3978.422,378.8999938964844,579.0999755859375,143.0000000000291,active,
1.0,3978.447,3978.697,238.3000030517578,580.7999877929688,250.0,active,
1.0,3978.735,3978.936,451.0,491.8999938964844,201.00000000002183,active,
1.0,3978.948,3979.081,491.5,486.0,133.00000000026557,active,
1.0,3979.101,3979.304,555.0,479.1000061035156,202.99999999997453,active,
1.0,3979.324,3979.474,485.8999938964844,432.3999938964844,150.00000000009095,active,
1.0,3979.505,3979.808,343.8999938964844,498.0,302.9999999998836,active,
1.0,3979.829,3979.989,422.8999938964844,490.5,159.99999999985448,active,
1.0,3980.01,3980.173,361.29998779296875,496.5,162.99999999955617,active,
1.0,3980.225,3980.718,496.1000061035156,842.0999755859375,492.99999999993815,active,
1.0,3980.73,3981.099,532.2999877929688,828.2000122070312,369.0000000001419,active,
1.0,3981.121,3981.431,466.20001220703125,830.0999755859375,309.99999999994543,active,
1.0,3981.554,3981.733,1451.0999755859375,360.3999938964844,179.0000000000873,active,
1.0,3981.753,3981.832,1514.300048828125,329.6000061035156,78.99999999972351,active,
1.0,3981.848,3982.097,1523.199951171875,280.79998779296875,249.00000000025102,active,
1.0,3982.146,3982.309,1201.300048828125,514.9000244140625,163.0000000000109,active,
1.0,3982.331,3982.531,1291.0999755859375,445.6000061035156,199.9999999998181,active,
1.0,3982.551,3982.846,1247.9000244140625,382.1000061035156,295.00000000007276,active,
1.0,3982.904,3983.106,1157.300048828125,758.0999755859375,202.00000000022555,active,
1.0,3983.149,3983.291,944.5,746.7000122070312,142.00000000028012,active,
1.0,3983.31,3983.512,969.4000244140625,683.5999755859375,202.00000000022555,active,
1.0,3983.536,3984.071,1014.2000122070312,810.0999755859375,534.9999999998545,active,
1.0,3984.163,3984.347,135.5,742.7000122070312,184.00000000019645,active,
1.0,3984.38,3984.564,264.79998779296875,570.2000122070312,183.9999999997417,active,
1.0,3984.62,3985.275,745.2000122070312,379.6000061035156,655.0000000002001,active,
1.0,3985.433,3985.483,751.9000244140625,431.8999938964844,50.0000000001819,active,
1.0,3985.503,3986.16,807.7000122070312,483.6000061035156,656.999999999698,active,
1.0,3986.203,3986.427,540.2000122070312,419.3999938964844,224.00000000016007,active,
1.0,3986.477,3986.728,768.2000122070312,740.2999877929688,251.00000000020373,active,
1.0,3986.747,3986.937,784.4000244140625,805.7999877929688,190.00000000005457,active,
1.0,3986.995,3987.296,446.6000061035156,475.20001220703125,300.9999999999309,active,
1.0,3987.33,3987.54,480.29998779296875,259.8999938964844,210.00000000003638,active,
1.0,3987.601,3987.913,873.4000244140625,256.8999938964844,311.99999999989814,active,
1.0,3988.01,3988.208,762.7000122070312,780.2999877929688,197.9999999998654,active,
1.0,3988.281,3988.602,993.5,252.39999389648438,320.9999999999127,active,
1.0,3988.655,3988.988,633.2999877929688,292.0,332.9999999996289,active,
1.0,3989.014,3989.325,519.0999755859375,415.8999938964844,310.9999999996944,active,
1.0,3989.404,3989.747,745.0,828.4000244140625,342.9999999998472,active,
1.0,3989.767,3989.897,790.0999755859375,853.5999755859375,130.00000000010914,active,
1.0,3989.955,3990.465,612.5999755859375,351.0,510.0000000002183,active,
1.0,3990.489,3990.883,527.7000122070312,255.5,393.9999999997781,active,
1.0,3991.116,3991.465,820.7999877929688,500.29998779296875,349.00000000016007,active,
1.0,3991.499,3991.804,734.7000122070312,416.70001220703125,305.00000000029104,active,
1.0,3991.832,3992.049,901.5,526.0,217.00000000009823,active,
1.0,3992.086,3992.412,1141.5999755859375,542.7000122070312,326.0000000000218,active,
1.0,3992.438,3992.719,996.2999877929688,671.5999755859375,280.99999999994907,active,
1.0,3992.844,3993.162,666.9000244140625,518.9000244140625,317.99999999975626,active,
1.0,3993.205,3993.569,1005.2000122070312,510.3999938964844,364.00000000003274,active,
1.0,3993.607,3993.976,825.7999877929688,481.20001220703125,369.0000000001419,active,
1.0,3994.018,3994.242,959.5999755859375,606.7000122070312,224.00000000016007,active,
1.0,3994.283,3994.798,790.9000244140625,486.5,514.9999999998727,active,
1.0,3994.948,3995.311,811.4000244140625,500.29998779296875,363.00000000028376,active,
1.0,3995.323,3995.614,775.5,474.1000061035156,291.00000000016735,active,
1.0,3995.636,3996.471,766.4000244140625,613.9000244140625,835.0000000000364,active,
1.0,3996.524,3997.048,757.7999877929688,888.4000244140625,523.9999999998872,active,
1.0,3997.109,3997.215,332.20001220703125,542.2999877929688,106.00000000022192,active,
1.0,3997.27,3997.312,585.4000244140625,353.70001220703125,41.99999999991633,active,
1.0,3997.379,3997.523,1236.0,395.70001220703125,144.00000000023283,active,
1.0,3997.56,3997.91,972.4000244140625,505.5,349.99999999990905,active,
1.0,3997.937,3998.444,779.2999877929688,494.29998779296875,507.00000000006185,active,
1.0,3998.464,3998.708,847.5,500.20001220703125,244.00000000014188,active,
1.0,3998.733,3998.862,790.7999877929688,496.1000061035156,128.9999999999054,active,
1.0,3998.884,3998.967,789.0,657.5,83.00000000008367,active,
1.0,3998.987,3999.13,827.5,729.9000244140625,143.0000000000291,active,
1.0,3999.153,3999.326,922.7000122070312,719.0999755859375,173.0000000002292,active,
1.0,3999.35,3999.512,835.4000244140625,783.0,162.00000000026193,active,
1.0,3999.536,3999.773,727.9000244140625,776.7000122070312,237.00000000008004,active,
1.0,3999.812,4000.207,510.0,674.7000122070312,394.9999999999818,active,
1.0,4000.218,4000.377,493.70001220703125,702.7999877929688,159.0000000001055,active,
1.0,4000.397,4000.651,564.0999755859375,729.0999755859375,253.9999999999054,active,
1.0,4000.728,4000.908,1308.699951171875,393.79998779296875,179.9999999998363,active,
1.0,4000.953,4001.141,1035.699951171875,257.70001220703125,188.00000000010186,active,
1.0,4001.158,4001.583,1045.0999755859375,187.8000030517578,425.0000000001819,active,
1.0,4001.68,4001.799,1038.199951171875,189.10000610351562,119.00000000014188,active,
1.0,4001.868,4002.05,369.1000061035156,360.20001220703125,182.00000000024374,active,
1.0,4002.071,4002.241,287.6000061035156,347.0,170.00000000007276,active,
1.0,4002.31,4002.465,946.9000244140625,827.7999877929688,155.0000000002001,active,
1.0,4002.487,4002.584,1072.199951171875,806.5999755859375,96.99999999975262,active,
1.0,4002.613,4002.873,851.2000122070312,776.2999877929688,260.0000000002183,active,
1.0,4002.899,4003.083,722.5999755859375,774.0999755859375,184.00000000019645,active,
1.0,4003.098,4003.231,767.0,776.0999755859375,133.00000000026557,active,
1.0,4003.255,4003.436,826.2999877929688,694.0,181.00000000004002,active,
1.0,4003.459,4003.586,930.7000122070312,688.7000122070312,126.9999999999527,active,
1.0,4003.595,4003.636,806.7999877929688,450.8999938964844,41.00000000016735,,
1.0,4003.656,4004.49,834.7000122070312,515.9000244140625,833.9999999998327,,
1.0,4004.631,4005.12,828.4000244140625,523.7000122070312,489.00000000003274,constant,
1.0,4005.146,4005.31,964.7000122070312,527.4000244140625,163.9999999997599,constant,
1.0,4005.341,4005.431,817.2000122070312,553.0,90.00000000014552,constant,
1.0,4005.451,4005.617,781.0999755859375,639.0,166.00000000016735,constant,
1.0,4005.654,4005.954,753.5,392.20001220703125,300.0000000001819,constant,
1.0,4006.012,4006.255,355.8999938964844,636.5999755859375,242.99999999993815,constant,
1.0,4006.263,4006.592,388.0,629.7999877929688,329.00000000017826,constant,
1.0,4006.634,4006.833,724.0,740.0999755859375,199.00000000006912,constant,
1.0,4006.855,4007.032,837.0999755859375,675.5999755859375,177.0000000001346,constant,
1.0,4007.081,4007.262,1263.300048828125,692.2999877929688,181.00000000004002,constant,
1.0,4007.342,4007.546,261.29998779296875,723.7000122070312,203.9999999997235,constant,
1.0,4007.571,4007.918,139.60000610351562,699.9000244140625,347.00000000020736,constant,
1.0,4007.939,4008.263,161.8000030517578,796.2000122070312,324.0000000000691,constant,
1.0,4008.305,4008.629,509.70001220703125,756.2000122070312,324.0000000000691,constant,
1.0,4008.646,4008.924,478.0,696.9000244140625,277.99999999979264,constant,
1.0,4008.977,4009.192,926.4000244140625,691.4000244140625,215.00000000014552,constant,
1.0,4009.217,4009.299,883.2999877929688,580.0999755859375,81.99999999987995,constant,
1.0,4009.331,4009.529,736.4000244140625,494.29998779296875,197.9999999998654,constant,
1.0,4009.586,4009.822,343.70001220703125,745.2000122070312,236.00000000033106,constant,
1.0,4009.862,4010.144,148.89999389648438,746.9000244140625,281.99999999969805,constant,
1.0,4010.166,4010.482,172.8000030517578,824.0,315.99999999980355,constant,
1.0,4010.519,4010.72,287.79998779296875,629.9000244140625,201.00000000002183,constant,
1.0,4010.777,4011.01,754.5999755859375,530.0,233.00000000017462,constant,
1.0,4011.119,4011.426,797.4000244140625,524.5,306.999999999789,constant,
1.0,4011.439,4011.684,844.0,539.0,245.0000000003456,constant,
1.0,4011.74,4011.977,1279.300048828125,656.0999755859375,237.00000000008004,constant,
1.0,4012.142,4012.174,1359.9000244140625,595.2999877929688,32.000000000152795,constant,
1.0,4012.271,4013.056,140.5,756.4000244140625,784.9999999998545,constant,
1.0,4013.311,4013.577,1427.0999755859375,648.2999877929688,266.0000000000764,constant,
1.0,4013.599,4013.832,1375.199951171875,562.5999755859375,232.99999999971988,constant,
1.0,4013.869,4014.226,1526.699951171875,465.8999938964844,356.9999999999709,constant,
1.0,4014.269,4014.423,1346.800048828125,586.5,153.99999999999636,constant,
1.0,4014.446,4014.72,1264.300048828125,688.0,273.9999999998872,constant,
1.0,4014.778,4015.008,827.7999877929688,725.5999755859375,230.0000000000182,constant,
1.0,4015.035,4015.295,773.9000244140625,527.4000244140625,260.0000000002183,constant,
1.0,4015.309,4015.581,806.0999755859375,542.2000122070312,271.9999999999345,constant,
1.0,4015.706,4016.02,741.2000122070312,371.20001220703125,313.99999999985084,constant,
1.0,4016.071,4016.379,748.0999755859375,677.9000244140625,307.9999999999927,constant,
1.0,4016.429,4016.803,1190.9000244140625,715.2999877929688,373.9999999997963,constant,
1.0,4016.827,4017.194,1328.5,670.2000122070312,366.9999999997344,constant,
1.0,4017.249,4017.558,773.0999755859375,662.2000122070312,309.00000000019645,constant,
1.0,4017.581,4017.692,688.0,622.5,110.99999999987631,constant,
1.0,4017.825,4017.938,709.2000122070312,591.9000244140625,113.00000000028376,constant,
1.0,4017.961,4018.418,774.9000244140625,495.0,457.0000000003347,constant,
1.0,4018.436,4018.688,826.5999755859375,534.2000122070312,251.9999999999527,constant,
1.0,4018.7,4018.964,796.0999755859375,528.4000244140625,264.0000000001237,constant,
1.0,4018.989,4019.135,921.7000122070312,548.5999755859375,146.00000000018554,constant,
1.0,4019.317,4019.465,996.9000244140625,554.7999877929688,148.00000000013824,constant,
1.0,4019.532,4019.706,330.70001220703125,630.5999755859375,173.99999999997817,constant,
1.0,4019.726,4020.06,378.79998779296875,622.0,333.99999999983265,constant,
1.0,4020.074,4020.488,359.20001220703125,635.5,413.9999999997599,constant,
1.0,4020.511,4021.033,327.8999938964844,759.0999755859375,521.9999999999345,constant,
1.0,4021.053,4021.461,320.1000061035156,854.0999755859375,407.9999999999018,constant,
1.0,4021.499,4021.731,577.7999877929688,843.9000244140625,232.00000000042564,constant,
1.0,4021.772,4022.183,812.2999877929688,809.7000122070312,411.0000000000582,constant,
1.0,4022.208,4022.496,978.5999755859375,760.2000122070312,288.0000000000109,constant,
1.0,4022.517,4022.721,897.7000122070312,736.2000122070312,204.00000000017826,constant,
1.0,4022.855,4022.999,771.7000122070312,418.20001220703125,143.99999999977808,constant,
1.0,4023.018,4023.744,734.2000122070312,378.1000061035156,726.0000000001128,constant,
1.0,4023.765,4023.925,829.2000122070312,374.20001220703125,160.00000000030923,constant,
1.0,4024.093,4024.422,795.7000122070312,368.70001220703125,329.00000000017826,constant,
1.0,4024.469,4025.404,796.7000122070312,548.4000244140625,934.9999999999454,constant,
1.0,4025.413,4025.728,812.7000122070312,534.2999877929688,315.00000000005457,constant,
1.0,4025.746,4026.047,794.9000244140625,463.3999938964844,300.9999999999309,constant,
1.0,4026.1,4027.044,1175.800048828125,593.5,943.99999999996,constant,
1.0,4027.09,4027.456,811.4000244140625,541.4000244140625,365.99999999998545,constant,
1.0,4027.465,4028.387,804.5999755859375,546.5,922.0000000000255,constant,
1.0,4028.439,4029.6,406.20001220703125,682.2000122070312,1161.0000000000582,constant,
1.0,4029.65,4029.85,784.9000244140625,765.7999877929688,199.9999999998181,constant,
1.0,4029.898,4030.283,1209.800048828125,712.4000244140625,384.99999999976353,constant,
1.0,4030.31,4030.836,1353.0,797.9000244140625,525.9999999998399,constant,
1.0,4030.865,4031.488,1192.800048828125,810.9000244140625,623.0000000000473,constant,
1.0,4031.538,4032.354,847.4000244140625,827.5,815.9999999998035,constant,
1.0,4032.382,4034.152,709.4000244140625,828.7999877929688,1769.9999999999818,constant,
1.0,4034.204,4037.081,370.3999938964844,855.5,2876.9999999999527,constant,
1.0,4037.138,4044.279,1005.5,733.0,7141.000000000076,constant,
1.0,4044.315,4045.097,672.4000244140625,767.2000122070312,782.0000000001528,constant,
1.0,4045.194,4045.45,371.70001220703125,699.4000244140625,255.99999999985812,constant,
1.0,4045.595,4045.789,352.3999938964844,652.4000244140625,194.00000000041473,constant,
1.0,4045.796,4045.983,370.79998779296875,641.7999877929688,187.00000000035288,constant,
1.0,4045.994,4046.774,344.29998779296875,648.7999877929688,779.9999999997453,constant,
1.0,4046.784,4047.082,380.5,694.7999877929688,297.99999999977445,constant,
1.0,4047.116,4047.321,555.4000244140625,827.7999877929688,204.99999999992724,constant,
1.0,4047.344,4047.662,701.5999755859375,828.9000244140625,317.99999999975626,constant,
1.0,4047.702,4047.876,931.0999755859375,760.5,173.99999999997817,constant,
1.0,4048.013,4048.28,922.7999877929688,711.2000122070312,267.0000000002801,constant,
1.0,4048.4,4048.664,987.0,613.0999755859375,264.0000000001237,constant,
1.0,4048.676,4048.834,946.5,630.0999755859375,157.99999999990177,constant,
1.0,4048.879,4049.018,1253.0999755859375,687.0,139.0000000001237,constant,
1.0,4049.077,4049.384,1202.9000244140625,311.6000061035156,306.999999999789,constant,
1.0,4049.424,4049.526,1013.7000122070312,262.20001220703125,101.99999999986176,constant,
1.0,4049.584,4049.795,1546.199951171875,433.6000061035156,211.0000000002401,constant,
1.0,4049.813,4050.008,1482.300048828125,495.29998779296875,194.99999999970896,constant,
1.0,4050.169,4050.386,1377.800048828125,674.2000122070312,217.00000000009823,constant,
1.0,4050.409,4050.642,1456.0,761.7999877929688,232.99999999971988,constant,
1.0,4050.671,4050.865,1315.5,784.4000244140625,193.99999999995998,constant,
1.0,4050.888,4051.043,1336.9000244140625,839.0,155.0000000002001,constant,
1.0,4051.075,4051.137,1153.5999755859375,836.9000244140625,62.000000000352884,constant,
1.0,4051.307,4051.662,789.9000244140625,810.5999755859375,355.0000000000182,constant,
1.0,4051.693,4051.821,962.5,792.9000244140625,127.99999999970169,constant,
1.0,4052.012,4052.32,1248.0,652.0999755859375,307.9999999999927,constant,
1.0,4052.341,4052.395,1162.0999755859375,681.4000244140625,54.00000000008731,constant,
1.0,4052.646,4052.853,960.5,607.2999877929688,206.99999999987995,constant,
1.0,4052.886,4053.107,847.0,658.5999755859375,221.00000000000364,constant,
1.0,4053.135,4053.436,718.0999755859375,638.0999755859375,300.9999999999309,constant,
1.0,4053.682,4053.866,710.2000122070312,564.4000244140625,184.00000000019645,constant,
1.0,4053.885,4054.157,780.5999755859375,549.5999755859375,271.9999999999345,constant,
1.0,4054.167,4054.375,766.2000122070312,529.0,208.00000000008367,constant,
1.0,4054.566,4054.741,699.5,639.7999877929688,175.0000000001819,constant,
1.0,4054.785,4055.128,959.2999877929688,639.5,343.00000000030195,constant,
1.0,4055.149,4055.305,1062.699951171875,661.2999877929688,155.99999999994907,constant,
1.0,4055.519,4055.681,982.7999877929688,610.7000122070312,162.00000000026193,constant,
1.0,4055.723,4056.127,742.4000244140625,546.2000122070312,403.99999999999636,constant,
1.0,4056.144,4056.462,705.0,553.5999755859375,318.000000000211,constant,
1.0,4056.671,4056.865,357.6000061035156,834.2000122070312,193.99999999995998,constant,
1.0,4056.886,4057.081,283.29998779296875,869.9000244140625,195.0000000001637,constant,
1.0,4057.121,4057.533,82.80000305175781,818.9000244140625,411.9999999998072,constant,
1.0,4057.545,4057.85,130.39999389648438,838.2999877929688,304.9999999998363,constant,
1.0,4057.861,4058.157,122.9000015258789,868.9000244140625,296.0000000002765,constant,
1.0,4058.169,4058.59,111.19999694824219,849.0999755859375,421.0000000002765,constant,
1.0,4058.597,4058.827,127.80000305175781,825.4000244140625,230.0000000000182,constant,
1.0,4058.845,4059.297,108.9000015258789,868.7000122070312,452.00000000022555,constant,
1.0,4059.53,4059.924,448.70001220703125,844.0,393.9999999997781,constant,
1.0,4059.96,4060.194,691.5999755859375,816.7999877929688,233.9999999999236,constant,
1.0,4060.221,4060.543,874.7999877929688,756.0,322.0000000001164,constant,
1.0,4060.555,4060.707,842.5999755859375,735.2999877929688,152.00000000004366,constant,
1.0,4060.899,4061.192,962.2999877929688,741.7999877929688,293.00000000012005,constant,
1.0,4061.232,4061.394,721.5999755859375,640.0,161.9999999998072,constant,
1.0,4061.433,4061.726,1008.5,636.2999877929688,293.00000000012005,constant,
1.0,4061.945,4061.979,1132.800048828125,658.4000244140625,33.999999999650754,constant,
1.0,4061.988,4062.047,1132.0,693.0999755859375,59.00000000019645,constant,
1.0,4062.101,4062.375,683.7000122070312,747.2999877929688,273.9999999998872,constant,
1.0,4062.399,4062.648,833.7999877929688,687.5999755859375,249.00000000025102,constant,
1.0,4062.687,4062.855,623.5999755859375,605.7999877929688,168.00000000012005,constant,
1.0,4062.876,4063.113,690.5999755859375,595.7000122070312,236.9999999996253,constant,
1.0,4063.159,4063.368,448.29998779296875,761.9000244140625,208.99999999983265,constant,
1.0,4063.408,4064.182,765.9000244140625,712.4000244140625,773.9999999998872,constant,
1.0,4064.22,4064.56,582.5999755859375,777.9000244140625,340.0000000001455,constant,
1.0,4064.596,4064.778,419.70001220703125,707.0999755859375,181.999999999789,constant,
1.0,4065.134,4065.409,745.5999755859375,723.9000244140625,275.00000000009095,constant,
1.0,4065.448,4065.58,962.0999755859375,721.2999877929688,132.00000000006185,constant,
1.0,4065.808,4065.965,1054.699951171875,687.7999877929688,157.0000000001528,constant,
1.0,4066.003,4066.233,1292.699951171875,704.0999755859375,230.0000000000182,constant,
1.0,4066.288,4066.534,879.9000244140625,642.0999755859375,246.0000000000946,constant,
1.0,4066.566,4066.825,723.5,613.7999877929688,259.00000000001455,constant,
1.0,4067.133,4067.265,968.0,725.4000244140625,132.00000000006185,constant,
1.0,4067.324,4067.436,590.7000122070312,782.2999877929688,112.00000000008004,constant,
1.0,4067.484,4067.733,381.1000061035156,886.0999755859375,249.00000000025102,constant,
1.0,4067.765,4068.005,490.1000061035156,882.2000122070312,240.00000000023647,constant,
1.0,4068.032,4068.232,328.8999938964844,912.2000122070312,199.9999999998181,constant,
1.0,4068.291,4068.65,534.2000122070312,1258.300048828125,358.9999999999236,constant,
1.0,4068.714,4068.797,1031.5,659.0,83.00000000008367,constant,
1.0,4068.82,4069.015,1207.5,694.7000122070312,194.99999999970896,constant,
1.0,4069.042,4069.278,1418.0,732.7000122070312,235.9999999998763,constant,
1.0,4069.316,4069.466,1129.800048828125,641.4000244140625,150.00000000009095,constant,
1.0,4069.527,4070.043,740.7000122070312,382.20001220703125,516.0000000000764,constant,
1.0,4070.084,4070.382,965.4000244140625,260.0,298.0000000002292,constant,
1.0,4070.404,4070.582,1001.9000244140625,343.29998779296875,177.99999999988358,constant,
1.0,4070.622,4071.294,731.7000122070312,381.8999938964844,672.0000000000255,constant,
1.0,4071.331,4071.561,553.5999755859375,467.29998779296875,230.0000000000182,constant,
1.0,4071.617,4071.733,1089.0999755859375,451.3999938964844,115.99999999998545,constant,
1.0,4071.783,4072.06,1429.199951171875,528.0,277.00000000004366,constant,
1.0,4072.078,4072.512,1384.699951171875,583.0999755859375,434.00000000019645,constant,
1.0,4072.535,4072.74,1460.800048828125,622.0,204.99999999992724,constant,
1.0,4072.756,4073.035,1463.199951171875,584.7000122070312,278.99999999999636,constant,
1.0,4073.091,4073.34,879.9000244140625,579.5,249.00000000025102,constant,
1.0,4073.378,4073.617,1111.800048828125,601.0999755859375,239.00000000003274,constant,
1.0,4073.643,4073.776,991.9000244140625,594.0999755859375,132.99999999981083,constant,
1.0,4073.961,4074.263,1038.300048828125,576.5,302.0000000001346,constant,
1.0,4074.281,4074.512,1098.9000244140625,622.2000122070312,231.00000000022192,constant,
1.0,4074.736,4075.002,1087.0999755859375,648.5,266.0000000000764,constant,
1.0,4075.046,4075.241,888.5,781.2000122070312,195.0000000001637,constant,
1.0,4075.48,4075.749,892.5,696.5,268.9999999997781,constant,
1.0,4075.786,4076.608,712.5999755859375,654.0,822.0000000001164,constant,
1.0,4076.634,4078.964,715.5,779.2000122070312,2329.9999999999272,constant,
1.0,4079.166,4080.591,910.5,726.4000244140625,1424.9999999997272,constant,
1.0,4080.615,4080.667,1009.7000122070312,782.7999877929688,52.000000000134605,constant,
1.0,4080.843,4085.378,1103.5999755859375,759.0999755859375,4535.000000000309,constant,
1.0,4085.618,4085.982,1357.0999755859375,750.2999877929688,364.00000000003274,constant,
1.0,4086.009,4086.287,1545.9000244140625,739.2999877929688,277.99999999979264,constant,
1.0,4086.494,4086.526,608.2000122070312,695.4000244140625,31.999999999698048,constant,
1.0,4086.534,4086.697,601.9000244140625,734.9000244140625,163.0000000000109,constant,
1.0,4086.738,4086.936,353.1000061035156,649.2000122070312,198.00000000032014,constant,
1.0,4086.951,4087.297,387.20001220703125,639.9000244140625,346.00000000000364,constant,
1.0,4087.326,4087.704,362.70001220703125,845.4000244140625,378.00000000015643,constant,
1.0,4087.745,4090.813,684.7999877929688,828.7999877929688,3068.000000000211,constant,
1.0,4090.964,4091.58,789.5,770.5,615.9999999999854,constant,
1.0,4091.619,4091.961,1145.5999755859375,796.9000244140625,341.9999999996435,constant,
1.0,4092.144,4092.547,1299.4000244140625,720.2000122070312,403.0000000002474,constant,
1.0,4092.605,4093.11,770.7999877929688,753.2000122070312,505.00000000010914,constant,
1.0,4093.145,4093.846,808.0999755859375,571.2999877929688,701.0000000000218,constant,
1.0,4093.936,4096.186,16.5,850.0999755859375,2249.9999999995453,constant,
1.0,4096.247,4096.483,662.5,833.2999877929688,235.9999999998763,constant,
1.0,4096.509,4096.994,813.0,734.9000244140625,484.9999999996726,constant,
1.0,4097.017,4097.955,803.0999755859375,606.7000122070312,938.0000000001019,constant,
1.0,4097.977,4102.529,814.5,694.7999877929688,4552.000000000589,constant,
1.0,4102.558,4106.571,1015.7000122070312,652.2999877929688,4012.99999999992,constant,
1.0,4106.606,4108.171,1285.5,757.0,1565.0000000005093,constant,
1.0,4108.218,4110.177,903.4000244140625,769.2999877929688,1958.9999999998327,constant,
1.0,4110.359,4110.461,976.9000244140625,731.2000122070312,101.99999999986176,constant,
1.0,4110.468,4110.706,957.0999755859375,755.5,238.00000000028376,constant,
1.0,4110.723,4111.177,899.7999877929688,756.5,453.9999999997235,constant,
1.0,4111.193,4111.565,959.0999755859375,751.9000244140625,371.9999999993888,constant,
1.0,4111.74,4111.882,1173.5999755859375,723.5,141.99999999982538,constant,
1.0,4111.912,4112.084,993.0999755859375,723.4000244140625,171.99999999957072,constant,
1.0,4112.101,4112.377,1056.800048828125,717.4000244140625,276.0000000007494,constant,
1.0,4112.385,4112.912,1077.0999755859375,706.9000244140625,527.0000000000437,constant,
1.0,4112.924,4113.325,1060.5999755859375,687.4000244140625,400.99999999983993,constant,
1.0,4113.334,4113.875,814.2999877929688,536.2999877929688,541.0000000001673,,
1.0,4113.883,4114.83,812.5999755859375,531.9000244140625,947.0000000001164,constant,
1.0,4114.849,4115.02,827.7999877929688,595.5999755859375,171.0000000002765,constant,
1.0,4115.069,4115.311,480.3999938964844,461.8999938964844,241.99999999927968,constant,
1.0,4115.355,4115.614,650.2000122070312,679.7000122070312,259.00000000001455,constant,
1.0,4115.658,4115.977,421.5,495.70001220703125,318.99999999950523,constant,
1.0,4116.022,4116.211,785.0999755859375,568.7000122070312,189.0000000003056,constant,
1.0,4116.246,4116.495,894.5999755859375,658.9000244140625,248.99999999979627,constant,
1.0,4116.512,4116.827,835.0999755859375,665.0999755859375,315.0000000005093,constant,
1.0,4116.992,4117.178,1322.0,587.7999877929688,185.9999999996944,constant,
1.0,4117.196,4117.411,1271.800048828125,574.5999755859375,215.00000000014552,constant,
1.0,4117.45,4117.622,1447.0,501.3999938964844,172.0000000004802,constant,
1.0,4117.703,4117.959,501.6000061035156,419.70001220703125,255.99999999940337,constant,
1.0,4117.984,4118.159,409.70001220703125,486.79998779296875,174.9999999992724,constant,
1.0,4118.439,4118.564,841.0999755859375,726.2999877929688,125.0,constant,
1.0,4118.575,4118.963,829.0,684.2000122070312,387.99999999991996,constant,
1.0,4119.001,4119.218,652.9000244140625,709.2000122070312,216.99999999964348,constant,
1.0,4119.238,4119.457,714.2000122070312,702.2000122070312,219.00000000005093,constant,
1.0,4119.505,4119.691,436.3999938964844,464.6000061035156,185.9999999996944,constant,
1.0,4119.927,4120.08,628.0,558.5,153.00000000024738,constant,
1.0,4120.121,4120.389,409.3999938964844,455.79998779296875,268.0000000000291,constant,
1.0,4120.433,4120.685,139.0,538.4000244140625,252.00000000040745,constant,
1.0,4120.74,4120.92,634.2000122070312,763.5999755859375,180.00000000029104,constant,
1.0,4120.944,4121.254,721.2000122070312,729.0,309.9999999994907,constant,
1.0,4121.441,4121.679,1152.0,612.2999877929688,238.00000000028376,constant,
1.0,4121.691,4121.937,1118.699951171875,605.0999755859375,246.0000000000946,constant,
1.0,4122.131,4122.376,530.0,377.20001220703125,244.99999999989086,constant,
1.0,4122.439,4122.858,916.7000122070312,667.2000122070312,418.99999999986903,constant,
1.0,4123.102,4123.374,914.4000244140625,609.7999877929688,271.9999999999345,constant,
1.0,4123.43,4123.747,487.70001220703125,461.70001220703125,317.0000000000073,constant,
1.0,4123.762,4123.957,443.8999938964844,467.20001220703125,195.00000000061846,constant,
1.0,4123.978,4124.283,511.5,474.79998779296875,305.00000000029104,constant,
1.0,4124.332,4124.679,207.39999389648438,580.7999877929688,346.9999999997526,constant,
1.0,4124.915,4125.187,176.8000030517578,839.2999877929688,271.9999999999345,constant,
1.0,4125.198,4125.385,164.60000610351562,826.5999755859375,186.99999999989814,constant,
1.0,4125.45,4125.772,737.7999877929688,707.5,322.0000000001164,constant,
1.0,4125.817,4126.039,970.7999877929688,656.9000244140625,221.99999999975262,constant,
1.0,4126.096,4126.385,1420.5,534.2999877929688,289.0000000006694,constant,
1.0,4126.404,4126.679,1517.9000244140625,508.20001220703125,274.9999999996362,constant,
1.0,4126.907,4127.18,697.7999877929688,308.1000061035156,273.00000000013824,constant,
1.0,4127.23,4127.408,376.29998779296875,375.20001220703125,178.00000000079308,constant,
1.0,4127.431,4127.63,341.79998779296875,474.20001220703125,199.00000000052387,constant,
1.0,4127.654,4127.949,448.6000061035156,467.20001220703125,294.99999999916326,constant,
1.0,4128.002,4128.255,864.7999877929688,669.9000244140625,252.99999999970169,constant,
1.0,4128.307,4128.615,524.5999755859375,494.0,307.9999999999927,constant,
1.0,4128.635,4128.775,448.5,478.3999938964844,139.99999999941792,constant,
1.0,4128.968,4129.143,855.5999755859375,659.2000122070312,175.0000000001819,constant,
1.0,4129.153,4129.485,835.7000122070312,681.2000122070312,331.9999999994252,constant,
1.0,4129.543,4129.988,1270.0999755859375,576.5,445.00000000061846,constant,
1.0,4130.026,4130.226,1437.5,514.2999877929688,199.9999999998181,constant,
1.0,4130.415,4130.709,1464.4000244140625,507.29998779296875,293.99999999986903,constant,
1.0,4130.749,4130.984,1232.5,514.2999877929688,235.00000000058208,constant,
1.0,4130.999,4131.289,1273.300048828125,553.2999877929688,289.9999999999636,constant,
1.0,4131.32,4131.669,1475.800048828125,524.7999877929688,349.00000000016007,constant,
1.0,4131.682,4132.018,1433.699951171875,503.29998779296875,336.0000000002401,constant,
1.0,4132.101,4132.335,631.7999877929688,397.0,234.00000000037835,constant,
1.0,4132.377,4132.657,372.8999938964844,451.0,279.99999999974534,constant,
1.0,4132.844,4132.968,505.29998779296875,536.2000122070312,123.99999999979627,constant,
1.0,4133.008,4133.224,775.7000122070312,665.4000244140625,216.00000000034925,constant,
1.0,4133.247,4133.691,858.9000244140625,677.7000122070312,443.99999999950523,constant,
1.0,4133.698,4133.911,838.0999755859375,683.0999755859375,212.99999999973807,constant,
1.0,4134.06,4134.651,1359.800048828125,550.2999877929688,590.9999999994398,constant,
1.0,4134.67,4134.968,1274.5999755859375,548.2999877929688,297.99999999977445,constant,
1.0,4135.021,4135.059,795.2999877929688,420.70001220703125,38.00000000046566,constant,
1.0,4135.267,4135.506,554.9000244140625,332.3999938964844,239.0000000004875,constant,
1.0,4135.532,4135.862,518.2999877929688,492.1000061035156,329.99999999992724,constant,
1.0,4135.881,4136.245,458.6000061035156,479.5,363.999999999578,constant,
1.0,4136.271,4136.536,310.6000061035156,498.0,265.0000000003274,constant,
1.0,4136.588,4137.078,695.2999877929688,657.2000122070312,490.0000000006912,constant,
1.0,4137.265,4137.715,539.9000244140625,543.9000244140625,449.9999999998181,constant,
1.0,4137.732,4137.992,518.2999877929688,501.29998779296875,260.0000000002183,constant,
1.0,4138.015,4138.355,431.8999938964844,490.6000061035156,339.999999999236,constant,
1.0,4138.401,4138.621,207.60000610351562,532.2000122070312,220.00000000025466,constant,
1.0,4138.639,4138.806,148.89999389648438,559.2999877929688,166.99999999946158,constant,
1.0,4139.067,4139.089,875.4000244140625,626.5,21.999999999934516,constant,
1.0,4139.103,4139.228,866.9000244140625,691.9000244140625,125.0,constant,
1.0,4139.237,4139.626,842.7000122070312,686.7999877929688,389.0000000001237,constant,
1.0,4139.685,4139.88,455.29998779296875,507.8999938964844,194.99999999970896,constant,
1.0,4139.897,4140.136,374.1000061035156,490.3999938964844,239.0000000004875,constant,
1.0,4140.198,4140.397,642.0999755859375,602.2999877929688,198.99999999961437,constant,
1.0,4140.44,4140.709,403.20001220703125,505.79998779296875,269.00000000023283,constant,
1.0,4140.746,4140.984,637.7000122070312,497.0,238.00000000028376,constant,
1.0,4141.024,4141.189,805.4000244140625,575.4000244140625,164.99999999996362,constant,
1.0,4141.229,4141.562,547.4000244140625,495.79998779296875,332.9999999996289,constant,
1.0,4141.584,4142.675,467.3999938964844,477.1000061035156,1091.0000000003492,constant,
1.0,4142.69,4142.983,432.0,482.6000061035156,293.0000000005748,constant,
1.0,4143.011,4143.263,249.10000610351562,509.8999938964844,251.99999999949796,constant,
1.0,4143.284,4143.558,135.60000610351562,541.9000244140625,274.00000000034197,constant,
1.0,4143.629,4143.947,728.0,682.7999877929688,318.000000000211,constant,
1.0,4143.967,4144.394,825.2999877929688,676.0,427.00000000058935,constant,
1.0,4144.419,4145.321,953.2000122070312,647.0,902.0000000000437,constant,
1.0,4145.348,4145.711,1163.4000244140625,600.5,363.00000000028376,constant,
1.0,4145.887,4146.1,1447.4000244140625,501.3999938964844,213.00000000064756,constant,
1.0,4146.121,4146.382,1352.300048828125,534.5999755859375,260.9999999995125,constant,
1.0,4146.404,4146.792,1263.199951171875,542.2999877929688,387.99999999991996,constant,
1.0,4146.835,4147.269,978.7999877929688,623.5,434.00000000019645,constant,
1.0,4147.292,4147.469,858.2000122070312,674.7000122070312,176.99999999967986,constant,
1.0,4147.49,4147.677,796.2999877929688,685.5999755859375,186.99999999989814,constant,
1.0,4147.7,4147.961,672.0,716.5,261.000000000422,constant,
1.0,4148.011,4148.391,359.0,566.2999877929688,379.99999999919964,constant,
1.0,4148.431,4148.652,99.5999984741211,754.7000122070312,221.00000000045839,constant,
1.0,4148.664,4149.121,110.0,808.9000244140625,457.0000000003347,constant,
1.0,4149.172,4149.329,411.70001220703125,773.5999755859375,157.0000000001528,constant,
1.0,4149.375,4149.857,673.5999755859375,712.2999877929688,481.9999999999709,constant,
1.0,4149.875,4150.033,741.0,691.0,158.00000000035652,constant,
1.0,4150.056,4150.425,880.5,660.0,369.00000000059663,constant,
1.0,4150.467,4150.753,1111.5,763.2000122070312,286.0000000000582,constant,
1.0,4150.779,4151.02,1068.5,613.9000244140625,240.99999999998545,constant,
1.0,4151.058,4151.57,1290.4000244140625,535.5,511.99999999971624,constant,
1.0,4151.651,4151.822,500.8999938964844,467.1000061035156,171.0000000002765,constant,
1.0,4151.846,4152.213,361.1000061035156,458.1000061035156,367.0000000001892,constant,
1.0,4152.237,4152.286,247.5,521.5999755859375,48.99999999997817,constant,
1.0,4152.729,4153.35,967.9000244140625,473.5,621.0000000000946,constant,
1.0,4153.376,4153.855,1168.0999755859375,481.6000061035156,478.9999999993597,constant,
1.0,4153.875,4154.141,1255.800048828125,500.3999938964844,265.99999999962165,constant,
1.0,4154.196,4154.621,909.7000122070312,554.0,425.0000000001819,constant,
1.0,4154.675,4154.831,512.4000244140625,461.0,155.99999999994907,constant,
1.0,4154.856,4155.176,391.3999938964844,450.79998779296875,320.00000000061846,constant,
1.0,4155.316,4155.592,243.10000610351562,505.5,275.99999999983993,constant,
1.0,4155.614,4155.862,144.8000030517578,527.7999877929688,248.00000000050204,constant,
1.0,4155.909,4156.059,476.0,683.2999877929688,150.0000000005457,constant,
1.0,4156.098,4156.73,677.2999877929688,703.0,631.9999999996071,constant,
1.0,4156.754,4157.066,548.9000244140625,667.4000244140625,311.99999999989814,constant,
1.0,4157.091,4157.612,425.1000061035156,589.5,520.9999999997308,constant,
1.0,4157.636,4157.885,593.7000122070312,536.2000122070312,248.99999999979627,constant,
1.0,4157.903,4158.271,551.7000122070312,502.0,367.9999999994834,constant,
1.0,4158.287,4158.979,501.29998779296875,468.6000061035156,692.0000000000073,constant,
1.0,4158.988,4159.619,835.0999755859375,536.0999755859375,630.9999999994034,,
1.0,4159.694,4159.732,816.2000122070312,509.3999938964844,37.99999999955617,constant,
1.0,4159.738,4159.954,822.5999755859375,535.2999877929688,215.99999999943975,constant,
1.0,4160.117,4160.963,827.5999755859375,531.7999877929688,845.9999999995489,constant,
1.0,4161.006,4161.28,1138.4000244140625,522.7000122070312,273.9999999994325,constant,
1.0,4161.407,4161.673,727.5,701.7000122070312,265.99999999962165,constant,
1.0,4161.713,4162.049,775.0999755859375,485.1000061035156,336.0000000002401,constant,
1.0,4162.094,4162.363,1112.4000244140625,503.0,269.00000000023283,constant,
1.0,4162.417,4162.723,824.4000244140625,412.6000061035156,305.99999999958527,constant,
1.0,4162.744,4162.904,800.2000122070312,492.79998779296875,160.00000000076398,constant,
1.0,4163.083,4163.274,469.70001220703125,458.70001220703125,191.00000000071304,constant,
1.0,4163.298,4163.48,387.5,384.20001220703125,181.999999999789,constant,
1.0,4163.553,4163.769,1075.0,426.5,216.00000000034925,constant,
1.0,4163.797,4164.067,1291.0,430.0,270.00000000043656,constant,
1.0,4164.108,4164.199,1465.5,374.20001220703125,90.99999999943975,constant,
1.0,4164.251,4164.556,1089.5,573.7999877929688,304.99999999938154,constant,
1.0,4164.594,4164.739,1049.800048828125,758.7000122070312,144.99999999952706,constant,
1.0,4164.798,4165.053,630.0,825.7000122070312,255.00000000010914,constant,
1.0,4165.259,4165.536,1225.199951171875,478.29998779296875,277.00000000004366,constant,
1.0,4165.559,4165.926,1113.699951171875,544.5999755859375,367.0000000001892,constant,
1.0,4165.973,4166.182,1449.699951171875,588.9000244140625,208.99999999983265,constant,
1.0,4166.228,4166.502,1393.699951171875,338.70001220703125,274.00000000034197,constant,
1.0,4166.524,4166.617,1368.300048828125,272.79998779296875,92.9999999998472,constant,
1.0,4166.678,4166.855,728.0999755859375,198.10000610351562,176.99999999967986,constant,
1.0,4166.896,4167.25,1108.4000244140625,188.1999969482422,354.0000000002692,constant,
1.0,4167.296,4167.698,789.0,187.3000030517578,402.00000000004366,constant,
1.0,4167.716,4167.946,750.2999877929688,168.0,229.99999999956344,constant,
1.0,4168.104,4168.328,1121.199951171875,475.1000061035156,224.00000000016007,constant,
1.0,4168.401,4168.585,511.70001220703125,828.2000122070312,184.00000000019645,constant,
1.0,4168.634,4168.844,357.6000061035156,508.70001220703125,210.00000000003638,constant,
1.0,4168.869,4169.422,405.29998779296875,373.3999938964844,552.9999999998836,constant,
1.0,4169.429,4169.567,416.3999938964844,366.29998779296875,137.99999999991996,constant,
1.0,4169.635,4169.793,529.7999877929688,893.5,157.99999999944703,constant,
1.0,4169.86,4170.296,415.5,294.3999938964844,436.0000000006039,constant,
1.0,4170.478,4170.995,720.7999877929688,350.20001220703125,516.9999999998254,constant,
1.0,4171.042,4171.377,876.9000244140625,604.4000244140625,335.0000000000364,constant,
1.0,4171.42,4171.558,665.9000244140625,655.2000122070312,137.99999999991996,constant,
1.0,4171.753,4171.907,1579.0,662.5999755859375,154.0000000004511,constant,
1.0,4171.948,4172.356,1363.0999755859375,499.20001220703125,407.999999999447,constant,
1.0,4172.376,4172.608,1422.9000244140625,530.7999877929688,231.9999999999709,constant,
1.0,4172.676,4172.955,721.4000244140625,733.7000122070312,278.9999999995416,constant,
1.0,4172.996,4173.27,604.0,849.0,274.00000000034197,constant,
1.0,4173.324,4173.839,366.1000061035156,493.8999938964844,515.0000000003274,constant,
1.0,4173.872,4174.109,518.5,323.29998779296875,237.00000000008004,constant,
1.0,4174.159,4174.388,899.5,280.1000061035156,229.0000000002692,constant,
1.0,4174.431,4174.564,1178.0999755859375,351.8999938964844,133.00000000072032,constant,
1.0,4174.702,4174.929,1185.199951171875,387.0,226.99999999986176,constant,
1.0,4174.964,4175.164,1116.0999755859375,217.60000610351562,199.9999999998181,constant,
1.0,4175.352,4175.555,1209.699951171875,295.3999938964844,203.00000000042928,constant,
1.0,4175.578,4175.783,1239.0,409.6000061035156,204.99999999992724,constant,
1.0,4175.949,4176.181,1154.4000244140625,397.70001220703125,231.9999999999709,constant,
1.0,4176.233,4176.586,850.7999877929688,487.8999938964844,353.0000000000655,constant,
1.0,4176.632,4176.865,804.0999755859375,667.9000244140625,233.00000000017462,constant,
1.0,4176.89,4177.094,699.0999755859375,697.0999755859375,203.9999999997235,constant,
1.0,4177.127,4177.43,581.5999755859375,473.8999938964844,302.9999999998836,constant,
1.0,4177.578,4177.792,597.7000122070312,482.8999938964844,213.9999999999418,constant,
1.0,4177.837,4178.126,646.0999755859375,291.8999938964844,288.9999999997599,constant,
1.0,4178.143,4178.331,610.2000122070312,304.3999938964844,188.00000000010186,constant,
1.0,4178.375,4178.632,357.79998779296875,259.29998779296875,256.9999999996071,constant,
1.0,4178.672,4178.986,536.5999755859375,207.39999389648438,314.0000000003056,constant,
1.0,4179.006,4179.186,490.5,208.8000030517578,179.99999999938154,constant,
1.0,4179.335,4179.751,470.79998779296875,238.3000030517578,416.00000000016735,constant,
1.0,4179.801,4180.125,380.5,566.2000122070312,323.9999999996144,constant,
1.0,4180.149,4180.566,247.1999969482422,615.5,416.9999999994616,constant,
1.0,4180.611,4180.841,479.29998779296875,792.5999755859375,230.00000000047294,constant,
1.0,4180.862,4181.284,367.20001220703125,816.4000244140625,421.9999999995707,constant,
1.0,4181.498,4181.819,1203.9000244140625,528.2000122070312,321.0000000008222,constant,
1.0,4181.832,4182.126,1147.199951171875,535.2999877929688,293.99999999986903,constant,
1.0,4182.147,4182.208,1160.0999755859375,463.1000061035156,60.99999999969441,constant,
1.0,4182.398,4182.976,1150.199951171875,415.0,577.9999999995198,constant,
1.0,4183.021,4183.349,877.2999877929688,362.6000061035156,328.0000000004293,constant,
1.0,4183.368,4183.569,809.2000122070312,361.70001220703125,201.00000000002183,constant,
1.0,4183.59,4183.766,725.9000244140625,413.8999938964844,175.99999999947613,constant,
1.0,4183.936,4184.261,641.7999877929688,418.70001220703125,325.0000000007276,constant,
1.0,4184.327,4184.932,1326.0,347.8999938964844,604.9999999995634,constant,
1.0,4184.962,4185.048,1183.5999755859375,314.79998779296875,85.99999999933061,constant,
1.0,4185.254,4185.485,1151.4000244140625,293.79998779296875,230.99999999976717,constant,
1.0,4185.504,4185.681,1192.4000244140625,214.1999969482422,176.99999999967986,constant,
1.0,4185.706,4186.033,1093.5999755859375,255.3000030517578,327.00000000022555,constant,
1.0,4186.227,4186.453,612.5,349.79998779296875,226.00000000056752,constant,
1.0,4186.476,4186.702,538.2999877929688,385.29998779296875,226.00000000056752,constant,
1.0,4186.739,4186.941,370.8999938964844,376.3999938964844,202.00000000022555,constant,
1.0,4186.966,4187.414,481.1000061035156,311.70001220703125,447.99999999941065,constant,
1.0,4187.616,4188.004,618.9000244140625,285.8999938964844,387.99999999991996,constant,
1.0,4188.027,4188.382,725.4000244140625,213.89999389648438,354.99999999956344,constant,
1.0,4188.4,4188.812,684.4000244140625,191.8000030517578,412.00000000026193,constant,
1.0,4189.001,4189.512,1015.2999877929688,227.5,510.9999999995125,constant,
1.0,4189.564,4189.859,1238.0999755859375,456.29998779296875,295.00000000007276,constant,
1.0,4190.094,4190.312,1122.5,426.3999938964844,217.9999999998472,constant,
1.0,4190.323,4190.595,1161.0,427.3999938964844,271.9999999999345,constant,
1.0,4190.666,4190.964,611.9000244140625,761.0999755859375,297.99999999977445,constant,
1.0,4190.989,4191.224,417.8999938964844,790.0999755859375,235.00000000058208,constant,
1.0,4191.268,4192.066,732.5999755859375,693.5,797.9999999997744,constant,
1.0,4192.116,4192.623,402.20001220703125,578.0,506.9999999996071,constant,
1.0,4192.649,4193.09,609.2999877929688,555.0999755859375,440.99999999980355,constant,
1.0,4193.116,4193.548,785.5,541.9000244140625,431.999999999789,constant,
1.0,4193.734,4194.277,773.5,387.5,542.9999999996653,constant,
1.0,4194.295,4194.924,833.5,364.8999938964844,628.9999999999054,constant,
1.0,4194.968,4195.196,1142.199951171875,387.0,228.00000000006548,constant,
1.0,4195.377,4196.691,1157.199951171875,420.8999938964844,1313.999999999396,constant,
1.0,4196.749,4197.421,805.2000122070312,221.3000030517578,672.0000000004802,constant,
1.0,4197.444,4197.586,689.2999877929688,192.6999969482422,141.99999999982538,constant,
1.0,4197.768,4197.952,1336.4000244140625,317.0,184.00000000019645,constant,
1.0,4198.007,4198.628,830.7000122070312,223.8000030517578,621.0000000000946,constant,
1.0,4198.65,4199.214,904.0999755859375,246.89999389648438,564.0000000003056,constant,
1.0,4199.229,4199.439,878.0999755859375,239.8000030517578,210.00000000003638,constant,
1.0,4199.619,4199.888,1378.0999755859375,311.79998779296875,269.00000000023283,constant,
1.0,4199.926,4200.204,1482.699951171875,490.5,277.9999999993379,constant,
1.0,4200.227,4200.434,1390.5,495.70001220703125,207.0000000003347,constant,
1.0,4200.624,4200.946,1320.0,511.5,322.0000000001164,constant,
1.0,4200.98,4201.347,1126.4000244140625,456.5,367.0000000001892,constant,
1.0,4201.358,4201.503,1107.5,428.29998779296875,144.99999999952706,constant,
1.0,4201.524,4201.943,1167.0999755859375,426.1000061035156,418.99999999986903,constant,
1.0,4202.126,4202.27,548.2000122070312,366.3999938964844,144.00000000023283,constant,
1.0,4202.296,4202.636,404.0,360.29998779296875,340.0000000001455,constant,
1.0,4202.694,4202.935,672.7999877929688,737.0,240.99999999998545,constant,
1.0,4202.958,4203.149,739.5,718.2999877929688,191.00000000071304,constant,
1.0,4203.161,4203.421,725.0999755859375,717.7000122070312,260.0000000002183,constant,
1.0,4203.468,4203.749,424.6000061035156,743.7000122070312,280.99999999994907,constant,
1.0,4203.772,4204.0,314.1000061035156,703.7999877929688,228.00000000006548,constant,
1.0,4204.047,4204.229,464.8999938964844,487.70001220703125,182.0000000006985,constant,
1.0,4204.395,4205.101,636.9000244140625,441.1000061035156,705.9999999992215,constant,
1.0,4205.377,4205.629,1093.0,370.70001220703125,251.99999999949796,constant,
1.0,4205.876,4206.224,1044.199951171875,320.1000061035156,347.99999999995634,constant,
1.0,4206.247,4206.533,1160.199951171875,252.1999969482422,286.0000000000582,constant,
1.0,4206.552,4206.759,1100.0999755859375,266.29998779296875,207.0000000003347,constant,
1.0,4206.814,4207.078,680.0999755859375,234.10000610351562,264.0000000001237,constant,
1.0,4207.104,4207.283,815.5,219.5,179.0000000000873,constant,
1.0,4207.317,4207.69,690.5999755859375,179.10000610351562,372.99999999959255,constant,
1.0,4207.911,4208.158,1342.800048828125,312.70001220703125,247.00000000029831,constant,
1.0,4208.18,4208.46,1426.0,259.1000061035156,279.99999999974534,constant,
1.0,4208.496,4208.803,1524.199951171875,307.20001220703125,306.999999999789,constant,
1.0,4208.879,4209.192,1240.5,626.7000122070312,313.00000000010186,constant,
1.0,4209.219,4209.749,1109.5,647.0999755859375,529.9999999997453,constant,
1.0,4209.781,4209.981,1157.5,466.6000061035156,199.9999999998181,constant,
1.0,4210.02,4210.243,898.7999877929688,569.5,222.99999999995634,constant,
1.0,4210.268,4210.444,754.4000244140625,652.2000122070312,176.00000000038563,constant,
1.0,4210.456,4210.64,728.0,680.0,184.00000000019645,constant,
1.0,4210.68,4210.972,946.2999877929688,600.5999755859375,291.9999999994616,constant,
1.0,4210.99,4211.017,1001.7999877929688,598.0999755859375,27.000000000043656,constant,
1.0,4211.224,4211.596,999.9000244140625,579.0,371.9999999993888,constant,
1.0,4211.63,4212.086,861.9000244140625,655.0,456.00000000013097,constant,
1.0,4212.109,4212.698,924.0999755859375,741.0999755859375,588.9999999999418,constant,
1.0,4212.713,4213.627,914.7999877929688,784.0,914.0000000006694,constant,
1.0,4213.666,4213.928,678.7000122070312,746.0999755859375,261.99999999971624,constant,
1.0,4213.946,4214.201,734.7000122070312,713.5999755859375,255.00000000010914,constant,
1.0,4214.246,4214.552,442.29998779296875,795.0,305.99999999958527,constant,
1.0,4214.697,4215.219,520.7999877929688,836.2999877929688,521.9999999999345,constant,
1.0,4215.254,4215.86,731.5999755859375,867.9000244140625,605.9999999997672,constant,
1.0,4215.886,4216.319,902.4000244140625,819.5,432.9999999999927,constant,
1.0,4216.332,4216.669,895.2000122070312,779.0,336.99999999953434,constant,
1.0,4216.723,4216.943,1274.9000244140625,734.2000122070312,220.00000000025466,constant,
1.0,4216.97,4217.308,1085.9000244140625,743.2999877929688,337.99999999973807,constant,
1.0,4217.32,4217.647,1038.0,749.5999755859375,327.00000000022555,constant,
1.0,4217.669,4217.932,1101.199951171875,806.7000122070312,262.99999999991996,constant,
1.0,4217.971,4218.382,1006.5,651.5999755859375,411.0000000000582,constant,
1.0,4218.409,4218.668,918.9000244140625,513.5,259.00000000001455,constant,
1.0,4218.685,4218.917,967.7999877929688,563.2999877929688,231.9999999999709,constant,
1.0,4218.963,4219.353,873.2999877929688,349.79998779296875,390.0000000003274,constant,
1.0,4219.413,4219.462,980.2999877929688,719.4000244140625,49.00000000088767,constant,
1.0,4219.471,4221.282,823.7000122070312,543.5,1811.000000000604,,
1.0,4221.304,4221.505,815.5999755859375,456.20001220703125,201.00000000002183,passive,
1.0,4221.555,4221.754,471.29998779296875,586.5999755859375,198.99999999961437,passive,
1.0,4221.799,4221.996,242.1999969482422,759.2000122070312,197.00000000011642,passive,
1.0,4222.061,4222.293,920.0999755859375,560.2999877929688,231.9999999999709,passive,
1.0,4222.349,4222.545,1348.300048828125,801.4000244140625,195.9999999999127,passive,
1.0,4222.576,4222.91,1511.5999755859375,847.2000122070312,333.99999999983265,passive,
1.0,4222.981,4223.239,933.7999877929688,427.1000061035156,257.9999999998108,passive,
1.0,4223.275,4223.591,731.7999877929688,484.1000061035156,316.00000000071304,passive,
1.0,4223.649,4223.967,254.10000610351562,594.2999877929688,317.9999999993015,passive,
1.0,4224.02,4224.188,118.0,848.5,167.9999999996653,passive,
1.0,4224.248,4224.559,456.70001220703125,354.6000061035156,311.0000000006039,passive,
1.0,4224.6,4224.772,287.29998779296875,464.70001220703125,171.99999999957072,passive,
1.0,4224.827,4225.241,540.4000244140625,912.2999877929688,413.9999999997599,passive,
1.0,4225.324,4225.404,981.9000244140625,485.0,80.00000000083674,passive,
1.0,4225.436,4225.593,780.7000122070312,556.5,157.0000000001528,passive,
1.0,4225.604,4226.044,810.4000244140625,543.4000244140625,439.9999999995998,passive,
1.0,4226.072,4226.46,762.2000122070312,346.0,387.99999999991996,passive,
1.0,4226.484,4226.845,760.0999755859375,218.5,360.9999999998763,passive,
1.0,4226.861,4227.088,816.5,180.5,226.99999999986176,passive,
1.0,4227.132,4227.283,1100.4000244140625,232.60000610351562,151.00000000074942,passive,
1.0,4227.361,4227.577,1198.4000244140625,718.4000244140625,216.00000000034925,passive,
1.0,4227.623,4227.784,822.0999755859375,815.9000244140625,161.0000000000582,passive,
1.0,4227.817,4228.077,787.5,626.5,260.0000000002183,passive,
1.0,4228.124,4228.317,531.5999755859375,741.7999877929688,193.000000000211,passive,
1.0,4228.335,4228.622,551.2000122070312,675.7999877929688,287.00000000026193,passive,
1.0,4228.661,4228.837,299.6000061035156,702.5999755859375,176.00000000038563,passive,
1.0,4228.89,4229.058,501.70001220703125,372.70001220703125,167.9999999996653,passive,
1.0,4229.083,4229.56,675.2999877929688,361.20001220703125,477.00000000077125,passive,
1.0,4229.58,4229.771,597.7999877929688,357.20001220703125,190.99999999980355,passive,
1.0,4229.808,4230.028,450.20001220703125,267.6000061035156,220.00000000025466,passive,
1.0,4230.066,4230.362,280.70001220703125,231.10000610351562,296.0000000002765,passive,
1.0,4230.416,4230.558,284.8999938964844,604.2999877929688,141.99999999982538,passive,
1.0,4230.639,4230.708,1306.300048828125,442.70001220703125,68.99999999950523,passive,
1.0,4230.732,4230.82,1381.5,352.6000061035156,87.99999999973807,passive,
1.0,4230.845,4231.134,1440.800048828125,220.10000610351562,288.9999999997599,passive,
1.0,4231.152,4231.439,1406.0999755859375,160.0,287.00000000026193,passive,
1.0,4231.516,4231.606,541.5,161.60000610351562,90.00000000014552,passive,
1.0,4231.639,4231.911,758.0,169.5,271.9999999999345,passive,
1.0,4231.963,4232.052,755.0,437.6000061035156,88.99999999994179,passive,
1.0,4232.078,4232.321,823.2000122070312,518.7000122070312,242.9999999994834,passive,
1.0,4232.344,4232.55,801.7999877929688,399.29998779296875,206.00000000013097,passive,
1.0,4232.573,4232.776,852.0999755859375,471.20001220703125,202.9999999995198,passive,
1.0,4232.802,4232.925,716.5,587.2999877929688,123.00000000050204,passive,
1.0,4232.944,4233.289,692.0,641.2000122070312,344.99999999934516,passive,
1.0,4233.335,4233.734,1082.9000244140625,675.2000122070312,399.00000000034197,passive,
1.0,4233.772,4233.975,1298.300048828125,669.0,203.00000000042928,passive,
1.0,4234.112,4234.463,950.5999755859375,674.5,350.99999999965803,passive,
1.0,4234.482,4234.574,950.7000122070312,749.0999755859375,91.99999999964348,passive,
1.0,4234.614,4234.765,695.5,742.0999755859375,151.00000000074942,passive,
1.0,4234.806,4235.145,987.7999877929688,824.7000122070312,339.0000000008513,passive,
1.0,4235.187,4235.406,675.2999877929688,818.7999877929688,219.00000000005093,passive,
1.0,4235.466,4235.771,855.4000244140625,358.3999938964844,304.99999999938154,passive,
1.0,4235.794,4235.892,933.5999755859375,390.20001220703125,97.99999999995634,passive,
1.0,4235.934,4236.132,1072.800048828125,195.8000030517578,197.99999999941065,passive,
1.0,4236.167,4236.454,869.7999877929688,170.1999969482422,286.99999999935244,passive,
1.0,4236.524,4236.829,269.8999938964844,326.70001220703125,304.99999999938154,passive,
1.0,4236.9,4237.026,883.7999877929688,560.7999877929688,126.00000000020373,passive,
1.0,4237.05,4237.277,792.0999755859375,526.7999877929688,226.99999999986176,passive,
1.0,4237.298,4237.591,759.2000122070312,420.3999938964844,293.0000000005748,passive,
1.0,4237.632,4237.826,457.6000061035156,581.2000122070312,194.00000000041473,passive,
1.0,4237.85,4237.974,417.0,686.9000244140625,123.99999999979627,passive,
1.0,4237.987,4238.45,452.5,715.7000122070312,462.99999999973807,passive,
1.0,4238.469,4238.586,413.3999938964844,660.7999877929688,117.00000000018917,passive,
1.0,4238.647,4238.845,961.0999755859375,457.6000061035156,198.00000000032014,passive,
1.0,4238.886,4239.0,1225.300048828125,419.70001220703125,113.999999999578,passive,
1.0,4239.121,4239.323,1240.4000244140625,391.20001220703125,202.00000000022555,passive,
1.0,4239.358,4239.534,1465.0,413.29998779296875,175.99999999947613,passive,
1.0,4239.614,4239.834,555.2000122070312,407.5,220.00000000025466,passive,
1.0,4239.859,4239.961,438.5,409.79998779296875,101.99999999986176,passive,
1.0,4239.994,4240.229,709.2999877929688,401.20001220703125,235.00000000058208,passive,
1.0,4240.271,4240.511,985.0999755859375,408.8999938964844,240.00000000069122,passive,
1.0,4240.558,4240.861,659.0,415.8999938964844,302.9999999998836,passive,
1.0,4240.91,4241.171,1127.5,446.0,261.000000000422,passive,
1.0,4241.21,4241.518,851.7999877929688,435.20001220703125,307.9999999999927,passive,
1.0,4241.57,4241.68,470.1000061035156,600.7000122070312,110.00000000058208,passive,
1.0,4241.722,4242.199,802.2999877929688,541.9000244140625,476.99999999986176,passive,
1.0,4242.222,4242.766,792.0,449.20001220703125,543.999999999869,passive,
1.0,4242.809,4243.005,1007.5999755859375,443.29998779296875,195.9999999999127,passive,
1.0,4243.043,4243.233,782.2000122070312,366.79998779296875,190.00000000050932,passive,
1.0,4243.257,4243.564,648.2999877929688,483.29998779296875,307.0000000006985,passive,
1.0,4243.613,4244.034,823.5,758.9000244140625,420.999999999367,passive,
1.0,4244.091,4244.382,347.70001220703125,758.0999755859375,290.99999999925785,passive,
1.0,4244.439,4244.652,875.5999755859375,881.7999877929688,212.99999999973807,passive,
1.0,4244.712,4245.124,291.1000061035156,872.0999755859375,411.99999999935244,passive,
1.0,4245.18,4245.492,310.6000061035156,340.79998779296875,311.99999999989814,passive,
1.0,4245.542,4245.868,818.0,412.1000061035156,326.0000000000218,passive,
1.0,4245.921,4246.631,1275.5999755859375,511.3999938964844,710.0000000000364,passive,
1.0,4246.691,4247.064,722.7999877929688,573.0999755859375,373.00000000050204,passive,
1.0,4247.1,4247.726,589.0,645.5999755859375,625.9999999992942,passive,
1.0,4247.755,4248.028,830.9000244140625,692.5999755859375,273.00000000013824,passive,
1.0,4248.055,4248.185,785.7999877929688,581.0999755859375,130.00000000010914,passive,
1.0,4248.199,4248.388,812.7999877929688,533.5999755859375,189.0000000003056,passive,
1.0,4248.406,4248.99,780.7000122070312,450.29998779296875,583.9999999998327,passive,
1.0,4249.026,4249.206,966.2000122070312,539.5,180.00000000029104,passive,
1.0,4249.248,4249.547,692.5999755859375,453.0,298.9999999999782,passive,
1.0,4249.6,4249.805,962.7000122070312,705.5,204.99999999992724,passive,
1.0,4249.956,4249.991,660.7999877929688,736.9000244140625,34.99999999985448,passive,
1.0,4250.001,4250.028,657.9000244140625,738.7999877929688,27.000000000043656,passive,
1.0,4250.209,4250.373,233.0,808.2999877929688,163.9999999997599,passive,
1.0,4250.458,4250.553,1119.4000244140625,863.4000244140625,95.00000000025466,passive,
1.0,4250.597,4250.779,1402.699951171875,897.9000244140625,182.0000000006985,passive,
1.0,4250.801,4251.096,1476.5999755859375,857.7999877929688,294.99999999916326,passive,
1.0,4251.107,4251.33,1509.199951171875,875.2999877929688,222.99999999995634,passive,
1.0,4251.411,4251.63,1060.9000244140625,369.20001220703125,219.00000000005093,passive,
1.0,4251.684,4251.959,641.0999755859375,242.39999389648438,274.9999999996362,passive,
1.0,4251.992,4252.144,829.4000244140625,228.8000030517578,152.00000000004366,passive,
1.0,4252.171,4252.462,703.5999755859375,301.0,291.00000000016735,passive,
1.0,4252.505,4252.687,801.7000122070312,484.20001220703125,181.999999999789,passive,
1.0,4252.738,4252.84,986.9000244140625,543.7999877929688,101.99999999986176,passive,
1.0,4252.892,4252.971,1113.5999755859375,370.5,78.99999999972351,passive,
1.0,4252.992,4253.291,1068.4000244140625,283.8999938964844,298.9999999999782,passive,
1.0,4253.335,4253.663,1328.699951171875,153.60000610351562,327.9999999995198,passive,
1.0,4253.718,4253.829,830.0999755859375,366.0,110.99999999987631,passive,
1.0,4253.859,4253.977,874.0,489.79998779296875,117.9999999994834,passive,
1.0,4253.988,4254.189,847.7999877929688,512.5999755859375,201.00000000002183,passive,
1.0,4254.212,4254.383,804.0,418.8999938964844,170.999999999367,passive,
1.0,4254.491,4254.579,875.2000122070312,408.8999938964844,87.99999999973807,passive,
1.0,4254.604,4254.787,917.9000244140625,518.5,182.99999999999272,passive,
1.0,4254.842,4254.981,493.20001220703125,640.5,139.0000000001237,passive,
1.0,4255.026,4255.105,685.7000122070312,786.5999755859375,78.99999999972351,passive,
1.0,4255.13,4255.269,653.5999755859375,856.7999877929688,139.0000000001237,passive,
1.0,4255.28,4255.95,615.7999877929688,844.5,670.0000000000728,passive,
1.0,4255.971,4256.168,665.5999755859375,843.4000244140625,197.00000000011642,passive,
1.0,4256.179,4256.505,635.2999877929688,844.2000122070312,326.0000000000218,passive,
1.0,4256.709,4256.777,838.9000244140625,462.5,68.000000000211,passive,
1.0,4256.79,4257.158,817.4000244140625,500.20001220703125,368.0000000003929,passive,
1.0,4257.171,4257.342,823.2000122070312,466.20001220703125,170.999999999367,passive,
1.0,4257.388,4257.757,527.4000244140625,385.70001220703125,368.99999999968713,passive,
1.0,4257.799,4258.088,679.2000122070312,570.2999877929688,288.9999999997599,passive,
1.0,4258.229,4258.581,996.0,646.7999877929688,351.99999999986176,passive,
1.0,4258.622,4258.922,1208.699951171875,769.7999877929688,299.9999999992724,passive,
1.0,4258.996,4259.288,559.4000244140625,370.6000061035156,291.9999999994616,passive,
1.0,4259.309,4259.621,556.0999755859375,276.8999938964844,311.99999999989814,passive,
1.0,4259.642,4259.759,610.7000122070312,349.1000061035156,117.00000000018917,passive,
1.0,4259.945,4260.369,823.9000244140625,527.0,423.9999999999782,passive,
1.0,4260.382,4260.636,787.9000244140625,475.0,254.0000000008149,passive,
1.0,4260.66,4260.867,695.7999877929688,394.20001220703125,207.0000000003347,passive,
1.0,4260.922,4261.083,1099.4000244140625,188.1999969482422,161.0000000000582,passive,
1.0,4261.104,4261.659,1168.9000244140625,165.89999389648438,554.9999999993815,passive,
1.0,4261.694,4261.935,978.0,301.1000061035156,240.99999999998545,passive,
1.0,4261.959,4262.132,1087.0,285.8999938964844,172.99999999977445,passive,
1.0,4262.145,4262.877,1048.800048828125,285.3999938964844,731.9999999999709,passive,
1.0,4262.959,4263.222,312.5,474.29998779296875,262.99999999991996,passive,
1.0,4263.261,4263.437,101.5,523.4000244140625,175.99999999947613,passive,
1.0,4263.506,4263.734,810.9000244140625,490.5,228.00000000006548,passive,
1.0,4263.747,4263.936,800.5999755859375,445.29998779296875,188.9999999993961,passive,
1.0,4263.961,4264.222,682.0,388.20001220703125,260.9999999995125,passive,
1.0,4264.267,4264.525,942.5,376.79998779296875,257.9999999998108,passive,
1.0,4264.546,4264.746,1027.300048828125,403.70001220703125,199.9999999998181,passive,
1.0,4264.792,4265.036,655.2000122070312,429.6000061035156,243.99999999968713,passive,
1.0,4265.077,4265.166,444.29998779296875,471.5,88.99999999994179,passive,
1.0,4265.175,4265.954,826.0999755859375,530.2000122070312,778.9999999995416,,
1.0,4266.085,4266.819,820.5,532.4000244140625,734.0000000003783,passive,
1.0,4266.866,4266.982,549.5999755859375,402.79998779296875,115.99999999998545,passive,
1.0,4267.033,4267.235,768.0999755859375,709.7000122070312,201.99999999931606,passive,
1.0,4267.275,4267.54,948.7000122070312,840.0,265.0000000003274,passive,
1.0,4267.613,4267.823,760.2999877929688,282.70001220703125,210.00000000003638,passive,
1.0,4267.873,4268.1,407.5,211.8000030517578,227.00000000077125,passive,
1.0,4268.154,4268.491,865.9000244140625,589.7999877929688,336.99999999953434,passive,
1.0,4268.548,4268.708,978.9000244140625,845.0999755859375,159.99999999985448,passive,
1.0,4268.75,4268.882,1195.5999755859375,909.9000244140625,131.9999999996071,passive,
1.0,4268.958,4269.057,531.2000122070312,296.5,99.00000000016007,passive,
1.0,4269.097,4269.343,298.3999938964844,216.89999389648438,246.0000000000946,passive,
1.0,4269.365,4269.476,212.5,164.1999969482422,110.99999999987631,passive,
1.0,4269.545,4269.737,944.9000244140625,464.5,192.00000000000728,passive,
1.0,4269.764,4270.173,811.7999877929688,517.2000122070312,408.99999999965075,passive,
1.0,4270.195,4270.485,801.4000244140625,418.0,289.9999999999636,passive,
1.0,4270.503,4270.729,850.0999755859375,446.6000061035156,226.00000000056752,passive,
1.0,4270.767,4270.903,620.7999877929688,501.70001220703125,136.000000000422,passive,
1.0,4270.944,4271.098,678.0999755859375,250.89999389648438,153.99999999954161,passive,
1.0,4271.116,4271.225,614.7000122070312,286.3999938964844,109.00000000037835,passive,
1.0,4271.246,4271.471,564.7999877929688,324.8999938964844,224.9999999994543,passive,
1.0,4271.492,4271.75,568.5,232.8000030517578,257.9999999998108,passive,
1.0,4271.791,4272.029,749.5,180.10000610351562,238.00000000028376,passive,
1.0,4272.054,4272.258,652.5,186.39999389648438,203.9999999997235,passive,
1.0,4272.333,4272.479,552.0999755859375,621.5999755859375,146.00000000064028,passive,
1.0,4272.491,4272.661,560.9000244140625,592.5,170.00000000007276,passive,
1.0,4272.717,4272.798,1145.9000244140625,612.2999877929688,81.00000000013097,passive,
1.0,4272.844,4272.904,1071.5999755859375,409.3999938964844,60.00000000040018,passive,
1.0,4272.931,4273.366,972.4000244140625,311.3999938964844,435.0000000004002,passive,
1.0,4273.438,4273.601,1228.699951171875,733.5,162.99999999955617,passive,
1.0,4273.652,4273.848,791.0,536.0,195.9999999999127,passive,
1.0,4273.856,4274.35,810.2000122070312,526.9000244140625,494.00000000059663,passive,
1.0,4274.39,4274.536,572.4000244140625,478.0,145.9999999997308,passive,
1.0,4274.554,4274.712,624.9000244140625,488.29998779296875,158.00000000035652,passive,
1.0,4274.759,4274.961,269.8999938964844,479.1000061035156,202.00000000022555,passive,
1.0,4275.055,4275.206,1215.0,435.29998779296875,150.99999999983993,passive,
1.0,4275.234,4275.537,1376.0999755859375,422.1000061035156,302.9999999998836,passive,
1.0,4275.592,4275.741,811.5,421.6000061035156,149.00000000034197,passive,
1.0,4275.81,4276.145,1334.5999755859375,382.6000061035156,335.0000000000364,passive,
1.0,4276.204,4276.379,753.5999755859375,509.5,175.0000000001819,passive,
1.0,4276.401,4276.665,823.5999755859375,533.0,264.0000000001237,passive,
1.0,4276.683,4276.99,790.5999755859375,463.70001220703125,306.999999999789,passive,
1.0,4277.013,4277.178,707.7000122070312,412.29998779296875,164.99999999996362,passive,
1.0,4277.236,4277.477,1140.300048828125,481.29998779296875,240.99999999998545,passive,
1.0,4277.504,4277.809,1169.0,638.7000122070312,305.00000000029104,passive,
1.0,4277.832,4278.093,1100.4000244140625,729.7000122070312,260.9999999995125,passive,
1.0,4278.144,4278.285,1225.0,509.70001220703125,140.99999999962165,passive,
1.0,4278.305,4278.363,1226.5,429.5,57.999999999992724,passive,
1.0,4278.419,4278.894,704.0999755859375,401.8999938964844,475.0000000003638,passive,
1.0,4278.909,4279.321,689.5999755859375,435.20001220703125,412.00000000026193,passive,
1.0,4279.341,4279.561,748.0,392.8999938964844,219.99999999934516,passive,
1.0,4279.621,4279.768,1256.199951171875,654.0999755859375,146.99999999993452,passive,
1.0,4279.827,4279.913,1372.300048828125,743.5,85.99999999933061,passive,
1.0,4279.955,4280.066,1395.0999755859375,851.4000244140625,110.99999999987631,passive,
1.0,4280.089,4280.755,1472.300048828125,903.7000122070312,666.0000000001673,passive,
1.0,4280.777,4281.256,1504.0,985.2999877929688,479.0000000002692,passive,
1.0,4281.339,4281.63,709.5999755859375,505.3999938964844,291.00000000016735,passive,
1.0,4281.652,4281.821,712.5,428.20001220703125,168.99999999986903,passive,
1.0,4281.843,4282.406,765.7000122070312,373.20001220703125,563.0000000001019,passive,
1.0,4282.446,4282.698,696.0,538.4000244140625,252.00000000040745,passive,
1.0,4282.719,4283.403,818.4000244140625,476.70001220703125,684.0000000001965,passive,
1.0,4283.422,4283.472,801.5,509.3999938964844,50.0000000001819,passive,
1.0,4283.482,4283.628,801.5,529.0999755859375,145.9999999997308,passive,
1.0,4283.639,4283.944,808.9000244140625,556.9000244140625,305.00000000029104,passive,
1.0,4283.957,4284.179,829.7999877929688,590.7000122070312,221.99999999975262,passive,
1.0,4284.207,4284.494,660.7999877929688,728.7000122070312,286.99999999935244,passive,
1.0,4284.555,4284.792,1245.4000244140625,905.7999877929688,237.00000000008004,passive,
1.0,4284.838,4285.006,1311.699951171875,672.9000244140625,168.0000000005748,passive,
1.0,4285.053,4285.278,1299.9000244140625,362.3999938964844,225.0000000003638,passive,
1.0,4285.343,4285.471,1328.5,779.0,127.99999999970169,passive,
1.0,4285.487,4285.585,1339.0,734.2000122070312,97.99999999995634,passive,
1.0,4285.667,4285.814,442.5,589.5,146.99999999993452,passive,
1.0,4285.846,4286.265,294.3999938964844,403.3999938964844,419.0000000007785,passive,
1.0,4286.324,4286.617,327.20001220703125,699.0999755859375,293.0000000005748,passive,
1.0,4286.64,4286.933,293.1000061035156,809.0999755859375,292.9999999996653,passive,
1.0,4287.001,4287.169,905.5,553.0999755859375,167.9999999996653,passive,
1.0,4287.19,4288.15,821.0,535.9000244140625,960.0000000000364,passive,
1.0,4288.194,4288.557,531.0,678.5999755859375,362.99999999937427,passive,
1.0,4288.757,4289.183,1229.4000244140625,579.7999877929688,426.0000000003856,passive,
1.0,4289.23,4289.426,1064.300048828125,404.20001220703125,196.00000000082218,passive,
1.0,4289.5,4289.702,262.0,581.7000122070312,202.00000000022555,passive,
1.0,4289.749,4289.895,290.3999938964844,822.7999877929688,146.00000000064028,passive,
1.0,4289.96,4290.228,874.5999755859375,859.0999755859375,268.0000000000291,passive,
1.0,4290.277,4290.601,1075.800048828125,632.5,323.9999999996144,passive,
1.0,4290.662,4290.892,509.8999938964844,684.7000122070312,229.99999999956344,passive,
1.0,4290.931,4291.176,761.9000244140625,726.7000122070312,245.00000000080036,passive,
1.0,4291.224,4291.369,1073.9000244140625,651.7000122070312,144.99999999952706,passive,
1.0,4291.407,4291.652,1156.0999755859375,414.1000061035156,244.99999999989086,passive,
1.0,4291.68,4291.808,1029.699951171875,383.20001220703125,127.99999999970169,passive,
1.0,4291.87,4292.071,482.5,478.20001220703125,201.00000000002183,passive,
1.0,4292.095,4292.605,482.3999938964844,553.0999755859375,509.9999999993088,passive,
1.0,4292.646,4292.96,442.6000061035156,845.2999877929688,314.0000000003056,passive,
1.0,4292.999,4293.411,687.2000122070312,866.7000122070312,412.00000000026193,passive,
1.0,4293.445,4293.862,774.0,700.5,417.0000000003711,passive,
1.0,4293.915,4294.066,1139.0,653.9000244140625,150.99999999983993,passive,
1.0,4294.097,4294.588,1102.699951171875,436.6000061035156,490.99999999998545,passive,
1.0,4294.61,4295.258,1015.9000244140625,387.6000061035156,648.0000000001382,passive,
1.0,4295.283,4295.768,1098.5999755859375,483.8999938964844,484.9999999996726,passive,
1.0,4295.794,4296.61,1287.0,520.5999755859375,815.9999999998035,passive,
1.0,4296.651,4297.029,1051.5999755859375,421.1000061035156,378.0000000006112,passive,
1.0,4297.112,4297.427,308.6000061035156,478.79998779296875,314.9999999995998,passive,
1.0,4297.46,4299.014,486.1000061035156,529.5,1554.0000000000873,passive,
1.0,4299.038,4299.288,472.20001220703125,635.7000122070312,250.0,passive,
1.0,4299.318,4299.649,704.5999755859375,689.5,331.00000000013097,passive,
1.0,4299.697,4300.036,1051.9000244140625,705.0,338.9999999999418,passive,
1.0,4300.082,4300.478,1111.4000244140625,451.6000061035156,395.9999999997308,passive,
1.0,4300.499,4300.771,1024.5,387.29998779296875,271.9999999999345,passive,
1.0,4300.836,4302.782,547.2000122070312,544.7999877929688,1945.9999999999127,passive,
1.0,4302.834,4303.023,832.2999877929688,460.3999938964844,189.0000000003056,passive,
1.0,4303.063,4303.861,1075.0,402.3999938964844,797.9999999997744,passive,
1.0,4303.882,4304.045,1043.0999755859375,385.70001220703125,163.00000000046566,passive,
1.0,4304.105,4305.918,584.5,551.2999877929688,1813.0000000001019,passive,
1.0,4305.994,4306.366,982.5,660.2999877929688,372.0000000002983,passive,
1.0,4306.407,4306.461,726.4000244140625,668.5,54.00000000008731,passive,
1.0,4306.64,4307.074,707.5999755859375,680.0999755859375,433.99999999928696,passive,
1.0,4307.102,4307.278,844.5,535.4000244140625,176.00000000038563,passive,
1.0,4307.288,4308.021,825.0,518.5999755859375,733.0000000001746,passive,
1.0,4308.053,4308.459,685.2999877929688,456.0,405.99999999994907,passive,
1.0,4308.686,4309.678,694.5,395.3999938964844,992.0000000001892,passive,
1.0,4309.713,4310.862,880.4000244140625,549.5,1149.000000000342,passive,
1.0,4310.903,4311.108,655.9000244140625,457.8999938964844,204.99999999992724,passive,
1.0,4311.287,4311.713,746.4000244140625,441.5,425.99999999947613,passive,
1.0,4311.745,4312.275,915.5,637.9000244140625,529.9999999997453,passive,
1.0,4312.541,4313.526,732.5,472.20001220703125,984.9999999996726,passive,
1.0,4313.734,4314.22,793.9000244140625,481.1000061035156,485.9999999998763,passive,
1.0,4314.247,4314.75,924.0,623.0999755859375,502.9999999997017,passive,
1.0,4314.791,4315.216,694.7999877929688,482.20001220703125,425.0000000001819,passive,
1.0,4315.486,4315.856,774.7999877929688,499.79998779296875,369.99999999989086,passive,
1.0,4315.882,4316.264,905.2000122070312,385.3999938964844,382.0000000005166,passive,
1.0,4316.299,4316.616,737.9000244140625,476.0,317.0000000000073,passive,
1.0,4316.648,4316.82,939.4000244140625,592.4000244140625,171.99999999957072,passive,
1.0,4316.861,4317.21,741.2999877929688,494.79998779296875,349.00000000016007,passive,
1.0,4317.228,4317.997,809.0999755859375,511.1000061035156,769.0000000002328,passive,
1.0,4318.109,4318.228,840.4000244140625,488.79998779296875,118.99999999968713,passive,
1.0,4318.254,4318.546,676.2000122070312,515.7000122070312,292.0000000003711,passive,
1.0,4318.586,4318.808,445.5,514.7000122070312,221.99999999975262,passive,
1.0,4318.836,4319.051,340.79998779296875,587.7999877929688,215.00000000014552,passive,
1.0,4319.096,4319.267,711.5999755859375,738.7000122070312,171.0000000002765,passive,
1.0,4319.292,4319.508,734.2000122070312,614.0,215.99999999943975,passive,
1.0,4319.53,4319.676,660.7000122070312,529.0,146.00000000064028,passive,
1.0,4319.72,4320.063,996.0999755859375,494.79998779296875,342.9999999998472,passive,
1.0,4320.08,4320.357,1062.5999755859375,466.1000061035156,277.00000000004366,passive,
1.0,4320.384,4320.682,1102.5,323.29998779296875,297.99999999977445,passive,
1.0,4320.75,4321.044,463.1000061035156,271.5,293.99999999986903,passive,
1.0,4321.135,4321.537,1262.4000244140625,661.9000244140625,402.00000000004366,passive,
1.0,4321.581,4322.19,1007.7999877929688,510.5,608.9999999994689,passive,
1.0,4322.222,4322.458,853.0999755859375,472.8999938964844,235.9999999998763,passive,
1.0,4322.476,4322.745,791.5,481.70001220703125,269.00000000023283,passive,
1.0,4322.787,4323.09,868.0999755859375,663.5,302.9999999998836,passive,
1.0,4323.115,4323.363,761.0,756.7999877929688,248.00000000050204,passive,
1.0,4323.417,4323.575,379.3999938964844,816.2000122070312,157.99999999944703,passive,
1.0,4323.615,4323.938,139.89999389648438,798.5,323.00000000032014,passive,
1.0,4323.994,4324.308,164.89999389648438,422.8999938964844,314.0000000003056,passive,
1.0,4324.423,4324.866,1291.0999755859375,300.70001220703125,443.000000000211,passive,
1.0,4324.896,4325.175,1123.5,347.1000061035156,279.0000000004511,passive,
1.0,4325.191,4325.352,1076.800048828125,361.79998779296875,161.0000000000582,passive,
1.0,4325.379,4325.688,900.9000244140625,466.1000061035156,309.00000000019645,passive,
1.0,4325.714,4326.095,1057.4000244140625,459.1000061035156,381.00000000031287,passive,
1.0,4326.104,4326.344,1033.0,471.70001220703125,239.99999999978172,passive,
1.0,4326.39,4327.611,700.4000244140625,499.6000061035156,1220.999999999549,passive,
1.0,4327.632,4327.93,796.2999877929688,495.3999938964844,298.00000000068394,passive,
1.0,4327.94,4328.437,833.7000122070312,499.8999938964844,497.0000000002983,passive,
1.0,4328.463,4328.664,674.4000244140625,462.1000061035156,201.00000000002183,passive,
1.0,4328.718,4328.978,1007.4000244140625,623.7000122070312,260.0000000002183,passive,
1.0,4329.004,4329.263,1128.699951171875,752.5999755859375,259.00000000001455,passive,
1.0,4329.314,4329.583,1181.0999755859375,391.3999938964844,268.99999999932334,passive,
1.0,4329.605,4329.946,1095.800048828125,413.0,341.00000000034925,passive,
1.0,4329.964,4330.13,1053.4000244140625,423.70001220703125,166.00000000016735,passive,
1.0,4330.301,4330.781,555.9000244140625,342.1000061035156,479.99999999956344,passive,
1.0,4330.822,4331.266,320.1000061035156,226.60000610351562,443.99999999950523,passive,
1.0,4331.353,4331.556,829.9000244140625,591.7999877929688,202.9999999995198,passive,
1.0,4331.572,4331.719,816.5,541.9000244140625,146.99999999993452,passive,
1.0,4331.884,4332.238,812.9000244140625,508.70001220703125,354.0000000002692,passive,
1.0,4332.259,4332.468,822.2999877929688,465.8999938964844,208.99999999983265,passive,
1.0,4332.509,4332.691,577.5999755859375,400.5,181.999999999789,passive,
1.0,4332.733,4332.943,359.0,275.20001220703125,210.00000000003638,passive,
1.0,4332.991,4333.204,725.5,481.29998779296875,212.99999999973807,passive,
1.0,4333.23,4333.43,875.5,567.0,200.0000000007276,passive,
1.0,4333.453,4333.606,979.2999877929688,559.2999877929688,152.9999999993379,passive,
1.0,4333.63,4334.081,851.2000122070312,630.5,451.0000000000218,passive,
1.0,4334.12,4334.371,823.7000122070312,371.3999938964844,251.00000000020373,passive,
1.0,4334.402,4334.649,646.9000244140625,375.5,247.00000000029831,passive,
1.0,4334.689,4335.26,872.7999877929688,643.2000122070312,570.9999999999127,passive,
1.0,4335.277,4335.575,853.0,708.2000122070312,297.99999999977445,passive,
1.0,4335.609,4335.928,789.2000122070312,499.3999938964844,318.99999999950523,passive,
1.0,4335.938,4336.141,817.7000122070312,500.3999938964844,202.9999999995198,passive,
1.0,4336.159,4336.451,773.9000244140625,442.29998779296875,292.0000000003711,passive,
1.0,4336.501,4336.731,422.70001220703125,391.6000061035156,229.99999999956344,passive,
1.0,4336.757,4337.097,302.20001220703125,300.29998779296875,340.0000000001455,passive,
1.0,4337.161,4337.495,442.5,791.7999877929688,333.99999999983265,passive,
1.0,4337.537,4337.806,761.0,820.4000244140625,268.99999999932334,passive,
1.0,4337.828,4338.121,688.4000244140625,845.7999877929688,292.9999999996653,passive,
1.0,4338.173,4338.376,762.0,500.1000061035156,203.00000000042928,passive,
1.0,4338.392,4338.59,813.4000244140625,502.5,198.00000000032014,passive,
1.0,4338.608,4338.959,888.2000122070312,390.29998779296875,350.99999999965803,passive,
1.0,4338.983,4339.085,761.2999877929688,438.20001220703125,101.99999999986176,passive,
1.0,4339.104,4339.149,740.4000244140625,520.2999877929688,45.00000000007276,passive,
1.0,4339.169,4339.255,723.2999877929688,624.7999877929688,86.0000000002401,passive,
1.0,4339.271,4339.426,724.5999755859375,673.7000122070312,155.00000000065484,passive,
1.0,4339.444,4339.76,793.0999755859375,672.5,315.99999999980355,passive,
1.0,4339.782,4340.053,684.9000244140625,669.0999755859375,270.9999999997308,passive,
1.0,4340.092,4340.273,987.7000122070312,740.0999755859375,181.00000000049477,passive,
1.0,4340.282,4340.426,963.2999877929688,742.5,144.00000000023283,passive,
1.0,4340.459,4340.823,744.7999877929688,761.9000244140625,364.0000000004875,passive,
1.0,4340.864,4341.023,816.4000244140625,480.79998779296875,159.00000000056025,passive,
1.0,4341.033,4341.556,816.5,510.6000061035156,522.9999999992287,passive,
1.0,4341.597,4341.812,632.9000244140625,386.6000061035156,215.00000000014552,passive,
1.0,4341.866,4342.438,728.5999755859375,783.0,572.0000000001164,passive,
1.0,4342.481,4342.607,511.20001220703125,728.0,126.00000000020373,passive,
1.0,4342.66,4342.963,362.6000061035156,322.29998779296875,302.9999999998836,passive,
1.0,4343.031,4343.157,1016.4000244140625,729.7000122070312,126.00000000020373,passive,
1.0,4343.193,4343.467,1228.699951171875,787.5999755859375,273.9999999994325,passive,
1.0,4343.524,4343.8,632.7999877929688,764.4000244140625,275.99999999983993,passive,
1.0,4343.862,4344.017,834.5999755859375,447.70001220703125,154.99999999974534,passive,
1.0,4344.034,4344.425,818.4000244140625,502.3999938964844,391.00000000053114,passive,
1.0,4344.444,4344.543,829.2000122070312,476.1000061035156,98.99999999925058,passive,
1.0,4344.589,4344.874,1053.0999755859375,624.7000122070312,284.9999999998545,passive,
1.0,4344.925,4345.187,603.2999877929688,747.0,261.99999999971624,passive,
1.0,4345.23,4345.383,305.79998779296875,671.7000122070312,153.00000000024738,passive,
1.0,4345.455,4345.704,1155.9000244140625,654.0999755859375,248.99999999979627,passive,
1.0,4345.73,4346.047,1122.199951171875,499.5,317.0000000000073,passive,
1.0,4346.086,4346.305,851.7000122070312,615.7000122070312,219.00000000005093,passive,
1.0,4346.34,4346.48,667.5,563.5,139.99999999941792,passive,
1.0,4346.528,4346.755,1115.199951171875,492.70001220703125,226.99999999986176,passive,
1.0,4346.797,4346.976,1418.4000244140625,524.7999877929688,179.0000000000873,passive,
1.0,4347.032,4347.26,1451.5,834.7999877929688,228.00000000006548,passive,
1.0,4347.289,4347.482,1237.4000244140625,835.7000122070312,193.000000000211,passive,
1.0,4347.568,4347.781,277.5,792.7000122070312,212.99999999973807,passive,
1.0,4347.805,4347.999,145.6999969482422,734.7999877929688,193.99999999950523,passive,
1.0,4348.171,4348.677,765.2999877929688,618.2000122070312,505.99999999940337,passive,
1.0,4348.701,4348.897,842.7999877929688,706.9000244140625,195.9999999999127,passive,
1.0,4348.905,4349.002,825.2000122070312,712.2000122070312,97.00000000066211,passive,
1.0,4349.264,4349.568,473.3999938964844,570.9000244140625,304.0000000000873,passive,
1.0,4349.619,4350.044,883.9000244140625,603.0,425.0000000001819,passive,
1.0,4350.067,4350.146,1024.4000244140625,636.7999877929688,78.99999999972351,passive,
1.0,4350.317,4350.46,1035.0,571.2000122070312,143.0000000000291,passive,
1.0,4350.499,4350.668,776.2999877929688,513.4000244140625,168.99999999986903,passive,
1.0,4350.679,4351.527,813.9000244140625,517.7999877929688,847.9999999999563,passive,
1.0,4351.568,4351.892,896.0,314.6000061035156,323.9999999996144,passive,
1.0,4351.962,4352.126,1009.2000122070312,725.9000244140625,163.9999999997599,passive,
1.0,4352.178,4352.589,522.9000244140625,676.2000122070312,411.0000000000582,passive,
1.0,4352.635,4353.0,307.3999938964844,546.9000244140625,364.9999999997817,passive,
1.0,4353.082,4353.192,1141.199951171875,380.0,109.99999999967258,passive,
1.0,4353.237,4353.624,1439.800048828125,345.29998779296875,386.99999999971624,passive,
1.0,4353.67,4353.958,1413.199951171875,599.2000122070312,287.99999999955617,passive,
1.0,4354.008,4354.163,967.5,541.7999877929688,154.99999999974534,passive,
1.0,4354.291,4354.76,914.5,329.70001220703125,469.00000000005093,passive,
1.0,4354.824,4354.971,744.0,684.7999877929688,146.99999999993452,passive,
1.0,4354.997,4355.335,836.0999755859375,686.0999755859375,337.99999999973807,passive,
1.0,4355.355,4355.561,801.5999755859375,678.0,206.00000000013097,passive,
1.0,4355.582,4355.807,765.0,763.4000244140625,224.9999999994543,passive,
1.0,4356.013,4356.268,775.2999877929688,781.7000122070312,255.00000000010914,passive,
1.0,4356.313,4356.577,1039.4000244140625,677.0999755859375,264.0000000001237,passive,
1.0,4356.606,4356.81,879.0,600.9000244140625,204.000000000633,passive,
1.0,4356.851,4357.196,1168.0999755859375,634.7000122070312,345.00000000025466,passive,
1.0,4357.207,4357.318,1145.4000244140625,643.7999877929688,110.99999999987631,passive,
1.0,4357.421,4357.544,149.89999389648438,1025.4000244140625,122.99999999959255,passive,
1.0,4357.564,4357.776,182.3000030517578,938.0,211.99999999953434,passive,
1.0,4357.852,4358.047,774.5999755859375,471.8999938964844,194.99999999970896,passive,
1.0,4358.055,4358.558,805.0999755859375,489.70001220703125,502.9999999997017,passive,
1.0,4358.573,4358.738,764.9000244140625,466.70001220703125,164.99999999996362,passive,
1.0,4358.766,4359.022,628.0,614.0,256.00000000031287,passive,
1.0,4359.247,4359.349,681.7999877929688,629.0999755859375,101.99999999986176,passive,
1.0,4359.66,4359.987,761.0999755859375,599.2999877929688,327.00000000022555,passive,
1.0,4360.039,4360.434,1079.699951171875,601.2999877929688,395.00000000043656,passive,
1.0,4360.446,4360.774,1046.0999755859375,607.7000122070312,328.0000000004293,passive,
1.0,4360.804,4361.137,1276.9000244140625,615.0999755859375,332.9999999996289,passive,
1.0,4361.159,4361.342,1330.300048828125,542.7000122070312,182.99999999999272,passive,
1.0,4361.6,4362.015,537.0,582.7000122070312,414.9999999999636,passive,
1.0,4362.057,4362.593,769.4000244140625,472.29998779296875,536.0000000000582,passive,
1.0,4362.643,4363.072,656.7000122070312,599.0,429.0000000000873,passive,
1.0,4363.082,4364.081,659.5,614.9000244140625,998.9999999997963,passive,
1.0,4364.12,4364.407,948.2999877929688,583.0999755859375,287.00000000026193,passive,
1.0,4364.434,4364.589,829.0999755859375,607.5999755859375,154.99999999974534,passive,
1.0,4364.629,4365.25,595.2999877929688,622.5999755859375,621.0000000000946,passive,
1.0,4365.273,4365.436,672.2000122070312,621.7999877929688,162.99999999955617,passive,
1.0,4365.475,4365.689,933.4000244140625,614.2999877929688,213.9999999999418,passive,
1.0,4365.715,4365.992,825.5,531.9000244140625,277.00000000004366,passive,
1.0,4366.096,4366.238,798.7999877929688,511.1000061035156,142.00000000073487,passive,
1.0,4366.246,4366.803,825.2000122070312,518.4000244140625,556.999999999789,passive,
1.0,4366.825,4367.044,763.2999877929688,582.2000122070312,219.00000000005093,passive,
1.0,4367.093,4367.346,1156.4000244140625,635.5,252.99999999970169,passive,
1.0,4367.368,4367.641,1241.0,701.5999755859375,272.99999999922875,passive,
1.0,4367.655,4367.765,1235.199951171875,656.9000244140625,110.00000000058208,passive,
1.0,4367.785,4367.93,1223.699951171875,740.5,145.00000000043656,passive,
1.0,4367.995,4368.246,526.2999877929688,761.9000244140625,251.00000000020373,passive,
1.0,4368.268,4368.65,459.20001220703125,767.5,381.9999999996071,passive,
1.0,4368.692,4368.795,227.3000030517578,774.2999877929688,103.00000000006548,passive,
1.0,4368.822,4369.067,282.6000061035156,597.0999755859375,244.99999999989086,passive,
1.0,4369.116,4369.248,755.7000122070312,504.0,131.9999999996071,passive,
1.0,4369.287,4369.56,985.7999877929688,549.7000122070312,273.00000000013824,passive,
1.0,4369.586,4369.776,820.5999755859375,599.7999877929688,189.99999999959982,passive,
1.0,4369.817,4370.025,700.4000244140625,433.1000061035156,207.99999999962893,passive,
1.0,4370.046,4370.265,641.7000122070312,431.5,219.00000000005093,passive,
1.0,4370.414,4370.515,855.2999877929688,553.2999877929688,101.00000000056752,passive,
1.0,4370.527,4370.984,830.5,536.5,457.0000000003347,passive,
1.0,4371.025,4371.195,561.4000244140625,479.1000061035156,170.00000000007276,passive,
1.0,4371.226,4371.395,347.3999938964844,580.4000244140625,169.00000000077853,passive,
1.0,4371.416,4371.502,312.20001220703125,671.5,86.0000000002401,passive,
1.0,4371.522,4372.063,325.8999938964844,717.5,541.0000000001673,passive,
1.0,4372.075,4372.224,326.1000061035156,753.7999877929688,149.00000000034197,passive,
1.0,4372.258,4372.387,151.6999969482422,813.5,128.9999999999054,passive,
1.0,4372.394,4372.616,177.10000610351562,819.0,221.99999999975262,passive,
1.0,4372.623,4372.806,168.39999389648438,828.2000122070312,182.99999999999272,passive,
1.0,4372.842,4373.14,341.79998779296875,751.4000244140625,298.00000000068394,passive,
1.0,4373.161,4373.463,333.1000061035156,696.7000122070312,301.99999999967986,passive,
1.0,4373.481,4373.803,338.1000061035156,751.4000244140625,322.0000000001164,passive,
1.0,4373.859,4374.195,930.4000244140625,485.1000061035156,335.9999999993306,passive,
1.0,4374.209,4374.668,913.2000122070312,432.8999938964844,458.99999999983265,passive,
1.0,4374.71,4374.798,791.9000244140625,303.8999938964844,87.99999999973807,passive,
1.0,4374.846,4375.137,472.3999938964844,421.20001220703125,291.00000000016735,passive,
1.0,4375.146,4376.52,826.0999755859375,535.7000122070312,1374.0000000007058,,
1.0,4376.631,4376.849,814.4000244140625,529.7999877929688,217.9999999998472,passive,
1.0,4376.887,4377.13,643.5,592.5,243.0000000003929,passive,
1.0,4377.179,4377.405,440.29998779296875,754.7000122070312,225.99999999965803,passive,
1.0,4377.443,4377.665,730.9000244140625,792.7000122070312,221.99999999975262,passive,
1.0,4377.722,4377.881,1242.9000244140625,799.0,159.00000000056025,passive,
1.0,4377.924,4378.063,1310.0999755859375,604.7999877929688,139.0000000001237,passive,
1.0,4378.102,4378.314,1020.5,594.9000244140625,212.00000000044383,passive,
1.0,4378.453,4378.573,716.9000244140625,394.3999938964844,119.99999999989086,passive,
1.0,4378.643,4378.981,238.8000030517578,920.0999755859375,337.99999999973807,passive,
1.0,4379.05,4379.229,848.9000244140625,523.2000122070312,179.0000000000873,passive,
1.0,4379.279,4379.389,1159.0,629.0999755859375,109.99999999967258,passive,
1.0,4379.442,4379.621,795.9000244140625,532.5999755859375,179.0000000000873,passive,
1.0,4379.63,4380.409,823.4000244140625,534.2999877929688,778.9999999995416,passive,
1.0,4380.452,4380.716,649.9000244140625,371.5,264.0000000001237,passive,
1.0,4380.757,4380.963,464.20001220703125,283.29998779296875,206.00000000013097,passive,
1.0,4381.009,4381.162,852.0,264.6000061035156,153.00000000024738,passive,
1.0,4381.21,4381.491,1180.5,301.0,280.99999999994907,passive,
1.0,4381.563,4381.824,1034.5999755859375,736.2000122070312,260.9999999995125,passive,
1.0,4381.873,4382.053,682.5,626.5,180.00000000029104,passive,
1.0,4382.078,4382.218,827.2999877929688,553.0999755859375,139.99999999941792,passive,
1.0,4382.33,4382.775,810.9000244140625,516.2000122070312,444.99999999970896,passive,
1.0,4382.816,4383.469,554.7000122070312,465.8999938964844,653.0000000002474,passive,
1.0,4383.48,4383.774,587.4000244140625,463.20001220703125,294.0000000007785,passive,
1.0,4383.842,4384.157,1143.800048828125,852.9000244140625,315.0000000005093,passive,
1.0,4384.177,4384.352,1217.5,869.7999877929688,175.0000000001819,passive,
1.0,4384.389,4384.65,1368.699951171875,725.0999755859375,260.9999999995125,passive,
1.0,4384.689,4384.788,1476.800048828125,450.70001220703125,98.99999999925058,passive,
1.0,4384.834,4385.184,1221.199951171875,295.70001220703125,350.0000000003638,passive,
1.0,4385.252,4385.704,774.7999877929688,404.20001220703125,451.99999999931606,passive,
1.0,4385.716,4386.009,793.2000122070312,447.70001220703125,292.9999999996653,passive,
1.0,4386.042,4386.248,996.7999877929688,519.5999755859375,205.99999999922147,passive,
1.0,4386.266,4386.971,989.0999755859375,564.2000122070312,704.9999999999272,passive,
1.0,4386.985,4387.626,1014.4000244140625,558.7999877929688,641.0000000005311,passive,
1.0,4387.699,4387.895,302.8999938964844,503.3999938964844,196.00000000082218,passive,
1.0,4387.963,4388.206,1082.4000244140625,345.8999938964844,243.0000000003929,passive,
1.0,4388.232,4388.405,1215.5999755859375,357.0,172.99999999977445,passive,
1.0,4388.42,4388.77,1173.0,344.70001220703125,350.0000000003638,passive,
1.0,4388.782,4389.033,1172.4000244140625,371.8999938964844,251.00000000020373,passive,
1.0,4389.176,4389.424,702.2999877929688,412.1000061035156,247.99999999959255,passive,
1.0,4389.547,4389.72,551.0999755859375,994.7999877929688,173.00000000068394,passive,
1.0,4389.759,4389.985,520.7999877929688,801.5,225.99999999965803,passive,
1.0,4390.053,4390.258,1015.4000244140625,896.9000244140625,204.99999999992724,passive,
1.0,4390.323,4390.837,1501.199951171875,577.4000244140625,514.0000000001237,passive,
1.0,4391.02,4391.238,804.2000122070312,408.6000061035156,217.9999999998472,passive,
1.0,4391.283,4391.619,1183.0,353.5,335.9999999993306,passive,
1.0,4391.626,4393.532,1181.0999755859375,358.70001220703125,1905.999999999949,passive,
1.0,4393.54,4393.858,1177.5999755859375,369.8999938964844,318.000000000211,passive,
1.0,4393.906,4394.158,1011.2999877929688,547.7999877929688,252.00000000040745,passive,
1.0,4394.166,4394.411,988.0,568.5,244.99999999989086,passive,
1.0,4394.538,4394.628,855.0,524.9000244140625,90.00000000014552,passive,
1.0,4394.639,4395.048,823.0,522.5999755859375,408.99999999965075,passive,
1.0,4395.07,4395.238,758.9000244140625,456.8999938964844,168.0000000005748,passive,
1.0,4395.279,4395.309,516.4000244140625,566.2000122070312,29.99999999974534,passive,
1.0,4395.446,4395.824,435.3999938964844,527.7999877929688,377.9999999997017,passive,
1.0,4395.878,4396.32,896.5,756.2000122070312,442.0000000000073,passive,
1.0,4396.374,4396.547,742.9000244140625,398.70001220703125,172.99999999977445,passive,
1.0,4396.698,4397.119,527.5,413.29998779296875,420.999999999367,passive,
1.0,4397.163,4397.394,279.6000061035156,364.70001220703125,231.00000000067666,passive,
1.0,4397.463,4397.627,741.5,538.0,164.0000000006694,passive,
1.0,4397.684,4397.821,991.2999877929688,756.2000122070312,136.99999999971624,passive,
1.0,4397.865,4398.048,1311.5999755859375,856.2000122070312,182.99999999999272,passive,
1.0,4398.084,4398.286,1445.5999755859375,920.0,202.00000000022555,passive,
1.0,4398.378,4398.514,432.1000061035156,844.0999755859375,136.000000000422,passive,
1.0,4398.563,4398.713,240.10000610351562,903.0,149.9999999996362,passive,
1.0,4398.78,4399.149,727.5999755859375,388.29998779296875,369.00000000059663,passive,
1.0,4399.177,4399.339,561.0,314.29998779296875,162.00000000026193,passive,
1.0,4399.372,4399.708,614.0,530.5999755859375,335.9999999993306,passive,
1.0,4399.743,4399.918,809.0999755859375,682.7000122070312,174.9999999992724,passive,
1.0,4400.085,4400.289,1481.4000244140625,523.4000244140625,203.9999999997235,passive,
1.0,4400.303,4400.58,1493.300048828125,569.2000122070312,277.00000000004366,passive,
1.0,4400.599,4400.875,1442.0,596.7999877929688,275.99999999983993,passive,
1.0,4400.95,4401.105,736.2000122070312,509.79998779296875,154.99999999974534,passive,
1.0,4401.262,4401.579,728.9000244140625,463.6000061035156,317.0000000000073,passive,
1.0,4401.616,4401.796,570.2000122070312,381.6000061035156,180.00000000029104,passive,
1.0,4401.838,4401.948,775.4000244140625,499.5,110.00000000058208,passive,
1.0,4401.961,4402.409,812.7999877929688,520.7999877929688,447.99999999941065,passive,
1.0,4402.43,4402.814,809.0,467.5,384.00000000001455,passive,
1.0,4402.847,4403.033,673.5,686.2000122070312,186.0000000006039,passive,
1.0,4403.235,4403.755,768.2000122070312,665.9000244140625,520.0000000004366,passive,
1.0,4403.82,4404.011,357.20001220703125,387.0,191.00000000071304,passive,
1.0,4404.063,4404.287,770.9000244140625,553.7999877929688,224.00000000016007,passive,
1.0,4404.304,4404.597,823.2000122070312,535.7999877929688,292.9999999996653,passive,
1.0,4404.619,4404.939,772.7999877929688,449.5,320.00000000061846,passive,
1.0,4404.966,4405.164,959.0999755859375,453.5,197.99999999941065,passive,
1.0,4405.207,4405.423,828.5999755859375,659.5,215.99999999943975,passive,
1.0,4405.441,4405.583,873.5999755859375,707.7000122070312,141.99999999982538,passive,
1.0,4405.729,4405.954,326.5,463.5,224.9999999994543,passive,
1.0,4405.979,4406.115,200.89999389648438,410.70001220703125,135.9999999995125,passive,
1.0,4406.188,4406.549,937.5999755859375,562.2999877929688,360.9999999998763,passive,
1.0,4406.598,4406.745,949.0,317.20001220703125,146.99999999993452,passive,
1.0,4406.806,4407.085,402.79998779296875,241.89999389648438,279.0000000004511,passive,
1.0,4407.15,4407.395,1094.4000244140625,481.1000061035156,245.00000000080036,passive,
1.0,4407.421,4407.631,976.0,478.70001220703125,210.00000000003638,passive,
1.0,4407.68,4407.922,847.7000122070312,743.5999755859375,241.99999999927968,passive,
1.0,4407.964,4408.125,591.4000244140625,659.0999755859375,161.0000000000582,passive,
1.0,4408.152,4408.554,751.0,536.0999755859375,402.00000000004366,passive,
1.0,4408.572,4408.81,807.7999877929688,526.2000122070312,238.00000000028376,passive,
1.0,4408.832,4409.264,780.0999755859375,423.0,431.999999999789,passive,
1.0,4409.286,4409.596,700.9000244140625,419.8999938964844,309.9999999994907,passive,
1.0,4409.645,4409.777,341.6000061035156,536.5999755859375,131.9999999996071,passive,
1.0,4409.798,4409.985,307.79998779296875,583.2000122070312,186.99999999989814,passive,
1.0,4410.109,4410.522,1289.0,780.7999877929688,412.99999999955617,passive,
1.0,4410.567,4410.673,911.5999755859375,569.2000122070312,105.99999999976717,passive,
1.0,4410.716,4411.135,1235.4000244140625,588.4000244140625,418.99999999986903,passive,
1.0,4411.157,4411.711,1179.4000244140625,538.0999755859375,554.0000000000873,passive,
1.0,4411.757,4411.86,825.0999755859375,436.1000061035156,103.00000000006548,passive,
1.0,4411.914,4413.757,1223.0999755859375,488.8999938964844,1842.9999999998472,passive,
1.0,4413.807,4413.942,1071.300048828125,247.89999389648438,135.00000000021828,passive,
1.0,4413.996,4414.276,683.2000122070312,201.89999389648438,279.99999999974534,passive,
1.0,4414.32,4414.449,756.0999755859375,433.0,128.9999999999054,passive,
1.0,4414.466,4414.734,802.7000122070312,499.3999938964844,268.0000000000291,passive,
1.0,4414.759,4415.178,800.2999877929688,413.5,418.99999999986903,passive,
1.0,4415.228,4415.484,986.5999755859375,562.7999877929688,256.00000000031287,passive,
1.0,4415.511,4415.831,1028.800048828125,731.0999755859375,319.99999999970896,passive,
1.0,4415.889,4416.076,512.7000122070312,523.5999755859375,186.99999999989814,passive,
1.0,4416.114,4416.57,314.29998779296875,422.3999938964844,456.00000000013097,passive,
1.0,4416.598,4416.746,147.6999969482422,405.1000061035156,148.00000000013824,passive,
1.0,4416.935,4417.42,956.7999877929688,538.4000244140625,484.9999999996726,passive,
1.0,4417.461,4418.12,1283.5,521.2000122070312,658.9999999996508,passive,
1.0,4418.304,4418.683,605.9000244140625,495.0,378.9999999999054,passive,
1.0,4418.703,4418.949,571.9000244140625,571.4000244140625,245.9999999991851,passive,
1.0,4418.984,4419.308,852.2000122070312,514.9000244140625,323.9999999996144,passive,
1.0,4419.318,4419.609,826.5,507.20001220703125,291.00000000016735,passive,
1.0,4419.627,4420.057,903.5,477.29998779296875,429.99999999938154,passive,
1.0,4420.093,4420.691,733.2999877929688,585.4000244140625,597.9999999999563,passive,
1.0,4420.814,4421.015,721.0999755859375,578.5999755859375,201.00000000002183,passive,
1.0,4421.046,4421.626,509.6000061035156,506.20001220703125,579.9999999999272,passive,
1.0,4421.666,4421.827,774.9000244140625,614.7000122070312,161.0000000000582,passive,
1.0,4421.974,4422.231,1049.300048828125,547.5999755859375,256.9999999996071,passive,
1.0,4422.257,4422.432,1187.300048828125,504.79998779296875,175.0000000001819,passive,
1.0,4422.482,4423.124,764.5,486.8999938964844,641.9999999998254,passive,
1.0,4423.166,4423.366,584.7000122070312,481.0,199.9999999998181,passive,
1.0,4423.405,4423.796,816.7999877929688,510.70001220703125,391.00000000053114,passive,
1.0,4423.816,4424.056,782.4000244140625,474.29998779296875,239.99999999978172,passive,
1.0,4424.075,4424.263,835.7000122070312,497.6000061035156,188.00000000010186,passive,
1.0,4424.304,4424.545,623.2000122070312,567.5,240.99999999998545,passive,
1.0,4424.586,4424.922,873.0,703.2999877929688,335.9999999993306,passive,
1.0,4424.974,4425.24,760.5999755859375,329.29998779296875,265.99999999962165,passive,
1.0,4425.296,4425.545,389.29998779296875,290.6000061035156,248.99999999979627,passive,
1.0,4425.573,4425.79,231.89999389648438,218.39999389648438,216.99999999964348,passive,
1.0,4425.839,4426.095,628.0,228.8000030517578,256.00000000031287,passive,
1.0,4426.167,4426.253,1198.5999755859375,279.1000061035156,85.99999999933061,passive,
1.0,4426.295,4426.433,1359.5,372.6000061035156,137.99999999991996,passive,
1.0,4426.462,4426.766,1440.5,720.5,303.9999999991778,passive,
1.0,4426.849,4427.213,650.2999877929688,841.0999755859375,363.999999999578,passive,
1.0,4427.257,4427.45,774.2000122070312,569.7000122070312,193.000000000211,passive,
1.0,4427.465,4427.71,809.7999877929688,518.5,244.99999999989086,passive,
1.0,4427.727,4428.207,775.5,450.29998779296875,480.00000000047294,passive,
1.0,4428.238,4428.444,640.2000122070312,417.6000061035156,206.00000000013097,passive,
1.0,4428.457,4428.753,669.5,410.5,295.999999999367,passive,
1.0,4428.8,4428.965,1010.0,653.4000244140625,164.99999999996362,passive,
1.0,4428.991,4429.2,1147.5999755859375,719.0,208.99999999983265,passive,
1.0,4429.217,4429.487,1085.800048828125,759.5,270.00000000043656,passive,
1.0,4429.528,4429.799,821.5,816.2999877929688,270.9999999997308,passive,
1.0,4429.816,4430.003,756.0999755859375,833.0,186.99999999989814,passive,
1.0,4430.095,4430.381,996.5999755859375,793.4000244140625,286.0000000000582,passive,
1.0,4430.422,4431.12,806.4000244140625,509.1000061035156,698.0000000003201,passive,
1.0,4431.163,4431.308,573.5999755859375,440.5,145.00000000043656,passive,
1.0,4431.354,4431.563,328.0,350.3999938964844,208.99999999983265,passive,
1.0,4431.59,4431.674,334.70001220703125,561.9000244140625,83.99999999983265,passive,
1.0,4431.699,4431.842,382.8999938964844,648.0999755859375,143.0000000000291,passive,
1.0,4431.878,4432.053,438.1000061035156,734.7000122070312,175.0000000001819,passive,
1.0,4432.08,4432.281,485.20001220703125,923.4000244140625,201.00000000002183,passive,
1.0,4432.357,4432.646,1331.5,493.79998779296875,288.9999999997599,passive,
1.0,4432.684,4432.987,1085.0,377.5,302.9999999998836,passive,
1.0,4433.011,4433.217,1184.199951171875,396.20001220703125,205.99999999922147,passive,
1.0,4433.244,4433.505,1182.0,495.79998779296875,261.000000000422,passive,
1.0,4433.517,4433.616,1176.5999755859375,525.5999755859375,99.00000000016007,passive,
1.0,4433.665,4433.942,1193.5,786.4000244140625,277.00000000004366,passive,
1.0,4433.966,4434.424,1252.4000244140625,868.5999755859375,457.9999999996289,passive,
1.0,4434.503,4434.665,539.2000122070312,402.29998779296875,162.00000000026193,passive,
1.0,4434.69,4434.985,393.8999938964844,345.8999938964844,295.00000000007276,passive,
1.0,4435.016,4435.13,659.0999755859375,439.0,114.00000000048749,passive,
1.0,4435.345,4435.541,911.4000244140625,492.20001220703125,195.9999999999127,passive,
1.0,4435.581,4435.752,1124.800048828125,517.0999755859375,171.0000000002765,passive,
