eye,stime,etime,sx,sy,ex,ey,pv,duration_ms,amplitude,block_type,triplet
1.0,0.048,0.074,775.2999877929688,592.7000122070312,636.2000122070312,592.2000122070312,170.1999969482422,25.999999999999996,139.1008742172687,,
1.0,0.34,0.354,639.5999755859375,605.2000122070312,583.0999755859375,614.7000122070312,89.19999694824219,13.999999999999957,57.29310604252487,,
1.0,0.56,0.623,579.0999755859375,620.0,913.9000244140625,625.7999877929688,157.5,62.99999999999994,334.8502837892085,,
1.0,0.789,0.81,904.2000122070312,634.2999877929688,827.7999877929688,552.0999755859375,156.10000610351562,21.000000000000018,112.22212677233235,,
1.0,3.885,3.901,853.5999755859375,544.0,848.0,601.2999877929688,78.30000305175781,16.000000000000014,57.57298261891131,,
1.0,4.051,4.069,851.7999877929688,642.2999877929688,847.2000122070312,726.9000244140625,109.19999694824219,17.999999999999794,84.7250020459228,,
1.0,4.257,4.277,838.0999755859375,775.0999755859375,851.2999877929688,858.9000244140625,101.0999984741211,20.000000000000462,84.83329833185734,,
1.0,4.478,4.493,850.2999877929688,881.5,854.5,932.7999877929688,72.80000305175781,15.000000000000568,51.47163150802541,,
1.0,7.886,7.904,841.7000122070312,909.9000244140625,897.5999755859375,870.0,84.30000305175781,17.999999999999794,68.67909328176839,,
1.0,8.021,8.048,910.9000244140625,847.2000122070312,1054.5,700.0999755859375,218.8000030517578,26.999999999999247,205.57084852237432,,
1.0,8.185,8.214,1104.699951171875,617.5,1258.5,486.0,193.60000610351562,28.999999999999915,202.35292194464017,,
1.0,8.337,8.365,1305.800048828125,445.79998779296875,1407.699951171875,306.5,172.8000030517578,28.00000000000047,172.5922266406776,,
1.0,8.505,8.521,1425.800048828125,287.5,1481.699951171875,261.3999938964844,90.9000015258789,16.000000000000014,61.69286344987027,,
1.0,8.675,8.7,1509.5,231.3000030517578,1552.9000244140625,126.5,120.5999984741211,24.99999999999858,113.43104847787342,,
1.0,8.866,8.884,1538.5999755859375,172.8000030517578,1547.5,96.0,133.8000030517578,18.000000000000682,77.31397611894577,,
1.0,9.119,9.127,1546.9000244140625,95.4000015258789,1568.300048828125,91.4000015258789,45.400001525878906,8.000000000000895,21.770646405710398,,
1.0,11.025,11.038,1546.300048828125,84.5,1592.0999755859375,94.30000305175781,72.30000305175781,12.9999999999999,46.83666673489321,,
1.0,11.2,11.206,1572.4000244140625,84.5999984741211,1558.0999755859375,83.30000305175781,39.0,6.000000000000227,14.359017535504464,,
1.0,11.945,11.962,1542.199951171875,87.80000305175781,1528.199951171875,151.3000030517578,96.0,16.99999999999946,65.02499519415592,,
1.0,12.004,12.029,1525.0999755859375,167.60000610351562,1540.300048828125,286.1000061035156,112.5,25.000000000000355,119.47088443034087,,
1.0,12.173,12.192,1532.0,394.20001220703125,1554.800048828125,476.8999938964844,103.5,19.000000000000128,85.78536703891152,,
1.0,12.462,12.51,1555.4000244140625,576.5999755859375,1558.699951171875,959.0,203.5,48.00000000000004,382.41426253277024,,
1.0,12.668,12.681,1568.800048828125,965.4000244140625,1588.0999755859375,1004.4000244140625,70.5,12.9999999999999,43.51421805406742,,
1.0,13.483,13.552,1581.9000244140625,1016.0,1570.800048828125,1014.7000122070312,598.9000244140625,68.99999999999906,11.175841188486721,,
1.0,13.647,13.665,1583.9000244140625,959.0,1585.699951171875,1011.2999877929688,156.1999969482422,17.999999999998906,52.33095125714962,,
1.0,14.669,14.876,1559.699951171875,1020.7000122070312,1553.300048828125,942.7000122070312,889.9000244140625,206.99999999999898,78.2621156755268,,
1.0,14.935,14.968,1564.5999755859375,939.0,1571.0999755859375,1003.0999755859375,103.30000305175781,32.999999999999474,64.42869601441413,,
1.0,15.945,15.963,1565.199951171875,1005.9000244140625,1490.4000244140625,964.0,105.5999984741211,17.999999999998906,85.73587982212085,,
1.0,16.094,16.145,1445.4000244140625,936.9000244140625,1068.4000244140625,710.2999877929688,242.39999389648438,50.99999999999838,439.85972377188733,,
1.0,16.276,16.328,1030.199951171875,672.4000244140625,685.0999755859375,471.6000061035156,213.8000030517578,51.9999999999996,399.2676301717065,,
1.0,16.463,16.516,666.0999755859375,461.1000061035156,301.79998779296875,247.3000030517578,237.5,52.99999999999727,422.40374336751427,,
1.0,16.641,16.673,295.1000061035156,243.1999969482422,173.0,96.5999984741211,155.10000610351562,32.00000000000003,190.78776439565212,,
1.0,20.095,20.132,157.6999969482422,107.9000015258789,144.3000030517578,357.8999938964844,150.89999389648438,37.000000000002586,250.3588544903667,,
1.0,20.593,20.649,145.39999389648438,570.9000244140625,150.10000610351562,751.9000244140625,183.6999969482422,56.00000000000094,181.06101213333102,,
1.0,20.684,20.696,183.10000610351562,845.9000244140625,175.6999969482422,914.7999877929688,136.89999389648438,12.000000000000455,69.29621266066965,,
1.0,20.85,20.857,182.89999389648438,930.9000244140625,184.1999969482422,946.5,40.599998474121094,6.999999999997897,15.654048876135072,,
1.0,21.084,21.286,177.39999389648438,951.7999877929688,147.6999969482422,864.0999755859375,1235.699951171875,202.00000000000173,92.59255887942089,,
1.0,21.336,21.344,151.60000610351562,869.9000244140625,155.5,841.5,56.400001525878906,8.000000000002672,28.66655436413594,,
1.0,21.391,21.406,158.89999389648438,870.5999755859375,147.3000030517578,940.5,127.5,15.000000000000568,70.8560032790749,,
1.0,24.044,24.066,171.3000030517578,982.2000122070312,238.8000030517578,911.0999755859375,115.80000305175781,21.999999999998465,98.03808039492039,,
1.0,24.227,24.275,271.1000061035156,834.4000244140625,565.7999877929688,515.4000244140625,268.0,47.999999999998266,434.29146803473355,,
1.0,24.467,24.503,622.2999877929688,416.6000061035156,765.9000244140625,277.5,146.6999969482422,36.000000000001364,199.92444126613822,,
1.0,24.634,24.654,790.9000244140625,239.5,826.0999755859375,159.1999969482422,95.30000305175781,19.999999999999574,87.67626276601152,,
1.0,26.376,26.388,840.5999755859375,97.69999694824219,870.9000244140625,103.0,49.099998474121094,12.000000000000455,30.76008763536608,,
1.0,26.564,26.571,865.5,106.5999984741211,849.0,104.80000305175781,40.5,7.0000000000014495,16.597890935914982,,
1.0,28.119,28.143,837.0,118.30000305175781,725.0999755859375,169.1999969482422,120.4000015258789,24.00000000000091,122.93260284615278,,
1.0,28.38,28.422,606.0,253.60000610351562,341.70001220703125,382.8999938964844,193.1999969482422,42.00000000000159,294.2328506313075,,
1.0,28.607,28.63,258.3999938964844,430.20001220703125,144.0,510.20001220703125,164.60000610351562,22.999999999999687,139.59712963924315,,
1.0,28.924,29.134,157.39999389648438,558.4000244140625,153.6999969482422,523.2000122070312,686.7999877929688,210.00000000000085,35.39393785370809,,
1.0,29.297,29.304,150.0,539.4000244140625,166.10000610351562,538.2000122070312,36.5,6.999999999997897,16.144665553372867,,
1.0,32.15,32.176,169.3000030517578,540.5999755859375,334.29998779296875,540.9000244140625,160.5,26.000000000003354,165.00025755706898,,
1.0,32.339,32.385,446.6000061035156,532.7999877929688,840.9000244140625,505.6000061035156,243.10000610351562,45.999999999999375,395.2370724560187,,
1.0,32.517,32.561,877.4000244140625,525.0,1196.300048828125,526.9000244140625,222.5,43.99999999999693,318.90568459038747,,
1.0,32.677,32.72,1202.5,546.0,1505.300048828125,550.5,235.60000610351562,42.99999999999926,302.83348488949315,,
1.0,32.854,32.869,1508.0999755859375,555.2999877929688,1572.800048828125,557.9000244140625,95.5999984741211,15.000000000000568,64.75229469274008,,
1.0,34.221,34.4,1525.0,567.0,1556.0999755859375,537.0,769.4000244140625,179.00000000000205,43.2112078221138,,
1.0,34.438,34.454,1551.0999755859375,520.0,1557.0999755859375,567.0999755859375,119.0,15.999999999998238,47.48060341019171,,
1.0,36.976,37.049,822.0,561.0999755859375,1497.0999755859375,961.4000244140625,360.29998779296875,73.0000000000004,784.856742423694,,
1.0,37.735,37.755,778.0999755859375,580.5999755859375,745.9000244140625,652.5999755859375,102.4000015258789,20.000000000003126,78.872281921288,,
1.0,38.07,38.113,750.4000244140625,661.7999877929688,1157.199951171875,687.7000122070312,314.29998779296875,42.99999999999926,407.62359067503763,,
1.0,38.483,38.508,1142.199951171875,688.5999755859375,997.0,655.7000122070312,199.39999389648438,25.000000000005684,148.88060118984023,,
1.0,38.692,38.753,972.7000122070312,647.7999877929688,508.8999938964844,606.7000122070312,215.10000610351562,60.99999999999994,465.6175093121266,,
1.0,39.064,39.107,526.0,596.5,250.8000030517578,572.2000122070312,187.3000030517578,42.99999999999926,276.2707507628177,,
1.0,39.392,39.446,260.79998779296875,562.5999755859375,817.0999755859375,603.4000244140625,346.1000061035156,53.99999999999494,557.7941559418085,,
1.0,39.634,39.651,804.7000122070312,604.2000122070312,742.2000122070312,636.5,98.5,17.000000000003013,70.35296163933634,,
1.0,40.114,40.138,740.2000122070312,633.2999877929688,833.5999755859375,527.7999877929688,181.89999389648438,24.00000000000091,140.90352429652364,,
1.0,41.075,41.086,832.2000122070312,541.0999755859375,815.0999755859375,560.7999877929688,46.5,10.99999999999568,26.086428145683872,,
1.0,41.329,41.39,806.7000122070312,570.2000122070312,215.8000030517578,538.5,338.20001220703125,60.99999999999994,591.7497035010902,,
1.0,41.822,41.878,239.5,543.4000244140625,543.7999877929688,367.70001220703125,163.5,55.999999999997385,351.3815260658304,,
1.0,42.009,42.045,541.9000244140625,357.29998779296875,369.29998779296875,136.89999389648438,189.10000610351562,36.000000000001364,279.94094011268385,,
1.0,42.187,42.268,367.79998779296875,119.0999984741211,1245.800048828125,205.89999389648438,305.29998779296875,81.00000000000307,882.2801972066812,,
1.0,42.435,42.475,1228.300048828125,213.60000610351562,1524.9000244140625,243.0,235.3000030517578,39.99999999999915,298.0535273381143,,
1.0,42.832,42.879,1493.5999755859375,243.1999969482422,1333.5999755859375,560.7999877929688,198.8000030517578,46.999999999997044,355.62586264861335,,
1.0,43.058,43.083,1316.5,551.7000122070312,1153.9000244140625,591.2999877929688,195.10000610351562,24.99999999999858,167.35265198661872,,
1.0,43.27,43.294,1122.300048828125,587.5,988.4000244140625,605.5999755859375,161.89999389648438,23.999999999993804,135.1178213793357,,
1.0,43.474,43.533,972.9000244140625,621.0999755859375,309.20001220703125,721.7000122070312,343.8999938964844,59.000000000004604,671.2809200117182,,
1.0,43.726,43.786,310.20001220703125,724.5,986.7999877929688,610.0,364.3999938964844,60.000000000002274,686.2199188036524,,
1.0,43.937,43.96,980.0,618.2999877929688,1132.0999755859375,615.9000244140625,206.6999969482422,23.00000000000324,152.1189087439917,,
1.0,44.449,44.509,1137.5,615.7000122070312,532.2999877929688,469.1000061035156,279.70001220703125,60.000000000002274,622.7026710758046,,
1.0,44.701,44.738,537.5,465.6000061035156,816.4000244140625,537.2000122070312,274.8999938964844,36.999999999999034,287.94406486709903,,
1.0,45.415,45.42,812.9000244140625,551.2999877929688,826.2999877929688,556.0,38.79999923706055,5.000000000002558,14.200321591508812,,
1.0,45.61,45.658,834.2999877929688,562.2999877929688,377.29998779296875,546.7999877929688,263.6000061035156,48.00000000000182,457.2627800291644,,
1.0,45.999,46.028,363.70001220703125,565.5999755859375,246.89999389648438,423.20001220703125,145.6999969482422,28.999999999996362,184.17381422899925,,
1.0,46.322,46.343,204.89999389648438,366.3999938964844,185.5,287.6000061035156,100.30000305175781,21.000000000000796,81.15292871705651,,
1.0,46.522,46.604,185.6999969482422,256.6000061035156,1190.9000244140625,542.5,341.0,82.00000000000074,1045.067414919868,,
1.0,46.823,46.847,1177.300048828125,540.2999877929688,1319.4000244140625,495.8999938964844,184.6999969482422,24.00000000000091,148.87498957021586,,
1.0,47.148,47.233,1346.5,489.20001220703125,646.5,963.5,295.0,84.99999999999375,845.5533563415205,,
1.0,47.288,47.311,655.0,949.0,722.5999755859375,841.7000122070312,148.10000610351562,23.00000000000324,126.81894211666722,,
1.0,47.457,47.48,712.5999755859375,838.4000244140625,777.5,745.0999755859375,139.1999969482422,22.999999999996135,113.6525946922305,,
1.0,47.667,47.712,762.7999877929688,725.4000244140625,440.3999938964844,746.4000244140625,196.89999389648438,45.000000000001705,323.0832030057477,,
1.0,47.893,47.917,434.29998779296875,739.2999877929688,453.79998779296875,853.9000244140625,150.1999969482422,24.00000000000091,116.2472296166925,,
1.0,49.067,49.248,805.2999877929688,624.2999877929688,824.7999877929688,757.0,365.8999938964844,180.99999999999739,134.1251029440285,active,
1.0,49.421,49.452,832.7999877929688,812.2000122070312,796.7999877929688,603.7999877929688,200.10000610351562,30.999999999998806,211.4865720933172,active,
1.0,50.15,50.193,800.7000122070312,574.7999877929688,928.0,321.20001220703125,175.8000030517578,42.99999999999926,283.75735146296756,active,
1.0,50.57,50.64,930.9000244140625,313.0,1406.9000244140625,611.5999755859375,275.3999938964844,70.00000000000028,561.9056374694264,active,
1.0,50.814,50.832,1410.0999755859375,588.2000122070312,1465.9000244140625,619.5999755859375,96.0999984741211,18.000000000000682,64.02814341692087,active,
1.0,51.381,51.457,1475.5999755859375,620.5,755.7999877929688,792.0,336.6000061035156,76.00000000000051,739.9488309516801,active,
1.0,51.638,51.668,740.5999755859375,797.5999755859375,874.7000122070312,622.5,250.60000610351562,30.000000000001137,220.55117608386175,active,
1.0,51.909,51.916,846.7000122070312,628.4000244140625,838.2000122070312,642.7000122070312,38.29999923706055,6.999999999997897,16.635493707102754,active,
1.0,52.166,52.183,830.9000244140625,651.5999755859375,855.2000122070312,702.0,89.19999694824219,17.000000000003013,55.952228442453716,active,
1.0,52.398,52.441,848.0,708.7000122070312,977.0,392.79998779296875,234.89999389648438,42.99999999999926,341.22401062176925,active,
1.0,52.825,52.859,954.0999755859375,379.6000061035156,789.7999877929688,565.0,208.60000610351562,33.99999999999892,247.72493561526284,active,
1.0,53.847,53.894,795.7999877929688,590.7999877929688,436.5,578.7000122070312,241.0,46.999999999997044,359.5036726338241,active,
1.0,54.252,54.271,449.0,570.7999877929688,425.29998779296875,511.8999938964844,90.80000305175781,18.99999999999835,63.48936808332027,active,
1.0,54.492,54.5,430.0,503.20001220703125,449.20001220703125,508.79998779296875,44.0,8.000000000002672,20.00000488283053,active,
1.0,54.886,54.938,457.70001220703125,519.2000122070312,957.5,361.1000061035156,282.0,51.9999999999996,524.2095379977203,active,
1.0,55.385,55.438,947.0999755859375,354.20001220703125,1368.5999755859375,408.29998779296875,238.89999389648438,53.00000000000438,424.9577124354834,active,
1.0,55.64,55.699,1365.0,410.0,1466.5,868.7000122070312,246.39999389648438,58.9999999999975,469.79564833949945,active,
1.0,55.917,55.997,1465.4000244140625,863.0,489.29998779296875,565.2000122070312,375.1000061035156,79.9999999999983,1020.517571735633,active,
1.0,56.17,56.189,491.3999938964844,562.4000244140625,429.8999938964844,537.5999755859375,109.5,18.99999999999835,66.31208352839914,active,
1.0,56.58,56.593,451.6000061035156,538.5,497.1000061035156,554.0999755859375,79.19999694824219,13.00000000000523,48.09999208193122,active,
1.0,56.83,56.863,491.29998779296875,557.9000244140625,589.2999877929688,688.7000122070312,129.3000030517578,33.00000000000125,163.44000980984055,active,
1.0,57.317,57.349,573.4000244140625,682.4000244140625,788.5999755859375,550.7000122070312,266.5,31.999999999996476,252.30123305229716,active,
1.0,57.576,57.588,770.5,544.5,810.2999877929688,562.2000122070312,73.69999694824219,12.000000000000455,43.55834547419721,active,
1.0,58.111,58.174,799.5,568.2000122070312,402.6000061035156,536.0,179.10000610351562,63.00000000000239,398.20402552104156,active,
1.0,58.347,58.399,413.70001220703125,535.7000122070312,148.8000030517578,197.0,240.60000610351562,51.9999999999996,429.98803834468123,active,
1.0,58.729,58.746,144.6999969482422,190.5,94.19999694824219,155.1999969482422,77.0,17.000000000003013,61.614448106382575,active,
1.0,58.895,58.985,92.5,138.1999969482422,1209.800048828125,259.20001220703125,351.0,89.9999999999963,1123.8329069768147,active,
1.0,59.166,59.202,1201.800048828125,255.6999969482422,1400.4000244140625,255.5,214.6999969482422,36.000000000001364,198.60007628778564,active,
1.0,59.44,59.513,1388.699951171875,255.39999389648438,607.7000122070312,594.2999877929688,313.1000061035156,73.0000000000004,851.3601532407579,active,
1.0,59.696,59.738,626.5,592.7000122070312,394.8999938964844,560.7000122070312,209.8000030517578,42.00000000000159,233.80026267553353,active,
1.0,59.952,59.967,392.29998779296875,559.5999755859375,345.29998779296875,580.4000244140625,73.0,15.000000000000568,51.396906825726234,active,
1.0,60.138,60.16,343.70001220703125,590.4000244140625,449.6000061035156,537.0999755859375,167.60000610351562,21.999999999998465,118.55675397190974,active,
1.0,60.373,60.464,452.6000061035156,544.0,1344.4000244140625,794.2999877929688,428.8999938964844,91.00000000000108,926.2598752768318,active,
1.0,60.678,60.706,1305.800048828125,794.0999755859375,1123.9000244140625,862.7999877929688,213.5,28.000000000005798,194.44102077257972,active,
1.0,60.954,61.001,1110.5999755859375,872.5,800.5,637.5,288.3999938964844,46.999999999997044,389.08481704944364,active,
1.0,61.291,61.31,784.2000122070312,626.0999755859375,801.2000122070312,553.5999755859375,109.5,19.000000000005457,74.46643539206103,active,
1.0,62.207,62.22,792.0999755859375,573.2000122070312,748.2000122070312,564.7000122070312,66.0,12.999999999998124,44.71528580551968,active,
1.0,62.381,62.4,747.2000122070312,574.0,821.4000244140625,556.5,101.4000015258789,18.99999999999835,76.23576464838263,active,
1.0,62.652,62.689,815.5999755859375,552.4000244140625,705.5999755859375,305.70001220703125,199.0,36.999999999999034,270.11274687239285,active,
1.0,62.965,62.979,688.0999755859375,291.20001220703125,738.9000244140625,297.70001220703125,78.69999694824219,13.999999999995794,51.21420663194817,active,
1.0,63.108,63.166,740.2999877929688,299.0,1319.800048828125,271.79998779296875,229.60000610351562,57.99999999999983,580.1380537456688,active,
1.0,63.672,63.738,1358.0,281.8999938964844,751.2000122070312,240.1999969482422,263.6000061035156,66.0000000000025,608.2311361078372,active,
1.0,63.919,63.933,760.0,240.6999969482422,725.5999755859375,286.8999938964844,88.4000015258789,14.000000000002899,57.60035935396309,active,
1.0,64.173,64.252,732.2999877929688,296.29998779296875,360.8999938964844,671.5,201.10000610351562,78.99999999999352,527.93276525185,active,
1.0,64.581,64.628,354.0,660.0999755859375,686.9000244140625,559.5999755859375,227.5,46.999999999997044,347.7393797873393,active,
1.0,64.858,64.879,669.9000244140625,563.7000122070312,782.5999755859375,551.0,151.60000610351562,21.000000000000796,113.41326776088304,active,
1.0,65.193,65.2,805.5,546.4000244140625,820.5999755859375,550.2000122070312,41.20000076293945,7.000000000005002,15.570779361439172,active,
1.0,65.4,65.431,826.5,549.5999755859375,749.2000122070312,354.5,178.89999389648438,30.9999999999917,209.8553992310575,active,
1.0,65.757,65.814,737.4000244140625,338.1000061035156,1050.699951171875,751.5,245.8000030517578,56.99999999998795,518.7064671469443,active,
1.0,66.02,66.062,1041.5,752.7000122070312,727.2999877929688,615.7000122070312,207.89999389648438,42.00000000000159,342.7690879745409,active,
1.0,66.265,66.286,671.7999877929688,600.5,759.9000244140625,543.7000122070312,128.0,21.000000000000796,104.82297012544272,active,
1.0,66.465,66.479,766.2000122070312,546.2999877929688,820.7000122070312,551.5,80.4000015258789,13.999999999995794,54.74751251840831,active,
1.0,67.004,67.016,805.9000244140625,542.0,770.4000244140625,554.5999755859375,62.400001525878906,12.000000000000455,37.6697409702565,active,
1.0,67.703,67.719,786.7000122070312,565.2999877929688,840.4000244140625,546.4000244140625,80.5,15.999999999991132,56.92890238498633,active,
1.0,67.891,67.929,839.7999877929688,545.5999755859375,587.2000122070312,501.6000061035156,203.89999389648438,37.9999999999967,256.40348082752365,active,
1.0,68.111,68.124,591.2999877929688,504.1000061035156,629.2000122070312,489.3999938964844,61.400001525878906,12.999999999991019,40.65098042450393,active,
1.0,68.406,68.431,628.2000122070312,485.79998779296875,498.0,563.0999755859375,156.10000610351562,24.999999999991473,151.41773770435287,active,
1.0,68.716,68.779,486.5,597.7000122070312,1274.0999755859375,687.4000244140625,360.6000061035156,63.00000000000239,792.6914997228814,active,
1.0,69.074,69.086,1261.9000244140625,702.2999877929688,1296.5,724.7000122070312,68.19999694824219,12.000000000000455,41.21795002542056,active,
1.0,69.404,69.429,1292.5,729.5999755859375,1410.4000244140625,794.5999755859375,176.8000030517578,25.000000000005684,134.63066425163524,active,
1.0,69.871,69.951,1410.5,783.7999877929688,521.2999877929688,477.6000061035156,334.20001220703125,79.9999999999983,940.4440921690167,active,
1.0,70.252,70.291,524.0,475.20001220703125,774.7999877929688,548.7000122070312,246.5,39.00000000000148,261.34820427344295,active,
1.0,70.695,70.711,772.0999755859375,546.4000244140625,827.0,573.2999877929688,100.4000015258789,16.000000000005343,61.13608353870205,active,
1.0,71.249,71.287,819.5999755859375,570.0,670.7000122070312,324.5,214.39999389648438,38.000000000010914,287.1261901921168,active,
1.0,71.53,71.545,654.7000122070312,321.20001220703125,604.2000122070312,288.1000061035156,89.0999984741211,15.000000000000568,60.380960608893695,active,
1.0,71.727,71.773,602.7999877929688,292.79998779296875,175.39999389648438,226.6999969482422,228.10000610351562,45.99999999999227,432.4811713501384,active,
1.0,72.133,72.153,179.3000030517578,233.0,231.0,313.3999938964844,105.80000305175781,20.000000000010232,95.58791086221613,active,
1.0,72.398,72.42,247.5,325.3999938964844,160.8000030517578,394.5,130.6999969482422,22.00000000000557,110.86794087711336,active,
1.0,72.879,72.939,169.8000030517578,414.3999938964844,765.9000244140625,320.3999938964844,329.1000061035156,59.99999999998806,603.4660184866585,active,
1.0,73.149,73.16,754.7999877929688,315.6000061035156,719.2999877929688,299.70001220703125,68.5999984741211,10.99999999999568,38.89806943677591,active,
1.0,73.694,73.709,703.0999755859375,297.0,649.7999877929688,311.1000061035156,77.5,15.000000000000568,55.13346416514924,active,
1.0,73.974,74.009,645.7000122070312,316.3999938964844,411.3999938964844,491.70001220703125,234.39999389648438,34.99999999999659,292.620223156228,active,
1.0,74.247,74.279,396.29998779296875,522.7000122070312,192.39999389648438,507.0,197.3000030517578,31.999999999996476,204.5035400531915,active,
1.0,74.645,74.701,201.10000610351562,504.0,690.4000244140625,566.0999755859375,264.29998779296875,55.999999999997385,493.2250144573727,active,
1.0,74.898,74.919,687.2000122070312,556.0,796.0,561.4000244140625,170.6999969482422,21.000000000000796,108.93391394521093,active,
1.0,75.827,75.959,783.7999877929688,594.2999877929688,614.2000122070312,431.1000061035156,507.8999938964844,132.000000000005,235.3686167316884,active,
1.0,76.128,76.152,602.7999877929688,422.0,532.2000122070312,297.5,145.39999389648438,24.00000000000091,143.12444428795163,active,
1.0,76.354,76.367,506.3999938964844,277.79998779296875,494.1000061035156,322.1000061035156,74.19999694824219,13.00000000000523,45.97587761013343,active,
1.0,76.848,76.884,512.0999755859375,327.70001220703125,269.1000061035156,302.0,159.89999389648438,36.000000000001364,244.35522461347028,active,
1.0,77.171,77.229,257.70001220703125,308.79998779296875,86.30000305175781,866.7999877929688,266.0,57.999999999992724,583.7310709037406,active,
1.0,77.45,77.474,109.0999984741211,883.4000244140625,249.39999389648438,872.5999755859375,159.6999969482422,24.00000000000091,140.71506589631772,active,
1.0,77.61,77.695,240.8000030517578,877.0,1279.5,995.5,347.3999938964844,84.99999999999375,1045.43767564608,active,
1.0,77.87,77.898,1260.9000244140625,986.5999755859375,1513.199951171875,1040.9000244140625,296.6000061035156,27.999999999991587,258.0770201795083,active,
1.0,78.123,78.195,1529.0,1042.699951171875,1392.5999755859375,282.70001220703125,331.70001220703125,71.99999999998852,772.1430397839011,active,
1.0,78.483,78.548,1336.800048828125,230.0,976.9000244140625,880.2000122070312,332.0,64.99999999999773,743.1608731945367,active,
1.0,78.766,78.849,988.0,880.0999755859375,348.20001220703125,617.2999877929688,279.6000061035156,82.99999999999841,691.6703390805966,active,
1.0,78.997,79.029,345.3999938964844,616.4000244140625,222.6999969482422,422.3999938964844,240.39999389648438,31.999999999996476,229.54585836368273,active,
1.0,79.362,79.415,227.1999969482422,364.0,713.9000244140625,526.9000244140625,317.6000061035156,53.00000000001148,513.2380877227765,active,
1.0,79.544,79.566,710.7000122070312,526.0999755859375,785.9000244140625,558.2000122070312,113.5,22.00000000000557,81.76462674661464,active,
1.0,80.419,80.43,789.0999755859375,559.9000244140625,755.2999877929688,566.5,60.400001525878906,11.00000000000989,34.438334055813556,active,
1.0,80.573,80.585,755.5999755859375,581.2999877929688,710.2000122070312,580.5999755859375,77.30000305175781,12.000000000000455,45.405359726534726,active,
1.0,80.84,80.848,699.7999877929688,589.9000244140625,723.5999755859375,588.5999755859375,53.29999923706055,7.999999999995566,23.835468233306656,active,
1.0,81.022,81.029,713.9000244140625,586.2999877929688,696.9000244140625,582.7999877929688,43.0,6.999999999990791,17.356554957709783,active,
1.0,81.166,81.25,690.5,579.2000122070312,1143.9000244140625,191.5,218.10000610351562,84.00000000000318,596.5592020948169,active,
1.0,81.381,81.421,1143.5,199.60000610351562,1427.5999755859375,286.6000061035156,224.89999389648438,40.00000000000625,297.1225271296848,active,
1.0,81.631,81.702,1426.0999755859375,326.5,859.4000244140625,761.5999755859375,275.0,70.99999999999795,714.465410928401,active,
1.0,81.918,81.938,864.2999877929688,754.9000244140625,786.5999755859375,794.4000244140625,127.80000305175781,19.99999999999602,87.1638795429208,active,
1.0,82.166,82.191,791.2000122070312,812.7000122070312,772.9000244140625,684.5999755859375,145.60000610351562,25.000000000005684,129.40057548383766,active,
1.0,82.345,82.36,780.2999877929688,677.9000244140625,836.7999877929688,679.7000122070312,82.5,15.000000000000568,56.528664906,active,
1.0,82.685,82.707,828.9000244140625,672.2999877929688,808.5,565.9000244140625,142.6999969482422,21.99999999999136,108.33795827468292,active,
1.0,83.588,83.605,795.2000122070312,559.2999877929688,744.7999877929688,547.0999755859375,66.19999694824219,17.000000000010118,51.8555952505591,active,
1.0,83.847,83.902,731.7999877929688,547.9000244140625,235.6999969482422,691.7000122070312,273.20001220703125,55.00000000000682,516.5207037529045,active,
1.0,84.086,84.134,235.5,689.4000244140625,204.10000610351562,215.39999389648438,261.6000061035156,48.00000000000182,475.0389337173999,active,
1.0,84.426,84.511,216.6999969482422,191.5,1218.199951171875,299.3999938964844,322.1000061035156,84.99999999999375,1007.29567009533,active,
1.0,84.709,84.734,1201.699951171875,300.29998779296875,1387.4000244140625,282.20001220703125,219.39999389648438,24.999999999991473,186.5800801756858,active,
1.0,84.986,85.053,1399.5999755859375,290.70001220703125,1233.199951171875,878.5999755859375,282.70001220703125,66.99999999999307,610.9953641934773,active,
1.0,85.217,85.267,1230.300048828125,871.4000244140625,788.2000122070312,595.0999755859375,344.8999938964844,49.99999999999716,521.3388143643217,active,
1.0,85.483,85.559,767.5999755859375,586.9000244140625,287.5,719.7999877929688,210.39999389648438,75.9999999999934,498.15498273502436,active,
1.0,85.759,85.775,277.70001220703125,722.2000122070312,285.3999938964844,773.5999755859375,77.5999984741211,16.000000000005343,51.973512036140264,active,
1.0,85.903,85.961,286.29998779296875,765.0,783.4000244140625,465.3999938964844,330.8999938964844,57.999999999992724,580.4038336071872,active,
1.0,86.201,86.227,782.4000244140625,455.3999938964844,806.2999877929688,572.0,143.10000610351562,26.00000000001046,119.02423985412779,active,
1.0,86.35,86.386,800.0999755859375,604.0999755859375,943.5999755859375,378.8999938964844,288.79998779296875,36.000000000001364,267.03423329777405,active,
1.0,86.816,86.84,920.7999877929688,372.70001220703125,808.5999755859375,452.70001220703125,166.6999969482422,24.00000000000091,137.80000993925205,active,
1.0,87.238,87.42,799.5,511.20001220703125,802.0,610.0999755859375,543.2000122070312,182.00000000000216,98.93155591796278,active,
1.0,87.803,87.86,791.5,630.2000122070312,226.6999969482422,616.0,290.0,57.00000000000216,564.9784808237793,active,
1.0,88.326,88.436,213.0,597.9000244140625,518.0999755859375,805.2999877929688,241.1999969482422,110.00000000001364,368.9183377281635,active,
1.0,88.552,88.574,519.7999877929688,803.0,629.0999755859375,871.7000122070312,245.5,21.99999999999136,129.09755616892738,active,
1.0,88.791,88.856,632.7000122070312,867.7000122070312,1333.4000244140625,738.7999877929688,401.20001220703125,64.99999999999773,712.4575239274827,active,
1.0,89.336,89.397,1311.0999755859375,737.7999877929688,758.2000122070312,548.7000122070312,297.0,61.00000000000705,584.3433667553676,active,
1.0,89.686,89.713,770.2999877929688,541.2000122070312,931.5999755859375,580.7999877929688,190.1999969482422,26.999999999986812,166.08986762719366,active,
1.0,89.928,89.937,919.0999755859375,577.9000244140625,886.2999877929688,572.7999877929688,67.0,9.000000000000341,33.19411955083907,active,
1.0,90.294,90.329,878.7999877929688,572.0999755859375,716.2000122070312,545.5999755859375,116.4000015258789,34.99999999999659,164.74526415210687,active,
1.0,90.811,90.844,716.7000122070312,544.7000122070312,602.9000244140625,404.29998779296875,187.6999969482422,32.99999999998704,180.72798365817394,active,
1.0,91.168,91.196,593.5999755859375,398.0,754.7999877929688,504.29998779296875,206.89999389648438,27.999999999991587,193.09358182066106,active,
1.0,91.565,91.766,771.4000244140625,543.2999877929688,798.2000122070312,576.7000122070312,271.8999938964844,201.00000000000762,42.82290247710032,active,
1.0,92.158,92.214,796.9000244140625,585.2999877929688,1391.9000244140625,429.5,336.1000061035156,55.999999999997385,615.0598639126839,active,
1.0,92.458,92.514,1432.4000244140625,411.79998779296875,1502.5,874.2000122070312,245.6999969482422,55.999999999997385,467.6834283522077,active,
1.0,92.759,92.776,1496.9000244140625,885.5999755859375,1419.5,883.9000244140625,102.5,16.999999999995907,77.41869033563039,active,
1.0,92.958,93.028,1410.0,889.4000244140625,1375.0999755859375,196.3000030517578,309.0,70.00000000000739,693.9781346098229,active,
1.0,93.311,93.391,1364.199951171875,186.0,612.4000244140625,582.0999755859375,281.5,79.9999999999983,849.7636851102973,active,
1.0,93.556,93.611,626.5999755859375,576.9000244140625,286.20001220703125,393.70001220703125,245.1999969482422,55.00000000000682,386.56743207494486,active,
1.0,93.79,93.825,288.8999938964844,390.0,550.5999755859375,497.29998779296875,261.79998779296875,34.99999999999659,282.84300909980317,active,
1.0,94.023,94.049,551.0999755859375,498.3999938964844,421.5,510.8999938964844,145.89999389648438,26.00000000001046,130.20139658189385,active,
1.0,94.318,94.371,393.8999938964844,507.5,976.5999755859375,532.2000122070312,324.0,52.99999999999727,583.2232499342911,active,
1.0,94.649,94.688,980.2000122070312,544.0999755859375,796.0,741.7999877929688,205.39999389648438,39.00000000000148,270.21276676672915,active,
1.0,94.924,94.944,786.4000244140625,757.7000122070312,887.5,728.2999877929688,159.5,19.99999999999602,105.2880168823814,active,
1.0,95.123,95.172,900.5,730.9000244140625,447.8999938964844,762.0,278.6000061035156,48.99999999999238,453.66725031276866,active,
1.0,95.46,95.466,455.29998779296875,762.0,439.6000061035156,761.0999755859375,43.400001525878906,6.000000000000227,15.725758137370418,active,
1.0,95.816,95.854,431.6000061035156,760.4000244140625,731.5,603.2000122070312,234.39999389648438,37.9999999999967,338.60279115359066,active,
1.0,96.013,96.025,739.7999877929688,576.0,784.2999877929688,565.0,74.80000305175781,12.000000000000455,45.83939353874569,active,
1.0,96.756,96.831,795.2000122070312,548.2000122070312,430.0,608.5999755859375,132.10000610351562,75.00000000000284,370.1610521005539,active,
1.0,97.195,97.233,419.0,615.7000122070312,122.5999984741211,508.6000061035156,230.10000610351562,38.000000000010914,315.15610768619746,active,
1.0,97.399,97.407,117.30000305175781,502.20001220703125,96.80000305175781,492.29998779296875,47.79999923706055,7.999999999995566,22.76533512599877,active,
1.0,97.655,97.698,97.19999694824219,492.79998779296875,446.79998779296875,673.9000244140625,309.0,42.999999999992156,393.72246171992066,active,
1.0,97.917,97.945,442.6000061035156,667.4000244140625,309.8999938964844,788.5999755859375,184.89999389648438,27.999999999991587,179.7184503711601,active,
1.0,98.452,98.482,306.3999938964844,817.4000244140625,424.70001220703125,620.2999877929688,240.89999389648438,30.000000000001137,229.87674690649385,active,
1.0,98.988,99.047,399.29998779296875,624.9000244140625,1058.0,586.9000244140625,354.8999938964844,58.9999999999975,659.7952001049591,active,
1.0,99.247,99.258,1047.4000244140625,583.9000244140625,1009.2999877929688,564.7999877929688,77.80000305175781,10.99999999999568,42.61952826411629,active,
1.0,99.597,99.603,1006.5999755859375,562.5999755859375,1022.0,566.4000244140625,45.0,6.000000000000227,15.861939447931809,active,
1.0,99.762,99.803,1019.5999755859375,562.5999755859375,1224.0999755859375,663.4000244140625,183.6999969482422,40.99999999999682,227.99320131037325,active,
1.0,99.954,99.974,1218.300048828125,667.7999877929688,1136.800048828125,715.0,112.9000015258789,20.000000000010232,94.18116134527064,active,
1.0,100.119,100.139,1132.0999755859375,726.5,1033.5999755859375,691.2000122070312,150.60000610351562,19.99999999999602,104.63431147660762,active,
1.0,100.689,100.723,1030.0999755859375,665.7999877929688,798.0,568.2999877929688,205.3000030517578,34.000000000006025,251.74719197439478,active,
1.0,101.56,101.604,773.5999755859375,551.0,1043.5,288.20001220703125,258.3999938964844,43.99999999999693,376.70924698326166,active,
1.0,102.101,102.145,1044.199951171875,263.79998779296875,1247.4000244140625,423.0,171.0,43.99999999999693,258.13739297581293,active,
1.0,102.405,102.428,1236.4000244140625,418.20001220703125,1331.5,359.3999938964844,150.0,22.999999999996135,111.80987214806461,active,
1.0,102.607,102.66,1316.199951171875,328.3999938964844,1000.0999755859375,192.0,194.8000030517578,52.99999999999727,344.2733694324777,active,
1.0,102.842,102.918,1011.2000122070312,188.39999389648438,441.70001220703125,231.10000610351562,202.89999389648438,76.00000000000762,571.098538820124,active,
1.0,103.174,103.212,453.70001220703125,228.89999389648438,281.79998779296875,245.8000030517578,146.3000030517578,37.9999999999967,172.72877207634983,active,
1.0,103.613,103.655,295.70001220703125,253.89999389648438,513.2999877929688,469.29998779296875,203.39999389648438,42.00000000000159,306.1811665429572,active,
1.0,103.831,103.855,517.5999755859375,468.79998779296875,675.0999755859375,526.9000244140625,219.39999389648438,24.00000000000091,167.87454915910402,active,
1.0,104.207,104.231,664.0999755859375,560.2000122070312,774.4000244140625,627.0,144.3000030517578,24.00000000000091,128.95091756411637,active,
1.0,104.39,104.424,768.7999877929688,641.9000244140625,997.7000122070312,766.0999755859375,234.1999969482422,34.000000000006025,260.42436339147406,active,
1.0,104.582,104.613,990.9000244140625,794.2000122070312,748.0999755859375,719.2000122070312,257.5,31.00000000000591,254.11978221094847,active,
1.0,104.994,105.015,723.5,713.0999755859375,681.0,612.4000244140625,148.6999969482422,21.000000000000796,109.3010986496385,active,
1.0,105.258,105.278,673.0999755859375,619.5999755859375,783.0,580.2000122070312,164.3000030517578,20.000000000010232,116.74918620902969,active,
1.0,106.302,106.313,777.5,576.7000122070312,743.2000122070312,551.5999755859375,79.0999984741211,10.99999999999568,42.502952850102695,active,
1.0,106.542,106.589,742.2000122070312,542.2999877929688,291.3999938964844,551.9000244140625,242.8000030517578,46.999999999997044,450.9022257784006,active,
1.0,106.881,106.902,269.6000061035156,564.7000122070312,382.0,571.4000244140625,131.60000610351562,21.000000000000796,112.59950617788735,active,
1.0,107.207,107.283,384.20001220703125,579.7999877929688,943.9000244140625,343.70001220703125,281.8999938964844,76.00000000000762,607.4597123564913,active,
1.0,107.459,107.525,934.7999877929688,350.70001220703125,558.0,492.79998779296875,168.39999389648438,66.0000000000025,402.704151781808,active,
1.0,107.697,107.722,552.2000122070312,478.79998779296875,452.1000061035156,580.7000122070312,196.0,24.999999999991473,142.8412622371785,active,
1.0,107.897,107.975,455.8999938964844,580.9000244140625,1273.5,425.1000061035156,364.6000061035156,77.99999999998875,832.3120903159077,active,
1.0,108.259,108.281,1258.0,431.1000061035156,1149.5,396.79998779296875,154.5,22.00000000000557,113.79253602984622,active,
1.0,108.846,108.892,1103.0,400.0,810.9000244140625,487.70001220703125,161.5,45.99999999999227,304.9814549745914,active,
1.0,109.057,109.074,785.4000244140625,513.4000244140625,745.4000244140625,563.0999755859375,80.4000015258789,16.999999999995907,63.797218955741,active,
1.0,109.208,109.363,760.7000122070312,584.9000244140625,787.4000244140625,588.0,433.79998779296875,155.00000000000114,26.879369421342947,active,
1.0,109.627,109.645,787.0,602.7000122070312,806.0999755859375,677.9000244140625,86.0,18.000000000000682,77.58769814423584,active,
1.0,109.913,109.922,818.5999755859375,672.2999877929688,843.4000244140625,685.7000122070312,56.29999923706055,9.000000000000341,28.18870476227766,active,
1.0,110.055,110.094,844.0999755859375,683.9000244140625,1150.5,751.2000122070312,258.1000061035156,38.99999999998727,313.70410153179677,active,
1.0,110.396,110.401,1122.199951171875,746.7000122070312,1120.5,734.2000122070312,39.29999923706055,4.9999999999954525,12.615063772599772,active,
1.0,110.863,110.906,1109.9000244140625,745.2000122070312,1484.0999755859375,744.0,270.1000061035156,43.00000000000637,374.2018753110821,active,
1.0,111.473,111.539,1470.699951171875,740.0,828.9000244140625,408.20001220703125,343.6000061035156,66.0000000000025,722.4945521495284,active,
1.0,111.746,111.766,835.4000244140625,397.8999938964844,914.0,427.29998779296875,117.30000305175781,20.000000000010232,83.9185069172664,active,
1.0,111.959,111.996,904.0,431.29998779296875,855.7999877929688,676.7999877929688,217.39999389648438,36.99999999999193,250.18691248096485,active,
1.0,112.16,112.226,866.5,674.7999877929688,294.20001220703125,793.7000122070312,356.5,66.0000000000025,584.520736872095,active,
1.0,112.565,112.615,279.5,800.0,741.2000122070312,597.7000122070312,352.29998779296875,49.99999999999716,504.075576013169,active,
1.0,112.736,112.753,733.2000122070312,604.4000244140625,784.5,577.7000122070312,92.5999984741211,16.999999999995907,57.83233869916001,active,
1.0,113.39,113.406,779.7999877929688,576.5,729.0,592.7000122070312,76.69999694824219,16.000000000005343,53.32053221108859,active,
1.0,113.697,113.75,719.9000244140625,599.0,307.6000061035156,639.2000122070312,269.6000061035156,52.99999999999727,414.25517025176975,active,
1.0,114.08,114.092,317.79998779296875,638.5999755859375,333.6000061035156,609.9000244140625,51.20000076293945,12.000000000000455,32.761681517920074,active,
1.0,114.525,114.591,334.5,600.5,1059.5,671.2999877929688,304.70001220703125,65.99999999998829,728.4487890521093,active,
1.0,114.858,114.866,1051.0999755859375,668.7000122070312,1028.9000244140625,680.0,53.79999923706055,7.999999999995566,24.910390525940716,active,
1.0,115.03,115.071,1020.2000122070312,679.9000244140625,744.2999877929688,491.29998779296875,245.5,40.99999999999682,334.20173142154454,active,
1.0,115.253,115.266,727.5,490.1000061035156,679.4000244140625,482.3999938964844,81.80000305175781,13.00000000000523,48.712399236295205,active,
1.0,115.436,115.45,658.5,476.79998779296875,606.0999755859375,443.3999938964844,93.19999694824219,13.999999999995794,62.13953774272496,active,
1.0,115.695,115.728,595.2000122070312,436.8999938964844,830.2999877929688,439.5,237.60000610351562,33.00000000000125,235.11435207627528,active,
1.0,115.914,115.973,821.0,441.5,1120.199951171875,833.5,270.1000061035156,58.9999999999975,493.13751710983456,active,
1.0,116.128,116.152,1117.300048828125,828.7000122070312,1088.5999755859375,912.9000244140625,126.19999694824219,24.00000000000091,88.95693486047695,active,
1.0,116.348,116.363,1159.4000244140625,930.0,1178.800048828125,878.2999877929688,71.5,15.000000000000568,55.22003449359119,active,
1.0,116.515,116.578,1164.800048828125,878.0999755859375,535.0,836.0,302.29998779296875,63.00000000000239,631.2055999816899,active,
1.0,117.126,117.162,548.7999877929688,834.0999755859375,776.0,567.4000244140625,300.5,36.000000000001364,350.3551191319397,active,
1.0,117.438,117.445,787.5999755859375,546.0,766.5,541.9000244140625,49.79999923706055,6.999999999990791,21.49462187460952,active,
1.0,117.543,117.732,775.0,584.7000122070312,771.5,523.9000244140625,487.5,188.99999999999295,60.90064462405262,active,
1.0,118.183,118.239,788.2000122070312,567.5,248.1999969482422,643.2000122070312,278.3999938964844,55.999999999997385,545.280210834427,active,
1.0,118.687,118.728,249.89999389648438,637.5999755859375,190.6999969482422,887.9000244140625,194.6999969482422,40.99999999999682,257.2056649493429,active,
1.0,118.884,118.927,190.60000610351562,878.2000122070312,609.2999877929688,884.2999877929688,343.79998779296875,43.00000000000637,418.7444141345618,active,
1.0,119.233,119.305,589.2999877929688,889.0,1426.5999755859375,971.2999877929688,358.29998779296875,72.00000000000273,841.3349853351092,active,
1.0,119.507,119.532,1403.300048828125,963.2999877929688,1565.800048828125,972.5999755859375,213.39999389648438,24.999999999991473,162.76590482330556,active,
1.0,119.819,119.889,1545.800048828125,958.0,1380.199951171875,272.70001220703125,323.3999938964844,69.99999999999318,705.024443273283,active,
1.0,120.195,120.305,1374.5999755859375,238.3000030517578,344.1000061035156,331.20001220703125,281.6000061035156,110.00000000001364,1034.6789834554108,active,
1.0,120.703,120.761,314.79998779296875,347.5,757.2000122070312,708.2000122070312,303.0,57.999999999992724,570.8084445833957,active,
1.0,120.99,121.017,763.5,717.0999755859375,898.5,608.4000244140625,204.0,27.000000000001023,173.32247224398805,active,
1.0,121.237,121.26,892.4000244140625,601.5999755859375,808.2000122070312,500.1000061035156,199.1999969482422,23.000000000010346,131.87829943018215,active,
1.0,121.78,121.797,825.2000122070312,494.20001220703125,791.0,538.2999877929688,85.19999694824219,16.999999999995907,55.807245780824644,active,
1.0,122.953,123.014,792.5999755859375,543.4000244140625,257.1000061035156,370.1000061035156,274.6000061035156,60.99999999999284,562.8437737615213,active,
1.0,123.306,123.326,233.10000610351562,368.5,197.5,293.8999938964844,89.0,19.99999999999602,82.65906692683458,active,
1.0,123.832,123.909,172.89999389648438,279.79998779296875,1027.5,304.70001220703125,306.3999938964844,77.00000000001239,854.9626785117289,active,
1.0,124.154,124.178,1022.2000122070312,311.8999938964844,866.0,280.70001220703125,155.10000610351562,24.00000000000091,159.28553817248735,active,
1.0,124.411,124.472,837.2999877929688,288.0,420.6000061035156,350.1000061035156,217.1999969482422,60.99999999999284,421.3018935372202,active,
1.0,124.687,124.707,436.6000061035156,342.6000061035156,382.29998779296875,388.0,96.9000015258789,19.99999999999602,70.77889116344325,active,
1.0,124.924,124.971,395.70001220703125,403.5,234.10000610351562,703.7999877929688,190.60000610351562,46.999999999997044,341.0200062182767,active,
1.0,125.233,125.28,234.60000610351562,729.2999877929688,752.7000122070312,697.7000122070312,343.79998779296875,46.999999999997044,519.0627850091882,active,
1.0,125.662,125.692,736.4000244140625,701.0999755859375,821.0,477.8999938964844,272.20001220703125,29.999999999986926,238.69517736082025,active,
1.0,126.056,126.107,808.0999755859375,487.70001220703125,1208.300048828125,449.70001220703125,254.3000030517578,51.00000000000193,402.0001226654691,active,
1.0,126.251,126.289,1194.199951171875,446.20001220703125,1446.4000244140625,373.0,270.8999938964844,37.9999999999967,262.6082990510282,active,
1.0,127.544,127.549,777.7999877929688,583.7999877929688,793.0999755859375,583.5,43.79999923706055,5.000000000009663,15.302928449840019,active,
1.0,127.713,127.796,803.7000122070312,613.5,798.4000244140625,564.7000122070312,342.79998779296875,83.00000000001262,49.08695019248514,active,
1.0,128.463,128.523,786.0,575.0,322.8999938964844,640.2999877929688,214.3000030517578,60.000000000002274,467.6811991718697,active,
1.0,128.823,128.862,324.29998779296875,640.7000122070312,274.0,416.1000061035156,170.8000030517578,38.99999999998727,230.16353211069747,active,
1.0,129.044,129.131,270.20001220703125,396.79998779296875,1135.699951171875,549.2000122070312,285.6000061035156,86.99999999998909,878.8150611986318,active,
1.0,129.411,129.433,1128.699951171875,542.7999877929688,1064.199951171875,581.5999755859375,91.9000015258789,21.99999999999136,75.2707715699429,active,
1.0,129.699,129.765,1067.4000244140625,595.9000244140625,689.2000122070312,698.7000122070312,146.6999969482422,65.99999999997408,391.9222967931693,active,
1.0,130.095,130.108,695.2000122070312,690.0,650.2000122070312,705.5,80.30000305175781,13.00000000000523,47.59464255564905,active,
1.0,130.306,130.355,635.0,706.2000122070312,946.9000244140625,684.2000122070312,187.3000030517578,48.99999999997817,312.6749513944038,active,
1.0,130.854,130.876,909.7999877929688,679.7000122070312,804.2999877929688,645.5999755859375,132.10000610351562,21.99999999999136,110.87408397619316,active,
1.0,131.216,131.379,771.0,642.2000122070312,747.5999755859375,638.7999877929688,298.29998779296875,162.9999999999825,23.645746099350347,active,
1.0,131.649,131.676,744.2000122070312,646.0,883.9000244140625,598.5,172.10000610351562,26.999999999986812,147.55454384953612,active,
1.0,132.181,132.2,866.5,610.5999755859375,791.4000244140625,573.2000122070312,102.0,18.999999999977035,83.89733961069288,active,
1.0,132.671,132.72,776.4000244140625,569.4000244140625,422.5,398.0,207.3000030517578,49.000000000006594,393.2215605093587,active,
1.0,132.904,132.945,413.8999938964844,398.1000061035156,164.0,290.6000061035156,225.1999969482422,40.99999999999682,272.0409104334547,active,
1.0,133.106,133.142,147.3000030517578,287.8999938964844,445.8999938964844,392.3999938964844,288.20001220703125,36.000000000001364,316.35771609440917,active,
1.0,133.286,133.312,436.20001220703125,400.79998779296875,262.79998779296875,336.0,213.3000030517578,26.00000000001046,185.11241688435265,active,
1.0,133.493,133.502,244.1999969482422,314.5,267.6000061035156,325.70001220703125,50.20000076293945,9.000000000014552,25.942257070357808,active,
1.0,133.758,133.763,268.8999938964844,330.20001220703125,280.6000061035156,333.29998779296875,39.20000076293945,4.9999999999954525,12.103723983885654,active,
1.0,134.224,134.229,287.70001220703125,323.79998779296875,278.0,318.6000061035156,37.400001525878906,5.000000000023874,11.005909611985873,active,
1.0,134.313,134.361,269.0,316.8999938964844,674.5,480.1000061035156,278.5,48.00000000000182,437.10924719613877,active,
1.0,134.834,134.881,657.4000244140625,481.79998779296875,1018.2999877929688,500.70001220703125,228.8000030517578,46.999999999997044,361.39451364090746,active,
1.0,135.12,135.16,1002.7999877929688,501.8999938964844,1280.4000244140625,525.4000244140625,227.6999969482422,39.99999999999204,278.5929499581059,active,
1.0,135.343,135.353,1264.800048828125,537.9000244140625,1235.0,534.7999877929688,56.70000076293945,10.000000000019327,29.960860087967376,active,
1.0,135.613,135.648,1221.5,541.5,1456.199951171875,619.2999877929688,207.60000610351562,34.99999999999659,247.25878180696958,active,
1.0,135.825,135.912,1453.0999755859375,617.7000122070312,409.29998779296875,855.5999755859375,319.5,87.00000000001751,1070.567516363301,active,
1.0,136.142,136.17,424.0,852.5999755859375,633.7999877929688,903.2999877929688,240.0,27.999999999991587,215.83912091120774,active,
1.0,136.406,136.581,637.2000122070312,910.2999877929688,791.2999877929688,570.0999755859375,477.79998779296875,174.99999999998295,373.4740295940947,active,
1.0,137.024,137.033,796.2000122070312,567.7999877929688,768.2999877929688,561.2000122070312,57.099998474121094,8.99999999998613,28.670037321919455,active,
1.0,137.528,137.569,777.0,565.2000122070312,550.4000244140625,500.29998779296875,140.0,40.99999999999682,235.71075941605503,active,
1.0,137.816,137.882,548.0,483.1000061035156,1301.0999755859375,341.20001220703125,371.3999938964844,66.0000000000025,766.351865330386,active,
1.0,138.301,138.318,1279.5999755859375,343.8999938964844,1303.699951171875,271.8999938964844,108.5,17.00000000002433,75.92633813929646,active,
1.0,138.561,138.567,1299.0,273.0,1292.199951171875,290.3999938964844,47.099998474121094,6.000000000000227,18.681553780737236,active,
1.0,138.767,138.852,1282.4000244140625,290.0,424.20001220703125,807.9000244140625,340.0,85.00000000000796,1002.3610608160291,active,
1.0,139.144,139.218,439.1000061035156,799.0,391.5,362.1000061035156,175.1999969482422,73.99999999998386,439.48534133438716,active,
1.0,139.787,140.043,379.70001220703125,315.5,724.5,530.4000244140625,471.20001220703125,256.0000000000002,406.286908569789,active,
1.0,140.19,140.21,709.7999877929688,555.9000244140625,791.7999877929688,594.7999877929688,129.0,20.000000000010232,90.75906098500715,active,
1.0,140.441,140.449,790.2000122070312,600.7999877929688,783.2000122070312,577.0,52.20000076293945,8.000000000009777,24.808051494332673,active,
1.0,140.757,140.793,776.2000122070312,582.2999877929688,627.0,577.2999877929688,130.1999969482422,36.000000000001364,149.2837688517351,active,
1.0,141.22,141.269,634.4000244140625,576.9000244140625,128.60000610351562,509.20001220703125,287.5,49.000000000006594,510.3106408608209,active,
1.0,141.577,141.609,126.19999694824219,514.4000244140625,254.1999969482422,333.70001220703125,156.39999389648438,32.00000000001069,221.4418533421838,active,
1.0,141.799,141.869,285.29998779296875,257.1000061035156,1130.300048828125,413.70001220703125,324.0,69.99999999999318,859.3885413833716,active,
1.0,142.216,142.247,1124.300048828125,442.8999938964844,1324.800048828125,325.29998779296875,258.20001220703125,31.00000000000591,232.44356613067808,active,
1.0,142.592,142.653,1342.800048828125,293.3999938964844,828.0,529.7000122070312,254.5,60.99999999997863,566.4422202899468,active,
1.0,142.959,143.13,839.5,550.7999877929688,1014.4000244140625,501.79998779296875,373.20001220703125,170.99999999999227,181.63429890865783,active,
1.0,143.496,143.526,1002.0999755859375,495.0,794.7000122070312,559.2999877929688,216.0,30.000000000001137,217.13874191343098,active,
1.0,143.793,143.801,780.4000244140625,568.7999877929688,760.5999755859375,568.9000244140625,43.29999923706055,7.999999999981355,19.800301536130554,active,
1.0,144.507,144.515,781.0999755859375,576.5,777.0,600.0999755859375,52.20000076293945,7.999999999981355,23.95346838063602,active,
1.0,144.741,144.795,771.5,604.9000244140625,1139.4000244140625,872.4000244140625,287.0,53.999999999973625,454.86995720081114,active,
1.0,144.951,144.99,1135.0999755859375,861.9000244140625,1404.5,578.5999755859375,282.6000061035156,39.00000000001569,390.9415439938757,active,
1.0,145.24,145.254,1375.0,512.7000122070312,1320.800048828125,521.0,79.0999984741211,13.999999999981583,54.831783706141316,active,
1.0,145.503,145.585,1299.0999755859375,519.9000244140625,608.5999755859375,546.7000122070312,213.6999969482422,82.00000000002206,691.0198907019271,active,
1.0,145.807,145.832,629.7000122070312,540.2000122070312,484.8999938964844,596.0,172.60000610351562,25.000000000005684,155.17952165292357,active,
1.0,146.174,146.192,449.6000061035156,593.9000244140625,523.7000122070312,585.7000122070312,110.69999694824219,18.000000000000682,74.55233802327406,active,
1.0,146.397,146.42,520.5,586.2000122070312,401.6000061035156,574.7999877929688,129.89999389648438,22.999999999996135,119.44525568320093,active,
1.0,146.893,147.14,396.5,587.5,549.2000122070312,567.0,463.6000061035156,246.99999999998568,154.06993129104555,active,
1.0,147.54,147.564,552.9000244140625,574.2999877929688,693.4000244140625,562.9000244140625,164.0,24.00000000000091,140.9617294340574,active,
1.0,147.744,147.766,704.5999755859375,561.5,773.2999877929688,648.7999877929688,143.39999389648438,21.99999999999136,111.0899614992225,active,
1.0,148.046,148.118,769.2000122070312,652.7000122070312,228.10000610351562,682.0,283.20001220703125,72.00000000000273,541.8927069908699,active,
1.0,148.478,148.523,233.0,678.7000122070312,691.2000122070312,609.2000122070312,316.1000061035156,44.999999999987494,463.440936028016,active,
1.0,148.828,148.843,688.7999877929688,612.5,640.2999877929688,605.7000122070312,84.80000305175781,14.999999999986358,48.974379362933476,active,
1.0,149.186,149.205,660.7999877929688,609.9000244140625,599.0,552.0999755859375,137.0,19.000000000005457,84.61728036131107,active,
1.0,149.474,149.498,596.5,548.5,685.7000122070312,431.20001220703125,171.3000030517578,24.00000000000091,147.36325632248068,active,
1.0,149.685,149.746,703.0,395.3999938964844,1177.0,322.79998779296875,222.3000030517578,61.00000000000705,479.5276435058051,active,
1.0,149.889,149.928,1165.4000244140625,321.20001220703125,1292.5,572.5,259.20001220703125,38.99999999998727,281.61336555407337,active,
1.0,150.16,150.172,1295.699951171875,591.7999877929688,1253.4000244140625,595.7000122070312,74.19999694824219,12.000000000000455,42.47933608410783,active,
1.0,150.375,150.439,1250.5999755859375,595.4000244140625,609.5,787.2999877929688,289.1000061035156,63.99999999999295,669.2045835475989,active,
1.0,150.653,150.806,628.0999755859375,800.5999755859375,898.5999755859375,644.7999877929688,386.79998779296875,153.00000000002,312.16003298995406,active,
1.0,150.978,151.002,895.0,648.2000122070312,792.0,578.5,157.5,24.00000000000091,124.36676284948605,active,
1.0,151.871,151.883,798.2000122070312,581.7000122070312,772.0999755859375,597.2000122070312,46.900001525878906,12.000000000000455,30.355591109751675,active,
1.0,152.199,152.242,782.0,599.4000244140625,943.5999755859375,317.0,215.39999389648438,42.999999999977945,325.36798536186484,active,
1.0,152.775,152.844,952.7000122070312,292.20001220703125,1236.4000244140625,814.2999877929688,264.5,68.9999999999884,594.2003714515048,active,
1.0,153.157,153.181,1227.0,785.7999877929688,1357.4000244140625,878.2000122070312,190.3000030517578,24.00000000000091,159.81843097373795,active,
1.0,153.526,153.553,1372.199951171875,888.7999877929688,1266.9000244140625,989.5,156.60000610351562,26.999999999986812,145.70026435699052,active,
1.0,153.861,153.931,1238.4000244140625,999.5999755859375,502.3999938964844,699.2999877929688,301.6000061035156,70.0000000000216,794.9063640393962,active,
1.0,154.274,154.302,486.79998779296875,691.0,661.0,601.4000244140625,226.8000030517578,27.999999999991587,195.89231704671428,active,
1.0,154.764,154.786,659.0999755859375,606.2000122070312,757.5999755859375,588.9000244140625,136.8000030517578,21.99999999999136,100.00769759191974,active,
1.0,155.511,155.548,784.5,583.7000122070312,568.5999755859375,469.20001220703125,206.0,37.00000000000614,244.383040618601,active,
1.0,155.687,155.701,570.4000244140625,455.79998779296875,584.7999877929688,416.70001220703125,58.0,13.999999999981583,41.66733776154591,active,
1.0,156.359,156.418,576.5999755859375,423.79998779296875,1118.5,467.8999938964844,283.3999938964844,58.9999999999975,543.691499840021,active,
1.0,156.899,157.119,1116.5999755859375,471.0,586.2000122070312,490.79998779296875,536.7000122070312,219.99999999999886,530.7694044205514,active,
1.0,157.266,157.293,580.2000122070312,521.9000244140625,712.7000122070312,536.9000244140625,129.10000610351562,27.000000000015234,133.34635353094586,active,
1.0,157.802,157.825,704.5,543.0,813.7000122070312,539.7000122070312,150.60000610351562,22.999999999996135,109.24986309121635,active,
1.0,158.02,158.031,822.0,531.9000244140625,794.0999755859375,503.20001220703125,72.30000305175781,10.99999999999568,40.0262671628148,active,
1.0,158.54,158.558,773.0999755859375,512.7999877929688,850.7000122070312,510.29998779296875,120.30000305175781,18.000000000000682,77.64029677683548,active,
1.0,158.736,158.796,855.2000122070312,503.6000061035156,287.0,413.29998779296875,282.3999938964844,60.000000000002274,575.3306416131123,active,
1.0,159.004,159.053,301.29998779296875,410.6000061035156,788.2999877929688,507.20001220703125,301.79998779296875,49.000000000006594,496.48822864112225,active,
1.0,159.54,159.758,776.0999755859375,533.7000122070312,789.2000122070312,591.4000244140625,368.1000061035156,218.00000000001774,59.1684237424452,active,
1.0,160.303,160.321,802.2000122070312,573.2000122070312,741.0999755859375,563.7999877929688,66.30000305175781,18.000000000000682,61.81888816602874,active,
1.0,160.73,160.752,752.0999755859375,577.7999877929688,877.0,665.0999755859375,232.60000610351562,22.00000000001978,152.38537976881477,active,
1.0,161.434,161.478,857.5,617.7000122070312,1211.800048828125,618.7000122070312,269.5,44.00000000001114,354.30146005853794,active,
1.0,161.683,161.692,1200.0999755859375,624.2000122070312,1180.0,638.5999755859375,48.79999923706055,9.000000000014552,24.72585618070939,active,
1.0,162.226,162.303,1164.5999755859375,649.5999755859375,416.29998779296875,599.2000122070312,271.79998779296875,76.99999999999818,749.9953520119657,active,
1.0,162.417,162.45,441.1000061035156,590.9000244140625,231.1999969482422,609.0999755859375,227.39999389648438,32.99999999998704,210.68756979480898,active,
1.0,162.734,162.781,235.10000610351562,604.7999877929688,570.0,644.7000122070312,194.8000030517578,46.999999999997044,337.2684655583858,active,
1.0,162.963,162.987,561.9000244140625,647.5999755859375,417.70001220703125,646.2999877929688,170.89999389648438,24.00000000000091,144.2058718942118,active,
1.0,163.172,163.182,414.5,646.0,449.8999938964844,635.2999877929688,72.0,9.999999999990905,36.98174994644992,active,
1.0,163.547,163.68,458.79998779296875,655.9000244140625,724.2999877929688,652.5,379.0,133.00000000000978,265.5217696649678,active,
1.0,163.895,163.956,721.7000122070312,659.5999755859375,1351.5,686.2999877929688,332.79998779296875,60.99999999997863,630.365699634648,active,
1.0,164.129,164.152,1343.199951171875,683.2000122070312,1464.0,692.2000122070312,164.8000030517578,22.999999999996135,121.13484963823328,active,
1.0,164.706,164.767,1463.0999755859375,694.7999877929688,782.2999877929688,538.7999877929688,303.20001220703125,61.00000000000705,698.444431131716,active,
1.0,164.841,165.011,753.9000244140625,582.0999755859375,760.0,570.0,269.5,169.9999999999875,13.550612950317674,active,
1.0,165.636,165.699,785.7000122070312,595.9000244140625,273.3999938964844,616.7000122070312,258.3999938964844,63.0000000000166,512.7220965134761,active,
1.0,166.09,166.142,288.3999938964844,619.7999877929688,99.5999984741211,175.6999969482422,232.10000610351562,51.9999999999925,482.56630646966084,active,
1.0,166.357,166.365,87.69999694824219,147.3000030517578,64.30000305175781,133.6999969482422,55.400001525878906,8.000000000009777,27.065104477373964,active,
1.0,166.824,166.915,70.19999694824219,128.10000610351562,1153.5999755859375,299.29998779296875,310.8999938964844,90.99999999997976,1096.8431735861914,active,
1.0,167.302,167.319,1146.4000244140625,301.0,1215.300048828125,314.79998779296875,105.30000305175781,16.999999999995907,70.26843549805628,active,
1.0,167.648,167.666,1213.0,321.70001220703125,1272.199951171875,349.5,100.0,18.000000000000682,65.40239705119069,active,
1.0,168.026,168.11,1270.800048828125,354.20001220703125,395.70001220703125,502.5,274.20001220703125,84.00000000000318,887.5770166434203,active,
1.0,168.414,168.428,338.29998779296875,560.5999755859375,354.5,609.0999755859375,78.69999694824219,14.000000000010004,51.134043410510394,active,
1.0,168.904,168.951,362.3999938964844,614.7000122070312,750.0999755859375,737.4000244140625,306.6000061035156,46.999999999997044,406.6528849001417,active,
1.0,169.147,169.167,743.7999877929688,739.2000122070312,835.9000244140625,721.9000244140625,138.39999389648438,20.000000000010232,93.71075884466883,active,
1.0,169.319,169.327,823.9000244140625,723.2999877929688,798.2000122070312,714.5,59.0,8.000000000009777,27.16487461038527,active,
1.0,169.702,169.903,806.0999755859375,701.5999755859375,802.2000122070312,521.2999877929688,384.79998779296875,200.9999999999934,180.3421617717318,active,
1.0,170.729,170.777,808.5999755859375,540.0,485.0,486.20001220703125,241.1999969482422,47.9999999999734,328.04173954809914,active,
1.0,170.95,170.97,498.20001220703125,479.29998779296875,580.0999755859375,470.0,98.19999694824219,20.000000000010232,82.42629297994392,active,
1.0,171.334,171.397,608.0999755859375,463.0,1231.0,553.4000244140625,279.1000061035156,62.99999999998818,629.4256150087178,active,
1.0,171.716,171.749,1211.0999755859375,544.5,1248.199951171875,300.79998779296875,232.0,32.99999999998704,246.50781760054656,active,
1.0,172.11,172.174,1215.0,262.8999938964844,656.2999877929688,345.79998779296875,246.8000030517578,63.99999999999295,564.8168841564265,active,
1.0,172.337,172.356,625.9000244140625,369.3999938964844,559.0,414.29998779296875,109.19999694824219,19.000000000005457,80.5706070382152,active,
1.0,172.778,172.812,582.7000122070312,436.79998779296875,342.8999938964844,313.79998779296875,231.89999389648438,34.000000000020236,269.5051924949473,active,
1.0,174.456,174.462,775.5999755859375,563.7000122070312,764.0999755859375,555.0999755859375,42.099998474121094,6.000000000000227,14.360035859431326,active,
1.0,174.624,174.632,766.0999755859375,558.7000122070312,790.2999877929688,562.2999877929688,52.70000076293945,8.000000000009777,24.466311839748293,active,
1.0,174.881,174.992,788.5999755859375,578.2000122070312,786.7999877929688,472.1000061035156,224.60000610351562,110.99999999999,106.11527341161069,active,
1.0,175.2,175.253,775.5,479.20001220703125,436.0,633.9000244140625,224.39999389648438,52.99999999999727,373.08490156646064,active,
1.0,175.598,175.644,465.20001220703125,622.2999877929688,170.1999969482422,529.5999755859375,266.6000061035156,45.99999999999227,309.222090520502,active,
1.0,175.886,175.941,182.8000030517578,527.5,741.7999877929688,390.5,364.79998779296875,55.00000000000682,575.5432068408713,active,
1.0,176.215,176.225,747.2000122070312,389.3999938964844,777.7000122070312,394.5,57.70000076293945,9.999999999990905,30.923454888739336,active,
1.0,176.694,176.714,762.5,407.0,865.0999755859375,438.1000061035156,153.5,20.000000000010232,107.20991264744916,active,
1.0,177.009,177.014,853.4000244140625,456.70001220703125,839.0999755859375,454.20001220703125,43.900001525878906,5.000000000023874,14.516934817197438,active,
1.0,177.243,177.255,837.5999755859375,447.20001220703125,801.2999877929688,424.6000061035156,75.5,12.000000000000455,42.76037172018765,active,
1.0,177.525,177.535,785.0,428.29998779296875,758.5999755859375,418.1000061035156,54.20000076293945,9.999999999990905,28.3019595704657,active,
1.0,177.978,178.0,751.4000244140625,404.20001220703125,790.5,512.5999755859375,163.89999389648438,21.99999999999136,115.23610610988695,active,
1.0,179.301,179.375,777.0,545.2999877929688,196.5,741.2000122070312,263.70001220703125,74.00000000001228,612.6639124066556,active,
1.0,179.594,179.608,214.0,740.7999877929688,158.5,732.2000122070312,90.9000015258789,14.000000000010004,56.162350200812654,active,
1.0,179.782,179.844,157.39999389648438,742.7000122070312,684.0999755859375,460.3999938964844,313.3999938964844,61.9999999999834,597.5836100913456,active,
1.0,180.111,180.153,685.7000122070312,460.1000061035156,1029.5999755859375,472.29998779296875,270.79998779296875,42.00000000000159,344.1162948266705,active,
1.0,180.547,180.622,1022.0,471.3999938964844,185.0,813.9000244140625,326.5,75.00000000001705,904.3645674751648,active,
1.0,180.862,180.883,199.3000030517578,805.2999877929688,91.0,749.7999877929688,160.3000030517578,21.000000000015007,121.69281269249532,active,
1.0,181.191,181.257,95.69999694824219,753.5,823.2999877929688,613.0999755859375,328.6000061035156,66.0000000000025,741.0222085286753,active,
1.0,181.887,181.901,817.7000122070312,589.5999755859375,772.2999877929688,559.7000122070312,83.69999694824219,14.000000000010004,54.36147557652759,active,
1.0,182.209,182.237,775.0999755859375,546.2000122070312,870.7999877929688,625.7999877929688,143.8000030517578,27.999999999991587,124.47750178127683,active,
1.0,182.597,182.666,858.5999755859375,622.5999755859375,230.8000030517578,501.8999938964844,239.60000610351562,68.9999999999884,639.2974981131641,active,
1.0,183.101,183.131,237.10000610351562,508.8999938964844,371.20001220703125,497.1000061035156,118.0999984741211,30.000000000001137,134.61816871758856,active,
1.0,183.415,183.472,362.6000061035156,497.5,909.0,614.7000122070312,280.3999938964844,57.00000000001637,558.8280560167021,active,
1.0,183.703,183.711,894.4000244140625,613.0,912.5999755859375,628.7999877929688,51.70000076293945,8.000000000009777,24.101407363815824,active,
1.0,184.212,184.453,898.2999877929688,645.9000244140625,548.7000122070312,482.29998779296875,258.70001220703125,241.00000000001387,385.9858998876919,active,
1.0,184.644,184.67,551.0,509.0,732.2000122070312,548.2999877929688,214.6999969482422,25.999999999982037,185.41287297368478,active,
1.0,184.898,184.911,752.7999877929688,549.5,792.9000244140625,563.7000122070312,80.0999984741211,13.00000000000523,42.54001978952168,active,
1.0,185.115,185.158,780.4000244140625,571.4000244140625,1064.9000244140625,706.2999877929688,239.39999389648438,42.999999999977945,314.86227166751854,active,
1.0,185.305,185.346,1039.300048828125,707.5999755859375,1284.5999755859375,681.0999755859375,232.0,40.99999999999682,246.7271855053435,active,
1.0,185.712,185.729,1278.4000244140625,695.9000244140625,1278.5,634.0999755859375,86.19999694824219,17.00000000002433,61.80012969465693,active,
1.0,186.083,186.099,1272.9000244140625,623.2999877929688,1203.4000244140625,641.5,96.19999694824219,15.999999999991132,71.84351358568209,active,
1.0,186.415,186.429,1198.699951171875,644.5999755859375,1255.4000244140625,646.7999877929688,88.69999694824219,14.000000000010004,56.7427383845767,active,
1.0,186.591,186.794,1250.699951171875,654.9000244140625,502.5,665.2000122070312,347.0,203.00000000000296,748.2708444688537,active,
1.0,186.896,186.913,497.79998779296875,658.0,554.2000122070312,622.9000244140625,104.0,17.00000000002433,66.43019674846865,active,
1.0,187.459,187.495,533.5999755859375,608.7999877929688,764.4000244140625,665.7000122070312,229.1999969482422,36.000000000001364,237.71048634291628,active,
1.0,187.718,187.742,757.0999755859375,649.5,880.0999755859375,741.0999755859375,178.3000030517578,24.00000000000091,153.36086700114976,active,
1.0,188.064,188.083,893.7999877929688,776.5999755859375,941.7999877929688,871.2999877929688,160.5,19.000000000005457,106.17011025713343,active,
1.0,188.313,188.373,938.5999755859375,899.5,1121.800048828125,373.6000061035156,300.6000061035156,60.000000000002274,556.895924223068,active,
1.0,188.577,188.588,1103.0999755859375,365.1000061035156,1061.9000244140625,369.1000061035156,71.69999694824219,10.99999999999568,41.39367073073955,active,
1.0,188.745,188.752,1065.800048828125,372.29998779296875,1081.5,374.20001220703125,39.5,7.000000000005002,15.814504721087307,active,
1.0,188.999,189.247,1085.800048828125,388.20001220703125,764.5999755859375,548.9000244140625,386.29998779296875,248.00000000001887,359.1573206467141,active,
1.0,189.871,189.903,778.7000122070312,598.7999877929688,773.2000122070312,369.0,228.1999969482422,31.999999999982265,229.86579647622347,active,
1.0,190.059,190.079,758.7000122070312,362.29998779296875,724.5,288.29998779296875,116.5,20.000000000010232,81.52080001423616,active,
1.0,190.448,190.457,734.5,284.5,725.5,306.79998779296875,48.79999923706055,8.99999999998613,24.04764968903521,active,
1.0,190.693,190.701,721.5999755859375,309.6000061035156,703.2000122070312,308.1000061035156,40.099998474121094,7.999999999981355,18.461003557366297,active,
1.0,190.964,190.979,699.2000122070312,315.3999938964844,735.2999877929688,352.1000061035156,66.0,15.00000000001478,51.479113563672854,active,
1.0,191.474,191.492,731.2999877929688,377.5,784.9000244140625,377.3999938964844,69.5,18.000000000000682,53.60012991591841,active,
1.0,191.576,191.621,791.0999755859375,376.1000061035156,1164.0999755859375,319.20001220703125,224.0,45.000000000015916,377.31500010656873,active,
1.0,191.825,191.837,1156.0,321.0,1183.9000244140625,360.6000061035156,75.69999694824219,12.000000000000455,48.441426957757535,active,
1.0,192.013,192.03,1179.800048828125,372.3999938964844,1159.5999755859375,411.8999938964844,58.0,16.999999999995907,44.365447805581084,active,
1.0,192.331,192.397,1146.5999755859375,416.1000061035156,486.79998779296875,443.0,268.5,66.0000000000025,660.348115438541,active,
1.0,192.578,192.618,497.8999938964844,445.3999938964844,253.89999389648438,349.8999938964844,214.1999969482422,39.99999999999204,262.0233768197029,active,
1.0,192.975,193.025,253.60000610351562,343.29998779296875,745.5999755859375,342.8999938964844,301.6000061035156,50.00000000001137,492.0001320790689,active,
1.0,194.18,194.257,758.5999755859375,344.29998779296875,333.70001220703125,626.7999877929688,195.5,76.99999999999818,510.24134375743785,active,
1.0,194.405,194.428,335.70001220703125,637.0,200.5,620.0999755859375,139.6999969482422,22.999999999996135,136.2521710872062,active,
1.0,194.612,194.622,178.5,622.5,167.60000610351562,594.4000244140625,55.70000076293945,10.000000000019327,30.13998166677744,active,
1.0,194.903,194.924,163.89999389648438,592.7999877929688,271.79998779296875,594.5,133.89999389648438,21.000000000015007,107.91338528822743,active,
1.0,195.102,195.126,273.29998779296875,595.5,181.10000610351562,654.5999755859375,146.1999969482422,24.00000000000091,109.51549542322265,active,
1.0,195.308,195.326,189.1999969482422,661.0999755859375,180.60000610351562,737.5,98.9000015258789,18.000000000000682,76.88253100021309,active,
1.0,195.486,195.526,186.60000610351562,732.9000244140625,519.7999877929688,684.9000244140625,277.29998779296875,40.000000000020464,336.6396111539043,active,
1.0,195.781,195.846,499.5,693.2999877929688,1176.5,714.7999877929688,375.29998779296875,64.99999999999773,677.3413098283612,active,
1.0,196.058,196.095,1153.0,715.7999877929688,1344.5999755859375,445.29998779296875,271.1000061035156,37.00000000000614,331.48273053740195,active,
1.0,196.297,196.322,1348.4000244140625,382.29998779296875,1455.9000244140625,286.3999938964844,156.5,25.000000000005684,144.05921986928064,active,
1.0,196.504,196.571,1444.0999755859375,232.0,738.7000122070312,183.1999969482422,305.1000061035156,67.00000000000728,707.0859556184197,active,
1.0,196.807,196.862,748.5999755859375,177.39999389648438,681.0,606.5999755859375,208.89999389648438,55.00000000000682,434.4909446483853,active,
1.0,197.025,197.046,694.9000244140625,603.4000244140625,778.0,603.2000122070312,117.0999984741211,20.999999999986585,83.10021628892653,active,
1.0,197.227,197.251,769.5,603.0,774.5999755859375,719.9000244140625,134.3000030517578,24.00000000000091,117.01121937227032,active,
1.0,197.655,197.68,765.7999877929688,716.2000122070312,798.5,573.7999877929688,164.8000030517578,25.000000000005684,146.106323447911,active,
1.0,198.264,198.276,782.0,548.2999877929688,736.7999877929688,546.5,74.4000015258789,12.000000000000455,45.235838221156136,active,
1.0,198.47,198.49,727.9000244140625,551.9000244140625,770.5,634.4000244140625,114.0999984741211,20.000000000010232,92.84938298083877,active,
1.0,198.657,198.704,770.2999877929688,644.0,385.79998779296875,587.5,230.60000610351562,46.999999999997044,388.6290004618801,active,
1.0,198.868,198.898,383.70001220703125,580.5,177.39999389648438,541.4000244140625,165.3000030517578,30.000000000001137,209.97263070636822,active,
1.0,199.13,199.194,119.4000015258789,530.7000122070312,707.2000122070312,384.8999938964844,279.29998779296875,63.99999999999295,605.612498134012,active,
1.0,199.316,199.373,709.4000244140625,388.0,1323.5999755859375,391.3999938964844,299.1000061035156,56.99999999998795,614.209361682179,active,
1.0,199.781,199.844,1310.300048828125,403.5,964.2999877929688,760.7999877929688,209.39999389648438,62.99999999998818,497.372419333026,active,
1.0,200.023,200.089,948.0999755859375,758.0999755859375,495.79998779296875,594.7000122070312,190.1999969482422,66.0000000000025,480.9104147237275,active,
1.0,200.338,200.377,495.5,581.7999877929688,785.7000122070312,564.4000244140625,296.3999938964844,39.00000000001569,290.72118225294207,active,
1.0,201.656,201.683,798.0999755859375,566.9000244140625,834.2000122070312,747.7000122070312,189.6999969482422,26.999999999986812,184.36878323073557,active,
1.0,201.906,201.926,815.4000244140625,774.0,755.5999755859375,861.9000244140625,145.60000610351562,19.99999999998181,106.31302898440491,active,
1.0,202.164,202.216,721.4000244140625,902.4000244140625,211.39999389648438,870.0,275.79998779296875,52.00000000002092,511.0281721294458,active,
1.0,202.498,202.54,214.0,861.4000244140625,415.3999938964844,660.5,212.60000610351562,42.00000000000159,284.46929069949687,active,
1.0,202.668,202.741,413.79998779296875,654.7000122070312,1197.0999755859375,629.4000244140625,303.79998779296875,73.0000000000075,783.7084663692165,active,
1.0,202.998,203.029,1190.300048828125,627.0999755859375,1274.800048828125,457.8999938964844,168.8000030517578,31.00000000000591,189.1266343054602,active,
1.0,203.348,203.424,1245.800048828125,362.79998779296875,448.3999938964844,394.8999938964844,303.8999938964844,75.9999999999934,798.0458996804815,active,
1.0,203.708,203.926,458.8999938964844,407.5,672.9000244140625,402.20001220703125,462.6000061035156,217.9999999999893,214.06565098616355,active,
1.0,204.316,204.361,677.9000244140625,425.70001220703125,853.5,663.9000244140625,263.5,44.999999999987494,295.9300546433425,active,
1.0,204.861,204.883,864.7999877929688,673.7000122070312,777.9000244140625,558.7000122070312,222.89999389648438,22.00000000001978,144.14091589571382,active,
1.0,205.817,205.836,795.2000122070312,568.2999877929688,729.2000122070312,568.5,84.30000305175781,19.000000000005457,66.00030306659933,active,
1.0,206.129,206.163,700.0999755859375,563.5,867.7000122070312,360.79998779296875,229.3000030517578,34.000000000020236,263.0153364808269,active,
1.0,206.415,206.434,870.2999877929688,354.6000061035156,782.7000122070312,357.1000061035156,122.19999694824219,19.000000000005457,87.6356418511147,active,
1.0,206.647,206.699,764.7000122070312,375.3999938964844,343.29998779296875,506.0,240.0,52.00000000002092,441.173823079306,active,
1.0,207.814,207.845,390.20001220703125,526.5,489.1000061035156,343.0,242.10000610351562,31.00000000000591,208.45493228207542,active,
1.0,208.155,208.213,495.70001220703125,343.79998779296875,908.0999755859375,391.6000061035156,212.1999969482422,57.999999999992724,415.1608983820753,active,
1.0,208.533,208.566,895.4000244140625,396.8999938964844,746.5999755859375,418.5,130.60000610351562,33.00000000001546,150.3596182321713,active,
1.0,210.47,210.493,785.2999877929688,553.4000244140625,708.0999755859375,463.70001220703125,128.10000610351562,22.999999999996135,118.34666904779081,passive,
1.0,210.639,210.669,693.4000244140625,459.6000061035156,636.2000122070312,257.8999938964844,190.8000030517578,30.000000000001137,209.65384880989205,passive,
1.0,211.077,211.084,592.5999755859375,269.29998779296875,576.4000244140625,276.20001220703125,42.29999923706055,7.000000000005002,17.608201352943258,passive,
1.0,211.617,211.632,596.5999755859375,279.29998779296875,652.0,294.1000061035156,80.0999984741211,15.00000000001478,57.34285698385845,passive,
1.0,211.873,211.893,652.5,294.20001220703125,720.0,296.29998779296875,76.4000015258789,20.000000000010232,67.53265800678612,passive,
1.0,212.164,212.204,728.2000122070312,279.79998779296875,528.5,215.6999969482422,160.6999969482422,40.000000000020464,209.735318203164,passive,
1.0,212.283,212.337,540.2000122070312,214.10000610351562,159.89999389648438,127.9000015258789,209.89999389648438,54.000000000002046,389.94684857835034,passive,
1.0,212.581,212.631,163.3000030517578,125.5,637.2999877929688,204.3000030517578,317.6000061035156,50.00000000001137,480.5053860422641,passive,
1.0,212.817,212.885,636.0999755859375,204.89999389648438,1167.300048828125,301.20001220703125,305.70001220703125,67.99999999998363,539.858510481327,passive,
1.0,213.084,213.123,1181.5,314.0,1021.4000244140625,427.70001220703125,132.8000030517578,38.99999999998727,196.3662266238694,passive,
1.0,213.35,213.373,1021.4000244140625,433.3999938964844,1002.7000122070312,536.5,120.5,22.999999999996135,104.78216315331574,passive,
1.0,213.707,213.742,994.5,536.7999877929688,784.0999755859375,562.5999755859375,216.10000610351562,34.99999999999659,211.97596477798004,passive,
1.0,214.953,215.011,770.0,573.9000244140625,1248.0,906.2000122070312,291.8999938964844,57.999999999992724,582.1574373717192,passive,
1.0,215.25,215.274,1233.5999755859375,898.5999755859375,1410.9000244140625,870.0,236.1999969482422,24.00000000000091,179.59194279803236,passive,
1.0,215.481,215.698,1414.9000244140625,859.5,1372.699951171875,751.7000122070312,289.29998779296875,217.00000000001296,115.76564062713167,passive,
1.0,215.761,215.78,1367.4000244140625,754.2999877929688,1442.5,736.2000122070312,100.4000015258789,19.000000000005457,77.25034271263748,passive,
1.0,216.022,216.084,1439.0999755859375,699.5999755859375,955.2000122070312,423.1000061035156,257.29998779296875,62.00000000001182,557.3252261309253,passive,
1.0,216.251,216.277,951.7999877929688,411.1000061035156,834.5999755859375,285.3999938964844,195.8000030517578,25.999999999982037,171.86138580314102,passive,
1.0,216.564,216.608,781.5,257.70001220703125,582.0,458.20001220703125,157.39999389648438,44.00000000001114,282.84359635671444,passive,
1.0,216.787,216.828,582.4000244140625,471.1000061035156,377.5,702.2000122070312,223.60000610351562,40.99999999999682,308.85471151648045,passive,
1.0,217.166,217.207,388.3999938964844,702.7999877929688,760.2999877929688,590.5,313.20001220703125,40.99999999999682,388.4853828891198,passive,
1.0,217.984,218.029,774.5999755859375,573.5,563.7000122070312,392.20001220703125,162.39999389648438,44.999999999987494,278.11594727191505,passive,
1.0,218.175,218.222,516.5,370.1000061035156,241.39999389648438,316.70001220703125,173.8000030517578,46.999999999997044,280.234852768707,passive,
1.0,218.63,218.701,236.0,321.79998779296875,907.2000122070312,403.20001220703125,266.29998779296875,70.99999999999795,676.1179041863401,passive,
1.0,218.996,219.019,908.0999755859375,410.1000061035156,1027.4000244140625,423.3999938964844,165.60000610351562,22.999999999996135,120.0391241457806,passive,
1.0,219.394,219.447,1032.199951171875,426.8999938964844,561.7000122070312,336.20001220703125,266.8999938964844,52.99999999999727,479.162476874378,passive,
1.0,219.781,219.84,562.7999877929688,341.5,774.4000244140625,728.9000244140625,181.6999969482422,58.9999999999975,441.42196865818136,passive,
1.0,220.06,220.102,769.0,744.2999877929688,1032.199951171875,624.7000122070312,233.0,42.00000000000159,289.0992363480648,passive,
1.0,220.37,220.415,1016.0,607.7000122070312,1390.699951171875,776.9000244140625,298.5,44.999999999987494,411.13099802747183,passive,
1.0,221.083,221.133,1346.0,773.2999877929688,1001.0,504.79998779296875,235.89999389648438,50.00000000001137,437.1695895187587,passive,
1.0,221.43,221.455,979.9000244140625,500.8999938964844,825.2999877929688,555.0999755859375,179.0,25.000000000005684,163.8255454389839,passive,
1.0,221.699,221.708,790.0999755859375,579.5,765.2000122070312,585.4000244140625,50.79999923706055,8.99999999998613,25.589420946113766,passive,
1.0,222.386,222.449,787.5999755859375,572.0999755859375,439.6000061035156,522.2999877929688,173.8000030517578,63.0000000000166,351.54518563613755,passive,
1.0,222.752,222.795,442.29998779296875,527.0999755859375,301.20001220703125,839.0999755859375,251.39999389648438,42.999999999977945,342.42255052836714,passive,
1.0,223.024,223.174,320.70001220703125,848.7000122070312,329.0,714.2999877929688,440.0,150.00000000000568,134.65606692557162,passive,
1.0,223.563,223.59,310.5,729.0999755859375,422.8999938964844,586.0,177.6999969482422,27.000000000015234,181.96527591995576,passive,
1.0,223.778,223.826,441.29998779296875,573.0,820.2999877929688,500.1000061035156,263.1000061035156,48.00000000000182,385.94741754558675,passive,
1.0,224.144,224.179,810.2000122070312,488.8999938964844,973.2000122070312,356.20001220703125,190.5,34.99999999999659,210.18631054467176,passive,
1.0,224.971,224.993,963.7000122070312,350.8999938964844,890.7999877929688,420.8999938964844,103.5999984741211,21.99999999999136,101.06638194558519,passive,
1.0,225.239,225.26,882.4000244140625,441.70001220703125,789.4000244140625,476.1000061035156,136.10000610351562,20.999999999986585,99.15825522909407,passive,
1.0,225.649,225.661,797.5,490.8999938964844,790.5999755859375,454.0,64.9000015258789,12.000000000000455,37.53957760118303,passive,
1.0,226.288,226.315,789.4000244140625,477.29998779296875,887.9000244140625,316.70001220703125,223.8000030517578,26.999999999986812,188.4001118847962,passive,
1.0,226.584,226.597,890.7000122070312,314.3999938964844,941.2999877929688,325.70001220703125,82.30000305175781,13.00000000000523,51.84638794666573,passive,
1.0,227.091,227.114,943.0,318.3999938964844,1063.0,258.3999938964844,141.8000030517578,22.999999999996135,134.16407864998737,passive,
1.0,227.45,227.497,1063.0999755859375,248.1999969482422,890.2000122070312,371.3999938964844,121.4000015258789,47.000000000025466,212.30317139523376,passive,
1.0,227.638,227.66,885.7000122070312,389.0,789.2000122070312,451.8999938964844,136.89999389648438,21.99999999999136,115.18966634285287,passive,
1.0,227.845,228.067,799.2000122070312,485.79998779296875,655.2000122070312,581.0,383.0,222.0000000000084,172.62399116061155,passive,
1.0,228.319,228.338,657.2999877929688,599.2000122070312,744.0,640.9000244140625,127.30000305175781,19.000000000005457,96.20698069665175,passive,
1.0,228.567,228.578,748.5999755859375,646.0999755859375,711.7999877929688,624.0999755859375,77.69999694824219,10.99999999999568,42.87469068766151,passive,
1.0,229.331,229.351,713.7000122070312,610.0,788.7999877929688,576.2000122070312,121.0,20.000000000010232,82.35560398548022,passive,
1.0,230.325,230.38,789.7000122070312,586.2000122070312,506.29998779296875,518.7000122070312,123.30000305175781,55.00000000000682,291.32769150544414,passive,
1.0,230.67,230.675,503.79998779296875,504.29998779296875,492.79998779296875,501.70001220703125,40.5,5.000000000023874,11.303091304924996,passive,
1.0,230.89,230.963,476.1000061035156,509.29998779296875,1358.699951171875,614.0999755859375,330.6000061035156,73.0000000000075,888.8001465324347,passive,
1.0,231.351,231.366,1339.5,627.2999877929688,1400.699951171875,606.7999877929688,88.5999984741211,15.00000000001478,64.54211046626756,passive,
1.0,231.781,231.801,1390.300048828125,588.5,1386.5999755859375,499.5,126.30000305175781,19.99999999998181,89.07687995208157,passive,
1.0,232.275,232.333,1383.800048828125,496.70001220703125,834.2999877929688,575.9000244140625,267.8999938964844,57.999999999992724,555.1783128070065,passive,
1.0,232.457,232.474,829.7000122070312,576.5,760.7999877929688,576.0,96.69999694824219,16.999999999995907,68.90183861304725,passive,
1.0,233.358,233.397,781.7000122070312,585.2999877929688,648.5999755859375,747.9000244140625,190.1999969482422,38.99999999998727,210.1294640399521,passive,
1.0,234.728,234.762,676.0999755859375,745.0,556.7999877929688,601.0999755859375,144.3000030517578,33.999999999991815,186.92165234068062,passive,
1.0,235.027,235.066,515.2999877929688,586.7999877929688,308.1000061035156,435.20001220703125,224.10000610351562,39.00000000001569,256.7379695521614,passive,
1.0,236.817,236.874,311.0,433.5,769.2999877929688,536.0,249.0,56.99999999998795,469.62232571613896,passive,
1.0,237.583,237.589,745.5,548.4000244140625,736.0,530.2000122070312,50.099998474121094,6.000000000000227,20.530232447200557,passive,
1.0,237.769,237.776,735.5,517.4000244140625,748.2000122070312,502.5,43.79999923706055,7.000000000005002,19.578075431420764,passive,
1.0,239.478,239.502,751.0999755859375,521.9000244140625,718.2999877929688,673.2999877929688,146.1999969482422,24.00000000000091,154.9121948406679,passive,
1.0,240.951,240.979,712.9000244140625,711.2999877929688,785.0999755859375,573.9000244140625,186.8000030517578,28.00000000002001,155.2146348955082,passive,
1.0,241.27,241.293,761.5999755859375,591.2000122070312,877.4000244140625,582.7000122070312,148.0,22.999999999996135,116.11158989780536,passive,
1.0,241.319,241.38,962.0,571.7999877929688,1428.0999755859375,504.1000061035156,189.8000030517578,61.00000000000705,470.990949766515,passive,
1.0,241.656,241.718,1398.800048828125,497.20001220703125,860.5999755859375,557.7999877929688,249.89999389648438,61.9999999999834,541.6010301678831,passive,
1.0,242.151,242.172,867.2000122070312,556.0999755859375,777.5999755859375,577.2999877929688,121.80000305175781,20.999999999986585,92.07392182414962,passive,
1.0,242.365,242.426,766.9000244140625,599.0,302.0,483.29998779296875,242.60000610351562,60.99999999997863,479.08091751279665,passive,
1.0,242.45,242.648,224.8000030517578,466.3999938964844,303.0,420.79998779296875,510.3999938964844,198.0000000000075,90.52403039715891,passive,
1.0,242.714,242.798,314.8999938964844,435.79998779296875,1070.199951171875,442.1000061035156,228.60000610351562,84.00000000000318,755.326231300701,passive,
1.0,243.03,243.055,1057.699951171875,450.70001220703125,1227.5,460.0,220.60000610351562,25.000000000005684,170.05453935424072,passive,
1.0,243.393,243.411,1234.199951171875,473.6000061035156,1295.0,503.70001220703125,92.5,18.000000000000682,67.84287954482815,passive,
1.0,243.842,243.944,1286.0999755859375,506.29998779296875,370.3999938964844,347.5,229.1999969482422,101.99999999997544,929.3674690826615,passive,
1.0,244.224,244.285,371.0,345.0,811.7999877929688,735.5,291.70001220703125,61.00000000000705,588.8929268027265,passive,
1.0,245.947,245.954,785.2000122070312,590.4000244140625,769.4000244140625,584.9000244140625,41.70000076293945,7.000000000005002,16.729901800607244,passive,
1.0,246.319,246.342,769.5,595.7000122070312,634.7000122070312,588.0,164.6999969482422,23.000000000024556,135.01972780661703,passive,
1.0,246.647,246.668,596.4000244140625,576.7000122070312,529.7000122070312,606.9000244140625,73.5999984741211,21.000000000015007,73.21838816665493,passive,
1.0,246.918,246.957,527.0,609.4000244140625,542.4000244140625,385.1000061035156,177.1999969482422,38.99999999998727,224.82806534342055,passive,
1.0,247.224,247.234,539.5999755859375,390.6000061035156,561.7000122070312,367.6000061035156,60.79999923706055,10.000000000019327,31.896890422950086,passive,
1.0,247.68,247.741,562.5999755859375,366.0,282.5,498.70001220703125,149.0,61.00000000000705,309.9440103679841,passive,
1.0,247.916,247.939,277.8999938964844,499.79998779296875,158.60000610351562,496.8999938964844,145.3000030517578,22.999999999996135,119.33522971864653,passive,
1.0,248.235,248.289,155.10000610351562,516.5,564.7999877929688,345.6000061035156,276.1000061035156,53.999999999973625,443.91540062286265,passive,
1.0,248.719,248.791,562.9000244140625,360.70001220703125,1088.0,446.1000061035156,291.79998779296875,72.00000000000273,531.9991948470146,passive,
1.0,248.917,248.941,1100.5999755859375,456.20001220703125,1243.300048828125,443.6000061035156,159.39999389648438,24.00000000000091,143.25526537315935,passive,
1.0,249.196,249.218,1243.699951171875,437.29998779296875,1281.9000244140625,512.2000122070312,111.9000015258789,21.99999999999136,84.07888708192829,passive,
1.0,249.392,249.437,1281.199951171875,518.9000244140625,1042.0999755859375,725.4000244140625,198.89999389648438,45.000000000015916,315.9288659258535,passive,
1.0,249.642,249.708,1049.0999755859375,718.5,749.9000244140625,682.5,165.39999389648438,66.0000000000025,301.3579446128016,passive,
1.0,250.101,250.129,735.4000244140625,685.0,794.2999877929688,561.9000244140625,181.0,27.999999999991587,136.46541567479616,passive,
1.0,250.503,250.564,790.0,567.7000122070312,803.7999877929688,449.3999938964844,201.8000030517578,61.00000000000705,119.10219979228684,passive,
1.0,250.592,250.64,795.0999755859375,457.70001220703125,795.9000244140625,489.79998779296875,200.3000030517578,47.9999999999734,32.10994410996643,passive,
1.0,251.158,251.184,796.4000244140625,509.70001220703125,712.7999877929688,379.70001220703125,160.39999389648438,26.00000000001046,154.56055810926736,passive,
1.0,251.593,251.633,687.5,351.1000061035156,839.7999877929688,509.8999938964844,188.5,40.000000000020464,220.02891265646306,passive,
1.0,251.882,251.899,835.7999877929688,496.79998779296875,907.9000244140625,465.3999938964844,104.0999984741211,16.999999999995907,78.6407966481922,passive,
1.0,252.073,252.104,902.2999877929688,464.70001220703125,700.5,389.79998779296875,186.6999969482422,31.00000000000591,215.25159402538577,passive,
1.0,252.403,252.413,694.9000244140625,388.29998779296875,709.5999755859375,413.6000061035156,55.5,10.000000000019327,29.260544953392724,passive,
1.0,252.661,252.724,708.0999755859375,424.8999938964844,195.8000030517578,597.0,284.70001220703125,62.99999999998818,540.4347083222463,passive,
1.0,253.077,253.121,202.10000610351562,594.2999877929688,198.89999389648438,163.89999389648438,266.1000061035156,44.00000000001114,430.4118897337978,passive,
1.0,253.408,253.475,187.3000030517578,144.0,760.0999755859375,340.3999938964844,271.3999938964844,67.00000000000728,605.5351072709956,passive,
1.0,253.655,253.729,753.0999755859375,338.70001220703125,1225.4000244140625,705.0999755859375,310.0,74.00000000001228,597.7593740687912,passive,
1.0,253.848,253.893,1217.0,712.7000122070312,1350.9000244140625,942.9000244140625,322.20001220703125,44.999999999987494,266.31046197662585,passive,
1.0,254.162,254.206,1335.0,930.5999755859375,1468.4000244140625,843.7999877929688,169.89999389648438,43.99999999998272,159.15339894118503,passive,
1.0,254.476,254.496,1455.800048828125,844.4000244140625,1524.0999755859375,843.0999755859375,116.4000015258789,20.000000000010232,68.31229846870959,passive,
1.0,254.709,254.733,1498.0,825.0999755859375,1376.4000244140625,749.4000244140625,163.5,24.00000000000091,143.23769290911125,passive,
1.0,255.074,255.13,1298.0999755859375,712.2000122070312,782.2999877929688,575.2999877929688,332.20001220703125,55.999999999983174,533.6583589636704,passive,
1.0,255.377,255.382,788.7999877929688,573.0999755859375,773.9000244140625,569.7000122070312,43.5,4.9999999999954525,15.282953237861161,passive,
1.0,256.151,256.365,800.5999755859375,601.0999755859375,812.9000244140625,569.0999755859375,262.20001220703125,213.99999999999864,34.28252034454671,passive,
1.0,257.066,257.087,808.0999755859375,538.0,713.5,562.7999877929688,126.69999694824219,21.000000000015007,97.79670125004918,passive,
1.0,257.538,257.577,736.0999755859375,553.9000244140625,923.9000244140625,562.0,178.60000610351562,38.99999999998727,187.9746470786391,passive,
1.0,257.933,258.185,912.2999877929688,595.0999755859375,900.2999877929688,546.2999877929688,615.5,252.00000000000955,50.25374422462369,passive,
1.0,258.535,258.561,920.4000244140625,550.4000244140625,1057.0,573.7000122070312,181.1999969482422,25.999999999953616,138.57287888050539,passive,
1.0,258.741,258.787,1049.9000244140625,580.5,1418.5999755859375,704.0999755859375,299.79998779296875,45.99999999999227,388.8657968489738,passive,
1.0,259.112,259.16,1407.9000244140625,695.4000244140625,1044.5,618.7999877929688,235.60000610351562,48.00000000000182,371.38543772540964,passive,
1.0,259.406,259.491,1041.199951171875,611.9000244140625,154.89999389648438,651.2000122070312,290.0,84.99999999997954,887.1708422321411,passive,
1.0,259.727,259.788,155.8000030517578,668.4000244140625,680.7000122070312,610.5999755859375,270.6000061035156,61.00000000003547,528.0727840513463,passive,
1.0,259.908,259.926,674.5,623.4000244140625,761.9000244140625,597.0,159.5,17.99999999997226,91.30019472400821,passive,
1.0,260.289,260.486,776.5,626.7000122070312,776.4000244140625,585.4000244140625,394.1000061035156,197.00000000000273,41.30010879909581,passive,
1.0,260.931,260.991,786.2999877929688,586.7999877929688,256.29998779296875,541.7000122070312,259.6000061035156,60.000000000002274,531.915414138237,passive,
1.0,261.401,261.445,254.3000030517578,540.7000122070312,159.8000030517578,432.3999938964844,106.5,43.99999999998272,143.73289103773286,passive,
1.0,261.718,261.743,157.89999389648438,422.0,310.0,354.8999938964844,169.89999389648438,24.999999999977263,166.2432635500799,passive,
1.0,262.158,262.224,357.3999938964844,348.29998779296875,1035.4000244140625,439.79998779296875,330.29998779296875,65.99999999997408,684.1463961622811,passive,
1.0,263.214,263.236,1016.4000244140625,453.6000061035156,1183.699951171875,462.29998779296875,246.0,21.99999999999136,167.5259835803576,passive,
1.0,263.708,263.765,1217.0,476.29998779296875,726.7000122070312,585.2000122070312,295.79998779296875,56.99999999995953,502.2482387696036,passive,
1.0,264.655,264.679,748.5,579.2000122070312,947.0,544.0,270.79998779296875,24.00000000000091,201.59685230522612,passive,
1.0,265.096,265.121,957.0999755859375,548.5,817.2000122070312,645.7999877929688,216.60000610351562,24.999999999977263,170.40917633135598,passive,
1.0,266.654,266.689,810.2000122070312,656.2999877929688,1024.0999755859375,522.5,241.39999389648438,35.00000000002501,252.30067591446524,passive,
1.0,266.944,267.016,995.4000244140625,512.9000244140625,346.3999938964844,407.3999938964844,232.3000030517578,72.00000000000273,657.5190461507767,passive,
1.0,267.254,267.292,324.29998779296875,402.1000061035156,546.2000122070312,409.79998779296875,176.6999969482422,37.99999999995407,222.03357978688595,passive,
1.0,267.57,267.618,550.2999877929688,416.3999938964844,805.5,460.1000061035156,146.39999389648438,48.00000000000182,258.9145366667611,passive,
1.0,267.749,267.785,804.0999755859375,461.79998779296875,991.5999755859375,464.0,171.89999389648438,36.000000000001364,187.51290636569817,passive,
1.0,268.257,268.272,974.7000122070312,464.79998779296875,908.7999877929688,462.1000061035156,95.69999694824219,14.999999999986358,65.95531152907562,passive,
1.0,268.465,268.483,889.0999755859375,471.8999938964844,953.4000244140625,474.6000061035156,86.4000015258789,18.000000000029104,64.35671173403266,passive,
1.0,268.805,269.017,954.0,511.79998779296875,1002.0,517.9000244140625,266.3999938964844,211.9999999999891,48.386056325957014,passive,
1.0,269.277,269.305,1007.0999755859375,505.1000061035156,815.4000244140625,577.2999877929688,234.60000610351562,28.00000000002001,204.8455726523193,passive,
1.0,269.559,269.567,787.7999877929688,593.0999755859375,762.0999755859375,591.5,53.900001525878906,7.999999999981355,25.749767946860246,passive,
1.0,270.284,270.304,770.5,568.5999755859375,706.9000244140625,553.4000244140625,75.4000015258789,19.99999999998181,65.3910958017927,passive,
1.0,270.83,270.871,687.4000244140625,555.2000122070312,424.6000061035156,506.29998779296875,190.8000030517578,40.99999999999682,267.31079666133894,passive,
1.0,271.42,271.468,441.1000061035156,514.7999877929688,703.4000244140625,492.1000061035156,144.60000610351562,48.00000000000182,263.2804375080206,passive,
1.0,271.651,271.683,706.4000244140625,489.5,840.0999755859375,340.8999938964844,150.0,31.999999999982265,199.89406883978984,passive,
1.0,271.962,271.976,822.4000244140625,327.20001220703125,768.7000122070312,332.3999938964844,81.9000015258789,14.000000000010004,53.95119202210414,passive,
1.0,272.489,272.519,751.5999755859375,348.70001220703125,803.5,500.6000061035156,116.0,30.00000000002956,160.52171404496113,passive,
1.0,272.693,272.706,787.4000244140625,538.7000122070312,752.5999755859375,559.7000122070312,66.5,13.000000000033651,40.64533673670184,passive,
1.0,273.261,273.282,757.9000244140625,566.4000244140625,677.5999755859375,580.7999877929688,101.0999984741211,20.999999999958163,81.5809829991837,passive,
1.0,273.541,273.563,642.5,602.5999755859375,659.7999877929688,508.6000061035156,105.19999694824219,21.99999999999136,95.57867879570794,passive,
1.0,274.205,274.264,650.5999755859375,505.5,1233.5,828.7000122070312,286.8999938964844,59.00000000002592,666.5063288165686,passive,
1.0,274.629,274.638,1209.0999755859375,862.2000122070312,1190.0999755859375,887.9000244140625,68.19999694824219,8.999999999957708,31.960767003336375,passive,
1.0,274.951,274.979,1184.300048828125,892.5,1337.4000244140625,754.2000122070312,222.39999389648438,27.999999999963165,206.31647812995928,passive,
1.0,275.305,275.389,1324.699951171875,711.4000244140625,601.5,445.1000061035156,255.1999969482422,84.00000000000318,770.6710511802036,passive,
1.0,275.669,275.681,612.9000244140625,449.20001220703125,651.9000244140625,481.8999938964844,84.69999694824219,12.000000000000455,50.89487992411977,passive,
1.0,275.866,275.877,659.9000244140625,491.8999938964844,623.2999877929688,490.79998779296875,62.900001525878906,11.000000000024102,36.6165631114278,passive,
1.0,276.834,276.846,650.7999877929688,491.5,617.2999877929688,481.20001220703125,57.0,12.000000000000455,35.0476782188964,passive,
1.0,277.251,277.273,612.9000244140625,488.0,736.0999755859375,549.0999755859375,192.10000610351562,22.000000000048203,137.51885319967784,passive,
1.0,278.332,278.376,769.0999755859375,572.7000122070312,465.8999938964844,575.5,166.6999969482422,43.99999999998272,303.21291006176745,passive,
1.0,278.713,278.738,448.8999938964844,576.0,606.0,527.2000122070312,190.1999969482422,24.999999999977263,164.50486535758918,passive,
1.0,279.024,279.042,611.2999877929688,526.5999755859375,684.9000244140625,572.9000244140625,122.5999984741211,17.99999999997226,86.95205524950575,passive,
1.0,279.255,279.302,678.0999755859375,588.2999877929688,1142.300048828125,649.0999755859375,288.20001220703125,47.000000000025466,468.1648710803464,passive,
1.0,279.617,279.635,1136.9000244140625,651.5999755859375,1106.0,595.7000122070312,75.9000015258789,17.99999999997226,63.87188281671927,passive,
1.0,279.926,279.942,1096.699951171875,595.5,1036.4000244140625,572.7999877929688,91.0999984741211,16.000000000019554,64.43113937528126,passive,
1.0,280.404,280.46,1028.5999755859375,582.5,672.2000122070312,513.2999877929688,186.0,55.999999999983174,363.0558849350042,passive,
1.0,280.725,280.871,696.2000122070312,523.0999755859375,695.4000244140625,499.1000061035156,282.5,145.99999999995816,24.013298724375215,passive,
1.0,280.893,280.91,692.0,470.6000061035156,691.7000122070312,568.7999877929688,224.5,17.00000000005275,98.20043989965045,passive,
1.0,281.37,281.387,696.7000122070312,572.5999755859375,764.2999877929688,562.7000122070312,95.4000015258789,16.999999999995907,68.32105073930751,passive,
1.0,282.424,282.431,756.0999755859375,577.0,738.2999877929688,581.7000122070312,42.900001525878906,7.000000000005002,18.410042916193305,passive,
1.0,282.692,282.736,745.0999755859375,583.9000244140625,405.0,485.5,264.5,43.99999999998272,354.0488076497976,passive,
1.0,282.909,282.93,390.3999938964844,466.1000061035156,491.20001220703125,396.79998779296875,177.60000610351562,21.000000000015007,122.3238988474808,passive,
1.0,283.358,283.37,481.20001220703125,385.79998779296875,446.8999938964844,378.29998779296875,60.900001525878906,12.000000000000455,35.11041520836589,passive,
1.0,283.643,283.667,442.5,383.79998779296875,585.9000244140625,413.70001220703125,142.5,24.00000000000091,146.4840553163219,passive,
1.0,284.083,284.129,616.0,430.70001220703125,997.0,505.70001220703125,249.0,45.99999999999227,388.3117304434673,passive,
1.0,284.557,284.587,984.0999755859375,518.2999877929688,831.4000244140625,662.4000244140625,192.3000030517578,29.999999999972715,209.9573662487067,passive,
1.0,286.62,286.642,841.4000244140625,659.0999755859375,802.4000244140625,578.0999755859375,112.0999984741211,21.99999999999136,89.89994438263018,passive,
1.0,287.486,287.509,785.0999755859375,591.9000244140625,883.2999877929688,505.3999938964844,157.39999389648438,23.000000000024556,130.86442479529353,passive,
1.0,290.675,290.695,878.2000122070312,528.7000122070312,789.4000244140625,533.2999877929688,116.0,19.99999999998181,88.91905086888084,passive,
1.0,290.911,291.114,670.9000244140625,568.0,597.4000244140625,576.5,649.9000244140625,202.99999999997453,73.98986417070923,passive,
1.0,291.266,291.303,617.9000244140625,585.7000122070312,793.0999755859375,603.2000122070312,156.6999969482422,36.99999999997772,176.07178334596202,passive,
1.0,291.631,291.639,784.7000122070312,596.0,770.7999877929688,616.7999877929688,54.79999923706055,8.000000000038199,25.01699763958862,passive,
1.0,291.908,291.926,774.2999877929688,621.0,842.7000122070312,640.0999755859375,104.80000305175781,17.99999999997226,71.01670512793278,passive,
1.0,292.101,292.154,832.4000244140625,640.7999877929688,1184.9000244140625,594.5999755859375,214.3000030517578,52.99999999999727,355.51468482740603,passive,
1.0,292.464,292.497,1159.199951171875,592.4000244140625,1007.0999755859375,574.2999877929688,127.9000015258789,33.00000000001546,153.17315005877407,passive,
1.0,292.683,292.703,993.4000244140625,584.0,921.0,601.2999877929688,105.0,19.99999999998181,74.4382503340434,passive,
1.0,292.899,292.919,897.2999877929688,614.7000122070312,808.7999877929688,603.5999755859375,129.39999389648438,19.99999999998181,89.19338996242728,passive,
1.0,293.097,293.168,790.2000122070312,601.4000244140625,212.89999389648438,443.6000061035156,309.79998779296875,71.00000000002638,598.4782008729865,passive,
1.0,293.664,293.949,296.0,464.29998779296875,633.7999877929688,581.2999877929688,250.1999969482422,285.000000000025,357.488226033991,passive,
1.0,294.128,294.147,646.2999877929688,582.0,732.5,583.0,108.69999694824219,19.000000000005457,86.20581247510134,passive,
1.0,294.446,294.466,751.9000244140625,580.0999755859375,826.4000244140625,609.7000122070312,97.19999694824219,19.99999999998181,80.1649060872031,passive,
1.0,294.691,294.709,810.9000244140625,617.9000244140625,740.2000122070312,602.0999755859375,102.0999984741211,18.000000000029104,72.44400091826446,passive,
1.0,294.939,294.958,738.5999755859375,609.0999755859375,809.2999877929688,641.2000122070312,97.5999984741211,19.000000000005457,77.64601778037253,passive,
1.0,295.265,295.284,817.0999755859375,666.7000122070312,763.0999755859375,598.0999755859375,116.0999984741211,19.000000000005457,87.30386603361505,passive,
1.0,295.96,296.026,769.2000122070312,601.2000122070312,369.20001220703125,443.8999938964844,165.39999389648438,66.00000000003092,429.81774714464547,passive,
1.0,296.227,296.271,329.6000061035156,446.8999938964844,760.4000244140625,494.5,304.3999938964844,44.00000000003956,433.42175344278957,passive,
1.0,296.487,296.527,761.2999877929688,492.79998779296875,1092.0,538.2999877929688,325.29998779296875,39.99999999996362,333.81544013680764,passive,
1.0,296.734,296.76,1081.5999755859375,536.0999755859375,1272.0,530.4000244140625,213.0,26.00000000001046,190.4853242122273,passive,
1.0,297.269,297.282,1280.5,527.7999877929688,1228.300048828125,523.5,83.5999984741211,12.999999999976808,52.37675817923265,passive,
1.0,298.16,298.178,1199.9000244140625,538.9000244140625,1131.699951171875,530.2000122070312,82.0999984741211,17.99999999997226,68.75274687343213,passive,
1.0,298.378,298.391,1126.9000244140625,531.2000122070312,1173.0,531.2000122070312,69.19999694824219,13.000000000033651,46.0999755859375,passive,
1.0,299.114,299.125,1155.699951171875,522.0,1115.800048828125,520.0999755859375,71.80000305175781,11.000000000024102,39.94511609464692,passive,
1.0,299.357,299.4,1112.5,525.2000122070312,786.4000244140625,561.2999877929688,258.8999938964844,42.99999999994952,328.09206377852894,passive,
1.0,299.539,299.777,792.2999877929688,578.7999877929688,699.0,531.7000122070312,311.5,237.99999999999955,104.5145703831003,passive,
1.0,300.604,300.653,728.9000244140625,543.0,343.29998779296875,543.0999755859375,253.39999389648438,49.000000000035016,385.6000495815666,passive,
1.0,301.43,301.46,356.5,519.2000122070312,335.0,666.5,129.60000610351562,29.999999999972715,148.8607953888758,passive,
1.0,302.854,302.905,361.29998779296875,687.2000122070312,639.7000122070312,560.7999877929688,177.8000030517578,50.99999999998772,305.75078048244814,passive,
1.0,303.103,303.128,646.7999877929688,566.7000122070312,785.5999755859375,563.5999755859375,156.5,24.999999999977263,138.83460245335237,passive,
1.0,304.63,304.654,802.5999755859375,571.5,744.7000122070312,717.2000122070312,180.60000610351562,24.00000000000091,156.78296883401507,passive,
1.0,305.279,305.316,751.7999877929688,749.2999877929688,810.0,479.8999938964844,207.0,36.99999999997772,275.61494540812623,passive,
1.0,305.585,305.6,765.0999755859375,437.5,801.5999755859375,400.29998779296875,86.0999984741211,15.000000000043201,52.11612906004507,passive,
1.0,306.152,306.175,785.7000122070312,408.29998779296875,787.7000122070312,519.4000244140625,127.30000305175781,23.000000000024556,111.11803695714019,passive,
1.0,306.325,306.344,791.0,529.7000122070312,778.2000122070312,602.9000244140625,106.4000015258789,19.000000000005457,74.31070901700288,passive,
1.0,307.046,307.091,798.7000122070312,590.7999877929688,535.7000122070312,538.0999755859375,176.39999389648438,45.000000000015916,268.22805835076474,passive,
1.0,307.604,307.799,566.9000244140625,578.0,603.7999877929688,555.7999877929688,274.29998779296875,194.99999999999318,43.063300376967845,passive,
1.0,308.037,308.089,592.0,564.5,937.9000244140625,751.5,258.20001220703125,52.00000000002092,393.2121906676458,passive,
1.0,308.267,308.303,902.5,762.9000244140625,1087.5,821.2999877929688,259.5,36.000000000001364,193.99885495192385,passive,
1.0,308.51,308.534,1071.9000244140625,825.2999877929688,1167.199951171875,925.2000122070312,201.1999969482422,24.00000000000091,138.06553124503853,passive,
1.0,308.871,308.948,1161.300048828125,928.5999755859375,1478.199951171875,569.2999877929688,215.8000030517578,76.99999999999818,479.08457430135,passive,
1.0,309.182,309.229,1460.5999755859375,551.5999755859375,1240.199951171875,398.3999938964844,177.8000030517578,46.99999999996862,268.41461426563217,passive,
1.0,309.437,309.459,1219.699951171875,394.79998779296875,1136.699951171875,341.5,90.9000015258789,21.99999999999136,98.64019818882471,passive,
1.0,309.69,309.741,1116.5999755859375,338.5,656.4000244140625,466.8999938964844,258.0,50.99999999998772,477.7766774249381,passive,
1.0,310.245,310.268,670.2999877929688,485.0,547.7000122070312,483.79998779296875,147.1999969482422,22.999999999967713,122.60584832286547,passive,
1.0,310.606,310.645,518.0999755859375,507.0,769.5999755859375,579.7000122070312,225.39999389648438,38.99999999998727,261.7967566164686,passive,
1.0,312.025,312.228,782.7999877929688,630.4000244140625,753.0,615.5,386.3999938964844,203.00000000003138,33.31741286475805,passive,
1.0,312.738,312.754,759.5999755859375,611.2000122070312,704.5,647.9000244140625,90.80000305175781,16.000000000019554,66.20346067666819,passive,
1.0,312.923,312.945,694.2000122070312,664.7000122070312,772.5,675.2999877929688,82.80000305175781,21.99999999999136,79.01422385116193,passive,
1.0,313.113,313.131,800.7000122070312,668.0,725.5,658.0999755859375,88.4000015258789,17.99999999997226,75.84887816795106,passive,
1.0,313.259,313.582,716.7999877929688,683.5,630.4000244140625,599.5999755859375,654.5999755859375,322.9999999999791,120.43325026153128,passive,
1.0,313.801,313.816,679.5999755859375,628.5,727.4000244140625,629.5,64.30000305175781,14.999999999986358,47.810507924211954,passive,
1.0,314.0,314.011,740.0999755859375,626.0999755859375,701.7000122070312,619.2000122070312,72.5,11.000000000024102,39.014954596046735,passive,
1.0,314.516,314.533,703.4000244140625,621.7999877929688,765.7000122070312,633.0999755859375,79.19999694824219,16.999999999995907,63.31649234698096,passive,
1.0,315.06,315.073,775.7999877929688,626.9000244140625,731.0999755859375,624.5,72.19999694824219,12.999999999976808,44.76439666182086,passive,
1.0,315.329,315.349,733.9000244140625,628.7999877929688,772.0,560.2000122070312,103.19999694824219,19.99999999998181,78.47015222388863,passive,
1.0,316.359,316.365,769.0999755859375,606.7999877929688,749.7999877929688,605.2999877929688,51.5,6.000000000028649,19.358190225554214,passive,
1.0,317.39,317.41,763.0,616.2000122070312,673.2999877929688,605.7999877929688,108.4000015258789,20.000000000038654,90.30090086900934,passive,
1.0,317.447,317.458,552.0,606.0,479.20001220703125,600.5999755859375,126.30000305175781,11.000000000024102,72.99998963238879,passive,
1.0,318.325,318.387,421.3999938964844,617.9000244140625,842.2000122070312,583.0,219.0,62.00000000001182,422.24479524827626,passive,
1.0,318.852,318.875,829.5,592.4000244140625,740.0999755859375,578.9000244140625,93.5,23.000000000024556,90.41357400985193,passive,
1.0,319.252,319.263,730.0999755859375,593.2000122070312,772.4000244140625,592.2000122070312,76.0999984741211,10.999999999967258,42.3118674943775,passive,
1.0,319.448,319.706,774.9000244140625,597.0,629.2000122070312,566.0,285.1000061035156,258.0000000000382,148.96138277127082,passive,
1.0,319.93,319.946,676.0,580.5,737.7999877929688,587.7999877929688,77.4000015258789,16.000000000019554,62.229641755264666,passive,
1.0,320.333,320.35,759.2999877929688,576.5,684.2999877929688,572.4000244140625,114.0999984741211,16.999999999995907,75.11198173264557,passive,
1.0,321.174,321.182,690.7000122070312,599.4000244140625,678.0,582.0,44.900001525878906,8.000000000038199,21.541846709804474,passive,
1.0,321.547,321.566,686.9000244140625,564.4000244140625,765.7000122070312,554.2999877929688,101.5999984741211,18.999999999948614,79.44462735716908,passive,
1.0,322.256,322.27,770.0999755859375,544.0999755859375,725.5,542.2999877929688,69.5999984741211,14.000000000010004,44.636283204597774,passive,
1.0,322.862,322.933,696.4000244140625,554.2000122070312,194.39999389648438,472.0,209.5,70.99999999996953,508.6854358505711,passive,
1.0,323.105,323.124,189.0,480.20001220703125,151.6999969482422,411.70001220703125,115.4000015258789,19.000000000005457,77.99705268573385,passive,
1.0,324.502,324.509,764.7000122070312,587.0999755859375,784.9000244140625,598.0999755859375,52.29999923706055,7.000000000005002,23.000880269333422,passive,
1.0,324.72,324.727,771.7000122070312,600.4000244140625,754.5999755859375,594.4000244140625,43.400001525878906,6.999999999948159,18.122120528314213,passive,
1.0,325.115,325.146,749.2999877929688,595.0,896.5,577.5999755859375,150.10000610351562,31.00000000000591,148.22484421769556,passive,
1.0,325.357,325.393,882.0999755859375,576.0999755859375,1077.4000244140625,532.2999877929688,151.0,35.99999999994452,200.15131276844582,passive,
1.0,325.921,325.945,1071.4000244140625,536.2000122070312,959.5,508.6000061035156,114.19999694824219,24.00000000000091,115.25352836586775,passive,
1.0,326.254,326.266,922.0,506.29998779296875,888.5999755859375,499.70001220703125,58.70000076293945,12.000000000000455,34.04587065408876,passive,
1.0,326.531,326.553,865.4000244140625,500.79998779296875,767.0999755859375,583.4000244140625,168.1999969482422,21.99999999999136,128.3965172791606,passive,
1.0,327.285,327.308,770.7000122070312,576.5,727.0999755859375,469.20001220703125,168.1999969482422,22.999999999967713,115.81990577500898,passive,
1.0,327.446,327.484,715.9000244140625,456.1000061035156,490.1000061035156,473.5,225.39999389648438,37.99999999995407,226.46944177226428,passive,
1.0,327.748,327.79,502.6000061035156,475.79998779296875,203.0,325.6000061035156,223.1999969482422,42.00000000003001,335.1420566815491,passive,
1.0,328.033,328.11,196.10000610351562,324.5,1176.4000244140625,415.79998779296875,364.6000061035156,76.99999999999818,984.5424387351999,passive,
1.0,328.896,328.936,1165.5999755859375,423.3999938964844,1502.5999755859375,443.8999938964844,265.6000061035156,39.99999999996362,337.62294057128287,passive,
1.0,329.608,329.637,1443.4000244140625,468.20001220703125,1429.0999755859375,627.0999755859375,144.60000610351562,28.999999999996362,159.54212534094094,passive,
1.0,329.929,329.941,1429.5999755859375,631.7000122070312,1466.699951171875,648.5,69.4000015258789,12.000000000000455,40.726499706223926,passive,
1.0,330.6,330.671,1443.0,640.9000244140625,783.0,565.2000122070312,322.79998779296875,70.99999999996953,664.3270970298778,passive,
1.0,330.976,331.212,780.9000244140625,585.2000122070312,757.4000244140625,569.9000244140625,526.2999877929688,235.99999999999,28.041747921001516,passive,
1.0,331.752,331.78,766.5,571.5,789.9000244140625,698.2000122070312,115.30000305175781,27.999999999963165,128.84275003212477,passive,
1.0,333.451,333.682,800.2000122070312,679.0999755859375,781.7000122070312,581.4000244140625,316.8999938964844,230.99999999999454,99.43606216552806,passive,
1.0,334.459,334.475,795.4000244140625,586.2999877929688,731.0999755859375,575.2000122070312,103.30000305175781,16.000000000019554,65.25109759465865,passive,
1.0,334.986,335.001,740.7999877929688,564.9000244140625,675.5,566.2000122070312,98.69999694824219,14.999999999986358,65.31292654615727,passive,
1.0,335.394,335.418,685.2000122070312,573.7000122070312,810.5999755859375,543.9000244140625,184.1999969482422,24.00000000000091,128.89216457136607,passive,
1.0,336.591,336.865,779.9000244140625,542.2999877929688,609.2999877929688,445.5,740.7999877929688,274.0000000000009,196.14945865802798,passive,
1.0,337.516,337.535,607.7999877929688,471.29998779296875,690.5999755859375,459.0,105.9000015258789,19.000000000005457,83.70858784033425,passive,
1.0,337.941,337.961,676.2000122070312,474.3999938964844,759.7999877929688,471.3999938964844,105.69999694824219,20.000000000038654,83.65378603487918,passive,
1.0,338.35,338.369,773.7999877929688,466.3999938964844,681.0,433.70001220703125,145.39999389648438,19.000000000005457,98.39271587300414,passive,
1.0,338.756,339.012,692.9000244140625,439.5,747.0999755859375,413.70001220703125,460.70001220703125,256.00000000002865,60.02727777561607,passive,
1.0,339.299,339.32,724.5999755859375,394.8999938964844,806.9000244140625,459.3999938964844,140.10000610351562,21.000000000015007,104.56360761331716,passive,
1.0,339.965,339.983,803.2999877929688,461.0,846.5,495.5,60.20000076293945,18.000000000029104,55.28554109970933,passive,
1.0,340.423,340.44,822.2999877929688,524.0,764.5999755859375,553.0999755859375,97.5999984741211,16.999999999995907,64.6227513171152,passive,
1.0,340.661,340.68,761.0999755859375,577.5,808.4000244140625,630.0999755859375,105.4000015258789,19.000000000005457,70.73932464184423,passive,
1.0,340.868,341.07,811.2000122070312,649.2000122070312,209.5,248.89999389648438,488.29998779296875,201.99999999999818,722.6915035818297,passive,
1.0,341.679,341.748,202.60000610351562,257.70001220703125,746.7999877929688,580.7999877929688,254.0,69.00000000001683,632.8879950626608,passive,
1.0,342.5,342.516,753.5999755859375,588.4000244140625,811.2000122070312,587.5,81.5999984741211,16.000000000019554,57.60706781895126,passive,
1.0,342.793,342.855,793.5,590.7000122070312,1342.5999755859375,536.2999877929688,249.0,62.00000000001182,551.7881349256504,passive,
1.0,343.055,343.076,1342.5,530.2999877929688,1483.800048828125,506.79998779296875,249.3000030517578,21.000000000015007,143.24089429639326,passive,
1.0,343.509,343.571,1446.199951171875,487.70001220703125,781.0,491.79998779296875,343.70001220703125,62.00000000001182,665.2125861999833,passive,
1.0,343.994,344.015,786.9000244140625,488.20001220703125,700.0,538.7000122070312,140.0,20.999999999958163,100.5080307396611,passive,
1.0,344.697,344.741,715.5,562.2000122070312,1080.300048828125,519.5999755859375,217.5,43.99999999998272,367.2789658354,passive,
1.0,345.421,345.447,1065.0999755859375,527.5999755859375,1240.4000244140625,501.29998779296875,209.10000610351562,26.00000000001046,177.26194311541695,passive,
1.0,345.72,345.953,1231.699951171875,503.79998779296875,802.2000122070312,473.8999938964844,400.29998779296875,232.99999999994725,430.5394374570282,passive,
1.0,347.397,347.426,834.2999877929688,495.70001220703125,739.5999755859375,538.2999877929688,95.0,28.999999999996362,103.84050381202096,passive,
1.0,350.812,350.949,753.0,566.7000122070312,768.5999755859375,529.0,303.6000061035156,137.00000000000045,40.80012449358643,passive,
1.0,351.236,351.253,769.0,525.7000122070312,702.7000122070312,541.9000244140625,110.0,16.999999999995907,68.25048554300378,passive,
1.0,351.611,351.63,693.2999877929688,538.0,774.7999877929688,525.0,107.80000305175781,19.000000000005457,82.53029746705145,passive,
1.0,351.999,352.043,806.7000122070312,536.9000244140625,1101.4000244140625,517.7999877929688,208.3000030517578,43.99999999998272,295.31831740302107,passive,
1.0,352.678,352.742,1085.4000244140625,526.7999877929688,640.5999755859375,566.5,207.39999389648438,64.00000000002137,446.5682192081528,passive,
1.0,353.269,353.324,649.2000122070312,564.0999755859375,999.7000122070312,539.7000122070312,231.60000610351562,55.00000000000682,351.3482719651428,passive,
1.0,354.156,354.184,986.2999877929688,539.9000244140625,1183.4000244140625,521.5,213.6999969482422,28.00000000002001,197.95702901002176,passive,
1.0,354.81,354.895,1168.800048828125,515.9000244140625,658.9000244140625,500.79998779296875,150.0,84.99999999997954,510.12355954554766,passive,
1.0,354.917,355.179,634.0999755859375,507.79998779296875,622.5999755859375,578.7999877929688,819.7999877929688,262.00000000000045,71.92530848039513,passive,
1.0,355.331,355.351,630.2000122070312,589.2000122070312,730.0999755859375,606.0,132.60000610351562,19.99999999998181,101.3027258910179,passive,
1.0,355.692,355.742,734.7999877929688,591.0,257.70001220703125,515.7999877929688,280.20001220703125,50.00000000001137,482.9900915547231,passive,
1.0,355.871,355.891,248.60000610351562,488.29998779296875,279.6000061035156,403.1000061035156,141.8000030517578,20.000000000038654,90.66441904012372,passive,
1.0,356.077,356.11,268.1000061035156,409.8999938964844,339.1000061035156,549.9000244140625,136.60000610351562,33.00000000001546,156.97454744296226,passive,
1.0,356.296,356.335,334.20001220703125,540.5999755859375,459.79998779296875,768.7000122070312,273.8999938964844,38.99999999998727,260.3938950392893,passive,
1.0,356.609,356.637,479.3999938964844,757.5999755859375,288.29998779296875,791.7000122070312,236.89999389648438,28.00000000002001,194.11858445373963,passive,
1.0,356.789,356.827,284.29998779296875,800.5,343.20001220703125,894.7999877929688,179.1999969482422,38.000000000010914,111.1831847615961,passive,
1.0,357.071,357.156,352.8999938964844,907.0999755859375,1148.5999755859375,761.4000244140625,403.8999938964844,84.99999999997954,808.9295004090794,passive,
1.0,357.456,357.472,1169.4000244140625,771.0,1143.0999755859375,715.5999755859375,90.80000305175781,15.99999999996271,61.325812456423925,passive,
1.0,357.691,357.733,1126.0,715.5,1500.4000244140625,762.2999877929688,295.3999938964844,42.00000000003001,377.31368533181063,passive,
1.0,357.888,357.905,1489.199951171875,766.7999877929688,1550.800048828125,770.5999755859375,104.30000305175781,16.999999999995907,61.71719321620393,passive,
1.0,358.214,358.254,1534.5,765.7000122070312,1174.800048828125,577.7000122070312,357.20001220703125,40.000000000020464,405.86704088044553,passive,
1.0,358.827,358.849,1143.9000244140625,552.7999877929688,1096.800048828125,441.0,133.10000610351562,21.99999999999136,121.31630133953091,passive,
1.0,359.697,359.741,1086.9000244140625,454.0,767.2000122070312,604.0,247.60000610351562,43.99999999998272,353.1403372671776,passive,
1.0,359.92,359.927,757.0999755859375,612.4000244140625,774.7000122070312,610.5999755859375,46.099998474121094,7.000000000005002,17.69184741194303,passive,
1.0,360.836,360.875,785.7000122070312,593.0,518.2000122070312,580.2000122070312,208.1999969482422,38.99999999998727,267.8060673089767,passive,
1.0,361.198,361.213,505.8999938964844,588.4000244140625,525.5999755859375,654.0,96.0999984741211,15.000000000043201,68.49413168615531,passive,
1.0,361.453,361.462,527.0,650.7000122070312,498.6000061035156,646.7999877929688,57.20000076293945,9.000000000014552,28.66652828213827,passive,
1.0,361.723,361.737,501.79998779296875,646.0,548.2999877929688,654.5999755859375,77.9000015258789,14.000000000010004,47.288577691433275,passive,
1.0,362.646,362.663,555.5,651.5999755859375,519.0999755859375,591.2000122070312,102.30000305175781,16.999999999995907,70.52033290844253,passive,
1.0,364.119,364.168,545.9000244140625,577.4000244140625,962.7000122070312,571.5999755859375,293.70001220703125,48.99999999997817,416.8403416065047,passive,
1.0,365.721,365.733,936.0999755859375,566.9000244140625,967.7999877929688,551.2999877929688,55.599998474121094,12.000000000000455,35.33060877632023,passive,
1.0,366.551,366.558,955.7999877929688,571.7999877929688,935.2000122070312,566.7999877929688,51.79999923706055,7.000000000005002,21.198089398368452,passive,
1.0,366.582,366.795,909.7000122070312,582.4000244140625,698.7999877929688,607.0999755859375,199.8000030517578,213.00000000002228,212.3414888469636,passive,
1.0,367.048,367.063,712.0999755859375,614.5,769.5999755859375,606.0,77.80000305175781,14.999999999986358,58.12486559124245,passive,
1.0,367.492,367.5,749.7000122070312,590.9000244140625,732.0,594.7000122070312,41.0,7.999999999981355,18.103323986377937,passive,
1.0,367.851,367.873,717.0,606.7000122070312,642.0999755859375,628.5999755859375,95.9000015258789,21.99999999999136,78.03603048095536,passive,
1.0,368.121,368.345,628.5,679.0999755859375,626.7000122070312,584.2999877929688,275.5,224.00000000004638,94.81707463111199,passive,
1.0,368.686,368.707,633.4000244140625,594.0999755859375,621.0,643.5999755859375,58.20000076293945,21.000000000015007,51.02950720386536,passive,
1.0,369.327,369.525,640.0999755859375,684.4000244140625,663.0999755859375,644.4000244140625,386.79998779296875,197.99999999997908,46.14108798023731,passive,
1.0,370.085,370.107,670.7999877929688,639.0,592.5999755859375,606.0,93.19999694824219,22.000000000048203,84.87780575144386,passive,
1.0,371.879,371.933,775.2000122070312,580.2000122070312,285.8999938964844,510.5,273.3999938964844,53.999999999973625,494.2394152840927,constant,
1.0,372.223,372.273,290.5,507.79998779296875,726.2999877929688,470.20001220703125,285.5,50.00000000001137,437.4190068165932,constant,
1.0,372.46,372.499,720.0,468.3999938964844,1039.5,523.2000122070312,261.20001220703125,39.00000000004411,324.16553179947476,constant,
1.0,372.724,372.74,1026.199951171875,517.7000122070312,971.9000244140625,505.70001220703125,94.5999984741211,16.000000000019554,55.61008942542533,constant,
1.0,373.142,373.166,970.7000122070312,506.20001220703125,1124.199951171875,511.3999938964844,190.6999969482422,24.00000000000091,153.58799130069187,constant,
1.0,373.353,373.366,1131.4000244140625,504.1000061035156,1085.300048828125,496.20001220703125,83.0,12.999999999976808,46.77197507683981,constant,
1.0,373.745,373.756,1083.5,496.0,1040.5999755859375,491.29998779296875,77.9000015258789,10.999999999967258,43.156716852344104,constant,
1.0,374.002,374.046,1045.0,500.70001220703125,849.2999877929688,511.6000061035156,132.39999389648438,43.99999999998272,196.00332814719135,constant,
1.0,374.378,374.393,854.5,501.29998779296875,791.2999877929688,505.1000061035156,95.0,14.999999999986358,63.31415072580055,constant,
1.0,374.632,374.649,788.0999755859375,516.0,734.5999755859375,528.7999877929688,92.4000015258789,16.999999999995907,55.00990535803665,constant,
1.0,374.858,374.929,736.0999755859375,535.5999755859375,1359.699951171875,571.0999755859375,357.5,70.99999999996953,624.609621724467,constant,
1.0,375.083,375.154,1368.4000244140625,591.5999755859375,777.0,494.20001220703125,298.0,70.99999999996953,599.3669508265917,constant,
1.0,375.692,375.73,761.4000244140625,482.29998779296875,625.0999755859375,494.8999938964844,139.60000610351562,38.000000000010914,136.88120201239428,constant,
1.0,376.01,376.028,643.4000244140625,477.3999938964844,571.2000122070312,472.20001220703125,108.69999694824219,18.000000000029104,72.38702627036221,constant,
1.0,376.495,376.541,579.0,461.79998779296875,188.8000030517578,576.4000244140625,262.20001220703125,45.99999999999227,406.6807175315351,constant,
1.0,376.873,376.939,196.0,596.5,784.4000244140625,519.2999877929688,359.6000061035156,66.00000000003092,593.4428621318442,constant,
1.0,377.146,377.159,796.0999755859375,524.7000122070312,757.2000122070312,533.2000122070312,64.9000015258789,12.999999999976808,39.81779942287428,constant,
1.0,377.386,377.457,772.7999877929688,529.0,178.89999389648438,317.0,242.10000610351562,70.99999999996953,630.6038397839361,constant,
1.0,377.734,377.791,196.1999969482422,316.0,722.0,281.1000061035156,253.5,57.00000000001637,526.9569743187798,constant,
1.0,378.027,378.049,724.2000122070312,274.79998779296875,826.9000244140625,212.10000610351562,169.5,21.99999999999136,120.32697208515688,constant,
1.0,378.303,378.351,826.5,205.5,1221.800048828125,215.39999389648438,258.0,48.00000000000182,395.42399836462687,constant,
1.0,378.803,378.838,1200.0999755859375,196.0,1451.0,240.1999969482422,241.60000610351562,35.00000000002501,254.76354131076482,constant,
1.0,379.351,379.37,1451.699951171875,237.60000610351562,1377.4000244140625,251.0,110.0999984741211,19.000000000005457,75.49860232244117,constant,
1.0,379.576,379.649,1376.5,237.89999389648438,1342.199951171875,891.4000244140625,308.0,72.99999999997908,654.399559318378,constant,
1.0,380.011,380.036,1333.800048828125,907.2000122070312,1157.800048828125,932.2000122070312,217.10000610351562,24.999999999977263,177.7667010438119,constant,
1.0,380.906,380.963,1136.300048828125,949.5,753.5,523.2000122070312,341.0,57.00000000001637,572.9463822864232,constant,
1.0,381.266,381.288,753.0,513.7000122070312,652.7000122070312,448.79998779296875,159.3000030517578,21.99999999999136,119.46589772908246,constant,
1.0,382.167,382.174,646.7999877929688,434.29998779296875,624.0999755859375,433.8999938964844,53.20000076293945,7.000000000005002,22.70353605314803,constant,
1.0,382.74,382.755,609.7000122070312,438.1000061035156,659.9000244140625,457.6000061035156,85.30000305175781,14.999999999986358,53.85435196514843,constant,
1.0,383.405,383.416,653.5999755859375,472.70001220703125,617.2999877929688,457.70001220703125,68.0999984741211,11.000000000024102,39.27708127865002,constant,
1.0,383.844,383.888,612.5,451.79998779296875,949.0999755859375,475.29998779296875,250.89999389648438,43.99999999998272,337.41931415444157,constant,
1.0,384.155,384.168,955.2000122070312,472.1000061035156,996.2999877929688,490.6000061035156,70.5999984741211,13.000000000033651,45.07169836121841,constant,
1.0,385.481,385.536,993.7000122070312,492.79998779296875,645.5999755859375,452.3999938964844,183.10000610351562,55.00000000000682,350.43657771762753,constant,
1.0,385.908,385.919,672.5,449.79998779296875,638.2999877929688,453.3999938964844,62.79999923706055,10.999999999967258,34.38896449308174,constant,
1.0,386.278,386.287,646.0,458.5,621.7000122070312,438.1000061035156,61.400001525878906,8.999999999957708,31.72773483429017,constant,
1.0,386.96,386.972,611.0999755859375,423.5,645.5,432.1000061035156,56.29999923706055,12.000000000000455,35.45873354575149,constant,
1.0,387.265,387.272,639.5,431.70001220703125,620.0999755859375,434.0,47.20000076293945,7.000000000005002,19.53588726201158,constant,
1.0,388.089,388.096,615.0999755859375,433.3999938964844,595.9000244140625,431.5,45.29999923706055,7.000000000005002,19.293732189730996,constant,
1.0,389.666,389.678,614.5999755859375,420.5,656.4000244140625,427.29998779296875,70.69999694824219,12.000000000000455,42.349544460574286,constant,
1.0,390.426,390.446,631.5,441.70001220703125,713.2000122070312,454.70001220703125,95.30000305175781,20.000000000038654,82.7278187469551,constant,
1.0,390.93,390.938,703.5999755859375,432.20001220703125,681.2000122070312,446.5,54.79999923706055,7.999999999981355,26.575327095924827,constant,
1.0,391.236,391.242,675.4000244140625,454.79998779296875,657.5,451.70001220703125,47.5,6.000000000028649,18.166472488004988,constant,
1.0,391.857,391.869,672.2000122070312,461.0,709.4000244140625,462.1000061035156,61.70000076293945,12.000000000000455,37.21627226941255,constant,
1.0,392.443,392.485,685.7999877929688,470.1000061035156,987.5999755859375,631.2000122070312,252.89999389648438,42.00000000003001,342.10589676062125,constant,
1.0,392.707,392.754,989.0999755859375,639.7000122070312,1157.699951171875,986.9000244140625,319.29998779296875,47.000000000025466,385.97124276834586,constant,
1.0,392.875,392.883,1163.199951171875,995.2000122070312,1142.800048828125,970.7999877929688,68.80000305175781,7.999999999981355,31.8043583026192,constant,
1.0,393.206,393.225,1132.0999755859375,988.5999755859375,1123.699951171875,923.5999755859375,86.0,19.000000000005457,65.54052494569177,constant,
1.0,393.378,393.41,1107.300048828125,921.5999755859375,1246.0,749.5999755859375,260.79998779296875,32.00000000003911,220.95627724751452,constant,
1.0,393.605,393.626,1238.4000244140625,746.5,1139.800048828125,729.5999755859375,121.0,20.999999999958163,100.03782290085775,constant,
1.0,394.359,394.396,1104.0999755859375,733.9000244140625,1380.9000244140625,753.0999755859375,214.0,37.00000000003456,277.46514223638036,constant,
1.0,394.996,395.021,1360.4000244140625,743.2000122070312,1414.5,603.2999877929688,196.60000610351562,25.000000000034106,149.99608058030822,constant,
1.0,395.632,395.648,1405.4000244140625,602.2000122070312,1445.300048828125,550.4000244140625,85.4000015258789,16.000000000019554,65.38540115036761,constant,
1.0,396.737,396.748,1433.300048828125,571.0,1410.0,604.2000122070312,75.69999694824219,10.999999999967258,40.560240210581014,constant,
1.0,397.041,397.109,1407.0,598.5,689.9000244140625,489.29998779296875,324.79998779296875,67.99999999998363,725.3668159292703,constant,
1.0,397.293,397.313,708.5999755859375,480.29998779296875,632.7999877929688,439.0,120.5,19.99999999998181,86.32107008786197,constant,
1.0,397.974,398.017,645.7999877929688,468.79998779296875,420.79998779296875,520.7999877929688,185.10000610351562,43.00000000000637,230.93072554339753,constant,
1.0,398.207,398.231,428.0,515.2000122070312,350.79998779296875,597.5999755859375,118.30000305175781,24.00000000000091,112.91410828417708,constant,
1.0,398.499,398.537,346.79998779296875,613.5,625.7000122070312,464.1000061035156,290.3999938964844,37.99999999995407,316.39466145059123,constant,
1.0,398.9,398.906,616.4000244140625,449.1000061035156,602.2999877929688,443.6000061035156,42.20000076293945,6.000000000028649,15.13476239378025,constant,
1.0,399.282,399.295,598.2000122070312,440.3999938964844,644.0999755859375,446.3999938964844,73.5,13.000000000033651,46.29045947260553,constant,
1.0,399.632,399.642,634.2000122070312,450.20001220703125,603.0999755859375,450.1000061035156,56.099998474121094,9.999999999990905,31.100197411818993,constant,
1.0,399.916,399.961,610.7000122070312,448.20001220703125,1010.2000122070312,488.0,315.5,45.000000000015916,401.4776320398441,constant,
1.0,402.273,402.318,1021.0,504.6000061035156,638.9000244140625,464.20001220703125,300.70001220703125,44.99999999995907,384.2298151492281,constant,
1.0,405.609,405.678,668.7999877929688,467.1000061035156,654.2000122070312,440.1000061035156,311.20001220703125,69.00000000001683,30.69461332400151,constant,
1.0,406.076,406.283,650.7000122070312,460.6000061035156,660.9000244140625,466.6000061035156,740.9000244140625,206.99999999999363,11.83386027564913,constant,
1.0,406.699,406.711,653.0999755859375,449.0,615.4000244140625,452.6000061035156,65.4000015258789,12.000000000000455,37.87144521017265,constant,
1.0,407.116,407.121,616.2000122070312,468.3999938964844,600.5,466.0,48.70000076293945,4.9999999999954525,15.882391318818854,constant,
1.0,407.344,407.351,607.2000122070312,466.3999938964844,621.0,466.5,35.400001525878906,7.000000000005002,13.800350151602201,constant,
1.0,408.818,408.825,586.0,445.20001220703125,606.9000244140625,438.79998779296875,49.70000076293945,7.000000000005002,21.857980991139247,constant,
1.0,409.287,409.336,605.7000122070312,429.3999938964844,971.7999877929688,491.6000061035156,248.5,49.000000000035016,371.34624495553857,constant,
1.0,409.57,409.58,949.0,486.6000061035156,983.5999755859375,487.20001220703125,66.19999694824219,9.999999999990905,34.605177616531996,constant,
1.0,410.393,410.414,974.5999755859375,503.20001220703125,1072.199951171875,479.29998779296875,135.0,21.000000000015007,100.48366236044733,constant,
1.0,411.78,411.822,1089.4000244140625,446.3999938964844,771.5999755859375,385.8999938964844,290.29998779296875,42.00000000003001,323.5075285602464,constant,
1.0,412.157,412.176,790.4000244140625,374.3999938964844,723.7999877929688,378.79998779296875,76.9000015258789,19.000000000005457,66.74522323148022,constant,
1.0,412.209,412.222,694.7999877929688,392.79998779296875,635.5999755859375,406.6000061035156,97.0999984741211,12.999999999976808,60.787185744070094,constant,
1.0,412.803,412.819,627.5,430.3999938964844,688.4000244140625,431.79998779296875,94.4000015258789,16.000000000019554,60.91611409589093,constant,
1.0,413.491,413.507,695.0,441.0,640.7000122070312,448.6000061035156,88.5999984741211,16.000000000019554,54.829269255480966,constant,
1.0,414.118,414.137,656.9000244140625,451.0,726.4000244140625,460.5,93.19999694824219,19.000000000005457,70.14627573863064,constant,
1.0,415.346,415.391,729.2000122070312,469.1000061035156,365.0,541.2999877929688,236.1999969482422,45.000000000015916,371.2876058361753,constant,
1.0,415.829,415.854,367.5,537.2999877929688,213.60000610351562,587.5999755859375,174.1999969482422,24.999999999977263,161.91138592857124,constant,
1.0,416.184,416.224,202.5,606.7999877929688,566.2999877929688,618.2000122070312,314.20001220703125,39.99999999996362,363.97855936140724,constant,
1.0,416.756,416.784,557.7999877929688,623.5999755859375,404.3999938964844,624.4000244140625,144.5,28.00000000002001,153.40208018657643,constant,
1.0,417.201,417.212,756.0999755859375,554.5999755859375,767.2000122070312,583.7000122070312,51.400001525878906,10.999999999967258,31.145191351774027,,
1.0,418.573,418.58,784.2000122070312,599.5999755859375,804.2999877929688,602.0,48.20000076293945,7.000000000005002,20.24275514210898,constant,
1.0,418.739,418.745,787.2999877929688,611.2999877929688,771.7000122070312,609.7000122070312,44.400001525878906,6.000000000028649,15.681809849549959,constant,
1.0,419.003,419.024,752.7000122070312,613.0,824.5999755859375,577.2999877929688,77.69999694824219,21.000000000015007,80.27512445004517,constant,
1.0,419.301,419.314,816.2000122070312,567.4000244140625,843.5999755859375,598.2999877929688,63.900001525878906,13.000000000033651,41.29849549297348,constant,
1.0,419.492,419.511,840.7000122070312,610.7000122070312,921.7999877929688,640.2999877929688,128.6999969482422,19.000000000005457,86.33287088199809,constant,
1.0,419.823,419.838,921.5,641.5,865.5999755859375,623.0999755859375,91.9000015258789,15.000000000043201,58.85043439033292,constant,
1.0,420.075,420.098,849.4000244140625,617.5,750.5999755859375,637.2999877929688,90.30000305175781,23.000000000024556,100.76452334547906,constant,
1.0,421.662,421.668,759.0999755859375,649.0999755859375,773.0,644.9000244140625,37.79999923706055,6.000000000028649,14.520684162864631,constant,
1.0,421.892,421.901,786.2999877929688,638.7999877929688,810.2000122070312,642.5999755859375,48.400001525878906,9.000000000014552,24.200228805106267,constant,
1.0,422.702,422.718,811.2999877929688,648.2999877929688,871.2000122070312,647.7999877929688,88.19999694824219,16.000000000019554,59.90211118821509,constant,
1.0,424.344,424.372,868.2999877929688,650.0,754.5999755859375,753.7999877929688,150.10000610351562,28.00000000002001,153.95496173134376,constant,
1.0,424.663,424.673,728.4000244140625,782.7999877929688,700.5999755859375,780.2999877929688,50.0,9.999999999990905,27.912232351536023,constant,
1.0,424.733,424.969,702.9000244140625,799.7999877929688,682.2000122070312,766.5999755859375,601.7000122070312,235.99999999999,39.124561542824566,constant,
1.0,425.371,425.38,711.5,795.5999755859375,737.7999877929688,798.7999877929688,54.70000076293945,9.000000000014552,26.49395093291022,constant,
1.0,427.226,427.242,723.2000122070312,796.2000122070312,751.0999755859375,761.0999755859375,60.900001525878906,16.000000000019554,44.83771322610501,constant,
1.0,427.719,427.739,739.0999755859375,759.0,741.0999755859375,675.7999877929688,88.9000015258789,19.99999999998181,83.22404719340528,constant,
1.0,429.259,429.277,754.9000244140625,679.5,826.5999755859375,686.7999877929688,97.0999984741211,17.99999999997226,72.07060995875331,constant,
1.0,429.595,429.855,818.9000244140625,724.0999755859375,759.0,715.2999877929688,369.20001220703125,259.9999999999909,60.54298233455041,constant,
1.0,430.462,430.477,765.5999755859375,704.7999877929688,796.9000244140625,692.0999755859375,42.79999923706055,14.999999999986358,33.77844529728614,constant,
1.0,430.687,430.695,794.2000122070312,686.4000244140625,774.7999877929688,681.7999877929688,46.29999923706055,7.999999999981355,19.93793580543444,constant,
1.0,430.956,430.984,773.5,699.2999877929688,876.7999877929688,685.7000122070312,112.5999984741211,27.999999999963165,104.19139510518893,constant,
1.0,431.009,431.019,905.0,666.2000122070312,935.7000122070312,643.5,66.69999694824219,9.999999999990905,38.18090234281054,constant,
1.0,431.402,431.419,927.5,629.0,864.0,628.7999877929688,80.5,16.999999999995907,63.50031499829715,constant,
1.0,431.507,431.53,844.5,613.2000122070312,758.2000122070312,506.70001220703125,157.39999389648438,22.999999999967713,137.07639436849277,constant,
1.0,431.76,431.782,736.2999877929688,517.5999755859375,763.0999755859375,620.9000244140625,163.10000610351562,21.99999999999136,106.71991113937588,constant,
1.0,432.123,432.142,775.9000244140625,667.5999755859375,827.0,649.2000122070312,67.19999694824219,19.000000000005457,54.31174971613877,constant,
1.0,432.462,432.472,845.5999755859375,643.9000244140625,871.2000122070312,656.0,54.29999923706055,9.999999999990905,28.31556611091547,constant,
1.0,433.729,433.741,866.0,650.2999877929688,837.7000122070312,644.0,51.79999923706055,12.000000000000455,28.992743148480027,constant,
1.0,436.179,436.42,806.2000122070312,687.5999755859375,751.9000244140625,604.4000244140625,344.70001220703125,241.0000000000423,99.35149998524903,constant,
1.0,439.223,439.236,802.5,670.5,769.5,664.9000244140625,53.29999923706055,12.999999999976808,33.47177507338229,constant,
1.0,439.446,439.453,753.5,668.0999755859375,741.0999755859375,654.9000244140625,46.0,6.999999999948159,18.11075140377202,constant,
1.0,444.998,445.181,780.0,724.5,761.5999755859375,703.0999755859375,144.60000610351562,182.99999999999272,28.222720339481224,constant,
1.0,445.429,445.444,755.0999755859375,701.7000122070312,766.7999877929688,647.7999877929688,73.80000305175781,15.000000000043201,55.15526192015784,constant,
1.0,445.648,445.712,744.0,641.7000122070312,251.0,350.0,250.39999389648438,63.99999999996453,572.8332192895085,constant,
1.0,445.939,445.965,230.0,317.8999938964844,82.30000305175781,241.89999389648438,167.39999389648438,25.999999999953616,166.10625845678047,constant,
1.0,446.32,446.386,50.099998474121094,202.60000610351562,663.4000244140625,368.29998779296875,252.0,66.00000000003092,635.2900170393187,constant,
1.0,446.615,446.634,674.2000122070312,379.70001220703125,764.5999755859375,325.20001220703125,133.10000610351562,19.000000000005457,105.55758323733824,constant,
1.0,446.903,446.912,766.0,303.3999938964844,757.7999877929688,285.1000061035156,41.70000076293945,8.999999999957708,20.05317315085737,constant,
1.0,447.209,447.457,753.5,292.6000061035156,787.4000244140625,692.7999877929688,509.0,247.99999999999045,401.63321202250273,constant,
1.0,447.764,447.771,780.5999755859375,667.9000244140625,763.0,662.7000122070312,45.599998474121094,7.000000000005002,18.352091640433525,constant,
1.0,448.365,448.385,729.4000244140625,631.0999755859375,674.7000122070312,706.9000244140625,137.5,19.99999999998181,93.47587249015385,constant,
1.0,448.828,448.836,684.0999755859375,699.0999755859375,695.5,683.2999877929688,43.400001525878906,8.000000000038199,19.483330590512047,constant,
1.0,449.776,449.79,703.0999755859375,670.2999877929688,745.5,648.9000244140625,72.19999694824219,14.000000000010004,47.494426019603864,constant,
1.0,451.172,451.179,781.9000244140625,681.7000122070312,768.5999755859375,692.4000244140625,42.20000076293945,6.999999999948159,17.06990216905554,constant,
1.0,451.673,451.692,775.7000122070312,709.7000122070312,731.2000122070312,778.7999877929688,111.5999984741211,19.000000000005457,82.18915151026417,constant,
1.0,452.157,452.175,738.0,764.9000244140625,781.5,710.0999755859375,78.69999694824219,18.000000000029104,69.9663872982226,constant,
1.0,452.519,452.541,772.7999877929688,710.0,836.5,751.5,90.30000305175781,21.99999999999136,76.02592686166956,constant,
1.0,452.858,453.121,767.7999877929688,599.0,721.7999877929688,554.9000244140625,356.3999938964844,262.9999999999768,63.724468194566235,,
1.0,453.323,453.333,748.5999755859375,562.5999755859375,779.7999877929688,580.9000244140625,67.0999984741211,10.000000000047748,36.170879845956996,constant,
1.0,454.689,454.726,765.9000244140625,619.4000244140625,595.0999755859375,583.4000244140625,115.4000015258789,36.99999999997772,174.55273323465858,constant,
1.0,455.0,455.039,596.5,583.2000122070312,844.7999877929688,565.0999755859375,247.10000610351562,38.99999999998727,248.95882242586498,constant,
1.0,455.356,455.366,835.0999755859375,568.0999755859375,798.7000122070312,572.9000244140625,69.5999984741211,9.999999999990905,36.71508957823881,constant,
1.0,455.565,455.622,801.5999755859375,574.7000122070312,998.7000122070312,642.0,158.10000610351562,57.00000000001637,208.27316868231068,constant,
1.0,455.757,455.803,1005.0,640.0999755859375,1284.0999755859375,824.2999877929688,262.70001220703125,45.99999999999227,334.40460653098273,constant,
1.0,456.084,456.107,1258.800048828125,824.5999755859375,1396.5,851.9000244140625,218.89999389648438,23.000000000024556,140.38008839844335,constant,
1.0,456.295,456.319,1401.199951171875,822.0,1503.300048828125,801.7999877929688,170.60000610351562,24.00000000000091,104.07915465923038,constant,
1.0,456.553,456.622,1496.9000244140625,761.4000244140625,1099.699951171875,471.5,274.29998779296875,69.00000000001683,491.74172320322094,constant,
1.0,456.913,456.961,1095.199951171875,471.3999938964844,837.2000122070312,525.0999755859375,160.89999389648438,48.00000000000182,263.52923279839507,constant,
1.0,457.38,457.403,859.5,535.2999877929688,781.5,506.0,106.30000305175781,23.000000000024556,83.32160154886677,constant,
1.0,457.694,457.712,776.0,507.0,736.2000122070312,544.2000122070312,74.80000305175781,17.99999999997226,54.47825195914178,constant,
1.0,458.459,458.483,750.0999755859375,542.9000244140625,845.9000244140625,520.0,144.8000030517578,24.00000000000091,98.49903793253918,constant,
1.0,458.847,458.859,821.0,507.3999938964844,776.4000244140625,503.29998779296875,73.19999694824219,12.000000000000455,44.788032690832566,constant,
1.0,459.107,459.117,765.5999755859375,504.70001220703125,737.5999755859375,507.5,50.900001525878906,9.999999999990905,28.13965052449611,constant,
1.0,459.361,459.378,745.5,514.0,799.9000244140625,550.2000122070312,101.4000015258789,16.999999999995907,65.34373374731358,constant,
1.0,459.836,459.891,805.2999877929688,583.9000244140625,310.6000061035156,442.3999938964844,272.5,55.00000000000682,514.5389494683768,constant,
1.0,460.155,460.195,290.1000061035156,457.20001220703125,233.60000610351562,207.5,168.5,40.000000000020464,256.0123944190819,constant,
1.0,460.595,460.61,237.89999389648438,192.8000030517578,296.20001220703125,189.10000610351562,82.19999694824219,14.999999999986358,58.4173100410067,constant,
1.0,460.977,461.051,308.70001220703125,178.5,883.7999877929688,198.3000030517578,293.79998779296875,74.00000000001228,575.440719831153,constant,
1.0,461.3,461.351,908.0,216.5,1312.699951171875,340.70001220703125,296.70001220703125,50.99999999998772,423.3292967782229,constant,
1.0,461.64,461.665,1288.0999755859375,351.5,1420.9000244140625,405.29998779296875,200.6999969482422,25.000000000034106,143.28395463301524,constant,
1.0,462.077,462.095,1385.300048828125,389.79998779296875,1408.199951171875,446.6000061035156,87.80000305175781,18.000000000029104,61.24253103384728,constant,
1.0,462.339,462.375,1403.300048828125,459.1000061035156,1213.800048828125,473.70001220703125,173.3000030517578,36.000000000001364,190.06159574785931,constant,
1.0,462.63,462.647,1225.699951171875,476.3999938964844,1164.9000244140625,512.2999877929688,110.5,16.999999999995907,70.60765295294115,constant,
1.0,463.038,463.062,1170.9000244140625,538.2999877929688,1039.699951171875,586.7999877929688,167.60000610351562,24.00000000000091,139.877479312273,constant,
1.0,464.292,464.318,1014.2999877929688,637.7999877929688,1109.5999755859375,746.0,187.60000610351562,26.00000000001046,144.18505579615976,constant,
1.0,464.573,464.585,1104.199951171875,767.5,1058.5999755859375,761.4000244140625,79.30000305175781,12.000000000000455,46.006167799406306,constant,
1.0,464.904,465.153,1064.4000244140625,797.5999755859375,1196.5,861.7999877929688,640.5999755859375,249.00000000002365,146.87424933319062,constant,
1.0,465.883,465.901,1192.4000244140625,858.2999877929688,1271.199951171875,837.2000122070312,112.0,18.000000000029104,81.57596108391107,constant,
1.0,466.401,466.421,1265.300048828125,829.7999877929688,1335.699951171875,777.2999877929688,104.5,19.99999999998181,87.8202496580916,constant,
1.0,467.087,467.105,1327.699951171875,758.7999877929688,1283.300048828125,822.4000244140625,98.30000305175781,18.000000000029104,77.56491466081171,constant,
1.0,467.639,467.673,1290.9000244140625,813.2999877929688,1132.5999755859375,753.5999755859375,143.1999969482422,33.999999999991815,169.18332339951962,constant,
1.0,468.897,468.917,1083.199951171875,782.7999877929688,986.9000244140625,733.4000244140625,146.3000030517578,19.99999999998181,108.23138304298494,constant,
1.0,469.366,469.377,976.0,712.4000244140625,935.7000122070312,701.5999755859375,71.0999984741211,11.000000000024102,41.722057365419005,constant,
1.0,470.121,470.131,930.0999755859375,718.7999877929688,902.5999755859375,694.9000244140625,69.0999984741211,9.999999999990905,36.43430045318642,constant,
1.0,470.772,470.79,896.0999755859375,691.5999755859375,822.7000122070312,648.7000122070312,119.5999984741211,18.000000000029104,85.01741869720743,constant,
1.0,471.263,471.294,819.7000122070312,634.5,703.9000244140625,637.7999877929688,103.4000015258789,31.00000000000591,115.84699863304813,constant,
1.0,471.678,471.701,696.5999755859375,631.0,776.2000122070312,690.5,135.3000030517578,23.000000000024556,99.38015813068253,constant,
1.0,472.755,472.775,775.0999755859375,661.4000244140625,692.5,631.4000244140625,97.4000015258789,19.99999999998181,87.87921237014741,constant,
1.0,473.337,473.47,688.7999877929688,677.0999755859375,637.9000244140625,700.2000122070312,191.8000030517578,133.0000000000382,55.89649330566158,constant,
1.0,473.755,473.765,628.5999755859375,702.7000122070312,613.7999877929688,722.2999877929688,47.400001525878906,9.999999999990905,24.56010345339307,constant,
1.0,474.067,474.075,610.5,706.4000244140625,637.2000122070312,708.2999877929688,57.400001525878906,7.999999999981355,26.7675272054929,constant,
1.0,474.75,474.779,637.5999755859375,688.5,490.29998779296875,756.5,201.39999389648438,28.999999999996362,162.2383629226107,constant,
1.0,475.229,475.235,518.4000244140625,743.4000244140625,517.0,760.7000122070312,39.70000076293945,6.000000000028649,17.356544759739446,constant,
1.0,477.199,477.219,528.0,777.5,564.9000244140625,710.2999877929688,86.30000305175781,19.99999999998181,76.66455140665441,constant,
1.0,477.416,477.426,558.9000244140625,708.4000244140625,591.5,706.5999755859375,61.900001525878906,9.999999999990905,32.6496337496664,constant,
1.0,477.686,477.711,583.0999755859375,715.0999755859375,464.29998779296875,756.7000122070312,149.0,25.000000000034106,125.87295240235635,constant,
1.0,479.065,479.081,481.8999938964844,721.5999755859375,411.5,722.5999755859375,96.69999694824219,16.000000000019554,70.40709581160863,constant,
1.0,480.257,480.279,427.5,749.7999877929688,474.0,665.7000122070312,111.5999984741211,21.99999999999136,96.09919819413315,constant,
1.0,482.486,482.526,487.0,648.2999877929688,731.9000244140625,647.0,172.5,40.000000000020464,244.9034747125289,constant,
1.0,482.686,482.718,729.0999755859375,649.9000244140625,898.7999877929688,564.9000244140625,181.3000030517578,32.00000000003911,189.79750826358747,constant,
1.0,482.95,482.966,876.0,574.5,816.2999877929688,539.7999877929688,86.19999694824219,16.000000000019554,69.05202607228696,constant,
1.0,483.501,483.559,759.0999755859375,517.5,1195.699951171875,684.2999877929688,223.39999389648438,58.00000000004957,467.3775503908759,constant,
1.0,483.905,484.187,1182.800048828125,716.4000244140625,1196.5,832.9000244140625,279.79998779296875,282.0000000000391,117.30276493805148,constant,
1.0,484.394,484.415,1221.4000244140625,805.5999755859375,1175.5999755859375,865.9000244140625,98.19999694824219,21.000000000015007,75.72146565758545,constant,
1.0,484.794,484.819,1177.5999755859375,871.2999877929688,1036.9000244140625,791.4000244140625,207.5,25.000000000034106,161.80383310576596,constant,
1.0,485.103,485.127,1024.300048828125,800.5999755859375,1108.0999755859375,740.7000122070312,133.10000610351562,24.00000000000091,103.00695771358869,constant,
1.0,485.543,485.561,1093.5,761.4000244140625,1164.300048828125,758.2999877929688,100.80000305175781,17.99999999997226,70.86788511813377,constant,
1.0,485.852,485.88,1162.9000244140625,752.2000122070312,1021.2999877929688,735.2999877929688,120.5999984741211,28.00000000002001,142.6049830696354,constant,
1.0,486.038,486.353,990.5999755859375,733.7999877929688,671.2000122070312,718.2999877929688,432.29998779296875,314.9999999999977,319.77583805917334,constant,
1.0,491.649,491.664,807.4000244140625,703.2999877929688,790.2999877929688,662.4000244140625,60.5,14.999999999986358,44.33078227190018,constant,
1.0,491.878,491.894,778.7000122070312,627.5,818.4000244140625,607.9000244140625,62.599998474121094,16.000000000019554,44.274710752389744,constant,
1.0,493.264,493.44,781.9000244140625,659.4000244140625,768.0,618.5,284.1000061035156,175.99999999998772,43.19748460017599,constant,
1.0,494.459,494.502,761.9000244140625,622.7999877929688,1046.0999755859375,690.0,168.0,43.00000000000637,292.03673379683124,constant,
1.0,494.824,494.853,1033.5,687.9000244140625,895.2999877929688,634.5,112.30000305175781,28.999999999996362,148.15804393095252,constant,
1.0,495.239,495.252,800.9000244140625,613.9000244140625,844.5,617.7999877929688,66.69999694824219,13.000000000033651,43.774051508298335,constant,
1.0,495.515,495.522,803.9000244140625,607.0,779.2999877929688,602.7999877929688,61.70000076293945,7.000000000005002,24.95599936484943,constant,
1.0,495.911,495.925,774.5,603.0,816.7000122070312,618.7000122070312,65.69999694824219,14.000000000010004,45.025897143471965,constant,
1.0,496.065,496.303,818.2999877929688,623.7999877929688,710.7000122070312,617.9000244140625,389.6000061035156,237.99999999999955,107.76160872020601,constant,
1.0,496.622,496.63,740.4000244140625,623.7000122070312,763.4000244140625,634.0999755859375,55.400001525878906,7.999999999981355,25.2420133563587,constant,
1.0,496.958,496.968,796.0999755859375,628.4000244140625,825.5,618.5,59.20000076293945,9.999999999990905,31.022119833217467,constant,
1.0,497.873,497.887,787.4000244140625,641.2000122070312,838.0999755859375,637.9000244140625,74.5,14.000000000010004,50.807233424624215,constant,
1.0,498.244,498.262,851.5999755859375,613.5999755859375,785.5999755859375,615.5,92.5999984741211,17.99999999997226,66.02734352352844,constant,
1.0,498.622,498.633,780.9000244140625,625.5999755859375,749.2999877929688,629.5,56.5,10.999999999967258,31.839794359963282,constant,
1.0,500.036,500.052,789.2000122070312,622.7999877929688,747.0999755859375,616.5,49.29999923706055,16.000000000019554,42.56880230508007,constant,
1.0,500.205,500.486,729.0999755859375,630.4000244140625,626.7999877929688,582.5999755859375,565.0999755859375,281.0000000000059,112.91648316526994,constant,
1.0,500.604,500.623,729.0999755859375,630.4000244140625,626.7999877929688,582.5999755859375,0.0,19.000000000005457,112.91648316526994,constant,
1.0,500.946,500.956,700.2000122070312,611.2999877929688,732.2999877929688,618.5,57.900001525878906,9.999999999990905,32.8975471486733,constant,
1.0,501.275,501.291,750.5999755859375,622.2999877929688,701.5999755859375,629.7000122070312,73.5,16.000000000019554,49.55562895704908,constant,
1.0,506.301,506.311,740.7000122070312,661.4000244140625,761.5999755859375,649.0999755859375,49.29999923706055,9.999999999990905,24.25076638817589,constant,
1.0,506.509,506.53,754.4000244140625,633.7999877929688,707.7999877929688,578.2000122070312,81.5999984741211,20.999999999958163,72.54599022857242,constant,
1.0,506.686,506.708,699.9000244140625,551.4000244140625,747.2000122070312,481.29998779296875,78.0,22.000000000048203,84.5653828673038,constant,
1.0,506.736,506.741,830.0999755859375,425.3999938964844,858.7000122070312,434.79998779296875,96.9000015258789,4.9999999999954525,30.105181945669205,constant,
1.0,506.981,507.012,906.2000122070312,446.20001220703125,1039.0999755859375,448.29998779296875,99.5,31.00000000000591,132.91655338435524,constant,
1.0,507.047,507.057,1133.9000244140625,449.3999938964844,1179.300048828125,448.20001220703125,80.5,9.999999999990905,45.41588018361522,constant,
1.0,507.562,507.569,1197.5999755859375,467.0,1199.9000244140625,487.1000061035156,46.900001525878906,7.000000000005002,20.231175694287383,constant,
1.0,507.759,508.012,1191.300048828125,524.4000244140625,1194.800048828125,709.5999755859375,121.30000305175781,252.9999999999859,185.23302058235967,constant,
1.0,508.655,508.678,1130.0,700.7000122070312,1028.199951171875,715.4000244140625,96.5999984741211,23.000000000024556,102.85592010329547,constant,
1.0,509.104,509.145,988.7999877929688,709.4000244140625,751.4000244140625,671.5,146.8000030517578,40.99999999999682,240.4062280035452,constant,
1.0,509.418,509.439,695.9000244140625,672.0999755859375,776.5,653.2999877929688,93.9000015258789,21.000000000015007,82.76349198450664,constant,
1.0,511.335,511.342,783.0999755859375,600.4000244140625,801.4000244140625,604.0999755859375,44.29999923706055,7.000000000005002,18.670335449209755,constant,
1.0,511.504,511.765,803.5,609.7999877929688,151.60000610351562,425.70001220703125,712.5,260.99999999996726,677.3967840586337,constant,
1.0,512.503,512.547,249.0,449.5,485.3999938964844,390.29998779296875,166.39999389648438,43.99999999998272,243.6998123913322,constant,
1.0,512.812,512.862,483.5,394.8999938964844,853.0999755859375,305.29998779296875,242.0,49.999999999954525,380.30553906941145,constant,
1.0,513.229,513.278,830.0999755859375,313.6000061035156,744.5,581.9000244140625,197.1999969482422,48.99999999997817,281.62431650294843,constant,
1.0,513.672,513.689,760.5999755859375,584.5999755859375,821.2999877929688,606.5999755859375,84.19999694824219,16.999999999939064,64.5638558477864,constant,
1.0,514.44,514.454,810.5,619.2999877929688,829.2999877929688,594.2999877929688,51.5,13.999999999896318,31.280018238737874,constant,
1.0,515.524,515.534,816.2999877929688,571.4000244140625,841.7999877929688,570.0999755859375,52.0,9.999999999990905,25.533118237996494,constant,
1.0,515.778,515.787,840.0,556.4000244140625,813.0,554.2000122070312,56.400001525878906,9.000000000014552,27.08948234483425,constant,
1.0,516.599,516.618,814.7000122070312,555.0999755859375,899.2999877929688,568.5,100.80000305175781,19.000000000005457,85.65463515443103,constant,
1.0,517.12,517.137,909.4000244140625,578.9000244140625,846.2999877929688,573.2000122070312,96.5,16.999999999939064,63.35696300126512,constant,
1.0,517.665,517.674,850.2999877929688,575.2999877929688,827.0999755859375,558.9000244140625,54.599998474121094,9.000000000014552,28.41125420033169,constant,
1.0,517.941,517.946,825.4000244140625,569.2999877929688,812.7999877929688,566.5,41.400001525878906,4.9999999999954525,12.907395341186293,constant,
1.0,518.719,518.729,807.2000122070312,583.5,830.7000122070312,571.5,48.0,9.999999999990905,26.386549603917523,constant,
1.0,519.453,519.463,820.4000244140625,547.2000122070312,793.9000244140625,538.7999877929688,51.79999923706055,9.999999999990905,27.799467803482248,constant,
1.0,521.867,521.884,791.5999755859375,519.7999877929688,726.2000122070312,499.6000061035156,95.5999984741211,17.00000000005275,68.44848040838102,constant,
1.0,521.947,522.189,711.7000122070312,505.29998779296875,679.5,527.2999877929688,437.5,241.9999999999618,38.99795874315682,constant,
1.0,522.508,522.607,673.7000122070312,544.0999755859375,757.0999755859375,564.7999877929688,307.29998779296875,98.9999999999327,85.93046256697416,constant,
1.0,523.321,523.329,754.9000244140625,575.2999877929688,730.2999877929688,573.7000122070312,53.400001525878906,7.999999999924512,24.65201256763329,constant,
1.0,523.514,523.531,727.2000122070312,572.0999755859375,788.9000244140625,590.7999877929688,94.5999984741211,16.999999999939064,64.47155933348381,constant,
1.0,524.564,524.618,792.0,634.5999755859375,1164.9000244140625,726.9000244140625,216.6999969482422,54.00000000008731,384.15326006905457,constant,
1.0,524.886,524.92,1131.699951171875,724.2999877929688,1272.0999755859375,750.9000244140625,174.5,33.999999999991815,142.897616508159,constant,
1.0,525.516,525.564,1245.4000244140625,736.7999877929688,954.7999877929688,630.5,168.0,48.00000000000182,309.4318482137324,constant,
1.0,526.542,526.557,935.7999877929688,592.0999755859375,879.0,583.4000244140625,87.30000305175781,14.999999999986358,57.46240304472489,constant,
1.0,526.769,526.782,867.7000122070312,579.9000244140625,824.5,565.2999877929688,76.0999984741211,13.000000000033651,45.60046188389902,constant,
1.0,528.95,528.962,824.5,565.2999877929688,787.9000244140625,568.9000244140625,58.400001525878906,11.999999999943611,36.77660229771691,constant,
1.0,529.718,529.731,807.5999755859375,569.4000244140625,857.0,569.2999877929688,80.5,13.000000000033651,49.40012570262884,constant,
1.0,529.967,529.981,860.5999755859375,569.9000244140625,797.9000244140625,570.7000122070312,100.30000305175781,14.000000000010004,62.70505448067491,constant,
1.0,530.285,530.533,800.2000122070312,598.4000244140625,719.0999755859375,520.4000244140625,212.60000610351562,248.0000000000473,112.52206867962722,constant,
1.0,530.558,530.602,729.9000244140625,502.8999938964844,733.7000122070312,590.4000244140625,294.29998779296875,43.99999999998272,87.58250537523926,constant,
1.0,530.841,530.864,705.5999755859375,578.5,817.5,604.7999877929688,129.6999969482422,23.000000000024556,114.94914015240866,constant,
1.0,531.291,531.309,753.7999877929688,432.8999938964844,813.0999755859375,455.5,83.9000015258789,17.999999999915417,63.460608475850485,,
1.0,531.578,531.587,816.7999877929688,456.20001220703125,839.0,470.79998779296875,52.0,9.000000000014552,26.5706572952629,active,
1.0,532.627,532.632,867.4000244140625,478.3999938964844,880.2999877929688,480.70001220703125,38.900001525878906,4.9999999999954525,13.103401825708211,active,
1.0,532.779,532.821,883.5,495.8999938964844,855.9000244140625,211.39999389648438,227.3000030517578,42.00000000003001,285.8356322300359,active,
1.0,533.062,533.079,840.5999755859375,214.89999389648438,910.0,216.5,94.0999984741211,16.999999999939064,69.41846590211972,active,
1.0,533.241,533.288,918.5,211.8000030517578,1273.199951171875,219.60000610351562,208.5,47.000000000025466,354.78570350133606,active,
1.0,533.535,533.563,1267.5,212.8000030517578,1149.9000244140625,283.3999938964844,133.0,28.00000000002001,137.16454704145883,active,
1.0,533.794,533.814,1144.199951171875,287.5,1052.0999755859375,283.8999938964844,119.30000305175781,19.99999999998181,92.17030729511339,active,
1.0,534.071,534.108,1041.800048828125,295.8999938964844,950.2000122070312,546.9000244140625,190.6999969482422,36.999999999920874,267.1920321207406,active,
1.0,534.237,534.256,943.5999755859375,555.9000244140625,872.0,527.2999877929688,121.80000305175781,19.000000000005457,77.10070426808532,active,
1.0,534.435,534.479,873.5999755859375,521.4000244140625,1301.699951171875,524.4000244140625,306.6000061035156,44.000000000096406,428.1104870202087,active,
1.0,534.718,534.761,1296.5999755859375,530.9000244140625,939.2999877929688,569.0999755859375,208.60000610351562,43.00000000000637,359.3362179719563,active,
1.0,535.066,535.094,907.7000122070312,574.4000244140625,940.5999755859375,724.5,163.3000030517578,28.00000000002001,153.66330160852462,active,
1.0,535.234,535.274,946.0999755859375,713.2000122070312,1283.0999755859375,590.0999755859375,299.70001220703125,39.99999999996362,358.7793458605367,active,
1.0,535.534,535.569,1283.800048828125,582.2000122070312,1129.0999755859375,639.5999755859375,147.3000030517578,34.99999999996817,165.00566189388155,active,
1.0,535.694,535.719,1133.300048828125,643.7000122070312,962.0,643.5999755859375,226.3000030517578,25.00000000009095,171.30007803805452,active,
1.0,535.935,535.977,924.2000122070312,654.0,984.9000244140625,801.5,182.0,42.00000000003001,159.50154068827592,active,
1.0,536.106,536.14,985.7999877929688,818.2000122070312,1189.199951171875,784.2000122070312,199.1999969482422,33.999999999991815,206.2220771463143,active,
1.0,536.346,536.429,1176.9000244140625,782.5,229.60000610351562,649.0999755859375,305.6000061035156,82.99999999996999,956.6466908973422,active,
1.0,536.583,536.598,239.6999969482422,646.2999877929688,191.39999389648438,619.5999755859375,76.69999694824219,14.999999999986358,55.18859435295876,active,
1.0,536.978,537.033,185.5,624.2999877929688,807.0,467.79998779296875,383.0,55.000000000063665,640.9013184570617,active,
1.0,537.428,537.445,822.5999755859375,440.70001220703125,854.7000122070312,459.6000061035156,79.19999694824219,17.00000000005275,37.25080026472863,active,
1.0,537.923,537.957,845.9000244140625,451.29998779296875,845.0,177.5,233.1999969482422,33.999999999991815,273.80146705117517,active,
1.0,538.345,538.395,819.0999755859375,166.8000030517578,372.6000061035156,250.60000610351562,219.3000030517578,49.999999999954525,454.29578829137114,active,
1.0,538.566,538.761,362.5,272.70001220703125,1027.0999755859375,174.3000030517578,481.0,194.99999999993634,671.8449890790185,active,
1.0,539.385,539.453,1000.0,154.8000030517578,417.8999938964844,450.0,288.3999938964844,67.99999999998363,652.6740804597308,active,
1.0,539.921,539.973,443.70001220703125,451.1000061035156,839.4000244140625,639.5,224.6999969482422,51.99999999990723,438.2614030014964,active,
1.0,540.173,540.202,858.5,664.7999877929688,1008.5,587.0999755859375,220.6999969482422,28.999999999996362,168.9298431212579,active,
1.0,540.36,540.406,1004.5,607.0,833.9000244140625,434.8999938964844,179.1999969482422,45.999999999935426,242.3278023066123,active,
1.0,540.709,540.728,811.0999755859375,446.70001220703125,903.0999755859375,453.29998779296875,119.5,19.000000000005457,92.23643357011898,active,
1.0,541.356,541.371,886.9000244140625,458.6000061035156,833.2000122070312,445.6000061035156,80.69999694824219,14.999999999986358,55.25116569842943,active,
1.0,542.312,542.346,812.0999755859375,459.3999938964844,726.2000122070312,249.89999389648438,181.0,33.999999999991815,226.4267071449334,active,
1.0,542.735,542.751,705.7000122070312,213.10000610351562,669.2999877929688,178.0,64.5,15.99999999996271,50.56651269181196,active,
1.0,543.162,543.175,665.2999877929688,170.5,713.5,158.1999969482422,82.5,12.999999999919964,49.74466053589283,active,
1.0,543.461,543.495,713.7000122070312,155.89999389648438,574.2999877929688,251.60000610351562,128.1999969482422,33.999999999991815,169.0883175830523,active,
1.0,543.853,543.995,608.0999755859375,290.6000061035156,660.4000244140625,230.3000030517578,527.5999755859375,142.00000000005275,79.82095887338275,active,
1.0,544.244,544.262,659.7999877929688,226.60000610351562,731.9000244140625,198.60000610351562,105.0999984741211,17.999999999915417,77.34607475989367,active,
1.0,544.541,544.565,726.2999877929688,207.8000030517578,796.7999877929688,291.70001220703125,91.80000305175781,24.00000000000091,109.58768879876502,active,
1.0,544.704,544.755,822.0,358.5,1075.300048828125,718.2000122070312,255.3000030517578,51.000000000044565,439.9375109240731,active,
1.0,545.149,545.188,1061.5999755859375,710.5,1347.5999755859375,689.7999877929688,198.89999389648438,38.99999999998727,286.74813077921056,active,
1.0,545.336,545.372,1336.300048828125,676.4000244140625,1441.0,428.6000061035156,229.60000610351562,35.99999999994452,269.01101994174957,active,
1.0,545.617,545.641,1414.5999755859375,293.8999938964844,1295.800048828125,244.39999389648438,135.3000030517578,24.00000000000091,128.69993239183,active,
1.0,545.815,545.893,1234.0,228.8000030517578,523.2000122070312,588.2999877929688,289.1000061035156,77.99999999997453,796.5405587133749,active,
1.0,546.377,546.414,553.4000244140625,543.2000122070312,858.2000122070312,468.6000061035156,269.6000061035156,37.00000000003456,313.7964204213274,active,
1.0,547.245,547.301,876.0,465.5,495.29998779296875,476.8999938964844,208.6999969482422,56.00000000004002,380.8706593520609,active,
1.0,548.474,548.542,517.5999755859375,508.8999938964844,976.7999877929688,494.8999938964844,187.8000030517578,67.99999999998363,459.4133772659843,active,
1.0,548.775,548.811,965.2999877929688,501.0,1128.199951171875,440.79998779296875,159.0,36.00000000005821,173.6676122326086,active,
1.0,548.989,549.038,1109.199951171875,450.5,795.4000244140625,410.3999938964844,179.6999969482422,48.99999999997817,316.35171016245584,active,
1.0,550.946,550.987,733.9000244140625,416.70001220703125,510.79998779296875,626.0,192.8000030517578,40.99999999993997,305.90866485026254,active,
1.0,551.247,551.318,503.20001220703125,655.7999877929688,1232.199951171875,499.3999938964844,318.70001220703125,71.00000000002638,745.5882704962346,active,
1.0,551.542,551.583,1206.699951171875,526.9000244140625,1531.699951171875,541.7000122070312,259.8999938964844,40.99999999993997,325.3368095353983,active,
1.0,551.843,551.849,1521.0999755859375,551.5,1505.699951171875,559.5,44.400001525878906,6.0000000000854925,17.35398374880307,active,
1.0,552.058,552.1,1498.0999755859375,569.0,1117.800048828125,539.7999877929688,272.79998779296875,42.00000000003001,381.41929028942457,active,
1.0,552.406,552.449,1087.199951171875,538.7000122070312,802.2000122070312,492.5,205.3000030517578,43.00000000000637,288.72029083161874,active,
1.0,552.806,553.014,807.7999877929688,502.6000061035156,443.29998779296875,427.70001220703125,596.5999755859375,207.99999999997,372.1159215697353,active,
1.0,553.127,553.158,509.6000061035156,484.3999938964844,745.2999877929688,520.2999877929688,222.39999389648438,31.000000000062755,238.41831081143107,active,
1.0,553.58,553.639,765.5,508.6000061035156,356.20001220703125,326.6000061035156,231.60000610351562,58.99999999996908,447.94026388272397,active,
1.0,553.831,553.872,357.1000061035156,316.8999938964844,666.4000244140625,166.3000030517578,281.70001220703125,40.99999999993997,344.0157824422251,active,
1.0,554.443,554.46,657.5,167.60000610351562,591.7999877929688,182.60000610351562,86.4000015258789,17.00000000005275,67.39058987725257,active,
1.0,555.162,555.184,588.4000244140625,178.0,666.2999877929688,116.0,108.30000305175781,21.999999999934516,99.56105812231475,active,
1.0,555.626,555.69,677.4000244140625,111.9000015258789,1064.0,589.5999755859375,270.0,64.00000000007822,614.5378803133523,active,
1.0,555.929,555.977,1064.0,591.2000122070312,719.0999755859375,474.29998779296875,222.3000030517578,48.00000000000182,364.1725450234124,active,
1.0,556.206,556.224,716.2999877929688,474.70001220703125,787.5,479.6000061035156,100.4000015258789,18.000000000029104,71.3684221379945,active,
1.0,556.37,556.38,774.7999877929688,474.70001220703125,749.4000244140625,461.70001220703125,53.20000076293945,9.999999999990905,28.533456496712393,active,
1.0,556.995,557.011,738.0,467.8999938964844,799.2000122070312,479.0,88.0999984741211,15.99999999996271,62.198485750369024,active,
1.0,557.272,557.529,811.0,514.7000122070312,729.5,525.0999755859375,68.0999984741211,256.99999999994816,82.16087413290217,active,
1.0,557.749,557.797,608.2000122070312,554.0,958.2999877929688,445.6000061035156,253.89999389648438,48.00000000000182,366.49768291495633,active,
1.0,557.977,558.03,945.0,448.70001220703125,473.6000061035156,655.5999755859375,300.0,52.99999999999727,514.8063219229133,active,
1.0,558.27,558.282,470.20001220703125,654.7000122070312,501.5,685.0,72.5999984741211,12.000000000057298,43.56349958502012,active,
1.0,558.649,558.702,501.0,684.9000244140625,317.5,295.20001220703125,198.39999389648438,52.99999999999727,430.74162732914533,active,
1.0,559.107,559.129,295.8999938964844,268.8999938964844,296.5,151.5,125.0,22.000000000048203,117.40152713750713,active,
1.0,559.343,559.44,295.8999938964844,135.1999969482422,1393.699951171875,176.10000610351562,290.79998779296875,97.00000000009368,1098.5615854119199,active,
1.0,559.842,559.863,1384.0,179.39999389648438,1301.5999755859375,221.89999389648438,109.80000305175781,21.00000000007185,92.71469151886392,active,
1.0,560.089,560.148,1271.0999755859375,228.1999969482422,895.0999755859375,348.3999938964844,166.1999969482422,58.99999999996908,394.74553736091485,active,
1.0,560.336,560.383,887.5999755859375,383.0,578.2000122070312,654.7000122070312,244.1999969482422,47.000000000025466,411.76356562008914,active,
1.0,560.569,560.595,553.9000244140625,667.5,447.70001220703125,725.2000122070312,153.3000030517578,26.000000000067303,120.86245902456702,active,
1.0,560.96,560.974,436.79998779296875,714.5,491.3999938964844,712.7000122070312,87.0999984741211,14.000000000010004,54.629667970424094,active,
1.0,561.446,561.498,486.79998779296875,698.4000244140625,729.2000122070312,535.5,177.0,52.00000000002092,292.05169027081536,active,
1.0,561.645,561.661,731.0999755859375,530.4000244140625,789.0999755859375,519.2999877929688,84.4000015258789,15.99999999996271,59.05261055185979,active,
1.0,562.236,562.256,821.0,506.0,906.9000244140625,465.3999938964844,123.9000015258789,19.99999999998181,95.01144504712072,active,
1.0,562.985,563.187,909.7999877929688,506.20001220703125,908.0999755859375,431.0,440.20001220703125,201.99999999999818,75.21922545095572,active,
1.0,563.654,563.707,900.2000122070312,428.1000061035156,497.0,462.29998779296875,234.8000030517578,52.99999999999727,404.6478575147891,active,
1.0,564.366,564.406,520.7000122070312,462.3999938964844,792.2999877929688,388.79998779296875,254.89999389648438,39.99999999996362,281.39564253328336,active,
1.0,564.682,564.704,776.5999755859375,392.3999938964844,903.5999755859375,404.1000061035156,146.1999969482422,21.999999999934516,127.53779943861616,active,
1.0,565.116,565.133,910.5999755859375,420.29998779296875,977.2999877929688,418.1000061035156,90.0999984741211,17.00000000005275,66.73628359335008,active,
1.0,565.358,565.39,967.4000244140625,421.1000061035156,1154.4000244140625,489.0,170.6999969482422,32.00000000003911,198.9457442901019,active,
1.0,565.754,565.794,1151.9000244140625,509.0,896.5,401.6000061035156,179.89999389648438,39.99999999996362,277.0630454601779,active,
1.0,566.221,566.434,893.2999877929688,420.79998779296875,823.0999755859375,472.20001220703125,425.8999938964844,212.99999999996544,87.00577120877418,active,
1.0,566.613,566.634,735.5,539.4000244140625,822.9000244140625,534.5,115.80000305175781,20.999999999958163,87.53727495665564,active,
1.0,567.141,567.166,831.5999755859375,514.9000244140625,726.7000122070312,406.1000061035156,184.3000030517578,25.00000000009095,151.1338688093149,active,
1.0,567.324,567.335,689.2000122070312,403.6000061035156,657.0999755859375,391.70001220703125,60.70000076293945,11.000000000080945,34.23480985505725,active,
1.0,567.644,567.668,658.2999877929688,387.5,541.0,431.8999938964844,159.8000030517578,24.00000000000091,125.421874464698,active,
1.0,567.999,568.025,542.7000122070312,455.8999938964844,668.0,379.20001220703125,173.3000030517578,25.999999999953616,146.91144996929464,active,
1.0,568.238,568.279,667.5999755859375,391.79998779296875,967.2000122070312,365.3999938964844,276.20001220703125,40.99999999993997,300.7609376582922,active,
1.0,568.507,568.52,954.4000244140625,376.79998779296875,993.4000244140625,395.0,73.0999984741211,13.000000000033651,43.03766309101932,active,
1.0,568.806,568.883,983.5999755859375,388.5,226.6999969482422,260.70001220703125,302.70001220703125,76.99999999999818,767.6134538565792,active,
1.0,569.058,569.077,233.89999389648438,255.0,189.10000610351562,176.6999969482422,143.8000030517578,19.000000000005457,90.21047269666329,active,
1.0,569.293,569.361,192.89999389648438,163.1999969482422,977.9000244140625,110.30000305175781,359.79998779296875,67.99999999998363,786.7804377759062,active,
1.0,569.519,569.537,966.9000244140625,126.5999984741211,1006.0999755859375,186.60000610351562,100.9000015258789,18.000000000029104,71.67033617477168,active,
1.0,570.014,570.065,1018.7000122070312,187.10000610351562,1350.0,634.2000122070312,306.3999938964844,51.000000000044565,556.4693139512591,active,
1.0,570.326,570.333,1348.9000244140625,631.5999755859375,1370.300048828125,627.9000244140625,50.599998474121094,6.999999999948159,21.71752019906348,active,
1.0,570.738,570.747,826.4000244140625,525.5999755859375,846.0,517.5,42.900001525878906,8.999999999900865,21.207749702930048,,
1.0,571.515,571.698,619.2000122070312,228.89999389648438,827.0,484.79998779296875,345.6000061035156,182.99999999999272,329.6447205750135,active,
1.0,571.905,571.916,821.2000122070312,499.20001220703125,838.5,528.0999755859375,59.20000076293945,11.000000000080945,33.68230189489712,active,
1.0,572.242,572.262,835.4000244140625,526.5999755859375,735.2000122070312,547.5,126.69999694824219,19.99999999998181,102.35650182962301,active,
1.0,572.501,572.51,725.2999877929688,564.0999755859375,727.0999755859375,593.7999877929688,62.0,9.000000000014552,29.754506904881517,active,
1.0,572.741,572.788,730.5,596.9000244140625,987.9000244140625,298.70001220703125,293.70001220703125,47.000000000025466,393.92641425605564,active,
1.0,573.181,573.202,970.7000122070312,278.79998779296875,905.2999877929688,354.8999938964844,145.89999389648438,20.999999999958163,100.34128822331856,active,
1.0,573.563,573.578,915.0999755859375,347.6000061035156,966.2000122070312,348.8999938964844,68.4000015258789,14.999999999986358,51.116569827591036,active,
1.0,573.773,573.788,964.0,350.0,902.7000122070312,337.79998779296875,86.9000015258789,14.999999999986358,62.50223037036222,active,
1.0,573.964,574.025,905.0,346.5,417.6000061035156,574.5999755859375,239.3000030517578,60.99999999992178,538.1341402592835,active,
1.0,574.214,574.23,428.79998779296875,576.5,486.3999938964844,573.2000122070312,99.5,15.99999999996271,57.69445920154534,active,
1.0,574.549,574.57,488.0,578.2000122070312,459.29998779296875,667.5,104.30000305175781,21.00000000007185,93.79860617572156,active,
1.0,574.801,574.837,471.20001220703125,675.9000244140625,308.29998779296875,460.8999938964844,228.1999969482422,35.99999999994452,269.74326882549207,active,
1.0,575.439,575.498,286.5,468.70001220703125,793.5,537.7000122070312,324.79998779296875,59.000000000082764,511.67372416413957,active,
1.0,575.676,575.693,801.4000244140625,542.2000122070312,844.7999877929688,505.70001220703125,88.0,16.999999999939064,56.70808426750461,active,
1.0,576.237,576.244,837.2000122070312,514.4000244140625,818.4000244140625,514.5999755859375,44.400001525878906,7.000000000061846,18.801051073993396,active,
1.0,576.455,576.516,818.7999877929688,521.2999877929688,411.79998779296875,659.2999877929688,188.1999969482422,60.99999999992178,429.7592349211358,active,
1.0,576.712,576.732,403.1000061035156,653.7999877929688,316.3999938964844,589.5,154.89999389648438,19.99999999998181,107.9415607950677,active,
1.0,576.958,576.965,271.1000061035156,577.5,269.29998779296875,559.0,44.79999923706055,7.000000000061846,18.587363070599984,active,
1.0,577.445,577.501,262.5,557.2000122070312,820.2999877929688,663.7000122070312,287.6000061035156,55.99999999992633,567.8759339695918,active,
1.0,577.82,577.863,814.4000244140625,668.0999755859375,1152.9000244140625,575.0999755859375,259.29998779296875,43.00000000000637,351.04308852333213,active,
1.0,578.467,578.509,1130.5,563.5,855.9000244140625,506.3999938964844,216.3000030517578,42.00000000003001,280.4738085611899,active,
1.0,579.093,579.108,848.2999877929688,482.1000061035156,788.0,471.29998779296875,88.19999694824219,14.999999999986358,61.25952108317799,active,
1.0,579.416,579.47,752.5,468.79998779296875,328.3999938964844,292.3999938964844,248.89999389648438,53.999999999973625,459.3231683941947,active,
1.0,579.754,579.826,302.5,268.0,736.7000122070312,853.4000244140625,292.1000061035156,72.00000000000273,728.8503544518388,active,
1.0,580.02,580.046,738.7999877929688,840.4000244140625,747.9000244140625,681.5999755859375,198.10000610351562,26.000000000067303,159.06057391547452,active,
1.0,580.196,580.209,745.0,693.0999755859375,705.7999877929688,708.9000244140625,75.0,12.999999999919964,42.26443540380651,active,
1.0,580.451,580.647,725.7999877929688,709.2000122070312,817.7000122070312,478.79998779296875,377.6000061035156,196.00000000002638,248.05198192577677,active,
1.0,581.422,581.469,817.7000122070312,482.70001220703125,1169.699951171875,400.3999938964844,245.8000030517578,47.000000000025466,361.49308436700426,active,
1.0,581.927,582.009,1141.0,408.20001220703125,386.79998779296875,556.4000244140625,241.39999389648438,81.99999999999363,768.6227306235812,active,
1.0,582.313,582.403,395.20001220703125,560.5,1061.5,226.10000610351562,227.8000030517578,90.00000000003183,745.505888407918,active,
1.0,582.968,583.011,1038.199951171875,223.3000030517578,854.2000122070312,298.1000061035156,116.80000305175781,43.00000000000637,198.622803312231,active,
1.0,583.179,583.189,844.5999755859375,348.20001220703125,809.9000244140625,355.20001220703125,65.0999984741211,9.999999999990905,35.39896342169512,active,
1.0,583.213,583.404,761.0999755859375,370.5,659.0,240.1999969482422,446.6000061035156,191.00000000003092,165.53699227042011,active,
1.0,583.756,583.796,756.7000122070312,463.20001220703125,943.0999755859375,219.6999969482422,211.89999389648438,40.00000000007731,306.65486100612867,active,
1.0,584.072,584.127,956.5,223.6999969482422,526.4000244140625,566.5,279.0,54.99999999994998,549.9980282612922,active,
1.0,584.426,584.464,542.5,567.5,279.6000061035156,439.8999938964844,236.5,38.000000000010914,292.2296500158544,active,
1.0,584.768,584.843,278.79998779296875,428.6000061035156,1025.800048828125,232.39999389648438,307.6000061035156,74.99999999993179,772.3364137321031,active,
1.0,584.988,585.002,1033.800048828125,234.3000030517578,978.5999755859375,239.39999389648438,88.19999694824219,13.999999999896318,55.435169275101515,active,
1.0,585.746,585.771,975.7000122070312,277.8999938964844,889.9000244140625,362.6000061035156,112.4000015258789,24.999999999977263,120.56421514340326,active,
1.0,586.157,586.189,825.7000122070312,419.3999938964844,745.2999877929688,575.2000122070312,155.6999969482422,31.99999999992542,175.32201696121507,active,
1.0,586.452,586.743,746.0,580.2999877929688,1235.0999755859375,759.9000244140625,204.1999969482422,291.00000000005366,521.0325894533497,active,
1.0,587.123,587.174,1221.5999755859375,736.5,1081.9000244140625,416.0,207.8000030517578,50.99999999993088,349.623120456048,active,
1.0,587.405,587.444,1041.5,380.20001220703125,769.2000122070312,371.3999938964844,216.0,38.99999999998727,272.4421473897108,active,
1.0,588.014,588.034,763.4000244140625,392.29998779296875,824.4000244140625,449.8999938964844,126.80000305175781,19.99999999998181,83.89732238352448,active,
1.0,588.47,588.491,822.7999877929688,464.1000061035156,722.7000122070312,431.20001220703125,125.0,20.999999999958163,105.3679966151677,active,
1.0,588.769,588.948,709.5999755859375,446.0,621.2999877929688,282.5,418.1000061035156,178.99999999997362,185.82017609570397,active,
1.0,589.423,589.497,609.0999755859375,277.79998779296875,902.7000122070312,699.9000244140625,214.3000030517578,73.99999999995543,514.1686711765277,active,
1.0,589.689,589.712,871.5,685.5,986.7000122070312,654.0,129.60000610351562,23.000000000024556,119.42902834947687,active,
1.0,589.877,589.92,989.7000122070312,641.4000244140625,1177.199951171875,382.70001220703125,233.39999389648438,43.00000000000637,319.5026188120189,active,
1.0,590.217,590.333,1167.5,334.20001220703125,410.3999938964844,264.79998779296875,176.0,115.99999999998545,760.2741496530156,active,
1.0,590.487,590.673,343.0,386.70001220703125,414.6000061035156,435.8999938964844,433.20001220703125,186.00000000003547,86.87461696183757,active,
1.0,591.206,591.226,786.2999877929688,493.3999938964844,709.2000122070312,473.8999938964844,98.30000305175781,19.99999999998181,79.52770734374378,active,
1.0,591.541,591.567,686.5,483.6000061035156,654.7999877929688,402.70001220703125,93.69999694824219,25.999999999953616,86.88900843246596,active,
1.0,592.328,592.379,662.0999755859375,284.79998779296875,819.7000122070312,424.29998779296875,108.5999984741211,51.000000000044565,210.4709517795035,active,
1.0,593.041,593.059,829.5,425.1000061035156,750.2999877929688,402.3999938964844,107.19999694824219,17.999999999915417,82.38890998061126,active,
1.0,593.404,593.471,741.4000244140625,397.29998779296875,277.70001220703125,631.2999877929688,249.10000610351562,67.00000000000728,519.397440618262,active,
1.0,593.78,593.88,275.79998779296875,646.2999877929688,270.70001220703125,66.19999694824219,280.29998779296875,100.00000000002274,580.1224087457999,active,
1.0,594.089,594.163,236.6999969482422,84.0,1024.5,113.5999984741211,255.6999969482422,73.99999999995543,788.355887095427,active,
1.0,594.377,594.427,1038.800048828125,153.60000610351562,1219.0,336.8999938964844,215.3000030517578,50.00000000006821,257.04261889275995,active,
1.0,594.705,594.766,1216.699951171875,341.5,697.5999755859375,444.79998779296875,226.5,60.99999999992178,529.278444801362,active,
1.0,595.495,595.513,697.5,460.20001220703125,778.9000244140625,456.6000061035156,111.9000015258789,18.000000000029104,81.47959265089217,active,
1.0,595.963,596.006,801.7999877929688,446.5,1044.0,579.2999877929688,229.5,43.00000000000637,276.21854150454624,active,
1.0,596.168,596.206,1032.5,572.7999877929688,1302.4000244140625,395.3999938964844,223.3000030517578,38.000000000010914,322.98108460587014,active,
1.0,596.531,596.544,1304.300048828125,353.5,1266.800048828125,372.79998779296875,68.19999694824219,13.000000000033651,42.17510555776645,active,
1.0,596.79,596.835,1264.5,380.3999938964844,1064.199951171875,113.5999984741211,241.8000030517578,45.00000000007276,333.62006402181856,active,
1.0,597.383,597.427,1052.0,102.9000015258789,762.2000122070312,111.30000305175781,226.39999389648438,43.99999999998272,289.9217014133982,active,
1.0,597.571,597.638,765.0999755859375,107.19999694824219,238.6999969482422,215.8000030517578,250.1999969482422,67.00000000000728,537.4857196572293,active,
1.0,597.888,597.947,260.0,238.3000030517578,614.4000244140625,559.4000244140625,234.0,58.99999999996908,478.23069853739065,active,
1.0,598.164,598.204,609.7999877929688,565.7999877929688,891.7999877929688,641.7999877929688,288.20001220703125,39.99999999996362,292.0616373302047,active,
1.0,598.687,598.706,865.0999755859375,669.7999877929688,815.5,628.2000122070312,74.4000015258789,19.000000000005457,64.73573624263643,active,
1.0,598.738,599.008,750.4000244140625,593.7999877929688,677.7999877929688,513.2999877929688,388.5,269.9999999999818,108.40210015209186,active,
1.0,599.275,599.296,692.0999755859375,540.2000122070312,790.2999877929688,500.70001220703125,115.4000015258789,21.00000000007185,105.84655118359353,active,
1.0,599.547,599.571,807.5999755859375,506.5,681.7999877929688,473.79998779296875,140.0,24.00000000000091,129.98048979385746,active,
1.0,599.767,599.784,620.5999755859375,485.3999938964844,583.0999755859375,543.2000122070312,96.80000305175781,16.999999999939064,68.89914452806765,active,
1.0,599.996,600.037,589.4000244140625,546.5999755859375,318.6000061035156,561.2999877929688,190.0,41.00000000005366,271.19870994508693,active,
1.0,600.236,600.248,322.8999938964844,564.9000244140625,363.20001220703125,564.5,63.0,12.000000000057298,40.30200361473682,active,
1.0,600.504,600.581,369.79998779296875,568.5999755859375,1251.800048828125,562.5999755859375,301.79998779296875,76.99999999999818,882.0204689609076,active,
1.0,601.152,601.206,1217.4000244140625,549.0,814.7000122070312,515.7999877929688,218.3000030517578,53.999999999973625,404.06625773762664,active,
1.0,601.944,602.139,814.5,515.0999755859375,784.0,408.3999938964844,53.29999923706055,195.00000000005002,110.97358285884813,active,
1.0,602.36,602.39,760.7000122070312,395.20001220703125,843.0999755859375,232.10000610351562,200.3000030517578,29.999999999972715,182.7330456042692,active,
1.0,602.912,602.969,841.0,275.1000061035156,1179.5999755859375,577.5999755859375,249.5,57.00000000001637,454.0442434429311,active,
1.0,603.394,603.473,1156.5,559.2000122070312,624.2000122070312,443.79998779296875,181.1999969482422,78.99999999995089,544.6654410178426,active,
1.0,604.019,604.275,1156.5,559.2000122070312,624.2000122070312,443.79998779296875,0.0,255.9999999999718,544.6654410178426,active,
1.0,604.466,604.482,744.7000122070312,487.8999938964844,798.2999877929688,519.4000244140625,96.30000305175781,15.99999999996271,62.170807501764436,active,
1.0,604.886,604.932,798.2000122070312,514.9000244140625,535.0,410.70001220703125,145.6999969482422,46.00000000004911,283.0757654228402,active,
1.0,605.102,605.121,494.70001220703125,417.79998779296875,581.4000244140625,447.79998779296875,116.19999694824219,19.000000000005457,91.74362166766346,active,
1.0,605.387,605.407,592.5999755859375,461.79998779296875,606.2999877929688,558.4000244140625,132.3000030517578,20.000000000095497,97.56668186255726,active,
1.0,606.064,606.105,582.0,573.7000122070312,902.0,650.2000122070312,244.89999389648438,41.00000000005366,329.01709682021084,active,
1.0,606.268,606.286,901.5999755859375,657.0999755859375,984.2999877929688,683.0,113.19999694824219,17.999999999915417,86.66085208265697,active,
1.0,606.44,606.486,988.0999755859375,697.0,1354.199951171875,409.3999938964844,264.5,45.999999999935426,465.55660841058443,active,
1.0,606.749,606.767,1359.5999755859375,380.3999938964844,1305.0,329.0,107.5999984741211,18.000000000029104,74.98744365921272,active,
1.0,606.873,606.933,1300.4000244140625,331.79998779296875,740.7999877929688,397.6000061035156,240.5,59.99999999994543,563.4552718681384,active,
1.0,607.114,607.169,730.2000122070312,403.0,242.8000030517578,482.6000061035156,260.0,54.99999999994998,493.8571958534576,active,
1.0,607.61,607.668,254.1999969482422,484.8999938964844,810.7999877929688,473.29998779296875,315.20001220703125,57.999999999992724,556.7208546030508,active,
1.0,607.945,607.96,814.0,469.20001220703125,780.4000244140625,488.3999938964844,62.900001525878906,14.999999999986358,38.6988069099156,active,
1.0,608.74,608.782,819.0,484.1000061035156,1201.9000244140625,448.70001220703125,327.0,42.00000000003001,384.53294821661353,active,
1.0,608.998,609.008,1182.5999755859375,469.8999938964844,1168.800048828125,502.0,65.30000305175781,9.999999999990905,34.940640669093774,active,
1.0,609.676,609.806,1160.300048828125,527.9000244140625,1176.0,483.79998779296875,216.6999969482422,129.99999999999545,46.81134154006985,active,
1.0,610.218,610.276,1166.300048828125,495.6000061035156,790.7000122070312,837.7999877929688,245.3000030517578,57.999999999992724,508.11043580901685,active,
1.0,610.441,610.485,790.7000122070312,831.0999755859375,1225.5,841.5,313.3999938964844,43.99999999998272,434.9243496202286,active,
1.0,610.718,610.735,1210.0,844.9000244140625,1145.0999755859375,845.5999755859375,108.19999694824219,17.00000000005275,64.903798814776,active,
1.0,611.09,611.446,1147.0999755859375,846.7000122070312,303.70001220703125,257.29998779296875,908.7999877929688,355.99999999999454,1028.939204718548,active,
1.0,611.702,611.736,530.2999877929688,482.6000061035156,683.0999755859375,508.5,188.10000610351562,33.999999999991815,154.97950171996723,active,
1.0,612.105,612.127,700.2000122070312,522.9000244140625,804.5999755859375,575.4000244140625,150.60000610351562,21.999999999934516,116.85718785559135,active,
1.0,612.479,612.526,806.2000122070312,594.0999755859375,346.6000061035156,716.5,297.29998779296875,46.99999999991178,475.61952397574544,active,
1.0,612.668,612.709,339.3999938964844,720.2999877929688,670.0,485.79998779296875,277.1000061035156,40.99999999993997,405.32285160800467,active,
1.0,613.109,613.13,686.7000122070312,452.6000061035156,806.0,497.29998779296875,199.60000610351562,20.999999999958163,127.39927570610415,active,
1.0,613.944,613.968,801.2999877929688,507.29998779296875,903.7999877929688,515.9000244140625,123.0999984741211,24.00000000000091,102.86015083541416,active,
1.0,614.175,614.206,889.0999755859375,495.20001220703125,980.4000244140625,324.29998779296875,214.8000030517578,31.000000000062755,193.7589153064838,active,
1.0,614.448,614.483,965.0999755859375,360.79998779296875,838.5999755859375,557.2000122070312,199.39999389648438,34.99999999996817,233.6133977105002,active,
1.0,614.687,614.841,831.9000244140625,573.7000122070312,840.5999755859375,503.0,48.20000076293945,153.99999999999636,71.23328489173707,active,
1.0,615.094,615.106,830.7000122070312,503.79998779296875,797.0999755859375,518.9000244140625,62.099998474121094,11.999999999943611,36.837122131040765,active,
1.0,616.029,616.069,816.5999755859375,532.2999877929688,1034.5,577.5,166.6999969482422,39.99999999996362,222.5386747133289,active,
1.0,616.205,616.255,1012.7000122070312,569.9000244140625,609.7000122070312,697.0999755859375,304.20001220703125,49.999999999954525,422.5977136451727,active,
1.0,616.564,616.591,635.4000244140625,682.5999755859375,649.4000244140625,826.7000122070312,170.39999389648438,27.000000000043656,144.7785224202836,active,
1.0,616.764,616.773,641.9000244140625,819.0,622.2000122070312,831.5,47.599998474121094,9.000000000014552,23.331105437959433,active,
1.0,617.242,617.267,619.9000244140625,841.0999755859375,591.5999755859375,636.2000122070312,248.6999969482422,25.00000000009095,206.84508153773294,active,
1.0,617.659,617.715,579.2000122070312,592.7999877929688,1103.800048828125,515.0,313.29998779296875,56.00000000004002,530.3376627427464,active,
1.0,617.97,617.991,1082.9000244140625,518.5,993.5999755859375,564.4000244140625,133.1999969482422,20.999999999958163,100.40573171844844,active,
1.0,618.157,618.201,987.0999755859375,561.4000244140625,1404.4000244140625,558.0999755859375,309.20001220703125,43.99999999998272,417.31309717551824,active,
1.0,618.467,618.766,1391.5,578.0999755859375,734.2999877929688,584.9000244140625,147.0,298.9999999999782,657.2351913196576,active,
1.0,618.921,618.942,725.7999877929688,604.0,800.5,535.7999877929688,141.3000030517578,20.999999999958163,101.15005431916401,active,
1.0,619.704,619.742,811.2999877929688,541.0,1122.5999755859375,483.1000061035156,289.8999938964844,38.000000000010914,316.63874003841573,active,
1.0,620.145,620.191,1108.199951171875,478.6000061035156,769.0999755859375,507.70001220703125,182.0,46.00000000004911,340.34629981477406,active,
1.0,620.711,620.718,809.2000122070312,524.5,826.0,524.7999877929688,41.5,6.999999999948159,16.802665934899416,,
1.0,620.908,620.918,826.0,527.0,795.0,525.5,58.599998474121094,9.999999999990905,31.03626910567699,active,
1.0,621.079,621.091,793.4000244140625,522.0999755859375,826.2000122070312,524.0,54.5,12.000000000057298,32.85497362642272,active,
1.0,621.366,621.373,823.5,520.5,807.0,520.2999877929688,40.79999923706055,7.000000000061846,16.501212224650693,active,
1.0,621.553,621.569,810.2000122070312,527.4000244140625,856.0,547.9000244140625,66.0999984741211,15.99999999996271,50.178569946104346,active,
1.0,621.632,621.682,878.7000122070312,573.9000244140625,1099.0999755859375,651.5999755859375,132.39999389648438,50.00000000006821,233.6951567096224,active,
1.0,621.808,621.964,1066.4000244140625,677.5999755859375,1049.9000244140625,703.5,73.0999984741211,156.00000000006276,30.709302575099837,active,
1.0,622.313,622.335,766.9000244140625,468.79998779296875,811.0999755859375,359.79998779296875,154.8000030517578,22.000000000048203,117.6207281204981,active,
1.0,622.583,622.597,800.0999755859375,359.70001220703125,763.0,375.8999938964844,58.599998474121094,14.000000000010004,40.48268265833892,active,
1.0,622.777,622.799,755.7000122070312,380.79998779296875,814.2000122070312,477.6000061035156,157.3000030517578,21.999999999934516,113.10390596669157,active,
1.0,623.146,623.203,811.5999755859375,486.20001220703125,1307.699951171875,365.0,264.20001220703125,57.00000000001637,510.6903452537088,active,
1.0,623.902,624.211,1276.0,390.29998779296875,759.2999877929688,463.6000061035156,426.8999938964844,308.9999999999691,521.87335178094,active,
1.0,624.511,624.534,771.7000122070312,483.70001220703125,716.4000244140625,568.2000122070312,96.5999984741211,23.000000000024556,100.9868241400951,active,
1.0,624.798,624.852,718.4000244140625,555.2000122070312,268.29998779296875,498.3999938964844,259.70001220703125,53.999999999973625,453.6697973707181,active,
1.0,625.173,625.196,266.6000061035156,501.1000061035156,133.5,464.6000061035156,180.39999389648438,23.000000000024556,138.01399068484287,active,
1.0,625.425,625.502,98.4000015258789,472.70001220703125,883.0999755859375,538.9000244140625,275.5,76.99999999999818,787.4874544436043,active,
1.0,625.884,625.94,935.0999755859375,544.0,706.5999755859375,367.79998779296875,135.8000030517578,56.00000000004002,288.5458270392382,active,
1.0,626.273,626.47,655.0999755859375,389.6000061035156,661.2999877929688,421.8999938964844,50.20000076293945,197.00000000000273,32.88965434286695,active,
1.0,626.672,626.729,162.60000610351562,381.29998779296875,690.5999755859375,464.6000061035156,270.79998779296875,57.00000000001637,534.5305050452929,active,
1.0,627.095,627.115,713.0,479.3999938964844,771.0,543.9000244140625,125.30000305175781,19.99999999998181,86.74245752091942,active,
1.0,627.334,627.353,760.9000244140625,539.9000244140625,677.5,521.7999877929688,126.30000305175781,19.000000000005457,85.34152212112903,active,
1.0,627.527,627.773,665.0,555.0,1067.5999755859375,521.7999877929688,152.60000610351562,245.9999999999809,403.96655944811135,active,
1.0,627.934,627.968,1057.5,524.2000122070312,1331.5,539.0999755859375,235.3000030517578,33.999999999991815,274.40482668621695,active,
1.0,628.386,628.469,1329.300048828125,542.9000244140625,698.5,491.29998779296875,210.6999969482422,83.00000000008367,632.906995838143,active,
1.0,628.68,628.719,691.9000244140625,497.0,329.1000061035156,501.1000061035156,287.0,39.000000000100954,362.8231846728955,active,
1.0,629.026,629.047,309.5,494.70001220703125,197.3000030517578,522.0999755859375,167.0,21.00000000007185,115.49717446046444,active,
1.0,629.317,629.367,201.5,521.5,661.0999755859375,574.9000244140625,270.5,49.999999999954525,462.6917982480528,active,
1.0,629.707,629.864,201.5,521.5,661.0999755859375,574.9000244140625,0.0,157.0000000000391,462.6917982480528,active,
1.0,630.34,630.362,671.7000122070312,505.3999938964844,820.7000122070312,510.0,231.10000610351562,21.999999999934516,149.07098998850307,active,
1.0,631.242,631.279,842.2999877929688,498.6000061035156,608.0999755859375,489.1000061035156,204.8000030517578,37.00000000003456,234.3926102029959,active,
1.0,631.464,631.482,614.9000244140625,490.5,602.4000244140625,413.8999938964844,98.30000305175781,17.999999999915417,77.61321366274322,active,
1.0,631.67,631.704,593.0,406.8999938964844,527.9000244140625,255.1999969482422,139.89999389648438,33.999999999991815,165.07845375876994,active,
1.0,631.894,631.901,521.4000244140625,251.6999969482422,539.0999755859375,254.3000030517578,41.79999923706055,6.999999999948159,17.88989388523805,active,
1.0,632.229,632.244,523.5999755859375,257.29998779296875,509.79998779296875,303.5,65.69999694824219,14.999999999986358,48.21701764953866,active,
1.0,632.542,632.599,508.5,305.8999938964844,978.5999755859375,438.29998779296875,256.70001220703125,57.00000000001637,488.3889284470811,active,
1.0,632.786,632.805,965.5,439.79998779296875,887.4000244140625,451.5,104.80000305175781,19.000000000005457,78.97149151541151,active,
1.0,633.473,633.491,882.0,467.3999938964844,807.7999877929688,463.29998779296875,117.30000305175781,18.000000000029104,74.31320112585954,active,
1.0,634.106,634.12,779.2999877929688,473.5,750.0999755859375,472.5,42.79999923706055,14.000000000010004,29.21713046982496,active,
1.0,634.324,634.385,737.7000122070312,476.8999938964844,247.39999389648438,491.3999938964844,226.6999969482422,61.00000000003547,490.5143809872679,active,
1.0,634.818,634.879,262.70001220703125,487.0,733.0,478.0,218.5,61.00000000003547,470.38609515808025,active,
1.0,635.14,635.165,729.4000244140625,477.6000061035156,913.2999877929688,481.6000061035156,243.0,24.999999999977263,183.94346014676103,active,
1.0,637.064,637.101,893.5999755859375,481.79998779296875,1118.5,549.2999877929688,169.0,37.00000000003456,234.8111389637338,active,
1.0,638.058,638.136,1083.300048828125,572.2000122070312,351.29998779296875,396.20001220703125,277.5,77.99999999997453,752.8612683326674,active,
1.0,638.481,638.566,361.79998779296875,390.79998779296875,1325.9000244140625,348.5,337.6000061035156,85.00000000003638,965.0275486119967,active,
1.0,639.894,639.949,1246.300048828125,379.0,815.2999877929688,355.5,285.29998779296875,54.99999999994998,431.64024674757616,active,
1.0,640.141,640.177,820.5,357.0,777.2000122070312,139.60000610351562,185.6999969482422,36.00000000005821,221.6701294470292,active,
1.0,640.427,640.468,770.0999755859375,136.39999389648438,523.5,145.5,212.60000610351562,40.99999999993997,246.7678221933909,active,
1.0,640.747,640.806,540.5999755859375,140.60000610351562,1205.5,162.3000030517578,359.79998779296875,59.000000000082764,665.2540359391851,active,
1.0,641.766,642.044,1180.800048828125,213.1999969482422,941.7999877929688,439.1000061035156,427.1000061035156,278.00000000002,328.8644755992368,active,
1.0,642.299,642.335,936.0999755859375,465.8999938964844,753.2000122070312,536.2999877929688,206.3000030517578,36.00000000005821,195.98100863254655,active,
1.0,642.834,642.872,739.0999755859375,507.5,617.0999755859375,177.10000610351562,270.1000061035156,38.000000000010914,352.20470747393045,active,
1.0,643.201,643.241,591.5999755859375,148.6999969482422,833.7999877929688,160.1999969482422,196.3000030517578,39.99999999996362,242.47287665445404,active,
1.0,643.563,643.585,818.2000122070312,154.39999389648438,914.5,154.6999969482422,124.80000305175781,22.000000000048203,96.30045509112091,active,
1.0,643.813,643.836,902.0,156.10000610351562,1045.300048828125,169.8000030517578,185.1999969482422,23.000000000024556,143.9534435521598,active,
1.0,644.067,644.093,1052.9000244140625,183.8000030517578,1086.800048828125,301.1000061035156,139.10000610351562,25.999999999953616,122.1003782599236,active,
1.0,644.556,644.61,1086.9000244140625,316.5,712.0999755859375,611.7999877929688,268.1000061035156,53.999999999973625,477.1552780721307,active,
1.0,644.848,644.877,708.7999877929688,591.0,973.2999877929688,498.0,316.1000061035156,28.999999999996362,280.3734117208691,active,
1.0,645.23,645.53,993.7000122070312,479.3999938964844,874.2999877929688,571.5999755859375,486.6000061035156,299.9999999999545,150.85490530179723,active,
1.0,646.3,646.325,864.9000244140625,592.5999755859375,737.5,702.5,200.60000610351562,25.00000000009095,168.25213694605858,active,
1.0,647.989,648.014,727.5999755859375,711.0999755859375,594.5999755859375,644.7999877929688,173.0,24.999999999977263,148.60918000361823,active,
1.0,648.166,648.213,558.2999877929688,627.0,854.0999755859375,465.8999938964844,214.6999969482422,46.99999999991178,336.82464984747367,active,
1.0,648.542,648.785,839.2000122070312,503.8999938964844,686.0,683.2999877929688,63.0,242.99999999993815,235.91227511575815,active,
1.0,649.406,649.439,688.5,669.2000122070312,625.2000122070312,441.0,237.89999389648438,33.00000000001546,236.81666754238225,active,
1.0,649.988,650.029,626.0999755859375,430.1000061035156,843.5999755859375,381.3999938964844,203.10000610351562,40.99999999993997,222.88548896005992,active,
1.0,650.351,650.389,825.2999877929688,379.29998779296875,1068.4000244140625,369.1000061035156,238.0,38.000000000010914,243.31392773871843,active,
1.0,650.644,650.691,1048.5,366.6000061035156,802.0,362.3999938964844,185.3000030517578,47.000000000025466,246.53577854449284,active,
1.0,650.913,650.924,804.5999755859375,358.1000061035156,761.5999755859375,363.70001220703125,79.30000305175781,10.999999999967258,43.36311875729665,active,
1.0,651.443,651.463,775.4000244140625,389.1000061035156,801.4000244140625,494.5,149.60000610351562,19.99999999998181,108.55947085988834,active,
1.0,651.627,651.641,796.0999755859375,498.5,833.4000244140625,531.0,74.80000305175781,14.000000000010004,49.47265550362654,active,
1.0,652.268,652.296,819.0,533.5,746.5999755859375,346.29998779296875,175.3000030517578,28.00000000002001,200.7127502314427,active,
1.0,653.304,653.454,745.4000244140625,355.1000061035156,670.7000122070312,420.0,446.29998779296875,149.99999999997726,98.95504550802009,active,
1.0,653.725,653.752,651.7999877929688,396.0,822.4000244140625,303.1000061035156,214.89999389648438,26.99999999992997,194.25442430247338,active,
1.0,654.0,654.059,813.9000244140625,293.0,423.8999938964844,291.0,226.5,58.99999999996908,390.00515868858946,active,
1.0,654.223,654.267,433.0,291.79998779296875,772.0,335.0,258.79998779296875,44.000000000096406,341.74148278294757,active,
1.0,654.619,654.646,765.7000122070312,361.29998779296875,796.9000244140625,555.9000244140625,205.10000610351562,26.99999999992997,197.0852988293392,active,
1.0,655.651,655.72,814.0,614.5999755859375,416.8999938964844,639.5999755859375,162.3000030517578,69.00000000007367,397.88618328287316,active,
1.0,655.905,655.942,390.6000061035156,621.7000122070312,237.39999389648438,506.1000061035156,191.60000610351562,37.00000000003456,191.92083042590082,active,
1.0,656.238,656.497,243.0,505.20001220703125,1220.5999755859375,573.5,171.89999389648438,258.99999999990087,979.9829593406945,active,
1.0,656.791,656.845,1210.0,575.5999755859375,767.2999877929688,642.9000244140625,221.89999389648438,53.999999999973625,447.78633005081076,active,
1.0,657.529,657.54,809.7999877929688,518.5999755859375,844.5,523.5999755859375,62.599998474121094,10.999999999967258,35.05839196495067,,
1.0,657.704,657.712,842.7000122070312,522.4000244140625,822.5,517.4000244140625,46.29999923706055,8.000000000038199,20.809625012580394,constant,
1.0,658.18,658.19,814.2000122070312,514.2999877929688,842.5999755859375,530.5999755859375,60.400001525878906,10.000000000104592,32.745190822075635,constant,
1.0,658.876,658.896,810.2999877929688,524.4000244140625,888.0,483.5,106.0999984741211,19.99999999998181,87.8071972792875,constant,
1.0,659.122,659.147,889.5,468.29998779296875,1019.2000122070312,418.29998779296875,144.8000030517578,25.00000000009095,139.00393219799236,constant,
1.0,659.397,659.453,1039.4000244140625,406.70001220703125,1311.4000244140625,641.0,190.8000030517578,55.99999999992633,358.9992817260019,constant,
1.0,660.509,660.542,1282.0,628.2000122070312,1390.5,470.5,133.39999389648438,33.00000000001546,191.41981049540772,constant,
1.0,660.854,660.88,1375.5999755859375,441.8999938964844,1332.699951171875,253.6999969482422,228.8000030517578,25.999999999953616,193.02759115226385,constant,
1.0,661.249,661.451,1246.0,115.69999694824219,1672.699951171875,-62.400001525878906,241.39999389648438,201.99999999999818,462.3769650259001,constant,
1.0,661.481,661.525,1246.0,115.69999694824219,1672.699951171875,-62.400001525878906,0.0,43.99999999998272,462.3769650259001,constant,
1.0,661.565,661.684,1601.4000244140625,27.899999618530273,669.2000122070312,135.89999389648438,244.10000610351562,118.99999999991451,938.435326233421,constant,
1.0,662.304,662.365,674.2000122070312,183.6999969482422,186.10000610351562,216.1999969482422,205.6999969482422,61.00000000003547,489.1808111100148,constant,
1.0,662.73,662.756,198.5,230.5,366.29998779296875,201.89999389648438,162.10000610351562,25.999999999953616,170.21984682298827,constant,
1.0,663.052,663.107,404.5,204.8000030517578,710.0999755859375,368.29998779296875,173.60000610351562,54.99999999994998,346.58850253362675,constant,
1.0,663.278,663.329,721.2999877929688,381.79998779296875,792.5999755859375,836.0999755859375,292.70001220703125,50.99999999993088,459.8610302775927,constant,
1.0,663.715,663.757,793.7999877929688,819.0999755859375,1023.9000244140625,661.0,230.8000030517578,41.99999999991633,279.18028070281525,constant,
1.0,664.787,664.824,998.5999755859375,638.7000122070312,842.2999877929688,707.0,115.19999694824219,36.999999999920874,170.57131797755994,constant,
1.0,664.989,665.011,843.4000244140625,710.2999877929688,761.5,801.0999755859375,154.10000610351562,21.999999999934516,122.27940048195897,constant,
1.0,665.287,665.319,762.5,801.5,966.7999877929688,557.0999755859375,297.79998779296875,31.99999999992542,318.5433360561817,constant,
1.0,665.716,665.744,974.7000122070312,518.5,887.7999877929688,574.9000244140625,104.5999984741211,28.00000000002001,103.59815151377704,constant,
1.0,666.077,666.106,868.0999755859375,625.2999877929688,1012.7000122070312,532.0,143.6999969482422,28.999999999996362,172.087356633164,constant,
1.0,666.979,666.989,1004.0,512.7000122070312,977.0,523.2000122070312,54.70000076293945,9.999999999990905,28.96981187374195,constant,
1.0,667.66,667.678,970.7999877929688,536.2000122070312,906.0999755859375,501.6000061035156,97.5999984741211,18.000000000029104,73.37064809549737,constant,
1.0,667.944,668.001,863.7000122070312,474.3999938964844,382.70001220703125,376.8999938964844,210.6999969482422,57.00000000001637,490.7822837063294,constant,
1.0,668.367,668.408,358.29998779296875,375.8999938964844,541.7999877929688,266.70001220703125,163.5,41.00000000005366,213.53427359788614,constant,
1.0,668.567,668.583,538.2000122070312,247.6999969482422,521.5,190.0,81.5,15.99999999996271,60.06812845046989,constant,
1.0,668.765,668.842,516.0,187.89999389648438,731.0,881.0999755859375,243.0,76.99999999999818,725.7762841359988,constant,
1.0,669.325,669.605,745.5,872.2000122070312,1464.699951171875,906.0,213.8000030517578,279.9999999999727,719.9937561815603,constant,
1.0,670.206,670.243,1432.300048828125,895.5999755859375,1337.5,676.2999877929688,187.89999389648438,37.00000000003456,238.9132350955282,constant,
1.0,670.598,670.621,1303.5,638.5,1216.5999755859375,580.0999755859375,109.9000015258789,23.000000000024556,104.70041592433029,constant,
1.0,671.761,671.8,1183.9000244140625,552.5999755859375,1104.0999755859375,319.3999938964844,169.60000610351562,38.99999999998727,246.47571736974905,constant,
1.0,672.042,672.077,1013.9000244140625,238.1999969482422,1148.9000244140625,212.3000030517578,101.5,34.99999999996817,137.46202997132673,constant,
1.0,672.344,672.402,1128.800048828125,216.6999969482422,764.2999877929688,203.8000030517578,171.10000610351562,57.999999999992724,364.72826095212577,constant,
1.0,672.627,672.682,745.9000244140625,207.8000030517578,337.6000061035156,113.9000015258789,213.5,55.000000000063665,418.95836933871243,constant,
1.0,673.26,673.276,366.8999938964844,137.1999969482422,308.1000061035156,125.5999984741211,86.5,15.99999999996271,59.93328398355029,constant,
1.0,673.621,673.692,303.29998779296875,137.1999969482422,779.4000244140625,287.20001220703125,200.6999969482422,71.00000000002638,499.1705614799853,constant,
1.0,673.954,673.974,773.0,302.79998779296875,816.7999877929688,394.79998779296875,121.80000305175781,20.000000000095497,101.89425366851759,constant,
1.0,674.276,674.319,824.7999877929688,435.6000061035156,747.5999755859375,708.0,186.6999969482422,43.00000000000637,283.12823695203997,constant,
1.0,674.773,675.034,754.5999755859375,711.2000122070312,755.5,759.2000122070312,64.80000305175781,260.99999999996726,48.00843721624261,constant,
1.0,675.305,675.317,706.2000122070312,801.5999755859375,734.7999877929688,832.0,69.4000015258789,12.000000000057298,41.738712101498976,constant,
1.0,676.224,676.251,711.0,858.7999877929688,651.7000122070312,775.9000244140625,86.0,26.99999999992997,101.92591662806001,constant,
1.0,676.439,676.455,574.0,706.2000122070312,529.9000244140625,676.0999755859375,68.30000305175781,16.000000000076398,53.3930711916019,constant,
1.0,677.322,677.554,574.0,706.2000122070312,529.9000244140625,676.0999755859375,0.0,231.9999999999709,53.3930711916019,constant,
1.0,677.61,677.622,546.0999755859375,572.2000122070312,574.7999877929688,579.7000122070312,43.79999923706055,11.999999999943611,29.663794441772662,constant,
1.0,677.814,677.838,620.2000122070312,587.4000244140625,695.9000244140625,623.9000244140625,69.5999984741211,24.00000000000091,84.04012046721898,constant,
1.0,678.034,678.049,726.9000244140625,661.2999877929688,761.7999877929688,687.9000244140625,58.599998474121094,14.999999999986358,43.88131028231183,constant,
1.0,678.213,678.239,801.4000244140625,697.0999755859375,892.0999755859375,681.4000244140625,81.0,26.000000000067303,92.04873496892702,constant,
1.0,678.892,678.909,1045.300048828125,683.2000122070312,1088.699951171875,697.0999755859375,61.599998474121094,16.999999999939064,45.571487855697356,constant,
1.0,679.185,679.207,1099.0999755859375,694.4000244140625,1006.4000244140625,690.7000122070312,86.4000015258789,22.000000000048203,92.77376265733858,constant,
1.0,679.463,679.498,905.4000244140625,700.9000244140625,757.5,752.7000122070312,103.4000015258789,35.000000000081855,156.70882539612117,constant,
1.0,680.147,680.416,905.4000244140625,700.9000244140625,757.5,752.7000122070312,0.0,269.00000000000546,156.70882539612117,constant,
1.0,680.987,681.007,739.5,741.9000244140625,699.5999755859375,795.0,71.80000305175781,19.99999999998181,66.4200222483397,constant,
1.0,683.417,683.427,737.0999755859375,814.2999877929688,760.2999877929688,811.9000244140625,42.79999923706055,9.999999999990905,23.323815953365994,constant,
1.0,683.592,683.615,771.2999877929688,805.9000244140625,838.9000244140625,788.7999877929688,59.599998474121094,23.000000000024556,69.72930663369573,constant,
1.0,684.046,684.067,860.2000122070312,787.0999755859375,949.4000244140625,765.9000244140625,94.4000015258789,20.999999999958163,91.68467760440895,constant,
1.0,684.323,684.337,933.2000122070312,750.2999877929688,898.5,734.9000244140625,50.400001525878906,14.000000000010004,37.963794847719996,constant,
1.0,684.524,684.536,872.7000122070312,738.2999877929688,845.9000244140625,729.0999755859375,45.900001525878906,11.999999999943611,28.335129615246125,constant,
1.0,684.625,684.646,805.0,712.7000122070312,760.7000122070312,651.0,77.19999694824219,20.999999999958163,75.95643767848111,constant,
1.0,685.027,685.059,710.2000122070312,615.2000122070312,514.0999755859375,600.0999755859375,152.3000030517578,31.99999999992542,196.68054166274985,constant,
1.0,685.391,685.406,477.20001220703125,615.0,534.0999755859375,624.0999755859375,84.80000305175781,14.999999999986358,57.62304563441203,constant,
1.0,687.023,687.039,609.7000122070312,649.9000244140625,657.0,638.2000122070312,59.5,15.99999999996271,48.72554905652345,constant,
1.0,687.173,687.178,693.2000122070312,635.2000122070312,703.7999877929688,632.9000244140625,38.5,4.9999999999954525,10.846632024286446,constant,
1.0,687.726,687.774,864.5,575.5,1153.0,562.0,173.1999969482422,48.00000000000182,288.8156851696251,constant,
1.0,688.063,688.291,1123.699951171875,581.0,665.2000122070312,615.0999755859375,158.6999969482422,228.00000000006548,459.7662475277268,constant,
1.0,688.402,688.432,676.5,606.0,835.0,592.7000122070312,120.30000305175781,29.999999999972715,159.05703277533226,constant,
1.0,688.607,688.627,845.7999877929688,609.5,936.9000244140625,586.7999877929688,121.0,19.99999999998181,93.88560713210514,constant,
1.0,688.823,688.855,933.7999877929688,571.5,865.4000244140625,417.20001220703125,134.0,32.00000000003911,168.78104521286156,constant,
1.0,689.125,689.136,848.5999755859375,374.6000061035156,812.0999755859375,369.8999938964844,64.5999984741211,10.999999999967258,36.80136022956547,constant,
1.0,689.38,689.398,801.0999755859375,385.1000061035156,745.7999877929688,381.1000061035156,67.5,18.000000000029104,55.44446455600859,constant,
1.0,689.477,689.52,705.4000244140625,380.8999938964844,448.5,385.20001220703125,128.0,43.00000000000637,256.9360089621868,constant,
1.0,690.183,690.206,451.20001220703125,409.1000061035156,301.8999938964844,391.8999938964844,178.5,23.000000000024556,150.2875107500675,constant,
1.0,690.661,690.725,270.0,390.0,768.7000122070312,368.6000061035156,235.6999969482422,64.00000000007822,499.15895455662485,constant,
1.0,691.284,691.306,751.5,385.3999938964844,851.2999877929688,404.20001220703125,108.0,22.000000000048203,101.5552965233897,constant,
1.0,691.816,692.067,879.0,453.70001220703125,796.9000244140625,467.1000061035156,90.0999984741211,250.99999999997635,83.1863319760966,constant,
1.0,692.375,692.397,627.9000244140625,490.0,713.2000122070312,522.0,98.0999984741211,22.000000000048203,91.10481830002526,constant,
1.0,692.579,692.602,729.0,518.5999755859375,833.5,553.2000122070312,124.0,23.000000000024556,110.07911942862292,constant,
1.0,692.834,692.88,839.9000244140625,547.7000122070312,1129.5999755859375,568.0999755859375,239.60000610351562,46.00000000004911,290.41732079000985,constant,
1.0,694.199,694.208,826.2000122070312,527.4000244140625,805.7000122070312,525.7000122070312,40.099998474121094,9.000000000014552,20.570368044934327,,
1.0,694.4,694.411,804.5999755859375,527.9000244140625,838.0999755859375,528.4000244140625,58.400001525878906,10.999999999967258,33.50373113550191,,
1.0,694.788,694.993,804.5999755859375,527.9000244140625,838.0999755859375,528.4000244140625,0.0,205.00000000004093,33.50373113550191,constant,
1.0,695.186,695.195,822.7000122070312,524.0999755859375,800.5,520.0,45.099998474121094,9.000000000014552,22.575436691183185,constant,
1.0,695.413,695.418,811.5,525.7999877929688,823.2000122070312,527.4000244140625,38.900001525878906,4.9999999999954525,11.808912008882164,constant,
1.0,695.843,695.871,811.0999755859375,523.0,652.7000122070312,397.20001220703125,183.0,28.00000000002001,202.27749584951343,constant,
1.0,696.066,696.072,606.7000122070312,362.5,596.0999755859375,369.6000061035156,35.599998474121094,5.999999999971806,12.75816848291665,constant,
1.0,696.286,696.301,594.0999755859375,374.29998779296875,615.5,320.70001220703125,86.0,15.000000000100044,57.71410943379069,constant,
1.0,696.53,696.576,611.0999755859375,321.70001220703125,1013.0999755859375,355.1000061035156,282.29998779296875,46.00000000004911,403.3851256458091,constant,
1.0,696.794,696.811,1006.2000122070312,359.0,1060.0,380.20001220703125,93.0999984741211,17.00000000005275,57.826284716397446,constant,
1.0,696.971,696.98,1048.0999755859375,377.0,1025.800048828125,379.5,45.900001525878906,9.000000000014552,22.439624181429643,constant,
1.0,697.606,697.617,991.0,383.79998779296875,1031.5,387.79998779296875,73.19999694824219,10.999999999967258,40.697051490249265,constant,
1.0,697.801,697.816,1032.0999755859375,384.3999938964844,1089.0999755859375,390.20001220703125,87.4000015258789,14.999999999986358,57.29432967059375,constant,
1.0,698.129,698.137,1086.5999755859375,382.3999938964844,1110.199951171875,384.0,50.79999923706055,7.999999999924512,23.654151161860224,constant,
1.0,698.329,698.345,1101.5,378.70001220703125,1056.0,386.6000061035156,61.900001525878906,16.000000000076398,46.18073086866957,constant,
1.0,699.087,699.294,1024.199951171875,421.79998779296875,937.5999755859375,336.29998779296875,298.8999938964844,206.99999999999363,121.69554540526524,constant,
1.0,699.515,699.533,583.2000122070312,424.1000061035156,596.0999755859375,368.3999938964844,61.900001525878906,18.000000000029104,57.174298553113466,constant,
1.0,699.978,699.999,591.5,375.79998779296875,678.9000244140625,429.3999938964844,129.60000610351562,21.00000000007185,102.52670345756579,constant,
1.0,700.286,700.291,686.2000122070312,420.20001220703125,674.9000244140625,416.79998779296875,38.79999923706055,5.000000000109139,11.800419066179971,constant,
1.0,700.476,700.502,668.5,422.20001220703125,848.0999755859375,463.20001220703125,224.3000030517578,25.999999999953616,184.2203876623577,constant,
1.0,700.812,700.822,848.2999877929688,466.1000061035156,869.5999755859375,446.3999938964844,58.599998474121094,9.999999999990905,29.013444485924072,constant,
1.0,701.746,701.935,869.7999877929688,466.1000061035156,924.4000244140625,546.2000122070312,336.79998779296875,188.99999999996453,96.93902710883795,constant,
1.0,702.204,702.217,920.5,511.6000061035156,886.0999755859375,482.70001220703125,78.4000015258789,13.000000000033651,44.92851351764189,constant,
1.0,703.849,703.891,885.5999755859375,477.0,653.2000122070312,362.1000061035156,195.10000610351562,41.99999999991633,259.25229328962376,constant,
1.0,704.482,704.513,685.7999877929688,371.5,849.9000244140625,411.29998779296875,162.5,31.000000000062755,168.85751699988003,constant,
1.0,704.91,704.919,843.2999877929688,416.3999938964844,820.9000244140625,409.20001220703125,48.29999923706055,9.000000000014552,23.528665404242574,constant,
1.0,706.638,706.666,824.0999755859375,378.0,650.2999877929688,296.29998779296875,173.39999389648438,28.00000000002001,192.04511905139674,constant,
1.0,706.873,706.884,616.7000122070312,305.20001220703125,647.7999877929688,318.29998779296875,60.400001525878906,10.999999999967258,33.74637523939523,constant,
1.0,707.601,707.842,679.5,358.8999938964844,840.0,505.0,721.0999755859375,240.99999999998545,217.037927062178,constant,
1.0,708.224,708.251,833.5999755859375,493.79998779296875,944.5,568.5,138.39999389648438,26.99999999992997,133.7120310172958,constant,
1.0,709.79,709.826,898.5,572.0,1080.199951171875,494.0,143.6999969482422,36.00000000005821,197.73434768866474,constant,
1.0,710.279,710.3,1064.9000244140625,481.29998779296875,1062.0,421.70001220703125,68.19999694824219,20.999999999958163,59.67048878169597,constant,
1.0,710.678,710.691,1064.699951171875,394.20001220703125,1100.9000244140625,404.3999938964844,64.5,13.000000000033651,37.60963878056952,constant,
1.0,710.967,710.972,1100.199951171875,394.0,1113.699951171875,395.8999938964844,43.0,4.9999999999954525,13.633047231146744,constant,
1.0,711.146,711.164,1109.0,389.79998779296875,1040.0999755859375,343.0,104.4000015258789,18.000000000029104,83.29136943093464,constant,
1.0,711.478,711.485,1030.800048828125,351.0,1013.0,354.0,42.29999923706055,7.000000000061846,18.051086900340216,constant,
1.0,711.739,711.793,1020.0,347.0,608.0999755859375,321.0,217.10000610351562,53.999999999973625,412.71979612359917,constant,
1.0,711.992,712.003,632.5999755859375,320.20001220703125,603.4000244140625,335.79998779296875,59.099998474121094,11.000000000080945,33.105836142917916,constant,
1.0,712.246,712.566,615.5999755859375,369.29998779296875,389.8999938964844,254.39999389648438,828.5,320.00000000005,253.26367748264184,constant,
1.0,713.169,713.214,641.7999877929688,397.1000061035156,368.3999938964844,565.0,236.3000030517578,45.00000000007276,320.83946860234823,constant,
1.0,714.505,714.569,418.29998779296875,520.7000122070312,963.7999877929688,441.6000061035156,245.5,63.99999999996453,551.2050988203721,constant,
1.0,714.994,715.017,931.2000122070312,484.29998779296875,1053.199951171875,481.29998779296875,157.5,23.000000000024556,122.03681865496823,constant,
1.0,716.04,716.357,983.9000244140625,495.70001220703125,772.0999755859375,621.5,930.2000122070312,317.0000000000073,246.34304863808765,constant,
1.0,716.675,716.712,780.7999877929688,596.5999755859375,955.0,633.5999755859375,146.8000030517578,37.00000000003456,178.0860585585796,constant,
1.0,716.893,716.934,926.2000122070312,621.9000244140625,1102.0999755859375,660.7999877929688,173.89999389648438,40.99999999993997,180.14994939655355,constant,
1.0,717.546,717.906,1064.0,659.2000122070312,724.0999755859375,529.7000122070312,220.3000030517578,359.99999999989996,363.7337990848256,constant,
1.0,718.279,718.294,646.0,548.9000244140625,682.2000122070312,586.0999755859375,78.0999984741211,14.999999999986358,51.90642783874745,constant,
1.0,718.639,718.649,683.0999755859375,597.0,649.5,592.7999877929688,64.80000305175781,9.999999999990905,33.861459831419076,constant,
1.0,719.21,719.256,659.2000122070312,590.0999755859375,1081.699951171875,490.70001220703125,271.3999938964844,45.999999999935426,434.03519574456703,constant,
1.0,720.438,720.492,1050.199951171875,509.3999938964844,899.0999755859375,777.0,165.1999969482422,53.999999999973625,307.3124889890948,constant,
1.0,720.645,720.869,902.5999755859375,770.5999755859375,1051.5,614.4000244140625,521.7000122070312,224.00000000004638,215.8000046723923,constant,
1.0,721.754,721.806,1039.199951171875,608.2999877929688,814.2000122070312,665.7000122070312,171.10000610351562,52.00000000002092,232.20623449192396,constant,
1.0,722.101,722.132,824.4000244140625,665.2999877929688,1074.699951171875,533.2000122070312,300.20001220703125,30.99999999994907,283.0202411220293,constant,
1.0,729.145,729.325,1084.0999755859375,531.2999877929688,1056.300048828125,518.2999877929688,981.5,180.00000000006366,30.689345508494302,constant,
1.0,734.819,734.835,1037.699951171875,518.2000122070312,1097.5,510.79998779296875,83.5999984741211,16.000000000076398,60.256171477906356,constant,
1.0,735.144,735.199,1078.0,510.8999938964844,1402.5999755859375,378.79998779296875,186.8000030517578,54.99999999994998,350.4505040129634,constant,
1.0,735.344,735.371,1433.9000244140625,333.5,1509.5999755859375,201.8000030517578,166.10000610351562,26.99999999992997,151.9057991111309,constant,
1.0,735.665,735.698,1508.9000244140625,177.10000610351562,1412.0999755859375,383.1000061035156,162.6999969482422,33.00000000001546,227.60986238106508,constant,
1.0,735.913,735.925,1401.4000244140625,395.79998779296875,1444.699951171875,404.29998779296875,71.5999984741211,11.999999999943611,44.12633745544635,constant,
1.0,736.267,736.288,1420.800048828125,390.29998779296875,1319.300048828125,429.3999938964844,144.6999969482422,20.999999999958163,108.77067838942148,constant,
1.0,736.802,736.835,1310.5,436.70001220703125,1079.0,406.1000061035156,186.89999389648438,33.00000000001546,233.51361924636257,constant,
1.0,737.214,737.226,1042.699951171875,395.20001220703125,997.2999877929688,391.8999938964844,75.5999984741211,11.999999999943611,45.51974072483249,constant,
1.0,737.744,737.762,991.0999755859375,390.70001220703125,1058.5999755859375,387.8999938964844,81.80000305175781,17.999999999915417,67.55804987223505,constant,
1.0,738.09,738.1,1078.300048828125,397.3999938964844,1102.5999755859375,400.29998779296875,45.099998474121094,9.999999999990905,24.472360021761254,constant,
1.0,738.93,739.122,1093.9000244140625,409.8999938964844,967.5999755859375,482.1000061035156,595.0,192.00000000000728,145.48039076343665,constant,
1.0,739.624,739.676,954.4000244140625,479.70001220703125,590.7000122070312,366.29998779296875,218.3000030517578,52.00000000002092,380.9688496668785,constant,
1.0,740.812,741.047,638.5999755859375,362.3999938964844,531.2999877929688,406.29998779296875,1176.5,235.00000000001364,115.93315679512314,constant,
1.0,741.287,741.319,548.9000244140625,411.0,729.7000122070312,389.29998779296875,182.6999969482422,31.99999999992542,182.09757306379169,constant,
1.0,741.61,741.649,724.7999877929688,378.20001220703125,967.0999755859375,384.1000061035156,225.3000030517578,38.99999999998727,242.3718094425409,constant,
1.0,741.915,741.94,955.0,396.1000061035156,1112.5999755859375,357.70001220703125,203.8000030517578,25.00000000009095,162.21070197720658,constant,
1.0,743.519,743.582,1081.0,388.70001220703125,553.4000244140625,333.6000061035156,269.6000061035156,62.99999999998818,530.4693628390704,constant,
1.0,743.908,743.965,586.7999877929688,332.70001220703125,226.6999969482422,401.79998779296875,229.1999969482422,57.00000000001637,366.6698924541655,constant,
1.0,744.025,744.031,841.5,521.4000244140625,825.2999877929688,522.2000122070312,42.900001525878906,5.999999999971806,16.219752648448758,,
1.0,744.172,744.265,830.4000244140625,547.0,832.9000244140625,537.7000122070312,529.2999877929688,92.99999999996089,9.630149165478578,,
1.0,745.738,745.758,822.4000244140625,513.0,755.5,533.0,65.5,19.99999999998181,69.8255917740921,constant,
1.0,746.233,746.271,751.5,536.0,485.70001220703125,508.3999938964844,154.6999969482422,38.000000000010914,267.229103668849,constant,
1.0,746.601,746.64,451.70001220703125,504.5,242.39999389648438,329.79998779296875,184.10000610351562,38.99999999998727,272.62903720978096,constant,
1.0,746.989,747.049,198.89999389648438,278.1000061035156,661.2999877929688,244.3000030517578,202.0,59.99999999994543,463.63368574960947,constant,
1.0,747.217,747.283,659.0,248.0,1084.5999755859375,376.6000061035156,261.20001220703125,66.00000000003092,444.6046567328944,constant,
1.0,747.814,747.855,1077.699951171875,372.79998779296875,935.9000244140625,508.5,149.1999969482422,41.00000000005366,196.26948958386126,constant,
1.0,748.264,748.475,936.0999755859375,510.8999938964844,667.0999755859375,539.7999877929688,246.8000030517578,211.00000000001273,270.5479803051888,constant,
1.0,748.718,748.741,670.2000122070312,545.5,563.4000244140625,598.0999755859375,175.3000030517578,23.000000000024556,119.05038775333533,constant,
1.0,749.155,749.175,548.4000244140625,617.7999877929688,617.5999755859375,603.7000122070312,109.4000015258789,19.99999999998181,70.62182774265983,constant,
1.0,749.695,749.734,602.5999755859375,602.7000122070312,899.7000122070312,624.9000244140625,245.10000610351562,38.99999999998727,297.9283006064506,constant,
1.0,750.069,750.121,891.7999877929688,622.7000122070312,430.79998779296875,591.2000122070312,292.79998779296875,52.00000000002092,462.0749398095508,constant,
1.0,750.465,750.499,441.29998779296875,573.9000244140625,239.89999389648438,467.5,178.8000030517578,33.999999999991815,227.77823148145004,constant,
1.0,750.745,750.768,187.10000610351562,427.20001220703125,118.30000305175781,335.5,107.4000015258789,23.000000000024556,114.64001334041951,constant,
1.0,750.958,750.976,112.9000015258789,319.0,94.69999694824219,247.0,106.0999984741211,18.000000000029104,74.26466297389356,constant,
1.0,751.187,751.249,98.69999694824219,244.60000610351562,717.7999877929688,347.1000061035156,312.6000061035156,62.00000000001182,627.5277274064792,constant,
1.0,751.533,751.572,714.7000122070312,345.1000061035156,1028.0999755859375,459.20001220703125,221.5,38.99999999998727,333.52413471699776,constant,
1.0,752.32,752.349,1009.7000122070312,448.70001220703125,987.4000244140625,558.0,113.5999984741211,28.999999999996362,111.55167765260042,constant,
1.0,753.647,753.889,983.2999877929688,588.0999755859375,845.7999877929688,436.8999938964844,343.3999938964844,241.9999999999618,204.37143749284283,constant,
1.0,754.212,754.23,585.7000122070312,556.9000244140625,520.7000122070312,540.7000122070312,98.9000015258789,18.000000000029104,66.98836014941672,constant,
1.0,754.411,754.431,518.2000122070312,539.5999755859375,427.0,501.29998779296875,149.1999969482422,20.000000000095497,98.91577877924333,constant,
1.0,754.647,754.667,407.8999938964844,498.29998779296875,500.6000061035156,439.0,146.60000610351562,19.99999999998181,110.04444927132847,constant,
1.0,755.437,755.517,495.8999938964844,422.5,1253.5,463.5,287.20001220703125,80.00000000004093,758.7086194633924,constant,
1.0,755.651,755.675,1246.199951171875,473.70001220703125,1404.4000244140625,510.79998779296875,181.3000030517578,24.00000000000091,162.49206553647673,constant,
1.0,755.864,755.905,1428.0999755859375,526.2000122070312,1202.0,413.1000061035156,186.39999389648438,40.99999999993997,252.80983038754013,constant,
1.0,756.136,756.222,1203.9000244140625,414.6000061035156,253.89999389648438,537.2000122070312,299.5,86.00000000001273,957.8782905359018,constant,
1.0,756.515,756.535,253.89999389648438,524.0,201.10000610351562,579.2000122070312,110.30000305175781,19.99999999998181,76.38638660516708,constant,
1.0,756.799,756.81,200.60000610351562,590.0999755859375,163.1999969482422,604.4000244140625,69.30000305175781,10.999999999967258,40.04063038091803,constant,
1.0,757.192,757.251,175.3000030517578,613.5999755859375,822.7999877929688,616.2000122070312,332.20001220703125,58.99999999996908,647.5052049445621,constant,
1.0,757.603,757.645,819.2000122070312,618.2000122070312,454.3999938964844,548.7000122070312,246.3000030517578,42.00000000003001,371.3614187814552,constant,
1.0,757.914,757.927,445.79998779296875,535.0,411.0,504.6000061035156,70.0,13.000000000033651,46.20821116746526,constant,
1.0,758.183,758.207,403.3999938964844,492.3999938964844,493.29998779296875,419.5,140.10000610351562,24.00000000000091,115.74289616514434,constant,
1.0,759.321,759.516,540.2000122070312,464.3999938964844,620.0999755859375,621.0999755859375,796.0999755859375,194.99999999993634,175.89453774755344,constant,
1.0,759.677,759.693,620.2000122070312,618.7999877929688,558.2000122070312,611.2999877929688,85.69999694824219,15.99999999996271,62.45198155383062,constant,
1.0,760.138,760.15,550.0,603.7000122070312,519.5,618.0,58.599998474121094,11.999999999943611,33.6858969136797,constant,
1.0,760.451,760.464,514.5,629.5,558.4000244140625,624.5999755859375,73.5999984741211,13.000000000033651,44.17264292312259,constant,
1.0,760.769,760.778,551.7999877929688,608.0,525.2999877929688,603.4000244140625,53.599998474121094,9.000000000014552,26.896278095513903,constant,
1.0,761.041,761.07,512.2999877929688,589.0999755859375,414.5,491.1000061035156,105.0,28.999999999996362,138.45154975969194,constant,
1.0,761.538,761.556,396.79998779296875,461.79998779296875,470.3999938964844,427.0,100.80000305175781,18.000000000029104,81.41253004807253,constant,
1.0,762.057,762.118,490.8999938964844,429.5,809.7000122070312,635.5999755859375,157.1999969482422,61.00000000003547,379.6190875223861,constant,
1.0,762.89,763.166,783.5,613.7000122070312,432.5,571.0999755859375,580.2000122070312,276.0000000000673,353.5756823087789,constant,
1.0,763.783,763.81,424.0,564.7000122070312,574.7000122070312,627.2999877929688,165.3000030517578,26.99999999992997,163.1847132012044,constant,
1.0,764.076,764.083,565.0999755859375,628.9000244140625,547.2000122070312,632.7999877929688,45.0,6.999999999948159,18.319890920062672,constant,
1.0,764.44,764.446,546.2999877929688,627.2000122070312,560.7999877929688,623.7999877929688,41.70000076293945,5.999999999971806,14.893292651936342,constant,
1.0,765.113,765.391,537.9000244140625,635.0999755859375,537.9000244140625,635.0999755859375,5.300000190734863,277.9999999999063,0.0,constant,
1.0,765.457,765.482,537.5999755859375,632.9000244140625,648.7999877929688,644.9000244140625,105.5999984741211,24.999999999977263,111.8456200074187,constant,
1.0,765.801,765.843,680.9000244140625,630.0,911.7000122070312,735.2000122070312,199.10000610351562,41.99999999991633,253.64478495248832,constant,
1.0,766.759,766.789,894.5,735.5,672.4000244140625,671.7000122070312,224.10000610351562,29.999999999972715,231.0818850486922,constant,
1.0,767.119,767.132,642.5999755859375,678.7000122070312,599.5,671.5,64.80000305175781,12.999999999919964,43.69723184928088,constant,
1.0,769.433,769.449,602.0999755859375,670.4000244140625,562.0,636.4000244140625,72.19999694824219,15.99999999996271,52.573834195279915,constant,
1.0,784.515,784.525,808.7999877929688,530.5,836.7999877929688,541.2000122070312,54.599998474121094,9.999999999990905,29.974827125950497,passive,
1.0,784.684,784.692,831.9000244140625,541.9000244140625,811.5,536.2999877929688,46.79999923706055,8.000000000038199,21.15470175284769,passive,
1.0,785.262,785.323,806.2000122070312,530.4000244140625,196.6999969482422,764.5,293.6000061035156,61.00000000003547,652.9112245702325,passive,
1.0,785.485,785.502,202.60000610351562,763.0999755859375,133.39999389648438,776.7999877929688,105.0,16.999999999939064,70.54312173363239,passive,
1.0,785.674,785.747,127.9000015258789,785.7000122070312,769.9000244140625,637.7000122070312,284.20001220703125,72.99999999997908,658.8383939847679,passive,
1.0,785.996,786.033,770.4000244140625,635.5,994.7000122070312,498.20001220703125,278.1000061035156,37.00000000003456,262.9862566216632,passive,
1.0,786.218,786.266,982.5,478.1000061035156,1278.5,392.20001220703125,194.10000610351562,48.00000000000182,308.21227904062494,passive,
1.0,786.649,786.673,1249.5999755859375,383.29998779296875,1379.300048828125,362.79998779296875,130.1999969482422,24.00000000000091,131.31016335009565,passive,
1.0,787.017,787.078,1402.699951171875,333.70001220703125,998.5999755859375,351.1000061035156,150.39999389648438,60.99999999992178,404.47441211546743,passive,
1.0,787.368,787.418,937.0999755859375,357.6000061035156,697.2999877929688,516.2000122070312,158.1999969482422,49.999999999954525,287.5030366475164,passive,
1.0,787.71,787.732,696.2000122070312,515.4000244140625,816.5999755859375,510.79998779296875,138.60000610351562,21.999999999934516,120.48780651400942,passive,
1.0,787.988,788.264,823.5,525.5,714.0999755859375,499.1000061035156,227.10000610351562,275.9999999999536,112.5403261925781,passive,
1.0,788.407,788.44,589.5999755859375,606.7999877929688,746.2999877929688,582.4000244140625,125.80000305175781,33.00000000001546,158.58830990516202,passive,
1.0,788.736,788.77,752.0999755859375,564.0,958.9000244140625,551.5999755859375,213.10000610351562,33.999999999991815,207.1714768031165,passive,
1.0,788.952,788.974,946.2999877929688,550.5999755859375,1051.800048828125,518.2000122070312,145.0,22.000000000048203,110.36313019018698,passive,
1.0,790.224,790.236,1073.9000244140625,496.29998779296875,1032.800048828125,486.70001220703125,65.69999694824219,11.999999999943611,42.20624982648014,passive,
1.0,790.673,790.699,1032.0,476.0,883.2000122070312,489.6000061035156,150.3000030517578,25.999999999953616,149.4202012219342,passive,
1.0,791.307,791.566,817.0,533.0999755859375,658.5,380.0,479.29998779296875,259.00000000001455,220.3675396341636,passive,
1.0,791.796,791.82,629.7999877929688,492.79998779296875,561.4000244140625,526.5,84.0,24.00000000000091,76.25120204291714,passive,
1.0,792.073,792.084,554.5999755859375,542.7000122070312,588.9000244140625,555.2999877929688,61.900001525878906,10.999999999967258,36.541110196297815,passive,
1.0,792.253,792.29,587.9000244140625,549.0999755859375,813.9000244140625,299.6000061035156,258.0,36.999999999920874,336.63962151198047,passive,
1.0,792.465,792.501,818.0,273.79998779296875,641.2999877929688,231.10000610351562,142.3000030517578,35.99999999994452,181.78609064019344,passive,
1.0,792.663,792.72,641.5999755859375,233.1999969482422,1053.5,439.5,267.3999938964844,57.00000000001637,460.67485428603607,passive,
1.0,793.12,793.143,1039.5999755859375,449.20001220703125,947.7000122070312,495.0,127.69999694824219,23.000000000024556,102.68029095634856,passive,
1.0,794.003,794.023,896.5,506.1000061035156,840.5,507.8999938964844,61.70000076293945,19.99999999998181,56.02892071113664,passive,
1.0,794.228,794.26,818.5999755859375,515.9000244140625,984.0,357.1000061035156,214.8000030517578,32.00000000003911,229.29154779799995,passive,
1.0,794.657,794.709,968.0999755859375,351.70001220703125,729.7999877929688,470.3999938964844,113.5,51.99999999990723,266.22653856294187,passive,
1.0,795.252,795.507,725.5999755859375,527.5,731.0999755859375,531.2000122070312,258.3999938964844,254.99999999999545,6.628732181358684,passive,
1.0,795.887,795.937,660.2000122070312,621.4000244140625,1015.4000244140625,632.2999877929688,180.0,50.00000000006821,355.36721552998756,passive,
1.0,796.474,796.497,964.5999755859375,606.5999755859375,850.2000122070312,569.2000122070312,124.80000305175781,22.99999999991087,120.35825223821847,passive,
1.0,797.114,797.13,817.7000122070312,545.5,869.7999877929688,546.2000122070312,69.19999694824219,15.99999999996271,52.104678035136885,passive,
1.0,797.543,797.563,874.0,547.9000244140625,953.7999877929688,598.7999877929688,124.4000015258789,19.99999999998181,94.65117180326908,passive,
1.0,798.311,798.352,950.7999877929688,610.5,691.7999877929688,551.7000122070312,192.89999389648438,40.99999999993997,265.59073508775356,passive,
1.0,799.799,799.829,656.2000122070312,564.9000244140625,796.2999877929688,571.7000122070312,134.39999389648438,29.999999999972715,140.26490292715712,passive,
1.0,799.992,800.041,782.7000122070312,554.7999877929688,1145.300048828125,482.70001220703125,249.39999389648438,49.00000000009186,369.69878690240694,passive,
1.0,800.299,800.343,1108.0,492.8999938964844,863.5,486.6000061035156,124.30000305175781,43.99999999998272,244.58115186209986,passive,
1.0,800.926,800.95,831.9000244140625,486.6000061035156,688.9000244140625,572.5,197.89999389648438,24.00000000000091,166.8166926641817,passive,
1.0,801.271,801.292,659.5999755859375,604.2999877929688,747.5,601.0,96.0,21.00000000007185,87.9619475195185,passive,
1.0,801.58,801.618,766.7999877929688,610.2999877929688,1037.199951171875,625.2000122070312,254.10000610351562,38.000000000010914,270.8101750726023,passive,
1.0,802.279,802.296,1005.5,635.9000244140625,960.5999755859375,617.9000244140625,63.0,17.00000000005275,48.37367251288048,passive,
1.0,803.216,803.232,945.4000244140625,611.0999755859375,885.5,604.5,84.80000305175781,15.99999999996271,60.26253066823741,passive,
1.0,803.564,803.585,867.0999755859375,607.5,975.5,627.2000122070312,146.0,21.00000000007185,110.17556795372795,passive,
1.0,803.871,803.889,956.7999877929688,622.5,1001.4000244140625,621.2000122070312,54.5,18.000000000029104,44.618978415745595,passive,
1.0,804.151,804.176,995.2999877929688,614.5999755859375,864.5999755859375,537.2000122070312,149.89999389648438,25.00000000009095,151.89880684842177,passive,
1.0,804.33,804.559,734.0999755859375,537.2000122070312,735.0,537.5,12.100000381469727,228.99999999992815,0.9487025992579593,passive,
1.0,804.792,804.811,752.0,546.5999755859375,820.5,546.5,74.19999694824219,19.000000000005457,68.50007295702527,passive,
1.0,805.249,805.299,816.5999755859375,507.79998779296875,1066.699951171875,623.2999877929688,212.10000610351562,49.999999999954525,275.48184656722214,passive,
1.0,807.225,807.256,1032.199951171875,596.5,886.0,545.7000122070312,138.5,30.99999999994907,154.77423714050218,passive,
1.0,807.653,807.679,871.7999877929688,567.5999755859375,792.0,640.2999877929688,113.0,25.999999999953616,107.95058974670057,passive,
1.0,807.956,807.999,771.7999877929688,673.0,1054.0999755859375,653.7000122070312,211.60000610351562,43.00000000000637,282.95895927982036,passive,
1.0,808.331,808.354,1039.9000244140625,654.0,953.9000244140625,592.5999755859375,101.0999984741211,23.000000000024556,105.66912036185155,passive,
1.0,808.532,808.831,902.4000244140625,596.7000122070312,519.0,613.9000244140625,160.10000610351562,298.9999999999782,383.78564217623585,passive,
1.0,809.447,809.477,587.7999877929688,638.2000122070312,746.9000244140625,662.7000122070312,121.9000015258789,29.999999999972715,160.9753759207705,passive,
1.0,809.709,809.733,756.4000244140625,656.9000244140625,819.9000244140625,552.7999877929688,144.8000030517578,24.00000000000091,121.93878638281201,passive,
1.0,810.527,810.559,819.5999755859375,544.7000122070312,836.4000244140625,363.79998779296875,165.10000610351562,31.99999999992542,181.6784535205972,passive,
1.0,810.736,810.742,836.7999877929688,358.8999938964844,845.9000244140625,348.3999938964844,38.70000076293945,5.999999999971806,13.894627253195653,passive,
1.0,812.001,812.008,845.7999877929688,356.20001220703125,860.9000244140625,360.3999938964844,38.900001525878906,7.000000000061846,15.673255952421433,passive,
1.0,812.312,812.327,866.5999755859375,365.79998779296875,900.7999877929688,388.0,51.70000076293945,14.999999999986358,40.77353770466113,passive,
1.0,812.545,812.56,898.7000122070312,439.0,865.4000244140625,448.1000061035156,46.70000076293945,14.999999999986358,34.52099793018576,passive,
1.0,812.723,813.192,812.5999755859375,531.2999877929688,634.2999877929688,590.0999755859375,620.2000122070312,469.00000000005093,187.74537067908247,passive,
1.0,813.354,813.394,708.7999877929688,557.0,911.5,431.29998779296875,206.5,39.99999999996362,238.511609817171,passive,
1.0,813.652,813.692,902.7999877929688,432.79998779296875,1088.699951171875,228.1999969482422,204.5,39.99999999996362,276.441589920802,passive,
1.0,813.895,813.914,1081.0999755859375,206.60000610351562,1107.4000244140625,127.5,108.4000015258789,19.000000000005457,83.35768431247337,passive,
1.0,814.122,814.137,1115.0999755859375,115.0,1173.0,123.19999694824219,88.69999694824219,14.999999999986358,58.47779730034481,passive,
1.0,814.517,814.526,1165.0,131.89999389648438,1189.4000244140625,137.5,51.20000076293945,8.999999999900865,25.03440152602531,passive,
1.0,815.539,815.613,1185.699951171875,139.60000610351562,746.2999877929688,501.0,214.39999389648438,74.00000000006912,568.9308247983784,passive,
1.0,815.865,816.119,737.4000244140625,551.4000244140625,734.2000122070312,553.7999877929688,450.1000061035156,254.0000000000191,3.9999877931363885,passive,
1.0,816.294,816.312,854.7999877929688,529.7000122070312,781.0,541.7000122070312,90.5999984741211,18.000000000029104,74.76923296545402,passive,
1.0,816.526,816.562,784.4000244140625,552.7999877929688,598.0999755859375,494.20001220703125,140.3000030517578,36.00000000005821,195.29891277739932,passive,
1.0,816.817,816.832,551.0,465.20001220703125,548.4000244140625,408.1000061035156,83.69999694824219,14.999999999986358,57.15916873143794,passive,
1.0,817.045,817.053,552.5,365.1000061035156,573.4000244140625,360.8999938964844,45.400001525878906,8.000000000038199,21.317859251050987,passive,
1.0,817.307,817.33,590.7999877929688,355.79998779296875,673.4000244140625,391.29998779296875,86.9000015258789,23.000000000024556,89.90559520856324,passive,
1.0,817.509,817.727,803.0,544.0,680.2999877929688,531.5999755859375,438.1000061035156,217.9999999999609,123.32499179434379,passive,
1.0,817.843,817.856,700.5,535.0,734.0,536.0,54.5,13.000000000033651,33.514922049737784,passive,
1.0,818.117,818.131,770.0,537.5999755859375,801.2000122070312,519.2000122070312,55.400001525878906,14.000000000010004,36.22153246432279,passive,
1.0,819.066,819.085,805.0,527.0999755859375,871.5,532.7999877929688,70.5999984741211,19.000000000005457,66.74383970944663,passive,
1.0,819.403,819.707,888.2000122070312,539.2000122070312,781.7999877929688,506.29998779296875,172.0,303.9999999999736,111.37044851197739,passive,
1.0,819.989,820.004,795.2999877929688,517.5,844.4000244140625,528.7999877929688,70.0,14.999999999986358,50.38356200502293,passive,
1.0,820.201,820.264,855.7000122070312,529.5999755859375,336.3999938964844,476.6000061035156,234.10000610351562,62.99999999998818,521.9976108972837,passive,
1.0,820.501,820.534,320.1000061035156,484.70001220703125,335.70001220703125,271.6000061035156,195.5,33.00000000001546,213.67024311248426,passive,
1.0,820.5969999120956,820.614,722.0999755859375,244.6999969482422,722.0999755859375,244.6999969482422,0.0,17.00008790442098,0.0,,
1.0,820.708,820.725,831.7999877929688,494.8999938964844,851.7999877929688,539.5999755859375,60.400001525878906,17.00000000005275,48.97028040595076,,
1.0,821.017,821.026,848.0999755859375,550.5,824.9000244140625,541.9000244140625,49.0,8.999999999900865,24.74262141439555,,
1.0,821.242,821.263,798.5999755859375,542.5999755859375,878.0999755859375,596.4000244140625,127.4000015258789,21.00000000007185,95.99320420690536,passive,
1.0,821.482,821.546,871.5999755859375,620.5,1298.699951171875,878.5,249.3000030517578,64.00000000007822,498.97734331882083,passive,
1.0,821.753,821.967,1252.5999755859375,872.7000122070312,1248.9000244140625,875.2999877929688,35.20000076293945,213.9999999999418,4.522113634323029,passive,
1.0,822.435,822.449,833.7000122070312,540.7000122070312,789.4000244140625,536.2999877929688,66.4000015258789,14.000000000010004,44.51796416393641,passive,
1.0,822.687,822.717,781.7999877929688,542.5,576.7999877929688,537.0,175.8000030517578,29.999999999972715,205.07376721560465,passive,
1.0,823.009,823.273,493.29998779296875,587.0999755859375,493.29998779296875,587.0999755859375,5.400000095367432,264.00000000001,0.0,passive,
1.0,824.05,824.077,505.70001220703125,575.0999755859375,660.2000122070312,610.5,165.3000030517578,27.000000000043656,158.50366471635985,passive,
1.0,826.597,826.619,692.0,612.9000244140625,800.2000122070312,597.5,143.8000030517578,22.000000000048203,109.2904542654821,passive,
1.0,826.907,826.971,774.7000122070312,594.2999877929688,1136.800048828125,506.29998779296875,234.3000030517578,63.99999999996453,372.6398214375343,passive,
1.0,837.736,837.776,1096.199951171875,584.7999877929688,837.2000122070312,495.70001220703125,197.8000030517578,39.99999999996362,273.89737865340635,passive,
1.0,846.63,846.854,855.7000122070312,502.5,715.2000122070312,471.1000061035156,523.7000122070312,224.00000000004638,143.96600160002797,passive,
1.0,847.199,847.243,702.4000244140625,471.3999938964844,988.5,522.0,207.3000030517578,44.000000000096406,290.5401119431702,passive,
1.0,847.57,847.605,960.2999877929688,535.4000244140625,1157.5999755859375,548.7999877929688,184.6999969482422,34.99999999996817,197.75450488335696,passive,
1.0,848.877,848.899,1138.5,510.3999938964844,1045.9000244140625,506.8999938964844,105.0999984741211,22.000000000048203,92.66609670486947,passive,
1.0,849.041,849.089,986.0999755859375,515.7000122070312,633.7000122070312,409.6000061035156,205.1999969482422,48.00000000000182,368.02574024736435,passive,
1.0,849.327,849.529,652.5,430.5,671.7000122070312,467.5,46.70000076293945,201.99999999999818,41.68501491843501,passive,
1.0,850.052,850.1,667.4000244140625,470.0,554.7000122070312,829.2999877929688,226.1999969482422,48.00000000000182,376.5604519589019,passive,
1.0,854.782,854.803,663.2999877929688,758.9000244140625,702.0999755859375,661.5999755859375,125.5,20.999999999958163,104.75084035314482,passive,
1.0,854.828,854.896,731.5,609.2999877929688,761.4000244140625,526.4000244140625,419.3999938964844,67.99999999998363,88.12726813072972,passive,
1.0,855.146,855.176,771.5,538.0999755859375,967.7000122070312,525.2999877929688,213.3000030517578,30.000000000086402,196.6171011828304,passive,
1.0,856.542,856.558,949.5999755859375,509.20001220703125,884.7999877929688,495.3999938964844,96.4000015258789,15.99999999996271,66.2531427431207,passive,
1.0,856.713,856.765,854.0999755859375,497.20001220703125,583.0999755859375,442.6000061035156,178.8000030517578,52.00000000002092,276.4455835539862,passive,
1.0,857.062,857.297,622.2000122070312,510.20001220703125,489.70001220703125,425.8999938964844,822.9000244140625,235.00000000001364,157.04376169449884,passive,
1.0,857.429,857.483,352.6000061035156,583.5999755859375,681.2000122070312,545.7999877929688,153.39999389648438,53.999999999973625,330.7669921385432,passive,
1.0,857.656,857.676,677.7000122070312,541.7999877929688,758.9000244140625,546.2000122070312,97.5,20.000000000095497,81.31913795206125,passive,
1.0,857.722,857.741,794.0999755859375,543.9000244140625,863.9000244140625,533.5,88.9000015258789,19.000000000005457,70.57058398668478,passive,
1.0,858.011,858.033,852.5,531.9000244140625,768.5,506.6000061035156,89.0999984741211,22.000000000048203,87.7273670328365,passive,
1.0,858.303,858.325,739.9000244140625,497.0,834.0,494.79998779296875,98.9000015258789,22.000000000048203,94.1256896866372,passive,
1.0,858.47,858.628,739.9000244140625,497.0,834.0,494.79998779296875,0.0,158.00000000001546,94.1256896866372,passive,
1.0,858.903,858.918,854.9000244140625,533.0999755859375,895.2000122070312,565.2000122070312,76.0,14.999999999986358,51.52185329730473,passive,
1.0,870.212,870.248,611.0,622.2999877929688,891.0,522.7999877929688,221.5,36.00000000005821,297.15357982026734,passive,
1.0,871.909,872.147,1020.5999755859375,548.2999877929688,1020.7999877929688,547.7999877929688,67.5,238.0000000000564,0.5385210144103121,passive,
1.0,872.555,872.574,964.2999877929688,553.5999755859375,1045.699951171875,564.7999877929688,113.5999984741211,19.000000000005457,82.16686869733401,passive,
1.0,872.745,872.772,1029.0,547.4000244140625,1187.5999755859375,500.29998779296875,172.5,27.000000000043656,165.44596007629906,passive,
1.0,872.991,873.007,1213.300048828125,470.70001220703125,1225.800048828125,523.2000122070312,82.5,15.99999999996271,53.96758286230726,passive,
1.0,873.261,873.269,1220.5,531.9000244140625,1239.0,543.2999877929688,45.0,8.000000000038199,21.73037424989279,passive,
1.0,873.49,873.512,1230.0,552.0,1152.5,480.6000061035156,103.0,21.999999999934516,105.37651127465743,passive,
1.0,873.676,873.753,1103.300048828125,450.70001220703125,358.70001220703125,355.20001220703125,241.60000610351562,76.99999999999818,750.6993169945835,passive,
1.0,873.82,874.007,342.8999938964844,375.6000061035156,340.5,375.3999938964844,45.900001525878906,186.99999999989814,2.4083138470979577,passive,
1.0,874.34,874.38,465.6000061035156,518.9000244140625,379.20001220703125,714.5999755859375,169.1999969482422,39.99999999996362,213.92388794612629,passive,
1.0,875.042,875.087,418.0,682.5999755859375,807.7999877929688,543.5,307.79998779296875,44.99999999995907,413.8753842540131,passive,
1.0,876.042,876.058,806.4000244140625,542.9000244140625,862.4000244140625,577.2999877929688,93.0,15.99999999996271,65.72181890719467,passive,
1.0,876.578,876.589,850.5,572.5,833.5,547.9000244140625,57.099998474121094,11.000000000080945,29.902488171199415,passive,
1.0,876.89,876.96,829.5,545.7000122070312,381.70001220703125,420.79998779296875,187.39999389648438,70.00000000005002,464.8922941564168,passive,
1.0,877.589,877.656,420.3999938964844,423.3999938964844,1081.9000244140625,518.2999877929688,292.20001220703125,66.99999999989359,668.2726234227388,passive,
1.0,889.561,889.627,404.6000061035156,394.20001220703125,852.9000244140625,560.0,255.1999969482422,65.99999999991724,477.97755425269213,passive,
1.0,898.685,898.895,875.9000244140625,552.5999755859375,302.20001220703125,334.0,479.29998779296875,210.00000000003638,613.936196467125,passive,
1.0,904.822,904.993,637.4000244140625,472.8999938964844,588.5,589.2999877929688,975.5,171.0000000000491,126.25438989119353,passive,
1.0,909.899,910.135,642.7000122070312,594.0999755859375,1261.5,659.9000244140625,123.0999984741211,235.99999999999,622.2885755968543,passive,
1.0,910.21,910.234,1244.4000244140625,650.2999877929688,1376.5999755859375,641.0999755859375,175.6999969482422,24.00000000000091,132.5196865165914,passive,
1.0,910.425,910.445,1391.699951171875,603.0,1335.4000244140625,549.4000244140625,98.69999694824219,20.000000000095497,77.7344141017873,passive,
1.0,910.839,910.851,814.0,574.7999877929688,858.5,573.9000244140625,81.69999694824219,11.999999999943611,44.50909945262173,,
1.0,911.012,911.023,853.9000244140625,563.7000122070312,825.5999755859375,569.7999877929688,50.5,11.000000000080945,28.94999940972871,,
1.0,911.298,911.475,806.0,607.7999877929688,791.9000244140625,569.5,490.20001220703125,177.00000000002092,40.81296823885257,active,
1.0,911.674,911.683,782.7999877929688,571.0999755859375,809.5999755859375,573.0,55.79999923706055,9.000000000014552,26.86725587917954,active,
1.0,912.102,912.137,811.7000122070312,564.5999755859375,1013.0999755859375,407.3999938964844,232.60000610351562,34.99999999996817,255.4873372443127,active,
1.0,912.298,912.314,998.2000122070312,401.6000061035156,1053.300048828125,392.1000061035156,74.0,15.99999999996271,55.913004172963845,active,
1.0,912.581,912.611,1055.300048828125,384.29998779296875,1150.4000244140625,569.7999877929688,190.6999969482422,29.999999999972715,208.45684291105894,active,
1.0,912.878,912.896,1153.4000244140625,596.2000122070312,1128.800048828125,670.5999755859375,86.5999984741211,17.999999999915417,78.36142768997584,active,
1.0,913.234,913.437,1121.5999755859375,650.2999877929688,489.70001220703125,514.9000244140625,671.7999877929688,202.99999999997453,646.2435406263432,active,
1.0,913.793,913.8,509.3999938964844,508.8999938964844,494.8999938964844,493.20001220703125,48.400001525878906,6.999999999948159,21.371462866382437,active,
1.0,914.419,914.482,500.3999938964844,501.0,1066.699951171875,369.20001220703125,277.29998779296875,62.99999999998818,581.4351884710246,active,
1.0,914.824,914.836,1049.699951171875,373.1000061035156,1078.800048828125,396.70001220703125,59.29999923706055,12.000000000057298,37.46699843447913,active,
1.0,915.048,915.082,1066.0999755859375,394.70001220703125,1143.0999755859375,587.0999755859375,218.5,33.999999999991815,207.23596673406976,active,
1.0,915.357,915.374,1145.9000244140625,581.2000122070312,1120.699951171875,609.2000122070312,43.20000076293945,17.00000000005275,37.67019632828603,active,
1.0,915.729,915.736,1116.9000244140625,618.7999877929688,1135.800048828125,620.2000122070312,45.5,6.999999999948159,18.95180706983188,active,
1.0,915.981,916.104,1136.0999755859375,622.7999877929688,1126.699951171875,428.0,743.0999755859375,123.0000000000473,195.02665382743393,active,
1.0,916.326,916.348,1109.699951171875,459.6000061035156,1062.800048828125,376.20001220703125,94.0,21.999999999934516,95.68259936784179,active,
1.0,916.901,916.969,1048.5999755859375,384.3999938964844,392.20001220703125,483.70001220703125,301.5,68.00000000009732,663.8685152651121,active,
1.0,917.129,917.148,416.29998779296875,479.1000061035156,504.29998779296875,488.79998779296875,134.6999969482422,19.000000000005457,88.5329861959695,active,
1.0,917.465,917.521,484.70001220703125,487.20001220703125,1086.4000244140625,368.3999938964844,340.79998779296875,55.99999999992633,613.3158640052675,active,
1.0,917.91,918.109,1066.5999755859375,399.5,574.4000244140625,420.20001220703125,459.1000061035156,199.00000000006912,492.63503980022307,active,
1.0,918.301,918.348,568.9000244140625,431.79998779296875,810.7999877929688,540.0,155.1999969482422,46.99999999991178,264.99591492005663,active,
1.0,918.636,918.656,812.5,533.2999877929688,725.0999755859375,575.0,114.19999694824219,19.99999999998181,96.83829452053189,active,
1.0,919.016,919.053,709.7000122070312,590.9000244140625,899.2000122070312,485.8999938964844,184.60000610351562,37.00000000003456,216.64546246965878,active,
1.0,919.273,919.314,887.2000122070312,489.20001220703125,640.5,576.2000122070312,176.60000610351562,40.99999999993997,261.5910855188865,active,
1.0,919.554,919.723,648.2000122070312,609.2000122070312,638.5,562.9000244140625,463.0,168.99999999998272,47.305169975866384,active,
1.0,919.852,919.895,626.7999877929688,572.5,974.5999755859375,467.8999938964844,247.10000610351562,43.00000000000637,363.1886462785486,active,
1.0,920.031,920.077,958.2999877929688,438.5,1298.4000244140625,318.70001220703125,202.39999389648438,46.00000000004911,360.5829613069158,active,
1.0,920.536,920.741,1281.0,321.3999938964844,555.9000244140625,578.2000122070312,675.7000122070312,205.00000000004093,769.2309302147336,active,
1.0,920.915,920.945,539.0,581.7000122070312,768.7999877929688,564.7000122070312,256.1000061035156,30.000000000086402,230.42793751984283,active,
1.0,921.361,921.371,801.2000122070312,529.2999877929688,834.2000122070312,530.2000122070312,62.099998474121094,9.999999999990905,33.01227111160195,active,
1.0,921.566,921.578,827.5,503.70001220703125,793.2999877929688,524.0,66.0,11.999999999943611,39.770973578173404,active,
1.0,921.796,921.821,794.7000122070312,526.7999877929688,893.5999755859375,392.79998779296875,198.5,24.999999999977263,166.54489711891205,active,
1.0,922.089,922.154,901.0999755859375,344.20001220703125,372.6000061035156,245.3000030517578,256.29998779296875,64.99999999994088,537.6740923215791,active,
1.0,922.274,922.353,384.5,246.89999389648438,1027.0,219.8000030517578,284.79998779296875,78.99999999995089,643.0712709364213,active,
1.0,922.712,922.753,1069.699951171875,293.5,840.0999755859375,406.3999938964844,192.3000030517578,41.00000000005366,255.85651723356455,active,
1.0,922.857,923.03,842.7000122070312,434.8999938964844,425.20001220703125,557.7999877929688,661.9000244140625,173.00000000000182,435.2133482554917,active,
1.0,923.165,923.213,414.70001220703125,592.7999877929688,844.4000244140625,572.0,313.29998779296875,48.00000000000182,430.20313804400644,active,
1.0,923.915,923.977,818.0999755859375,581.0999755859375,137.6999969482422,589.4000244140625,293.3999938964844,62.00000000001182,680.450601984248,active,
1.0,924.2,924.223,138.89999389648438,600.5999755859375,258.29998779296875,528.4000244140625,165.8000030517578,22.99999999991087,139.53204467684705,active,
1.0,924.45,924.498,297.8999938964844,489.20001220703125,782.0999755859375,518.0,316.0,48.00000000000182,485.0557303701729,active,
1.0,924.763,924.804,772.2999877929688,518.7000122070312,1099.800048828125,534.5,253.10000610351562,40.99999999993997,327.88096863387636,active,
1.0,924.947,924.977,1083.800048828125,530.0,1348.300048828125,518.2000122070312,281.5,29.999999999972715,264.7630822299707,active,
1.0,925.389,925.569,1380.0999755859375,553.7999877929688,625.9000244140625,542.0,707.0999755859375,179.99999999994998,754.2922550706542,active,
1.0,925.743,925.771,604.5999755859375,556.9000244140625,798.5,590.5999755859375,203.3000030517578,27.999999999906322,196.8067737064982,active,
1.0,926.206,926.217,796.9000244140625,580.0,755.4000244140625,587.2999877929688,80.69999694824219,10.999999999967258,42.137154884703506,active,
1.0,926.426,926.45,760.0,600.2000122070312,697.7999877929688,708.7000122070312,175.39999389648438,24.00000000000091,125.0643495107812,active,
1.0,926.68,926.818,694.2000122070312,732.2999877929688,861.5,649.5,258.6000061035156,138.00000000003365,186.66848661207726,active,
1.0,926.854,926.869,866.9000244140625,624.0,856.0999755859375,681.7999877929688,90.0,14.999999999986358,58.80033710411209,active,
1.0,926.961,926.994,852.4000244140625,676.0,1096.199951171875,682.7999877929688,241.0,33.00000000001546,243.89473983892984,active,
1.0,927.336,927.386,1101.0,699.2000122070312,884.7999877929688,461.6000061035156,196.5,49.999999999954525,321.24166631791576,active,
1.0,927.73,927.749,888.0999755859375,453.29998779296875,812.5999755859375,461.6000061035156,116.69999694824219,19.000000000005457,75.95485701359337,active,
1.0,927.963,927.991,797.0,459.29998779296875,941.2999877929688,492.8999938964844,154.5,28.00000000002001,148.16020682763377,active,
1.0,929.129,929.195,896.2999877929688,477.1000061035156,565.5,561.2999877929688,159.39999389648438,66.00000000003092,341.34772423488124,active,
1.0,929.401,929.441,535.4000244140625,586.7000122070312,205.39999389648438,636.5999755859375,210.6999969482422,40.00000000007731,333.7514441718847,active,
1.0,929.776,929.909,190.1999969482422,670.0999755859375,765.4000244140625,333.0,265.79998779296875,133.0000000000382,666.7019312531801,active,
1.0,930.139,930.194,806.5,333.20001220703125,1159.4000244140625,562.4000244140625,302.79998779296875,54.99999999994998,420.79813786083844,active,
1.0,931.692,931.721,1134.5999755859375,533.0999755859375,973.7000122070312,594.0999755859375,152.39999389648438,28.999999999996362,172.0749784696583,active,
1.0,932.097,932.148,946.2000122070312,604.7999877929688,483.29998779296875,515.2000122070312,258.70001220703125,51.000000000044565,471.49187503873304,active,
1.0,932.525,932.602,461.1000061035156,517.2000122070312,1317.800048828125,539.0,334.29998779296875,76.99999999999818,856.9773641538737,active,
1.0,933.406,933.481,1273.5999755859375,525.5,717.7999877929688,524.0999755859375,192.10000610351562,75.00000000004547,555.8017510758888,active,
1.0,933.514,933.631,601.5,541.4000244140625,492.20001220703125,473.1000061035156,499.0,116.9999999999618,128.88514201708495,active,
1.0,933.654,933.67,548.2999877929688,469.20001220703125,541.9000244140625,537.7000122070312,133.10000610351562,15.99999999996271,68.79832506138024,active,
1.0,933.833,933.867,549.4000244140625,544.5999755859375,840.0,568.9000244140625,272.0,33.999999999991815,291.6141940708592,active,
1.0,934.31,934.331,828.5,555.4000244140625,738.5,568.2000122070312,106.19999694824219,21.00000000007185,90.9056636711935,active,
1.0,934.574,934.622,704.9000244140625,572.5,1133.0,664.4000244140625,315.0,48.00000000000182,437.85294744238684,active,
1.0,934.885,934.897,1112.199951171875,669.7999877929688,1065.300048828125,671.2999877929688,75.19999694824219,12.000000000057298,46.92388346943683,active,
1.0,935.111,935.133,1054.5,686.0999755859375,957.0,698.9000244140625,129.5,22.000000000048203,98.33662212015615,active,
1.0,935.395,935.415,962.7999877929688,714.7999877929688,889.5999755859375,721.4000244140625,91.4000015258789,19.99999999998181,73.49695415804183,active,
1.0,935.865,935.951,865.5,715.0999755859375,285.20001220703125,688.7999877929688,192.39999389648438,86.00000000001273,580.8956577479556,active,
1.0,936.166,936.231,277.29998779296875,676.9000244140625,869.9000244140625,368.3999938964844,339.5,64.99999999994088,668.0921135836497,active,
1.0,936.431,936.453,855.2999877929688,360.8999938964844,977.5,402.1000061035156,201.1999969482422,21.999999999934516,128.95845838586203,active,
1.0,936.771,937.045,991.0999755859375,423.3999938964844,627.7000122070312,556.0999755859375,518.2999877929688,274.0000000000009,386.8705449167352,active,
1.0,937.266,937.29,634.5999755859375,601.2000122070312,807.2999877929688,586.5999755859375,225.60000610351562,24.00000000000091,173.31605605265204,active,
1.0,937.565,937.575,818.0,571.7999877929688,801.4000244140625,596.7000122070312,55.400001525878906,9.999999999990905,29.92608235761289,active,
1.0,938.052,938.106,784.7000122070312,611.2000122070312,286.1000061035156,482.20001220703125,246.60000610351562,53.999999999973625,515.0174425069755,active,
1.0,938.273,938.339,270.70001220703125,460.5,983.2999877929688,469.20001220703125,316.79998779296875,66.00000000003092,712.6530820935816,active,
1.0,938.477,938.515,971.0999755859375,475.29998779296875,772.0,557.0,196.8000030517578,38.000000000010914,215.21080891291209,active,
1.0,938.811,938.968,759.4000244140625,572.4000244140625,372.1000061035156,414.20001220703125,523.2000122070312,156.99999999992542,418.36413331648635,active,
1.0,938.995,939.015,408.8999938964844,398.79998779296875,398.6000061035156,467.20001220703125,138.60000610351562,19.99999999998181,69.17118683656983,active,
1.0,939.216,939.263,390.79998779296875,508.3999938964844,785.5999755859375,580.2999877929688,286.8999938964844,47.000000000025466,401.29370725647163,active,
1.0,939.578,939.594,781.0999755859375,569.5999755859375,717.0,558.5999755859375,93.30000305175781,16.000000000076398,65.03696541289257,active,
1.0,939.815,939.838,696.2999877929688,556.4000244140625,842.0,524.2000122070312,190.60000610351562,22.99999999991087,149.21573088405262,active,
1.0,939.999,940.024,842.7999877929688,520.5,723.5999755859375,489.1000061035156,113.0999984741211,24.999999999977263,123.26638847169838,active,
1.0,940.46,940.618,688.7999877929688,486.79998779296875,655.7999877929688,450.29998779296875,526.5999755859375,158.00000000001546,49.20619879649311,active,
1.0,940.976,940.999,638.7999877929688,466.0,742.0999755859375,511.70001220703125,120.69999694824219,23.000000000024556,112.95741938336896,active,
1.0,941.452,941.51,771.5,523.9000244140625,1316.4000244140625,660.2000122070312,298.1000061035156,57.999999999992724,561.6882794565055,active,
1.0,941.87,941.934,1308.300048828125,688.9000244140625,658.2999877929688,555.2000122070312,276.8999938964844,63.99999999996453,663.6081468832847,active,
1.0,942.338,942.549,682.4000244140625,555.0,493.1000061035156,506.20001220703125,492.0,211.00000000001273,195.48896577803893,active,
1.0,943.047,943.094,498.3999938964844,505.79998779296875,753.4000244140625,485.6000061035156,157.89999389648438,47.000000000025466,255.79885618239192,active,
1.0,943.383,943.429,745.9000244140625,469.5,1159.5999755859375,598.7999877929688,312.3999938964844,45.999999999935426,433.4352736486425,active,
1.0,943.622,943.658,1161.5,627.7999877929688,1257.699951171875,848.5999755859375,255.10000610351562,36.00000000005821,240.8465594830997,active,
1.0,943.956,944.018,1253.9000244140625,853.2999877929688,628.0,786.4000244140625,275.79998779296875,62.00000000001182,629.46520607705,active,
1.0,944.252,944.286,637.7000122070312,799.0,358.79998779296875,753.9000244140625,231.8000030517578,33.999999999991815,282.5229750233011,active,
1.0,944.532,944.739,323.1000061035156,769.7999877929688,584.5999755859375,639.0999755859375,745.7999877929688,206.99999999999363,292.3435089585977,active,
1.0,945.336,945.362,602.0,621.2000122070312,722.7999877929688,749.0999755859375,198.6999969482422,25.999999999953616,175.9290700342242,active,
1.0,945.843,945.868,731.7000122070312,754.7000122070312,661.5,635.0,123.30000305175781,25.00000000009095,138.76647518846463,active,
1.0,946.081,946.128,598.9000244140625,590.5999755859375,995.0999755859375,498.3999938964844,302.8999938964844,47.000000000025466,406.7864770762809,active,
1.0,946.428,946.478,980.5,509.29998779296875,562.7999877929688,485.3999938964844,295.29998779296875,49.999999999954525,418.3832093978032,active,
1.0,948.286,948.328,614.7999877929688,520.9000244140625,925.2000122070312,703.0999755859375,254.10000610351562,42.00000000003001,359.92359934197736,active,
1.0,949.046,949.088,906.4000244140625,723.7999877929688,589.0,568.7000122070312,205.3000030517578,41.99999999991633,353.2687049892842,active,
1.0,949.498,949.535,540.7000122070312,531.0999755859375,858.2000122070312,410.3999938964844,245.8000030517578,36.999999999920874,339.6685672531892,active,
1.0,950.325,950.347,864.5,388.70001220703125,776.2000122070312,428.20001220703125,99.69999694824219,21.999999999934516,96.73229990152426,active,
1.0,950.93,950.958,756.4000244140625,441.5,802.2000122070312,554.7999877929688,98.0,28.00000000002001,122.20689880576691,active,
1.0,951.194,951.246,790.0,556.4000244140625,384.29998779296875,537.0,236.6999969482422,52.00000000002092,406.1635887817266,active,
1.0,951.466,951.583,422.6000061035156,560.9000244140625,1028.0,422.0,478.6000061035156,116.9999999999618,621.1299134577971,active,
1.0,951.915,951.966,1019.7999877929688,460.1000061035156,720.9000244140625,623.2999877929688,192.8000030517578,51.000000000044565,340.55164385354146,active,
1.0,952.256,952.298,719.2000122070312,630.2999877929688,1014.5999755859375,661.4000244140625,238.89999389648438,42.00000000003001,297.0325750521187,active,
1.0,952.587,952.633,996.5999755859375,666.7000122070312,701.2000122070312,583.2999877929688,210.5,46.00000000004911,306.94739359786945,active,
1.0,953.119,953.135,707.2000122070312,569.7999877929688,767.0999755859375,573.2999877929688,82.9000015258789,15.99999999996271,60.00213006880931,active,
1.0,953.531,953.556,777.2000122070312,543.7999877929688,676.5999755859375,527.7000122070312,84.30000305175781,25.00000000009095,101.88020701801301,active,
1.0,953.867,953.903,626.0,521.7999877929688,551.5,704.2999877929688,134.8000030517578,36.00000000005821,197.1205215090504,active,
1.0,954.21,954.263,549.2000122070312,716.2000122070312,1003.2999877929688,754.9000244140625,273.79998779296875,52.99999999999727,455.7460683011686,active,
1.0,954.456,954.494,983.5,767.0999755859375,1216.699951171875,789.5,162.10000610351562,38.000000000010914,234.27329835112553,active,
1.0,954.748,954.79,1200.5,786.9000244140625,914.2999877929688,703.7999877929688,200.10000610351562,41.99999999991633,298.0202393692951,active,
1.0,955.221,955.282,906.5,702.2999877929688,1009.7999877929688,403.6000061035156,189.10000610351562,61.00000000003547,316.0578531524049,active,
1.0,955.564,955.618,994.5999755859375,397.0,644.2000122070312,356.1000061035156,193.1999969482422,54.00000000008731,352.7788880257311,active,
1.0,955.803,955.844,653.4000244140625,351.29998779296875,315.29998779296875,344.8999938964844,247.10000610351562,41.00000000005366,338.1606048685446,active,
1.0,956.415,956.462,328.79998779296875,366.0,324.3999938964844,600.7999877929688,133.8000030517578,47.000000000025466,234.84121063788479,active,
1.0,957.991,958.038,341.6000061035156,598.4000244140625,773.5,587.5,275.20001220703125,47.000000000025466,432.03751603305284,active,
1.0,958.281,958.305,749.5999755859375,598.5,631.2000122070312,600.4000244140625,109.30000305175781,24.00000000000091,118.41520772645875,active,
1.0,958.519,958.569,591.7999877929688,597.0999755859375,969.2999877929688,586.5999755859375,227.1999969482422,49.999999999954525,377.6459982576275,active,
1.0,958.808,958.861,957.5999755859375,593.2999877929688,728.0999755859375,445.20001220703125,148.60000610351562,52.99999999999727,273.13705857784163,active,
1.0,960.218,960.241,728.0999755859375,397.6000061035156,755.4000244140625,504.8999938964844,110.69999694824219,23.000000000024556,110.71847201975491,active,
1.0,960.42,960.462,757.0999755859375,526.2999877929688,559.4000244140625,656.4000244140625,147.8000030517578,42.00000000003001,236.66704507001327,active,
1.0,960.701,960.748,565.9000244140625,662.7999877929688,937.7000122070312,595.5,289.3999938964844,47.000000000025466,377.8419236662145,active,
1.0,962.149,962.184,907.5999755859375,603.7000122070312,785.5,562.9000244140625,109.0,34.99999999996817,128.7363314763666,active,
1.0,962.355,962.394,769.7999877929688,549.0,476.29998779296875,472.29998779296875,217.60000610351562,38.99999999998727,303.35646008047814,active,
1.0,962.561,962.614,428.5,458.20001220703125,830.0999755859375,341.79998779296875,265.6000061035156,52.99999999999727,418.1285760076916,active,
1.0,963.715,963.947,763.7000122070312,613.0,756.5999755859375,523.0999755859375,888.0999755859375,231.9999999999709,90.17995847010523,active,
1.0,963.99,964.008,762.0,545.7000122070312,753.5,608.4000244140625,120.4000015258789,18.000000000029104,63.273545267843716,active,
1.0,964.331,964.348,747.2000122070312,612.7000122070312,790.7000122070312,643.5999755859375,64.9000015258789,16.999999999939064,53.35782732474915,active,
1.0,964.535,964.582,788.7000122070312,657.4000244140625,417.6000061035156,766.7000122070312,241.8000030517578,47.000000000025466,386.8613470761488,active,
1.0,964.818,964.888,423.79998779296875,774.4000244140625,1299.5999755859375,683.5999755859375,343.70001220703125,70.00000000005002,880.4943313192618,active,
1.0,965.191,965.237,1286.199951171875,689.7000122070312,1158.0,448.70001220703125,174.0,45.999999999935426,272.97660610475606,active,
1.0,965.559,965.613,1141.5999755859375,439.20001220703125,776.0999755859375,338.79998779296875,172.6999969482422,54.00000000008731,379.0388039532949,active,
1.0,966.062,966.091,746.5,335.70001220703125,886.4000244140625,364.20001220703125,110.30000305175781,28.999999999996362,142.7734808395988,active,
1.0,966.42,966.438,879.7999877929688,367.0,959.0999755859375,347.70001220703125,116.80000305175781,18.000000000029104,81.61481233681626,active,
1.0,966.653,966.692,975.5,340.29998779296875,842.0999755859375,477.1000061035156,139.39999389648438,38.99999999998727,191.07540795046972,active,
1.0,967.155,967.34,835.5999755859375,523.4000244140625,781.9000244140625,571.7000122070312,348.3999938964844,185.00000000005912,72.22585116606581,active,
1.0,968.117,968.167,779.5999755859375,584.2999877929688,407.0,604.2000122070312,198.8000030517578,50.00000000006821,373.13101288732554,active,
1.0,968.432,968.454,413.20001220703125,601.0999755859375,506.70001220703125,607.2999877929688,124.30000305175781,21.999999999934516,93.70533683503484,active,
1.0,968.671,968.722,497.0,599.5,990.7999877929688,489.0,315.29998779296875,50.99999999993088,506.012527457904,active,
1.0,969.674,969.838,979.0999755859375,487.0,795.5,556.7000122070312,442.0,163.99999999998727,196.38493510658387,active,
1.0,969.861,969.878,797.5,563.7999877929688,787.7000122070312,620.7999877929688,114.5,17.00000000005275,57.836318699778396,active,
1.0,971.096,971.137,809.5,608.5,531.4000244140625,575.9000244140625,208.3000030517578,40.99999999993997,280.00420502039384,active,
1.0,971.505,971.546,547.5999755859375,599.7999877929688,820.7999877929688,515.7999877929688,262.29998779296875,41.00000000005366,285.8220542049231,active,
1.0,971.634,971.774,785.7999877929688,530.7999877929688,853.0,506.79998779296875,652.7999877929688,139.99999999998636,71.35714148300188,active,
1.0,971.798,971.814,850.5999755859375,507.6000061035156,846.5999755859375,560.2999877929688,109.0999984741211,15.99999999996271,52.851566391817514,active,
1.0,972.198,972.218,845.5,548.7999877929688,763.0999755859375,529.5999755859375,109.19999694824219,19.99999999998181,84.60735483507474,active,
1.0,972.756,972.946,740.5,579.2999877929688,831.5,564.7000122070312,282.29998779296875,190.00000000005457,92.16376341659434,active,
1.0,973.361,973.405,845.0,557.5,1158.5,550.4000244140625,227.5,43.99999999998272,313.58038786461265,active,
1.0,973.783,973.802,1131.199951171875,542.2000122070312,1055.5,537.0,95.0999984741211,19.000000000005457,75.87834166860483,active,
1.0,973.975,974.014,1016.7000122070312,534.9000244140625,784.4000244140625,462.1000061035156,171.3000030517578,38.99999999998727,243.4401918226105,active,
1.0,974.327,974.55,783.7000122070312,482.5,804.0,510.29998779296875,1083.5999755859375,222.99999999995634,34.42279514629647,active,
1.0,974.584,974.601,801.5999755859375,486.20001220703125,799.0999755859375,542.0,129.89999389648438,17.00000000005275,55.85596331364684,active,
1.0,974.849,974.874,799.5,551.7000122070312,936.7000122070312,565.4000244140625,153.5,24.999999999977263,137.88231824306672,active,
1.0,975.316,975.534,953.5999755859375,609.5999755859375,799.0999755859375,519.5999755859375,985.7000122070312,217.9999999999609,178.80226508632379,active,
1.0,975.561,975.587,798.0,531.2000122070312,787.9000244140625,575.7999877929688,146.60000610351562,25.999999999953616,45.72928305913788,active,
1.0,975.806,975.819,792.5999755859375,569.4000244140625,821.7999877929688,552.0999755859375,50.20000076293945,12.999999999919964,33.94012967485957,active,
1.0,976.094,976.117,807.0999755859375,555.7000122070312,744.2999877929688,523.0,85.19999694824219,22.99999999991087,70.80345517795736,active,
1.0,976.595,976.614,724.7000122070312,520.2000122070312,812.4000244140625,533.9000244140625,126.5999984741211,19.000000000005457,88.763632618242,active,
1.0,977.022,977.183,811.0,559.2999877929688,835.2999877929688,454.1000061035156,651.0,160.99999999994452,107.9700215532057,active,
1.0,977.221,977.236,838.0,452.79998779296875,833.0999755859375,503.1000061035156,88.30000305175781,14.999999999986358,50.53812502754489,active,
1.0,977.43,977.446,843.5999755859375,495.6000061035156,798.5999755859375,475.79998779296875,60.099998474121094,16.000000000076398,49.16340839585872,active,
1.0,977.629,977.638,789.5999755859375,474.0,794.5999755859375,447.8999938964844,57.5,9.000000000014552,26.57461793899496,active,
1.0,978.093,978.128,766.7999877929688,464.79998779296875,577.7000122070312,415.6000061035156,220.3000030517578,35.000000000081855,195.39559607331145,active,
1.0,978.317,978.334,587.2000122070312,411.6000061035156,638.0999755859375,414.5,61.20000076293945,16.999999999939064,50.98250912394999,active,
1.0,978.612,978.67,650.2999877929688,413.70001220703125,1152.800048828125,760.2999877929688,316.29998779296875,57.999999999992724,610.4407050783133,active,
1.0,978.873,978.929,1163.4000244140625,770.7000122070312,723.9000244140625,501.0,249.1999969482422,55.99999999992633,515.6533201526707,active,
1.0,979.067,979.091,729.5999755859375,488.1000061035156,614.4000244140625,429.0,158.89999389648438,24.00000000000091,129.475246558707,active,
1.0,979.306,979.334,589.0,410.6000061035156,774.2999877929688,525.0999755859375,246.39999389648438,27.999999999906322,217.82178148098484,active,
1.0,979.514,979.833,788.7000122070312,559.7999877929688,819.9000244140625,489.20001220703125,642.7000122070312,318.99999999996,77.18676903753564,active,
1.0,979.857,979.874,824.5,490.29998779296875,820.7999877929688,539.0999755859375,118.19999694824219,17.00000000005275,48.9400541369345,active,
1.0,980.059,980.091,815.5,552.0,890.4000244140625,608.0999755859375,132.1999969482422,32.00000000003911,93.58002413960975,active,
1.0,980.263,980.294,901.5,608.2999877929688,735.5,480.70001220703125,186.0,30.99999999994907,209.3746731807165,active,
1.0,980.571,980.589,721.0,476.5,807.5999755859375,483.3999938964844,122.19999694824219,18.000000000029104,86.87442481683831,active,
1.0,980.817,980.843,801.7000122070312,466.8999938964844,701.7999877929688,476.79998779296875,118.69999694824219,25.999999999953616,100.38936575694017,active,
1.0,981.188,981.368,673.7000122070312,472.29998779296875,275.5,358.1000061035156,677.0999755859375,180.00000000006366,414.25220040399455,active,
1.0,981.42,981.435,294.1000061035156,347.20001220703125,284.70001220703125,406.8999938964844,118.9000015258789,14.999999999986358,60.43548377381438,active,
1.0,981.629,981.674,289.3999938964844,407.8999938964844,596.2000122070312,346.8999938964844,194.0,44.99999999995907,312.8054526944054,active,
1.0,981.863,981.888,591.7000122070312,350.0,709.9000244140625,395.0,150.60000610351562,24.999999999977263,126.47625423668404,active,
1.0,982.055,982.078,716.7999877929688,415.3999938964844,826.7000122070312,469.6000061035156,165.0,23.000000000024556,122.53838863578169,active,
1.0,982.415,982.456,845.2000122070312,468.79998779296875,640.5,459.6000061035156,159.8000030517578,41.00000000005366,204.9066486491959,active,
1.0,982.995,983.018,612.9000244140625,470.8999938964844,754.7999877929688,543.2999877929688,229.0,23.000000000024556,159.30272666576022,active,
1.0,983.476,983.482,765.2999877929688,570.7000122070312,776.0,579.0999755859375,40.400001525878906,5.999999999971806,13.603295409480156,active,
1.0,983.76,983.79,783.9000244140625,578.7000122070312,719.4000244140625,711.7000122070312,129.3000030517578,29.999999999972715,147.81491805633152,active,
1.0,984.149,984.196,728.7000122070312,706.0,1106.0999755859375,382.79998779296875,303.8999938964844,47.000000000025466,496.8792411129941,active,
1.0,984.565,984.617,1096.4000244140625,369.5,757.9000244140625,665.4000244140625,221.10000610351562,51.99999999990723,449.5987927566563,active,
1.0,984.97,985.172,753.7999877929688,683.0999755859375,400.0,501.8999938964844,533.4000244140625,201.99999999999818,397.50203109740585,active,
1.0,985.194,985.215,414.1000061035156,482.1000061035156,404.1000061035156,559.2000122070312,134.1999969482422,21.00000000007185,77.74580979809875,active,
1.0,985.384,985.426,412.79998779296875,548.7000122070312,774.7999877929688,574.2000122070312,254.5,42.00000000003001,362.8970239613436,active,
1.0,986.372,986.397,781.0999755859375,582.0999755859375,943.5999755859375,506.8999938964844,198.8000030517578,25.00000000009095,179.05665931792117,active,
1.0,986.665,986.685,1021.7000122070312,462.3999938964844,1060.199951171875,568.4000244140625,186.60000610351562,19.99999999998181,112.77522675669594,active,
1.0,987.196,987.246,1024.5,583.0,715.5,881.4000244140625,328.8999938964844,49.999999999954525,429.56207301193746,active,
1.0,987.457,987.473,719.7999877929688,874.4000244140625,724.0999755859375,817.2000122070312,68.69999694824219,15.99999999996271,57.361409427455705,active,
1.0,988.011,988.221,692.0,811.9000244140625,717.9000244140625,591.7000122070312,331.8999938964844,210.00000000003638,221.71796643624924,active,
1.0,988.379,988.388,723.7000122070312,585.7000122070312,744.7999877929688,590.5,44.099998474121094,9.000000000014552,21.63905849476376,active,
1.0,988.81,988.835,758.0,596.5,618.2000122070312,656.2999877929688,177.5,25.00000000009095,152.052869512395,active,
1.0,989.044,989.051,595.0,655.2000122070312,574.7999877929688,651.2000122070312,49.400001525878906,7.000000000061846,20.59224351944711,active,
1.0,989.8,989.842,574.2000122070312,651.7000122070312,874.4000244140625,700.0,200.6999969482422,42.00000000003001,304.06074417770975,active,
1.0,990.16,990.2,860.4000244140625,693.2999877929688,1212.5,588.5999755859375,268.3999938964844,40.00000000007731,367.33701877672263,active,
1.0,990.588,990.64,1205.0999755859375,587.5999755859375,739.2000122070312,490.5,259.20001220703125,52.00000000002092,475.91089621404535,active,
1.0,990.923,990.951,735.2000122070312,472.79998779296875,931.9000244140625,454.8999938964844,210.1999969482422,28.00000000002001,197.51279600000709,active,
1.0,991.11,991.116,933.0999755859375,454.1000061035156,917.7000122070312,453.29998779296875,40.5,5.999999999971806,15.42072959910989,active,
1.0,991.293,991.358,910.4000244140625,453.70001220703125,188.60000610351562,381.5,282.29998779296875,64.99999999994088,725.4020321144691,active,
1.0,991.726,991.77,175.60000610351562,376.8999938964844,174.6999969482422,698.2000122070312,196.39999389648438,43.99999999998272,321.3012788378492,active,
1.0,991.971,992.191,196.8000030517578,714.9000244140625,746.7999877929688,576.5999755859375,535.9000244140625,220.00000000002728,567.121580193519,active,
1.0,992.811,992.835,758.4000244140625,579.2999877929688,630.2999877929688,679.0,211.60000610351562,24.00000000000091,162.3259431403611,active,
1.0,993.036,993.059,624.5999755859375,687.0,643.7000122070312,799.0,149.3000030517578,23.000000000024556,113.61695031520219,active,
1.0,993.278,993.293,647.0999755859375,796.5,593.5999755859375,813.2999877929688,93.80000305175781,14.999999999986358,56.07574867840731,active,
1.0,993.678,993.691,592.9000244140625,806.2999877929688,636.4000244140625,808.0999755859375,69.0,13.000000000033651,43.53722494664579,active,
1.0,994.09,994.129,629.2000122070312,782.7000122070312,748.2000122070312,512.5999755859375,213.8000030517578,38.99999999998727,295.1525534070749,active,
1.0,994.576,994.612,733.2999877929688,488.79998779296875,906.4000244140625,438.70001220703125,153.89999389648438,35.99999999994452,180.204412354236,active,
1.0,995.025,995.166,886.7999877929688,456.3999938964844,791.2000122070312,413.0,416.3999938964844,141.0000000000764,104.99007001734367,active,
1.0,995.46,995.5,774.4000244140625,403.8999938964844,460.3999938964844,431.70001220703125,228.6999969482422,39.99999999996362,315.22826678949133,active,
1.0,995.763,995.806,461.79998779296875,428.20001220703125,775.2000122070312,542.5,242.60000610351562,43.00000000000637,333.5926595598407,active,
1.0,997.474,997.487,747.9000244140625,569.4000244140625,705.7000122070312,559.7000122070312,67.9000015258789,12.999999999919964,43.30047652266822,active,
1.0,997.837,997.861,699.2000122070312,561.0,814.2999877929688,560.2000122070312,140.1999969482422,24.00000000000091,115.10275565924695,active,
1.0,998.026,998.089,830.2999877929688,549.5,328.1000061035156,316.20001220703125,215.10000610351562,63.00000000010186,553.7451633315513,active,
1.0,998.504,998.737,297.0,342.29998779296875,532.2000122070312,476.20001220703125,723.5999755859375,232.99999999994725,270.64416173321416,active,
1.0,998.89,998.926,537.9000244140625,498.5,705.7000122070312,534.5999755859375,148.5,36.00000000005821,171.63928495721993,active,
1.0,999.358,999.376,704.7000122070312,533.5999755859375,773.2000122070312,550.7000122070312,89.0999984741211,18.000000000029104,70.60213348364728,active,
1.0,1000.067,1000.093,770.5999755859375,557.2999877929688,691.9000244140625,489.5,91.30000305175781,25.999999999953616,103.87743094234773,active,
1.0,1000.246,1000.285,640.5,435.29998779296875,812.5,343.0,119.5999984741211,38.99999999998727,195.20063459574658,active,
1.0,1000.781,1001.103,916.7999877929688,313.3999938964844,678.5,558.7000122070312,587.2999877929688,322.00000000000273,341.99266536767084,active,
1.0,1001.331,1001.347,691.7999877929688,572.9000244140625,752.5999755859375,585.0999755859375,99.30000305175781,15.99999999996271,62.0119127605437,active,
1.0,1001.886,1001.934,752.7999877929688,606.2000122070312,399.1000061035156,493.20001220703125,187.5,48.00000000000182,371.31210194002495,active,
1.0,1002.105,1002.159,364.6000061035156,490.29998779296875,740.7999877929688,896.9000244140625,304.3999938964844,53.999999999973625,553.9404444553761,active,
1.0,1002.865,1002.895,700.4000244140625,895.7000122070312,766.0,656.2000122070312,221.5,29.999999999972715,248.32157940234595,active,
1.0,1003.65,1003.658,743.9000244140625,597.2000122070312,729.7000122070312,585.7999877929688,41.29999923706055,8.000000000038199,18.209912227165116,active,
1.0,1003.891,1003.93,717.4000244140625,568.9000244140625,967.0999755859375,433.0,192.10000610351562,38.99999999998727,284.2866198943938,active,
1.0,1004.263,1004.303,957.5999755859375,439.70001220703125,1241.699951171875,377.6000061035156,256.70001220703125,39.99999999996362,290.80785217388296,active,
1.0,1004.661,1004.748,1238.800048828125,379.79998779296875,249.10000610351562,402.6000061035156,293.70001220703125,87.00000000010277,989.9626333372664,active,
1.0,1005.852,1006.039,752.2999877929688,628.9000244140625,783.0,494.20001220703125,334.8999938964844,187.00000000001182,138.154203837908,active,
1.0,1006.077,1006.094,784.4000244140625,486.70001220703125,777.7999877929688,560.0,170.1999969482422,17.00000000005275,73.59652637080875,active,
1.0,1006.982,1007.003,776.4000244140625,596.0999755859375,719.9000244140625,628.0999755859375,67.19999694824219,21.00000000007185,64.93265742290238,active,
1.0,1007.179,1007.227,709.0,629.0999755859375,320.29998779296875,712.2999877929688,248.5,48.00000000000182,397.50464339551604,active,
1.0,1007.54,1007.596,330.6000061035156,706.9000244140625,936.9000244140625,637.0,339.70001220703125,56.00000000004002,610.3160866440078,active,
1.0,1007.847,1007.866,921.5,635.5999755859375,851.5999755859375,617.7999877929688,107.30000305175781,19.000000000005457,72.13080464348343,active,
1.0,1009.729,1009.747,853.9000244140625,630.7000122070312,783.4000244140625,604.9000244140625,94.9000015258789,17.999999999915417,75.07256070041394,active,
1.0,1009.994,1010.001,762.5999755859375,622.0999755859375,743.5999755859375,618.2999877929688,47.599998474121094,6.999999999948159,19.37627175766049,active,
1.0,1010.032,1010.224,700.7999877929688,592.0999755859375,546.5999755859375,495.5,954.7999877929688,192.00000000000728,181.95933350024205,active,
1.0,1010.254,1010.269,561.7000122070312,508.70001220703125,548.9000244140625,571.7999877929688,114.5,14.999999999986358,64.38514274618063,active,
1.0,1010.67,1010.693,561.5999755859375,591.4000244140625,661.7000122070312,622.5999755859375,119.80000305175781,23.000000000024556,104.84967469988494,active,
1.0,1010.975,1011.018,665.7000122070312,644.7000122070312,982.7000122070312,652.0,214.5,43.00000000000637,317.0840422061279,active,
1.0,1011.614,1011.634,961.5999755859375,655.5999755859375,893.0999755859375,630.2999877929688,80.5999984741211,19.99999999998181,73.02286889957398,active,
1.0,1011.9,1011.944,881.9000244140625,618.7999877929688,644.7000122070312,566.4000244140625,142.39999389648438,43.99999999998272,242.9189205334292,active,
1.0,1012.316,1012.354,614.5999755859375,572.5999755859375,898.2999877929688,617.5,213.3000030517578,38.000000000010914,287.2311075051814,active,
1.0,1013.557,1013.575,909.2000122070312,587.2000122070312,847.2999877929688,561.5999755859375,87.69999694824219,18.000000000029104,66.98488558968265,active,
1.0,1013.827,1013.843,832.5999755859375,552.2000122070312,792.5999755859375,587.4000244140625,73.0999984741211,15.99999999996271,53.28265064141563,active,
1.0,1014.096,1014.12,788.2999877929688,585.5999755859375,901.0,586.0,135.3000030517578,24.00000000000091,112.7007221405295,active,
1.0,1015.097,1015.113,890.0,548.7999877929688,828.4000244140625,543.0999755859375,86.80000305175781,16.000000000076398,61.86313224650366,active,
1.0,1015.866,1015.872,775.0,601.2000122070312,760.0999755859375,595.5,42.5,5.999999999971806,15.953083297593723,active,
1.0,1016.216,1016.353,761.2999877929688,633.2999877929688,963.0999755859375,494.20001220703125,315.6000061035156,136.9999999999436,245.09597769292492,active,
1.0,1016.695,1016.72,929.0999755859375,536.7000122070312,1055.800048828125,544.5,136.8000030517578,24.999999999977263,126.9399400076514,active,
1.0,1016.926,1016.949,1049.300048828125,540.2999877929688,1134.4000244140625,426.3999938964844,177.1999969482422,22.99999999991087,142.1802182244293,active,
1.0,1017.077,1017.131,1100.5999755859375,398.1000061035156,707.7000122070312,257.29998779296875,218.60000610351562,53.999999999973625,417.3667768035642,active,
1.0,1017.401,1017.465,721.0999755859375,258.8999938964844,359.0,386.29998779296875,166.60000610351562,64.00000000007822,383.85824305876355,active,
1.0,1017.731,1017.79,379.3999938964844,388.6000061035156,865.0999755859375,550.7999877929688,267.1000061035156,58.99999999996908,512.0676774345302,active,
1.0,1018.128,1018.14,847.9000244140625,554.5,810.5,543.0,63.400001525878906,11.999999999943611,39.12814621436174,active,
1.0,1019.583,1019.593,797.0,551.7999877929688,774.4000244140625,542.5,44.70000076293945,9.999999999990905,24.43867159717031,active,
1.0,1019.781,1019.842,775.5999755859375,535.0,235.39999389648438,457.6000061035156,256.0,61.00000000003547,545.7167573681986,active,
1.0,1020.033,1020.059,245.8000030517578,451.70001220703125,215.1999969482422,283.29998779296875,191.8000030517578,25.999999999953616,171.15761331647516,active,
1.0,1020.304,1020.374,188.0,279.6000061035156,938.0999755859375,503.29998779296875,317.29998779296875,70.00000000005002,782.7462265523135,active,
1.0,1020.614,1020.638,921.4000244140625,497.79998779296875,1085.800048828125,532.4000244140625,243.0,24.00000000000091,168.00157904473807,active,
1.0,1020.925,1021.15,1087.0,550.9000244140625,525.7999877929688,536.2999877929688,447.20001220703125,225.00000000002274,561.3898955008981,active,
1.0,1021.3,1021.347,521.2999877929688,544.7000122070312,795.7000122070312,580.5,223.3000030517578,47.000000000025466,276.725518383135,active,
1.0,1021.899,1021.918,786.0,567.9000244140625,709.5,584.5,84.80000305175781,19.000000000005457,78.2803244082044,active,
1.0,1022.181,1022.403,685.0999755859375,624.0999755859375,613.7999877929688,599.7999877929688,387.79998779296875,221.99999999998,75.32713764650774,active,
1.0,1022.667,1022.707,621.5999755859375,595.5,835.5,591.5,145.89999389648438,39.99999999996362,213.93742179510468,active,
1.0,1023.11,1023.128,811.7000122070312,579.7000122070312,897.4000244140625,586.2000122070312,117.5999984741211,18.000000000029104,85.94615810078601,active,
1.0,1023.792,1023.807,892.4000244140625,560.0,849.7000122070312,555.7999877929688,55.599998474121094,14.999999999986358,42.90607352135393,active,
1.0,1024.11,1024.126,836.2999877929688,562.4000244140625,767.5999755859375,562.2000122070312,93.0,16.000000000076398,68.70030336271597,active,
1.0,1024.277,1024.301,739.5999755859375,557.4000244140625,648.5999755859375,633.5999755859375,152.60000610351562,23.999999999887223,118.69049059885182,active,
1.0,1024.728,1024.881,624.7000122070312,690.0999755859375,714.0999755859375,650.7000122070312,600.0,153.00000000002,97.6970345834966,active,
1.0,1025.313,1025.33,719.5,625.7999877929688,776.0,593.5,85.69999694824219,16.999999999825377,65.08102036251375,active,
1.0,1025.766,1026.053,769.4000244140625,591.0,734.2000122070312,538.0999755859375,543.2000122070312,287.00000000003456,63.540958777654254,active,
1.0,1026.505,1026.547,730.5,549.9000244140625,1027.5,537.0999755859375,211.5,41.99999999991633,297.27569905729325,active,
1.0,1026.715,1026.754,1004.7999877929688,531.5,1242.0,358.0,282.8999938964844,38.99999999998727,293.8810912444279,active,
1.0,1026.97,1027.035,1220.800048828125,355.20001220703125,633.0,449.5,231.6999969482422,65.00000000005457,595.3162059780501,active,
1.0,1027.287,1027.305,631.0,462.79998779296875,721.0,481.79998779296875,119.5999984741211,18.000000000029104,91.98369420718001,active,
1.0,1027.543,1027.566,736.7000122070312,481.5,788.9000244140625,573.7999877929688,162.8000030517578,23.000000000138243,106.03833750581151,active,
1.0,1028.72,1028.781,771.7999877929688,588.0999755859375,242.6999969482422,639.9000244140625,259.0,60.99999999992178,531.6296129548145,active,
1.0,1028.95,1029.007,254.5,636.0,801.4000244140625,573.2000122070312,328.79998779296875,57.00000000001637,550.4938466240101,active,
1.0,1029.511,1029.517,777.2000122070312,572.2000122070312,768.5999755859375,560.7000122070312,39.0,6.0000000000854925,14.360035859431326,active,
1.0,1029.867,1030.147,736.0,589.7999877929688,573.2000122070312,477.3999938964844,1277.0999755859375,279.9999999999727,197.83223866023582,active,
1.0,1030.17,1030.187,592.5999755859375,449.20001220703125,584.7999877929688,533.0,160.89999389648438,16.999999999825377,84.16221101938906,active,
1.0,1030.365,1030.388,597.7000122070312,551.0,710.0999755859375,539.9000244140625,115.5,22.99999999991087,112.9467185250987,active,
1.0,1030.603,1030.619,722.5,540.7000122070312,788.5999755859375,557.5,98.30000305175781,15.999999999849024,68.20151290334718,active,
1.0,1031.066,1031.114,779.4000244140625,574.0,436.1000061035156,597.9000244140625,203.0,48.00000000000182,344.1309543458923,active,
1.0,1031.292,1031.341,445.8999938964844,596.2999877929688,758.5999755859375,493.8999938964844,203.39999389648438,48.99999999997817,329.0395679832205,active,
1.0,1031.468,1031.506,741.0,493.5,968.5999755859375,287.6000061035156,289.20001220703125,38.000000000010914,306.91457504213065,active,
1.0,1031.706,1031.719,967.7000122070312,291.20001220703125,1025.9000244140625,290.3999938964844,91.9000015258789,13.000000000147338,58.205510479642705,active,
1.0,1032.521,1032.579,1043.5999755859375,299.0,704.2999877929688,592.0999755859375,221.3000030517578,57.999999999992724,448.36600830659086,active,
1.0,1032.962,1032.98,706.7000122070312,608.0,650.5,545.2999877929688,100.69999694824219,18.000000000029104,84.2005516777196,active,
1.0,1034.149,1034.159,814.5,544.0999755859375,841.4000244140625,551.7999877929688,55.20000076293945,10.000000000218279,27.980377078688356,passive,
1.0,1034.426,1034.695,844.2999877929688,560.9000244140625,670.9000244140625,644.2999877929688,469.6000061035156,269.00000000000546,192.413879934398,passive,
1.0,1035.137,1035.179,674.2999877929688,628.5,986.2000122070312,644.7000122070312,237.60000610351562,42.0000000001437,312.3204534208426,passive,
1.0,1035.548,1035.578,944.4000244140625,650.7999877929688,1118.0,706.7000122070312,151.8000030517578,29.999999999972715,182.37808051663137,passive,
1.0,1036.136,1036.142,1115.0,706.2999877929688,1103.199951171875,698.4000244140625,36.900001525878906,6.0000000000854925,14.200372309703505,passive,
1.0,1036.416,1036.478,1098.4000244140625,683.7999877929688,771.0999755859375,603.4000244140625,140.1999969482422,62.00000000012551,337.03037856285664,passive,
1.0,1036.782,1036.809,716.0,584.5,576.5999755859375,564.4000244140625,128.39999389648438,27.000000000043656,140.84166934965128,passive,
1.0,1037.107,1037.314,535.5,577.0,538.2999877929688,598.5999755859375,404.20001220703125,207.00000000010732,21.780699643350992,passive,
1.0,1037.339,1037.355,547.2000122070312,593.5999755859375,535.4000244140625,639.5999755859375,94.19999694824219,16.000000000076398,47.489364197830774,passive,
1.0,1037.511,1037.549,536.2999877929688,648.5999755859375,758.7000122070312,647.0,164.6999969482422,38.000000000010914,222.40577955901054,passive,
1.0,1037.801,1037.84,756.2999877929688,645.4000244140625,1015.2999877929688,655.7000122070312,175.1999969482422,38.99999999998727,259.20472555209193,passive,
1.0,1038.028,1038.065,997.2999877929688,661.7999877929688,801.7000122070312,571.7999877929688,161.10000610351562,37.00000000003456,215.31221620990144,passive,
1.0,1038.881,1038.906,785.4000244140625,551.5,920.7999877929688,541.2999877929688,136.8000030517578,24.999999999863576,135.78361584533218,passive,
1.0,1039.149,1039.181,924.7999877929688,528.7000122070312,724.5,518.5,140.3000030517578,32.000000000152795,200.55953071067705,passive,
1.0,1039.637,1039.652,703.7999877929688,534.0999755859375,707.0,492.29998779296875,94.19999694824219,15.000000000100044,41.922297857077034,passive,
1.0,1039.681,1039.697,722.7999877929688,491.79998779296875,726.9000244140625,533.5999755859375,96.4000015258789,15.999999999849024,42.000586660029484,passive,
1.0,1039.901,1039.921,727.0999755859375,536.9000244140625,806.2000122070312,541.5999755859375,86.30000305175781,19.99999999998181,79.23954400724666,passive,
1.0,1040.248,1040.262,813.2999877929688,536.2999877929688,764.2000122070312,552.0,80.0,13.999999999896318,51.548986273646435,passive,
1.0,1040.456,1040.65,755.5,566.4000244140625,372.70001220703125,526.9000244140625,591.7000122070312,194.00000000018736,384.83253585721803,passive,
1.0,1040.677,1040.695,384.1000061035156,512.5,377.3999938964844,563.2000122070312,106.4000015258789,18.000000000029104,51.140799772466266,passive,
1.0,1040.883,1040.929,403.20001220703125,582.2000122070312,809.5,548.0999755859375,271.20001220703125,46.00000000004911,407.7284544621904,passive,
1.0,1041.48,1041.491,790.9000244140625,553.7000122070312,828.0999755859375,557.2000122070312,66.69999694824219,10.999999999967258,37.36423914908323,passive,
1.0,1041.92,1041.945,815.0,541.4000244140625,855.5,694.0,180.0,24.999999999863576,157.88287604686178,passive,
1.0,1042.275,1042.294,840.5,726.5999755859375,819.0,774.7999877929688,61.400001525878906,19.000000000005457,52.777752668695186,passive,
1.0,1043.119,1043.139,795.2000122070312,788.9000244140625,763.5,737.4000244140625,55.400001525878906,19.99999999998181,60.47429845749292,passive,
1.0,1043.164,1043.593,724.5,698.0999755859375,766.5,618.4000244140625,422.29998779296875,429.0000000000873,90.08930134482817,passive,
1.0,1044.143,1044.164,756.5,613.5,819.2000122070312,564.9000244140625,105.4000015258789,20.999999999958163,79.33000162432614,passive,
1.0,1044.389,1044.433,810.0999755859375,553.0999755859375,1066.0999755859375,516.9000244140625,173.0,44.000000000096406,258.54677809798005,passive,
1.0,1044.65,1044.671,1043.5,517.4000244140625,1117.800048828125,487.29998779296875,92.69999694824219,20.999999999958163,80.16551291205555,passive,
1.0,1044.909,1044.979,1137.9000244140625,460.6000061035156,736.7999877929688,325.0,169.39999389648438,69.99999999993634,423.4012293708135,passive,
1.0,1045.217,1045.243,737.9000244140625,324.3999938964844,891.5,344.6000061035156,142.89999389648438,25.99999999983993,154.9225386868057,passive,
1.0,1045.902,1045.923,926.0,375.5,852.2999877929688,411.20001220703125,76.5999984741211,20.999999999958163,81.89128568351296,passive,
1.0,1046.238,1046.256,822.0,418.6000061035156,893.5999755859375,452.70001220703125,112.5999984741211,18.000000000029104,79.30552893819352,passive,
1.0,1046.615,1046.917,857.2000122070312,526.5,679.2000122070312,571.7999877929688,543.2999877929688,301.99999999990723,183.67386557167876,passive,
1.0,1047.018,1047.04,683.0999755859375,588.2000122070312,755.9000244140625,639.0999755859375,99.5999984741211,21.999999999934516,88.82934977444889,passive,
1.0,1047.277,1047.295,755.0999755859375,649.9000244140625,833.4000244140625,651.5999755859375,99.69999694824219,18.000000000029104,78.31850024402611,passive,
1.0,1047.585,1047.599,836.5999755859375,657.5,884.7000122070312,670.4000244140625,77.0999984741211,13.999999999896318,49.79984089165314,passive,
1.0,1048.015,1048.054,878.2000122070312,636.0,1158.5999755859375,572.4000244140625,222.39999389648438,38.99999999998727,287.52234062316586,passive,
1.0,1048.338,1048.362,1143.4000244140625,574.7999877929688,1286.0,578.5,164.39999389648438,24.000000000114596,142.6479692370072,passive,
1.0,1048.82,1048.839,1281.300048828125,516.9000244140625,1378.4000244140625,532.2000122070312,138.60000610351562,19.000000000005457,98.2979902401603,passive,
1.0,1049.022,1049.062,1383.0,510.29998779296875,1454.800048828125,341.8999938964844,121.9000015258789,39.99999999996362,183.0677605589174,passive,
1.0,1049.322,1049.423,1444.9000244140625,278.5,605.4000244140625,179.3000030517578,209.1999969482422,101.00000000011278,845.3406942733393,passive,
1.0,1049.713,1049.738,630.9000244140625,172.6999969482422,526.0,289.1000061035156,228.3000030517578,25.00000000009095,156.69389666932994,passive,
1.0,1050.753,1051.046,530.9000244140625,358.1000061035156,566.7000122070312,839.7000122070312,221.0,293.00000000012005,482.9287783978948,passive,
1.0,1051.275,1051.328,575.2999877929688,809.9000244140625,582.4000244140625,383.70001220703125,268.20001220703125,52.999999999883585,426.25914761479834,passive,
1.0,1051.515,1051.529,560.9000244140625,353.8999938964844,508.0,344.79998779296875,83.5999984741211,13.999999999896318,53.67702203077617,passive,
1.0,1052.435,1052.478,529.0999755859375,330.79998779296875,788.4000244140625,572.4000244140625,244.89999389648438,43.00000000012005,354.4109098455941,passive,
1.0,1052.964,1052.969,779.0999755859375,572.2000122070312,793.0999755859375,575.2999877929688,38.900001525878906,5.000000000109139,14.339102086023676,passive,
1.0,1053.276,1053.287,795.7999877929688,562.9000244140625,768.5,551.2999877929688,48.0,10.999999999967258,29.662268677681396,passive,
1.0,1053.487,1053.497,755.7999877929688,555.7000122070312,737.7999877929688,540.0,45.5,9.999999999990905,23.884940512819583,passive,
1.0,1054.227,1054.272,679.7000122070312,496.20001220703125,425.20001220703125,422.20001220703125,138.8000030517578,44.999999999845386,265.0400913069568,passive,
1.0,1054.446,1054.494,373.0,411.6000061035156,698.0999755859375,507.1000061035156,194.0,48.00000000000182,338.8366038756397,passive,
1.0,1054.675,1054.685,688.5999755859375,513.2999877929688,718.4000244140625,533.0999755859375,69.0,9.999999999990905,35.778239570447646,passive,
1.0,1055.103,1055.154,719.7000122070312,534.0,243.6999969482422,313.6000061035156,270.0,50.99999999993088,524.5494941718443,passive,
1.0,1055.402,1055.428,226.5,303.70001220703125,349.20001220703125,387.8999938964844,125.30000305175781,26.000000000067303,148.81172639315042,passive,
1.0,1055.612,1055.648,391.5,431.79998779296875,644.9000244140625,494.6000061035156,185.89999389648438,35.999999999830834,261.06592016740234,passive,
1.0,1056.024,1056.046,672.0,510.3999938964844,766.2999877929688,546.5,109.30000305175781,22.00000000016189,100.9737497492686,passive,
1.0,1056.333,1056.34,756.7999877929688,579.9000244140625,741.2999877929688,579.0,40.5,6.999999999834472,15.526108461102176,passive,
1.0,1056.373,1056.522,700.7000122070312,557.4000244140625,730.0999755859375,550.0,420.6000061035156,148.99999999988722,30.316962380979888,passive,
1.0,1056.548,1056.564,757.2000122070312,528.7999877929688,765.7000122070312,583.5,123.19999694824219,16.000000000076398,55.35649316430158,passive,
1.0,1056.799,1056.811,758.2999877929688,580.0,795.7000122070312,587.0,65.0,11.999999999943611,38.049465517566354,passive,
1.0,1057.043,1057.088,784.7999877929688,574.5,324.79998779296875,581.5,276.8999938964844,45.00000000007276,460.05325778653065,passive,
1.0,1057.364,1057.374,338.29998779296875,579.0,370.5,591.7000122070312,65.19999694824219,9.999999999990905,34.614030337302594,passive,
1.0,1057.753,1057.823,378.79998779296875,599.0,1159.199951171875,566.4000244140625,347.0,70.00000000016371,781.0805728284387,passive,
1.0,1058.574,1058.879,1081.5999755859375,591.2999877929688,784.5,642.0,494.79998779296875,304.9999999998363,301.39490163398216,passive,
1.0,1059.279,1059.315,783.2000122070312,667.4000244140625,1063.699951171875,614.2999877929688,332.29998779296875,36.00000000005821,285.4817501145083,passive,
1.0,1061.472,1061.498,986.5,638.5,851.7000122070312,590.2999877929688,128.1999969482422,26.000000000067303,143.15822674838665,passive,
1.0,1062.001,1062.043,812.0,604.5,940.2999877929688,763.2999877929688,156.60000610351562,41.99999999991633,204.15269528155378,passive,
1.0,1063.444,1063.484,903.5,722.4000244140625,1207.9000244140625,460.1000061035156,325.3999938964844,39.99999999996362,401.8216948709901,passive,
1.0,1066.372,1066.449,1163.5999755859375,486.79998779296875,592.5,802.0,231.60000610351562,76.99999999999818,652.3083855122292,passive,
1.0,1068.543,1068.783,646.4000244140625,784.0999755859375,165.8000030517578,541.9000244140625,679.0,240.0000000000091,538.1795210532507,passive,
1.0,1068.977,1069.021,157.89999389648438,564.5,536.9000244140625,610.7999877929688,275.79998779296875,43.99999999986903,381.8176423398403,passive,
1.0,1069.283,1069.319,534.2999877929688,575.9000244140625,346.3999938964844,427.8999938964844,206.6999969482422,36.00000000005821,239.18699115859735,passive,
1.0,1069.692,1069.772,306.6000061035156,387.6000061035156,1047.0,328.20001220703125,261.1000061035156,79.99999999992724,742.7789107377891,passive,
1.0,1070.103,1070.119,1023.5999755859375,313.29998779296875,960.7999877929688,310.29998779296875,86.5999984741211,15.999999999849024,62.87160302391712,passive,
1.0,1070.326,1070.396,941.7999877929688,328.29998779296875,649.0999755859375,799.7999877929688,213.39999389648438,69.99999999993634,554.9644557500924,passive,
1.0,1070.835,1071.071,663.0999755859375,793.7999877929688,683.2999877929688,638.9000244140625,247.39999389648438,235.9999999998763,156.21152053530082,passive,
1.0,1071.354,1071.376,710.9000244140625,643.7999877929688,775.7000122070312,558.4000244140625,163.3000030517578,21.999999999934516,107.20164253913009,passive,
1.0,1076.26,1076.307,298.1000061035156,608.5999755859375,746.5,615.2000122070312,308.3999938964844,47.000000000025466,448.4485645085365,,
1.0,1076.464,1076.479,739.4000244140625,607.7999877929688,790.7999877929688,599.9000244140625,84.30000305175781,15.000000000100044,52.00351581134648,,
1.0,1076.86,1076.875,779.5999755859375,588.7000122070312,836.7999877929688,587.5999755859375,84.0999984741211,15.000000000100044,57.21058885426955,passive,
1.0,1077.066,1077.076,823.4000244140625,576.0999755859375,797.0999755859375,576.0999755859375,47.79999923706055,9.999999999990905,26.300048828125,passive,
1.0,1077.327,1077.337,781.7000122070312,573.5999755859375,761.2000122070312,582.0999755859375,38.900001525878906,9.999999999990905,22.192341021172147,passive,
1.0,1077.501,1077.805,753.9000244140625,596.5,668.4000244140625,685.7999877929688,658.9000244140625,304.0000000000873,123.63145966874438,passive,
1.0,1078.101,1078.126,697.2999877929688,687.5999755859375,695.7000122070312,560.5,129.3000030517578,24.999999999863576,127.11004569199676,passive,
1.0,1078.331,1078.369,691.7999877929688,549.2999877929688,934.7000122070312,490.70001220703125,221.6999969482422,38.000000000010914,249.86872353102666,passive,
1.0,1079.108,1079.326,903.7000122070312,518.9000244140625,700.4000244140625,546.2999877929688,1233.5999755859375,218.00000000007458,205.13810721020764,passive,
1.0,1079.58,1079.604,727.5999755859375,551.9000244140625,836.0,577.7999877929688,126.5999984741211,24.000000000114596,111.45121531862284,passive,
1.0,1079.859,1079.88,844.9000244140625,592.5,950.5,608.9000244140625,130.0,21.000000000185537,106.86587689497729,passive,
1.0,1080.245,1080.268,932.7000122070312,617.0,801.2999877929688,575.0,156.89999389648438,23.000000000138243,137.94914431056185,passive,
1.0,1080.942,1080.956,789.0999755859375,577.9000244140625,752.2000122070312,574.9000244140625,48.79999923706055,13.999999999896318,37.021713863145536,passive,
1.0,1081.375,1081.415,739.7000122070312,581.4000244140625,613.7000122070312,416.79998779296875,133.3000030517578,39.99999999996362,207.29006743128193,passive,
1.0,1081.698,1081.744,563.4000244140625,369.8999938964844,992.7999877929688,407.70001220703125,291.70001220703125,45.99999999982174,431.06051771657735,passive,
1.0,1081.973,1081.985,976.7000122070312,409.0,943.5999755859375,429.8999938964844,64.30000305175781,11.999999999943611,39.14616416956879,passive,
1.0,1082.35,1082.394,950.0,441.20001220703125,628.7999877929688,686.2000122070312,277.70001220703125,44.000000000096406,403.97332565628267,passive,
1.0,1082.605,1082.626,614.5999755859375,694.7000122070312,523.0999755859375,634.7000122070312,149.10000610351562,20.999999999958163,109.4177773490213,passive,
1.0,1082.773,1082.781,499.5,639.2999877929688,474.79998779296875,637.2999877929688,53.29999923706055,8.000000000038199,24.780851539595904,passive,
1.0,1082.94,1082.963,468.20001220703125,639.5999755859375,576.9000244140625,622.7000122070312,129.10000610351562,22.99999999991087,110.00591536829788,passive,
1.0,1083.239,1083.276,575.5,622.4000244140625,934.2999877929688,441.20001220703125,315.6000061035156,37.00000000003456,401.9587984657915,passive,
1.0,1083.544,1083.556,958.4000244140625,426.79998779296875,930.0,454.8999938964844,63.79999923706055,11.999999999943611,39.95211796309379,passive,
1.0,1084.077,1084.093,935.9000244140625,452.0,947.4000244140625,503.79998779296875,73.19999694824219,16.000000000076398,53.061179174154354,passive,
1.0,1084.304,1084.316,943.5,497.8999938964844,906.5,484.70001220703125,63.900001525878906,11.999999999943611,39.28408732046473,passive,
1.0,1084.461,1084.706,885.5999755859375,510.0,725.7999877929688,611.0,188.10000610351562,244.99999999989086,189.04241878116395,passive,
1.0,1085.4,1085.438,706.2000122070312,635.0,971.5999755859375,487.3999938964844,280.29998779296875,38.000000000010914,303.68223913044807,passive,
1.0,1085.62,1085.653,954.0999755859375,493.29998779296875,954.0999755859375,282.3999938964844,201.6999969482422,33.00000000012915,210.89999389648438,passive,
1.0,1085.927,1085.933,959.0,285.79998779296875,974.2000122070312,289.6000061035156,41.599998474121094,6.0000000000854925,15.667817660873851,passive,
1.0,1086.355,1086.402,975.0,301.79998779296875,527.7000122070312,287.8999938964844,273.8999938964844,47.000000000025466,447.5159091137569,passive,
1.0,1086.876,1086.92,556.0,296.5,814.4000244140625,585.9000244140625,312.8999938964844,44.000000000096406,387.9728685720795,passive,
1.0,1087.522,1087.691,800.9000244140625,624.0,773.0,519.0,671.7000122070312,169.0000000000964,108.64350584505861,passive,
1.0,1087.86,1087.891,761.0999755859375,536.0,741.0999755859375,736.2000122070312,230.0,31.000000000176442,201.19653299124084,passive,
1.0,1088.036,1088.044,725.0,717.0999755859375,704.0,705.5999755859375,52.29999923706055,8.000000000038199,23.942639787625758,passive,
1.0,1088.765,1088.938,682.0999755859375,744.5999755859375,421.6000061035156,612.7999877929688,401.1000061035156,173.00000000000182,291.9442941428543,passive,
1.0,1088.964,1088.98,430.1000061035156,574.7999877929688,419.20001220703125,656.5999755859375,137.60000610351562,16.000000000076398,82.5230141831552,passive,
1.0,1089.291,1089.339,428.1000061035156,637.4000244140625,823.7000122070312,555.5,268.70001220703125,48.00000000000182,403.98883502904584,passive,
1.0,1089.683,1089.702,806.5999755859375,553.7999877929688,882.7000122070312,586.7999877929688,117.0,19.000000000005457,82.94706488919189,passive,
1.0,1089.865,1089.878,869.5999755859375,576.0,824.4000244140625,564.9000244140625,73.5999984741211,12.999999999919964,46.5429376377157,passive,
1.0,1090.023,1090.048,824.7999877929688,563.0999755859375,684.9000244140625,499.79998779296875,174.5,25.00000000009095,153.5541865531816,passive,
1.0,1090.299,1090.322,654.2000122070312,488.1000061035156,604.0,598.0,147.60000610351562,22.99999999991087,120.82238982917607,passive,
1.0,1090.606,1090.631,608.2000122070312,605.7999877929688,605.2999877929688,480.79998779296875,133.10000610351562,25.00000000009095,125.03363604087565,passive,
1.0,1091.044,1091.057,600.2999877929688,482.79998779296875,562.2999877929688,491.20001220703125,60.900001525878906,12.999999999919964,38.917353586245376,passive,
1.0,1091.719,1091.74,578.7000122070312,494.0,679.0999755859375,488.70001220703125,133.1999969482422,20.999999999958163,100.53975590328103,passive,
1.0,1092.049,1092.081,673.5,486.5,608.0,648.5,147.5,31.99999999992542,174.74052191749914,passive,
1.0,1094.072,1094.095,617.2999877929688,644.5,747.4000244140625,639.5999755859375,162.10000610351562,23.000000000138243,130.1922799864429,passive,
1.0,1094.29,1094.303,749.2000122070312,620.7000122070312,791.9000244140625,600.7999877929688,77.0999984741211,13.000000000147338,47.10946841305791,passive,
1.0,1096.354,1096.377,797.2000122070312,604.5999755859375,775.4000244140625,488.5,126.30000305175781,22.99999999991087,118.1289287127792,passive,
1.0,1096.558,1096.583,742.4000244140625,451.3999938964844,885.5999755859375,450.8999938964844,130.60000610351562,25.00000000009095,143.2008240745401,passive,
1.0,1096.773,1096.945,883.0,461.0,1081.300048828125,471.70001220703125,581.4000244140625,172.00000000002547,198.58851836515467,passive,
1.0,1097.061,1097.097,1145.4000244140625,472.70001220703125,1343.9000244140625,437.29998779296875,196.60000610351562,36.00000000005821,201.63187180730188,passive,
1.0,1097.359,1097.374,1350.5,462.1000061035156,1290.4000244140625,476.79998779296875,81.5999984741211,15.000000000100044,61.87161325762034,passive,
1.0,1097.807,1097.822,1283.800048828125,484.79998779296875,1297.5,450.79998779296875,49.0,14.99999999987267,36.65635909513872,passive,
1.0,1098.146,1098.156,1281.0999755859375,441.3999938964844,1270.9000244140625,464.6000061035156,45.79999923706055,9.999999999990905,25.34323519827398,passive,
1.0,1098.338,1098.444,1264.4000244140625,469.20001220703125,508.1000061035156,814.5999755859375,226.6999969482422,105.99999999999454,831.4390250635842,passive,
1.0,1098.754,1098.79,491.79998779296875,844.0999755859375,304.3999938964844,830.0999755859375,195.89999389648438,36.00000000005821,187.92221186544816,passive,
1.0,1098.971,1098.996,304.0,829.2999877929688,296.6000061035156,744.4000244140625,101.0999984741211,25.00000000009095,85.22184984736971,passive,
1.0,1099.022,1099.339,242.39999389648438,671.7999877929688,685.0,715.9000244140625,826.0999755859375,317.0000000000073,444.79161259269927,passive,
1.0,1099.511,1099.534,672.5,736.5999755859375,763.9000244140625,694.7000122070312,107.30000305175781,23.000000000138243,100.54636439993693,passive,
1.0,1099.839,1099.877,778.0999755859375,680.7999877929688,1118.699951171875,668.5999755859375,253.39999389648438,38.000000000010914,340.81840277043864,passive,
1.0,1100.283,1100.295,1119.300048828125,662.0999755859375,1085.4000244140625,644.0,64.30000305175781,12.000000000170985,38.429425854227475,passive,
1.0,1100.504,1100.533,1056.199951171875,621.7999877929688,1250.699951171875,502.0,230.39999389648438,28.999999999996362,228.43442620409792,passive,
1.0,1101.095,1101.132,1270.0,504.5,1011.7999877929688,524.0999755859375,176.5,37.00000000003456,258.94286116184094,passive,
1.0,1101.322,1101.328,943.0,530.2000122070312,926.7999877929688,526.7999877929688,45.29999923706055,6.0000000000854925,16.55296231869639,passive,
1.0,1101.526,1101.599,921.4000244140625,526.7999877929688,210.5,504.79998779296875,261.8999938964844,72.9999999998654,711.2403564983603,passive,
1.0,1102.148,1102.165,248.1999969482422,515.9000244140625,310.29998779296875,562.5,105.5999984741211,17.00000000005275,77.63998059972126,passive,
1.0,1102.655,1102.697,360.1000061035156,584.7999877929688,765.2999877929688,552.4000244140625,324.3999938964844,41.99999999991633,406.49327520647574,passive,
1.0,1103.464,1103.479,762.2999877929688,558.5999755859375,718.9000244140625,592.2000122070312,74.9000015258789,15.000000000100044,54.88642165626435,passive,
1.0,1104.068,1104.078,716.9000244140625,616.5999755859375,750.9000244140625,625.5,66.4000015258789,9.999999999990905,35.14556066661775,passive,
1.0,1104.392,1104.411,745.2999877929688,622.0999755859375,676.5,563.7999877929688,116.5999984741211,19.000000000005457,90.1794150400908,passive,
1.0,1105.071,1105.145,306.20001220703125,579.2999877929688,812.9000244140625,620.7999877929688,179.60000610351562,74.00000000006912,508.396648661855,,
1.0,1105.318,1105.333,779.9000244140625,625.7999877929688,738.0,623.0999755859375,63.400001525878906,15.000000000100044,41.98692786829195,passive,
1.0,1105.361,1105.626,701.7000122070312,622.0,704.2000122070312,605.2000122070312,227.6999969482422,264.99999999987267,16.984981302430068,passive,
1.0,1105.833,1105.849,704.5999755859375,596.4000244140625,749.0999755859375,592.7999877929688,61.5,15.999999999849024,44.64538345308747,passive,
1.0,1106.437,1106.487,775.0999755859375,600.7999877929688,527.5,424.3999938964844,183.10000610351562,50.0000000001819,304.0110290052592,passive,
1.0,1106.749,1106.766,538.7999877929688,425.29998779296875,471.1000061035156,391.6000061035156,111.5999984741211,17.00000000005275,75.62391345746241,passive,
1.0,1107.124,1107.129,460.5,387.1000061035156,470.70001220703125,394.29998779296875,37.5,4.999999999881766,12.485190641397784,passive,
1.0,1107.325,1107.336,481.5,387.70001220703125,515.9000244140625,390.6000061035156,62.099998474121094,10.999999999967258,34.522045772053296,passive,
1.0,1107.652,1107.699,516.7000122070312,391.29998779296875,772.5999755859375,626.7999877929688,240.6999969482422,47.000000000025466,347.77153600794526,passive,
1.0,1108.094,1108.355,767.5999755859375,642.2999877929688,675.2000122070312,517.7999877929688,195.8000030517578,260.99999999996726,155.0419402369024,passive,
1.0,1108.578,1108.608,653.5,536.5999755859375,831.5,441.70001220703125,211.3000030517578,29.999999999972715,201.71763197429655,passive,
1.0,1108.904,1108.914,816.7000122070312,434.6000061035156,821.7000122070312,411.3999938964844,41.400001525878906,9.999999999990905,23.732689826616767,passive,
1.0,1109.078,1109.128,816.7000122070312,404.1000061035156,399.20001220703125,248.1999969482422,258.0,49.999999999954525,445.65801109664164,passive,
1.0,1109.401,1109.414,423.8999938964844,256.8999938964844,416.70001220703125,297.20001220703125,65.0,12.999999999919964,40.938138845810684,passive,
1.0,1109.673,1109.703,425.0,295.5,389.70001220703125,428.20001220703125,136.8000030517578,29.999999999972715,137.31490224272815,passive,
1.0,1109.906,1109.975,409.20001220703125,426.8999938964844,879.0,902.0,376.8999938964844,68.99999999995998,668.1557036573392,passive,
1.0,1110.204,1110.222,899.2999877929688,919.9000244140625,941.5,875.0,96.5,18.000000000029104,61.61861100882586,passive,
1.0,1110.487,1110.495,916.4000244140625,899.4000244140625,922.7999877929688,881.5,40.5,7.999999999810825,19.00974500816291,passive,
1.0,1110.65,1110.699,907.7000122070312,863.4000244140625,1289.800048828125,614.4000244140625,332.8999938964844,48.99999999997817,456.07174653319754,passive,
1.0,1110.898,1110.916,1276.5999755859375,608.9000244140625,1224.300048828125,669.5,94.4000015258789,18.000000000029104,80.04773188472471,passive,
1.0,1111.232,1111.451,1227.699951171875,655.4000244140625,594.0999755859375,532.4000244140625,668.4000244140625,219.00000000005093,645.4284848552167,passive,
1.0,1111.558,1111.583,577.9000244140625,551.5999755859375,766.4000244140625,564.0999755859375,269.20001220703125,25.00000000009095,188.914001598611,passive,
1.0,1111.754,1111.766,773.0999755859375,578.5999755859375,808.5,573.0999755859375,64.0999984741211,12.000000000170985,35.824736265829245,passive,
1.0,1112.235,1112.259,785.7999877929688,573.7000122070312,911.2000122070312,522.5,188.6999969482422,24.000000000114596,135.4496488480041,passive,
1.0,1112.537,1112.559,895.7000122070312,517.2000122070312,976.0,423.1000061035156,186.8000030517578,21.999999999934516,123.70488748724769,passive,
1.0,1112.766,1112.817,965.2000122070312,418.1000061035156,1050.0,865.7999877929688,330.70001220703125,50.99999999993088,455.6603027853362,passive,
1.0,1113.112,1113.135,1038.0,823.0,1155.0,832.7999877929688,177.39999389648438,22.99999999991087,117.40970897137228,passive,
1.0,1114.252,1114.294,1111.699951171875,847.9000244140625,975.7000122070312,574.0,228.0,42.0000000001437,305.80583181565595,passive,
1.0,1116.51,1116.614,944.5,541.5,265.0,701.7999877929688,219.5,104.00000000004184,698.1520866447553,passive,
1.0,1116.769,1116.938,284.8999938964844,733.5,874.5999755859375,632.7999877929688,369.70001220703125,169.0000000000964,598.236208251421,passive,
1.0,1118.978,1118.995,865.5,638.5999755859375,800.5,602.7999877929688,103.4000015258789,16.999999999825377,74.20673234940824,passive,
1.0,1119.868,1119.919,795.5999755859375,607.9000244140625,465.79998779296875,431.79998779296875,185.10000610351562,51.00000000015825,373.87063918712965,passive,
1.0,1120.087,1120.104,458.70001220703125,417.8999938964844,399.1000061035156,388.70001220703125,97.0999984741211,17.00000000005275,66.36866473120804,passive,
1.0,1120.522,1120.534,400.79998779296875,383.3999938964844,419.5,342.29998779296875,77.9000015258789,12.000000000170985,45.15419092678042,passive,
1.0,1121.211,1121.264,422.0,356.8999938964844,772.2000122070312,610.2000122070312,267.5,52.999999999883585,432.20475220192594,passive,
1.0,1122.792,1122.832,759.7000122070312,594.2999877929688,1006.5,538.7000122070312,172.10000610351562,40.000000000190994,252.98535779717838,passive,
1.0,1123.049,1123.275,1005.4000244140625,532.2000122070312,651.2999877929688,480.70001220703125,557.0999755859375,226.00000000011278,357.8254964854516,passive,
1.0,1123.783,1123.807,655.2999877929688,493.70001220703125,553.0999755859375,501.79998779296875,114.0999984741211,24.000000000114596,102.52049599767902,passive,
1.0,1123.963,1124.13,546.7999877929688,543.2999877929688,969.7000122070312,538.5,663.5999755859375,167.0000000001437,422.9272638790591,passive,
1.0,1124.412,1124.433,935.2000122070312,528.7000122070312,827.7999877929688,571.2999877929688,145.10000610351562,20.999999999958163,115.54013659358246,passive,
1.0,1124.8,1124.841,821.4000244140625,559.5,1010.0,607.7999877929688,152.1999969482422,40.99999999993997,194.686516255793,passive,
1.0,1125.042,1125.079,977.0,605.0,747.5999755859375,590.5999755859375,168.60000610351562,37.00000000003456,229.85154318450435,passive,
1.0,1125.291,1125.327,749.7000122070312,600.5999755859375,573.4000244140625,559.9000244140625,162.60000610351562,36.00000000005821,180.9369274669876,passive,
1.0,1126.733,1126.968,644.0,550.0,907.5999755859375,535.9000244140625,510.29998779296875,235.00000000012733,263.9768104217317,passive,
1.0,1127.112,1127.127,886.0,578.9000244140625,821.4000244140625,567.0999755859375,99.5,14.99999999987267,65.66885104865057,passive,
1.0,1127.474,1127.49,817.0999755859375,567.7999877929688,873.7000122070312,584.5999755859375,79.0,16.000000000076398,59.040695586629504,passive,
1.0,1127.707,1127.97,872.2000122070312,617.5999755859375,536.0,501.3999938964844,353.0,262.99999999991996,355.7146102603001,passive,
1.0,1128.209,1128.248,567.0999755859375,543.2000122070312,802.2000122070312,520.2999877929688,209.89999389648438,38.99999999998727,236.21269724001775,passive,
1.0,1128.453,1128.478,780.5999755859375,515.7999877929688,917.5999755859375,500.0,167.60000610351562,25.00000000009095,137.9080839336765,passive,
1.0,1129.023,1129.182,882.4000244140625,501.29998779296875,748.7000122070312,460.5,468.29998779296875,159.0000000001055,139.78673852718185,passive,
1.0,1129.217,1129.229,741.5999755859375,468.79998779296875,734.5999755859375,508.8999938964844,81.9000015258789,11.999999999943611,40.70639371771946,passive,
1.0,1129.348,1129.365,721.2000122070312,521.7000122070312,783.0999755859375,555.2999877929688,97.5,17.00000000005275,70.43127022626761,passive,
1.0,1130.673,1130.692,767.0999755859375,566.4000244140625,844.0999755859375,557.4000244140625,87.80000305175781,19.000000000005457,77.52418977325722,passive,
1.0,1131.112,1131.128,854.7999877929688,551.4000244140625,908.0,553.5999755859375,77.30000305175781,15.999999999849024,53.24547946996917,passive,
1.0,1131.551,1131.572,907.4000244140625,558.7000122070312,804.7000122070312,573.5999755859375,117.0999984741211,20.999999999958163,103.7752447167296,passive,
1.0,1132.677,1132.724,779.4000244140625,577.2000122070312,433.70001220703125,577.0999755859375,217.89999389648438,47.000000000025466,345.70002668103325,passive,
1.0,1133.136,1133.178,432.20001220703125,578.0999755859375,693.4000244140625,566.7000122070312,190.10000610351562,42.0000000001437,261.4486671260607,passive,
1.0,1133.582,1133.606,677.0,571.7999877929688,798.0999755859375,561.7000122070312,130.6999969482422,23.999999999887223,121.52042459500869,passive,
1.0,1133.87,1133.88,811.2999877929688,559.9000244140625,839.7999877929688,563.0999755859375,54.0,10.000000000218279,28.679081008679205,passive,
1.0,1134.352,1134.622,787.5999755859375,589.0999755859375,715.7000122070312,562.4000244140625,211.6999969482422,269.9999999999818,76.69740625646065,passive,
1.0,1135.08,1135.111,704.7999877929688,568.2999877929688,763.2999877929688,417.6000061035156,134.60000610351562,31.000000000176442,161.65622314405812,passive,
1.0,1135.371,1135.421,750.5,440.5,938.7000122070312,672.2999877929688,182.1999969482422,49.999999999954525,298.58077455781904,passive,
1.0,1135.844,1135.88,925.0999755859375,660.7999877929688,1189.300048828125,531.2999877929688,271.5,36.00000000005821,294.23108044728593,passive,
1.0,1136.009,1136.028,1173.199951171875,530.5999755859375,1151.5,442.29998779296875,132.3000030517578,19.000000000005457,90.92731011692906,passive,
1.0,1136.753,1136.761,1129.0999755859375,441.70001220703125,1147.0999755859375,441.70001220703125,39.5,8.000000000038199,18.0,passive,
1.0,1137.283,1137.5,1084.699951171875,436.1000061035156,931.7000122070312,401.0,503.29998779296875,217.00000000009823,156.9744939527207,passive,
1.0,1137.524,1137.533,930.0,426.70001220703125,926.2000122070312,460.70001220703125,73.5999984741211,9.000000000014552,34.21169255132975,passive,
1.0,1137.71,1137.73,905.9000244140625,481.70001220703125,830.2000122070312,466.29998779296875,95.30000305175781,19.99999999998181,77.25058316995673,passive,
1.0,1138.049,1138.081,803.7999877929688,469.3999938964844,916.5999755859375,618.2999877929688,164.39999389648438,31.99999999992542,186.80215584534076,passive,
1.0,1138.231,1138.253,899.0,620.5,925.4000244140625,712.9000244140625,120.19999694824219,21.999999999934516,96.09748072026885,passive,
1.0,1138.869,1138.882,940.0,710.5999755859375,916.7000122070312,703.0,40.099998474121094,13.000000000147338,24.508142729699834,passive,
1.0,1139.125,1139.151,899.5,691.5999755859375,773.2999877929688,646.7999877929688,113.69999694824219,26.000000000067303,133.91595120561624,passive,
1.0,1139.395,1139.415,749.5999755859375,632.7999877929688,677.7999877929688,599.5999755859375,106.5999984741211,19.99999999998181,79.10422907542609,passive,
1.0,1139.596,1139.621,679.7000122070312,594.0999755859375,529.5999755859375,675.5999755859375,203.0,25.00000000009095,170.79891976723297,passive,
1.0,1139.977,1140.227,537.5,693.5,597.2000122070312,531.7000122070312,614.2999877929688,250.0,172.46253943197206,passive,
1.0,1140.438,1140.451,577.0,529.4000244140625,587.9000244140625,493.6000061035156,58.5,12.999999999919964,37.42261139020967,passive,
1.0,1140.573,1140.605,585.7999877929688,494.1000061035156,819.0999755859375,619.2000122070312,229.1999969482422,31.99999999992542,264.7241882248372,passive,
1.0,1141.124,1141.2,810.0,609.2999877929688,1285.4000244140625,700.5,198.89999389648438,76.00000000002183,484.0688230401271,passive,
1.0,1141.39,1141.446,1248.4000244140625,692.9000244140625,737.0,522.7000122070312,279.0,55.999999999812644,538.978690790255,passive,
1.0,1142.64,1142.662,742.7000122070312,550.7999877929688,822.2000122070312,578.9000244140625,109.5999984741211,21.999999999934516,84.31999797264471,passive,
1.0,1143.401,1143.424,807.2999877929688,552.0,924.4000244140625,625.7999877929688,176.60000610351562,22.99999999991087,138.41552216028313,passive,
1.0,1143.883,1143.899,925.7000122070312,622.7000122070312,979.7999877929688,644.2999877929688,93.5,15.999999999849024,58.252607698815766,passive,
1.0,1144.884,1144.909,960.7999877929688,664.5999755859375,866.5,588.5,125.5,25.00000000009095,121.17629298643502,passive,
1.0,1145.092,1145.13,841.0999755859375,565.2000122070312,684.0,340.5,245.0,38.000000000010914,274.1723870395087,passive,
1.0,1145.4,1145.414,687.4000244140625,342.5,645.0999755859375,314.1000061035156,76.30000305175781,13.999999999896318,50.94952192299854,passive,
1.0,1145.732,1145.742,644.7000122070312,306.5,623.7999877929688,293.5,45.0,9.999999999990905,24.613228567345825,passive,
1.0,1145.89,1145.947,623.7000122070312,296.29998779296875,952.7000122070312,711.7999877929688,265.5,56.999999999789,529.9823110255662,passive,
1.0,1146.132,1146.178,943.5,694.2999877929688,926.7000122070312,544.2999877929688,116.0,46.00000000004911,150.93786665328187,passive,
1.0,1146.288,1146.531,887.9000244140625,547.0,641.2000122070312,528.7000122070312,1064.699951171875,242.99999999993815,247.37781949110186,passive,
1.0,1146.664,1146.684,645.9000244140625,550.5999755859375,748.7000122070312,567.7000122070312,150.1999969482422,19.99999999998181,104.21251720727828,passive,
1.0,1147.075,1147.096,763.4000244140625,566.0,836.0999755859375,586.7000122070312,108.30000305175781,20.999999999958163,75.58950592353578,passive,
1.0,1147.508,1147.555,828.2000122070312,588.9000244140625,1243.699951171875,642.7000122070312,355.6000061035156,47.000000000025466,418.9685405448868,passive,
1.0,1149.517,1149.596,1202.699951171875,648.5999755859375,675.5999755859375,566.7999877929688,172.1999969482422,78.99999999995089,533.4094321116057,passive,
1.0,1149.921,1149.997,685.7999877929688,580.0999755859375,123.5,483.79998779296875,221.10000610351562,76.00000000002183,570.4866027532099,passive,
1.0,1150.244,1150.301,114.30000305175781,500.29998779296875,652.7999877929688,542.7000122070312,268.8999938964844,57.00000000001637,540.1666369154962,passive,
1.0,1150.474,1150.511,647.5,553.9000244140625,413.5,525.5,186.39999389648438,37.00000000003456,235.7171215391859,passive,
1.0,1151.091,1151.117,413.6000061035156,516.4000244140625,545.2000122070312,516.0999755859375,136.6999969482422,26.000000000067303,131.60034815966335,passive,
1.0,1151.255,1151.315,537.2999877929688,517.7000122070312,1060.0999755859375,579.2000122070312,340.20001220703125,59.99999999994543,526.404860574376,passive,
1.0,1151.799,1151.813,1029.699951171875,603.5,979.9000244140625,608.9000244140625,81.5,14.000000000123691,50.09184533190967,passive,
1.0,1152.062,1152.304,918.7000122070312,614.0,847.2999877929688,591.0,203.1999969482422,242.00000000018917,75.0130887667527,passive,
1.0,1152.611,1152.633,840.5999755859375,594.5,991.0999755859375,569.0,227.60000610351562,21.999999999934516,152.64501302040628,passive,
1.0,1153.197,1153.231,996.7000122070312,560.4000244140625,1228.5999755859375,465.79998779296875,190.6999969482422,34.0000000001055,250.4531092716765,passive,
1.0,1153.493,1153.521,1239.5999755859375,460.0,1118.4000244140625,406.0,104.0,28.00000000002001,132.68544820011306,passive,
1.0,1153.762,1153.786,1072.4000244140625,402.79998779296875,909.7999877929688,388.79998779296875,202.1999969482422,24.000000000114596,163.2016296155802,passive,
1.0,1153.953,1154.015,857.7999877929688,394.70001220703125,367.20001220703125,408.0,248.3000030517578,62.00000000012551,490.78022140283485,passive,
1.0,1154.189,1154.226,383.8999938964844,420.6000061035156,665.5999755859375,538.7000122070312,225.0,37.00000000003456,305.45456474816126,passive,
1.0,1154.444,1154.704,606.5999755859375,539.4000244140625,747.0999755859375,558.7999877929688,301.6000061035156,259.9999999999909,141.83303063497905,passive,
1.0,1155.243,1155.27,741.2999877929688,535.4000244140625,856.2999877929688,592.5999755859375,129.1999969482422,27.000000000043656,128.44000316904732,passive,
1.0,1155.874,1155.895,835.0999755859375,571.0,928.0999755859375,573.9000244140625,121.19999694824219,20.999999999958163,93.04520482863241,passive,
1.0,1156.596,1156.608,954.2000122070312,563.4000244140625,987.7000122070312,568.4000244140625,59.20000076293945,11.999999999943611,33.8710791088799,passive,
1.0,1157.405,1157.658,767.7999877929688,589.2999877929688,725.9000244140625,560.0,244.39999389648438,252.99999999992906,51.12823305984476,,
1.0,1157.873,1157.884,746.5,595.2999877929688,782.2999877929688,602.7999877929688,61.900001525878906,10.999999999967258,36.57716672976068,constant,
1.0,1158.72,1158.765,795.9000244140625,601.7999877929688,444.1000061035156,796.7000122070312,241.6999969482422,45.00000000007276,402.1806464760621,constant,
1.0,1159.239,1159.296,456.70001220703125,795.7000122070312,900.5,414.20001220703125,346.70001220703125,57.00000000001637,585.2355757855457,constant,
1.0,1159.636,1159.653,868.2000122070312,419.20001220703125,942.0999755859375,413.70001220703125,106.9000015258789,17.00000000005275,74.10434931502796,constant,
1.0,1160.173,1160.197,949.0,403.70001220703125,1090.800048828125,375.1000061035156,172.3000030517578,23.999999999887223,144.65550178537893,constant,
1.0,1160.496,1160.501,1088.5,378.20001220703125,1075.800048828125,376.5,37.29999923706055,4.999999999881766,12.813227589958139,constant,
1.0,1161.034,1161.269,1043.4000244140625,404.3999938964844,1074.300048828125,382.0,457.1000061035156,234.99999999989996,38.165052539623154,constant,
1.0,1161.522,1161.598,1059.300048828125,457.8999938964844,382.1000061035156,886.2999877929688,295.20001220703125,76.00000000002183,801.3279307728644,constant,
1.0,1162.063,1162.078,431.6000061035156,847.0,483.6000061035156,848.5999755859375,78.4000015258789,14.99999999987267,52.024608810404295,constant,
1.0,1162.304,1162.768,491.29998779296875,855.9000244140625,500.8999938964844,978.2000122070312,179.1999969482422,463.9999999999418,122.67618811875369,constant,
1.0,1162.809,1162.831,502.20001220703125,981.7999877929688,433.70001220703125,920.9000244140625,113.5999984741211,21.999999999934516,91.65727215858064,constant,
1.0,1163.363,1163.391,437.0,923.4000244140625,596.5999755859375,861.5,140.60000610351562,28.00000000002001,171.18342568570526,constant,
1.0,1163.585,1163.651,599.5,834.4000244140625,970.7000122070312,532.7000122070312,231.60000610351562,66.00000000003092,478.3433353023986,constant,
1.0,1163.804,1163.825,947.7000122070312,521.0,942.2000122070312,424.20001220703125,147.10000610351562,20.999999999958163,96.95611191007454,constant,
1.0,1163.996,1164.031,932.5999755859375,442.0,1086.9000244140625,380.1000061035156,139.3000030517578,34.99999999985448,166.25316331651126,constant,
1.0,1164.256,1164.262,1099.0999755859375,356.1000061035156,1083.300048828125,353.6000061035156,44.20000076293945,5.999999999858119,15.996489788457948,constant,
1.0,1164.717,1164.735,1067.199951171875,373.1000061035156,1000.5,366.0,84.69999694824219,17.99999999980173,67.07677372235838,constant,
1.0,1164.992,1165.293,967.2000122070312,389.3999938964844,445.20001220703125,777.7999877929688,246.39999389648438,300.9999999999309,650.6447227625757,constant,
1.0,1165.547,1165.569,451.70001220703125,757.4000244140625,421.1000061035156,860.0999755859375,139.39999389648438,21.999999999934516,107.16174851242724,constant,
1.0,1165.965,1165.991,439.5,848.2999877929688,602.9000244140625,840.0,214.8000030517578,26.000000000067303,163.61068967484871,constant,
1.0,1166.283,1166.306,569.5999755859375,855.2999877929688,423.29998779296875,802.7999877929688,191.0,23.000000000138243,155.43466932516313,constant,
1.0,1174.269,1174.284,443.3999938964844,826.0999755859375,385.1000061035156,827.0,100.0,15.000000000100044,58.306934584200306,constant,
1.0,1174.662,1174.697,364.1000061035156,851.9000244140625,108.19999694824219,803.0999755859375,222.60000610351562,34.99999999985448,260.5115342001126,constant,
1.0,1175.038,1175.051,75.0999984741211,810.0999755859375,119.4000015258789,801.5,69.0,12.999999999919964,45.12704123321706,constant,
1.0,1175.257,1175.267,117.9000015258789,795.0,82.5,783.0999755859375,65.9000015258789,9.999999999990905,37.34662888518203,constant,
1.0,1175.589,1175.599,71.30000305175781,782.7999877929688,35.900001525878906,779.4000244140625,62.70000076293945,9.999999999990905,35.56290003655681,constant,
1.0,1176.915,1176.922,50.0,793.0999755859375,67.5999984741211,793.9000244140625,39.900001525878906,7.000000000061846,17.618173129369826,constant,
1.0,1177.13,1177.138,79.5999984741211,796.0999755859375,105.4000015258789,787.2000122070312,55.900001525878906,7.999999999810825,27.29193114487476,constant,
1.0,1177.456,1177.465,101.9000015258789,795.2999877929688,124.80000305175781,807.9000244140625,49.0,9.000000000014552,26.137539913659815,constant,
1.0,1177.769,1177.781,120.9000015258789,809.9000244140625,83.19999694824219,809.4000244140625,59.900001525878906,11.999999999943611,37.70332008131153,constant,
1.0,1178.116,1178.125,82.5,819.7999877929688,106.0999984741211,823.7999877929688,45.400001525878906,9.000000000014552,23.93658137618064,constant,
1.0,1178.414,1178.433,116.0,825.4000244140625,201.60000610351562,851.2999877929688,112.5999984741211,19.000000000005457,89.43248374025289,constant,
1.0,1178.725,1178.744,215.89999389648438,848.9000244140625,300.8999938964844,834.2999877929688,96.9000015258789,19.000000000005457,86.24477415668314,constant,
1.0,1178.914,1178.936,315.29998779296875,837.5,417.8999938964844,831.7999877929688,127.4000015258789,21.999999999934516,102.758218121967,constant,
1.0,1179.19,1179.213,415.3999938964844,838.0,554.5999755859375,850.7999877929688,166.39999389648438,22.99999999991087,139.78724759377815,constant,
1.0,1179.532,1179.54,570.0999755859375,855.9000244140625,593.5999755859375,856.0,51.29999923706055,8.000000000038199,23.500212661118272,constant,
1.0,1180.527,1180.534,521.2999877929688,842.5999755859375,505.70001220703125,837.7999877929688,38.29999923706055,7.000000000061846,16.321737686119548,constant,
1.0,1180.826,1180.835,489.3999938964844,831.4000244140625,468.20001220703125,822.7000122070312,44.400001525878906,9.000000000014552,22.915702826569394,constant,
1.0,1181.414,1181.424,434.1000061035156,821.0,410.5,830.0999755859375,45.400001525878906,9.999999999990905,25.293672010023244,constant,
1.0,1183.761,1183.778,397.6000061035156,829.5999755859375,454.70001220703125,836.0999755859375,68.4000015258789,17.00000000005275,57.46878019430656,constant,
1.0,1184.079,1184.094,451.0,834.2000122070312,493.3999938964844,845.7000122070312,62.70000076293945,15.000000000100044,43.931873195004016,constant,
1.0,1184.38,1184.395,492.8999938964844,843.0999755859375,539.2999877929688,858.2000122070312,63.0,14.99999999987267,48.7951897173498,constant,
1.0,1184.79,1184.804,529.0,861.0999755859375,507.6000061035156,885.2000122070312,42.400001525878906,14.000000000123691,32.229978341718265,constant,
1.0,1184.969,1184.991,494.20001220703125,896.9000244140625,403.5,897.2999877929688,106.4000015258789,21.999999999934516,90.7008940697945,constant,
1.0,1185.598,1185.616,366.79998779296875,904.9000244140625,297.70001220703125,909.5,97.69999694824219,18.000000000029104,69.25291619396529,constant,
1.0,1185.732,1185.753,283.79998779296875,913.4000244140625,187.60000610351562,882.0,112.0,20.999999999958163,101.19485169836871,constant,
1.0,1186.148,1186.157,169.5,879.4000244140625,191.39999389648438,893.5999755859375,51.599998474121094,9.000000000014552,26.100734586399806,constant,
1.0,1186.299,1186.305,193.39999389648438,895.4000244140625,177.8000030517578,897.5999755859375,44.0,6.0000000000854925,15.754348590601477,constant,
1.0,1186.868,1186.874,190.39999389648438,914.9000244140625,204.1999969482422,919.7999877929688,38.29999923706055,6.0000000000854925,14.644102066809944,constant,
1.0,1187.347,1187.355,214.0,916.7000122070312,192.5,907.4000244140625,48.0,8.000000000038199,23.42519525957826,constant,
1.0,1187.77,1187.776,199.8000030517578,914.0,214.60000610351562,921.2999877929688,41.29999923706055,6.0000000000854925,16.5024214014045,constant,
1.0,1188.161,1188.167,219.89999389648438,920.2999877929688,236.5,921.0999755859375,45.0,5.999999999858119,16.619271437269898,constant,
1.0,1188.393,1188.404,245.0,924.2999877929688,278.0,933.9000244140625,58.29999923706055,10.999999999967258,34.368018609258534,constant,
1.0,1189.006,1189.014,307.6000061035156,936.0999755859375,326.6000061035156,941.0,42.29999923706055,7.999999999810825,19.621677789078298,constant,
1.0,1189.464,1189.471,339.6000061035156,946.7000122070312,357.20001220703125,942.2000122070312,42.29999923706055,7.000000000061846,18.16618327673117,constant,
1.0,1189.702,1189.715,359.1000061035156,942.4000244140625,406.3999938964844,956.5999755859375,80.4000015258789,12.999999999919964,49.38549846360394,constant,
1.0,1190.411,1190.419,407.70001220703125,953.5,423.3999938964844,953.5,36.0,8.000000000038199,15.699981689453125,constant,
1.0,1190.668,1190.679,425.6000061035156,954.2999877929688,395.1000061035156,938.7999877929688,58.099998474121094,11.000000000194632,34.21257078911201,constant,
1.0,1190.911,1190.923,401.70001220703125,938.5999755859375,441.79998779296875,942.9000244140625,63.20000076293945,11.999999999943611,40.329870591374856,constant,
1.0,1191.182,1191.192,433.79998779296875,938.7000122070312,407.0,928.2000122070312,51.0,9.999999999990905,28.78349085332205,constant,
1.0,1191.869,1191.919,381.79998779296875,890.5,741.9000244140625,799.0999755859375,240.39999389648438,50.0000000001819,371.51850672261844,constant,
1.0,1192.081,1192.11,719.9000244140625,793.5,885.9000244140625,754.0,134.10000610351562,28.999999999996362,170.63484403837336,constant,
1.0,1192.261,1192.294,903.0,736.2000122070312,1054.800048828125,566.4000244140625,207.6999969482422,33.00000000012915,227.76147760039112,constant,
1.0,1192.523,1192.549,1046.0,546.9000244140625,961.7999877929688,436.5,126.0999984741211,26.000000000067303,138.8445441718536,constant,
1.0,1192.732,1192.756,921.0999755859375,408.8999938964844,1061.9000244140625,399.0,140.3000030517578,24.000000000114596,141.14766604217306,constant,
1.0,1194.334,1194.356,1066.5999755859375,399.20001220703125,952.5999755859375,376.1000061035156,122.19999694824219,21.999999999934516,116.3168529576968,constant,
1.0,1194.61,1194.625,916.9000244140625,388.3999938964844,897.2000122070312,442.5,78.5,15.000000000100044,57.575178170437376,constant,
1.0,1194.889,1194.966,886.7999877929688,459.79998779296875,441.5,665.7000122070312,146.6999969482422,76.99999999999818,490.59851119029054,constant,
1.0,1195.074,1195.282,446.70001220703125,704.2000122070312,501.5,785.2999877929688,507.3999938964844,207.9999999998563,97.8787244611881,constant,
1.0,1195.903,1195.954,482.1000061035156,802.0999755859375,90.4000015258789,790.7999877929688,193.89999389648438,50.99999999993088,391.86296496382744,constant,
1.0,1196.386,1196.412,112.19999694824219,790.0,252.8000030517578,843.2000122070312,151.5,26.000000000067303,150.32831740938533,constant,
1.0,1197.385,1197.417,259.8999938964844,891.7000122070312,467.70001220703125,829.2999877929688,186.10000610351562,31.99999999992542,216.9668422979401,constant,
1.0,1198.192,1198.199,495.6000061035156,843.5999755859375,477.29998779296875,842.0,43.70000076293945,7.000000000061846,18.369828307361693,constant,
1.0,1198.454,1198.473,466.29998779296875,836.0,387.8999938964844,835.0999755859375,101.5999984741211,19.000000000005457,78.40515982328392,constant,
1.0,1199.069,1199.122,374.70001220703125,841.9000244140625,88.5,795.0999755859375,123.5999984741211,53.00000000011096,290.0011923382725,constant,
1.0,1199.578,1199.59,50.70000076293945,807.9000244140625,11.899999618530273,781.9000244140625,73.5,11.999999999943611,46.70588923044024,constant,
1.0,1200.595,1200.606,21.200000762939453,785.5999755859375,56.900001525878906,798.0,62.400001525878906,10.999999999967258,37.792203692603366,constant,
1.0,1201.04,1201.054,74.30000305175781,786.0999755859375,122.9000015258789,782.9000244140625,73.80000305175781,14.000000000123691,48.70523112753862,constant,
1.0,1201.528,1201.543,138.8000030517578,792.7000122070312,97.80000305175781,805.2999877929688,62.79999923706055,14.99999999987267,42.89241640157641,constant,
1.0,1201.91,1201.992,105.5999984741211,808.5,818.2000122070312,670.0,199.3000030517578,81.99999999987995,725.9345904226797,constant,
1.0,1202.268,1202.302,797.5999755859375,668.7000122070312,988.0,462.70001220703125,257.29998779296875,33.99999999987813,280.5141160385259,constant,
1.0,1202.875,1202.892,985.5,428.0,1050.9000244140625,417.79998779296875,105.5,17.00000000005275,66.19065978205352,constant,
1.0,1204.126,1204.31,1013.2000122070312,410.0,1068.4000244140625,360.20001220703125,417.8999938964844,183.99999999996908,74.34433490075915,constant,
1.0,1204.472,1204.484,1013.5999755859375,357.5,985.7000122070312,348.1000061035156,46.70000076293945,11.999999999943611,29.440921211780267,constant,
1.0,1204.768,1204.807,954.0,384.20001220703125,819.5,537.5,111.30000305175781,38.99999999998727,203.93905034917753,constant,
1.0,1205.073,1205.093,790.9000244140625,563.7000122070312,876.0999755859375,596.2999877929688,116.19999694824219,19.99999999998181,91.22384604857221,constant,
1.0,1205.388,1205.404,860.2999877929688,591.7999877929688,823.0999755859375,629.7000122070312,72.30000305175781,16.000000000076398,53.10605199776959,constant,
1.0,1205.553,1205.577,821.0,639.7000122070312,881.9000244140625,761.4000244140625,176.39999389648438,23.999999999887223,136.08712630085537,constant,
1.0,1205.773,1205.792,873.2000122070312,767.9000244140625,794.5999755859375,786.7000122070312,111.19999694824219,19.000000000005457,80.81711018004202,constant,
1.0,1206.234,1206.303,788.0,786.0,1263.4000244140625,937.4000244140625,199.10000610351562,69.00000000018736,498.92599712329076,constant,
1.0,1206.632,1206.657,1238.199951171875,924.5999755859375,1336.5,940.7000122070312,123.0999984741211,24.999999999863576,99.6097925849277,constant,
1.0,1207.007,1207.26,1356.300048828125,991.7999877929688,1148.5999755859375,733.5999755859375,447.3999938964844,252.99999999992906,331.37073909523326,constant,
1.0,1207.296,1207.304,1142.300048828125,766.7999877929688,1132.5999755859375,799.7000122070312,70.5,8.000000000038199,34.30018990253131,constant,
1.0,1207.677,1207.696,1128.5999755859375,763.2999877929688,1049.300048828125,751.2000122070312,89.5999984741211,19.000000000005457,80.2177523555398,constant,
1.0,1207.984,1208.01,995.7000122070312,730.7999877929688,981.4000244140625,643.7999877929688,84.0999984741211,26.000000000067303,88.16739562263963,constant,
1.0,1208.271,1208.356,963.2999877929688,627.7999877929688,1513.300048828125,1006.2000122070312,234.10000610351562,85.00000000003638,667.5976674728864,constant,
1.0,1208.956,1209.02,1477.0,940.9000244140625,1131.699951171875,629.4000244140625,189.39999389648438,64.00000000007822,465.042335406902,constant,
1.0,1209.347,1209.365,784.5,591.0,865.4000244140625,605.4000244140625,102.5,18.000000000029104,82.17161707865742,,
1.0,1209.535,1209.55,856.4000244140625,601.5999755859375,803.0,584.4000244140625,80.5999984741211,14.99999999987267,56.101701647430936,,
1.0,1210.091,1210.114,784.5999755859375,579.5999755859375,894.2000122070312,623.0999755859375,149.8000030517578,23.000000000138243,117.91699634634988,constant,
1.0,1210.643,1210.662,858.2000122070312,596.4000244140625,810.2000122070312,574.9000244140625,63.5,19.000000000005457,52.59515186782903,constant,
1.0,1210.827,1210.864,807.4000244140625,591.7000122070312,692.5999755859375,742.2000122070312,152.89999389648438,37.00000000003456,189.28629430294177,constant,
1.0,1211.023,1211.031,685.5,729.4000244140625,662.9000244140625,736.2999877929688,51.400001525878906,8.000000000038199,23.629819955201064,constant,
1.0,1211.301,1211.308,655.0999755859375,741.7000122070312,671.7999877929688,745.7000122070312,43.0,7.000000000061846,17.172373386197748,constant,
1.0,1212.763,1212.773,662.0999755859375,758.5999755859375,686.7999877929688,756.2999877929688,46.0,9.999999999990905,24.806864914279235,constant,
1.0,1212.929,1212.936,690.0,754.2999877929688,710.2999877929688,758.9000244140625,46.5,6.999999999834472,20.81465448452325,constant,
1.0,1213.183,1213.201,716.0999755859375,757.0999755859375,664.0,813.9000244140625,95.9000015258789,18.000000000029104,77.07563170634846,constant,
1.0,1213.905,1213.912,672.7000122070312,833.4000244140625,686.5999755859375,833.0,38.0,7.000000000061846,13.905718301000524,constant,
1.0,1214.105,1214.114,696.2000122070312,828.2999877929688,721.5,824.2999877929688,50.79999923706055,9.000000000014552,25.61424178702871,constant,
1.0,1214.364,1214.373,728.7999877929688,826.0999755859375,752.4000244140625,828.2999877929688,48.099998474121094,9.000000000014552,23.702358157534718,constant,
1.0,1214.729,1214.747,752.9000244140625,821.7999877929688,667.0,824.2999877929688,111.5999984741211,18.000000000029104,85.93639621450583,constant,
1.0,1215.273,1215.284,656.2999877929688,839.5,687.4000244140625,843.4000244140625,54.70000076293945,11.000000000194632,31.3436192591675,constant,
1.0,1215.622,1215.787,668.0,857.0999755859375,670.0,787.9000244140625,137.3000030517578,164.99999999996362,69.22884689340047,constant,
1.0,1216.52,1216.537,624.9000244140625,828.0,691.5999755859375,835.9000244140625,102.80000305175781,17.00000000005275,67.16616612605853,constant,
1.0,1217.134,1217.147,681.5,827.9000244140625,720.7999877929688,839.2000122070312,61.5,12.999999999919964,40.892282458292,constant,
1.0,1217.764,1217.774,720.4000244140625,831.0,753.7999877929688,830.0,61.29999923706055,9.999999999990905,33.41493010186133,constant,
1.0,1218.146,1218.154,750.0999755859375,832.5999755859375,773.5,836.9000244140625,51.099998474121094,8.000000000038199,23.791838148890058,constant,
1.0,1218.605,1218.617,773.0999755859375,828.0999755859375,732.0,824.9000244140625,69.0999984741211,11.999999999943611,41.22435785633346,constant,
1.0,1219.516,1219.529,706.5,830.5999755859375,667.5,832.2000122070312,62.70000076293945,12.999999999919964,39.03280821551072,constant,
1.0,1219.791,1220.017,641.9000244140625,855.7000122070312,766.2999877929688,825.7000122070312,98.19999694824219,226.00000000011278,127.96620994885023,constant,
1.0,1220.168,1220.193,744.2999877929688,827.2000122070312,628.5,835.0999755859375,131.5,25.00000000009095,116.06914574614466,constant,
1.0,1220.383,1220.39,645.2000122070312,833.9000244140625,626.7999877929688,832.5999755859375,44.5,7.000000000061846,18.445894540347055,constant,
1.0,1220.511,1220.524,627.9000244140625,833.7000122070312,671.7999877929688,836.7999877929688,70.5999984741211,12.999999999919964,44.009278945498735,constant,
1.0,1221.285,1221.295,665.0,825.0,693.5,831.0,53.900001525878906,9.999999999990905,29.124731758421397,constant,
1.0,1221.694,1221.706,697.5999755859375,835.2999877929688,735.5999755859375,838.7999877929688,64.5999984741211,11.999999999943611,38.16084380618437,constant,
1.0,1222.117,1222.127,739.7000122070312,831.5,765.9000244140625,834.2000122070312,50.20000076293945,9.999999999990905,26.338768110272436,constant,
1.0,1222.521,1222.537,750.0999755859375,813.4000244140625,694.5999755859375,830.0,90.0999984741211,16.000000000076398,57.92934653052562,constant,
1.0,1222.702,1222.71,697.9000244140625,820.5999755859375,674.5,819.0,50.0,8.000000000038199,23.454659759935062,constant,
1.0,1223.225,1223.237,672.9000244140625,827.5999755859375,709.5,829.7000122070312,58.79999923706055,12.000000000170985,36.66017412262462,constant,
1.0,1223.6,1223.612,703.5,822.7999877929688,738.2999877929688,826.4000244140625,58.0,12.000000000170985,34.98570299513774,constant,
1.0,1223.934,1223.95,735.9000244140625,825.0999755859375,673.7999877929688,808.5999755859375,86.19999694824219,16.000000000076398,64.25468503028542,constant,
1.0,1224.079,1224.086,667.0999755859375,817.0,684.4000244140625,817.0999755859375,43.099998474121094,7.000000000061846,17.300337701134413,constant,
1.0,1224.815,1224.826,688.7999877929688,829.0999755859375,722.4000244140625,835.5,56.900001525878906,10.999999999967258,34.20413386477484,constant,
1.0,1225.139,1225.149,719.7000122070312,831.7999877929688,749.0999755859375,836.9000244140625,56.70000076293945,9.999999999990905,29.839038527029082,constant,
1.0,1225.806,1225.844,730.7000122070312,839.9000244140625,971.0999755859375,806.0,211.3000030517578,38.000000000010914,242.77840523377176,constant,
1.0,1226.139,1226.147,952.7999877929688,817.5999755859375,973.7999877929688,818.2000122070312,46.70000076293945,8.000000000038199,21.008570725935964,constant,
1.0,1226.442,1226.456,974.4000244140625,822.9000244140625,1031.0,823.2000122070312,91.4000015258789,13.999999999896318,56.60077056900066,constant,
1.0,1226.643,1226.653,1028.4000244140625,823.9000244140625,1040.5999755859375,796.7999877929688,52.0,9.999999999990905,29.719535552574783,constant,
1.0,1227.324,1227.527,985.5999755859375,807.0,818.5,691.7000122070312,136.5,202.99999999997453,203.01844503857194,constant,
1.0,1227.684,1227.708,812.7999877929688,661.4000244140625,712.5,558.2000122070312,143.8000030517578,24.000000000114596,143.91084069937565,constant,
1.0,1228.039,1228.063,701.7000122070312,544.9000244140625,665.2999877929688,416.1000061035156,148.0,24.000000000114596,133.8447103704198,constant,
1.0,1228.506,1228.53,642.9000244140625,353.70001220703125,528.9000244140625,358.1000061035156,102.0999984741211,23.999999999887223,114.08488044560988,constant,
1.0,1228.86,1228.874,465.5,365.3999938964844,515.2000122070312,364.5,68.5999984741211,14.000000000123691,49.70816031993906,constant,
1.0,1229.204,1229.217,527.5,345.8999938964844,571.5,334.0,73.5,13.000000000147338,45.58080577103004,constant,
1.0,1229.452,1229.464,564.4000244140625,319.5,529.5,320.6000061035156,54.70000076293945,11.999999999943611,34.91735553460385,constant,
1.0,1229.935,1229.947,531.5999755859375,332.5,494.1000061035156,340.79998779296875,63.5,11.999999999943611,38.407518906406885,constant,
1.0,1230.244,1230.257,499.5,352.6000061035156,544.7999877929688,338.1000061035156,77.4000015258789,13.000000000147338,47.56405043773204,constant,
1.0,1230.558,1230.602,547.2000122070312,337.1000061035156,722.0999755859375,215.5,158.3000030517578,44.000000000096406,213.01774262797403,constant,
1.0,1230.881,1230.906,693.9000244140625,220.1999969482422,724.0999755859375,306.79998779296875,85.69999694824219,24.999999999863576,91.71475053169124,constant,
1.0,1231.21,1231.223,709.7000122070312,334.5,693.5999755859375,380.20001220703125,79.80000305175781,12.999999999919964,48.4530937600827,constant,
1.0,1231.491,1231.511,691.2000122070312,385.3999938964844,749.9000244140625,423.1000061035156,70.80000305175781,19.99999999998181,69.7637610333325,constant,
1.0,1232.324,1232.349,727.7000122070312,463.79998779296875,766.5999755859375,318.20001220703125,164.8000030517578,24.999999999863576,150.70686793078093,constant,
1.0,1232.55,1232.572,760.7000122070312,310.3999938964844,877.5999755859375,314.8999938964844,159.6999969482422,21.999999999934516,116.98654383299655,constant,
1.0,1232.772,1232.784,884.2999877929688,311.20001220703125,895.9000244140625,348.29998779296875,68.80000305175781,12.000000000170985,38.871185190162066,constant,
1.0,1233.07,1233.083,892.2000122070312,346.3999938964844,847.4000244140625,324.0,80.0,13.000000000147338,50.08790904811945,constant,
1.0,1233.175,1233.188,835.9000244140625,315.5,783.0,311.70001220703125,86.0999984741211,13.000000000147338,53.03633179467751,constant,
1.0,1233.782,1233.801,781.5999755859375,317.79998779296875,860.7999877929688,326.5,111.80000305175781,19.000000000005457,79.67642151851696,constant,
1.0,1234.252,1234.271,866.7000122070312,362.1000061035156,778.5999755859375,351.6000061035156,132.3000030517578,19.000000000005457,88.72353945057681,constant,
1.0,1234.536,1234.557,737.0999755859375,369.29998779296875,632.5999755859375,406.20001220703125,151.3000030517578,20.999999999958163,110.82356158217624,constant,
1.0,1234.81,1234.83,592.2999877929688,403.3999938964844,521.9000244140625,449.79998779296875,88.0,19.99999999998181,84.31556367210699,constant,
1.0,1235.022,1235.038,525.0999755859375,452.70001220703125,487.1000061035156,486.0,65.4000015258789,16.000000000076398,50.5261008556653,constant,
1.0,1235.321,1235.342,481.20001220703125,495.6000061035156,560.0999755859375,546.4000244140625,132.3000030517578,21.000000000185537,93.83946974245244,constant,
1.0,1235.579,1235.593,558.0999755859375,541.5999755859375,602.0,542.7000122070312,66.9000015258789,14.000000000123691,43.91380448245211,constant,
1.0,1235.854,1235.868,602.2000122070312,537.9000244140625,557.5999755859375,546.5999755859375,70.0,13.999999999896318,45.44064718944827,constant,
1.0,1236.161,1236.198,551.5999755859375,563.4000244140625,877.2999877929688,487.3999938964844,247.3000030517578,37.00000000003456,334.44955163721346,constant,
1.0,1236.774,1236.785,888.0,461.3999938964844,920.0999755859375,482.29998779296875,69.19999694824219,11.000000000194632,38.30428406184963,constant,
1.0,1237.091,1237.106,909.0999755859375,484.70001220703125,859.0,482.8999938964844,71.69999694824219,15.000000000100044,50.13230116032813,constant,
1.0,1237.227,1237.249,842.4000244140625,494.79998779296875,748.5999755859375,522.0,103.5999984741211,21.999999999934516,97.66416857896904,constant,
1.0,1237.536,1237.732,750.2000122070312,645.0999755859375,790.0,525.0,261.70001220703125,195.9999999999127,126.5228958096646,,
1.0,1237.755,1237.774,780.9000244140625,495.1000061035156,769.5,573.0,132.0,18.999999999778083,78.72972504533166,,
1.0,1238.143,1238.163,762.5999755859375,573.5,844.7999877929688,629.9000244140625,153.1999969482422,19.99999999998181,99.68853876320453,constant,
1.0,1238.394,1238.408,829.0,642.2999877929688,777.5,624.0999755859375,84.0999984741211,13.999999999896318,54.62133689627238,constant,
1.0,1239.261,1239.282,773.4000244140625,601.2000122070312,736.5,688.5,110.69999694824219,20.999999999958163,94.77816030294585,constant,
1.0,1239.579,1239.621,729.9000244140625,718.5,1019.5,821.0999755859375,250.3000030517578,42.0000000001437,307.23753164223046,constant,
1.0,1239.905,1239.919,1011.5,819.4000244140625,1050.5999755859375,854.5999755859375,78.5999984741211,14.000000000123691,52.610309382508795,constant,
1.0,1240.16,1240.196,1045.0999755859375,857.2000122070312,1257.699951171875,894.7999877929688,165.10000610351562,35.999999999830834,215.89930009892186,constant,
1.0,1240.557,1240.59,1252.9000244140625,895.2999877929688,1424.800048828125,710.9000244140625,278.6000061035156,32.999999999901775,252.09713383475278,constant,
1.0,1240.82,1240.836,1405.9000244140625,704.5999755859375,1459.0,717.7000122070312,90.19999694824219,16.000000000076398,54.69203202205195,constant,
1.0,1241.037,1241.045,1440.0,704.7000122070312,1421.0,699.0,41.79999923706055,8.000000000038199,19.83658587459811,constant,
1.0,1241.361,1241.448,1413.0999755859375,695.5999755859375,888.9000244140625,353.0,201.6999969482422,86.99999999998909,626.2270611208694,constant,
1.0,1241.807,1241.824,895.9000244140625,351.3999938964844,950.4000244140625,345.3999938964844,64.5999984741211,17.00000000005275,54.82928049865327,constant,
1.0,1241.96,1242.005,966.9000244140625,338.5,1241.800048828125,334.1000061035156,211.5,45.00000000007276,274.9352348629423,constant,
1.0,1242.381,1242.495,1237.0,339.29998779296875,336.0,293.5,296.3999938964844,113.99999999980537,902.1633105385278,constant,
1.0,1242.972,1242.992,354.6000061035156,323.3999938964844,271.20001220703125,318.20001220703125,116.19999694824219,19.99999999998181,83.56194583364056,constant,
1.0,1243.222,1243.257,282.20001220703125,364.70001220703125,187.0,474.8999938964844,177.39999389648438,35.000000000081855,145.62650269979946,constant,
1.0,1243.693,1243.719,224.8000030517578,491.79998779296875,305.1000061035156,576.9000244140625,123.5999984741211,26.000000000067303,117.00472948998178,constant,
1.0,1244.115,1244.322,338.29998779296875,612.0,298.3999938964844,674.0999755859375,630.0,206.99999999987995,73.81338957610282,constant,
1.0,1244.349,1244.36,303.8999938964844,676.4000244140625,291.70001220703125,721.9000244140625,103.0,10.999999999967258,47.107213388429074,constant,
1.0,1244.583,1244.637,315.79998779296875,725.7000122070312,826.5999755859375,676.5,352.5,53.99999999985994,513.1639784030725,constant,
1.0,1244.999,1245.018,799.4000244140625,699.5999755859375,736.2000122070312,748.7000122070312,116.5999984741211,19.000000000005457,80.03158838334802,constant,
1.0,1245.631,1245.67,739.5,733.9000244140625,1008.0999755859375,734.2000122070312,304.29998779296875,38.99999999998727,268.6001431076353,constant,
1.0,1248.027,1248.057,959.7999877929688,740.2000122070312,789.5,723.0999755859375,130.60000610351562,29.999999999972715,171.15635277350373,constant,
1.0,1248.46,1248.472,703.0999755859375,745.2999877929688,739.2999877929688,761.7000122070312,66.5,11.999999999943611,39.74168698697952,constant,
1.0,1273.545,1273.595,786.2000122070312,748.7999877929688,984.0999755859375,766.2000122070312,112.9000015258789,49.999999999954525,198.66342480432175,constant,
1.0,1273.621,1273.629,1050.5,785.9000244140625,1090.0999755859375,795.9000244140625,89.5,7.999999999810825,40.84309080379258,constant,
1.0,1274.067,1274.1,1302.199951171875,866.9000244140625,1480.4000244140625,803.7000122070312,157.89999389648438,32.999999999901775,189.07540201329704,constant,
1.0,1274.275,1274.289,1473.0,795.7000122070312,1452.0999755859375,744.2999877929688,80.19999694824219,13.999999999896318,55.48669687659042,constant,
1.0,1274.427,1274.671,1428.199951171875,741.7000122070312,1425.5999755859375,732.5999755859375,463.70001220703125,244.00000000014188,9.464171361123931,constant,
1.0,1274.982,1274.991,1418.800048828125,724.4000244140625,1439.9000244140625,711.9000244140625,47.79999923706055,9.000000000014552,24.524660440608724,constant,
1.0,1275.355,1275.621,1430.4000244140625,724.5,1210.4000244140625,821.2999877929688,216.0,266.0000000000764,240.3544000777163,constant,
1.0,1275.833,1275.853,1200.4000244140625,801.0,1090.5999755859375,846.0,172.6999969482422,19.99999999998181,118.66360319263289,constant,
1.0,1276.37,1276.396,1063.699951171875,825.4000244140625,920.9000244140625,866.7000122070312,135.8000030517578,26.000000000067303,148.6523059818985,constant,
1.0,1276.722,1276.76,881.5,866.9000244140625,1088.699951171875,711.5999755859375,192.8000030517578,38.000000000010914,258.9400025713397,constant,
1.0,1277.013,1277.035,1044.9000244140625,724.0999755859375,1037.0,616.0,110.80000305175781,22.00000000016189,108.3882609299691,constant,
1.0,1277.645,1277.666,1040.800048828125,611.9000244140625,1136.0999755859375,577.0999755859375,143.8000030517578,20.999999999958163,101.45501189435794,constant,
1.0,1278.267,1278.272,1098.199951171875,554.9000244140625,1085.5,558.4000244140625,40.400001525878906,4.999999999881766,13.17341109083024,constant,
1.0,1278.586,1278.626,1079.5,558.9000244140625,821.7999877929688,744.2999877929688,243.3000030517578,39.99999999996362,317.462505994651,constant,
1.0,1278.864,1278.896,825.7000122070312,741.5999755859375,1076.5999755859375,584.5999755859375,277.1000061035156,31.99999999992542,295.97261971935256,constant,
1.0,1279.194,1279.215,1099.0999755859375,548.7999877929688,1236.800048828125,532.7999877929688,197.89999389648438,20.999999999958163,138.62651323215124,constant,
1.0,1279.559,1279.571,1233.4000244140625,522.2000122070312,1196.5,527.2999877929688,57.70000076293945,11.999999999943611,37.2507926457353,constant,
1.0,1280.173,1280.251,512.7000122070312,658.0,786.7999877929688,530.5,870.5,77.99999999997453,302.30290540484646,,
1.0,1280.445,1280.457,802.7000122070312,532.2999877929688,838.2999877929688,557.2999877929688,72.4000015258789,12.000000000170985,43.501244369780345,,
1.0,1281.049,1281.057,818.5,542.9000244140625,841.0,542.5,49.0,8.000000000038199,22.503555708639603,active,
1.0,1281.68,1281.702,838.0999755859375,541.2000122070312,734.5,527.0,111.5999984741211,21.999999999934516,104.56861521549706,active,
1.0,1281.903,1281.931,718.9000244140625,532.7999877929688,625.0,744.2999877929688,249.0,28.00000000002001,231.40757244515905,active,
1.0,1282.272,1282.302,623.2000122070312,780.9000244140625,662.5,614.7999877929688,150.0,29.999999999972715,170.68600178707152,active,
1.0,1282.483,1282.508,650.0999755859375,582.7999877929688,782.7999877929688,448.70001220703125,240.89999389648438,25.00000000009095,188.65867775402032,active,
1.0,1282.849,1282.884,787.5999755859375,447.6000061035156,649.0999755859375,517.4000244140625,145.60000610351562,35.000000000081855,155.09446333171496,active,
1.0,1283.347,1283.614,652.0,510.5,734.5,551.4000244140625,536.5999755859375,267.00000000005275,92.08182229447301,active,
1.0,1283.773,1283.793,742.4000244140625,542.0,839.0,524.5,128.89999389648438,19.99999999998181,98.17232442599962,active,
1.0,1283.831,1283.849,839.5999755859375,512.7000122070312,907.2000122070312,528.7999877929688,106.5999984741211,18.000000000029104,69.49082072504972,active,
1.0,1284.045,1284.067,900.0999755859375,524.7999877929688,824.5999755859375,543.0999755859375,107.19999694824219,21.999999999934516,77.68616062866542,active,
1.0,1284.532,1284.579,790.4000244140625,574.4000244140625,880.5999755859375,286.5,251.89999389648438,47.000000000025466,301.699279497029,active,
1.0,1284.809,1284.849,878.5999755859375,271.1000061035156,880.5,631.2000122070312,303.5,39.99999999996362,360.10501869388884,active,
1.0,1285.108,1285.165,878.2999877929688,627.2000122070312,409.29998779296875,647.2999877929688,326.29998779296875,57.00000000001637,469.4305156448133,active,
1.0,1285.608,1285.662,431.8999938964844,629.0999755859375,844.5999755859375,539.9000244140625,293.1000061035156,54.00000000008731,422.2296841477868,active,
1.0,1286.508,1286.563,843.0,525.9000244140625,1217.5,522.2000122070312,329.3999938964844,55.000000000063665,374.5182773781971,active,
1.0,1286.726,1286.733,1228.9000244140625,535.2000122070312,1219.699951171875,518.2000122070312,46.400001525878906,6.999999999834472,19.32980464623516,active,
1.0,1286.878,1286.899,1218.4000244140625,521.0999755859375,1197.800048828125,637.0999755859375,193.60000610351562,20.999999999958163,117.81493536110446,active,
1.0,1287.112,1287.131,1197.9000244140625,651.9000244140625,1277.300048828125,647.0999755859375,118.5999984741211,19.000000000005457,79.54498315862607,active,
1.0,1287.326,1287.339,1263.4000244140625,648.4000244140625,1308.800048828125,647.2999877929688,80.19999694824219,12.999999999919964,45.41334932996264,active,
1.0,1287.615,1287.673,1311.0999755859375,635.2999877929688,933.0,238.89999389648438,308.5,57.999999999992724,547.8070341819457,active,
1.0,1287.945,1288.011,892.2000122070312,229.10000610351562,451.8999938964844,427.29998779296875,310.70001220703125,66.00000000003092,482.85333059425767,active,
1.0,1288.124,1288.153,441.29998779296875,436.70001220703125,340.20001220703125,582.2000122070312,240.6999969482422,28.999999999996362,177.17633889285884,active,
1.0,1288.325,1288.343,346.6000061035156,572.7999877929688,313.8999938964844,635.0,104.0,18.000000000029104,70.27184583383895,active,
1.0,1288.686,1288.948,331.6000061035156,655.9000244140625,709.5,494.29998779296875,1018.9000244140625,262.000000000171,411.0024053736204,active,
1.0,1289.178,1289.201,718.5,481.8999938964844,831.2000122070312,518.0999755859375,133.0,22.99999999991087,118.37115960309646,active,
1.0,1289.512,1289.529,849.2000122070312,522.9000244140625,786.2999877929688,533.2999877929688,99.0,17.00000000005275,63.753998381060384,active,
1.0,1289.708,1289.748,751.5,560.2000122070312,1113.199951171875,335.29998779296875,330.29998779296875,39.99999999996362,425.9188604173131,active,
1.0,1289.916,1289.971,1133.699951171875,309.70001220703125,614.5,308.8999938964844,270.5,55.000000000063665,519.2005675326006,active,
1.0,1290.362,1290.411,609.0,306.8999938964844,877.2000122070312,379.79998779296875,157.39999389648438,48.99999999997817,277.9310267997425,active,
1.0,1290.607,1290.637,877.9000244140625,380.5,826.4000244140625,496.29998779296875,143.10000610351562,29.999999999972715,126.73550083876148,active,
1.0,1290.853,1290.898,824.5999755859375,466.0,1147.0999755859375,396.0,228.0,44.999999999845386,330.00946956110215,active,
1.0,1291.051,1291.088,1137.9000244140625,371.1000061035156,882.9000244140625,366.6000061035156,204.0,37.00000000003456,255.03970279154578,active,
1.0,1291.265,1291.279,896.4000244140625,358.3999938964844,939.5999755859375,365.3999938964844,71.30000305175781,13.999999999896318,43.763406874378326,active,
1.0,1292.06,1292.066,907.5999755859375,408.79998779296875,894.2000122070312,404.8999938964844,39.900001525878906,6.0000000000854925,13.955965425173709,active,
1.0,1292.089,1292.32,848.9000244140625,404.70001220703125,726.9000244140625,547.7999877929688,1339.800048828125,230.99999999999454,188.04681069535826,active,
1.0,1292.636,1292.659,723.0,537.0999755859375,830.9000244140625,541.0999755859375,116.4000015258789,23.000000000138243,107.9741416662123,active,
1.0,1292.931,1292.943,830.7000122070312,541.0999755859375,804.2000122070312,516.0999755859375,59.0,11.999999999943611,36.43144246389374,active,
1.0,1293.307,1293.355,772.4000244140625,509.79998779296875,1178.199951171875,400.70001220703125,292.5,48.00000000000182,420.2099299510878,active,
1.0,1293.519,1293.528,1159.9000244140625,406.3999938964844,1138.9000244140625,421.70001220703125,52.900001525878906,9.000000000014552,25.98250488892612,active,
1.0,1293.83,1293.883,1130.0,424.0,803.5999755859375,170.5,267.6000061035156,53.00000000011096,413.2786299066292,active,
1.0,1294.06,1294.079,803.0,163.1999969482422,872.4000244140625,157.0,96.30000305175781,19.000000000005457,69.67641890073487,active,
1.0,1294.436,1294.654,932.7999877929688,225.39999389648438,766.7000122070312,384.29998779296875,697.7000122070312,218.00000000007458,229.86606959260388,active,
1.0,1294.844,1294.873,754.7999877929688,394.20001220703125,831.9000244140625,529.5,175.39999389648438,28.999999999996362,155.7257279442016,active,
1.0,1295.409,1295.43,834.0,512.0,753.7999877929688,595.5,182.10000610351562,20.999999999958163,115.7769059787312,active,
1.0,1295.667,1295.692,763.0,625.7000122070312,865.7999877929688,494.6000061035156,237.10000610351562,25.00000000009095,166.59846665133614,active,
1.0,1295.941,1295.961,861.2999877929688,466.3999938964844,759.2999877929688,495.0,138.60000610351562,19.99999999998181,105.93375453141049,active,
1.0,1296.286,1296.31,756.2000122070312,505.29998779296875,858.9000244140625,551.0,150.1999969482422,23.999999999887223,112.40900152144033,active,
1.0,1296.963,1296.973,847.5,545.5999755859375,805.7999877929688,540.0,80.69999694824219,9.999999999990905,42.074347821798156,active,
1.0,1297.286,1297.322,810.5999755859375,547.5,848.7000122070312,874.0,314.70001220703125,35.999999999830834,328.7154739140351,active,
1.0,1297.501,1297.562,851.7999877929688,878.0,1072.4000244140625,347.70001220703125,358.8999938964844,60.99999999992178,574.3539441933439,active,
1.0,1297.721,1297.745,1047.5999755859375,344.70001220703125,1011.7999877929688,250.10000610351562,147.89999389648438,23.999999999887223,101.14741855708382,active,
1.0,1298.075,1298.144,1007.5,255.60000610351562,382.79998779296875,316.6000061035156,294.8999938964844,68.99999999995998,627.6711760559544,active,
1.0,1298.357,1298.412,388.1000061035156,324.20001220703125,702.7000122070312,321.29998779296875,317.8999938964844,55.000000000063665,314.6133722236457,active,
1.0,1298.736,1298.772,729.7000122070312,327.20001220703125,803.7000122070312,427.6000061035156,131.3000030517578,35.999999999830834,124.72433112434037,active,
1.0,1298.949,1298.958,810.0999755859375,432.1000061035156,833.0,439.70001220703125,47.70000076293945,9.000000000014552,24.128224363556747,active,
1.0,1299.748,1299.764,827.2999877929688,471.79998779296875,789.7999877929688,512.7000122070312,79.80000305175781,15.999999999849024,55.48929623874238,active,
1.0,1299.966,1300.032,778.9000244140625,551.0999755859375,343.0,579.7000122070312,194.3000030517578,66.00000000003092,436.83726189384095,active,
1.0,1300.435,1300.498,336.0,567.2000122070312,804.5,468.70001220703125,299.0,63.00000000010186,478.7426239640669,active,
1.0,1300.905,1300.923,818.0,470.70001220703125,830.7000122070312,515.9000244140625,63.0,18.000000000029104,46.95030791778172,active,
1.0,1301.451,1301.71,761.2999877929688,527.7999877929688,812.4000244140625,557.0999755859375,642.0,259.00000000001455,58.90418514286774,active,
1.0,1302.507,1302.518,808.0999755859375,560.0,808.7000122070312,599.0,73.0,10.999999999967258,39.00461567489999,active,
1.0,1302.69,1302.71,808.9000244140625,603.0999755859375,826.4000244140625,674.2000122070312,86.69999694824219,19.99999999998181,73.22202679194884,active,
1.0,1302.978,1302.999,827.4000244140625,655.4000244140625,872.4000244140625,754.7999877929688,137.60000610351562,20.999999999958163,109.11165253870873,active,
1.0,1303.129,1303.17,869.5999755859375,763.0,1123.5,441.20001220703125,318.5,41.00000000016735,409.9029818640215,active,
1.0,1303.581,1303.641,1121.5999755859375,405.5,599.7999877929688,242.10000610351562,311.20001220703125,60.000000000172804,546.7858678368649,active,
1.0,1304.987,1305.008,617.7999877929688,229.5,725.5999755859375,252.10000610351562,131.8000030517578,20.999999999958163,110.1435320118397,active,
1.0,1305.214,1305.262,721.5999755859375,266.20001220703125,600.4000244140625,559.7000122070312,239.3000030517578,48.00000000000182,317.5400418279006,active,
1.0,1305.411,1305.45,594.7000122070312,554.2999877929688,814.2000122070312,714.2999877929688,251.6999969482422,38.99999999998727,271.6252013344859,active,
1.0,1305.692,1305.714,800.7999877929688,732.4000244140625,691.7000122070312,647.0999755859375,208.39999389648438,21.999999999934516,138.48791645097657,active,
1.0,1306.12,1306.169,658.7999877929688,640.9000244140625,1133.0999755859375,580.7000122070312,314.70001220703125,49.000000000205546,478.1051347665459,active,
1.0,1306.308,1306.346,1124.5,573.9000244140625,1398.199951171875,509.20001220703125,275.29998779296875,38.000000000010914,281.2432307648964,active,
1.0,1306.606,1306.66,1390.0999755859375,485.70001220703125,906.0999755859375,299.1000061035156,245.5,54.00000000008731,518.7249389395424,active,
1.0,1307.548,1307.568,883.0,283.6000061035156,773.5999755859375,333.29998779296875,156.5,19.99999999998181,120.16011618556902,active,
1.0,1307.769,1307.793,753.7000122070312,354.79998779296875,863.2000122070312,352.0,132.1999969482422,23.999999999887223,109.53579292469094,active,
1.0,1308.276,1308.3,843.2999877929688,349.5,1015.5999755859375,352.6000061035156,201.60000610351562,23.999999999887223,172.32787305395206,active,
1.0,1308.489,1308.498,1043.4000244140625,338.1000061035156,1070.4000244140625,341.5,55.599998474121094,9.000000000014552,27.213231313023652,active,
1.0,1308.831,1308.891,1061.5,338.6000061035156,664.0999755859375,357.5,161.1999969482422,60.000000000172804,397.8492040630276,active,
1.0,1309.167,1309.209,687.0,357.20001220703125,520.4000244140625,592.7000122070312,267.1000061035156,42.0000000001437,288.4714922921067,active,
1.0,1309.415,1309.442,663.7999877929688,562.5,827.2000122070312,560.9000244140625,166.6999969482422,27.000000000043656,163.4078575234123,,
1.0,1310.015,1310.027,841.7000122070312,552.7999877929688,809.2000122070312,571.7999877929688,61.70000076293945,11.999999999943611,37.646380968162134,active,
1.0,1310.272,1310.284,813.0999755859375,569.5999755859375,836.5999755859375,550.7000122070312,49.0,12.000000000170985,30.157231565977625,active,
1.0,1310.819,1310.854,830.0999755859375,549.7000122070312,983.4000244140625,584.9000244140625,146.0,35.000000000081855,157.28936973006364,active,
1.0,1311.147,1311.166,956.7999877929688,591.7000122070312,886.4000244140625,529.4000244140625,147.60000610351562,19.000000000005457,94.0076769352131,active,
1.0,1311.465,1311.523,860.7000122070312,518.2999877929688,1314.699951171875,582.7000122070312,247.89999389648438,57.999999999992724,458.54477177764625,active,
1.0,1311.797,1311.856,1303.300048828125,576.7999877929688,831.5999755859375,370.6000061035156,232.8000030517578,58.99999999996908,514.8003414387133,active,
1.0,1312.132,1312.153,834.2999877929688,362.1000061035156,855.2999877929688,258.0,121.80000305175781,20.999999999958163,106.19703983987496,active,
1.0,1312.48,1312.704,832.0,292.20001220703125,762.0999755859375,435.1000061035156,919.0999755859375,223.9999999999327,159.0799222677136,active,
1.0,1312.947,1312.965,769.2999877929688,448.8999938964844,842.7000122070312,463.29998779296875,99.69999694824219,18.000000000029104,74.79922063901307,active,
1.0,1313.213,1313.234,847.0999755859375,452.79998779296875,766.7999877929688,495.3999938964844,109.5,20.999999999958163,90.90021209860018,active,
1.0,1313.408,1313.441,763.5,514.4000244140625,723.5999755859375,692.5999755859375,149.89999389648438,33.00000000012915,182.61225190523612,active,
1.0,1313.639,1313.718,726.0999755859375,694.2999877929688,1411.800048828125,939.7999877929688,370.6000061035156,79.00000000017826,728.3233076349687,active,
1.0,1314.13,1314.227,1424.199951171875,937.7999877929688,657.0999755859375,209.3000030517578,304.8999938964844,96.99999999997999,1057.901035216381,active,
1.0,1314.787,1314.792,670.0999755859375,246.89999389648438,672.7000122070312,260.70001220703125,42.5,4.999999999881766,14.042816519575325,active,
1.0,1314.816,1315.037,643.4000244140625,277.79998779296875,482.3999938964844,404.70001220703125,914.9000244140625,221.00000000000364,204.99908785882621,active,
1.0,1315.167,1315.213,501.70001220703125,404.8999938964844,825.7000122070312,504.3999938964844,262.79998779296875,46.00000000004911,338.9339906235431,active,
1.0,1315.504,1315.535,821.0999755859375,502.29998779296875,786.7000122070312,644.2999877929688,176.60000610351562,31.000000000176442,146.10734916652925,active,
1.0,1315.688,1315.744,781.4000244140625,648.2999877929688,1114.0999755859375,467.0,316.8999938964844,55.999999999812644,378.8917300278519,active,
1.0,1316.01,1316.073,1114.4000244140625,473.8999938964844,609.7000122070312,479.79998779296875,220.3000030517578,63.00000000010186,504.73449678990244,active,
1.0,1316.309,1316.33,604.4000244140625,469.20001220703125,504.79998779296875,396.3999938964844,167.0,20.999999999958163,123.36940447671446,active,
1.0,1316.508,1316.532,458.0,345.5,471.8999938964844,227.3000030517578,182.1999969482422,23.999999999887223,119.0144911718181,active,
1.0,1316.68,1316.75,478.70001220703125,217.3000030517578,1184.300048828125,183.8000030517578,309.6000061035156,69.99999999993634,706.3948341258512,active,
1.0,1317.119,1317.142,1163.4000244140625,182.3000030517578,1084.5,211.89999389648438,86.5,23.000000000138243,84.26964643658803,active,
1.0,1317.165,1317.435,1009.0,220.1999969482422,663.4000244140625,371.8999938964844,777.0999755859375,269.9999999999818,377.4284464625014,active,
1.0,1317.624,1317.656,680.2000122070312,369.6000061035156,815.0,491.5,221.6999969482422,31.99999999992542,181.74334986718895,active,
1.0,1318.072,1318.087,816.7000122070312,489.1000061035156,763.7999877929688,495.0,92.0,15.000000000100044,53.228023737378805,active,
1.0,1318.421,1318.47,748.0999755859375,509.20001220703125,469.79998779296875,453.6000061035156,155.39999389648438,48.99999999997817,283.7996544823082,active,
1.0,1319.031,1319.041,477.1000061035156,431.6000061035156,502.8999938964844,434.79998779296875,49.400001525878906,9.999999999990905,25.997677837264078,active,
1.0,1319.672,1319.871,523.2000122070312,442.6000061035156,587.2000122070312,432.0,569.7999877929688,199.00000000006912,64.8718747177432,active,
1.0,1320.037,1320.06,599.0999755859375,431.1000061035156,725.7000122070312,502.70001220703125,187.89999389648438,22.99999999991087,145.44459476544927,active,
1.0,1320.358,1320.387,762.2999877929688,518.4000244140625,922.7999877929688,668.0999755859375,245.0,28.999999999996362,219.4773915027736,active,
1.0,1320.541,1320.548,912.7999877929688,690.2000122070312,895.5999755859375,690.5999755859375,40.29999923706055,7.000000000061846,17.204661886433286,active,
1.0,1320.781,1320.786,883.2999877929688,701.2999877929688,882.7999877929688,714.0999755859375,41.599998474121094,5.000000000109139,12.809749704820504,active,
1.0,1321.012,1321.051,887.0,713.9000244140625,744.4000244140625,361.79998779296875,265.0,38.99999999998727,379.88049282068374,active,
1.0,1321.456,1321.504,736.7000122070312,353.70001220703125,935.0,659.4000244140625,228.10000610351562,48.00000000000182,364.3835652469395,active,
1.0,1321.77,1321.809,930.7999877929688,643.5999755859375,748.5,337.3999938964844,289.6000061035156,38.99999999998727,356.35896836748475,active,
1.0,1322.354,1322.555,722.2000122070312,352.5,693.0999755859375,458.29998779296875,844.0,201.00000000002183,109.72898226239654,active,
1.0,1322.779,1322.803,705.4000244140625,454.79998779296875,838.0999755859375,542.2999877929688,214.10000610351562,24.000000000114596,158.9513354489921,active,
1.0,1323.76,1323.79,809.0,549.2000122070312,645.0,472.5,155.5,29.999999999972715,181.04941831599112,active,
1.0,1325.149,1325.171,633.7000122070312,427.8999938964844,726.5999755859375,462.3999938964844,117.69999694824219,22.00000000016189,99.0992088555813,active,
1.0,1325.414,1325.438,750.4000244140625,467.79998779296875,809.5,618.4000244140625,200.1999969482422,24.000000000114596,161.78126635841735,active,
1.0,1325.878,1325.93,807.7999877929688,620.2000122070312,589.7000122070312,447.5,194.60000610351562,52.000000000134605,278.1957827985451,active,
1.0,1327.793,1327.855,605.5999755859375,456.3999938964844,1027.300048828125,546.5,195.10000610351562,62.00000000012551,431.2179992443727,active,
1.0,1328.141,1328.16,983.7000122070312,546.2000122070312,919.5999755859375,512.5,92.5999984741211,19.000000000005457,72.41895827460938,active,
1.0,1328.305,1328.364,890.9000244140625,498.5,650.7999877929688,759.0,161.1999969482422,58.99999999996908,354.271474416796,active,
1.0,1328.551,1328.591,653.2000122070312,763.0999755859375,881.4000244140625,810.7000122070312,202.5,39.99999999996362,233.1115807025011,active,
1.0,1328.695,1328.713,863.7000122070312,819.2999877929688,795.5999755859375,850.7000122070312,104.5999984741211,18.000000000029104,74.99050953952793,active,
1.0,1328.879,1328.9,800.2000122070312,856.2000122070312,699.5999755859375,882.9000244140625,142.39999389648438,21.000000000185537,104.08293817922811,active,
1.0,1329.175,1329.386,702.4000244140625,875.0,808.5999755859375,608.9000244140625,365.79998779296875,211.00000000001273,286.50938315480204,active,
1.0,1330.033,1330.09,828.5,586.5999755859375,437.5,655.7000122070312,214.0,57.00000000001637,397.05895665635916,active,
1.0,1330.399,1330.447,425.6000061035156,657.2000122070312,829.2000122070312,502.3999938964844,286.29998779296875,48.00000000000182,432.26844737466496,active,
1.0,1332.153,1332.185,799.9000244140625,503.0,698.5,659.7999877929688,128.1999969482422,31.99999999992542,186.73028978461855,active,
1.0,1333.625,1333.69,696.2999877929688,688.0999755859375,1139.199951171875,488.6000061035156,221.8000030517578,65.00000000005457,485.7577743943207,active,
1.0,1334.047,1334.422,1066.800048828125,507.29998779296875,518.9000244140625,543.7000122070312,644.9000244140625,375.0,549.1078204963709,active,
1.0,1334.652,1334.68,583.0,531.2999877929688,775.5999755859375,547.2999877929688,228.10000610351562,28.00000000002001,193.2634228086208,active,
1.0,1335.302,1335.339,797.5,559.0999755859375,788.2999877929688,829.2000122070312,236.6999969482422,37.00000000003456,270.2566743067148,active,
1.0,1336.056,1336.105,815.0999755859375,813.0,489.8999938964844,798.2000122070312,227.8000030517578,48.99999999997817,325.5365843180958,active,
1.0,1336.813,1336.835,529.5999755859375,815.9000244140625,393.0,754.2000122070312,208.6999969482422,21.999999999934516,149.88810772181537,active,
1.0,1338.337,1338.388,386.20001220703125,722.2999877929688,543.2999877929688,250.6999969482422,288.20001220703125,50.99999999993088,497.078418052774,active,
1.0,1339.92,1339.994,1190.800048828125,252.1999969482422,822.0,482.20001220703125,281.5,73.99999999984175,434.6417870323453,active,
1.0,1340.388,1340.634,821.5999755859375,510.0,419.8999938964844,435.8999938964844,561.9000244140625,246.0000000000946,408.47727745108176,active,
1.0,1340.888,1340.934,448.1000061035156,442.6000061035156,799.2000122070312,534.5999755859375,262.3999938964844,46.00000000004911,362.9534524848266,active,
1.0,1341.348,1341.392,800.5999755859375,516.2000122070312,444.20001220703125,307.20001220703125,285.3999938964844,44.000000000096406,413.16090557612745,active,
1.0,1341.924,1341.948,421.5,295.8999938964844,537.2999877929688,266.6000061035156,122.5999984741211,24.000000000114596,119.44926310999088,active,
1.0,1342.175,1342.227,570.7999877929688,270.8999938964844,1024.9000244140625,329.5,332.3999938964844,52.000000000134605,457.865486769434,active,
1.0,1342.598,1342.619,996.9000244140625,338.0,869.4000244140625,346.8999938964844,160.60000610351562,20.999999999958163,127.81024955518028,active,
1.0,1342.908,1342.969,828.4000244140625,366.8999938964844,1179.0999755859375,613.0,226.5,61.00000000014916,428.43397245795757,active,
1.0,1343.312,1343.632,1127.699951171875,609.0999755859375,653.0999755859375,466.20001220703125,237.60000610351562,320.0000000001637,495.64658413012916,active,
1.0,1343.813,1343.835,668.0,486.8999938964844,786.4000244140625,542.0999755859375,177.6999969482422,21.999999999934516,130.63538479204843,active,
1.0,1344.48,1344.519,792.7000122070312,542.5999755859375,452.20001220703125,471.8999938964844,256.29998779296875,38.99999999998727,347.76247268917473,active,
1.0,1344.711,1344.782,395.20001220703125,461.8999938964844,1071.300048828125,403.0,276.3999938964844,70.99999999991269,678.6607906753197,active,
1.0,1345.14,1345.184,1049.300048828125,420.70001220703125,786.4000244140625,465.1000061035156,165.1999969482422,43.99999999986903,266.62292154824667,active,
1.0,1345.595,1345.634,797.4000244140625,472.29998779296875,543.0999755859375,501.70001220703125,219.3000030517578,38.99999999998727,255.99389889123185,active,
1.0,1345.775,1345.828,542.2000122070312,503.79998779296875,1021.0,605.4000244140625,287.8999938964844,52.999999999883585,489.4609236210329,active,
1.0,1346.968,1347.245,989.9000244140625,610.9000244140625,686.2000122070312,544.0999755859375,61.70000076293945,276.9999999998163,310.9597143328872,active,
1.0,1347.572,1347.583,673.4000244140625,540.9000244140625,638.7000122070312,555.5,64.5999984741211,11.000000000194632,37.64638275157507,active,
1.0,1347.73,1347.792,627.2999877929688,559.2999877929688,1175.0999755859375,759.9000244140625,295.5,61.99999999989814,583.3739806662282,active,
1.0,1348.343,1348.374,1146.0,737.5999755859375,1182.5,534.9000244140625,188.6999969482422,30.99999999994907,205.95999661361552,active,
1.0,1348.616,1348.685,1146.0,535.7999877929688,615.7999877929688,346.6000061035156,211.3000030517578,68.99999999995998,562.9464326342476,active,
1.0,1349.401,1349.652,636.2000122070312,398.5,748.2000122070312,548.7999877929688,545.0,250.99999999997635,187.4408875634304,active,
1.0,1350.768,1350.781,779.5,560.0,818.0999755859375,573.9000244140625,65.0999984741211,12.999999999919964,41.02644018125999,active,
1.0,1350.984,1351.023,818.0999755859375,566.2000122070312,1052.699951171875,553.7000122070312,153.0,38.99999999998727,234.93275323999094,active,
1.0,1351.284,1351.346,1027.0,548.5,521.5999755859375,262.79998779296875,300.8999938964844,61.99999999989814,580.5632451790526,active,
1.0,1352.909,1352.969,619.9000244140625,277.29998779296875,899.7000122070312,678.2000122070312,266.20001220703125,59.99999999994543,488.88532678343023,active,
1.0,1353.253,1353.293,884.2000122070312,652.7999877929688,1067.9000244140625,637.2999877929688,157.10000610351562,39.99999999996362,184.3527718393825,active,
1.0,1353.485,1353.499,1031.5,638.5999755859375,971.5999755859375,642.9000244140625,87.9000015258789,14.000000000123691,60.054170086094295,active,
1.0,1353.794,1353.821,932.7000122070312,658.9000244140625,876.7000122070312,490.70001220703125,153.5,26.999999999816282,177.2773084927833,active,
1.0,1353.998,1354.054,855.0,469.8999938964844,487.8999938964844,257.3999938964844,217.10000610351562,56.00000000004002,424.1682030529884,active,
1.0,1354.187,1354.239,462.20001220703125,256.1000061035156,158.6999969482422,470.1000061035156,222.39999389648438,52.000000000134605,371.36001300905457,active,
1.0,1354.656,1354.669,162.89999389648438,464.29998779296875,125.9000015258789,447.20001220703125,60.0,13.000000000147338,40.7603802787035,active,
1.0,1354.899,1354.918,126.30000305175781,434.20001220703125,136.60000610351562,377.79998779296875,68.0999984741211,19.000000000005457,57.332824950224335,active,
1.0,1355.237,1355.254,141.10000610351562,375.79998779296875,165.5,346.0,45.599998474121094,16.999999999825377,38.514918857626604,active,
1.0,1355.392,1355.41,193.39999389648438,323.6000061035156,152.6999969482422,277.0,83.0999984741211,18.000000000029104,61.871239848855595,active,
1.0,1355.521,1356.056,192.89999389648438,304.29998779296875,923.5,402.79998779296875,523.9000244140625,535.0000000000819,737.2100236150192,active,
1.0,1356.469,1356.49,858.7999877929688,440.0,779.9000244140625,441.6000061035156,98.19999694824219,20.999999999958163,78.91618490983984,active,
1.0,1356.734,1356.752,749.7000122070312,453.79998779296875,674.9000244140625,438.5,105.19999694824219,18.000000000029104,76.34872494215779,active,
1.0,1357.112,1357.156,664.5999755859375,452.79998779296875,302.70001220703125,574.0,238.3000030517578,43.99999999986903,381.6556385704765,active,
1.0,1357.316,1357.332,294.0,582.5,323.8999938964844,612.7000122070312,54.099998474121094,16.000000000076398,42.497651374101125,active,
1.0,1357.766,1357.772,827.2999877929688,570.2000122070312,811.4000244140625,564.7999877929688,45.70000076293945,5.999999999858119,16.791935538318114,,
1.0,1357.983,1357.991,807.0999755859375,557.5999755859375,831.7999877929688,562.5999755859375,54.099998474121094,8.000000000038199,25.20100400832262,,
1.0,1358.804,1358.812,826.5,576.0999755859375,846.5,573.2999877929688,43.20000076293945,7.999999999810825,20.195047205707986,active,
1.0,1359.141,1359.179,834.0,570.5,1057.800048828125,375.70001220703125,237.8000030517578,38.000000000010914,296.70439346193024,active,
1.0,1359.443,1359.457,1047.0,370.5,1094.0999755859375,342.0,75.80000305175781,14.000000000123691,55.05140961134337,active,
1.0,1359.931,1360.258,1053.699951171875,369.8999938964844,1019.0999755859375,696.0999755859375,179.89999389648438,326.9999999999982,328.02985590453045,active,
1.0,1360.79,1360.81,1002.4000244140625,665.2000122070312,990.0,776.5,179.6999969482422,19.99999999998181,111.98860606411858,active,
1.0,1361.764,1361.782,987.0,762.4000244140625,1044.5999755859375,736.5,90.5,18.000000000029104,63.15511422006637,active,
1.0,1363.29,1363.599,1015.5999755859375,716.2000122070312,1051.5999755859375,554.2999877929688,293.79998779296875,308.9999999999691,165.85420677593328,active,
1.0,1364.782,1364.805,1061.4000244140625,580.2999877929688,983.0999755859375,545.2000122070312,90.4000015258789,23.000000000138243,85.80737691259516,active,
1.0,1365.048,1365.055,959.2999877929688,548.9000244140625,937.5999755859375,546.5999755859375,51.5,7.000000000061846,21.8215662681913,active,
1.0,1365.334,1365.356,940.5999755859375,545.4000244140625,1050.5,594.7999877929688,164.0,21.999999999934516,120.49220617139024,active,
1.0,1365.7,1365.992,1039.5,595.7999877929688,854.4000244140625,529.2999877929688,595.2999877929688,291.9999999999163,196.68312322595108,active,
1.0,1366.062,1366.079,859.5,532.0,921.9000244140625,553.5,85.4000015258789,17.00000000005275,66.00009883989263,active,
1.0,1367.009,1367.02,892.5999755859375,571.2999877929688,867.7000122070312,569.2000122070312,42.79999923706055,10.999999999967258,24.988358764280736,active,
1.0,1367.325,1367.333,855.7000122070312,561.5,835.7999877929688,558.2999877929688,43.900001525878906,8.000000000038199,20.15567041319719,active,
1.0,1367.723,1367.742,828.7999877929688,554.7000122070312,803.0,508.29998779296875,55.900001525878906,19.000000000005457,53.090504195599166,active,
1.0,1367.914,1367.966,794.0,504.29998779296875,1184.0999755859375,401.3999938964844,224.10000610351562,51.99999999990723,403.44318025720247,active,
1.0,1368.194,1368.24,1165.4000244140625,402.20001220703125,928.4000244140625,436.1000061035156,146.5,46.00000000004911,239.41221686910984,active,
1.0,1368.456,1368.489,927.5999755859375,436.5,698.2999877929688,434.70001220703125,203.6999969482422,33.00000000012915,229.30705256906177,active,
1.0,1368.74,1368.761,697.4000244140625,436.1000061035156,804.2000122070312,481.1000061035156,153.10000610351562,20.999999999958163,115.89321547259905,active,
1.0,1368.962,1369.246,825.9000244140625,535.2999877929688,526.2999877929688,401.6000061035156,987.7999877929688,284.0000000001055,328.0790560933764,active,
1.0,1369.455,1369.492,566.5999755859375,417.29998779296875,811.5999755859375,486.3999938964844,267.3999938964844,37.00000000003456,254.5580696884424,active,
1.0,1369.731,1369.78,816.2000122070312,501.5,874.0,931.2999877929688,372.70001220703125,48.99999999997817,433.669076711383,active,
1.0,1370.059,1370.085,884.7000122070312,940.7999877929688,920.4000244140625,816.7999877929688,168.0,26.000000000067303,129.03678108036553,active,
1.0,1370.6,1370.619,883.2000122070312,780.5,821.2000122070312,722.5,93.5,19.000000000005457,84.8999411071645,active,
1.0,1371.605,1371.655,845.4000244140625,658.2000122070312,446.3999938964844,687.5,268.6000061035156,49.999999999954525,400.0743851306859,active,
1.0,1371.793,1371.866,442.0,686.7000122070312,1140.800048828125,240.10000610351562,308.29998779296875,73.00000000009277,829.3208508736833,active,
1.0,1372.388,1372.655,1093.0999755859375,263.3999938964844,618.9000244140625,387.8999938964844,679.5999755859375,267.00000000005275,490.2711940257235,active,
1.0,1373.266,1373.314,666.2999877929688,384.70001220703125,866.2000122070312,626.9000244140625,231.0,48.00000000000182,314.03959252589294,active,
1.0,1373.425,1373.479,853.7999877929688,615.4000244140625,1254.699951171875,854.7999877929688,301.0,54.00000000008731,466.9401707960347,active,
1.0,1373.79,1373.832,1237.0999755859375,845.5,1366.5,516.5999755859375,294.29998779296875,42.0000000001437,353.4396587508692,active,
1.0,1373.968,1374.101,1344.5,454.70001220703125,299.0,386.5,242.10000610351562,133.0000000000382,1047.7220488588753,active,
1.0,1375.135,1375.186,324.1000061035156,395.20001220703125,713.0999755859375,299.3999938964844,278.79998779296875,50.99999999993088,400.62278987300044,active,
1.0,1375.803,1375.821,743.5999755859375,302.29998779296875,666.0999755859375,281.1000061035156,109.4000015258789,17.99999999980173,80.3473037732639,active,
1.0,1376.081,1376.102,636.4000244140625,293.3999938964844,725.5,273.79998779296875,125.19999694824219,21.000000000185537,91.2302904120803,active,
1.0,1376.367,1376.415,718.0999755859375,282.0,1221.9000244140625,421.6000061035156,348.70001220703125,48.00000000000182,522.7835602841034,active,
1.0,1377.846,1377.905,1210.0,425.8999938964844,698.2999877929688,494.1000061035156,277.0,58.99999999996908,516.2248968789816,active,
1.0,1378.159,1378.187,707.0,493.8999938964844,607.9000244140625,736.7000122070312,303.70001220703125,27.999999999792635,262.24540806796847,active,
1.0,1378.769,1378.786,594.2000122070312,787.9000244140625,654.2000122070312,811.7000122070312,81.30000305175781,17.00000000005275,64.54796215950944,active,
1.0,1378.966,1379.031,650.4000244140625,830.7999877929688,1102.300048828125,465.20001220703125,317.5,65.00000000005457,581.2718591277822,active,
1.0,1379.241,1379.266,1083.0,458.20001220703125,1232.5,409.0,168.60000610351562,25.00000000009095,157.38770981614803,active,
1.0,1379.647,1379.721,1264.0999755859375,363.6000061035156,665.5,556.2999877929688,263.5,74.00000000006912,628.8522988068029,active,
1.0,1379.981,1380.222,655.4000244140625,565.7999877929688,910.5,568.0999755859375,538.7999877929688,240.99999999998545,255.1103437491191,active,
1.0,1380.83,1380.869,902.7000122070312,583.5,745.4000244140625,838.2000122070312,223.1999969482422,38.99999999998727,299.35828429814666,active,
1.0,1381.084,1381.102,754.7000122070312,847.2000122070312,681.2999877929688,851.2999877929688,104.0999984741211,18.000000000029104,73.51444336856707,active,
1.0,1381.607,1381.655,673.5,874.7000122070312,538.5999755859375,524.0999755859375,255.89999389648438,48.00000000000182,375.6572936409287,active,
1.0,1382.249,1382.317,505.0,456.6000061035156,1037.0999755859375,364.29998779296875,351.1000061035156,67.99999999998363,540.0459956324855,active,
1.0,1382.639,1382.7,1046.4000244140625,382.0,589.5,361.79998779296875,212.89999389648438,61.00000000014916,457.3463379133314,active,
1.0,1383.949,1383.969,629.2999877929688,338.70001220703125,708.5999755859375,390.29998779296875,141.10000610351562,19.99999999998181,94.60996535478881,active,
1.0,1385.829,1385.849,708.0999755859375,414.79998779296875,807.7999877929688,415.5,125.9000015258789,19.99999999998181,99.7024696342682,active,
1.0,1386.05,1386.09,819.7999877929688,408.79998779296875,780.7000122070312,394.5,64.0,39.99999999996362,41.63289254543772,active,
1.0,1386.777,1387.055,791.7000122070312,554.7000122070312,720.5,456.70001220703125,565.9000244140625,278.00000000002,121.13398259068921,constant,
1.0,1387.161,1387.185,721.9000244140625,461.70001220703125,817.0,513.2000122070312,103.5,23.999999999887223,108.14922725773822,constant,
1.0,1387.537,1387.826,823.9000244140625,546.9000244140625,810.0,560.0999755859375,881.4000244140625,288.99999999998727,19.168969446775634,constant,
1.0,1388.007,1388.029,803.0,546.7000122070312,696.0,483.20001220703125,191.5,21.999999999934516,124.42367138129303,constant,
1.0,1388.475,1388.492,711.4000244140625,506.79998779296875,773.5,533.0999755859375,97.5999984741211,17.00000000005275,67.43957536702273,constant,
1.0,1388.66,1389.192,758.5999755859375,563.5999755859375,817.5999755859375,750.9000244140625,822.5,531.9999999999254,196.37288074227055,constant,
1.0,1389.593,1389.62,809.5,737.2000122070312,974.7999877929688,680.9000244140625,218.60000610351562,26.999999999816282,174.624667758722,constant,
1.0,1390.489,1390.535,952.2000122070312,686.2000122070312,700.7999877929688,490.0,199.60000610351562,46.00000000004911,318.8987567636952,constant,
1.0,1390.848,1390.861,706.5,497.70001220703125,750.5999755859375,493.20001220703125,71.0,13.000000000147338,44.32897299374624,constant,
1.0,1391.267,1391.638,747.7999877929688,510.5,706.9000244140625,637.5,307.8999938964844,370.9999999998672,133.423412504687,constant,
1.0,1391.721,1391.74,710.7000122070312,622.4000244140625,650.7000122070312,641.5,74.4000015258789,19.000000000005457,62.966729845080955,constant,
1.0,1392.02,1392.042,634.9000244140625,655.7999877929688,732.9000244140625,664.7999877929688,118.69999694824219,21.999999999934516,98.41239759298622,constant,
1.0,1392.209,1392.247,754.7000122070312,689.9000244140625,970.4000244140625,815.5999755859375,160.10000610351562,38.000000000010914,249.653706142579,constant,
1.0,1392.583,1392.609,955.7999877929688,830.7999877929688,954.7000122070312,669.9000244140625,194.10000610351562,25.99999999983993,160.90372326836638,constant,
1.0,1393.058,1393.079,943.2000122070312,702.0999755859375,1018.0,677.5999755859375,94.0,20.999999999958163,78.71015292723216,constant,
1.0,1393.618,1393.634,1015.0,667.0,1072.4000244140625,676.2999877929688,90.19999694824219,16.000000000076398,58.14853889552462,constant,
1.0,1394.301,1394.351,1074.5,658.7999877929688,782.7000122070312,548.7000122070312,141.39999389648438,50.0000000001819,311.88016528788864,constant,
1.0,1394.549,1394.873,758.2999877929688,549.2999877929688,643.0,496.6000061035156,745.7999877929688,324.0000000000691,126.77292792677558,constant,
1.0,1395.136,1395.162,645.0999755859375,499.6000061035156,758.0,519.0,119.5999984741211,26.000000000067303,114.55468247033615,constant,
1.0,1395.469,1395.535,761.0999755859375,530.7000122070312,1068.4000244140625,749.9000244140625,178.1999969482422,66.00000000003092,377.4678335452316,constant,
1.0,1395.898,1395.955,1029.0,720.0999755859375,754.9000244140625,549.7000122070312,178.60000610351562,57.00000000001637,322.7490420369116,constant,
1.0,1396.38,1396.402,719.7000122070312,571.4000244140625,819.2000122070312,589.2999877929688,119.4000015258789,21.999999999934516,101.09727340025637,constant,
1.0,1396.796,1396.829,813.7000122070312,595.2999877929688,951.5999755859375,673.0999755859375,139.1999969482422,32.999999999901775,158.33268140371328,constant,
1.0,1397.036,1397.042,945.7000122070312,679.2999877929688,961.9000244140625,680.2000122070312,44.79999923706055,5.999999999858119,16.22499428209052,constant,
1.0,1397.62,1397.878,949.2999877929688,701.2999877929688,622.9000244140625,509.70001220703125,84.0,258.0000000000382,378.48049717030756,constant,
1.0,1398.105,1398.149,641.7000122070312,513.5,915.4000244140625,662.2000122070312,193.6999969482422,43.99999999986903,311.4857786681445,constant,
1.0,1398.291,1398.308,901.2000122070312,654.0,950.7999877929688,692.0,89.0,17.00000000005275,62.48325838275078,constant,
1.0,1399.442,1399.478,961.2999877929688,695.2999877929688,734.0,519.5999755859375,229.1999969482422,36.00000000005821,287.29040836796946,constant,
1.0,1399.817,1400.025,736.7999877929688,557.7000122070312,760.4000244140625,543.0,673.7999877929688,208.00000000008367,27.803814259986595,constant,
1.0,1400.209,1400.245,755.5999755859375,546.7999877929688,886.2999877929688,617.9000244140625,132.6999969482422,35.999999999830834,148.78746048790197,constant,
1.0,1400.441,1400.476,852.5,618.5,1033.9000244140625,726.2000122070312,155.5,35.000000000081855,210.96270164846,constant,
1.0,1400.858,1400.881,1011.2999877929688,735.9000244140625,945.0999755859375,658.7000122070312,120.5,23.000000000138243,101.69701815184582,constant,
1.0,1401.389,1401.44,952.2000122070312,660.0999755859375,707.4000244140625,820.2999877929688,159.6999969482422,51.00000000015825,292.55952887330574,constant,
1.0,1401.8,1402.177,733.7999877929688,816.4000244140625,803.9000244140625,704.5,489.6000061035156,376.9999999999527,132.04404794668508,constant,
1.0,1402.906,1402.946,794.7999877929688,662.2000122070312,956.5999755859375,681.2999877929688,116.9000015258789,39.99999999996362,162.92343329671226,constant,
1.0,1403.091,1403.108,940.0,676.7000122070312,985.0999755859375,639.0,89.5,17.00000000005275,58.78178900188785,constant,
1.0,1403.777,1404.592,964.9000244140625,702.5,1098.5999755859375,734.7999877929688,301.3999938964844,815.0000000000546,137.5462327902429,constant,
1.0,1405.071,1405.121,1064.0999755859375,831.7000122070312,1444.4000244140625,907.5999755859375,252.10000610351562,50.0000000001819,387.80011807578603,constant,
1.0,1405.387,1405.758,624.5,404.70001220703125,795.2999877929688,598.7000122070312,634.5,371.0000000000946,258.47366564135365,constant,
1.0,1405.979,1406.0,801.2000122070312,608.2999877929688,902.5,652.0999755859375,149.6999969482422,20.999999999958163,110.36361020517509,constant,
1.0,1406.268,1406.291,882.2999877929688,648.2999877929688,977.0999755859375,720.7000122070312,143.6999969482422,22.99999999991087,119.28453890049569,constant,
1.0,1406.715,1406.735,952.2000122070312,730.9000244140625,1061.4000244140625,748.2999877929688,138.89999389648438,19.99999999998181,110.57758087244925,constant,
1.0,1407.496,1407.824,405.0,430.8999938964844,670.4000244140625,563.5999755859375,596.9000244140625,327.99999999997453,296.7262342620992,constant,
1.0,1407.995,1408.013,675.0999755859375,556.5,759.7999877929688,562.7999877929688,109.0999984741211,18.000000000029104,84.93398562450015,constant,
1.0,1408.282,1408.305,767.9000244140625,545.0,854.2000122070312,608.0,139.3000030517578,23.000000000138243,106.8489021612602,constant,
1.0,1408.55,1408.565,850.4000244140625,606.0999755859375,904.2999877929688,633.0,92.80000305175781,15.000000000100044,60.23966604924527,constant,
1.0,1408.977,1409.383,903.2999877929688,637.2000122070312,756.7000122070312,623.2000122070312,758.0,405.99999999994907,147.26694415854996,constant,
1.0,1409.705,1409.779,772.2000122070312,598.5,334.70001220703125,924.5,210.89999389648438,74.00000000006912,545.6026484539825,constant,
1.0,1410.024,1410.076,336.0,898.7999877929688,819.7999877929688,698.9000244140625,325.3999938964844,52.000000000134605,523.4715116865145,constant,
1.0,1410.402,1410.441,796.2000122070312,705.7999877929688,998.2000122070312,756.0999755859375,193.6999969482422,38.99999999998727,208.16841444362495,constant,
1.0,1411.834,1411.851,988.5,749.0,915.2000122070312,734.4000244140625,104.69999694824219,17.00000000005275,74.73986551740201,constant,
1.0,1413.32,1413.332,889.9000244140625,698.0,922.2999877929688,689.9000244140625,57.400001525878906,12.000000000170985,33.39711411854697,constant,
1.0,1413.483,1413.754,903.7999877929688,683.5,785.2999877929688,626.7999877929688,559.7000122070312,270.99999999995816,131.36643933774522,constant,
1.0,1414.043,1414.064,777.7000122070312,638.5999755859375,871.7999877929688,657.9000244140625,126.19999694824219,21.000000000185537,96.05882203130561,constant,
1.0,1414.209,1414.226,863.5,662.2000122070312,900.2000122070312,718.9000244140625,102.4000015258789,17.00000000005275,67.54096742180805,constant,
1.0,1414.646,1414.683,892.2000122070312,699.0,1118.5999755859375,688.7000122070312,146.60000610351562,37.00000000003456,226.6341394549934,constant,
1.0,1415.077,1415.123,1103.4000244140625,703.4000244140625,1399.0,727.5999755859375,197.0,46.00000000004911,296.5889128122088,constant,
1.0,1415.434,1415.748,1349.199951171875,734.5999755859375,569.4000244140625,564.9000244140625,342.8999938964844,314.0000000000782,798.0513762905409,constant,
1.0,1416.042,1416.065,579.0,563.9000244140625,689.5999755859375,540.5,144.60000610351562,23.000000000138243,113.04828942619473,constant,
1.0,1416.495,1417.004,699.9000244140625,577.0999755859375,852.5999755859375,633.5,1034.0999755859375,509.00000000001455,162.78279344512998,constant,
1.0,1417.148,1417.203,852.7000122070312,631.0999755859375,1363.5999755859375,790.9000244140625,377.0,55.000000000063665,535.3081618899892,constant,
1.0,1417.537,1418.509,1295.9000244140625,787.0,957.5999755859375,630.5,29.5,971.99999999998,372.74545340904126,constant,
1.0,1419.353,1419.739,1205.5999755859375,756.5,1063.0999755859375,649.2999877929688,247.10000610351562,385.99999999996726,178.3201968852313,constant,
1.0,1420.247,1420.617,1031.9000244140625,622.7000122070312,620.5,497.6000061035156,436.8999938964844,369.99999999989086,429.99999024998925,constant,
1.0,1421.011,1421.28,472.70001220703125,330.29998779296875,673.2999877929688,541.0,584.5,269.00000000000546,290.9206856672826,constant,
1.0,1421.571,1421.597,472.70001220703125,330.29998779296875,673.2999877929688,541.0,0.0,26.000000000067303,290.9206856672826,constant,
1.0,1421.868,1422.282,685.2999877929688,554.7000122070312,671.4000244140625,634.5999755859375,935.9000244140625,413.99999999998727,81.10001929645574,constant,
1.0,1422.769,1422.832,710.9000244140625,640.2000122070312,1219.4000244140625,703.9000244140625,261.29998779296875,63.00000000010186,512.4743325818142,constant,
1.0,1423.54,1423.616,1153.9000244140625,702.5,689.4000244140625,553.9000244140625,167.39999389648438,76.00000000002183,487.6906834707233,constant,
1.0,1424.445,1424.464,711.2999877929688,566.2000122070312,750.5999755859375,485.29998779296875,129.89999389648438,19.000000000005457,89.9405525373477,constant,
1.0,1424.73,1424.739,757.2999877929688,490.0,778.7999877929688,488.0,45.0,9.000000000014552,21.592822881689184,constant,
1.0,1425.087,1425.137,768.0999755859375,481.3999938964844,993.7000122070312,605.0,140.5,49.999999999954525,257.239845343267,constant,
1.0,1425.501,1425.534,963.9000244140625,598.9000244140625,748.9000244140625,473.3999938964844,231.3000030517578,33.00000000012915,248.94830318745505,constant,
1.0,1425.909,1425.916,730.0999755859375,481.3999938964844,751.2000122070312,484.0,49.400001525878906,6.999999999834472,21.259623165752863,constant,
1.0,1426.387,1426.682,702.0999755859375,490.3999938964844,809.5,581.2000122070312,817.7999877929688,295.00000000007276,140.6392852987275,constant,
1.0,1426.932,1426.992,807.7000122070312,584.5999755859375,1196.0999755859375,839.2000122070312,250.89999389648438,59.99999999994543,464.40899022327073,constant,
1.0,1428.077,1428.372,1135.5999755859375,792.0999755859375,583.5999755859375,414.5,624.5999755859375,295.00000000007276,668.7942445644255,constant,
1.0,1430.031,1430.042,617.4000244140625,430.5,583.0,440.1000061035156,64.5,10.999999999967258,35.71444801303295,constant,
1.0,1430.28,1430.301,584.7000122070312,437.5,692.2000122070312,448.0,138.3000030517578,20.999999999958163,108.01157345395909,constant,
1.0,1430.694,1430.716,682.7999877929688,460.20001220703125,748.5,473.70001220703125,60.099998474121094,21.999999999934516,67.07265913920556,constant,
1.0,1430.976,1430.993,748.0,484.70001220703125,803.5999755859375,502.0,76.0999984741211,16.999999999825377,58.22926122486626,constant,
1.0,1431.186,1431.217,809.9000244140625,500.79998779296875,982.0,542.9000244140625,131.60000610351562,31.000000000176442,177.17453169171273,constant,
1.0,1431.478,1431.493,1007.2999877929688,544.2000122070312,955.2999877929688,531.7999877929688,68.9000015258789,14.99999999987267,53.45802657664559,constant,
1.0,1431.771,1431.793,945.7000122070312,522.7000122070312,833.2999877929688,507.79998779296875,113.0,21.999999999934516,113.38331542083917,constant,
1.0,1431.955,1431.972,813.0999755859375,506.0,732.7999877929688,507.29998779296875,120.0,17.00000000005275,80.31050994616332,constant,
1.0,1432.647,1432.66,726.2000122070312,489.0,684.5,478.8999938964844,66.5,13.000000000147338,42.90572387639682,constant,
1.0,1435.042,1435.057,832.7000122070312,555.0,875.9000244140625,547.9000244140625,69.69999694824219,15.000000000100044,43.7795695274469,constant,
1.0,1435.214,1435.22,865.5,539.2000122070312,852.0,544.5999755859375,39.5,6.0000000000854925,14.539931378570142,constant,
1.0,1435.95,1435.992,844.5,553.2999877929688,592.9000244140625,632.5999755859375,186.1999969482422,41.99999999991633,263.8011292220133,constant,
1.0,1436.2,1436.212,601.7999877929688,628.2000122070312,634.9000244140625,650.4000244140625,61.900001525878906,11.999999999943611,39.85540071696788,constant,
1.0,1436.448,1436.498,620.7000122070312,652.5,1066.5999755859375,569.0,309.5,49.999999999954525,453.6507768551818,constant,
1.0,1436.82,1437.175,1034.800048828125,575.2000122070312,1248.5,624.4000244140625,447.0,355.0000000000182,219.2904702262134,constant,
1.0,1437.325,1437.339,1246.5,626.0999755859375,1301.699951171875,633.7000122070312,88.19999694824219,13.999999999896318,55.720688850904835,constant,
1.0,1438.667,1438.712,1276.199951171875,638.7000122070312,1069.0,619.5,145.0,45.00000000007276,208.0876263365449,constant,
1.0,1438.862,1438.892,1080.0,627.5,1324.699951171875,661.5,255.0,29.999999999972715,247.05073588944845,constant,
1.0,1439.092,1439.097,1317.300048828125,656.7999877929688,1305.800048828125,652.0999755859375,39.70000076293945,4.999999999881766,12.423369701745287,constant,
1.0,1439.307,1439.38,1303.4000244140625,654.0999755859375,551.4000244140625,690.0999755859375,285.1000061035156,73.00000000009277,752.8612089887484,constant,
1.0,1439.534,1439.553,557.7999877929688,676.7000122070312,631.5,669.0999755859375,115.5,19.000000000005457,74.09083854268705,constant,
1.0,1441.083,1441.088,616.2999877929688,663.4000244140625,603.7000122070312,664.7000122070312,39.099998474121094,4.999999999881766,12.666860425065432,constant,
1.0,1441.614,1441.78,589.7999877929688,667.0,580.2000122070312,653.7000122070312,729.4000244140625,165.99999999993997,16.40271948622282,constant,
1.0,1441.887,1442.142,575.2999877929688,661.2000122070312,575.5999755859375,663.0999755859375,191.0,255.00000000010914,1.9235003293774389,constant,
1.0,1442.603,1442.714,575.2999877929688,661.2000122070312,575.5999755859375,663.0999755859375,0.0,110.99999999987631,1.9235003293774389,constant,
1.0,1442.821,1442.84,589.0999755859375,664.7000122070312,658.2999877929688,671.2000122070312,121.9000015258789,19.000000000005457,69.50461631757472,constant,
1.0,1443.347,1443.353,631.7000122070312,666.0,618.2000122070312,668.5,37.5,6.0000000000854925,13.729530217745982,constant,
1.0,1443.893,1443.961,600.2999877929688,653.7999877929688,1228.0999755859375,662.9000244140625,254.8000030517578,67.99999999998363,627.8659373937695,constant,
1.0,1444.113,1444.135,1221.0999755859375,662.2000122070312,1324.0,648.5,127.5999984741211,21.999999999934516,103.80802165000287,constant,
1.0,1444.286,1444.294,1314.4000244140625,644.0999755859375,1292.199951171875,642.0999755859375,49.0,8.000000000038199,22.289980977077782,constant,
1.0,1444.861,1444.869,1283.4000244140625,643.7000122070312,1307.699951171875,648.0999755859375,51.099998474121094,7.999999999810825,24.69506262739109,constant,
1.0,1448.746,1448.998,1302.300048828125,661.5999755859375,1300.699951171875,663.7999877929688,289.8999938964844,251.9999999999527,2.7203614136035776,constant,
1.0,1451.156,1451.162,1306.4000244140625,628.7000122070312,1322.9000244140625,628.7999877929688,41.29999923706055,6.0000000000854925,16.500302879577198,constant,
1.0,1453.057,1453.066,1305.0,641.2999877929688,1328.5999755859375,638.0,46.20000076293945,9.000000000014552,23.829577568446084,constant,
1.0,1457.304,1457.388,1279.4000244140625,659.9000244140625,514.7999877929688,678.4000244140625,239.8000030517578,83.99999999983265,764.8238136989315,constant,
1.0,1457.552,1457.567,513.4000244140625,673.0999755859375,577.9000244140625,674.0999755859375,88.30000305175781,15.000000000100044,64.5077514722068,constant,
1.0,1458.679,1458.684,578.2999877929688,669.9000244140625,591.4000244140625,667.2000122070312,40.900001525878906,4.999999999881766,13.375388794054366,constant,
1.0,1463.29,1463.309,743.7999877929688,565.2000122070312,828.9000244140625,556.2999877929688,145.10000610351562,19.000000000005457,85.56416695955384,,
1.0,1464.77,1464.786,824.5999755859375,545.7000122070312,844.7999877929688,600.2000122070312,77.9000015258789,16.000000000076398,58.123063349794386,constant,
1.0,1465.077,1465.122,838.7000122070312,623.9000244140625,860.5,829.5,148.8000030517578,45.00000000007276,206.75248348861902,constant,
1.0,1465.335,1465.385,859.4000244140625,809.5999755859375,1247.0999755859375,659.4000244140625,296.70001220703125,49.999999999954525,415.7779184501119,constant,
1.0,1465.779,1465.794,1234.5,656.9000244140625,1185.800048828125,654.5,77.80000305175781,15.000000000100044,48.75905414721562,constant,
1.0,1466.324,1466.405,1167.0,657.5,357.70001220703125,548.9000244140625,311.1000061035156,80.9999999999036,816.5539938907688,constant,
1.0,1466.698,1466.735,368.6000061035156,538.9000244140625,600.2999877929688,592.0,208.89999389648438,36.99999999980719,237.70672881119725,constant,
1.0,1466.919,1466.947,597.5999755859375,604.2999877929688,821.5,643.0,226.10000610351562,27.999999999792635,227.21996364193475,constant,
1.0,1467.325,1467.333,848.2999877929688,672.5999755859375,827.2999877929688,676.2000122070312,47.20000076293945,8.000000000038199,21.30634327314793,constant,
1.0,1467.564,1467.602,816.2000122070312,678.9000244140625,1007.2999877929688,716.7999877929688,167.3000030517578,38.000000000010914,194.82199027078116,constant,
1.0,1467.883,1468.163,1017.5,724.5,1240.0999755859375,676.9000244140625,228.1999969482422,279.9999999999727,227.63239401860582,constant,
1.0,1468.351,1468.376,1254.300048828125,675.5,1199.300048828125,771.0999755859375,110.9000015258789,24.999999999863576,110.29213631094397,constant,
1.0,1469.003,1469.03,1187.800048828125,774.4000244140625,1258.800048828125,908.2000122070312,140.60000610351562,27.000000000043656,151.4709105188141,constant,
1.0,1469.68,1469.956,1242.0,939.2999877929688,1188.800048828125,803.5999755859375,203.10000610351562,275.99999999983993,145.75571384229954,constant,
1.0,1470.109,1470.129,1180.9000244140625,783.9000244140625,1135.300048828125,724.5999755859375,71.30000305175781,19.99999999998181,74.80543806740326,constant,
1.0,1470.38,1470.402,1116.4000244140625,687.5,1143.9000244140625,588.5999755859375,119.19999694824219,21.999999999934516,102.6521545273267,constant,
1.0,1470.753,1470.772,1148.0,574.4000244140625,1163.800048828125,527.2999877929688,61.79999923706055,19.000000000005457,49.67952287089226,constant,
1.0,1470.986,1471.005,1166.0999755859375,528.7000122070312,1121.800048828125,454.29998779296875,115.0999984741211,19.000000000005457,86.59010996390204,constant,
1.0,1471.307,1471.334,1113.4000244140625,467.29998779296875,1097.800048828125,305.0,138.1999969482422,27.000000000043656,163.04798458085781,constant,
1.0,1471.573,1471.608,1070.699951171875,292.5,1006.7000122070312,140.1999969482422,140.1999969482422,34.99999999985448,165.2007358248418,constant,
1.0,1471.977,1471.996,998.5,117.5,1079.699951171875,116.9000015258789,98.5999984741211,19.000000000005457,81.20216788044412,constant,
1.0,1472.255,1472.273,1086.199951171875,115.5,1107.9000244140625,182.8000030517578,89.5,17.99999999980173,70.71197628042164,constant,
1.0,1472.568,1472.609,1114.4000244140625,202.3000030517578,1169.9000244140625,431.3999938964844,172.8000030517578,40.99999999993997,235.72665484635758,constant,
1.0,1472.97,1473.004,1184.300048828125,417.1000061035156,1244.699951171875,636.9000244140625,187.89999389648438,33.99999999987813,227.94779282206545,constant,
1.0,1473.461,1473.499,1250.300048828125,632.2000122070312,1294.300048828125,821.0,179.1999969482422,38.000000000010914,193.85931855504174,constant,
1.0,1473.91,1473.929,1279.9000244140625,783.9000244140625,1331.800048828125,837.5,106.19999694824219,19.000000000005457,74.60944924735324,constant,
1.0,1474.174,1474.195,1313.300048828125,845.5,1200.699951171875,855.0,139.1999969482422,20.999999999958163,113.0001415583053,constant,
1.0,1474.415,1474.432,1201.4000244140625,854.5999755859375,1143.0,840.2000122070312,83.80000305175781,17.00000000005275,60.149162894232674,constant,
1.0,1474.734,1474.756,1139.699951171875,854.4000244140625,1226.0999755859375,782.2999877929688,136.1999969482422,22.00000000016189,112.53168220334065,constant,
1.0,1475.061,1475.088,1214.800048828125,796.5,1218.5,603.0,188.89999389648438,27.000000000043656,193.53537051059752,constant,
1.0,1475.43,1475.47,1214.0,553.7999877929688,1210.199951171875,274.0,192.6999969482422,39.99999999996362,279.82579141323197,constant,
1.0,1476.038,1476.051,1188.5999755859375,289.5,1237.4000244140625,286.29998779296875,77.69999694824219,12.999999999919964,48.904855012079665,constant,
1.0,1476.391,1476.427,1231.199951171875,281.79998779296875,1532.5,348.79998779296875,259.8999938964844,35.999999999830834,308.65955262040814,constant,
1.0,1476.752,1476.766,1522.0,344.6000061035156,1499.199951171875,322.70001220703125,46.70000076293945,14.000000000123691,31.61411012872159,constant,
1.0,1477.572,1477.622,1504.5999755859375,314.0,1186.300048828125,433.70001220703125,192.0,50.0000000001819,340.063135750396,constant,
1.0,1477.86,1477.877,1175.5999755859375,437.1000061035156,1110.4000244140625,470.79998779296875,100.9000015258789,17.00000000005275,73.39429404718298,constant,
1.0,1478.426,1478.448,1116.5999755859375,476.79998779296875,1053.199951171875,580.2000122070312,156.39999389648438,22.00000000016189,121.28943954249456,constant,
1.0,1479.105,1479.124,1051.699951171875,602.0999755859375,989.2000122070312,622.0,93.9000015258789,19.000000000005457,65.59156456656204,constant,
1.0,1479.707,1479.748,998.5999755859375,646.0999755859375,751.2999877929688,633.9000244140625,212.89999389648438,40.99999999993997,247.60073257363078,constant,
1.0,1482.278,1482.308,776.2000122070312,619.2999877929688,575.0,524.0,219.1999969482422,29.999999999972715,222.62868769646357,constant,
1.0,1487.415,1487.45,572.7000122070312,486.79998779296875,338.3999938964844,424.5,194.89999389648438,35.000000000081855,242.4413064214237,constant,
1.0,1491.746,1491.769,317.8999938964844,347.5,429.70001220703125,332.1000061035156,108.19999694824219,22.99999999991087,112.8556773328235,constant,
1.0,1492.018,1492.077,460.5,334.20001220703125,828.0999755859375,698.7000122070312,243.89999389648438,58.99999999996908,517.6774981113066,constant,
1.0,1492.743,1492.962,803.5999755859375,535.0,913.9000244140625,607.7999877929688,238.39999389648438,219.00000000005093,132.1587643485787,,
1.0,1493.207,1493.228,903.9000244140625,615.5,838.5999755859375,551.0999755859375,118.80000305175781,20.999999999958163,91.71400940689135,passive,
1.0,1493.967,1493.984,807.9000244140625,554.2000122070312,868.2000122070312,544.2000122070312,74.19999694824219,16.999999999825377,61.12355133524377,passive,
1.0,1494.231,1494.258,859.7999877929688,539.4000244140625,1044.0,546.9000244140625,178.8000030517578,27.000000000043656,184.3526362628711,passive,
1.0,1494.694,1494.725,1039.5999755859375,542.2999877929688,1155.300048828125,701.2000122070312,160.60000610351562,30.99999999994907,196.55972300305373,passive,
1.0,1495.005,1495.016,1163.5999755859375,734.5999755859375,1201.5999755859375,736.9000244140625,65.0,10.999999999967258,38.0695445810921,passive,
1.0,1495.56,1495.57,1180.5999755859375,726.2000122070312,1210.699951171875,730.0,55.900001525878906,9.999999999990905,30.33889314890616,passive,
1.0,1496.061,1496.077,1200.0,723.5,1251.300048828125,761.5999755859375,83.0999984741211,16.000000000076398,63.90072886452112,passive,
1.0,1496.311,1496.324,1248.5,771.7999877929688,1293.699951171875,791.5999755859375,77.0,13.000000000147338,49.34648014338607,passive,
1.0,1496.476,1496.542,1284.0,801.0,579.2999877929688,896.5,310.5,65.99999999980355,711.1415873119712,passive,
1.0,1496.773,1496.798,596.5,886.2000122070312,455.5,881.5999755859375,172.3000030517578,25.00000000009095,141.0750167000359,passive,
1.0,1497.235,1497.262,428.8999938964844,880.2000122070312,633.2999877929688,830.5999755859375,127.19999694824219,27.000000000043656,210.33193085619857,passive,
1.0,1497.883,1497.905,667.9000244140625,823.2000122070312,607.2999877929688,757.7000122070312,84.0,21.999999999934516,89.2334827207697,passive,
1.0,1498.083,1498.137,589.0999755859375,751.2999877929688,427.1000061035156,234.5,272.79998779296875,53.99999999985994,541.5959910257076,passive,
1.0,1498.396,1498.461,406.6000061035156,238.10000610351562,946.4000244140625,481.1000061035156,249.5,65.00000000005457,591.9738674705724,passive,
1.0,1498.648,1498.662,934.0999755859375,487.6000061035156,878.4000244140625,481.1000061035156,82.9000015258789,14.000000000123691,56.07793291972573,passive,
1.0,1498.807,1498.856,869.2000122070312,483.8999938964844,603.9000244140625,129.39999389648438,265.0,48.99999999997817,442.7802316307147,passive,
1.0,1499.044,1499.059,596.7999877929688,140.3000030517578,651.7000122070312,148.39999389648438,77.4000015258789,14.99999999987267,55.49434685037128,passive,
1.0,1499.193,1499.249,649.7000122070312,155.60000610351562,1068.699951171875,544.5,313.8999938964844,56.00000000004002,571.6678704503414,passive,
1.0,1499.916,1499.947,1036.699951171875,537.0,1226.9000244140625,695.4000244140625,247.89999389648438,30.99999999994907,247.52098011221005,passive,
1.0,1501.478,1501.526,1250.800048828125,741.4000244140625,846.0999755859375,571.2999877929688,262.79998779296875,48.00000000000182,438.9945008092121,passive,
1.0,1501.767,1501.773,836.2999877929688,572.5,822.4000244140625,565.7999877929688,42.79999923706055,5.999999999858119,15.43046161037649,passive,
1.0,1502.461,1502.499,825.2999877929688,559.9000244140625,1098.0,659.4000244140625,210.0,38.000000000010914,290.2852849486432,passive,
1.0,1503.074,1503.103,1077.300048828125,660.2000122070312,1270.5,653.7999877929688,173.89999389648438,28.999999999996362,193.30592708273454,passive,
1.0,1503.611,1503.661,1254.0999755859375,664.5,811.4000244140625,576.0,247.3000030517578,49.999999999954525,451.4592969112282,passive,
1.0,1503.908,1504.181,770.0,573.2000122070312,722.2999877929688,558.4000244140625,486.8999938964844,273.00000000013824,49.94327585594436,passive,
1.0,1504.661,1504.709,737.4000244140625,577.0,381.6000061035156,554.2999877929688,198.1999969482422,48.00000000000182,356.5234123924891,passive,
1.0,1504.971,1504.983,322.6000061035156,544.7000122070312,278.79998779296875,558.5999755859375,74.5999984741211,11.999999999943611,45.95269944126434,passive,
1.0,1505.109,1505.141,274.6000061035156,555.0,491.3999938964844,581.7000122070312,246.89999389648438,32.000000000152795,218.4379210642855,passive,
1.0,1505.62,1505.667,488.20001220703125,589.7000122070312,825.0999755859375,533.5,217.5,47.000000000025466,341.55530547303584,passive,
1.0,1506.32,1506.331,839.4000244140625,510.5,798.5,511.3999938964844,71.5,10.999999999967258,40.909925275959836,passive,
1.0,1506.647,1506.702,805.9000244140625,511.0,1354.4000244140625,459.70001220703125,318.29998779296875,55.000000000063665,550.8937635765709,passive,
1.0,1507.056,1507.122,1363.5999755859375,451.6000061035156,642.5,355.1000061035156,290.8999938964844,66.00000000003092,727.5282982743968,passive,
1.0,1507.302,1507.349,666.9000244140625,346.20001220703125,360.1000061035156,407.29998779296875,268.0,47.000000000025466,312.8249642403145,passive,
1.0,1507.536,1507.584,376.1000061035156,409.0,454.1000061035156,815.7999877929688,278.29998779296875,48.00000000000182,414.2103693394934,passive,
1.0,1507.776,1507.819,446.8999938964844,814.0,805.2999877929688,793.2999877929688,332.5,42.99999999989268,358.9972787227938,passive,
1.0,1508.119,1508.14,781.5,835.9000244140625,870.2000122070312,883.2999877929688,153.89999389648438,21.000000000185537,100.57061545923415,passive,
1.0,1508.292,1508.364,869.2000122070312,883.7999877929688,872.0,793.7999877929688,380.70001220703125,72.00000000011642,90.04354464169418,passive,
1.0,1508.979,1509.177,849.5,802.9000244140625,781.7000122070312,614.7000122070312,195.10000610351562,197.9999999998654,200.04020330786864,passive,
1.0,1509.369,1509.388,767.7999877929688,601.5999755859375,813.9000244140625,559.4000244140625,92.5,19.000000000005457,62.49839402236524,passive,
1.0,1509.637,1509.66,824.7000122070312,553.5,730.4000244140625,630.9000244140625,145.5,23.000000000138243,121.99693224442788,passive,
1.0,1509.922,1509.977,724.2000122070312,631.0999755859375,302.70001220703125,777.0,248.39999389648438,55.000000000063665,446.0370692263414,passive,
1.0,1510.177,1510.38,303.5,786.9000244140625,625.7999877929688,608.7000122070312,472.6000061035156,203.0000000002019,368.28321504235555,passive,
1.0,1510.57,1510.591,621.5999755859375,608.7000122070312,617.7000122070312,525.2999877929688,93.5,20.999999999958163,83.49115993099528,passive,
1.0,1510.938,1510.958,604.9000244140625,545.5999755859375,550.5,627.0999755859375,163.0,19.99999999998181,97.98781891771343,passive,
1.0,1513.193,1513.234,582.7999877929688,610.0,926.2999877929688,542.0,264.0,40.99999999993997,350.1660320476559,passive,
1.0,1513.427,1513.436,910.2999877929688,531.2000122070312,939.0,535.0999755859375,57.20000076293945,9.000000000014552,28.96377763760371,passive,
1.0,1513.666,1513.684,932.0,529.9000244140625,945.0,590.4000244140625,69.5,18.000000000029104,61.88093405888441,passive,
1.0,1514.837,1514.878,949.7999877929688,611.0999755859375,679.0999755859375,500.79998779296875,217.6999969482422,40.99999999993997,292.30905548069484,passive,
1.0,1515.19,1515.203,679.5999755859375,500.6000061035156,636.2999877929688,490.79998779296875,69.9000015258789,12.999999999919964,44.39514952963101,passive,
1.0,1515.43,1515.448,608.2999877929688,483.79998779296875,538.4000244140625,490.29998779296875,103.69999694824219,18.000000000029104,70.20153047029983,passive,
1.0,1515.63,1515.638,542.0,486.5,562.2000122070312,480.1000061035156,46.79999923706055,7.999999999810825,21.189629893871405,passive,
1.0,1515.843,1515.862,560.0999755859375,466.6000061035156,632.9000244140625,488.79998779296875,95.5,19.000000000005457,76.10969909538099,passive,
1.0,1516.107,1516.124,628.0999755859375,489.79998779296875,702.2999877929688,483.70001220703125,98.19999694824219,17.00000000005275,74.4503291710159,passive,
1.0,1516.638,1516.66,700.2999877929688,482.5,622.7999877929688,524.5,85.0999984741211,22.00000000016189,88.1490215487387,passive,
1.0,1516.874,1516.915,608.2999877929688,556.0,796.5999755859375,717.7999877929688,180.89999389648438,40.99999999993997,248.26623099535107,passive,
1.0,1517.157,1517.506,799.0999755859375,691.2000122070312,799.7999877929688,629.4000244140625,165.89999389648438,349.00000000016007,61.80395220615814,passive,
1.0,1517.561,1517.601,619.7000122070312,787.7999877929688,817.0,601.5,228.0,40.000000000190994,271.35764340583063,passive,
1.0,1518.162,1518.186,807.4000244140625,607.7999877929688,725.5999755859375,563.0,92.4000015258789,23.999999999887223,93.26460686956109,passive,
1.0,1518.433,1518.474,710.2000122070312,537.9000244140625,962.4000244140625,392.3999938964844,284.20001220703125,40.99999999993997,291.16164760806475,passive,
1.0,1519.707,1519.755,965.7000122070312,385.1000061035156,886.4000244140625,631.9000244140625,168.8000030517578,48.00000000000182,259.22719205756806,passive,
1.0,1520.657,1520.71,882.9000244140625,618.9000244140625,518.7999877929688,683.0,171.10000610351562,53.00000000011096,369.6993961823573,passive,
1.0,1521.021,1521.037,501.1000061035156,687.2999877929688,621.4000244140625,684.4000244140625,140.5,16.000000000076398,120.33496662698217,passive,
1.0,1522.881,1522.959,818.0,561.5,428.20001220703125,521.5,139.60000610351562,77.99999999997453,391.846947778592,passive,
1.0,1523.102,1523.123,359.3999938964844,481.79998779296875,414.70001220703125,410.8999938964844,111.80000305175781,20.999999999958163,89.91607842687725,passive,
1.0,1523.481,1523.491,395.20001220703125,419.70001220703125,430.79998779296875,430.5,72.0,9.999999999990905,37.20212356906014,passive,
1.0,1523.593,1523.636,435.20001220703125,426.8999938964844,717.7999877929688,458.20001220703125,217.89999389648438,42.99999999989268,284.32804530579295,passive,
1.0,1524.096,1524.142,684.2999877929688,454.3999938964844,1094.4000244140625,639.7999877929688,307.5,46.00000000004911,450.06132668053016,passive,
1.0,1525.179,1525.203,1102.199951171875,637.7000122070312,986.2999877929688,613.2000122070312,110.5999984741211,23.999999999887223,118.46118145296293,passive,
1.0,1525.442,1525.466,923.7000122070312,605.2000122070312,795.7999877929688,576.2999877929688,113.9000015258789,23.999999999887223,131.12447390266698,passive,
1.0,1525.727,1525.776,750.2999877929688,563.0999755859375,1193.4000244140625,697.7000122070312,295.20001220703125,48.99999999997817,463.0926606112587,passive,
1.0,1525.951,1526.212,1179.699951171875,709.0999755859375,1006.7000122070312,581.5,153.5,260.99999999996726,214.96681755883048,passive,
1.0,1526.898,1526.927,995.5,584.7000122070312,833.5999755859375,566.7999877929688,130.10000610351562,28.999999999996362,162.8865518675439,passive,
1.0,1528.193,1528.212,821.4000244140625,579.2999877929688,755.4000244140625,582.7000122070312,78.80000305175781,19.000000000005457,66.08751898820398,passive,
1.0,1531.216,1531.242,749.9000244140625,608.7000122070312,634.0999755859375,613.0999755859375,100.30000305175781,26.000000000067303,115.8836096535306,passive,
1.0,1531.822,1531.857,558.0,619.0999755859375,825.5,530.5,250.10000610351562,35.000000000081855,281.79106741312563,passive,
1.0,1537.905,1537.99,831.0999755859375,555.9000244140625,178.3000030517578,317.29998779296875,255.3000030517578,85.00000000003638,695.0379713484818,passive,
1.0,1543.384,1543.444,299.6000061035156,256.20001220703125,873.7999877929688,424.3999938964844,257.79998779296875,59.99999999994543,598.3283820883819,passive,
1.0,1543.751,1544.014,855.0,534.2000122070312,1203.199951171875,782.9000244140625,113.19999694824219,262.99999999991996,427.89590097110494,passive,
1.0,1544.394,1544.445,1185.0999755859375,778.0,868.7999877929688,689.2000122070312,164.89999389648438,50.99999999993088,328.52872037291286,passive,
1.0,1544.696,1544.739,840.0999755859375,684.4000244140625,641.2999877929688,545.5999755859375,194.60000610351562,43.00000000012005,242.46007650987494,passive,
1.0,1544.859,1545.062,641.0,595.5999755859375,612.7999877929688,634.4000244140625,591.9000244140625,202.99999999997453,47.96545087395297,passive,
1.0,1546.038,1546.087,632.0,584.4000244140625,631.5999755859375,589.5,9.5,48.99999999997817,5.1156397946888905,passive,
1.0,1546.133,1546.226,639.2000122070312,645.2999877929688,684.0999755859375,506.3999938964844,1045.199951171875,93.00000000007458,145.97676190363492,passive,
1.0,1546.499,1546.526,692.5,486.3999938964844,864.2999877929688,530.5999755859375,213.10000610351562,27.000000000043656,177.3946847766646,passive,
1.0,1547.32,1547.36,845.0999755859375,557.0999755859375,756.5999755859375,752.7000122070312,144.8000030517578,39.99999999996362,214.689599948794,passive,
1.0,1547.466,1547.617,753.2000122070312,770.7000122070312,761.2999877929688,790.7000122070312,878.0,151.0000000000673,21.577988888976275,passive,
1.0,1548.31,1548.332,768.7000122070312,772.0,693.0999755859375,736.4000244140625,96.5,22.00000000016189,83.5626938222438,passive,
1.0,1549.673,1549.699,690.2999877929688,734.9000244140625,880.0999755859375,703.4000244140625,201.89999389648438,26.000000000067303,192.39616775344328,passive,
1.0,1550.002,1550.045,879.0999755859375,696.2999877929688,1120.800048828125,372.70001220703125,311.3999938964844,43.00000000012005,403.90081654349024,passive,
1.0,1551.626,1551.681,1095.0,359.5,819.0999755859375,565.5999755859375,177.3000030517578,55.000000000063665,344.38063738863764,passive,
1.0,1552.364,1552.386,823.9000244140625,555.9000244140625,741.5999755859375,539.7000122070312,98.9000015258789,21.999999999934516,83.87930872759813,passive,
1.0,1552.413,1552.647,676.7000122070312,516.7999877929688,711.7000122070312,498.29998779296875,1437.5999755859375,233.9999999999236,39.588508433635134,passive,
1.0,1552.871,1552.897,715.5,493.8999938964844,641.9000244140625,380.3999938964844,161.5,25.99999999983993,135.27455934598567,passive,
1.0,1553.297,1553.338,637.7000122070312,379.6000061035156,819.7999877929688,521.0999755859375,174.3000030517578,40.99999999993997,230.61362160966414,passive,
1.0,1553.488,1553.538,802.4000244140625,520.2000122070312,1144.199951171875,470.29998779296875,227.3000030517578,49.999999999954525,345.42322210321936,passive,
1.0,1553.714,1553.787,1116.5,453.79998779296875,566.2000122070312,261.3999938964844,191.10000610351562,73.00000000009277,582.964693799126,passive,
1.0,1553.958,1554.009,533.2999877929688,252.89999389648438,193.39999389648438,230.39999389648438,233.3000030517578,50.99999999993088,340.64388421169417,passive,
1.0,1554.334,1554.488,206.5,226.6999969482422,1353.0999755859375,195.3000030517578,335.70001220703125,153.99999999999636,1147.029844263161,passive,
1.0,1554.736,1554.93,1305.0,226.3000030517578,1594.9000244140625,193.89999389648438,326.5,193.99999999995998,291.7049618167916,passive,
1.0,1555.054,1555.065,1519.4000244140625,208.8000030517578,1553.5,212.0,53.900001525878906,10.999999999967258,34.24979292536369,passive,
1.0,1555.254,1555.309,1534.300048828125,212.39999389648438,988.0,294.20001220703125,257.70001220703125,55.000000000063665,552.3902482350838,passive,
1.0,1555.435,1555.477,977.5999755859375,290.5,1124.9000244140625,506.5,228.39999389648438,42.0000000001437,261.4446487973468,passive,
1.0,1555.744,1555.79,1136.300048828125,481.20001220703125,1010.7999877929688,800.0,252.89999389648438,46.00000000004911,342.6130434420514,passive,
1.0,1555.926,1555.951,1026.5999755859375,790.9000244140625,1179.699951171875,861.0,265.70001220703125,25.00000000009095,168.38529954115262,passive,
1.0,1556.161,1556.22,1180.9000244140625,871.0,882.0,877.5999755859375,198.60000610351562,58.99999999996908,298.9728821690391,passive,
1.0,1556.595,1556.61,872.0999755859375,867.7000122070312,847.9000244140625,911.5999755859375,63.70000076293945,14.99999999987267,50.128279657199926,passive,
1.0,1556.9,1556.92,839.7999877929688,909.7999877929688,945.5999755859375,881.5999755859375,172.3000030517578,19.99999999998181,109.49373546221285,passive,
1.0,1556.977,1557.079,973.5999755859375,834.2999877929688,973.7000122070312,836.5,7.400000095367432,101.99999999986176,2.202285412167634,passive,
1.0,1557.145,1557.406,959.0,826.2000122070312,680.7999877929688,515.0,73.30000305175781,260.99999999996726,417.4214829038495,passive,
1.0,1557.554,1557.567,681.7000122070312,554.7000122070312,730.2000122070312,558.9000244140625,74.0999984741211,12.999999999919964,48.681517052565354,passive,
1.0,1557.833,1557.845,784.2000122070312,540.2000122070312,819.0,543.2000122070312,56.5,11.999999999943611,34.92905882486349,passive,
1.0,1558.091,1558.111,821.9000244140625,536.0,902.4000244140625,542.2999877929688,124.9000015258789,20.000000000209184,80.74614446641743,passive,
1.0,1558.421,1558.459,929.2999877929688,552.0,1050.0999755859375,355.0,158.5,38.000000000010914,231.08794224446544,passive,
1.0,1558.682,1558.702,1043.0999755859375,336.8999938964844,1003.5999755859375,256.3999938964844,109.30000305175781,19.99999999998181,89.6688351658479,passive,
1.0,1559.13,1559.201,1006.5,270.8999938964844,447.79998779296875,408.0,245.5,70.99999999991269,575.2756863571768,passive,
1.0,1559.531,1559.58,459.29998779296875,408.29998779296875,772.0,494.3999938964844,239.5,48.99999999997817,324.3370294698139,passive,
1.0,1559.861,1559.876,771.5,508.1000061035156,827.7000122070312,526.0999755859375,80.4000015258789,14.99999999987267,59.01220444483141,passive,
1.0,1560.205,1560.219,844.2999877929688,516.5999755859375,806.4000244140625,542.9000244140625,69.30000305175781,14.000000000123691,46.131332004226735,passive,
1.0,1560.412,1560.424,802.2000122070312,554.0999755859375,764.7999877929688,570.4000244140625,67.5,11.999999999943611,40.79771339146019,passive,
1.0,1560.678,1560.701,756.2999877929688,572.9000244140625,842.5,658.7000122070312,159.0,22.99999999991087,121.62269529066491,passive,
1.0,1560.888,1560.929,829.0999755859375,661.9000244140625,1188.5,748.5999755859375,298.29998779296875,41.00000000016735,369.709695683024,passive,
1.0,1560.958,1561.041,1168.699951171875,741.0999755859375,1169.300048828125,739.9000244140625,6.800000190734863,82.9999999998563,1.3416407909425416,passive,
1.0,1561.172,1561.184,1173.5,743.7000122070312,1134.5999755859375,737.4000244140625,67.5,11.999999999943611,39.40687434453808,passive,
1.0,1561.322,1561.371,1126.0,747.5,656.9000244140625,837.4000244140625,254.5,49.000000000205546,477.6366835622827,passive,
1.0,1561.537,1561.76,658.0,843.2000122070312,739.4000244140625,663.9000244140625,72.0,222.99999999995634,196.91228909636064,passive,
1.0,1562.05,1562.074,787.0999755859375,637.2000122070312,814.2999877929688,525.9000244140625,169.8000030517578,24.000000000114596,114.57542470694857,passive,
1.0,1562.378,1562.389,808.7999877929688,548.4000244140625,780.4000244140625,558.2000122070312,52.099998474121094,10.999999999967258,30.043263482277563,passive,
1.0,1564.793,1564.802,809.5,586.2999877929688,835.4000244140625,582.5999755859375,53.79999923706055,9.000000000014552,26.162976798927406,passive,
1.0,1565.087,1565.141,828.2999877929688,573.2000122070312,1257.9000244140625,324.8999938964844,254.1999969482422,54.00000000008731,496.1946095614734,passive,
1.0,1565.542,1565.597,1260.199951171875,276.70001220703125,808.0999755859375,395.20001220703125,223.89999389648438,55.000000000063665,467.3720551389495,passive,
1.0,1566.193,1566.226,815.7999877929688,416.29998779296875,718.5,491.1000061035156,119.80000305175781,33.00000000012915,122.72868598567335,passive,
1.0,1567.949,1567.998,741.2000122070312,450.0,970.5,556.9000244140625,178.3000030517578,48.99999999997817,252.9942679619101,passive,
1.0,1569.839,1569.856,814.5999755859375,503.70001220703125,833.2000122070312,551.0,64.5,17.00000000005275,50.82568452584797,,
1.0,1571.361,1571.385,815.7999877929688,555.2000122070312,695.5999755859375,502.5,122.0999984741211,23.999999999887223,131.24532075922443,passive,
1.0,1571.582,1571.6,673.5,494.20001220703125,728.7999877929688,562.2000122070312,107.5,17.99999999980173,87.64752506433078,passive,
1.0,1571.762,1571.767,737.5,579.9000244140625,749.0999755859375,584.0999755859375,38.400001525878906,5.000000000109139,12.336896831881194,passive,
1.0,1572.332,1572.576,717.7999877929688,615.9000244140625,679.7999877929688,612.5,247.6999969482422,243.9999999999145,38.15180423015694,passive,
1.0,1573.35,1573.372,709.4000244140625,617.5,792.9000244140625,568.7000122070312,105.9000015258789,22.00000000016189,96.71447052325675,passive,
1.0,1574.187,1574.21,823.5999755859375,533.2999877929688,798.0999755859375,406.20001220703125,139.0,23.000000000138243,129.63276512497103,passive,
1.0,1574.517,1574.582,786.0999755859375,418.79998779296875,1420.5999755859375,861.4000244140625,364.20001220703125,65.00000000005457,773.6181502634188,passive,
1.0,1575.11,1575.404,1404.9000244140625,827.2999877929688,624.0,537.2999877929688,645.9000244140625,294.0000000000964,833.0095126286875,passive,
1.0,1575.584,1575.615,634.7999877929688,542.2999877929688,846.0999755859375,562.9000244140625,225.0,30.99999999994907,212.30178131635907,passive,
1.0,1575.984,1576.029,831.4000244140625,532.7999877929688,1179.5,463.29998779296875,330.70001220703125,45.00000000007276,354.97020016183086,passive,
1.0,1576.337,1576.386,1150.699951171875,463.3999938964844,686.9000244140625,338.1000061035156,305.6000061035156,48.99999999997817,480.42737120346334,passive,
1.0,1576.662,1576.679,699.7000122070312,345.70001220703125,761.2999877929688,384.70001220703125,106.5999984741211,17.00000000005275,72.90786646300998,passive,
1.0,1577.039,1577.253,744.4000244140625,405.0,703.5999755859375,468.1000061035156,765.5,213.9999999999418,75.14156476039804,passive,
1.0,1577.391,1577.413,702.2000122070312,487.79998779296875,831.2000122070312,543.7000122070312,221.60000610351562,21.999999999934516,140.59094113595222,passive,
1.0,1578.325,1578.366,804.5,579.7999877929688,526.5999755859375,549.2999877929688,220.3000030517578,40.99999999993997,279.568727810062,passive,
1.0,1578.561,1578.599,541.4000244140625,553.2000122070312,408.3999938964844,347.1000061035156,270.70001220703125,38.000000000010914,245.288036058724,passive,
1.0,1578.78,1578.82,404.20001220703125,342.70001220703125,660.5,408.6000061035156,254.8000030517578,39.99999999996362,264.63652986357084,passive,
1.0,1579.066,1579.109,650.5,414.1000061035156,905.9000244140625,488.29998779296875,232.6999969482422,42.99999999989268,265.9601657267849,passive,
1.0,1579.414,1579.433,897.2999877929688,485.3999938964844,838.4000244140625,537.7000122070312,105.19999694824219,19.000000000005457,78.76863335947905,passive,
1.0,1579.901,1579.922,838.0,543.2999877929688,817.7999877929688,641.2999877929688,117.69999694824219,20.999999999958163,100.0601843550381,passive,
1.0,1580.158,1580.209,825.5,623.2000122070312,1320.300048828125,664.4000244140625,359.0,51.00000000015825,496.51236573339685,passive,
1.0,1580.752,1580.758,1285.5999755859375,674.9000244140625,1293.800048828125,688.7000122070312,43.5,6.0000000000854925,16.052441068676313,passive,
1.0,1581.16,1581.173,1276.9000244140625,723.2000122070312,1274.300048828125,760.9000244140625,53.29999923706055,12.999999999919964,37.78955931812087,passive,
1.0,1581.475,1581.773,1263.5,751.5,1083.4000244140625,682.0999755859375,116.0999984741211,298.0000000000018,193.00871636982552,passive,
1.0,1582.124,1582.149,794.7000122070312,535.0999755859375,938.7999877929688,567.0,140.39999389648438,24.999999999863576,147.58866664309141,passive,
1.0,1582.542,1582.597,956.5,567.7999877929688,705.4000244140625,717.2999877929688,146.6999969482422,55.000000000063665,292.23526094442883,passive,
1.0,1582.88,1582.903,707.2999877929688,718.5,602.7999877929688,655.5,150.0,22.99999999991087,122.02151449641985,passive,
1.0,1583.213,1583.243,565.0999755859375,615.4000244140625,802.5,716.4000244140625,277.20001220703125,29.999999999972715,257.9918052803179,passive,
1.0,1584.12,1584.179,835.0999755859375,712.9000244140625,556.5999755859375,749.2000122070312,112.5,59.00000000019645,280.85572651055145,passive,
1.0,1585.373,1585.405,623.7999877929688,706.5999755859375,894.4000244140625,552.5999755859375,304.1000061035156,31.99999999992542,311.35250090426007,passive,
1.0,1585.703,1585.728,879.7000122070312,553.7000122070312,759.7000122070312,519.7000122070312,133.5,25.00000000009095,124.72369462135092,passive,
1.0,1586.233,1586.256,713.7999877929688,515.9000244140625,827.2000122070312,472.29998779296875,145.5,23.000000000138243,121.49291637980663,passive,
1.0,1591.17,1591.235,846.5,518.0,420.20001220703125,625.2999877929688,161.3000030517578,64.9999999998272,439.5963682432517,passive,
1.0,1594.196,1594.242,460.8999938964844,588.7999877929688,832.4000244140625,440.5,280.3999938964844,46.00000000004911,400.006448765462,passive,
1.0,1595.53,1595.818,889.5,438.70001220703125,605.4000244140625,514.2000122070312,136.0,288.0000000000109,293.96096021058696,passive,
1.0,1596.113,1596.136,590.0,520.2000122070312,642.7000122070312,655.7999877929688,181.0,22.99999999991087,145.48073640701745,passive,
1.0,1596.446,1596.498,624.0,663.5999755859375,1131.0,622.7999877929688,290.70001220703125,52.000000000134605,508.63900656940024,passive,
