eye,stime,etime,x,y,duration_ms,block_type,triplet
1.0,0.005,0.078,848.5999755859375,559.2999877929688,73.0,,
1.0,0.088,0.266,876.2999877929688,524.0999755859375,178.00000000000003,,
1.0,0.303,0.401,702.5,626.2000122070312,98.00000000000003,,
1.0,0.567,0.81,712.0,618.2000122070312,243.0000000000001,,
1.0,0.836,0.967,872.5999755859375,579.5,131.0,,
1.0,0.978,3.211,863.7999877929688,527.9000244140625,2232.9999999999995,,
1.0,3.409,3.44,851.2999877929688,520.7999877929688,31.00000000000014,,
1.0,3.447,3.833,858.7000122070312,533.0999755859375,386.0000000000001,,
1.0,3.847,3.939,918.0999755859375,566.2999877929688,92.00000000000009,,
1.0,3.962,4.084,1065.699951171875,668.7999877929688,121.99999999999945,,
1.0,4.111,4.217,1252.199951171875,783.2000122070312,105.99999999999987,,
1.0,4.247,4.397,1460.800048828125,899.9000244140625,150.00000000000034,,
1.0,4.41,7.886,1546.800048828125,960.5,3476.0,,
1.0,7.909,8.021,1553.800048828125,823.0,112.000000000001,,
1.0,8.047,8.117,1567.4000244140625,635.0999755859375,70.00000000000028,,
1.0,8.149,8.307,1595.199951171875,375.6000061035156,158.00000000000125,,
1.0,8.329,8.459,1570.5,190.3000030517578,129.999999999999,,
1.0,8.477,9.282,1559.300048828125,54.70000076293945,804.9999999999998,,
1.0,9.518,11.888,1564.4000244140625,40.0,2369.999999999999,,
1.0,11.91,12.02,1500.699951171875,132.60000610351562,109.99999999999943,,
1.0,12.071,12.211,1273.5,541.2999877929688,140.00000000000057,,
1.0,12.241,12.375,983.4000244140625,700.5999755859375,134.00000000000034,,
1.0,12.403,13.603,841.5999755859375,954.2000122070312,1199.9999999999993,,
1.0,13.61,13.781,834.5,963.0999755859375,171.00000000000114,,
1.0,14.048,15.933,837.5999755859375,934.7000122070312,1884.9999999999998,,
1.0,15.949,16.031,770.0,842.5999755859375,81.99999999999896,,
1.0,16.057,16.125,641.9000244140625,679.0,68.00000000000139,,
1.0,16.167,16.241,396.79998779296875,443.29998779296875,73.99999999999807,,
1.0,16.287,16.382,190.0,200.39999389648438,95.00000000000242,,
1.0,16.408,16.578,123.69999694824219,91.9000015258789,169.99999999999815,,
1.0,16.729,17.275,110.9000015258789,47.5,545.9999999999993,,
1.0,17.433,19.952,113.19999694824219,53.29999923706055,2519.000000000002,,
1.0,19.97,20.057,243.8000030517578,107.80000305175781,86.99999999999974,,
1.0,20.077,20.21,457.1000061035156,150.89999389648438,132.99999999999912,,
1.0,20.255,20.279,921.2000122070312,331.29998779296875,24.00000000000091,,
1.0,20.332,20.413,1404.5,493.5,80.99999999999952,,
1.0,20.437,21.321,1569.800048828125,521.2999877929688,884.0000000000003,,
1.0,21.573,21.649,1587.5999755859375,452.0,76.00000000000051,,
1.0,21.668,21.72,1567.5999755859375,429.0,51.9999999999996,,
1.0,21.741,23.875,1572.0999755859375,510.5,2134.0000000000005,,
1.0,23.883,24.023,1546.4000244140625,536.0999755859375,140.00000000000057,,
1.0,24.037,24.105,1430.9000244140625,526.0,68.00000000000139,,
1.0,24.127,24.208,1223.0999755859375,528.9000244140625,80.99999999999952,,
1.0,24.235,24.289,921.9000244140625,538.0,54.000000000002046,,
1.0,24.326,24.4,569.0999755859375,523.0,73.99999999999807,,
1.0,24.427,24.515,370.1000061035156,513.7999877929688,88.00000000000097,,
1.0,24.54,24.675,216.89999389648438,519.7999877929688,135.00000000000156,,
1.0,24.694,25.385,97.5999984741211,517.7999877929688,691.0000000000025,,
1.0,25.624,28.072,114.5,500.5,2448.0000000000005,,
1.0,28.099,28.544,126.69999694824219,764.9000244140625,445.0000000000003,,
1.0,28.564,29.405,110.4000015258789,946.2000122070312,841.0000000000011,,
1.0,29.68,29.784,132.6999969482422,933.7000122070312,103.9999999999992,,
1.0,29.793,30.082,103.80000305175781,922.5999755859375,289.0000000000015,,
1.0,30.089,32.121,124.0,918.2999877929688,2032.0000000000036,,
1.0,32.156,32.244,355.1000061035156,686.0999755859375,88.00000000000097,,
1.0,32.296,32.392,471.29998779296875,355.5,96.00000000000364,,
1.0,32.42,32.576,670.9000244140625,267.0,155.9999999999988,,
1.0,32.605,32.904,819.9000244140625,73.19999694824219,299.0000000000066,,
1.0,33.05,33.346,811.2999877929688,47.099998474121094,295.9999999999994,,
1.0,33.562,35.815,818.5999755859375,48.599998474121094,2253.0,,
1.0,35.824,36.063,812.7999877929688,531.2000122070312,239.00000000000432,,
1.0,36.267,36.869,791.7999877929688,528.5999755859375,601.9999999999968,,
1.0,37.064,37.201,773.5,508.70001220703125,137.00000000000045,,
1.0,37.214,37.518,829.9000244140625,531.9000244140625,304.00000000000205,,
1.0,37.541,37.753,756.2000122070312,562.7000122070312,212.0000000000033,,
1.0,37.802,38.117,397.70001220703125,556.2999877929688,314.9999999999977,,
1.0,38.195,38.324,1189.9000244140625,673.4000244140625,128.99999999999778,,
1.0,38.376,38.536,1470.699951171875,926.9000244140625,160.0000000000037,,
1.0,38.597,38.741,819.7999877929688,640.2000122070312,143.99999999999835,,
1.0,38.765,39.107,785.0,592.0,341.99999999999875,,
1.0,39.182,39.44,1522.9000244140625,1012.0999755859375,257.99999999999557,,
1.0,39.511,39.689,757.2000122070312,610.7000122070312,177.99999999999727,,
1.0,39.714,40.076,808.4000244140625,556.9000244140625,362.0000000000019,,
1.0,40.302,40.901,836.2000122070312,528.0999755859375,599.0000000000038,,
1.0,40.941,41.318,571.2999877929688,624.7999877929688,376.99999999999534,,
1.0,41.355,41.624,780.5999755859375,560.0999755859375,269.00000000000546,,
1.0,41.771,42.281,792.2999877929688,510.1000061035156,509.999999999998,,
1.0,42.303,43.034,853.5,543.7000122070312,731.0000000000016,,
1.0,43.207,43.663,794.0999755859375,538.7000122070312,455.99999999999596,,
1.0,43.674,43.988,836.5999755859375,547.9000244140625,314.00000000000006,,
1.0,44.025,44.18,594.2999877929688,499.8999938964844,155.00000000000114,,
1.0,44.221,44.698,831.7999877929688,540.9000244140625,477.00000000000387,,
1.0,44.718,44.779,769.5,487.79998779296875,60.99999999999994,,
1.0,44.788,45.54,807.2000122070312,535.4000244140625,752.0000000000025,,
1.0,45.562,45.762,743.0999755859375,554.7000122070312,200.00000000000284,active,
1.0,45.777,46.43,808.2000122070312,510.3999938964844,652.9999999999986,active,
1.0,46.474,46.816,826.7000122070312,630.7999877929688,342.00000000000585,active,
1.0,46.825,47.388,794.7000122070312,593.5999755859375,562.9999999999952,active,
1.0,47.399,47.746,839.9000244140625,564.9000244140625,347.0000000000013,active,
1.0,47.765,48.035,806.4000244140625,522.5999755859375,269.999999999996,active,
1.0,48.572,48.941,789.0,536.7999877929688,368.9999999999998,active,
1.0,48.973,49.221,974.9000244140625,580.7000122070312,247.99999999999756,active,
1.0,49.265,49.703,1312.699951171875,587.0,438.0000000000024,active,
1.0,49.748,49.985,969.2000122070312,560.9000244140625,237.00000000000188,active,
1.0,50.019,50.183,776.5999755859375,533.2999877929688,164.00000000000148,active,
1.0,50.194,51.3,824.7999877929688,507.0,1105.9999999999945,active,
1.0,51.329,51.636,668.2000122070312,429.8999938964844,307.00000000000216,active,
1.0,51.68,51.837,970.5,410.1000061035156,157.00000000000358,active,
1.0,52.053,52.254,850.5999755859375,456.8999938964844,201.0000000000005,active,
1.0,52.276,52.841,818.7000122070312,522.7000122070312,564.9999999999977,active,
1.0,52.865,53.604,801.7000122070312,426.3999938964844,738.9999999999973,active,
1.0,53.612,53.853,754.9000244140625,453.0,240.99999999999966,active,
1.0,53.879,54.083,871.9000244140625,461.3999938964844,204.00000000000063,active,
1.0,54.297,54.979,817.9000244140625,516.7999877929688,682.0000000000022,active,
1.0,54.996,55.287,874.5999755859375,538.4000244140625,290.9999999999968,active,
1.0,55.311,55.69,772.0999755859375,501.79998779296875,378.9999999999978,active,
1.0,55.719,55.999,923.7000122070312,550.0999755859375,280.00000000000114,active,
1.0,56.032,56.17,723.2999877929688,515.2999877929688,138.00000000000523,active,
1.0,56.706,56.87,776.2000122070312,494.6000061035156,163.99999999999437,active,
1.0,56.887,57.167,835.2000122070312,517.7999877929688,280.00000000000114,active,
1.0,57.212,57.334,1099.199951171875,328.29998779296875,121.99999999999989,active,
1.0,57.353,57.84,1071.300048828125,270.6000061035156,487.0000000000019,active,
1.0,57.849,58.179,1110.5999755859375,275.6000061035156,330.0000000000054,active,
1.0,58.514,58.924,821.5,498.5,409.9999999999966,active,
1.0,58.943,59.33,765.9000244140625,448.1000061035156,387.00000000000045,active,
1.0,59.356,59.821,658.2999877929688,351.8999938964844,464.9999999999963,active,
1.0,59.847,60.0,791.9000244140625,357.3999938964844,152.9999999999987,active,
1.0,60.023,60.387,829.5999755859375,457.0,363.9999999999972,active,
1.0,60.407,61.012,777.0999755859375,428.8999938964844,605.000000000004,active,
1.0,61.034,61.664,704.2999877929688,437.20001220703125,630.0000000000025,active,
1.0,61.699,62.023,912.5999755859375,542.5999755859375,324.0000000000052,active,
1.0,62.052,62.879,769.5999755859375,512.9000244140625,826.9999999999982,active,
1.0,62.893,63.353,840.9000244140625,507.70001220703125,460.00000000000085,active,
1.0,63.374,63.894,768.0999755859375,503.3999938964844,519.999999999996,active,
1.0,64.057,64.291,847.7000122070312,553.0999755859375,233.99999999999466,active,
1.0,64.317,64.508,948.0,638.7000122070312,191.0000000000025,active,
1.0,64.571,64.924,522.0999755859375,840.7999877929688,353.00000000000864,active,
1.0,64.986,65.217,791.5999755859375,520.2000122070312,230.99999999999454,active,
1.0,65.226,65.977,816.2999877929688,518.9000244140625,751.0000000000048,active,
1.0,66.006,66.169,703.9000244140625,366.79998779296875,162.9999999999967,active,
1.0,66.177,66.283,671.4000244140625,367.0,105.99999999999454,active,
1.0,66.329,66.797,971.0999755859375,300.6000061035156,468.0000000000035,active,
1.0,67.018,67.322,902.5,327.20001220703125,304.00000000000205,active,
1.0,67.349,68.361,843.2000122070312,500.70001220703125,1012.0000000000005,active,
1.0,68.4,68.553,627.0,320.1000061035156,152.9999999999916,active,
1.0,68.563,69.132,606.5,293.6000061035156,569.0000000000026,active,
1.0,69.343,69.503,708.0999755859375,365.70001220703125,159.9999999999966,active,
1.0,69.537,69.892,854.9000244140625,506.20001220703125,354.99999999998977,active,
1.0,69.916,70.547,770.2999877929688,456.20001220703125,631.0000000000002,active,
1.0,70.575,70.708,871.5,316.20001220703125,132.99999999999557,active,
1.0,70.728,70.953,858.0999755859375,262.0,225.00000000000853,active,
1.0,70.974,71.173,838.2999877929688,335.29998779296875,198.99999999999807,active,
1.0,71.182,71.754,798.7999877929688,524.2000122070312,572.0000000000027,,
1.0,71.769,72.128,817.4000244140625,517.7999877929688,358.99999999999466,active,
1.0,72.137,72.339,780.0999755859375,523.4000244140625,201.99999999999818,active,
1.0,72.352,72.707,825.9000244140625,519.7999877929688,354.99999999998977,active,
1.0,72.732,73.131,688.0999755859375,488.8999938964844,399.0000000000009,active,
1.0,73.139,73.538,696.5999755859375,428.0,399.0000000000009,active,
1.0,74.435,74.712,808.7999877929688,583.5999755859375,277.000000000001,active,
1.0,74.741,74.948,815.5999755859375,416.6000061035156,206.99999999999363,active,
1.0,74.961,75.607,789.0,369.29998779296875,646.0000000000008,active,
1.0,75.81,76.12,818.2999877929688,475.5,310.0000000000023,active,
1.0,76.72,76.907,799.9000244140625,438.3999938964844,186.9999999999976,active,
1.0,76.932,77.298,871.7999877929688,335.6000061035156,365.99999999999966,active,
1.0,77.502,77.641,855.7000122070312,292.70001220703125,139.00000000001,active,
1.0,77.648,77.847,830.7999877929688,327.79998779296875,198.99999999999807,active,
1.0,78.108,78.782,835.2999877929688,496.0,673.9999999999924,active,
1.0,78.816,79.195,622.2999877929688,400.79998779296875,378.9999999999907,active,
1.0,79.24,80.07,889.0,399.29998779296875,829.9999999999983,active,
1.0,80.369,81.194,808.9000244140625,469.5,825.0000000000028,active,
1.0,81.213,81.611,863.2999877929688,524.2000122070312,398.00000000001035,active,
1.0,82.158,82.354,837.0999755859375,466.70001220703125,195.99999999999795,active,
1.0,82.651,82.767,718.5,503.79998779296875,115.99999999999966,active,
1.0,82.786,83.627,833.0,515.2000122070312,840.999999999994,active,
1.0,83.653,84.315,727.7000122070312,523.2000122070312,661.9999999999919,active,
1.0,84.328,84.698,796.5999755859375,531.5,369.99999999999034,active,
1.0,84.952,85.078,809.2000122070312,482.5,126.00000000000477,active,
1.0,85.091,86.038,847.7000122070312,527.9000244140625,947.0000000000027,active,
1.0,86.311,86.495,840.2999877929688,489.1000061035156,183.9999999999975,active,
1.0,86.76,87.023,808.9000244140625,519.7000122070312,262.999999999991,active,
1.0,87.032,87.224,837.9000244140625,531.4000244140625,192.00000000000728,active,
1.0,87.235,87.885,782.5999755859375,517.5,650.0000000000057,active,
1.0,87.912,88.103,706.0,413.5,190.9999999999883,active,
1.0,88.126,88.495,786.0999755859375,385.20001220703125,368.9999999999998,active,
1.0,88.529,88.726,968.7000122070312,479.1000061035156,197.00000000000273,active,
1.0,88.733,88.964,940.2999877929688,509.3999938964844,230.99999999999454,active,
1.0,89.008,89.149,1198.199951171875,366.0,141.00000000000534,active,
1.0,89.169,89.292,1098.9000244140625,373.6000061035156,123.00000000000466,active,
1.0,89.938,90.836,798.0,560.0,897.9999999999961,active,
1.0,90.87,91.301,965.5,541.9000244140625,430.9999999999974,active,
1.0,91.339,91.842,790.2999877929688,498.1000061035156,503.0000000000001,,
1.0,92.041,92.178,803.0,478.3999938964844,137.00000000000045,active,
1.0,92.19,92.386,836.5,532.4000244140625,195.99999999999795,active,
1.0,92.394,92.942,816.2999877929688,506.29998779296875,547.9999999999876,active,
1.0,92.971,93.286,658.5,486.79998779296875,314.9999999999977,active,
1.0,93.309,93.872,749.2000122070312,465.8999938964844,563.0000000000024,active,
1.0,93.907,94.099,964.4000244140625,490.20001220703125,192.00000000000728,active,
1.0,94.257,94.822,873.5,507.70001220703125,564.9999999999977,active,
1.0,94.889,95.071,1605.5,908.0999755859375,182.00000000000216,active,
1.0,95.14,95.384,798.5,496.79998779296875,243.99999999999977,active,
1.0,95.578,96.373,821.0,499.3999938964844,795.0000000000017,active,
1.0,96.399,96.663,957.0,476.5,263.9999999999958,active,
1.0,96.688,97.138,852.5,489.20001220703125,450.00000000000284,active,
1.0,97.625,98.3,832.9000244140625,503.29998779296875,674.9999999999972,active,
1.0,98.326,98.489,722.5999755859375,507.8999938964844,163.0000000000109,active,
1.0,98.555,98.71,250.5,897.5,154.99999999998693,active,
1.0,98.774,99.019,810.7000122070312,547.5,245.00000000000455,active,
1.0,99.194,99.95,782.9000244140625,498.70001220703125,756.0000000000002,active,
1.0,99.985,100.237,558.2999877929688,413.0,251.99999999999534,active,
1.0,100.43,100.628,721.0,461.3999938964844,197.9999999999933,active,
1.0,101.031,101.394,806.2999877929688,489.20001220703125,362.99999999999955,active,
1.0,101.409,101.636,868.5999755859375,473.20001220703125,226.99999999998965,active,
1.0,101.668,102.277,893.7999877929688,286.6000061035156,608.9999999999947,active,
1.0,102.545,102.64,877.7000122070312,353.1000061035156,94.99999999999886,active,
1.0,102.974,103.19,837.5999755859375,490.79998779296875,215.99999999999397,active,
1.0,103.201,103.94,843.5,497.20001220703125,739.0000000000043,active,
1.0,103.964,104.281,722.9000244140625,485.29998779296875,317.0000000000073,active,
1.0,104.665,104.894,775.0,497.8999938964844,228.9999999999992,active,
1.0,105.11,106.294,813.0999755859375,502.5,1183.9999999999975,active,
1.0,106.33,106.995,561.5999755859375,466.20001220703125,665.0000000000063,active,
1.0,107.134,107.507,610.7000122070312,470.1000061035156,373.00000000000466,active,
1.0,107.604,107.746,1557.5999755859375,990.4000244140625,141.9999999999959,active,
1.0,107.821,108.11,740.0,504.3999938964844,289.0000000000015,active,
1.0,108.303,108.342,765.9000244140625,488.5,39.00000000000148,active,
1.0,108.623,108.775,865.7999877929688,506.20001220703125,152.00000000000102,active,
1.0,108.788,109.274,804.4000244140625,500.6000061035156,486.0000000000042,active,
1.0,109.294,110.007,727.5999755859375,472.1000061035156,713.0000000000081,active,
1.0,110.025,110.241,813.7999877929688,508.20001220703125,215.99999999999397,active,
1.0,110.254,110.554,765.9000244140625,485.70001220703125,299.99999999999716,active,
1.0,110.741,110.901,779.2000122070312,459.0,159.9999999999966,active,
1.0,111.209,111.506,759.0999755859375,437.5,296.99999999999704,active,
1.0,112.067,112.339,793.0999755859375,487.0,272.00000000000557,active,
1.0,112.382,112.594,1107.800048828125,419.6000061035156,211.9999999999891,active,
1.0,112.607,112.887,1028.199951171875,431.0,280.00000000000114,active,
1.0,112.915,113.398,1079.300048828125,313.70001220703125,482.9999999999899,active,
1.0,113.739,114.911,843.7000122070312,503.8999938964844,1171.999999999997,active,
1.0,114.94,115.317,1007.0999755859375,514.2999877929688,376.99999999999534,active,
1.0,115.353,115.578,801.7000122070312,511.0,225.00000000000853,active,
1.0,115.846,115.997,870.7000122070312,518.5999755859375,150.99999999999625,active,
1.0,116.009,116.567,823.7999877929688,511.29998779296875,557.9999999999927,active,
1.0,116.608,116.992,583.4000244140625,524.0999755859375,384.00000000000034,active,
1.0,117.053,117.379,968.7999877929688,521.0,326.0000000000076,active,
1.0,117.408,117.514,801.7999877929688,516.4000244140625,105.99999999999454,active,
1.0,117.778,117.932,753.5,509.20001220703125,153.99999999999636,active,
1.0,117.947,118.496,829.9000244140625,508.3999938964844,548.9999999999924,active,
1.0,118.522,119.209,916.0,397.20001220703125,686.9999999999976,active,
1.0,119.328,119.476,824.2999877929688,493.1000061035156,147.99999999999613,active,
1.0,119.949,120.33,829.0999755859375,527.0,381.0000000000002,active,
1.0,120.361,120.66,601.7000122070312,483.6000061035156,298.9999999999924,active,
1.0,120.695,120.958,784.7000122070312,503.1000061035156,263.00000000000523,active,
1.0,120.984,121.24,881.2999877929688,521.7999877929688,256.0000000000002,active,
1.0,121.251,121.396,818.5,514.5999755859375,144.99999999999602,active,
1.0,121.655,122.062,816.2000122070312,497.5,406.9999999999965,active,
1.0,122.095,122.422,914.0999755859375,307.8999938964844,326.9999999999982,active,
1.0,122.449,122.813,1075.199951171875,325.79998779296875,364.0000000000043,active,
1.0,122.841,123.092,927.9000244140625,369.0,251.00000000000477,active,
1.0,123.285,123.538,856.4000244140625,484.6000061035156,253.0000000000001,active,
1.0,123.562,123.745,959.4000244140625,450.20001220703125,183.00000000000693,active,
1.0,123.771,124.09,905.9000244140625,313.3999938964844,319.0000000000026,active,
1.0,124.311,124.777,826.5999755859375,501.0,465.999999999994,active,
1.0,124.799,125.098,880.7999877929688,449.29998779296875,298.9999999999924,active,
1.0,125.122,125.26,967.2999877929688,373.1000061035156,138.00000000000523,active,
1.0,125.269,125.612,932.5,342.70001220703125,342.9999999999893,active,
1.0,126.087,126.259,897.7999877929688,452.3999938964844,171.99999999999704,active,
1.0,126.271,127.126,825.0999755859375,469.5,855.000000000004,active,
1.0,127.152,127.352,676.2000122070312,442.5,200.00000000000284,active,
1.0,127.362,127.627,624.9000244140625,414.5,265.00000000000057,active,
1.0,127.656,128.031,770.7000122070312,448.1000061035156,375.0,active,
1.0,128.044,128.178,819.0,472.5,133.99999999998613,active,
1.0,128.406,129.017,842.5999755859375,495.8999938964844,610.99999999999,active,
1.0,129.051,129.314,1034.800048828125,388.0,263.00000000000523,active,
1.0,129.334,129.782,1106.699951171875,358.6000061035156,448.0000000000075,active,
1.0,129.822,129.923,861.5,397.29998779296875,100.99999999999909,active,
1.0,130.061,130.28,793.5999755859375,421.70001220703125,218.9999999999941,active,
1.0,130.613,130.802,874.2000122070312,497.1000061035156,188.99999999999295,active,
1.0,130.819,131.325,778.4000244140625,494.8999938964844,506.0000000000002,active,
1.0,131.373,131.579,472.29998779296875,528.0,206.00000000001728,active,
1.0,131.649,131.906,1189.300048828125,573.0,257.000000000005,active,
1.0,131.968,132.171,609.5999755859375,530.5999755859375,203.00000000000296,active,
1.0,132.207,133.339,823.0,518.9000244140625,1132.000000000005,active,
1.0,133.64,134.137,815.5999755859375,567.2000122070312,497.0000000000141,active,
1.0,134.147,134.342,854.0999755859375,521.7000122070312,195.0000000000216,active,
1.0,134.353,135.147,804.5999755859375,486.8999938964844,793.9999999999827,active,
1.0,135.165,135.338,764.5,489.8999938964844,173.00000000000182,active,
1.0,135.381,135.54,1094.9000244140625,476.29998779296875,158.99999999999181,active,
1.0,135.766,135.806,970.0999755859375,447.5,40.000000000020464,active,
1.0,135.955,135.976,791.7999877929688,555.2999877929688,20.999999999986585,,
1.0,136.235,137.209,780.2999877929688,524.5,973.9999999999895,,
1.0,137.217,137.67,815.7999877929688,521.5,452.99999999997453,constant,
1.0,137.694,138.058,898.9000244140625,424.20001220703125,364.0000000000043,constant,
1.0,138.081,138.415,937.7000122070312,382.79998779296875,334.0000000000032,constant,
1.0,138.633,138.95,804.5999755859375,462.29998779296875,316.99999999997885,constant,
1.0,138.977,139.316,857.5999755859375,589.0999755859375,338.99999999999864,constant,
1.0,139.338,139.842,759.0999755859375,554.2000122070312,504.0000000000191,constant,
1.0,139.86,140.452,842.7999877929688,535.4000244140625,591.9999999999845,constant,
1.0,140.466,141.535,771.5,542.2999877929688,1068.9999999999884,constant,
1.0,141.559,141.707,854.2999877929688,554.0999755859375,147.99999999999613,constant,
1.0,141.821,142.17,797.4000244140625,544.7000122070312,348.99999999998954,constant,
1.0,142.183,143.494,752.4000244140625,576.7000122070312,1311.000000000007,constant,
1.0,143.538,143.861,1033.199951171875,560.5999755859375,322.9999999999791,constant,
1.0,143.896,144.209,848.4000244140625,417.3999938964844,313.0000000000166,constant,
1.0,144.35,144.607,833.7000122070312,422.29998779296875,257.000000000005,constant,
1.0,144.628,144.914,803.0999755859375,503.5,286.00000000000136,constant,
1.0,145.105,145.362,788.2000122070312,511.3999938964844,257.000000000005,constant,
1.0,145.403,145.559,1045.0,430.29998779296875,156.0000000000059,constant,
1.0,145.585,146.045,1024.699951171875,308.6000061035156,459.99999999997954,constant,
1.0,146.08,146.618,846.0999755859375,362.3999938964844,537.9999999999825,constant,
1.0,146.646,147.089,798.9000244140625,458.8999938964844,443.00000000001205,constant,
1.0,147.114,147.457,888.0999755859375,545.4000244140625,342.9999999999893,constant,
1.0,147.538,147.72,1625.300048828125,1020.7000122070312,181.99999999998795,constant,
1.0,147.786,148.092,865.4000244140625,601.0999755859375,306.0000000000116,constant,
1.0,148.26,148.402,776.0,402.20001220703125,141.9999999999959,constant,
1.0,148.432,148.661,793.2999877929688,268.29998779296875,229.00000000001342,constant,
1.0,148.704,149.051,1053.800048828125,272.6000061035156,346.99999999998,constant,
1.0,149.065,149.247,975.5,269.5,182.00000000001637,constant,
1.0,149.394,149.703,868.2000122070312,253.3000030517578,308.9999999999975,constant,
1.0,149.896,150.217,765.2999877929688,458.70001220703125,321.0000000000264,constant,
1.0,150.24,150.557,844.7999877929688,447.3999938964844,316.99999999997885,constant,
1.0,150.581,150.797,921.0999755859375,419.3999938964844,216.00000000000819,constant,
1.0,150.951,151.127,820.2999877929688,421.70001220703125,176.00000000001614,constant,
1.0,151.286,151.662,798.4000244140625,476.20001220703125,376.0000000000048,constant,
1.0,151.688,151.936,909.5999755859375,447.6000061035156,248.00000000001887,constant,
1.0,152.111,152.343,820.0,407.6000061035156,231.99999999999932,constant,
1.0,152.54,152.796,830.7999877929688,453.0,256.0000000000002,constant,
1.0,153.093,153.197,857.7999877929688,419.3999938964844,104.00000000001342,constant,
1.0,153.425,153.666,802.0999755859375,484.3999938964844,240.99999999998545,constant,
1.0,153.691,154.012,826.2000122070312,590.7000122070312,320.99999999999795,constant,
1.0,154.032,154.507,842.7999877929688,470.79998779296875,474.9999999999943,constant,
1.0,155.014,155.208,809.5999755859375,476.5,193.9999999999884,constant,
1.0,155.433,155.715,834.0,443.0,282.0000000000107,constant,
1.0,155.724,156.286,815.9000244140625,490.3999938964844,562.0000000000118,constant,
1.0,156.313,156.416,945.0999755859375,484.1000061035156,103.00000000000864,constant,
1.0,156.599,156.732,864.5,445.1000061035156,133.00000000000978,constant,
1.0,157.31,158.457,852.7999877929688,478.8999938964844,1146.9999999999914,constant,
1.0,158.466,158.894,849.5999755859375,463.29998779296875,427.99999999999727,constant,
1.0,159.156,159.422,793.2999877929688,468.3999938964844,265.99999999999113,constant,
1.0,159.504,159.685,1497.199951171875,904.7000122070312,181.0000000000116,constant,
1.0,159.749,160.35,845.7000122070312,500.1000061035156,600.9999999999991,constant,
1.0,160.511,161.002,813.7000122070312,457.29998779296875,491.00000000001387,constant,
1.0,161.211,161.448,1223.699951171875,251.8000030517578,236.99999999999477,constant,
1.0,161.483,161.636,1021.9000244140625,240.3000030517578,152.9999999999916,constant,
1.0,161.671,161.881,851.9000244140625,262.70001220703125,210.00000000000796,constant,
1.0,161.903,162.193,788.5999755859375,303.29998779296875,290.00000000002046,constant,
1.0,162.212,162.311,734.9000244140625,301.70001220703125,99.00000000001796,constant,
1.0,162.32,162.468,806.2999877929688,529.2999877929688,147.99999999999613,,
1.0,162.476,162.767,770.7999877929688,547.9000244140625,290.9999999999968,,
1.0,162.786,163.102,815.4000244140625,515.2000122070312,316.0000000000025,,
1.0,163.113,163.306,786.0999755859375,541.0999755859375,193.00000000001205,constant,
1.0,163.316,163.595,824.9000244140625,519.7999877929688,278.99999999999636,constant,
1.0,163.621,163.685,756.0999755859375,527.9000244140625,63.99999999999295,constant,
1.0,163.694,163.825,807.7999877929688,469.5,131.00000000000023,constant,
1.0,164.078,164.249,839.7000122070312,516.5999755859375,170.99999999999227,constant,
1.0,164.273,164.421,775.4000244140625,581.7000122070312,147.99999999999613,constant,
1.0,164.461,164.757,513.5,674.0,295.99999999999227,constant,
1.0,164.818,165.096,1096.5,714.2000122070312,277.9999999999916,constant,
1.0,165.125,165.316,960.2999877929688,623.2000122070312,191.0000000000025,constant,
1.0,165.348,165.673,785.5,551.4000244140625,324.99999999998863,constant,
1.0,165.698,165.964,888.7000122070312,497.29998779296875,265.99999999999113,constant,
1.0,165.993,166.401,1005.9000244140625,608.0,408.00000000001546,constant,
1.0,166.423,166.584,930.4000244140625,608.5999755859375,161.00000000000136,constant,
1.0,166.62,166.87,1142.800048828125,579.4000244140625,250.0,constant,
1.0,166.912,167.27,836.7999877929688,640.2999877929688,358.0000000000041,constant,
1.0,167.473,167.786,631.2000122070312,608.0,312.9999999999882,constant,
1.0,167.821,168.032,801.9000244140625,647.2000122070312,211.00000000001273,constant,
1.0,168.077,168.348,1125.800048828125,608.0,271.000000000015,constant,
1.0,168.516,168.714,1008.2000122070312,577.4000244140625,198.0000000000075,constant,
1.0,168.765,169.039,1363.0,509.1000061035156,274.0000000000009,constant,
1.0,169.064,169.362,1441.0,457.6000061035156,298.0000000000018,constant,
1.0,169.42,169.62,864.4000244140625,371.6000061035156,200.00000000001705,constant,
1.0,169.681,169.954,1391.800048828125,465.3999938964844,272.99999999999613,constant,
1.0,170.014,170.213,879.0999755859375,418.6000061035156,198.99999999998386,constant,
1.0,170.243,170.479,856.0,593.9000244140625,236.00000000001842,constant,
1.0,170.509,170.724,808.7999877929688,755.7000122070312,215.0000000000034,constant,
1.0,170.789,171.006,834.0,335.6000061035156,217.00000000001296,constant,
1.0,171.028,171.328,898.7000122070312,300.20001220703125,300.00000000001137,constant,
1.0,171.529,171.956,542.0,474.0,426.9999999999925,constant,
1.0,171.987,172.232,381.5,512.0,245.00000000000455,constant,
1.0,172.262,172.424,249.0,558.2000122070312,162.00000000000614,constant,
1.0,172.453,172.639,165.1999969482422,416.8999938964844,186.00000000000705,constant,
1.0,172.656,172.735,252.39999389648438,451.29998779296875,79.00000000000773,constant,
1.0,172.938,173.568,705.5999755859375,486.5,630.0000000000239,constant,
1.0,173.605,173.779,889.4000244140625,330.29998779296875,174.0000000000066,constant,
1.0,173.792,174.16,867.0999755859375,282.5,367.999999999995,constant,
1.0,174.634,174.959,959.2000122070312,488.6000061035156,325.00000000001705,constant,
1.0,174.993,175.337,849.7999877929688,656.0,343.9999999999941,constant,
1.0,175.382,175.78,1123.800048828125,584.7999877929688,397.99999999999613,constant,
1.0,175.818,176.24,862.0,732.9000244140625,421.99999999999704,constant,
1.0,176.261,177.267,801.7999877929688,707.9000244140625,1006.0000000000002,constant,
1.0,177.287,177.649,865.2999877929688,746.0999755859375,361.99999999999477,constant,
1.0,177.693,177.904,1126.4000244140625,713.5,210.9999999999843,constant,
1.0,178.485,178.775,851.0999755859375,470.5,289.99999999999204,constant,
1.0,178.789,178.893,801.2000122070312,515.5999755859375,104.00000000001342,constant,
1.0,179.19,180.279,865.7999877929688,558.7000122070312,1088.9999999999986,constant,
1.0,180.571,180.736,864.9000244140625,477.20001220703125,164.99999999999204,constant,
1.0,180.761,181.238,783.2000122070312,555.5,477.00000000000387,constant,
1.0,181.263,182.339,639.4000244140625,571.5,1075.9999999999934,constant,
1.0,182.394,182.604,872.7999877929688,341.20001220703125,210.00000000000796,constant,
1.0,182.623,182.895,902.5999755859375,293.6000061035156,272.0000000000198,constant,
1.0,182.912,183.044,886.9000244140625,361.70001220703125,132.000000000005,constant,
1.0,183.058,183.132,834.0999755859375,376.6000061035156,74.00000000001228,constant,
1.0,183.364,183.58,831.7000122070312,377.79998779296875,216.00000000000819,constant,
1.0,183.599,183.979,894.5,384.0,380.0000000000239,constant,
1.0,184.015,184.553,656.0999755859375,453.8999938964844,538.0000000000109,constant,
1.0,184.583,184.986,796.0999755859375,386.5,402.9999999999916,constant,
1.0,185.241,186.163,860.7999877929688,377.29998779296875,921.999999999997,constant,
1.0,186.188,186.41,942.0999755859375,310.6000061035156,222.0000000000084,constant,
1.0,186.437,186.714,1120.800048828125,280.29998779296875,276.9999999999868,constant,
1.0,186.753,186.973,878.4000244140625,307.8999938964844,220.00000000002728,constant,
1.0,187.232,188.008,825.9000244140625,416.70001220703125,776.0000000000105,constant,
1.0,188.076,188.2,1414.199951171875,282.29998779296875,123.99999999999523,constant,
1.0,188.228,188.402,1446.199951171875,159.39999389648438,173.99999999997817,constant,
1.0,188.478,188.795,731.2999877929688,365.3999938964844,316.99999999997885,constant,
1.0,188.991,189.201,819.5,356.1000061035156,209.99999999997954,constant,
1.0,189.227,189.616,866.5999755859375,455.5,389.00000000001,constant,
1.0,189.637,190.019,819.4000244140625,416.20001220703125,382.000000000005,constant,
1.0,190.297,190.842,838.5999755859375,471.6000061035156,545.0000000000159,constant,
1.0,190.86,191.268,792.5999755859375,539.4000244140625,407.99999999998704,constant,
1.0,191.291,192.086,835.7999877929688,477.3999938964844,795.0000000000159,constant,
1.0,192.285,192.817,813.2000122070312,414.29998779296875,532.0000000000107,constant,
1.0,192.835,193.093,856.9000244140625,400.20001220703125,257.99999999998136,constant,
1.0,193.112,193.482,908.2000122070312,387.3999938964844,370.00000000000455,constant,
1.0,193.528,193.756,1187.0999755859375,428.79998779296875,228.00000000000864,constant,
1.0,193.807,193.987,890.5,316.3999938964844,180.00000000000682,constant,
1.0,194.163,194.901,868.4000244140625,299.8999938964844,737.9999999999995,constant,
1.0,194.915,195.264,931.2999877929688,339.79998779296875,349.00000000001796,constant,
1.0,195.279,195.518,859.0,348.0,239.00000000000432,constant,
1.0,195.69,195.78,839.2999877929688,387.70001220703125,90.00000000000341,constant,
1.0,196.014,197.018,880.9000244140625,391.8999938964844,1003.9999999999907,constant,
1.0,197.235,197.704,812.0999755859375,397.8999938964844,468.9999999999941,constant,
1.0,197.899,198.448,823.5,395.29998779296875,549.0000000000066,constant,
1.0,198.679,199.241,825.0,426.6000061035156,562.0000000000118,constant,
1.0,199.262,199.432,869.0999755859375,391.70001220703125,169.9999999999875,constant,
1.0,199.613,199.762,851.0,416.70001220703125,149.0000000000009,constant,
1.0,199.986,200.389,829.2000122070312,519.7000122070312,403.00000000002,constant,
1.0,200.404,200.856,844.0,417.29998779296875,451.9999999999982,constant,
1.0,201.076,201.819,823.0999755859375,424.79998779296875,742.999999999995,constant,
1.0,202.061,202.211,867.7999877929688,435.0,150.00000000000568,constant,
1.0,202.427,203.484,821.7999877929688,455.29998779296875,1057.0000000000164,constant,
1.0,203.492,203.721,795.7000122070312,481.20001220703125,229.00000000001342,constant,
1.0,203.936,204.525,838.2000122070312,456.0,588.9999999999986,constant,
1.0,204.556,204.947,985.2999877929688,503.79998779296875,390.99999999999113,constant,
1.0,204.955,205.176,942.0999755859375,496.3999938964844,220.99999999997522,constant,
1.0,205.357,205.564,912.2000122070312,466.5,206.99999999999363,constant,
1.0,205.588,206.379,813.7000122070312,481.29998779296875,790.9999999999968,constant,
1.0,206.391,206.653,873.2999877929688,503.5,262.00000000000045,constant,
1.0,206.679,206.827,866.7000122070312,371.6000061035156,147.99999999999613,constant,
1.0,206.851,206.897,906.9000244140625,249.5,45.99999999999227,constant,
1.0,206.906,207.685,809.5,529.9000244140625,778.9999999999964,,
1.0,207.715,207.877,739.2000122070312,485.1000061035156,162.00000000000614,constant,
1.0,207.895,208.479,829.2000122070312,520.5999755859375,584.0000000000032,constant,
1.0,208.507,208.665,771.2999877929688,355.20001220703125,157.99999999998704,constant,
1.0,208.677,208.916,818.9000244140625,351.0,239.00000000000432,constant,
1.0,209.093,209.655,647.4000244140625,339.5,562.0000000000118,constant,
1.0,209.717,209.971,1212.0,514.9000244140625,253.99999999999068,constant,
1.0,210.214,211.153,1170.0999755859375,531.5,938.999999999993,constant,
1.0,211.214,211.344,636.9000244140625,385.6000061035156,129.99999999999545,constant,
1.0,211.37,211.924,797.7000122070312,353.5,554.000000000002,constant,
1.0,211.996,212.114,125.4000015258789,186.89999389648438,117.999999999995,constant,
1.0,212.136,212.395,99.5999984741211,119.80000305175781,259.00000000001455,constant,
1.0,212.567,212.679,592.9000244140625,557.2999877929688,111.99999999999477,constant,
1.0,212.704,212.805,540.2999877929688,487.29998779296875,100.99999999999909,constant,
1.0,212.838,212.999,664.9000244140625,358.1000061035156,161.00000000000136,constant,
1.0,213.008,213.412,619.7000122070312,345.5,403.99999999999636,constant,
1.0,213.658,213.752,732.7000122070312,428.3999938964844,94.00000000002251,constant,
1.0,214.037,214.147,544.0999755859375,532.5999755859375,109.99999999998522,constant,
1.0,214.159,215.11,478.5,547.5,951.0000000000218,constant,
1.0,215.185,215.375,1180.699951171875,553.4000244140625,189.99999999999773,constant,
1.0,215.386,215.534,1226.0,561.2999877929688,147.99999999999613,constant,
1.0,215.592,215.878,569.0999755859375,576.2000122070312,285.99999999997294,constant,
1.0,215.94,216.184,973.7000122070312,892.5,243.99999999999977,constant,
1.0,216.529,216.582,859.0,409.8999938964844,52.99999999999727,constant,
1.0,216.896,217.289,826.2999877929688,415.5,393.0000000000007,constant,
1.0,217.332,217.465,1047.199951171875,526.0,133.00000000000978,constant,
1.0,217.484,217.802,1181.5,551.7999877929688,317.99999999998363,constant,
1.0,217.853,218.098,755.0999755859375,444.70001220703125,245.00000000000455,constant,
1.0,218.107,218.593,812.4000244140625,419.79998779296875,485.99999999999,constant,
1.0,218.61,219.569,825.7999877929688,350.8999938964844,958.9999999999748,constant,
1.0,220.144,220.176,708.0,368.6000061035156,31.999999999982265,constant,
1.0,220.463,221.028,638.7000122070312,364.3999938964844,564.9999999999977,constant,
1.0,221.054,221.262,765.0999755859375,367.8999938964844,207.9999999999984,constant,
1.0,221.521,221.994,823.0999755859375,350.5,473.0000000000132,constant,
1.0,222.004,222.198,789.7999877929688,361.8999938964844,194.00000000001683,constant,
1.0,222.484,222.578,534.2000122070312,366.5,93.99999999999409,constant,
1.0,222.615,223.142,682.5,372.20001220703125,526.9999999999868,constant,
1.0,223.388,223.88,734.7000122070312,348.8999938964844,491.9999999999902,constant,
1.0,223.895,224.681,800.0,385.8999938964844,786.0000000000014,constant,
1.0,224.882,225.716,776.5,367.6000061035156,834.0000000000032,constant,
1.0,225.994,226.432,793.2000122070312,345.0,437.9999999999882,constant,
1.0,226.502,226.648,117.69999694824219,194.5,145.99999999998658,constant,
1.0,226.67,227.029,117.19999694824219,125.0999984741211,359.00000000000887,constant,
1.0,227.281,227.496,829.2999877929688,533.0,215.0000000000034,,
1.0,227.505,228.903,802.0,514.2999877929688,1397.9999999999961,,
1.0,228.931,229.218,785.2000122070312,638.7000122070312,286.9999999999777,passive,
1.0,229.494,229.531,678.0,602.4000244140625,37.00000000000614,passive,
1.0,229.779,230.134,714.0,604.7999877929688,354.99999999998977,passive,
1.0,230.163,230.983,826.2999877929688,527.0,819.9999999999932,passive,
1.0,231.012,231.464,989.4000244140625,535.2000122070312,451.9999999999982,passive,
1.0,231.494,231.785,1150.800048828125,488.8999938964844,290.9999999999968,passive,
1.0,231.845,231.915,520.5,513.0999755859375,69.99999999999318,passive,
1.0,231.946,232.825,801.9000244140625,537.5999755859375,878.9999999999907,passive,
1.0,232.84,233.334,879.0999755859375,518.2000122070312,493.9999999999998,passive,
1.0,233.345,233.407,814.9000244140625,513.5,62.00000000001182,passive,
1.0,233.66,234.461,825.0,509.79998779296875,801.0000000000161,passive,
1.0,234.488,235.375,732.7000122070312,599.9000244140625,887.0000000000005,passive,
1.0,235.412,235.604,975.0999755859375,546.7000122070312,192.00000000000728,passive,
1.0,235.637,236.252,772.0,559.2000122070312,615.0000000000091,passive,
1.0,236.495,236.554,844.5999755859375,486.70001220703125,58.9999999999975,passive,
1.0,236.884,238.163,828.5,556.7999877929688,1279.0000000000248,passive,
1.0,238.175,239.019,762.9000244140625,569.2000122070312,843.9999999999941,passive,
1.0,239.038,239.567,849.0,566.0,528.9999999999964,passive,
1.0,239.582,239.87,758.7999877929688,563.0999755859375,288.0000000000109,passive,
1.0,240.103,240.319,761.5999755859375,524.5999755859375,215.99999999997976,passive,
1.0,240.59,241.232,744.4000244140625,554.2000122070312,641.9999999999959,passive,
1.0,241.253,241.407,821.2999877929688,543.7000122070312,154.00000000002478,passive,
1.0,241.425,241.576,789.2999877929688,501.29998779296875,150.99999999998204,passive,
1.0,241.583,242.134,830.7000122070312,506.20001220703125,550.9999999999877,passive,
1.0,242.145,242.339,780.7000122070312,517.5999755859375,193.9999999999884,passive,
1.0,242.368,242.561,831.7000122070312,390.8999938964844,193.00000000001205,passive,
1.0,242.578,242.73,783.2000122070312,344.70001220703125,151.9999999999868,passive,
1.0,242.795,242.972,1304.300048828125,589.5,177.00000000002092,passive,
1.0,243.033,243.357,807.0,425.29998779296875,324.0000000000123,passive,
1.0,244.241,244.596,771.7999877929688,515.0,354.99999999998977,passive,
1.0,244.626,244.934,819.2000122070312,634.4000244140625,307.9999999999927,passive,
1.0,244.974,245.28,720.2000122070312,392.0,306.0000000000116,passive,
1.0,245.307,245.685,797.2999877929688,506.20001220703125,378.0000000000143,passive,
1.0,245.94,246.264,817.2999877929688,542.5,324.0000000000123,passive,
1.0,246.3,246.408,611.0,569.2000122070312,107.99999999997567,passive,
1.0,246.44,246.604,464.79998779296875,561.0,164.0000000000157,passive,
1.0,246.638,246.881,641.7999877929688,664.0,242.999999999995,passive,
1.0,246.931,247.147,946.0,568.7000122070312,215.99999999997976,passive,
1.0,247.157,247.327,980.0,537.5999755859375,169.9999999999875,passive,
1.0,247.359,247.516,853.2999877929688,380.70001220703125,156.99999999998226,passive,
1.0,247.542,247.693,845.5999755859375,497.3999938964844,151.00000000001046,passive,
1.0,247.701,248.294,805.7000122070312,510.8999938964844,593.0000000000177,passive,
1.0,248.32,248.769,718.4000244140625,640.5,449.0000000000123,passive,
1.0,249.038,249.346,801.9000244140625,555.7000122070312,307.9999999999927,passive,
1.0,249.356,250.073,824.7000122070312,519.0,717.000000000013,passive,
1.0,250.096,250.259,903.2999877929688,503.0,162.9999999999825,passive,
1.0,250.293,250.827,1074.5999755859375,475.0,533.9999999999918,passive,
1.0,250.853,250.998,1089.800048828125,585.2999877929688,144.9999999999818,passive,
1.0,251.385,252.081,827.5,539.5,695.999999999998,passive,
1.0,252.104,253.208,870.0,560.4000244140625,1103.999999999985,passive,
1.0,253.231,253.767,902.7999877929688,630.0999755859375,536.0000000000014,passive,
1.0,253.792,254.772,830.9000244140625,550.4000244140625,979.9999999999898,passive,
1.0,254.999,255.16,664.2999877929688,526.2000122070312,161.00000000000136,passive,
1.0,255.198,255.718,864.7999877929688,522.5,519.9999999999818,passive,
1.0,255.74,255.972,940.5999755859375,545.7000122070312,231.99999999999932,passive,
1.0,256.034,256.178,1444.199951171875,559.0,144.00000000000546,passive,
1.0,256.208,256.482,1550.0,458.29998779296875,274.0000000000009,passive,
1.0,256.547,256.745,933.5,410.3999938964844,197.99999999997908,passive,
1.0,256.77,256.969,847.2999877929688,431.70001220703125,199.00000000001228,passive,
1.0,257.003,257.345,969.4000244140625,562.0,342.0000000000414,passive,
1.0,257.372,257.576,846.5999755859375,533.9000244140625,204.00000000000773,passive,
1.0,257.743,258.414,835.9000244140625,526.0999755859375,670.9999999999923,passive,
1.0,258.421,258.662,814.2000122070312,523.7999877929688,240.99999999998545,passive,
1.0,258.702,258.988,558.5999755859375,435.70001220703125,286.00000000000136,passive,
1.0,259.028,259.341,568.0999755859375,687.7000122070312,312.9999999999882,passive,
1.0,259.354,259.783,613.2000122070312,735.7999877929688,429.00000000003047,passive,
1.0,259.957,260.116,812.0,558.0999755859375,158.99999999999181,passive,
1.0,260.414,260.858,819.2999877929688,465.79998779296875,444.0000000000168,passive,
1.0,260.883,261.051,769.4000244140625,561.7999877929688,168.00000000000637,passive,
1.0,261.06,262.245,794.4000244140625,538.9000244140625,1185.0000000000023,passive,
1.0,262.483,263.441,798.7000122070312,544.5,957.99999999997,passive,
1.0,263.661,263.819,790.2999877929688,518.9000244140625,158.00000000001546,passive,
1.0,263.83,264.007,840.0,540.5999755859375,177.00000000002092,passive,
1.0,264.018,264.165,810.5,510.8999938964844,147.0000000000482,passive,
1.0,264.174,264.389,839.5999755859375,520.2000122070312,215.00000000003183,passive,
1.0,264.405,264.587,781.0999755859375,512.2000122070312,182.00000000001637,passive,
1.0,264.604,265.087,839.7000122070312,524.2000122070312,483.0000000000041,passive,
1.0,265.117,265.318,776.7999877929688,373.8999938964844,200.99999999996498,passive,
1.0,265.341,265.717,860.2000122070312,309.5,375.99999999997635,passive,
1.0,265.964,266.685,812.5999755859375,509.0,721.0000000000036,passive,
1.0,266.713,266.863,898.2999877929688,633.5,149.99999999997726,passive,
1.0,266.909,267.065,580.0999755859375,752.5,156.0000000000059,passive,
1.0,267.097,267.322,481.70001220703125,600.2000122070312,225.00000000002274,passive,
1.0,267.33,267.563,507.79998779296875,617.7999877929688,233.0000000000041,passive,
1.0,267.62,267.745,881.7999877929688,530.4000244140625,125.0,passive,
1.0,267.762,268.2,824.9000244140625,521.9000244140625,437.9999999999882,passive,
1.0,268.208,268.592,806.0999755859375,515.9000244140625,383.9999999999577,passive,
1.0,268.607,269.558,762.5999755859375,465.3999938964844,950.999999999965,passive,
1.0,269.749,269.968,797.7000122070312,485.8999938964844,218.9999999999941,passive,
1.0,269.976,270.934,833.5,511.5,958.0000000000268,passive,
1.0,271.208,271.364,927.5999755859375,479.0,155.99999999994907,passive,
1.0,271.391,271.717,820.5999755859375,537.2999877929688,325.999999999965,passive,
1.0,271.726,272.472,802.2999877929688,517.7000122070312,745.9999999999809,,
1.0,272.489,272.742,846.2000122070312,505.8999938964844,253.00000000004275,passive,
1.0,272.75,273.387,825.2000122070312,518.0,637.0000000000005,passive,
1.0,273.588,273.828,726.9000244140625,557.2999877929688,239.99999999995225,passive,
1.0,274.053,274.206,732.9000244140625,516.0,153.00000000002,passive,
1.0,274.43,274.831,785.2999877929688,523.9000244140625,401.00000000001046,passive,
1.0,275.487,275.733,859.9000244140625,558.2000122070312,245.9999999999809,passive,
1.0,275.769,276.052,636.2000122070312,562.0,283.00000000001546,passive,
1.0,276.1,276.329,958.5999755859375,546.0,228.999999999985,passive,
1.0,276.526,276.796,695.7999877929688,540.0,269.9999999999818,passive,
1.0,276.831,276.98,870.9000244140625,563.0999755859375,149.0000000000009,passive,
1.0,276.992,277.9,837.7999877929688,514.2000122070312,907.9999999999586,passive,
1.0,278.095,278.294,732.0999755859375,588.0999755859375,198.99999999995543,passive,
1.0,278.342,278.587,432.29998779296875,679.9000244140625,245.00000000000455,passive,
1.0,278.645,278.933,865.2000122070312,563.2000122070312,288.0000000000109,passive,
1.0,279.144,280.021,857.7999877929688,517.9000244140625,877.0000000000095,passive,
1.0,280.028,280.22,824.5,498.79998779296875,192.00000000000728,passive,
1.0,280.256,280.472,560.2999877929688,404.1000061035156,216.00000000000819,passive,
1.0,280.495,280.752,619.4000244140625,353.79998779296875,257.000000000005,passive,
1.0,280.95,281.102,972.2000122070312,400.0,151.9999999999868,passive,
1.0,281.135,281.242,800.7999877929688,440.6000061035156,107.00000000002774,passive,
1.0,281.666,282.016,781.7000122070312,486.29998779296875,350.00000000002274,passive,
1.0,282.049,282.303,902.5999755859375,510.1000061035156,254.0000000000191,passive,
1.0,282.321,282.693,920.0999755859375,579.2000122070312,371.99999999995725,passive,
1.0,282.72,283.026,831.2999877929688,551.7999877929688,305.9999999999832,passive,
1.0,283.054,283.341,718.2000122070312,546.2000122070312,287.00000000003456,passive,
1.0,283.781,284.449,822.9000244140625,523.9000244140625,668.0000000000064,passive,
1.0,284.47,284.588,768.7000122070312,563.0999755859375,117.999999999995,passive,
1.0,284.796,284.982,489.5,534.4000244140625,186.00000000003547,passive,
1.0,285.254,285.417,942.0999755859375,527.0,162.99999999995407,passive,
1.0,285.441,285.587,842.2999877929688,538.0,146.000000000015,passive,
1.0,285.595,286.164,820.7999877929688,525.2999877929688,568.99999999996,passive,
1.0,286.187,286.353,735.5999755859375,511.6000061035156,165.99999999999682,passive,
1.0,286.371,286.534,709.2000122070312,564.5,163.0000000000109,passive,
1.0,286.581,286.771,988.5,349.79998779296875,189.99999999999773,passive,
1.0,286.783,286.956,934.7999877929688,349.70001220703125,173.00000000000182,passive,
1.0,286.977,287.129,988.2000122070312,305.79998779296875,152.00000000004366,passive,
1.0,287.138,287.323,1002.2000122070312,271.5,185.00000000000227,passive,
1.0,287.335,287.406,1000.4000244140625,334.20001220703125,71.00000000002638,passive,
1.0,287.613,287.983,844.4000244140625,519.5999755859375,370.00000000000455,passive,
1.0,287.992,288.55,807.2000122070312,505.1000061035156,557.9999999999927,passive,
1.0,288.6,288.949,1230.300048828125,508.3999938964844,348.99999999998954,passive,
1.0,288.972,289.318,1227.800048828125,622.7999877929688,346.00000000000364,passive,
1.0,289.376,289.444,716.5,485.29998779296875,68.00000000004047,passive,
1.0,289.687,289.813,889.4000244140625,493.1000061035156,125.99999999997635,passive,
1.0,289.824,290.428,825.5,497.5,603.999999999985,passive,
1.0,290.461,290.76,653.7999877929688,558.5,298.9999999999782,passive,
1.0,290.805,290.916,974.4000244140625,561.7000122070312,110.99999999999,passive,
1.0,290.965,291.214,497.3999938964844,558.5,249.00000000002365,passive,
1.0,291.405,292.054,823.2000122070312,562.7000122070312,649.0000000000009,passive,
1.0,292.073,292.383,756.7999877929688,575.5,310.0000000000023,passive,
1.0,292.409,292.441,850.9000244140625,518.9000244140625,31.999999999982265,passive,
1.0,292.74,293.254,784.2999877929688,491.5,514.00000000001,passive,
1.0,293.297,293.483,599.0,261.8999938964844,185.99999999997863,passive,
1.0,293.493,293.921,647.4000244140625,246.39999389648438,427.99999999999727,passive,
1.0,293.931,294.256,709.7999877929688,240.60000610351562,324.99999999998863,passive,
1.0,294.536,294.635,763.0999755859375,446.6000061035156,98.99999999998954,passive,
1.0,294.65,296.074,814.2999877929688,496.8999938964844,1424.000000000035,passive,
1.0,296.09,296.767,742.0,530.0,677.0000000000209,passive,
1.0,296.786,297.231,827.7999877929688,517.7000122070312,444.9999999999932,passive,
1.0,297.246,297.743,771.5,485.0,497.0000000000141,passive,
1.0,297.942,298.356,736.0999755859375,683.2000122070312,413.99999999998727,passive,
1.0,298.365,298.412,810.2999877929688,529.4000244140625,46.99999999996862,,
1.0,298.42,299.395,790.5,512.5999755859375,974.9999999999659,,
1.0,299.41,299.556,834.4000244140625,528.5,145.99999999995816,passive,
1.0,299.567,299.912,798.7000122070312,521.2000122070312,344.99999999997044,passive,
1.0,299.952,300.076,564.5,380.6000061035156,124.00000000002365,passive,
1.0,300.089,300.553,509.70001220703125,363.5,463.99999999999864,passive,
1.0,300.603,301.085,935.7000122070312,394.1000061035156,481.9999999999709,passive,
1.0,301.328,301.371,1126.4000244140625,506.8999938964844,43.00000000000637,passive,
1.0,301.415,301.457,1135.4000244140625,517.7999877929688,41.99999999997317,passive,
1.0,301.498,301.843,857.5,523.5999755859375,345.0000000000273,passive,
1.0,302.15,302.372,814.9000244140625,471.20001220703125,222.00000000003683,passive,
1.0,302.391,302.579,794.7999877929688,410.79998779296875,187.99999999998818,passive,
1.0,302.606,303.347,654.2999877929688,321.6000061035156,740.9999999999854,passive,
1.0,303.373,303.643,756.7999877929688,403.79998779296875,269.9999999999818,passive,
1.0,303.902,304.778,786.0,414.79998779296875,876.0000000000332,passive,
1.0,304.801,305.04,690.2999877929688,478.6000061035156,239.00000000003274,passive,
1.0,305.766,305.888,781.0,478.5,121.99999999995725,passive,
1.0,305.902,306.671,821.5999755859375,504.79998779296875,769.0000000000055,passive,
1.0,306.693,306.951,848.2000122070312,577.2999877929688,258.0000000000382,passive,
1.0,306.976,307.178,751.4000244140625,566.0999755859375,201.99999999999818,passive,
1.0,307.19,307.461,713.5,494.3999938964844,271.000000000015,passive,
1.0,307.475,307.668,774.2000122070312,490.8999938964844,192.99999999998363,passive,
1.0,307.681,308.313,826.0,515.0999755859375,632.000000000005,passive,
1.0,308.325,308.729,782.7000122070312,514.7999877929688,403.99999999999636,passive,
1.0,308.755,309.035,879.4000244140625,489.0,280.00000000002956,passive,
1.0,309.048,309.121,809.2999877929688,497.79998779296875,72.99999999997908,passive,
1.0,309.466,309.556,785.7999877929688,484.1000061035156,89.99999999997499,passive,
1.0,309.565,310.55,820.2999877929688,486.5,985.0000000000136,passive,
1.0,311.217,311.482,762.7999877929688,464.6000061035156,265.0000000000432,passive,
1.0,311.495,312.075,812.5,482.1000061035156,579.9999999999841,passive,
1.0,312.082,313.04,834.2000122070312,506.1000061035156,958.0000000000268,passive,
1.0,313.068,313.279,663.0,481.20001220703125,211.00000000001273,passive,
1.0,313.289,313.444,622.4000244140625,486.70001220703125,155.00000000002956,passive,
1.0,313.492,313.713,257.70001220703125,499.5,221.00000000000364,passive,
1.0,313.733,313.933,255.0,437.5,199.99999999998863,passive,
1.0,313.994,314.241,808.2999877929688,477.79998779296875,246.99999999995725,passive,
1.0,314.273,314.455,613.9000244140625,502.8999938964844,181.99999999995953,passive,
1.0,314.684,314.761,871.2999877929688,511.8999938964844,76.99999999999818,passive,
1.0,314.776,315.262,824.7000122070312,526.5,485.99999999999,passive,
1.0,315.275,315.556,893.0,509.0,281.0000000000059,passive,
1.0,315.594,315.8,660.5,557.0999755859375,206.00000000001728,passive,
1.0,316.146,316.229,893.2999877929688,530.0999755859375,82.99999999996999,passive,
1.0,316.239,316.328,808.0,503.79998779296875,88.99999999999864,passive,
1.0,316.372,316.396,853.5,589.9000244140625,24.00000000000091,passive,
1.0,316.409,316.434,889.7999877929688,700.5,25.000000000034106,passive,
1.0,316.789,316.909,783.2000122070312,524.5,120.00000000000455,passive,
1.0,316.923,317.477,838.9000244140625,506.0,553.9999999999736,passive,
1.0,317.485,317.969,800.5999755859375,506.70001220703125,483.99999999998045,passive,
1.0,317.995,318.136,878.5999755859375,411.29998779296875,141.00000000001955,passive,
1.0,318.146,318.438,839.7999877929688,407.0,291.99999999997317,passive,
1.0,318.483,318.572,622.0999755859375,675.5999755859375,88.99999999999864,passive,
1.0,318.581,318.635,779.4000244140625,512.7999877929688,53.999999999973625,,
1.0,318.642,319.27,820.2999877929688,506.29998779296875,627.9999999999859,,
1.0,319.461,320.152,814.2999877929688,493.79998779296875,690.9999999999741,active,
1.0,320.212,320.809,1189.5999755859375,576.2999877929688,597.0000000000368,active,
1.0,320.88,321.383,451.8999938964844,773.9000244140625,502.9999999999859,active,
1.0,321.591,321.853,709.5999755859375,539.0,262.00000000000045,active,
1.0,321.91,322.091,1096.699951171875,524.2000122070312,180.99999999998317,active,
1.0,322.133,322.297,1196.9000244140625,378.20001220703125,164.0000000000441,active,
1.0,322.332,322.598,996.4000244140625,457.5,266.00000000001955,active,
1.0,322.655,322.903,1293.0,489.1000061035156,248.0000000000473,active,
1.0,323.09,323.257,1483.300048828125,726.4000244140625,167.00000000003,active,
1.0,323.319,323.503,853.5999755859375,556.7999877929688,183.99999999996908,active,
1.0,323.668,323.808,813.7999877929688,476.29998779296875,139.99999999998636,active,
1.0,324.054,324.238,807.4000244140625,467.1000061035156,184.00000000002592,active,
1.0,324.245,324.579,838.2000122070312,474.3999938964844,334.0000000000032,active,
1.0,324.62,324.911,762.0,261.70001220703125,290.9999999999968,active,
1.0,324.934,325.415,782.0999755859375,180.60000610351562,480.99999999999454,active,
1.0,325.444,325.661,911.5999755859375,217.8000030517578,216.99999999998454,active,
1.0,325.82,326.471,826.7000122070312,364.29998779296875,651.0000000000105,active,
1.0,326.54,326.852,802.0,857.7999877929688,311.999999999955,active,
1.0,326.932,327.14,1448.5,414.1000061035156,207.99999999997,active,
1.0,327.176,327.27,1365.5999755859375,263.3999938964844,93.99999999999409,active,
1.0,327.328,327.635,748.7999877929688,296.8999938964844,307.00000000001637,active,
1.0,327.87,327.89,795.7000122070312,405.0,19.99999999998181,active,
1.0,328.076,328.786,819.5,449.70001220703125,709.9999999999795,active,
1.0,328.842,329.061,1194.9000244140625,442.79998779296875,218.9999999999941,active,
1.0,329.201,329.592,831.2000122070312,406.20001220703125,390.9999999999627,active,
1.0,329.767,330.266,778.7000122070312,442.3999938964844,499.00000000002365,active,
1.0,330.293,330.72,903.7000122070312,471.5,427.0000000000209,active,
1.0,330.743,330.901,821.2000122070312,444.5,158.00000000001546,active,
1.0,330.962,331.329,1318.4000244140625,472.79998779296875,367.00000000001864,active,
1.0,331.365,331.454,1391.0999755859375,300.29998779296875,88.99999999999864,active,
1.0,331.477,331.735,1331.300048828125,238.3000030517578,258.0000000000382,active,
1.0,331.815,331.976,667.0999755859375,523.5,161.00000000000136,active,
1.0,332.501,332.623,785.0999755859375,476.29998779296875,122.0000000000141,active,
1.0,332.634,332.881,840.0,486.70001220703125,246.99999999995725,active,
1.0,332.904,333.135,762.0999755859375,441.20001220703125,230.99999999999454,active,
1.0,333.175,333.476,453.0,583.7000122070312,300.9999999999877,active,
1.0,333.509,333.727,303.1000061035156,540.9000244140625,217.9999999999609,active,
1.0,333.866,334.07,618.2999877929688,569.2000122070312,204.00000000000773,active,
1.0,334.134,334.462,1093.199951171875,529.4000244140625,327.99999999997453,active,
1.0,334.521,334.674,571.9000244140625,521.7999877929688,152.99999999996317,active,
1.0,334.705,334.923,431.70001220703125,511.5,218.00000000001774,active,
1.0,335.066,335.305,831.9000244140625,523.7999877929688,239.00000000003274,active,
1.0,335.36,335.736,1209.4000244140625,571.0999755859375,375.99999999997635,active,
1.0,335.761,336.035,1060.300048828125,564.4000244140625,274.0000000000009,active,
1.0,336.096,336.197,383.70001220703125,531.2999877929688,100.99999999999909,active,
1.0,336.359,336.693,466.1000061035156,521.4000244140625,334.0000000000032,active,
1.0,337.256,337.878,830.0,501.79998779296875,622.0000000000141,active,
1.0,337.93,338.643,1124.0,533.7000122070312,712.9999999999654,active,
1.0,338.671,338.888,1287.800048828125,568.2999877929688,216.99999999998454,active,
1.0,338.914,339.13,1159.199951171875,536.2000122070312,216.00000000000819,active,
1.0,339.3,339.627,1442.0,471.0,326.9999999999982,active,
1.0,339.719,340.133,470.8999938964844,708.2999877929688,413.99999999998727,active,
1.0,340.162,340.414,323.3999938964844,718.2999877929688,252.00000000000955,active,
1.0,340.574,340.774,420.0,528.4000244140625,199.99999999998863,active,
1.0,340.81,341.157,262.6000061035156,527.0,346.99999999998,active,
1.0,341.222,341.46,759.7000122070312,526.2000122070312,237.99999999999955,active,
1.0,341.512,341.753,1060.800048828125,515.7999877929688,240.99999999998545,active,
1.0,341.913,342.67,813.5999755859375,481.0,757.000000000005,active,
1.0,342.678,342.916,776.0999755859375,506.8999938964844,237.99999999999955,active,
1.0,342.982,343.34,1290.800048828125,599.7999877929688,357.99999999994725,active,
1.0,343.633,343.904,1124.800048828125,530.2000122070312,271.000000000015,active,
1.0,343.965,344.154,527.5999755859375,516.2000122070312,189.00000000002137,active,
1.0,344.182,344.379,394.5,503.79998779296875,197.00000000000273,active,
1.0,344.428,344.646,617.5999755859375,420.8999938964844,218.00000000001774,active,
1.0,344.672,345.006,703.0,385.6000061035156,333.99999999994634,active,
1.0,345.063,345.572,1066.0,416.70001220703125,509.00000000001455,active,
1.0,345.59,345.807,947.7999877929688,389.3999938964844,217.00000000004138,active,
1.0,345.831,346.031,1039.300048828125,409.29998779296875,199.99999999998863,active,
1.0,346.081,346.266,624.5999755859375,499.6000061035156,185.00000000000227,active,
1.0,346.451,346.599,754.9000244140625,450.5,147.9999999999677,active,
1.0,346.622,347.414,824.5,482.79998779296875,791.9999999999732,active,
1.0,347.435,347.644,961.5999755859375,485.8999938964844,209.00000000000318,active,
1.0,347.832,348.015,891.9000244140625,438.70001220703125,182.99999999999272,active,
1.0,348.045,348.394,723.7000122070312,499.0,348.99999999998954,active,
1.0,348.417,348.715,797.2999877929688,463.3999938964844,298.0000000000018,active,
1.0,348.741,349.221,942.7000122070312,493.29998779296875,480.0000000000182,active,
1.0,349.442,350.362,823.5999755859375,487.8999938964844,920.0000000000159,active,
1.0,350.382,350.53,697.5999755859375,432.20001220703125,147.9999999999677,active,
1.0,350.577,350.778,914.0999755859375,310.70001220703125,201.00000000002183,active,
1.0,350.912,351.081,788.5999755859375,235.5,169.00000000003956,active,
1.0,351.143,351.416,1286.5,279.6000061035156,273.00000000002456,active,
1.0,351.573,351.838,1080.0,320.5,265.0000000000432,active,
1.0,351.896,352.145,1477.699951171875,436.0,248.9999999999668,active,
1.0,352.366,352.702,821.5999755859375,769.0,336.00000000001273,active,
1.0,352.779,352.939,681.0,308.1000061035156,160.000000000025,active,
1.0,352.953,353.409,670.5,276.0,456.0000000000173,active,
1.0,353.44,353.736,793.7000122070312,363.29998779296875,295.99999999999227,active,
1.0,353.929,354.063,876.0999755859375,502.79998779296875,134.00000000001455,active,
1.0,354.081,354.807,835.7999877929688,483.3999938964844,725.9999999999991,active,
1.0,354.846,355.033,1058.4000244140625,539.4000244140625,187.00000000001182,active,
1.0,355.203,355.323,990.7000122070312,555.7999877929688,120.00000000000455,active,
1.0,355.377,355.714,466.70001220703125,561.7000122070312,336.9999999999891,active,
1.0,355.774,356.227,897.5,542.5,452.99999999997453,active,
1.0,356.269,356.518,1109.5999755859375,549.2999877929688,248.9999999999668,active,
1.0,356.575,356.888,1433.5999755859375,550.0,312.9999999999882,active,
1.0,356.97,357.166,442.8999938964844,465.20001220703125,195.99999999996953,active,
1.0,357.207,357.653,241.8000030517578,384.5,446.0000000000264,active,
1.0,357.8,358.15,771.7999877929688,497.79998779296875,349.9999999999659,,
1.0,358.161,358.356,818.2000122070312,502.6000061035156,194.99999999999318,,
1.0,358.472,358.757,824.7999877929688,486.1000061035156,285.000000000025,active,
1.0,358.93,359.12,805.2000122070312,487.5,189.99999999999773,active,
1.0,359.135,359.51,840.0,510.20001220703125,375.0,active,
1.0,359.538,360.049,691.7999877929688,515.5,510.99999999996726,active,
1.0,360.103,360.411,987.4000244140625,574.0999755859375,307.9999999999927,active,
1.0,360.474,360.697,1383.699951171875,564.5,223.0000000000132,active,
1.0,360.723,360.936,1462.5999755859375,500.1000061035156,212.99999999996544,active,
1.0,360.963,361.239,1526.4000244140625,422.5,275.9999999999536,active,
1.0,361.26,361.367,1479.4000244140625,350.1000061035156,107.00000000002774,active,
1.0,361.439,361.785,640.0999755859375,270.0,346.00000000000364,active,
1.0,361.834,362.05,351.29998779296875,279.0,216.00000000000819,active,
1.0,362.18,362.543,736.5,575.2000122070312,362.99999999999955,active,
1.0,362.572,363.568,816.0,466.1000061035156,995.9999999999809,active,
1.0,363.59,363.673,894.5,511.70001220703125,83.00000000002683,active,
1.0,363.695,364.077,864.0,638.7000122070312,382.000000000005,active,
1.0,364.098,364.296,821.4000244140625,719.5,197.99999999997908,active,
1.0,364.339,364.882,559.7000122070312,648.5,543.0000000000064,active,
1.0,364.939,365.116,849.0,722.7999877929688,176.99999999996407,active,
1.0,365.145,365.296,998.0,725.9000244140625,151.00000000001046,active,
1.0,365.496,365.712,902.2000122070312,384.8999938964844,216.00000000000819,active,
1.0,365.752,365.914,1092.5999755859375,296.29998779296875,161.99999999997772,active,
1.0,365.935,366.083,1059.4000244140625,224.39999389648438,148.00000000002456,active,
1.0,366.117,366.688,992.0,414.20001220703125,570.9999999999695,active,
1.0,366.726,366.924,991.0,231.39999389648438,197.99999999997908,active,
1.0,367.099,367.294,830.0,358.1000061035156,194.99999999999318,active,
1.0,367.314,367.621,839.0,462.29998779296875,306.9999999999595,active,
1.0,367.643,367.943,755.4000244140625,447.8999938964844,300.00000000001137,active,
1.0,367.979,368.291,953.0,431.79998779296875,312.0000000000118,active,
1.0,368.48,369.011,1429.4000244140625,338.70001220703125,531.0000000000059,active,
1.0,369.185,369.395,1377.0999755859375,756.9000244140625,209.99999999997954,active,
1.0,369.463,369.681,634.7999877929688,832.5999755859375,217.9999999999609,active,
1.0,369.748,369.82,426.3999938964844,480.70001220703125,72.00000000000273,active,
1.0,369.865,370.055,356.20001220703125,316.70001220703125,189.99999999999773,active,
1.0,370.115,370.245,746.4000244140625,346.0,129.99999999999545,active,
1.0,370.378,370.976,767.2000122070312,406.0,598.0000000000132,active,
1.0,371.031,371.326,851.7999877929688,734.5,295.0000000000159,active,
1.0,371.38,371.544,743.7000122070312,443.70001220703125,163.99999999998727,active,
1.0,372.088,372.87,837.0,464.0,781.9999999999823,active,
1.0,373.043,373.147,819.2000122070312,407.29998779296875,103.999999999985,active,
1.0,373.521,373.852,833.4000244140625,448.1000061035156,330.99999999996044,active,
1.0,373.859,374.219,807.0999755859375,423.0,360.00000000001364,active,
1.0,374.442,374.656,832.5999755859375,412.20001220703125,213.99999999999864,active,
1.0,374.687,374.841,690.7999877929688,345.0,153.99999999999636,active,
1.0,374.871,375.3,817.5,418.1000061035156,429.00000000003047,active,
1.0,375.474,375.845,825.0,424.79998779296875,371.00000000003774,active,
1.0,376.242,376.443,799.9000244140625,460.8999938964844,200.99999999996498,active,
1.0,376.457,376.63,860.7999877929688,471.3999938964844,173.00000000000182,active,
1.0,376.643,376.857,803.5999755859375,456.20001220703125,214.00000000005548,active,
1.0,376.884,377.163,906.2000122070312,460.1000061035156,278.99999999999636,active,
1.0,377.187,377.486,979.2000122070312,432.1000061035156,298.9999999999782,active,
1.0,377.666,378.116,998.0,417.3999938964844,449.99999999998863,active,
1.0,378.149,378.412,1165.9000244140625,450.70001220703125,262.9999999999768,active,
1.0,378.436,378.703,1228.699951171875,405.79998779296875,266.9999999999959,active,
1.0,378.725,378.912,1310.5,398.1000061035156,186.99999999995498,active,
1.0,378.973,379.474,992.2000122070312,663.5,500.99999999997635,active,
1.0,379.88,380.023,878.0999755859375,439.20001220703125,143.0000000000291,active,
1.0,380.037,380.698,829.4000244140625,479.5,661.0000000000014,active,
1.0,380.862,381.383,839.4000244140625,510.3999938964844,520.9999999999582,active,
1.0,381.41,381.619,988.2999877929688,491.3999938964844,209.00000000000318,active,
1.0,381.65,381.899,1081.9000244140625,364.1000061035156,249.00000000002365,active,
1.0,381.93,382.162,952.4000244140625,466.1000061035156,231.9999999999709,active,
1.0,382.189,382.415,877.2999877929688,584.7000122070312,225.9999999999991,active,
1.0,382.612,383.085,836.5,496.0,472.99999999995634,active,
1.0,383.528,384.416,836.0999755859375,483.6000061035156,887.9999999999768,active,
1.0,384.437,384.627,772.2000122070312,520.7999877929688,189.99999999999773,active,
1.0,384.802,385.046,846.5,484.6000061035156,243.99999999997135,active,
1.0,385.059,385.408,773.2999877929688,489.70001220703125,348.99999999998954,active,
1.0,385.437,385.694,919.5999755859375,482.20001220703125,257.000000000005,active,
1.0,385.718,385.876,835.9000244140625,459.70001220703125,157.99999999995862,active,
1.0,386.262,386.734,839.0,488.8999938964844,471.99999999998,active,
1.0,386.776,386.923,667.0999755859375,269.8999938964844,146.99999999999136,active,
1.0,386.945,387.508,663.0,198.3000030517578,562.9999999999882,active,
1.0,387.558,387.77,255.60000610351562,248.3000030517578,211.9999999999891,active,
1.0,387.791,388.188,207.60000610351562,228.10000610351562,396.99999999999136,active,
1.0,388.223,388.369,374.79998779296875,371.70001220703125,146.000000000015,active,
1.0,388.402,388.578,484.0,505.1000061035156,175.99999999998772,active,
1.0,388.605,388.75,538.7999877929688,618.0999755859375,144.9999999999818,active,
1.0,388.927,389.371,509.8999938964844,704.0,443.99999999996,active,
1.0,389.431,389.638,779.0999755859375,667.9000244140625,206.99999999999363,active,
1.0,389.707,389.956,1451.300048828125,726.4000244140625,249.00000000002365,active,
1.0,390.014,390.17,1443.5,365.1000061035156,156.0000000000059,active,
1.0,390.364,390.648,1404.199951171875,162.60000610351562,284.00000000004866,active,
1.0,390.702,390.84,791.2000122070312,218.3000030517578,137.9999999999768,active,
1.0,390.869,391.106,696.7999877929688,218.1999969482422,236.99999999996635,active,
1.0,391.165,391.703,637.7999877929688,524.7999877929688,537.9999999999541,active,
1.0,391.889,392.552,677.2000122070312,304.8999938964844,663.0000000000109,active,
1.0,392.581,392.883,810.0999755859375,396.0,301.9999999999641,active,
1.0,392.892,393.274,747.4000244140625,407.0,382.000000000005,active,
1.0,393.746,393.991,793.0999755859375,453.6000061035156,245.00000000000455,active,
1.0,394.002,394.394,836.0,440.6000061035156,391.9999999999959,active,
1.0,394.428,394.661,653.2999877929688,480.29998779296875,233.0000000000041,active,
1.0,394.813,395.005,698.5,299.79998779296875,192.00000000000728,active,
1.0,395.063,395.236,1274.4000244140625,409.1000061035156,173.00000000000182,active,
1.0,395.265,395.529,1383.5,419.29998779296875,264.00000000001,active,
1.0,395.559,395.787,1423.800048828125,245.1999969482422,227.9999999999518,active,
1.0,395.921,396.118,484.20001220703125,108.0,197.00000000000273,active,
1.0,396.154,396.504,300.8999938964844,204.6999969482422,350.00000000002274,active,
1.0,396.685,396.944,503.5,827.2000122070312,259.00000000001455,active,
1.0,397.009,397.208,1179.4000244140625,809.5,199.00000000001228,active,
1.0,397.255,397.481,1361.9000244140625,739.2000122070312,225.9999999999991,active,
1.0,397.52,397.657,1112.5999755859375,639.5,137.00000000000045,active,
1.0,398.001,398.132,704.7999877929688,404.20001220703125,131.00000000002865,active,
1.0,398.159,398.835,797.7000122070312,449.5,675.9999999999877,active,
1.0,398.854,399.021,853.7000122070312,428.70001220703125,167.00000000003,active,
1.0,399.059,399.302,625.7000122070312,355.70001220703125,242.999999999995,active,
1.0,399.353,399.538,382.79998779296875,653.4000244140625,185.00000000000227,active,
1.0,399.572,399.777,272.1000061035156,777.7000122070312,204.99999999998408,active,
1.0,399.817,400.133,339.5,487.70001220703125,315.9999999999741,active,
1.0,400.159,400.491,280.1000061035156,336.8999938964844,331.99999999999363,active,
1.0,400.543,400.817,637.7999877929688,380.5,274.0000000000009,active,
1.0,400.953,401.148,605.7999877929688,656.2999877929688,195.00000000005002,active,
1.0,401.212,401.521,1267.4000244140625,728.9000244140625,309.0000000000259,active,
1.0,401.576,401.791,1267.800048828125,426.79998779296875,214.999999999975,active,
1.0,401.815,402.039,1204.4000244140625,345.5,223.99999999998954,active,
1.0,402.07,402.355,1114.0999755859375,253.8000030517578,285.000000000025,active,
1.0,402.4,402.763,1314.5999755859375,491.20001220703125,362.99999999999955,active,
1.0,402.877,403.244,644.7999877929688,340.70001220703125,367.00000000001864,active,
1.0,403.269,403.612,710.9000244140625,367.29998779296875,343.00000000001774,active,
1.0,403.769,404.681,817.0999755859375,464.3999938964844,911.9999999999777,active,
1.0,404.723,404.986,1105.699951171875,393.79998779296875,262.9999999999768,active,
1.0,404.998,405.221,1056.0999755859375,394.1000061035156,223.0000000000132,active,
1.0,405.357,405.947,1049.0999755859375,367.5,589.999999999975,active,
1.0,405.99,406.282,966.2000122070312,587.4000244140625,291.99999999997317,active,
1.0,406.451,406.655,926.0999755859375,573.0999755859375,203.9999999999509,active,
1.0,406.691,407.082,1046.5,423.6000061035156,391.00000000001955,active,
1.0,407.53,407.97,813.9000244140625,461.0,440.00000000005457,active,
1.0,408.001,408.532,904.7000122070312,355.5,531.0000000000059,active,
1.0,408.681,408.911,929.2000122070312,358.6000061035156,230.0000000000182,active,
1.0,408.917,409.32,906.7000122070312,353.1000061035156,403.00000000002,active,
1.0,409.33,409.609,953.5999755859375,359.20001220703125,278.99999999999636,active,
1.0,409.778,410.028,944.7000122070312,350.3999938964844,250.0,active,
1.0,410.034,410.516,915.2000122070312,360.70001220703125,482.00000000002774,active,
1.0,410.523,411.214,932.7000122070312,356.6000061035156,690.9999999999741,active,
1.0,411.397,412.274,824.5999755859375,449.5,877.0000000000095,active,
1.0,412.288,412.734,759.4000244140625,411.20001220703125,445.99999999996953,active,
1.0,412.866,413.045,765.7999877929688,419.79998779296875,179.00000000003047,active,
1.0,413.112,413.504,1111.5999755859375,896.0999755859375,391.9999999999959,active,
1.0,413.533,413.649,1256.199951171875,841.4000244140625,115.99999999998545,active,
1.0,413.687,414.207,1010.9000244140625,908.0999755859375,519.9999999999818,active,
1.0,414.267,414.466,1506.5999755859375,897.7000122070312,199.00000000001228,active,
1.0,414.534,414.643,776.5,609.5,108.99999999998045,active,
1.0,414.679,414.864,751.9000244140625,447.3999938964844,185.00000000000227,active,
1.0,414.904,415.211,845.5999755859375,476.1000061035156,307.00000000001637,active,
1.0,415.225,415.868,790.5999755859375,455.5,642.9999999999723,active,
1.0,415.901,416.197,579.5999755859375,499.3999938964844,295.99999999999227,active,
1.0,416.234,416.572,684.0,355.29998779296875,338.0000000000223,active,
1.0,416.63,416.87,1140.699951171875,401.6000061035156,240.0000000000091,active,
1.0,416.924,417.465,1444.5999755859375,426.0,540.9999999999968,active,
1.0,417.787,418.039,806.7999877929688,475.8999938964844,252.00000000000955,active,
1.0,418.232,418.41,794.0,479.1000061035156,177.99999999999727,active,
1.0,418.597,419.233,834.5999755859375,471.3999938964844,636.0000000000241,active,
1.0,419.271,419.434,639.7999877929688,642.0,163.0000000000109,active,
1.0,419.466,419.901,549.7000122070312,716.0,435.0000000000023,active,
1.0,419.969,420.056,1135.0,725.5999755859375,86.99999999998909,active,
1.0,420.218,420.298,1066.5999755859375,531.4000244140625,79.99999999998408,active,
1.0,420.501,420.865,506.8999938964844,326.79998779296875,364.00000000003274,active,
1.0,420.9,420.934,629.4000244140625,199.89999389648438,34.00000000004866,active,
1.0,420.995,421.368,1150.9000244140625,217.10000610351562,372.99999999999045,active,
1.0,421.412,421.697,1220.9000244140625,474.29998779296875,285.000000000025,active,
1.0,421.778,422.104,236.3000030517578,641.9000244140625,325.999999999965,active,
1.0,422.168,422.342,668.7999877929688,534.4000244140625,173.99999999997817,active,
1.0,422.516,423.337,818.2000122070312,468.0,820.9999999999695,active,
1.0,423.362,423.585,726.0999755859375,530.2000122070312,222.99999999995634,active,
1.0,423.623,424.007,955.5,447.6000061035156,384.00000000001455,active,
1.0,424.023,424.128,889.4000244140625,460.20001220703125,104.99999999996135,active,
1.0,424.261,424.527,874.5,478.8999938964844,265.9999999999627,active,
1.0,424.554,424.793,952.2000122070312,573.2999877929688,239.00000000003274,active,
1.0,424.819,425.056,832.5,466.70001220703125,236.99999999996635,active,
1.0,425.118,425.393,1265.800048828125,456.8999938964844,274.99999999997726,active,
1.0,425.734,425.849,893.2000122070312,483.5,115.0000000000091,active,
1.0,425.875,426.338,804.0999755859375,452.79998779296875,463.0000000000223,active,
1.0,426.371,426.536,951.2000122070312,542.0,165.00000000002046,active,
1.0,426.594,426.743,1360.0,575.0,149.0000000000009,active,
1.0,426.894,427.09,1282.4000244140625,519.5999755859375,195.99999999996953,active,
1.0,427.149,428.367,841.0999755859375,531.7999877929688,1218.0000000000177,active,
1.0,428.427,428.73,1289.300048828125,560.4000244140625,302.99999999999727,active,
1.0,428.882,429.072,1178.9000244140625,531.2999877929688,189.99999999999773,active,
1.0,429.122,429.492,782.2000122070312,545.5,370.00000000000455,active,
1.0,429.554,429.824,1286.5,543.7999877929688,270.00000000003865,active,
1.0,430.043,430.861,808.7000122070312,455.20001220703125,817.9999999999836,active,
1.0,430.917,431.252,1196.0999755859375,573.0999755859375,335.0000000000364,active,
1.0,431.314,431.47,568.7000122070312,348.8999938964844,156.0000000000059,active,
1.0,431.482,431.979,631.2999877929688,341.29998779296875,496.99999999995725,active,
1.0,432.214,432.607,1208.0,645.7000122070312,393.0000000000291,active,
1.0,432.629,433.113,1125.4000244140625,674.4000244140625,483.99999999998045,active,
1.0,433.134,434.063,1178.0999755859375,630.7999877929688,928.9999999999736,active,
1.0,434.08,434.262,1050.4000244140625,566.0,182.00000000001637,active,
1.0,434.271,434.666,731.0999755859375,465.79998779296875,394.9999999999818,,
1.0,434.689,434.94,808.4000244140625,475.79998779296875,250.99999999997635,,
1.0,434.95,435.193,745.2000122070312,468.5,242.999999999995,active,
1.0,435.203,435.56,783.0,451.6000061035156,357.00000000002774,active,
1.0,435.693,435.999,814.2999877929688,456.70001220703125,306.00000000004,active,
1.0,436.023,436.6,906.2999877929688,404.79998779296875,576.9999999999982,active,
1.0,436.607,437.092,918.0,388.29998779296875,484.9999999999568,active,
1.0,437.115,437.326,997.4000244140625,415.79998779296875,211.00000000001273,active,
1.0,437.549,437.692,749.5,406.5,143.0000000000291,active,
1.0,437.723,437.94,576.7000122070312,425.6000061035156,216.99999999998454,active,
1.0,437.982,438.148,346.79998779296875,604.7999877929688,165.99999999999682,active,
1.0,438.164,438.435,323.0,646.4000244140625,271.000000000015,active,
1.0,438.501,438.723,871.7000122070312,388.29998779296875,222.00000000003683,active,
1.0,438.963,439.101,731.0999755859375,360.6000061035156,137.9999999999768,active,
1.0,439.131,439.467,748.0,481.3999938964844,336.00000000001273,active,
1.0,439.49,439.762,828.2999877929688,443.8999938964844,271.99999999999136,active,
1.0,439.921,440.211,520.7999877929688,396.3999938964844,290.00000000002046,active,
1.0,440.224,440.471,558.2999877929688,349.70001220703125,247.0000000000141,active,
1.0,440.494,440.71,505.79998779296875,256.29998779296875,215.99999999995134,active,
1.0,440.734,440.969,575.7999877929688,214.0,235.00000000001364,active,
1.0,441.043,441.266,1298.5999755859375,408.1000061035156,223.0000000000132,active,
1.0,441.397,441.734,618.2000122070312,356.5,336.9999999999891,active,
1.0,441.768,442.78,775.2999877929688,456.79998779296875,1012.0000000000005,active,
1.0,442.98,443.098,811.4000244140625,412.79998779296875,117.999999999995,active,
1.0,443.109,443.389,841.7000122070312,476.79998779296875,280.00000000002956,active,
1.0,443.399,443.746,791.0999755859375,436.29998779296875,346.99999999998,active,
1.0,443.769,443.962,853.9000244140625,481.3999938964844,192.99999999998363,active,
1.0,444.022,444.174,1113.9000244140625,472.5,151.9999999999868,active,
1.0,444.316,444.545,1044.0,476.29998779296875,229.00000000004184,active,
1.0,444.578,444.905,847.9000244140625,487.20001220703125,326.9999999999982,active,
1.0,444.931,445.425,965.2000122070312,522.4000244140625,494.0000000000282,active,
1.0,445.48,445.648,1286.5,515.5999755859375,168.00000000000637,active,
1.0,445.677,445.972,1130.5999755859375,541.0,294.9999999999591,active,
1.0,446.019,446.311,1394.300048828125,557.5999755859375,291.99999999997317,active,
1.0,446.378,446.633,817.4000244140625,706.5999755859375,254.99999999999545,active,
1.0,446.64,446.802,823.9000244140625,645.0,162.00000000003456,active,
1.0,446.849,447.072,509.1000061035156,561.5,223.0000000000132,active,
1.0,447.095,447.193,474.8999938964844,497.70001220703125,97.99999999995634,active,
1.0,447.238,447.417,671.9000244140625,372.1000061035156,178.99999999997362,active,
1.0,447.471,447.734,1040.0999755859375,406.6000061035156,262.9999999999768,active,
1.0,447.926,448.077,820.0,349.20001220703125,151.00000000001046,active,
1.0,448.106,448.317,839.9000244140625,464.1000061035156,211.00000000001273,active,
1.0,448.331,448.817,765.5,463.0,485.99999999999,active,
1.0,448.843,449.039,870.5999755859375,558.2000122070312,195.99999999996953,active,
1.0,449.104,449.371,1334.5999755859375,488.6000061035156,266.9999999999959,active,
1.0,449.398,449.625,1393.300048828125,392.79998779296875,226.99999999997544,active,
1.0,449.774,450.108,1365.9000244140625,408.79998779296875,334.0000000000032,active,
1.0,450.17,450.396,813.5999755859375,538.0999755859375,225.9999999999991,active,
1.0,450.436,450.687,577.7999877929688,544.5999755859375,251.0000000000332,active,
1.0,450.766,451.067,1387.300048828125,441.70001220703125,300.9999999999877,active,
1.0,451.134,451.308,816.5,636.7999877929688,173.99999999997817,active,
1.0,451.356,451.577,474.3999938964844,571.7999877929688,221.00000000000364,active,
1.0,451.609,451.908,577.7999877929688,512.0,299.000000000035,active,
1.0,452.116,452.281,789.5,435.29998779296875,165.00000000002046,active,
1.0,452.3,452.815,815.7000122070312,479.3999938964844,514.9999999999864,active,
1.0,452.844,453.01,667.7999877929688,400.29998779296875,165.99999999999682,active,
1.0,453.026,453.262,656.0,344.0,235.99999999999,active,
1.0,453.289,453.567,531.0999755859375,356.5,278.00000000002,active,
1.0,453.638,454.02,1173.5,660.0999755859375,382.000000000005,active,
1.0,454.168,454.342,1133.0999755859375,536.0,173.99999999997817,active,
1.0,454.6,454.991,556.9000244140625,414.5,390.9999999999627,active,
1.0,454.998,455.542,520.2999877929688,358.6000061035156,543.9999999999827,active,
1.0,455.693,455.907,828.0999755859375,469.70001220703125,213.99999999999864,active,
1.0,455.917,456.416,797.0,465.1000061035156,499.00000000002365,active,
1.0,456.423,456.593,829.5,458.1000061035156,170.00000000001592,active,
1.0,456.749,456.917,820.5,535.7999877929688,167.99999999994952,active,
1.0,456.937,457.271,833.4000244140625,474.8999938964844,334.0000000000032,active,
1.0,457.288,457.549,772.7999877929688,445.5,260.99999999996726,active,
1.0,457.606,457.843,1059.9000244140625,562.2999877929688,237.0000000000232,active,
1.0,457.866,458.107,973.0,585.7999877929688,241.0000000000423,active,
1.0,458.264,458.363,817.0,477.0,98.99999999998954,active,
1.0,458.867,459.046,783.0999755859375,472.20001220703125,178.99999999997362,active,
1.0,459.059,459.315,823.5999755859375,463.20001220703125,255.9999999999718,active,
1.0,459.347,459.527,632.0,398.1000061035156,180.00000000000682,active,
1.0,459.576,459.728,279.29998779296875,333.3999938964844,151.9999999999868,active,
1.0,459.751,459.839,233.10000610351562,259.20001220703125,88.00000000002228,active,
1.0,459.847,460.228,268.70001220703125,225.0,381.00000000002865,active,
1.0,460.286,460.591,525.9000244140625,533.5,305.0000000000068,active,
1.0,460.629,460.936,733.0999755859375,596.2999877929688,306.9999999999595,active,
1.0,460.985,461.315,415.0,611.2999877929688,329.9999999999841,active,
1.0,461.498,461.664,1066.5,486.1000061035156,165.99999999999682,active,
1.0,461.713,461.936,1423.9000244140625,481.70001220703125,222.99999999995634,active,
1.0,461.978,462.224,1109.800048828125,445.5,245.9999999999809,active,
1.0,462.265,462.494,881.0999755859375,438.29998779296875,229.00000000004184,active,
1.0,462.789,462.873,743.5,413.8999938964844,84.00000000000318,active,
1.0,462.899,463.722,809.4000244140625,470.3999938964844,822.9999999999791,active,
1.0,463.748,463.934,888.2000122070312,554.5999755859375,186.00000000003547,active,
1.0,464.131,464.301,1096.4000244140625,368.5,170.00000000001592,active,
1.0,464.348,464.572,776.9000244140625,413.3999938964844,223.99999999998954,active,
1.0,464.61,464.997,878.2000122070312,638.9000244140625,387.00000000000045,active,
1.0,465.011,465.5,812.0999755859375,628.7000122070312,488.9999999999759,active,
1.0,465.526,465.755,728.2999877929688,522.5,228.999999999985,active,
1.0,465.777,466.175,815.7999877929688,509.8999938964844,398.00000000002456,active,
1.0,466.48,467.087,817.7999877929688,473.70001220703125,606.9999999999709,active,
1.0,467.125,467.711,621.2000122070312,346.79998779296875,586.0000000000127,active,
1.0,467.788,468.386,1378.0999755859375,416.1000061035156,598.0000000000132,active,
1.0,468.416,468.794,1229.9000244140625,363.8999938964844,377.9999999999859,active,
1.0,469.036,469.346,774.7999877929688,481.1000061035156,310.0000000000023,active,
1.0,469.666,470.275,824.5,472.70001220703125,608.9999999999804,active,
1.0,470.284,470.642,781.7000122070312,454.70001220703125,358.0000000000041,active,
1.0,470.688,470.883,1072.0,460.29998779296875,194.99999999999318,active,
1.0,470.934,471.407,1390.4000244140625,477.1000061035156,472.99999999995634,active,
1.0,471.429,471.759,1455.5,501.70001220703125,330.0000000000409,active,
1.0,471.798,472.008,1206.199951171875,464.8999938964844,209.99999999997954,active,
1.0,472.262,472.851,864.5,460.5,588.9999999999986,active,
1.0,472.873,473.242,770.4000244140625,450.29998779296875,369.0000000000282,active,
1.0,473.267,473.603,889.2000122070312,442.79998779296875,336.00000000001273,active,
1.0,473.908,474.05,855.5999755859375,455.5,141.9999999999959,active,
1.0,474.071,475.164,782.5,455.6000061035156,1092.999999999961,active,
1.0,475.236,475.567,1358.699951171875,803.4000244140625,331.0000000000173,active,
1.0,475.6,475.696,1510.800048828125,878.5,96.00000000000364,active,
1.0,475.717,475.833,1585.699951171875,892.9000244140625,116.00000000004229,active,
1.0,475.927,476.366,918.5,195.39999389648438,438.99999999996453,active,
1.0,476.602,476.766,864.7000122070312,493.29998779296875,164.0000000000441,active,
1.0,476.777,477.456,813.9000244140625,478.6000061035156,679.0000000000305,active,
1.0,477.481,477.549,868.2000122070312,620.7000122070312,67.99999999998363,active,
1.0,477.606,477.757,1385.5,690.7999877929688,151.00000000001046,active,
1.0,477.776,478.388,1325.5,630.5,611.9999999999663,active,
1.0,478.629,478.784,678.9000244140625,423.20001220703125,154.99999999997272,active,
1.0,478.832,478.939,950.4000244140625,556.7999877929688,107.00000000002774,active,
1.0,478.948,479.735,790.5,479.29998779296875,787.0000000000346,,
1.0,479.758,479.988,724.5999755859375,511.70001220703125,230.0000000000182,passive,
1.0,480.001,480.609,793.2000122070312,481.3999938964844,608.0000000000041,passive,
1.0,480.635,480.895,681.2999877929688,401.6000061035156,259.9999999999909,passive,
1.0,480.936,481.026,971.7999877929688,404.3999938964844,90.00000000003183,passive,
1.0,481.181,481.271,1202.9000244140625,422.6000061035156,90.00000000003183,passive,
1.0,481.443,481.741,1125.5999755859375,462.20001220703125,298.0000000000018,passive,
1.0,481.79,482.057,770.0,480.70001220703125,266.9999999999959,passive,
1.0,482.081,482.332,688.2999877929688,444.5,250.99999999997635,passive,
1.0,482.48,482.586,792.2000122070312,421.8999938964844,105.99999999999454,passive,
1.0,482.862,482.93,798.2999877929688,398.5,67.99999999998363,passive,
1.0,483.136,483.385,840.4000244140625,448.29998779296875,248.9999999999668,passive,
1.0,483.423,483.558,945.0999755859375,706.0,134.9999999999909,passive,
1.0,483.575,484.002,905.7999877929688,613.2000122070312,427.0000000000209,passive,
1.0,484.059,484.564,726.5999755859375,295.1000061035156,504.99999999999545,passive,
1.0,484.61,485.039,833.7999877929688,541.4000244140625,428.9999999999736,passive,
1.0,485.224,485.321,856.2999877929688,519.7000122070312,97.00000000003683,passive,
1.0,485.353,485.904,914.4000244140625,626.7000122070312,550.9999999999877,passive,
1.0,485.932,486.117,749.2999877929688,506.79998779296875,185.00000000000227,passive,
1.0,486.554,486.835,814.7000122070312,470.20001220703125,281.0000000000059,passive,
1.0,486.858,487.171,749.4000244140625,453.8999938964844,312.9999999999882,passive,
1.0,487.199,487.882,854.2999877929688,391.79998779296875,682.9999999999927,passive,
1.0,487.889,488.075,896.2999877929688,355.3999938964844,185.99999999997863,passive,
1.0,488.136,488.446,1415.4000244140625,454.0,310.0000000000023,passive,
1.0,488.457,488.778,1428.4000244140625,393.20001220703125,321.0000000000264,passive,
1.0,488.847,489.089,637.7000122070312,420.20001220703125,242.00000000001864,passive,
1.0,489.112,489.245,722.7000122070312,430.6000061035156,132.99999999998136,passive,
1.0,489.272,489.685,816.5999755859375,483.29998779296875,413.0000000000109,passive,
1.0,489.695,490.156,773.0,460.6000061035156,461.00000000001273,passive,
1.0,490.195,490.396,544.0999755859375,462.8999938964844,201.00000000002183,passive,
1.0,490.44,490.608,666.9000244140625,649.9000244140625,168.00000000000637,passive,
1.0,490.631,491.097,624.0999755859375,728.7000122070312,466.0000000000082,passive,
1.0,491.277,491.519,603.0,749.5,242.00000000001864,passive,
1.0,491.526,491.705,589.7999877929688,786.4000244140625,178.99999999997362,passive,
1.0,491.716,491.985,610.0999755859375,736.0999755859375,269.00000000000546,passive,
1.0,492.042,492.184,850.0,465.20001220703125,142.00000000005275,passive,
1.0,492.216,492.411,654.7999877929688,439.1000061035156,194.99999999999318,passive,
1.0,492.447,492.68,468.70001220703125,467.29998779296875,233.0000000000041,passive,
1.0,492.871,493.091,697.7000122070312,444.6000061035156,220.00000000002728,passive,
1.0,493.281,493.95,713.4000244140625,452.0,668.9999999999827,passive,
1.0,493.973,494.288,819.9000244140625,457.20001220703125,314.9999999999977,passive,
1.0,494.299,495.334,785.0,472.6000061035156,1035.000000000025,passive,
1.0,495.36,495.809,777.5,341.0,449.0000000000123,passive,
1.0,495.842,496.015,739.7999877929688,555.2000122070312,173.00000000000182,passive,
1.0,496.026,496.302,771.7999877929688,510.79998779296875,276.00000000001046,passive,
1.0,496.528,497.146,553.5999755859375,647.5999755859375,617.999999999995,passive,
1.0,497.168,497.995,605.9000244140625,674.5,826.9999999999982,passive,
1.0,498.03,498.464,805.7999877929688,595.7999877929688,434.0000000000259,passive,
1.0,498.476,498.631,735.4000244140625,551.4000244140625,154.99999999997272,passive,
1.0,498.65,499.083,808.0999755859375,508.8999938964844,433.00000000004957,passive,
1.0,499.108,499.65,721.4000244140625,465.1000061035156,541.9999999999732,passive,
1.0,499.673,499.754,778.7999877929688,525.7000122070312,81.00000000001728,passive,
1.0,499.915,500.064,773.5,515.2999877929688,149.0000000000009,passive,
1.0,500.133,500.434,1262.199951171875,546.5,301.00000000004457,passive,
1.0,500.488,500.883,852.9000244140625,432.79998779296875,394.9999999999818,passive,
1.0,500.919,501.258,1059.0999755859375,396.29998779296875,338.99999999999864,passive,
1.0,501.53,501.718,809.0999755859375,556.7000122070312,188.00000000004502,passive,
1.0,501.746,502.423,718.2000122070312,454.5,677.0000000000209,passive,
1.0,502.448,503.183,806.4000244140625,532.2999877929688,735.0000000000136,passive,
1.0,503.205,503.407,758.0,455.8999938964844,201.99999999999818,passive,
1.0,503.423,504.082,834.0,465.3999938964844,658.9999999999918,passive,
1.0,504.351,504.637,800.5,520.5999755859375,286.00000000000136,passive,
1.0,504.881,505.073,917.0,397.20001220703125,192.00000000000728,passive,
1.0,505.112,505.787,758.0,566.7999877929688,674.9999999999545,passive,
1.0,505.812,506.102,840.2999877929688,586.2999877929688,289.9999999999636,passive,
1.0,506.117,506.76,781.7000122070312,549.9000244140625,642.9999999999723,passive,
1.0,506.771,507.748,820.2999877929688,483.1000061035156,976.9999999999754,passive,
1.0,507.981,508.165,622.5999755859375,566.0999755859375,184.00000000002592,passive,
1.0,508.212,508.462,346.3999938964844,677.7999877929688,250.0,passive,
1.0,508.64,508.778,793.2000122070312,496.29998779296875,138.00000000003365,passive,
1.0,509.01,509.918,817.7000122070312,489.1000061035156,908.0000000000155,passive,
1.0,509.937,510.179,749.0,516.5999755859375,241.9999999999618,passive,
1.0,510.201,510.399,833.7999877929688,490.79998779296875,197.99999999997908,passive,
1.0,510.413,511.095,781.5999755859375,479.29998779296875,682.0000000000164,passive,
1.0,511.118,511.312,876.2000122070312,473.8999938964844,194.00000000001683,passive,
1.0,511.338,511.585,980.0,407.29998779296875,246.99999999995725,passive,
1.0,511.743,512.041,870.7000122070312,356.8999938964844,298.00000000005866,passive,
1.0,512.052,512.257,802.5,305.0,204.99999999992724,passive,
1.0,512.268,512.602,803.5,245.5,333.99999999994634,passive,
1.0,512.759,513.218,648.5999755859375,574.5999755859375,458.99999999994634,passive,
1.0,513.259,513.691,898.2000122070312,537.2999877929688,432.00000000001637,passive,
1.0,513.851,514.467,837.5999755859375,503.1000061035156,615.9999999999854,passive,
1.0,514.708,514.978,809.7000122070312,489.20001220703125,269.9999999999818,passive,
1.0,514.989,515.551,757.5999755859375,479.79998779296875,562.0000000000118,passive,
1.0,515.703,515.982,896.5999755859375,459.6000061035156,278.99999999999636,passive,
1.0,516.023,516.259,642.7999877929688,569.0,235.99999999999,passive,
1.0,516.412,516.713,583.2999877929688,488.8999938964844,300.9999999999309,passive,
1.0,516.758,516.96,894.5999755859375,452.20001220703125,201.99999999999818,passive,
1.0,517.102,517.583,804.0,476.5,480.99999999999454,passive,
1.0,517.776,517.897,770.0,485.79998779296875,121.00000000009459,passive,
1.0,517.906,518.158,808.2000122070312,484.29998779296875,252.0000000000664,passive,
1.0,518.203,518.568,1070.699951171875,278.29998779296875,365.0000000000091,passive,
1.0,518.601,518.735,1159.4000244140625,414.1000061035156,134.00000000001455,passive,
1.0,518.755,518.954,1149.0,469.1000061035156,198.99999999995543,passive,
1.0,519.016,519.137,526.4000244140625,423.79998779296875,120.9999999999809,passive,
1.0,519.158,519.507,476.6000061035156,403.8999938964844,348.9999999999327,passive,
1.0,519.572,519.736,1086.199951171875,331.29998779296875,163.99999999998727,passive,
1.0,519.745,520.328,1058.699951171875,271.8999938964844,582.99999999997,passive,
1.0,520.461,520.856,1057.300048828125,287.3999938964844,394.9999999999818,passive,
1.0,520.915,521.092,505.79998779296875,356.0,177.00000000002092,passive,
1.0,521.114,521.328,448.1000061035156,393.5,213.9999999999418,passive,
1.0,521.567,521.591,808.0999755859375,443.1000061035156,24.00000000000091,passive,
1.0,521.597,522.344,794.0999755859375,466.5,747.0000000000709,passive,
1.0,522.59,522.835,740.4000244140625,441.70001220703125,245.00000000000455,passive,
1.0,523.031,523.494,760.5,465.0,463.0000000000791,passive,
1.0,523.675,523.808,765.9000244140625,456.70001220703125,133.0000000000382,passive,
1.0,523.817,524.019,740.2999877929688,430.5,201.99999999999818,,
1.0,524.042,524.237,824.7999877929688,476.70001220703125,194.99999999993634,,
1.0,524.248,525.09,795.9000244140625,485.20001220703125,841.9999999999845,,
1.0,525.106,525.369,740.9000244140625,446.5,263.00000000003365,passive,
1.0,525.4,525.697,892.4000244140625,529.5999755859375,297.00000000002547,passive,
1.0,525.761,525.995,1323.0,607.9000244140625,234.0000000000373,passive,
1.0,526.024,526.239,1136.800048828125,570.5,215.00000000003183,passive,
1.0,526.263,526.39,1258.199951171875,565.7999877929688,126.9999999999527,passive,
1.0,526.415,526.64,1375.699951171875,558.7000122070312,225.00000000002274,passive,
1.0,526.69,526.948,986.2000122070312,652.2999877929688,257.9999999999245,passive,
1.0,526.97,527.171,1026.199951171875,744.0999755859375,201.00000000002183,passive,
1.0,527.46,527.609,888.0999755859375,264.3999938964844,149.0000000000009,passive,
1.0,527.665,527.797,398.0,500.3999938964844,132.00000000006185,passive,
1.0,527.841,528.183,152.0,658.2999877929688,341.99999999998454,passive,
1.0,528.208,528.33,226.39999389648438,590.9000244140625,122.00000000007094,passive,
1.0,528.549,528.759,870.5999755859375,348.6000061035156,210.00000000003638,passive,
1.0,528.802,529.374,611.5999755859375,445.70001220703125,572.0000000000027,passive,
1.0,529.402,529.681,726.5,502.29998779296875,278.99999999999636,passive,
1.0,529.876,530.086,815.9000244140625,460.1000061035156,210.00000000003638,passive,
1.0,530.284,530.478,751.5999755859375,447.5,193.99999999995998,passive,
1.0,530.696,531.262,777.7999877929688,463.0,565.9999999999172,passive,
1.0,531.277,531.956,839.0999755859375,512.5999755859375,678.9999999999736,passive,
1.0,531.967,532.861,802.0,491.29998779296875,894.0000000000055,passive,
1.0,532.87,533.042,794.2999877929688,555.5999755859375,172.00000000002547,passive,
1.0,533.082,533.259,512.0,578.0,177.00000000002092,passive,
1.0,533.266,533.711,511.20001220703125,537.5,445.00000000005,passive,
1.0,533.738,533.946,618.2999877929688,407.29998779296875,207.99999999997,passive,
1.0,533.956,534.138,583.0999755859375,395.5,182.00000000001637,passive,
1.0,534.186,534.512,869.4000244140625,567.9000244140625,325.99999999990814,passive,
1.0,534.523,534.55,819.4000244140625,565.5,26.99999999992997,passive,
1.0,534.744,534.914,844.7000122070312,559.0,169.99999999995907,passive,
1.0,534.926,535.215,797.2999877929688,573.7999877929688,288.99999999998727,passive,
1.0,535.253,535.393,1067.4000244140625,580.7000122070312,139.99999999998636,passive,
1.0,535.428,535.594,852.9000244140625,520.7000122070312,166.00000000005366,passive,
1.0,535.879,535.978,802.7000122070312,401.8999938964844,98.9999999999327,passive,
1.0,536.221,536.411,796.9000244140625,454.5,189.99999999994088,passive,
1.0,536.432,536.876,758.2999877929688,559.5999755859375,443.99999999996,passive,
1.0,536.913,537.235,1005.0999755859375,540.5,322.00000000000273,passive,
1.0,537.287,537.541,1283.0999755859375,620.2000122070312,254.0000000000191,passive,
1.0,537.61,537.814,700.7000122070312,530.7000122070312,203.9999999999509,passive,
1.0,537.838,537.959,695.4000244140625,444.20001220703125,120.9999999999809,passive,
1.0,538.007,538.303,441.6000061035156,704.5,296.0000000000491,passive,
1.0,538.332,538.538,474.6000061035156,839.5,206.00000000001728,passive,
1.0,538.545,538.7,449.6000061035156,848.0,155.0000000000864,passive,
1.0,538.768,539.106,899.5999755859375,629.4000244140625,337.99999999996544,passive,
1.0,539.37,539.527,805.0999755859375,562.0999755859375,157.0000000000391,passive,
1.0,539.535,540.01,803.5999755859375,491.6000061035156,475.00000000002274,passive,
1.0,540.023,540.348,742.2999877929688,460.8999938964844,324.9999999999318,passive,
1.0,540.371,541.047,769.5999755859375,369.1000061035156,676.0000000000446,passive,
1.0,541.274,541.382,790.2000122070312,363.70001220703125,107.99999999994725,passive,
1.0,541.615,541.811,798.5,396.1000061035156,196.00000000002638,passive,
1.0,541.819,543.16,775.0999755859375,371.5,1341.0000000000082,passive,
1.0,543.189,543.655,850.5,489.1000061035156,466.0000000000082,passive,
1.0,543.665,544.602,796.0,487.29998779296875,937.0000000000118,passive,
1.0,544.65,544.94,1123.9000244140625,495.20001220703125,290.0000000000773,passive,
1.0,544.979,545.181,1350.800048828125,448.29998779296875,201.99999999999818,passive,
1.0,545.367,545.546,669.0,364.8999938964844,179.0000000000873,passive,
1.0,545.569,545.937,768.7999877929688,424.5,368.00000000005184,passive,
1.0,545.962,546.282,834.0,339.79998779296875,320.00000000005,passive,
1.0,546.513,546.753,814.9000244140625,691.5,240.0000000000091,passive,
1.0,546.786,548.031,809.0999755859375,483.3999938964844,1245.0000000000045,passive,
1.0,548.085,548.295,1287.300048828125,517.7000122070312,209.9999999999227,passive,
1.0,548.339,548.585,1062.199951171875,364.70001220703125,245.9999999999809,passive,
1.0,548.63,549.202,773.0999755859375,415.79998779296875,572.0000000000027,passive,
1.0,549.227,549.509,778.5999755859375,529.7000122070312,282.0000000000391,passive,
1.0,549.531,550.55,839.2000122070312,446.0,1019.0000000000055,passive,
1.0,550.746,551.583,805.2000122070312,487.29998779296875,836.9999999999891,passive,
1.0,551.631,551.908,477.8999938964844,504.70001220703125,277.00000000004366,passive,
1.0,551.965,552.294,873.2000122070312,496.29998779296875,328.9999999999509,passive,
1.0,552.325,552.717,713.0,547.2000122070312,391.99999999993906,passive,
1.0,552.758,553.062,978.0999755859375,535.0,303.9999999999736,passive,
1.0,553.121,553.328,1336.699951171875,609.7000122070312,206.99999999999363,passive,
1.0,553.56,554.46,773.2999877929688,480.5,900.000000000091,passive,
1.0,554.481,554.656,856.5999755859375,460.3999938964844,174.99999999995453,passive,
1.0,554.7,555.088,557.0999755859375,466.79998779296875,387.99999999991996,passive,
1.0,555.125,555.588,745.5,389.1000061035156,462.99999999996544,passive,
1.0,555.872,556.411,802.7000122070312,530.2000122070312,538.9999999999873,passive,
1.0,556.426,556.76,714.5999755859375,519.2000122070312,333.99999999994634,passive,
1.0,556.782,557.109,802.4000244140625,475.29998779296875,326.9999999999982,passive,
1.0,557.123,557.638,737.5999755859375,478.0,514.9999999999864,passive,
1.0,557.652,558.81,799.5999755859375,480.8999938964844,1157.9999999999018,passive,
1.0,558.867,559.009,521.7000122070312,172.39999389648438,142.00000000005275,passive,
1.0,559.032,559.749,519.2000122070312,102.5,716.9999999999845,passive,
1.0,560.012,560.146,768.5999755859375,634.5999755859375,134.00000000001455,passive,
1.0,560.172,560.324,809.4000244140625,538.2000122070312,151.99999999992997,passive,
1.0,560.336,560.873,796.0999755859375,492.8999938964844,537.0000000000346,passive,
1.0,560.906,561.081,913.7999877929688,604.7999877929688,175.0000000000682,passive,
1.0,561.104,561.354,796.2999877929688,571.7000122070312,250.0,passive,
1.0,561.37,561.542,766.4000244140625,512.5,172.00000000002547,passive,
1.0,561.555,562.061,818.5999755859375,494.70001220703125,506.0000000000855,passive,
1.0,562.07,562.955,795.0,487.29998779296875,884.9999999999909,passive,
1.0,562.998,563.287,481.5,586.4000244140625,288.99999999998727,passive,
1.0,563.307,563.532,442.8999938964844,635.5999755859375,225.00000000002274,passive,
1.0,563.54,563.734,475.20001220703125,657.7000122070312,194.00000000007367,passive,
1.0,563.926,564.388,475.5,664.2999877929688,461.9999999999891,passive,
1.0,564.396,564.845,438.0,623.0,449.0000000000691,passive,
1.0,564.919,565.096,1079.4000244140625,508.79998779296875,177.00000000002092,passive,
1.0,565.12,565.414,1018.0,429.70001220703125,293.9999999999827,passive,
1.0,565.708,565.936,755.4000244140625,530.0,228.00000000006548,passive,
1.0,565.954,566.098,693.2999877929688,479.5,144.00000000000546,passive,
1.0,566.124,567.119,800.5999755859375,484.79998779296875,995.0000000000045,passive,
1.0,567.141,567.295,717.0999755859375,539.4000244140625,153.99999999999636,passive,
1.0,567.35,567.656,1198.9000244140625,730.7000122070312,305.99999999992633,passive,
1.0,567.896,567.945,1117.9000244140625,608.0999755859375,49.00000000009186,passive,
1.0,568.233,568.522,770.2999877929688,506.79998779296875,289.00000000010095,passive,
1.0,568.552,568.654,924.0999755859375,556.4000244140625,101.99999999997544,passive,
1.0,568.894,569.745,773.9000244140625,564.7999877929688,850.9999999999991,passive,
1.0,569.8,570.171,1217.199951171875,723.7999877929688,371.0000000000946,passive,
1.0,570.228,570.706,821.0,573.2999877929688,478.0000000000655,passive,
1.0,570.727,571.659,804.7000122070312,474.79998779296875,932.0000000000164,passive,
1.0,571.698,571.836,841.0,242.89999389648438,138.00000000003365,passive,
1.0,571.849,572.11,828.2000122070312,197.39999389648438,260.99999999996726,passive,
1.0,572.118,572.724,819.7000122070312,205.89999389648438,605.9999999999945,passive,
1.0,572.753,573.005,899.2999877929688,338.20001220703125,251.9999999999527,passive,
1.0,573.171,573.379,823.0,289.8999938964844,207.99999999997,passive,
1.0,573.398,573.775,833.9000244140625,200.6999969482422,376.9999999999527,passive,
1.0,573.828,574.151,378.3999938964844,286.0,322.9999999999791,passive,
1.0,574.468,574.582,950.5,426.20001220703125,114.00000000003274,passive,
1.0,574.605,575.051,836.2000122070312,427.8999938964844,446.0000000000264,passive,
1.0,575.067,576.147,797.2000122070312,475.79998779296875,1080.000000000041,passive,
1.0,576.172,576.362,827.2999877929688,587.0999755859375,189.99999999994088,passive,
1.0,576.382,576.623,820.0,655.4000244140625,241.00000000009913,passive,
1.0,576.685,576.868,1243.5999755859375,749.7999877929688,183.0000000001064,passive,
1.0,576.906,577.171,1466.199951171875,792.2999877929688,265.00000000010004,passive,
1.0,577.199,577.792,1508.0999755859375,610.4000244140625,593.0000000000746,passive,
1.0,578.033,578.173,1459.5,238.10000610351562,139.99999999998636,passive,
1.0,578.242,578.431,627.7000122070312,315.0,189.00000000007822,passive,
1.0,578.486,578.693,362.79998779296875,580.7000122070312,206.99999999999363,passive,
1.0,578.745,578.949,795.9000244140625,507.8999938964844,203.9999999999509,passive,
1.0,578.957,579.54,797.0,480.3999938964844,582.99999999997,passive,
1.0,579.585,580.081,1129.300048828125,497.5,495.9999999999809,passive,
1.0,580.139,580.31,530.7999877929688,448.3999938964844,170.99999999993543,passive,
1.0,580.317,580.494,523.5999755859375,428.3999938964844,177.00000000002092,passive,
1.0,580.516,581.059,431.6000061035156,408.29998779296875,543.0000000000064,passive,
1.0,581.284,581.7,1138.699951171875,504.29998779296875,416.00000000005366,passive,
1.0,581.741,582.097,1416.300048828125,488.3999938964844,355.99999999999454,passive,
1.0,582.387,582.552,581.9000244140625,451.29998779296875,165.0000000000773,passive,
1.0,582.578,582.93,479.8999938964844,428.5,351.99999999997544,passive,
1.0,582.962,583.147,651.0999755859375,444.0,185.00000000005912,passive,
1.0,583.174,583.665,777.2000122070312,472.29998779296875,490.99999999998545,passive,
1.0,583.682,584.273,706.9000244140625,475.3999938964844,591.0000000000082,passive,
1.0,584.311,584.375,897.4000244140625,329.8999938964844,63.99999999996453,passive,
1.0,584.403,584.569,843.9000244140625,199.89999389648438,165.99999999993997,passive,
1.0,584.625,585.053,1255.0999755859375,223.60000610351562,427.99999999999727,passive,
1.0,585.063,585.267,1288.0999755859375,206.5,204.00000000006457,passive,
1.0,585.287,585.654,1241.0,282.8999938964844,366.9999999999618,passive,
1.0,585.667,585.906,1267.5999755859375,257.29998779296875,238.99999999991905,passive,
1.0,585.926,586.09,1232.0,326.1000061035156,163.99999999998727,passive,
1.0,586.144,586.564,748.5,231.10000610351562,419.9999999999591,passive,
1.0,586.575,586.748,770.2000122070312,161.60000610351562,173.00000000000182,passive,
1.0,586.768,587.005,841.7000122070312,166.3000030517578,236.99999999996635,passive,
1.0,587.244,587.448,602.4000244140625,390.6000061035156,203.9999999999509,passive,
1.0,587.492,587.602,841.2000122070312,302.6000061035156,110.00000000001364,passive,
1.0,587.623,587.998,795.5999755859375,230.5,375.0,passive,
1.0,588.008,588.18,859.4000244140625,236.5,171.99999999991178,passive,
1.0,588.205,588.519,773.7999877929688,272.8999938964844,313.99999999996453,passive,
1.0,588.541,588.845,852.0999755859375,268.1000061035156,303.9999999999736,passive,
1.0,588.863,589.113,745.7000122070312,260.1000061035156,250.0,passive,
1.0,589.3,590.208,782.0999755859375,476.8999938964844,908.0000000000155,passive,
1.0,590.23,590.437,776.7000122070312,395.20001220703125,206.99999999999363,passive,
1.0,590.452,590.671,827.5,420.70001220703125,219.00000000005093,passive,
1.0,590.723,590.9,622.0999755859375,726.9000244140625,177.00000000002092,passive,
1.0,590.923,591.124,724.2000122070312,744.9000244140625,201.00000000002183,passive,
1.0,591.17,591.382,1063.800048828125,779.0,211.9999999999891,passive,
1.0,591.418,591.619,1242.699951171875,756.7000122070312,201.00000000002183,passive,
1.0,591.648,591.834,1229.800048828125,563.7000122070312,185.99999999992178,passive,
1.0,591.869,592.207,1192.4000244140625,368.1000061035156,337.99999999996544,passive,
1.0,592.251,592.475,873.0,333.29998779296875,224.00000000004638,passive,
1.0,592.506,592.655,755.2999877929688,335.70001220703125,149.0000000000009,passive,
1.0,592.826,593.694,792.7999877929688,481.8999938964844,867.9999999999382,passive,
1.0,593.717,594.095,716.7000122070312,462.1000061035156,378.00000000004275,passive,
1.0,594.117,594.584,687.2999877929688,536.5999755859375,466.99999999998454,passive,
1.0,594.769,594.97,887.4000244140625,308.70001220703125,201.00000000002183,passive,
1.0,595.218,595.545,440.5,364.70001220703125,326.9999999999982,passive,
1.0,595.715,595.892,674.5999755859375,365.5,177.00000000002092,passive,
1.0,596.18,596.389,754.7000122070312,419.1000061035156,209.00000000006003,passive,
1.0,596.658,596.893,759.2000122070312,427.0,235.00000000001364,passive,
1.0,596.908,597.284,713.4000244140625,474.8999938964844,375.99999999997635,passive,
1.0,597.306,598.074,798.2000122070312,463.0,767.9999999999154,passive,
1.0,598.081,598.423,820.9000244140625,424.70001220703125,341.99999999998454,passive,
1.0,598.446,598.663,752.7000122070312,467.3999938964844,216.99999999998454,passive,
1.0,598.853,599.086,576.7000122070312,256.5,233.00000000006094,passive,
1.0,599.117,599.26,752.2999877929688,189.3000030517578,143.0000000000291,passive,
1.0,599.301,599.467,597.0,390.29998779296875,165.99999999993997,passive,
1.0,599.607,599.819,584.9000244140625,498.0,211.9999999999891,passive,
1.0,600.049,600.131,692.7999877929688,426.70001220703125,81.99999999999363,passive,
1.0,600.304,600.552,714.5999755859375,404.5,248.0000000000473,passive,
1.0,600.595,600.636,893.2000122070312,644.4000244140625,40.99999999993997,passive,
1.0,600.645,600.889,790.2999877929688,500.5,244.0000000000282,,
1.0,600.902,601.072,742.0999755859375,481.29998779296875,169.99999999995907,,
1.0,601.085,601.419,797.5,490.6000061035156,333.99999999994634,,
1.0,601.43,601.662,743.7999877929688,476.6000061035156,232.00000000008458,passive,
1.0,601.673,602.342,784.5999755859375,486.29998779296875,668.9999999999827,passive,
1.0,602.349,602.58,798.9000244140625,463.1000061035156,230.99999999999454,passive,
1.0,602.597,602.784,843.5,453.1000061035156,187.00000000001182,passive,
1.0,602.824,603.041,1125.800048828125,448.3999938964844,217.00000000009823,passive,
1.0,603.052,603.361,1170.199951171875,430.1000061035156,308.9999999999691,passive,
1.0,603.385,603.711,1111.699951171875,325.5,326.0000000000218,passive,
1.0,603.903,603.954,997.0999755859375,411.79998779296875,50.99999999993088,passive,
1.0,603.988,604.527,792.2000122070312,456.20001220703125,538.9999999999873,passive,
1.0,604.574,604.863,1150.800048828125,422.1000061035156,289.00000000010095,passive,
1.0,605.184,605.343,816.7000122070312,451.1000061035156,158.99999999999181,passive,
1.0,605.395,605.53,444.5,699.9000244140625,134.9999999999909,passive,
1.0,605.574,605.749,133.0,732.2000122070312,175.0000000000682,passive,
1.0,605.803,605.915,674.5999755859375,565.0,111.99999999996635,passive,
1.0,605.943,606.527,800.5999755859375,500.79998779296875,584.00000000006,passive,
1.0,606.553,606.879,721.4000244140625,481.8999938964844,326.0000000000218,passive,
1.0,606.905,607.084,608.9000244140625,457.1000061035156,178.99999999997362,passive,
1.0,607.111,607.335,456.29998779296875,417.29998779296875,224.00000000004638,passive,
1.0,607.36,607.569,365.1000061035156,391.20001220703125,208.99999999994634,passive,
1.0,607.601,607.77,533.0,323.1000061035156,168.99999999998272,passive,
1.0,607.98,608.19,603.7000122070312,229.89999389648438,210.00000000003638,passive,
1.0,608.441,608.645,1106.800048828125,471.8999938964844,203.9999999999509,passive,
1.0,608.878,609.036,1443.300048828125,593.7000122070312,157.99999999990177,passive,
1.0,609.064,609.546,1368.199951171875,744.0,482.0000000000846,passive,
1.0,609.61,609.854,1412.199951171875,396.0,244.0000000000282,passive,
1.0,609.877,610.077,1314.0,302.70001220703125,200.00000000004547,passive,
1.0,610.442,610.928,795.7000122070312,463.79998779296875,485.99999999999,passive,
1.0,610.978,611.178,408.5,570.2000122070312,200.00000000004547,passive,
1.0,611.219,611.416,246.0,424.3999938964844,197.00000000000273,passive,
1.0,611.443,611.641,341.70001220703125,328.29998779296875,197.99999999997908,passive,
1.0,611.694,611.865,640.5999755859375,528.5999755859375,171.0000000000491,passive,
1.0,611.894,612.098,544.0999755859375,653.4000244140625,203.9999999999509,passive,
1.0,612.132,612.484,419.6000061035156,759.7000122070312,352.00000000008913,passive,
1.0,612.539,612.89,810.0999755859375,572.5999755859375,350.9999999999991,passive,
1.0,613.124,613.311,974.7999877929688,208.1999969482422,187.00000000001182,passive,
1.0,613.35,613.504,867.9000244140625,432.8999938964844,153.99999999999636,passive,
1.0,613.517,613.803,814.2000122070312,450.8999938964844,285.9999999999445,passive,
1.0,613.819,614.139,758.5999755859375,494.29998779296875,320.00000000005,passive,
1.0,614.178,614.319,934.2999877929688,569.5999755859375,140.9999999999627,passive,
1.0,614.355,614.529,875.0,378.29998779296875,173.99999999997817,passive,
1.0,614.535,614.891,907.7999877929688,376.5,355.99999999999454,passive,
1.0,614.939,615.168,1107.9000244140625,595.5,229.00000000004184,passive,
1.0,615.422,615.549,864.2999877929688,443.70001220703125,126.9999999999527,passive,
1.0,615.573,615.903,933.5,380.70001220703125,330.0000000000409,passive,
1.0,615.914,616.09,973.0999755859375,383.0,176.00000000004457,passive,
1.0,616.103,616.62,907.7999877929688,402.6000061035156,517.0000000000528,passive,
1.0,616.938,617.11,797.4000244140625,552.0999755859375,172.00000000002547,passive,
1.0,617.166,617.324,439.29998779296875,753.5999755859375,157.99999999990177,passive,
1.0,617.376,617.656,819.7999877929688,548.0,279.9999999999727,passive,
1.0,617.678,618.429,746.9000244140625,506.3999938964844,750.9999999999764,passive,
1.0,618.462,618.589,595.9000244140625,464.6000061035156,127.0000000000664,passive,
1.0,618.637,618.791,298.20001220703125,483.70001220703125,154.00000000011005,passive,
1.0,618.818,619.062,273.20001220703125,371.29998779296875,244.0000000000282,passive,
1.0,619.094,619.261,356.5,551.7999877929688,166.99999999991633,passive,
1.0,619.287,619.605,382.1000061035156,699.9000244140625,317.99999999998363,passive,
1.0,619.632,619.839,421.0,837.2999877929688,207.00000000010732,passive,
1.0,619.878,620.106,649.5,861.2999877929688,227.9999999999518,passive,
1.0,620.285,620.469,889.2000122070312,613.5999755859375,184.00000000008276,passive,
1.0,620.492,620.587,796.0999755859375,602.9000244140625,95.00000000002728,passive,
1.0,620.64,621.001,1243.800048828125,627.4000244140625,360.99999999999,passive,
1.0,621.026,621.195,1124.699951171875,516.0,169.0000000000964,passive,
1.0,621.248,621.582,1442.699951171875,412.8999938964844,333.99999999994634,passive,
1.0,621.896,622.055,825.2999877929688,422.79998779296875,158.99999999999181,passive,
1.0,622.077,622.871,763.7000122070312,489.1000061035156,793.9999999999827,passive,
1.0,622.896,623.087,717.7000122070312,581.5999755859375,191.00000000003092,passive,
1.0,623.129,623.635,457.8999938964844,499.8999938964844,505.9999999999718,passive,
1.0,623.671,623.952,680.2999877929688,523.4000244140625,280.99999999994907,passive,
1.0,623.976,624.107,600.2999877929688,491.0,130.9999999999718,passive,
1.0,624.164,624.368,1025.5999755859375,474.1000061035156,204.00000000006457,passive,
1.0,624.551,624.722,965.4000244140625,497.29998779296875,170.99999999993543,passive,
1.0,624.778,625.24,1342.5999755859375,776.9000244140625,461.9999999999891,passive,
1.0,625.305,626.007,720.0999755859375,576.7999877929688,701.9999999999982,passive,
1.0,626.031,626.167,633.4000244140625,558.5,136.00000000008095,passive,
1.0,626.205,626.402,835.4000244140625,509.20001220703125,197.00000000000273,passive,
1.0,626.412,626.604,790.7000122070312,488.70001220703125,192.00000000000728,passive,
1.0,626.851,627.204,806.2999877929688,488.70001220703125,352.9999999999518,passive,
1.0,627.231,627.393,709.9000244140625,608.9000244140625,162.00000000003456,passive,
1.0,627.401,627.511,685.0999755859375,577.0999755859375,110.00000000001364,passive,
1.0,627.563,627.944,1127.9000244140625,641.9000244140625,380.9999999999718,passive,
1.0,627.972,628.134,1270.5999755859375,581.5999755859375,162.00000000003456,passive,
1.0,628.142,628.299,1255.4000244140625,548.5999755859375,156.99999999992542,passive,
1.0,628.476,628.633,457.20001220703125,404.20001220703125,157.0000000000391,passive,
1.0,628.654,628.993,417.79998779296875,362.8999938964844,339.0000000000555,passive,
1.0,629.044,629.23,791.0999755859375,577.5999755859375,186.00000000003547,passive,
1.0,629.276,629.629,1076.300048828125,577.2999877929688,353.0000000000655,passive,
1.0,629.681,629.971,1403.199951171875,569.5999755859375,289.9999999999636,passive,
1.0,629.985,630.022,1461.300048828125,549.2999877929688,37.00000000003456,passive,
1.0,630.133,630.177,1454.5999755859375,522.0999755859375,43.99999999998272,passive,
1.0,630.187,630.216,1458.199951171875,534.0999755859375,28.999999999996362,passive,
1.0,630.273,630.622,823.0999755859375,594.5999755859375,348.9999999999327,passive,
1.0,630.65,630.901,1009.2000122070312,580.0999755859375,250.99999999997635,passive,
1.0,630.938,631.762,801.5999755859375,522.9000244140625,823.9999999999554,passive,
1.0,631.813,632.059,430.1000061035156,533.0,245.9999999999809,passive,
1.0,632.23,632.405,961.2999877929688,439.20001220703125,174.99999999995453,passive,
1.0,632.445,632.602,786.7000122070312,496.5,156.99999999992542,passive,
1.0,632.657,632.831,1214.199951171875,361.5,173.99999999997817,passive,
1.0,632.859,633.515,1299.4000244140625,304.20001220703125,655.9999999999491,passive,
1.0,633.747,633.957,513.7000122070312,640.7000122070312,210.00000000003638,passive,
1.0,633.999,634.155,795.7000122070312,670.0,155.99999999994907,passive,
1.0,634.164,634.47,818.2000122070312,638.2999877929688,306.00000000004,passive,
1.0,634.517,634.941,510.3999938964844,553.2999877929688,423.9999999999782,passive,
1.0,634.98,635.624,750.0,544.4000244140625,644.0000000000055,passive,
1.0,635.65,635.85,842.9000244140625,545.2999877929688,200.00000000004547,passive,
1.0,635.863,636.821,797.0,491.1000061035156,957.99999999997,passive,
1.0,636.856,637.084,1043.300048828125,481.8999938964844,227.9999999999518,passive,
1.0,637.129,637.332,793.0,757.0999755859375,202.99999999997453,passive,
1.0,637.534,637.67,785.2999877929688,727.2999877929688,135.99999999996726,passive,
1.0,637.707,638.065,1035.199951171875,731.2999877929688,358.00000000006094,passive,
1.0,638.366,638.59,879.7000122070312,369.29998779296875,224.00000000004638,passive,
1.0,638.617,638.782,1005.5,451.6000061035156,165.0000000000773,passive,
1.0,638.813,639.109,1153.0,436.6000061035156,296.0000000000491,passive,
1.0,639.141,639.327,1337.699951171875,437.6000061035156,186.00000000003547,passive,
1.0,639.336,639.659,1371.199951171875,430.6000061035156,322.9999999999791,passive,
1.0,639.678,639.945,1298.800048828125,432.6000061035156,267.00000000005275,passive,
1.0,640.027,640.346,822.4000244140625,510.29998779296875,318.99999999996,,
1.0,640.491,640.689,792.0,483.6000061035156,197.99999999997908,,
1.0,640.706,640.943,844.0,499.1000061035156,236.99999999996635,constant,
1.0,641.146,641.206,844.0,519.5,60.00000000005912,constant,
1.0,641.433,641.645,868.5999755859375,510.0,211.9999999999891,constant,
1.0,641.688,641.926,606.2999877929688,594.0,238.0000000000564,constant,
1.0,642.125,642.313,621.4000244140625,568.2000122070312,187.99999999998818,constant,
1.0,642.498,642.801,767.7999877929688,638.5999755859375,302.99999999999727,constant,
1.0,642.866,643.101,1255.199951171875,646.7999877929688,235.00000000001364,constant,
1.0,643.363,643.693,765.9000244140625,556.0,329.99999999992724,constant,
1.0,643.73,643.949,970.9000244140625,571.7000122070312,218.99999999993724,constant,
1.0,643.976,644.236,814.5999755859375,568.2000122070312,259.9999999999909,constant,
1.0,644.421,644.68,762.0,552.7000122070312,258.99999999990087,constant,
1.0,644.704,645.207,863.5999755859375,556.0999755859375,503.00000000004275,constant,
1.0,645.266,645.445,1324.4000244140625,568.5,179.0000000000873,constant,
1.0,645.484,645.902,1544.800048828125,551.0,418.00000000000637,constant,
1.0,646.118,646.509,871.9000244140625,527.2000122070312,390.9999999999627,constant,
1.0,646.561,646.739,1227.0,536.0999755859375,177.99999999999727,constant,
1.0,646.796,647.141,719.9000244140625,516.0,344.9999999999136,constant,
1.0,647.173,647.322,542.2000122070312,481.8999938964844,149.0000000000009,constant,
1.0,647.372,647.481,217.39999389648438,397.3999938964844,109.00000000003729,constant,
1.0,647.519,647.731,158.5,216.6999969482422,211.9999999999891,constant,
1.0,647.748,647.883,172.60000610351562,171.8000030517578,134.9999999999909,constant,
1.0,647.945,648.38,839.7999877929688,206.60000610351562,434.99999999994543,constant,
1.0,648.473,648.685,1568.5,261.0,211.9999999999891,constant,
1.0,648.711,648.912,1433.199951171875,210.39999389648438,201.00000000002183,constant,
1.0,649.081,649.681,1210.4000244140625,151.5,600.0000000000227,constant,
1.0,649.71,649.768,1392.699951171875,164.3000030517578,57.999999999992724,constant,
1.0,650.027,650.316,820.7000122070312,569.2000122070312,288.99999999998727,constant,
1.0,650.354,650.6,653.2000122070312,716.5999755859375,245.9999999999809,constant,
1.0,650.622,651.083,716.9000244140625,766.0,461.00000000001273,constant,
1.0,651.092,651.235,719.5,708.2000122070312,143.0000000000291,constant,
1.0,651.284,651.53,432.29998779296875,702.4000244140625,245.9999999999809,constant,
1.0,651.552,651.712,358.20001220703125,741.5,159.99999999996817,constant,
1.0,651.902,652.071,1066.0,688.9000244140625,168.99999999998272,constant,
1.0,652.118,652.369,1376.5,688.2000122070312,250.99999999997635,constant,
1.0,652.428,652.642,868.0999755859375,582.2000122070312,214.00000000005548,constant,
1.0,652.907,653.351,1490.300048828125,640.7999877929688,443.99999999996,constant,
1.0,653.379,653.632,1370.699951171875,553.5999755859375,252.99999999992906,constant,
1.0,653.691,653.944,826.2999877929688,530.0999755859375,252.99999999992906,constant,
1.0,654.239,654.86,468.1000061035156,582.2999877929688,620.9999999999809,constant,
1.0,654.894,655.2,628.2000122070312,529.7999877929688,306.00000000004,constant,
1.0,655.213,655.554,703.0,509.5,341.0000000000082,constant,
1.0,655.579,655.879,589.7999877929688,478.70001220703125,300.0000000000682,constant,
1.0,655.899,656.013,551.4000244140625,529.7999877929688,114.00000000003274,constant,
1.0,656.038,656.339,599.7999877929688,622.7000122070312,301.00000000004457,constant,
1.0,656.37,656.531,427.0,695.9000244140625,160.99999999994452,constant,
1.0,656.761,657.247,407.0,588.5,485.99999999999,constant,
1.0,657.305,657.527,810.7999877929688,568.5,222.00000000009368,constant,
1.0,657.58,657.785,1245.300048828125,563.7000122070312,204.99999999992724,constant,
1.0,658.079,658.153,1151.0,457.6000061035156,74.00000000006912,constant,
1.0,658.81,659.073,1292.300048828125,544.4000244140625,263.00000000003365,constant,
1.0,659.09,659.404,1369.800048828125,557.5,313.99999999996453,constant,
1.0,659.461,659.652,802.5,558.2000122070312,191.00000000003092,constant,
1.0,659.687,659.917,606.5999755859375,505.5,230.0000000000182,constant,
1.0,659.971,660.204,932.5999755859375,435.8999938964844,232.99999999994725,constant,
1.0,660.232,660.606,817.2999877929688,440.0,374.00000000002365,constant,
1.0,660.642,660.82,617.2000122070312,444.79998779296875,177.99999999999727,constant,
1.0,661.007,661.393,617.4000244140625,464.1000061035156,386.00000000008095,constant,
1.0,661.415,662.098,535.9000244140625,499.29998779296875,682.9999999999927,constant,
1.0,662.148,662.633,885.0999755859375,511.0,485.00000000001364,constant,
1.0,662.841,663.009,864.0999755859375,466.79998779296875,168.00000000000637,constant,
1.0,663.061,663.547,664.7000122070312,655.0,485.99999999999,constant,
1.0,663.568,664.16,610.5999755859375,600.0999755859375,591.9999999999845,constant,
1.0,664.388,664.662,624.5999755859375,525.0999755859375,274.0000000000009,constant,
1.0,664.903,665.342,661.4000244140625,491.29998779296875,438.99999999996453,constant,
1.0,665.402,665.652,1060.9000244140625,526.4000244140625,250.0,constant,
1.0,665.679,665.84,932.5,482.6000061035156,161.0000000000582,constant,
1.0,666.066,666.517,848.7999877929688,478.5,451.0000000000218,constant,
1.0,666.544,667.042,722.2999877929688,481.8999938964844,498.0000000000473,constant,
1.0,667.076,667.514,884.5999755859375,474.8999938964844,437.9999999999882,constant,
1.0,667.544,667.98,1034.0999755859375,465.8999938964844,436.00000000003547,constant,
1.0,668.264,668.544,1112.199951171875,470.6000061035156,279.9999999999727,constant,
1.0,668.565,669.112,1017.2000122070312,469.3999938964844,546.9999999999118,constant,
1.0,669.134,669.342,1119.199951171875,480.5,207.99999999997,constant,
1.0,669.393,669.654,1414.199951171875,510.1000061035156,260.99999999996726,constant,
1.0,670.146,670.32,1214.0,472.1000061035156,174.00000000009186,constant,
1.0,670.346,670.67,1337.4000244140625,485.3999938964844,323.99999999995543,constant,
1.0,670.728,671.146,781.5999755859375,472.29998779296875,418.00000000000637,constant,
1.0,671.189,671.364,558.5,558.7999877929688,175.0000000000682,constant,
1.0,671.392,671.658,489.79998779296875,653.5999755859375,265.9999999999627,constant,
1.0,671.668,672.183,494.5,741.0,514.9999999999864,constant,
1.0,672.21,672.495,636.2999877929688,801.5,284.99999999996817,constant,
1.0,672.531,672.825,405.20001220703125,884.7000122070312,294.0000000000964,constant,
1.0,672.898,673.179,878.7999877929688,788.2999877929688,280.99999999994907,constant,
1.0,673.244,673.534,1327.0999755859375,796.0,289.9999999999636,constant,
1.0,673.593,673.763,882.7000122070312,586.7000122070312,170.00000000007276,constant,
1.0,673.814,674.076,662.2000122070312,340.6000061035156,262.0000000000573,constant,
1.0,674.118,674.262,900.0999755859375,226.39999389648438,143.99999999989177,constant,
1.0,674.418,674.609,1151.0,171.60000610351562,191.00000000003092,constant,
1.0,674.771,675.101,295.6000061035156,191.6999969482422,330.0000000000409,constant,
1.0,675.276,675.722,309.1000061035156,296.70001220703125,446.0000000000264,constant,
1.0,676.132,676.318,548.0999755859375,302.8999938964844,186.00000000003547,constant,
1.0,676.373,676.649,949.7000122070312,254.10000610351562,275.9999999999536,constant,
1.0,676.84,677.101,810.2999877929688,381.1000061035156,260.99999999996726,constant,
1.0,677.125,677.978,837.7000122070312,281.20001220703125,852.9999999999518,constant,
1.0,678.012,678.267,717.0999755859375,415.5,255.00000000010914,constant,
1.0,678.303,678.59,928.9000244140625,279.6000061035156,287.00000000003456,constant,
1.0,678.597,678.758,929.9000244140625,228.1999969482422,161.0000000000582,constant,
1.0,678.918,679.126,793.7999877929688,427.79998779296875,207.99999999997,constant,
1.0,679.169,679.539,513.0999755859375,565.2999877929688,370.00000000000455,constant,
1.0,679.588,680.747,798.4000244140625,603.2999877929688,1158.9999999999918,constant,
1.0,680.773,680.833,951.0,610.0999755859375,59.99999999994543,constant,
1.0,681.031,681.388,853.0,605.7999877929688,357.0000000000846,constant,
1.0,681.41,681.696,944.9000244140625,583.9000244140625,286.0000000000582,constant,
1.0,681.719,682.031,1039.5,535.9000244140625,311.99999999989814,constant,
1.0,682.079,682.25,1343.5999755859375,551.0999755859375,171.0000000000491,constant,
1.0,682.28,682.455,1527.0999755859375,544.0,175.0000000000682,constant,
1.0,682.67,682.959,757.0,523.7999877929688,288.99999999998727,constant,
1.0,683.008,683.456,401.70001220703125,526.7999877929688,447.9999999999791,constant,
1.0,683.514,683.732,813.4000244140625,455.6000061035156,217.9999999999609,constant,
1.0,683.865,684.07,816.7000122070312,475.5,205.00000000004093,constant,
1.0,684.116,684.508,634.5999755859375,730.4000244140625,392.00000000005275,constant,
1.0,684.535,684.804,605.9000244140625,606.2999877929688,269.00000000000546,constant,
1.0,684.972,684.972,756.0,578.7000122070312,0.0,,
1.0,684.988,685.167,761.2999877929688,510.3999938964844,178.99999999997362,,
1.0,685.179,685.393,821.7000122070312,516.9000244140625,214.00000000005548,,
1.0,685.402,685.715,796.0,504.70001220703125,312.9999999999882,constant,
1.0,685.93,686.144,802.2000122070312,489.6000061035156,214.00000000005548,constant,
1.0,686.401,686.518,827.0,468.5,117.00000000007549,constant,
1.0,686.556,686.769,633.9000244140625,445.79998779296875,212.99999999996544,constant,
1.0,686.793,686.926,547.9000244140625,427.70001220703125,133.0000000000382,constant,
1.0,686.958,687.383,569.7000122070312,616.7000122070312,425.0000000000682,constant,
1.0,687.447,687.601,192.8000030517578,276.79998779296875,153.99999999999636,constant,
1.0,687.614,688.242,228.60000610351562,246.5,627.9999999999291,constant,
1.0,688.286,688.829,549.2000122070312,360.0,543.0000000000064,constant,
1.0,688.896,689.611,1223.9000244140625,307.70001220703125,715.0000000000318,constant,
1.0,689.664,689.775,1585.4000244140625,409.70001220703125,110.99999999999,constant,
1.0,689.786,690.254,1529.9000244140625,374.0,468.0000000000746,constant,
1.0,690.287,690.673,1514.0,574.0,385.99999999996726,constant,
1.0,690.796,691.657,1530.699951171875,576.4000244140625,860.99999999999,constant,
1.0,691.709,691.845,1075.0,388.5,136.00000000008095,constant,
1.0,691.862,692.061,1132.4000244140625,359.20001220703125,199.00000000006912,constant,
1.0,692.107,692.409,772.2999877929688,337.70001220703125,302.0000000000209,constant,
1.0,692.519,693.134,772.2000122070312,489.8999938964844,615.0000000000091,constant,
1.0,693.172,693.555,562.4000244140625,615.7999877929688,382.9999999999245,constant,
1.0,693.594,693.717,533.9000244140625,360.3999938964844,122.9999999999336,constant,
1.0,693.724,694.398,531.2000122070312,343.70001220703125,673.9999999999782,constant,
1.0,694.425,694.823,556.2000122070312,497.3999938964844,398.00000000002456,constant,
1.0,694.936,695.033,571.5999755859375,554.7999877929688,96.99999999997999,constant,
1.0,695.054,695.463,567.2999877929688,478.79998779296875,408.9999999999918,constant,
1.0,695.526,695.858,1208.300048828125,466.5,331.99999999999363,constant,
1.0,695.875,696.042,1181.300048828125,374.29998779296875,167.00000000003,constant,
1.0,696.065,696.256,1229.199951171875,304.1000061035156,190.99999999991724,constant,
1.0,696.481,697.007,224.5,241.1999969482422,525.9999999999536,constant,
1.0,697.224,697.349,1098.699951171875,322.3999938964844,125.0,constant,
1.0,697.375,697.583,1201.4000244140625,308.79998779296875,207.99999999997,constant,
1.0,697.593,698.098,1211.300048828125,291.70001220703125,504.99999999999545,constant,
1.0,698.297,698.479,1066.300048828125,333.20001220703125,182.00000000001637,constant,
1.0,698.494,698.695,1131.0999755859375,358.70001220703125,201.00000000002183,constant,
1.0,698.742,699.336,751.7000122070312,328.6000061035156,594.0000000000509,constant,
1.0,699.383,699.513,1112.199951171875,383.0,129.99999999999545,constant,
1.0,699.522,699.74,1129.9000244140625,355.5,217.9999999999609,constant,
1.0,699.786,700.131,755.2999877929688,331.20001220703125,345.0000000000273,constant,
1.0,700.173,700.359,772.5999755859375,599.5,186.00000000003547,constant,
1.0,700.383,700.763,802.4000244140625,494.79998779296875,379.99999999999545,constant,
1.0,700.792,701.022,801.2999877929688,665.0,230.0000000000182,constant,
1.0,701.029,701.351,797.0,693.9000244140625,322.00000000000273,constant,
1.0,701.487,701.641,592.9000244140625,854.5999755859375,153.99999999999636,constant,
1.0,701.672,702.094,583.0999755859375,708.0999755859375,422.00000000002547,constant,
1.0,702.112,703.854,571.2000122070312,660.0,1742.0000000000755,constant,
1.0,703.882,704.018,602.2000122070312,490.8999938964844,136.00000000008095,constant,
1.0,704.046,705.477,544.5999755859375,365.6000061035156,1430.9999999999263,constant,
1.0,705.526,705.823,877.2999877929688,381.79998779296875,297.00000000002547,constant,
1.0,705.847,706.327,770.4000244140625,390.1000061035156,480.0000000000182,constant,
1.0,706.47,707.821,949.5999755859375,576.2999877929688,1350.999999999999,constant,
1.0,707.835,708.094,878.2000122070312,561.5,259.00000000001455,constant,
1.0,708.25,709.229,1213.199951171875,312.29998779296875,979.0000000000418,constant,
1.0,709.314,709.659,195.10000610351562,241.89999389648438,345.0000000000273,constant,
1.0,709.732,709.85,1170.0,284.0,118.00000000005184,constant,
1.0,709.861,710.137,1196.9000244140625,296.8999938964844,275.9999999999536,constant,
1.0,710.188,710.557,1253.5,703.2000122070312,369.0000000000282,constant,
1.0,710.698,710.963,1269.5999755859375,663.0,264.99999999998636,constant,
1.0,710.983,711.21,1216.5999755859375,724.2999877929688,227.00000000008913,constant,
1.0,711.26,711.4,1104.300048828125,388.1000061035156,139.99999999998636,constant,
1.0,711.41,711.796,1130.699951171875,361.1000061035156,386.00000000008095,constant,
1.0,711.996,712.527,1510.5999755859375,378.1000061035156,531.0000000000628,constant,
1.0,712.751,712.898,1180.4000244140625,323.8999938964844,147.0000000000482,constant,
1.0,713.155,713.308,559.5,322.70001220703125,153.00000000002,constant,
1.0,713.318,713.631,532.5,343.20001220703125,312.9999999999882,constant,
1.0,713.697,714.362,1194.0,294.0,664.9999999999636,constant,
1.0,714.445,714.618,234.3000030517578,287.6000061035156,173.00000000000182,constant,
1.0,714.637,715.212,206.39999389648438,244.0,575.0000000000455,constant,
1.0,715.228,715.483,243.1999969482422,304.0,254.99999999999545,constant,
1.0,715.744,716.022,275.3999938964844,526.5,278.00000000002,constant,
1.0,716.084,716.622,549.2999877929688,841.7000122070312,538.0000000000109,constant,
1.0,716.65,717.183,554.2999877929688,727.0,533.0000000000155,constant,
1.0,717.208,717.487,581.9000244140625,589.7000122070312,278.99999999999636,constant,
1.0,717.542,717.835,520.0999755859375,920.7000122070312,293.00000000000637,constant,
1.0,717.843,718.566,502.29998779296875,891.7000122070312,723.00000000007,constant,
1.0,718.578,718.93,557.0999755859375,874.7000122070312,351.99999999997544,constant,
1.0,718.939,719.169,588.2000122070312,890.7999877929688,230.0000000000182,constant,
1.0,719.403,720.119,604.9000244140625,870.0,716.0000000000082,constant,
1.0,720.442,720.854,532.4000244140625,352.5,412.00000000003456,constant,
1.0,721.077,721.619,539.5999755859375,340.6000061035156,542.00000000003,constant,
1.0,721.661,721.796,832.7999877929688,346.79998779296875,135.0000000001046,constant,
1.0,721.805,721.984,772.5999755859375,338.0,179.0000000000873,constant,
1.0,722.04,722.208,1205.4000244140625,341.20001220703125,168.00000000000637,constant,
1.0,722.224,722.767,1209.0,294.20001220703125,543.0000000000064,constant,
1.0,722.813,722.942,1581.5999755859375,402.5,129.0000000000191,constant,
1.0,722.958,723.135,1517.0999755859375,383.5,177.00000000002092,constant,
1.0,723.337,723.584,1517.4000244140625,379.3999938964844,246.99999999995725,constant,
1.0,723.668,723.809,590.0999755859375,403.1000061035156,140.9999999999627,constant,
1.0,723.834,724.084,517.9000244140625,342.79998779296875,250.0,constant,
1.0,724.13,724.368,839.5,335.6000061035156,238.0000000000564,constant,
1.0,724.378,724.545,787.4000244140625,322.6000061035156,166.99999999991633,constant,
1.0,724.597,724.874,1199.4000244140625,297.0,277.00000000004366,constant,
1.0,725.102,725.297,1195.5,286.3999938964844,195.00000000005002,constant,
1.0,725.896,726.049,1065.199951171875,350.1000061035156,153.00000000002,constant,
1.0,726.101,726.287,535.0,347.20001220703125,186.00000000003547,constant,
1.0,726.336,726.628,249.10000610351562,269.70001220703125,292.00000000003,constant,
1.0,726.709,726.92,971.0999755859375,368.1000061035156,211.00000000001273,constant,
1.0,726.968,727.111,1255.300048828125,324.6000061035156,143.0000000000291,constant,
1.0,727.127,727.842,1196.800048828125,292.6000061035156,715.0000000000318,constant,
1.0,727.894,728.261,1513.4000244140625,386.79998779296875,366.9999999999618,constant,
1.0,728.305,728.91,1195.199951171875,299.20001220703125,605.0000000000182,constant,
1.0,729.069,729.615,1193.0999755859375,300.20001220703125,546.0000000000491,constant,
1.0,729.841,730.022,1216.0,296.70001220703125,181.00000000004002,constant,
1.0,730.102,730.246,582.9000244140625,378.79998779296875,144.00000000000546,constant,
1.0,730.27,730.352,510.79998779296875,331.3999938964844,81.99999999999363,constant,
1.0,730.398,730.544,174.8000030517578,222.6999969482422,145.99999999995816,constant,
1.0,730.553,730.704,217.6999969482422,231.1999969482422,150.99999999995362,constant,
1.0,730.927,731.154,284.8999938964844,254.60000610351562,226.99999999997544,constant,
1.0,731.369,731.518,906.2999877929688,407.5,149.0000000000009,constant,
1.0,731.545,731.898,785.0,351.8999938964844,353.0000000000655,constant,
1.0,731.94,732.092,1092.5,348.0,151.99999999992997,constant,
1.0,732.104,732.497,1125.4000244140625,350.6000061035156,392.9999999999154,constant,
1.0,732.519,732.792,1192.699951171875,289.3999938964844,273.00000000002456,constant,
1.0,733.138,733.273,1206.5,278.29998779296875,134.9999999999909,constant,
1.0,733.608,733.753,960.7000122070312,345.29998779296875,145.0000000000955,constant,
1.0,733.793,734.21,1157.4000244140625,368.5,417.00000000003,constant,
1.0,734.258,734.537,1508.5999755859375,390.29998779296875,278.99999999999636,constant,
1.0,734.545,734.732,1520.0999755859375,368.20001220703125,187.00000000001182,constant,
1.0,734.906,735.29,1188.4000244140625,296.8999938964844,384.00000000001455,constant,
1.0,735.367,735.787,230.39999389648438,256.3999938964844,420.00000000007276,constant,
1.0,735.843,736.159,777.2999877929688,341.0,316.0000000000309,constant,
1.0,736.343,736.84,779.2999877929688,345.29998779296875,497.00000000007094,constant,
1.0,737.024,737.639,776.7000122070312,347.20001220703125,615.0000000000091,constant,
1.0,737.686,737.92,1112.199951171875,377.3999938964844,233.9999999999236,constant,
1.0,738.099,738.339,604.0,332.5,240.0000000000091,constant,
1.0,738.389,738.619,946.7000122070312,410.70001220703125,230.0000000000182,constant,
1.0,738.776,738.849,816.5,439.20001220703125,73.00000000009277,constant,
1.0,739.188,739.412,831.4000244140625,378.3999938964844,224.00000000004638,constant,
1.0,739.459,739.65,1167.300048828125,364.0,191.00000000003092,constant,
1.0,739.702,741.001,665.4000244140625,371.29998779296875,1298.9999999999782,constant,
1.0,741.155,741.617,826.4000244140625,444.0,461.9999999999891,constant,
1.0,741.775,741.97,308.70001220703125,315.1000061035156,195.00000000005002,constant,
1.0,742.039,742.275,1130.800048828125,413.79998779296875,235.99999999999,constant,
1.0,742.755,742.98,1205.9000244140625,310.29998779296875,225.00000000002274,constant,
1.0,743.2,743.327,159.39999389648438,290.70001220703125,126.9999999999527,constant,
1.0,743.343,743.823,231.0,279.1000061035156,480.0000000000182,constant,
1.0,743.886,744.076,855.2999877929688,469.3999938964844,190.00000000005457,constant,
1.0,744.203,744.405,841.2000122070312,546.7999877929688,201.99999999999818,constant,
1.0,744.461,744.622,1230.0999755859375,384.79998779296875,160.99999999994452,constant,
1.0,744.69,744.879,334.79998779296875,318.70001220703125,188.99999999996453,constant,
1.0,744.974,745.071,1406.0,891.7000122070312,96.99999999997999,constant,
1.0,745.122,745.514,1616.0999755859375,1067.5999755859375,392.00000000005275,constant,
1.0,745.712,745.871,476.3999938964844,393.0,158.99999999999181,constant,
1.0,745.945,746.098,1164.199951171875,429.3999938964844,152.99999999990632,constant,
1.0,746.129,746.393,1188.199951171875,300.0,264.00000000001,constant,
1.0,746.54,746.687,1210.4000244140625,386.3999938964844,147.0000000000482,constant,
1.0,746.716,746.832,1070.5999755859375,318.1000061035156,115.99999999998545,constant,
1.0,746.904,747.034,263.5,278.79998779296875,129.99999999999545,constant,
1.0,747.223,747.345,507.0,312.0,122.00000000007094,constant,
1.0,747.539,747.612,1078.5,399.1000061035156,72.99999999997908,constant,
1.0,747.845,747.889,1202.800048828125,391.8999938964844,43.99999999998272,constant,
1.0,748.125,748.153,1274.5,348.70001220703125,28.00000000002001,constant,
1.0,748.179,748.252,1280.4000244140625,357.5,72.99999999997908,constant,
1.0,748.275,749.113,1192.5,304.3999938964844,838.0000000000791,constant,
1.0,749.315,749.519,1191.199951171875,295.5,203.9999999999509,constant,
1.0,749.609,749.813,296.3999938964844,328.20001220703125,203.9999999999509,constant,
1.0,749.829,750.286,259.0,253.0,456.99999999999363,constant,
1.0,750.357,750.465,1096.199951171875,337.20001220703125,108.00000000006094,constant,
1.0,750.494,750.803,1219.199951171875,310.79998779296875,308.9999999999691,constant,
1.0,750.985,751.235,1193.699951171875,316.1000061035156,250.0,constant,
1.0,751.297,751.457,551.0,370.5,159.99999999996817,constant,
1.0,751.469,751.826,525.9000244140625,357.79998779296875,356.9999999999709,constant,
1.0,752.013,752.354,546.0999755859375,347.8999938964844,341.0000000000082,constant,
1.0,752.4,752.525,857.7999877929688,362.3999938964844,125.0,constant,
1.0,752.538,752.885,782.7999877929688,353.29998779296875,346.99999999998,constant,
1.0,753.054,753.294,1070.699951171875,405.70001220703125,240.0000000000091,constant,
1.0,753.326,753.543,1226.0,302.8999938964844,216.99999999998454,constant,
1.0,753.834,754.048,311.6000061035156,303.8999938964844,214.00000000005548,constant,
1.0,754.139,754.278,1248.0999755859375,383.20001220703125,139.00000000001,constant,
1.0,754.299,754.921,1188.800048828125,304.70001220703125,622.0000000000709,constant,
1.0,755.117,755.429,1197.4000244140625,307.70001220703125,312.0000000000118,constant,
1.0,755.503,755.731,1621.0999755859375,1024.9000244140625,227.9999999999518,constant,
1.0,755.805,755.953,1143.0,376.79998779296875,148.00000000002456,constant,
1.0,755.979,756.19,1213.300048828125,282.8999938964844,211.00000000001273,constant,
1.0,756.371,756.803,1511.699951171875,378.1000061035156,432.00000000001637,constant,
1.0,757.051,757.089,1200.699951171875,290.1000061035156,38.000000000010914,constant,
1.0,757.313,757.424,827.5,332.79998779296875,110.99999999999,constant,
1.0,757.478,757.649,304.20001220703125,310.79998779296875,171.0000000000491,constant,
1.0,757.676,758.392,239.5,248.39999389648438,716.0000000000082,constant,
1.0,758.545,758.929,785.9000244140625,376.20001220703125,384.00000000001455,constant,
1.0,758.964,759.121,572.2000122070312,345.0,156.99999999992542,constant,
1.0,759.129,759.333,548.7000122070312,344.1000061035156,203.9999999999509,constant,
1.0,759.521,759.625,1043.199951171875,331.79998779296875,104.00000000004184,constant,
1.0,759.653,760.159,1190.0,324.3999938964844,505.9999999999718,constant,
1.0,760.365,760.546,1189.300048828125,306.20001220703125,181.00000000004002,constant,
1.0,760.765,760.915,1000.5,438.0,149.99999999997726,constant,
1.0,760.981,761.265,1524.199951171875,1000.0,283.9999999999918,constant,
1.0,761.33,761.382,1133.5999755859375,650.9000244140625,51.99999999990723,constant,
1.0,761.391,761.571,791.5,513.9000244140625,180.00000000006366,,
1.0,761.578,761.765,758.7000122070312,490.8999938964844,187.00000000001182,,
1.0,761.777,762.105,801.7000122070312,502.5,327.99999999997453,,
1.0,762.13,762.292,718.5,481.6000061035156,162.00000000003456,constant,
1.0,762.304,762.925,776.2000122070312,492.5,620.9999999999809,constant,
1.0,762.952,763.25,660.9000244140625,433.70001220703125,298.0000000000018,constant,
1.0,763.285,763.444,865.2999877929688,538.0,158.99999999999181,constant,
1.0,763.471,763.653,938.2000122070312,611.5,182.00000000001637,constant,
1.0,763.681,763.811,957.9000244140625,766.9000244140625,129.99999999999545,constant,
1.0,763.834,764.012,890.7999877929688,840.9000244140625,177.99999999999727,constant,
1.0,764.044,764.229,969.5,697.7000122070312,185.00000000005912,constant,
1.0,764.408,764.606,522.4000244140625,663.7999877929688,197.99999999997908,constant,
1.0,764.634,764.932,652.5999755859375,623.9000244140625,298.0000000000018,constant,
1.0,764.952,765.126,590.0,636.0999755859375,173.99999999997817,constant,
1.0,765.144,765.426,651.0,623.0999755859375,282.0000000000391,constant,
1.0,765.435,765.604,690.2000122070312,608.2000122070312,169.0000000000964,constant,
1.0,765.633,765.838,541.0999755859375,632.0,204.99999999992724,constant,
1.0,765.903,766.3,735.2999877929688,214.39999389648438,396.9999999999345,constant,
1.0,766.322,766.5,793.0999755859375,203.60000610351562,177.99999999999727,constant,
1.0,766.554,766.875,439.8999938964844,175.10000610351562,321.0000000000264,constant,
1.0,766.91,767.15,242.3000030517578,221.0,240.0000000000091,constant,
1.0,767.392,767.761,1225.800048828125,237.1999969482422,368.9999999999145,constant,
1.0,767.787,767.99,1367.4000244140625,211.10000610351562,202.99999999997453,constant,
1.0,768.015,768.238,1262.4000244140625,133.1999969482422,223.00000000007003,constant,
1.0,768.261,768.505,1353.4000244140625,118.0999984741211,244.0000000000282,constant,
1.0,768.7,768.929,1483.699951171875,315.6000061035156,228.99999999992815,constant,
1.0,768.96,769.209,1535.199951171875,507.79998779296875,248.99999999990996,constant,
1.0,769.52,769.665,1015.2000122070312,446.79998779296875,144.9999999999818,constant,
1.0,769.855,770.039,1520.4000244140625,634.9000244140625,183.99999999996908,constant,
1.0,770.244,770.405,1163.199951171875,514.2000122070312,160.99999999994452,constant,
1.0,770.448,770.692,816.0,604.0,244.0000000000282,constant,
1.0,770.726,770.911,639.7999877929688,655.5999755859375,184.99999999994543,constant,
1.0,771.122,771.3,1508.300048828125,606.2000122070312,177.99999999999727,constant,
1.0,771.364,771.442,924.7000122070312,641.0,77.99999999997453,constant,
1.0,771.714,772.003,701.2000122070312,571.5999755859375,288.99999999998727,constant,
1.0,772.051,772.285,974.2000122070312,596.2999877929688,233.9999999999236,constant,
1.0,772.31,772.497,857.2999877929688,686.5,187.00000000001182,constant,
1.0,772.548,772.844,502.1000061035156,538.7999877929688,296.0000000000491,constant,
1.0,772.894,773.07,815.5999755859375,509.5,176.00000000004457,constant,
1.0,773.128,773.386,1315.4000244140625,488.8999938964844,257.9999999999245,constant,
1.0,773.576,773.723,1124.5,491.6000061035156,146.99999999993452,constant,
1.0,773.764,773.932,839.2000122070312,567.2999877929688,168.00000000000637,constant,
1.0,773.995,774.251,1337.5999755859375,503.6000061035156,255.9999999999718,constant,
1.0,774.441,774.626,1078.4000244140625,506.29998779296875,184.99999999994543,constant,
1.0,774.659,774.953,855.0,551.9000244140625,293.9999999999827,constant,
1.0,775.0,775.207,1139.5999755859375,559.7999877929688,206.99999999999363,constant,
1.0,775.403,775.556,1174.300048828125,522.9000244140625,153.00000000002,constant,
1.0,775.582,775.663,1286.199951171875,546.0,81.00000000001728,constant,
1.0,775.74,775.978,318.6000061035156,675.2999877929688,237.9999999999427,constant,
1.0,776.018,776.219,245.5,917.5999755859375,201.00000000002183,constant,
1.0,776.256,776.423,436.70001220703125,862.9000244140625,167.00000000003,constant,
1.0,776.447,776.8,465.6000061035156,784.2000122070312,352.9999999999518,constant,
1.0,776.837,777.036,270.8999938964844,680.5999755859375,198.99999999995543,constant,
1.0,777.056,777.336,346.6000061035156,673.0,279.9999999999727,constant,
1.0,777.353,777.573,322.5,610.0,220.00000000002728,constant,
1.0,777.724,778.108,303.8999938964844,401.6000061035156,383.99999999990087,constant,
1.0,778.129,778.31,325.5,334.6000061035156,180.99999999992633,constant,
1.0,778.565,778.933,341.79998779296875,164.1999969482422,367.99999999993815,constant,
1.0,778.96,779.3,463.8999938964844,117.69999694824219,339.99999999991815,constant,
1.0,779.48,779.866,739.0999755859375,148.39999389648438,385.99999999996726,constant,
1.0,779.888,779.979,648.0,128.10000610351562,91.00000000000819,constant,
1.0,780.259,780.435,459.1000061035156,188.60000610351562,175.99999999993088,constant,
1.0,780.485,780.65,176.60000610351562,415.6000061035156,164.99999999996362,constant,
1.0,780.871,780.973,163.1999969482422,560.0,101.99999999997544,constant,
1.0,781.144,781.229,199.10000610351562,571.2000122070312,85.00000000003638,constant,
1.0,781.44,781.477,621.9000244140625,464.3999938964844,36.999999999920874,constant,
1.0,781.52,781.752,842.7000122070312,612.5999755859375,231.9999999999709,constant,
1.0,781.791,782.007,858.2000122070312,841.7999877929688,215.9999999998945,constant,
1.0,782.254,782.615,1204.699951171875,688.2999877929688,360.99999999999,constant,
1.0,782.66,782.721,1442.199951171875,733.9000244140625,61.00000000003547,constant,
1.0,782.927,783.345,967.5,684.5,418.00000000000637,constant,
1.0,783.363,783.512,1006.2000122070312,686.5999755859375,148.99999999988722,constant,
1.0,783.564,783.849,598.4000244140625,644.7000122070312,285.00000000008185,constant,
1.0,783.914,784.17,1100.800048828125,637.7000122070312,255.9999999999718,constant,
1.0,784.228,784.424,1451.5999755859375,564.5,196.00000000002638,constant,
1.0,784.616,784.652,1330.5999755859375,519.0,36.00000000005821,constant,
1.0,784.659,784.739,1347.0999755859375,532.5,80.00000000004093,constant,
1.0,784.964,785.22,1204.300048828125,561.0999755859375,255.9999999999718,constant,
1.0,785.254,785.665,1393.699951171875,526.2999877929688,410.9999999999445,constant,
1.0,785.832,785.974,1455.0,486.1000061035156,142.00000000005275,constant,
1.0,785.995,786.255,1540.199951171875,497.1000061035156,259.9999999999909,constant,
1.0,786.543,786.673,1375.5,427.79998779296875,129.99999999999545,constant,
1.0,786.714,786.877,1089.9000244140625,457.5,162.99999999989723,constant,
1.0,786.91,787.087,1277.0,442.79998779296875,177.00000000002092,constant,
1.0,787.13,787.394,1472.199951171875,303.20001220703125,264.00000000001,constant,
1.0,787.424,787.664,1360.4000244140625,203.60000610351562,240.0000000000091,constant,
1.0,787.84,788.051,1253.0,161.8000030517578,211.00000000001273,constant,
1.0,788.061,788.683,1241.300048828125,219.6999969482422,621.9999999999573,constant,
1.0,788.706,789.067,1160.5,283.3999938964844,360.99999999999,constant,
1.0,789.096,789.422,1280.0999755859375,173.60000610351562,326.0000000000218,constant,
1.0,789.445,789.636,1350.199951171875,176.10000610351562,190.99999999991724,constant,
1.0,789.659,789.799,1424.300048828125,180.60000610351562,139.99999999998636,constant,
1.0,789.959,790.436,1313.0,118.69999694824219,477.00000000008913,constant,
1.0,790.488,790.728,849.0999755859375,161.89999389648438,239.9999999998954,constant,
1.0,790.752,790.901,962.9000244140625,153.6999969482422,149.0000000000009,constant,
1.0,791.073,791.395,444.29998779296875,155.6999969482422,322.00000000000273,constant,
1.0,791.43,791.576,234.39999389648438,217.5,146.00000000007185,constant,
1.0,791.738,792.087,242.10000610351562,180.5,348.9999999999327,constant,
1.0,792.318,792.351,308.79998779296875,218.8000030517578,33.00000000001546,constant,
1.0,792.571,792.875,360.0,311.1000061035156,303.9999999999736,constant,
1.0,792.913,793.287,539.4000244140625,473.79998779296875,374.00000000002365,constant,
1.0,793.332,793.716,786.5,502.0,384.00000000001455,constant,
1.0,793.757,793.962,575.9000244140625,371.1000061035156,205.00000000004093,constant,
1.0,794.002,794.221,337.20001220703125,390.79998779296875,219.00000000005093,constant,
1.0,794.389,794.698,337.29998779296875,323.3999938964844,308.9999999999691,constant,
1.0,794.734,795.417,551.7000122070312,281.1000061035156,682.9999999999927,constant,
1.0,795.598,795.827,590.4000244140625,190.60000610351562,229.00000000004184,constant,
1.0,795.857,796.34,432.70001220703125,147.60000610351562,483.00000000006094,constant,
1.0,796.54,796.694,585.7000122070312,196.8000030517578,153.99999999999636,constant,
1.0,796.713,797.318,699.9000244140625,228.10000610351562,605.0000000000182,constant,
1.0,797.347,797.414,590.0,267.5,67.00000000000728,constant,
1.0,797.605,798.01,449.5,399.29998779296875,404.9999999999727,constant,
1.0,798.045,798.394,271.29998779296875,447.79998779296875,349.0000000000464,constant,
1.0,798.465,798.736,790.7000122070312,678.9000244140625,270.99999999995816,constant,
1.0,798.758,798.987,681.5,679.7000122070312,228.99999999992815,constant,
1.0,798.997,799.324,639.5,679.4000244140625,326.9999999999982,constant,
1.0,799.348,799.555,604.4000244140625,785.5999755859375,206.99999999999363,constant,
1.0,799.754,799.931,660.5999755859375,757.2000122070312,177.00000000002092,constant,
1.0,799.939,800.185,623.5999755859375,755.9000244140625,245.9999999999809,constant,
1.0,800.221,800.615,395.70001220703125,771.0999755859375,394.00000000000546,constant,
1.0,800.633,800.715,454.29998779296875,767.2999877929688,81.99999999999363,constant,
1.0,800.724,800.865,818.9000244140625,553.9000244140625,140.9999999999627,,
1.0,801.059,801.519,825.5999755859375,548.2999877929688,460.0000000000364,,
1.0,801.589,801.703,1153.5999755859375,779.7000122070312,113.99999999991905,active,
1.0,801.882,802.234,830.5,510.79998779296875,352.00000000008913,active,
1.0,802.427,802.667,771.5,518.4000244140625,240.0000000000091,active,
1.0,802.716,803.081,970.2999877929688,458.1000061035156,365.0000000000091,active,
1.0,803.113,803.587,827.2999877929688,510.3999938964844,473.9999999999327,active,
1.0,803.716,803.976,957.9000244140625,462.70001220703125,259.9999999999909,active,
1.0,803.993,804.152,864.0999755859375,455.20001220703125,158.99999999999181,active,
1.0,804.194,804.562,1097.199951171875,457.5,368.00000000005184,active,
1.0,804.617,804.876,676.0999755859375,667.5999755859375,259.00000000001455,active,
1.0,804.931,805.098,378.5,502.6000061035156,166.99999999991633,active,
1.0,805.136,805.312,287.1000061035156,335.20001220703125,176.00000000004457,active,
1.0,805.387,805.51,1028.199951171875,361.20001220703125,123.0000000000473,active,
1.0,805.56,805.904,1351.5999755859375,424.6000061035156,344.00000000005093,active,
1.0,805.93,806.086,1248.300048828125,472.79998779296875,156.00000000006276,active,
1.0,806.145,806.301,759.9000244140625,370.5,156.00000000006276,active,
1.0,806.328,806.518,895.5999755859375,321.1000061035156,190.00000000005457,active,
1.0,806.651,806.934,860.2999877929688,414.6000061035156,283.00000000001546,active,
1.0,807.123,807.904,839.0999755859375,495.6000061035156,780.9999999999491,active,
1.0,807.937,808.231,608.4000244140625,515.4000244140625,293.9999999999827,active,
1.0,808.271,808.633,422.79998779296875,586.9000244140625,362.00000000008004,active,
1.0,808.654,808.961,506.1000061035156,575.7000122070312,307.00000000001637,active,
1.0,809.119,809.265,623.7999877929688,546.7000122070312,145.99999999995816,active,
1.0,809.285,809.587,691.2000122070312,510.70001220703125,302.0000000000209,active,
1.0,809.637,809.948,970.9000244140625,541.5999755859375,311.00000000003547,active,
1.0,809.985,810.246,1159.9000244140625,551.7000122070312,260.99999999996726,active,
1.0,810.395,810.639,1448.0,586.9000244140625,244.0000000000282,active,
1.0,810.698,811.073,1023.2999877929688,850.2000122070312,375.0,active,
1.0,811.204,811.429,687.0999755859375,281.8999938964844,225.00000000002274,active,
1.0,811.488,811.902,232.60000610351562,349.5,413.99999999998727,active,
1.0,812.161,812.516,1267.300048828125,410.3999938964844,355.0000000000182,active,
1.0,812.579,812.864,703.7000122070312,448.0,285.00000000008185,active,
1.0,812.894,812.989,824.7000122070312,498.79998779296875,95.00000000002728,active,
1.0,813.165,813.33,838.7999877929688,497.79998779296875,165.0000000000773,active,
1.0,813.352,813.917,774.7000122070312,475.5,565.0000000000546,active,
1.0,813.956,814.239,572.5,499.70001220703125,283.00000000001546,active,
1.0,814.289,814.477,267.3999938964844,613.2000122070312,187.99999999998818,active,
1.0,814.585,814.867,191.0,503.1000061035156,281.9999999999254,active,
1.0,814.883,815.069,232.5,430.0,185.99999999992178,active,
1.0,815.1,815.255,262.79998779296875,316.8999938964844,154.99999999997272,active,
1.0,815.283,815.412,358.29998779296875,215.89999389648438,129.0000000000191,active,
1.0,815.462,815.585,311.70001220703125,496.20001220703125,123.0000000000473,active,
1.0,815.613,815.837,200.39999389648438,473.20001220703125,223.9999999999327,active,
1.0,815.896,816.088,678.2999877929688,647.2999877929688,192.00000000000728,active,
1.0,816.125,816.399,853.5999755859375,669.5999755859375,274.0000000000009,active,
1.0,816.452,816.536,1087.699951171875,837.7000122070312,83.99999999994634,active,
1.0,816.594,816.908,1545.5999755859375,833.5,313.99999999996453,active,
1.0,816.936,817.011,1434.699951171875,738.7000122070312,74.99999999993179,active,
1.0,817.086,817.327,1298.9000244140625,212.3000030517578,240.99999999998545,active,
1.0,817.4,817.576,630.5,188.3000030517578,176.00000000004457,active,
1.0,817.627,817.83,282.70001220703125,157.5,203.00000000008822,active,
1.0,818.02,818.254,897.7999877929688,287.0,234.0000000000373,active,
1.0,818.44,819.171,800.7999877929688,468.20001220703125,730.9999999999945,active,
1.0,819.18,819.356,820.5999755859375,432.0,176.00000000004457,active,
1.0,819.405,819.595,659.0,200.39999389648438,190.00000000005457,active,
1.0,819.606,819.794,682.0999755859375,160.1999969482422,187.99999999998818,active,
1.0,819.912,820.131,687.7999877929688,150.10000610351562,218.99999999993724,active,
1.0,820.329,820.566,594.7999877929688,793.2000122070312,237.00000000008004,active,
1.0,820.575,820.99,549.4000244140625,763.2999877929688,414.9999999999636,active,
1.0,821.038,821.404,812.0999755859375,702.2999877929688,365.99999999998545,active,
1.0,821.466,821.831,1276.0999755859375,710.5,365.0000000000091,active,
1.0,821.855,822.041,1342.4000244140625,616.2999877929688,186.00000000003547,active,
1.0,822.178,822.634,1394.5999755859375,653.2999877929688,456.0000000000173,active,
1.0,822.704,822.96,600.0999755859375,769.5,256.0000000000855,active,
1.0,823.035,823.23,695.2000122070312,221.10000610351562,195.00000000005002,active,
1.0,823.244,823.598,672.4000244140625,179.5,353.99999999992815,active,
1.0,823.611,823.632,726.4000244140625,218.60000610351562,20.999999999958163,active,
1.0,823.644,823.816,747.2999877929688,370.1000061035156,172.00000000002547,active,
1.0,823.999,824.918,818.2000122070312,477.29998779296875,918.9999999999827,active,
1.0,824.942,825.369,710.5999755859375,439.20001220703125,427.0000000000209,active,
1.0,825.394,825.533,798.5,428.20001220703125,139.00000000001,active,
1.0,825.65,825.82,779.2000122070312,445.3999938964844,170.00000000007276,active,
1.0,826.016,826.443,794.0999755859375,470.29998779296875,427.0000000000209,active,
1.0,826.482,826.772,731.7000122070312,673.0999755859375,290.0000000000773,active,
1.0,826.815,826.974,567.0,459.6000061035156,158.99999999999181,active,
1.0,827.018,827.28,276.5,415.0,261.9999999999436,active,
1.0,827.301,827.472,321.20001220703125,332.29998779296875,170.99999999993543,active,
1.0,827.6,827.806,435.20001220703125,245.60000610351562,206.00000000001728,active,
1.0,827.861,828.284,814.5,446.5,423.0000000000018,active,
1.0,828.408,828.576,924.2000122070312,477.8999938964844,168.00000000000637,active,
1.0,828.632,828.82,1312.800048828125,430.8999938964844,188.00000000010186,active,
1.0,828.856,829.025,1489.199951171875,408.3999938964844,168.99999999998272,active,
1.0,829.088,829.36,795.7999877929688,396.3999938964844,272.0000000000482,active,
1.0,829.508,829.702,806.5,445.79998779296875,193.99999999995998,active,
1.0,829.915,830.181,835.0999755859375,493.6000061035156,266.0000000000764,active,
1.0,830.189,830.668,792.5999755859375,476.8999938964844,479.00000000004184,active,
1.0,830.715,831.111,983.0999755859375,589.9000244140625,395.99999999995816,active,
1.0,831.149,831.396,1098.699951171875,723.5,246.99999999995725,active,
1.0,831.452,831.684,1409.300048828125,774.9000244140625,231.9999999999709,active,
1.0,831.726,832.042,1404.699951171875,619.0,316.0000000000309,active,
1.0,832.072,832.238,1283.800048828125,457.3999938964844,166.00000000005366,active,
1.0,832.362,832.579,1155.9000244140625,345.3999938964844,216.99999999998454,active,
1.0,832.595,832.798,1118.5999755859375,274.0,202.99999999997453,active,
1.0,832.858,833.145,537.4000244140625,352.5,287.00000000003456,active,
1.0,833.283,833.553,367.0,259.29998779296875,269.9999999999818,active,
1.0,833.613,833.996,283.3999938964844,627.0,382.9999999999245,active,
1.0,834.031,834.593,302.79998779296875,432.1000061035156,562.0000000000118,active,
1.0,834.654,834.989,841.5,511.79998779296875,335.0000000000364,active,
1.0,835.209,836.037,812.2000122070312,498.29998779296875,828.0000000000882,active,
1.0,836.123,836.265,1298.5999755859375,448.79998779296875,141.99999999993906,active,
1.0,836.295,836.689,1333.4000244140625,352.6000061035156,394.00000000000546,active,
1.0,836.817,837.207,836.9000244140625,687.0,389.99999999998636,active,
1.0,837.24,837.675,985.2999877929688,623.0999755859375,434.99999999994543,active,
1.0,837.82,838.186,1001.5999755859375,488.29998779296875,365.99999999998545,active,
1.0,838.215,838.388,1163.0,485.5,173.00000000000182,active,
1.0,838.442,838.519,1261.5999755859375,200.6999969482422,76.99999999999818,active,
1.0,838.55,838.688,1410.800048828125,201.60000610351562,138.00000000003365,active,
1.0,838.766,839.072,355.0,304.3999938964844,306.00000000004,active,
1.0,839.111,839.509,350.29998779296875,475.70001220703125,398.00000000002456,active,
1.0,839.562,839.845,537.7000122070312,352.0,283.00000000001546,active,
1.0,839.88,840.015,314.1000061035156,281.3999938964844,134.9999999999909,active,
1.0,840.042,840.193,182.60000610351562,262.79998779296875,150.99999999995362,active,
1.0,840.312,840.713,242.0,117.0999984741211,400.9999999999536,active,
1.0,840.764,841.038,642.0999755859375,189.6999969482422,274.0000000000009,active,
1.0,841.097,841.252,1107.0999755859375,214.1999969482422,154.99999999997272,active,
1.0,841.303,841.472,1418.0999755859375,213.5,168.99999999998272,active,
1.0,841.616,841.779,1494.300048828125,163.89999389648438,163.0000000000109,active,
1.0,841.863,842.074,973.2000122070312,797.0,210.99999999989905,active,
1.0,842.13,843.081,837.7999877929688,454.0,951.0000000000218,active,
1.0,843.249,843.404,682.7999877929688,520.9000244140625,154.99999999997272,active,
1.0,843.442,843.664,462.1000061035156,615.0999755859375,221.99999999998,active,
1.0,843.701,843.841,504.8999938964844,427.8999938964844,139.99999999998636,active,
1.0,843.886,844.171,365.79998779296875,214.89999389648438,285.00000000008185,active,
1.0,844.228,844.462,931.5,266.5,234.0000000000373,active,
1.0,844.629,845.018,1416.199951171875,353.20001220703125,389.00000000001,active,
1.0,845.056,845.498,1377.0999755859375,594.4000244140625,442.0000000000073,active,
1.0,845.668,846.011,880.0,759.5,342.9999999999609,active,
1.0,846.062,846.311,539.2999877929688,778.0999755859375,249.00000000002365,active,
1.0,846.351,846.613,677.7000122070312,586.5,262.0000000000573,active,
1.0,846.663,846.842,592.2999877929688,327.0,178.99999999997362,active,
1.0,846.885,847.356,786.0999755859375,343.3999938964844,471.00000000000364,active,
1.0,847.403,847.742,796.7000122070312,550.0,338.9999999999418,active,
1.0,847.956,848.71,775.2000122070312,499.5,754.0000000000191,active,
1.0,848.732,848.926,846.7999877929688,510.3999938964844,194.00000000007367,active,
1.0,848.952,849.52,764.7000122070312,441.1000061035156,567.9999999999836,active,
1.0,849.682,850.169,820.7999877929688,453.70001220703125,486.99999999996635,active,
1.0,850.213,851.192,777.5,719.0,979.0000000000418,active,
1.0,851.248,851.438,1110.300048828125,700.4000244140625,189.99999999994088,active,
1.0,851.466,851.787,1147.0999755859375,602.9000244140625,321.0000000000264,active,
1.0,851.847,852.048,784.4000244140625,464.79998779296875,201.00000000002183,active,
1.0,852.101,852.351,414.5,584.7000122070312,250.0,active,
1.0,852.401,852.561,690.7999877929688,452.1000061035156,160.00000000008185,active,
1.0,852.589,852.853,803.0,427.5,263.9999999998963,active,
1.0,853.072,853.858,817.4000244140625,493.8999938964844,785.9999999999445,active,
1.0,853.894,854.259,650.2000122070312,342.79998779296875,365.0000000000091,active,
1.0,854.289,854.592,775.0999755859375,312.20001220703125,302.99999999999727,active,
1.0,854.657,854.845,1230.199951171875,329.70001220703125,187.99999999998818,active,
1.0,854.893,855.141,1488.4000244140625,294.29998779296875,247.9999999999336,active,
1.0,855.289,855.502,1325.300048828125,684.4000244140625,212.99999999996544,active,
1.0,855.554,855.665,876.5999755859375,633.5999755859375,110.99999999999,active,
1.0,855.727,856.661,725.5,268.3999938964844,933.9999999999691,active,
1.0,856.719,856.911,271.20001220703125,362.70001220703125,191.9999999998936,active,
1.0,857.071,857.233,686.0,804.4000244140625,161.99999999992087,active,
1.0,857.287,857.437,775.0,478.0,149.99999999997726,active,
1.0,857.457,858.197,828.0999755859375,482.1000061035156,740.0000000000091,active,
1.0,858.236,858.462,994.5,333.1000061035156,225.9999999999991,active,
1.0,858.623,858.711,916.5999755859375,500.6000061035156,87.99999999996544,active,
1.0,858.74,859.027,848.2000122070312,630.4000244140625,287.00000000003456,active,
1.0,859.075,859.467,1192.800048828125,656.4000244140625,391.99999999993906,active,
1.0,859.513,859.767,967.2000122070312,475.29998779296875,254.0000000000191,active,
1.0,859.793,859.996,954.2999877929688,352.79998779296875,202.99999999997453,active,
1.0,860.139,860.353,937.2000122070312,554.0,213.9999999999418,active,
1.0,860.373,860.809,876.4000244140625,600.0999755859375,435.9999999999218,active,
1.0,860.852,861.272,1175.0999755859375,637.7999877929688,420.00000000007276,active,
1.0,861.421,861.69,1120.5,635.2000122070312,269.00000000000546,active,
1.0,861.725,862.02,921.2999877929688,613.7999877929688,294.9999999999591,active,
1.0,862.054,862.458,1110.699951171875,622.7999877929688,403.99999999999636,active,
1.0,862.491,863.059,979.7999877929688,537.4000244140625,567.9999999999836,active,
1.0,863.216,863.975,751.0999755859375,465.5,759.0000000000146,active,
1.0,863.997,864.196,857.7000122070312,471.6000061035156,199.00000000006912,active,
1.0,864.226,864.315,815.5999755859375,624.4000244140625,89.00000000005548,active,
1.0,864.343,864.534,775.2999877929688,696.7000122070312,191.00000000003092,active,
1.0,864.542,864.876,806.7000122070312,695.5,333.99999999994634,active,
1.0,864.99,866.009,921.0,205.3000030517578,1019.0000000000055,active,
1.0,866.06,866.216,1226.199951171875,285.8999938964844,156.00000000006276,active,
1.0,866.239,866.412,1176.9000244140625,177.60000610351562,173.00000000000182,active,
1.0,866.538,866.734,201.6999969482422,187.5,196.00000000002638,active,
1.0,866.748,866.97,161.1999969482422,141.1999969482422,221.99999999998,active,
1.0,866.993,867.518,237.0,142.6999969482422,524.9999999999773,active,
1.0,867.543,867.741,148.60000610351562,95.4000015258789,197.99999999997908,active,
1.0,867.883,868.1,518.2000122070312,816.2000122070312,216.99999999998454,active,
1.0,868.156,868.291,824.5,718.9000244140625,135.0000000001046,active,
1.0,868.37,868.618,1412.199951171875,272.70001220703125,248.0000000000473,active,
1.0,868.648,868.822,1266.9000244140625,209.39999389648438,173.99999999997817,active,
1.0,868.868,868.952,702.2999877929688,494.8999938964844,83.99999999994634,,
1.0,868.977,870.017,788.0999755859375,509.20001220703125,1040.0000000000773,,
1.0,870.027,870.301,827.5,522.5999755859375,274.0000000000009,active,
1.0,870.35,870.477,449.3999938964844,664.7000122070312,126.9999999999527,active,
1.0,870.521,870.656,244.60000610351562,761.7999877929688,134.9999999999909,active,
1.0,870.682,870.947,192.60000610351562,791.4000244140625,264.99999999998636,active,
1.0,870.99,871.084,450.70001220703125,830.0,93.99999999993724,active,
1.0,871.111,871.369,565.5999755859375,849.2000122070312,258.0000000000382,active,
1.0,871.396,871.518,690.5,872.4000244140625,122.00000000007094,active,
1.0,871.589,871.773,1388.0999755859375,733.7000122070312,183.99999999996908,active,
1.0,871.8,872.183,1472.300048828125,721.5999755859375,383.0000000000382,active,
1.0,872.206,872.477,1537.0,698.7000122070312,270.99999999995816,active,
1.0,872.534,872.777,991.7999877929688,766.7999877929688,243.00000000005184,active,
1.0,872.847,873.205,914.2999877929688,231.0,358.00000000006094,active,
1.0,873.404,873.541,674.0999755859375,553.5999755859375,137.0000000000573,active,
1.0,873.579,874.57,826.4000244140625,529.2000122070312,991.0000000000991,active,
1.0,874.605,874.885,1024.0999755859375,512.5999755859375,279.9999999999727,active,
1.0,874.917,875.06,827.0,555.7000122070312,142.99999999991542,active,
1.0,875.114,875.444,289.70001220703125,604.5999755859375,329.99999999992724,active,
1.0,875.472,875.856,445.70001220703125,658.9000244140625,384.00000000001455,active,
1.0,875.865,876.048,430.8999938964844,593.5999755859375,182.99999999999272,active,
1.0,876.097,876.332,764.5,571.5999755859375,235.00000000001364,active,
1.0,876.37,876.523,849.2000122070312,499.5,153.00000000002,active,
1.0,876.568,877.09,1059.5999755859375,471.20001220703125,522.0000000000482,active,
1.0,877.148,877.342,435.5,464.79998779296875,193.99999999995998,active,
1.0,877.372,877.573,257.5,409.70001220703125,201.00000000002183,active,
1.0,877.635,877.761,840.4000244140625,424.29998779296875,125.99999999997635,active,
1.0,877.851,877.872,1749.9000244140625,502.3999938964844,20.999999999958163,active,
1.0,877.902,878.099,1504.4000244140625,562.7999877929688,197.00000000000273,active,
1.0,878.125,878.256,1386.300048828125,594.0,130.9999999999718,active,
1.0,878.447,878.668,968.2000122070312,474.20001220703125,221.00000000000364,active,
1.0,878.691,879.165,1034.0999755859375,456.3999938964844,473.9999999999327,active,
1.0,879.402,879.621,823.2000122070312,487.1000061035156,218.99999999993724,active,
1.0,879.648,880.165,736.9000244140625,465.8999938964844,516.9999999999391,active,
1.0,880.19,880.294,856.0,540.7000122070312,103.99999999992815,active,
1.0,880.34,880.49,447.5,598.5999755859375,149.99999999997726,active,
1.0,880.518,880.846,602.0999755859375,616.2000122070312,327.99999999997453,active,
1.0,880.891,881.198,277.6000061035156,593.2000122070312,307.00000000001637,active,
1.0,881.227,881.71,448.29998779296875,555.2999877929688,483.00000000006094,active,
1.0,881.789,881.948,1089.800048828125,591.7999877929688,158.99999999999181,active,
1.0,881.99,882.366,1300.5,602.0,375.99999999997635,active,
1.0,882.405,882.552,1004.0999755859375,567.4000244140625,147.0000000000482,active,
1.0,882.595,882.839,827.5,600.5,244.0000000000282,active,
1.0,882.876,882.992,743.2000122070312,482.29998779296875,115.99999999998545,active,
1.0,883.016,883.197,790.7999877929688,414.70001220703125,181.00000000004002,active,
1.0,883.26,883.523,1192.800048828125,355.3999938964844,263.00000000003365,active,
1.0,883.551,883.688,1170.0,234.6999969482422,136.9999999999436,active,
1.0,883.749,883.948,540.4000244140625,215.0,198.99999999995543,active,
1.0,883.996,884.193,222.3000030517578,230.8000030517578,197.00000000000273,active,
1.0,884.308,884.519,301.79998779296875,234.39999389648438,211.00000000001273,active,
1.0,884.599,884.818,220.8000030517578,928.2999877929688,218.99999999993724,active,
1.0,884.855,885.015,327.1000061035156,861.7999877929688,159.99999999996817,active,
1.0,885.098,885.464,1430.4000244140625,898.0999755859375,366.00000000009913,active,
1.0,885.692,885.833,732.5999755859375,513.0,140.9999999999627,active,
1.0,885.868,886.282,847.0,509.29998779296875,413.99999999998727,active,
1.0,886.31,886.715,743.7999877929688,498.1000061035156,405.0000000000864,active,
1.0,886.765,886.925,507.70001220703125,330.0,159.99999999996817,active,
1.0,886.956,887.233,443.70001220703125,219.1999969482422,276.99999999992997,active,
1.0,887.307,887.489,1176.5999755859375,602.7000122070312,182.00000000001637,active,
1.0,887.544,887.725,1522.5999755859375,641.5999755859375,181.00000000004002,active,
1.0,887.805,887.935,593.7999877929688,250.1999969482422,129.99999999999545,active,
1.0,887.962,888.46,508.3999938964844,222.3000030517578,498.0000000000473,active,
1.0,888.544,888.87,1323.0,263.8999938964844,326.0000000000218,active,
1.0,889.069,889.344,846.4000244140625,459.0,275.00000000009095,active,
1.0,889.598,889.93,820.2999877929688,490.79998779296875,331.99999999999363,active,
1.0,889.954,890.126,919.7000122070312,464.6000061035156,172.00000000002547,active,
1.0,890.164,890.661,659.5999755859375,402.20001220703125,496.99999999995725,active,
1.0,890.706,891.086,928.0,456.1000061035156,379.99999999999545,active,
1.0,891.143,891.743,1335.0,634.2000122070312,600.0000000000227,active,
1.0,891.782,892.052,1536.800048828125,668.5,269.9999999999818,active,
1.0,892.073,892.197,1455.5999755859375,670.0,124.00000000002365,active,
1.0,892.226,892.35,1582.699951171875,745.0999755859375,124.00000000002365,active,
1.0,892.433,892.453,283.29998779296875,358.6000061035156,19.99999999998181,active,
1.0,892.464,892.762,403.6000061035156,364.29998779296875,297.99999999988813,active,
1.0,892.849,892.952,1384.5999755859375,743.2999877929688,102.9999999999518,active,
1.0,892.98,893.529,1299.800048828125,644.2000122070312,548.9999999999782,active,
1.0,893.808,894.546,833.0999755859375,488.0,738.0000000000564,active,
1.0,894.576,894.744,962.7000122070312,595.2000122070312,168.00000000000637,active,
1.0,894.797,895.103,1319.699951171875,550.7999877929688,305.99999999992633,active,
1.0,895.126,895.256,1226.699951171875,547.4000244140625,129.99999999999545,active,
1.0,895.313,895.664,582.0,554.0999755859375,350.9999999999991,active,
1.0,895.757,895.935,1094.0,802.2999877929688,177.99999999999727,active,
1.0,895.959,896.139,1037.800048828125,820.0999755859375,180.00000000006366,active,
1.0,896.201,896.426,541.0999755859375,687.5999755859375,225.00000000002274,active,
1.0,896.496,896.662,996.9000244140625,464.1000061035156,166.00000000005366,active,
1.0,896.711,896.995,1272.9000244140625,414.8999938964844,283.9999999999918,active,
1.0,897.035,897.186,1021.5,365.0,151.0000000000673,active,
1.0,897.294,897.482,848.4000244140625,480.70001220703125,187.99999999998818,active,
1.0,897.668,898.471,814.7999877929688,509.5,802.9999999999973,active,
1.0,898.495,898.741,720.4000244140625,494.8999938964844,245.9999999999809,active,
1.0,898.793,899.127,1080.5999755859375,519.7000122070312,333.99999999994634,active,
1.0,899.255,899.631,745.7999877929688,512.2000122070312,375.99999999997635,active,
1.0,899.662,899.869,914.2999877929688,475.79998779296875,206.99999999999363,active,
1.0,899.911,900.058,1167.9000244140625,442.1000061035156,147.0000000000482,active,
1.0,900.086,900.351,1027.4000244140625,493.1000061035156,264.99999999998636,active,
1.0,900.358,900.42,1074.699951171875,505.0,62.00000000001182,active,
1.0,900.602,900.663,1079.5,477.5,61.00000000003547,active,
1.0,900.837,900.968,1047.800048828125,498.70001220703125,130.9999999999718,active,
1.0,900.995,901.204,944.4000244140625,455.1000061035156,208.99999999994634,active,
1.0,901.248,901.575,627.5,433.6000061035156,326.9999999999982,active,
1.0,901.621,901.925,321.1000061035156,438.0,303.9999999999736,active,
1.0,901.99,902.447,773.5,710.4000244140625,456.99999999999363,active,
1.0,902.5,902.766,1067.4000244140625,800.5999755859375,265.9999999999627,active,
1.0,902.944,903.112,1098.199951171875,712.5,168.00000000000637,active,
1.0,903.165,903.372,1456.300048828125,758.7999877929688,206.99999999999363,active,
1.0,903.398,903.55,1530.800048828125,713.5999755859375,151.99999999992997,active,
1.0,903.608,903.763,1221.300048828125,452.6000061035156,155.0000000000864,active,
1.0,903.778,903.994,1224.4000244140625,395.5,216.00000000000819,active,
1.0,904.054,904.186,650.0999755859375,318.5,132.00000000006185,active,
1.0,904.301,904.62,579.5999755859375,322.5,318.99999999996,active,
1.0,904.63,904.838,626.0,298.6000061035156,207.99999999997,active,
1.0,904.849,905.005,546.0999755859375,287.29998779296875,155.99999999994907,active,
1.0,905.037,905.213,386.20001220703125,356.20001220703125,175.99999999993088,active,
1.0,905.244,905.55,260.70001220703125,449.3999938964844,305.99999999992633,active,
1.0,905.607,905.73,750.2000122070312,706.0999755859375,123.0000000000473,active,
1.0,905.857,906.19,743.4000244140625,476.0,333.0000000000837,active,
1.0,906.219,906.904,849.4000244140625,504.3999938964844,684.9999999999454,active,
1.0,906.945,907.083,594.7000122070312,339.8999938964844,137.99999999991996,active,
1.0,907.124,907.657,532.7000122070312,194.39999389648438,533.0000000000155,active,
1.0,907.726,908.012,291.8999938964844,604.4000244140625,285.9999999999445,active,
1.0,908.07,908.343,739.0,675.7000122070312,272.99999999991087,active,
1.0,908.376,908.614,889.5,628.0,238.0000000000564,active,
1.0,908.654,908.793,1093.4000244140625,593.2999877929688,139.00000000001,active,
1.0,908.914,909.07,1120.5,576.7000122070312,156.00000000006276,active,
1.0,909.144,909.638,270.8999938964844,813.7000122070312,494.0000000000282,active,
1.0,909.695,909.888,554.5999755859375,698.4000244140625,192.99999999998363,active,
1.0,909.933,910.109,650.0999755859375,485.5,176.00000000004457,active,
1.0,910.172,910.587,1101.5999755859375,427.70001220703125,414.9999999999636,active,
1.0,910.757,910.912,881.7000122070312,517.0,155.0000000000864,active,
1.0,910.924,911.752,801.5,509.3999938964844,827.9999999999745,active,
1.0,911.813,912.049,1232.0999755859375,635.7000122070312,235.99999999999,active,
1.0,912.188,912.372,665.2000122070312,569.7999877929688,183.99999999996908,active,
1.0,912.394,912.686,731.7000122070312,573.7000122070312,292.00000000003,active,
1.0,912.726,913.229,955.7000122070312,533.9000244140625,503.00000000004275,active,
1.0,913.284,913.478,1240.800048828125,645.7999877929688,193.99999999995998,active,
1.0,913.577,913.845,838.5999755859375,500.20001220703125,268.0000000000291,active,
1.0,913.858,914.15,801.7000122070312,466.5,292.00000000003,active,
1.0,914.185,914.481,954.0999755859375,575.2999877929688,296.0000000000491,active,
1.0,914.616,914.909,1215.9000244140625,521.2999877929688,293.00000000000637,active,
1.0,914.946,915.211,1391.4000244140625,566.4000244140625,264.99999999998636,active,
1.0,915.264,915.445,1450.800048828125,299.8999938964844,181.00000000004002,active,
1.0,915.512,915.705,708.2999877929688,269.5,193.00000000009732,active,
1.0,915.714,916.3,815.0999755859375,505.3999938964844,585.999999999899,,
1.0,916.317,916.526,746.2000122070312,476.70001220703125,208.99999999994634,active,
1.0,916.543,916.749,820.5,485.20001220703125,206.00000000001728,active,
1.0,916.868,917.164,829.4000244140625,487.79998779296875,295.9999999999354,active,
1.0,917.18,917.283,783.2000122070312,503.29998779296875,103.00000000006548,active,
1.0,917.31,917.573,910.9000244140625,446.6000061035156,263.00000000003365,active,
1.0,917.627,918.151,813.7000122070312,680.4000244140625,524.0000000000009,active,
1.0,918.178,918.319,919.2999877929688,572.0,140.9999999999627,active,
1.0,918.353,918.946,872.2000122070312,429.79998779296875,593.0000000000746,active,
1.0,919.015,919.278,1267.5,797.9000244140625,263.00000000003365,active,
1.0,919.307,919.503,1384.699951171875,847.7000122070312,196.00000000002638,active,
1.0,919.572,919.978,1389.800048828125,397.0,405.99999999994907,active,
1.0,920.058,920.246,395.29998779296875,369.6000061035156,187.99999999998818,active,
1.0,920.275,920.478,246.3000030517578,405.6000061035156,202.99999999997453,active,
1.0,920.499,920.666,220.0,322.8999938964844,167.00000000003,active,
1.0,920.695,920.943,380.8999938964844,294.5,247.9999999999336,active,
1.0,921.144,921.317,831.0,444.6000061035156,173.00000000000182,active,
1.0,921.551,921.738,831.5,515.9000244140625,187.00000000001182,active,
1.0,921.748,922.248,812.9000244140625,494.1000061035156,500.0,active,
1.0,922.284,922.542,1000.7999877929688,458.6000061035156,258.0000000000382,active,
1.0,922.575,922.77,816.9000244140625,464.29998779296875,194.99999999993634,active,
1.0,922.818,923.044,608.0,217.0,225.9999999999991,active,
1.0,923.107,923.536,1136.199951171875,283.20001220703125,428.9999999999736,active,
1.0,923.651,924.1,927.7999877929688,493.0,449.0000000000691,active,
1.0,924.159,924.385,1208.4000244140625,605.7999877929688,225.9999999999991,active,
1.0,924.434,924.621,1433.9000244140625,479.29998779296875,187.00000000001182,active,
1.0,924.655,924.829,1524.300048828125,363.70001220703125,173.99999999997817,active,
1.0,924.879,924.942,1036.5999755859375,293.20001220703125,62.99999999998818,active,
1.0,924.981,925.244,806.0,324.5,263.00000000003365,active,
1.0,925.477,926.14,818.4000244140625,504.6000061035156,663.0000000000109,active,
1.0,926.171,926.394,977.4000244140625,429.8999938964844,222.99999999995634,active,
1.0,926.454,926.872,1026.4000244140625,769.4000244140625,418.00000000000637,active,
1.0,926.909,927.137,1192.300048828125,855.7000122070312,227.9999999999518,active,
1.0,927.165,927.337,1039.5,806.5,172.00000000002547,active,
1.0,927.362,927.536,942.5999755859375,748.5,173.99999999997817,active,
1.0,927.66,927.831,532.0,662.5999755859375,171.0000000000491,active,
1.0,927.857,928.001,643.2999877929688,642.7000122070312,144.00000000000546,active,
1.0,928.061,928.554,379.5,321.6000061035156,492.99999999993815,active,
1.0,928.614,929.065,965.0,401.70001220703125,451.0000000000218,active,
1.0,929.129,929.449,1460.5999755859375,558.7999877929688,319.99999999993634,active,
1.0,929.527,929.606,599.9000244140625,296.20001220703125,78.99999999995089,active,
1.0,929.638,929.788,446.0,242.3000030517578,149.99999999997726,active,
1.0,929.831,930.104,145.39999389648438,220.1999969482422,273.00000000002456,active,
1.0,930.126,930.295,215.8000030517578,181.3000030517578,168.99999999998272,active,
1.0,930.719,931.332,802.4000244140625,484.3999938964844,612.9999999999427,active,
1.0,931.362,931.539,779.5,656.7000122070312,177.00000000002092,active,
1.0,931.546,931.844,817.2000122070312,645.0,298.0000000000018,active,
1.0,931.867,932.13,733.2999877929688,654.0,263.00000000003365,active,
1.0,932.151,932.463,770.5999755859375,745.0,312.0000000000118,active,
1.0,932.514,933.084,1005.0999755859375,732.2999877929688,569.9999999999363,active,
1.0,933.103,933.208,1048.800048828125,743.2999877929688,105.00000000001819,active,
1.0,933.218,933.397,1087.300048828125,741.2000122070312,179.0000000000873,active,
1.0,933.533,933.744,1087.5,734.4000244140625,211.00000000001273,active,
1.0,933.763,934.019,1011.4000244140625,728.2999877929688,255.9999999999718,active,
1.0,934.026,934.146,1039.5,729.9000244140625,120.00000000000455,active,
1.0,934.169,934.892,1092.4000244140625,677.0999755859375,723.00000000007,active,
1.0,934.908,935.2,1091.699951171875,746.2999877929688,292.00000000003,active,
1.0,935.263,935.559,757.7000122070312,357.6000061035156,295.9999999999354,active,
1.0,935.593,936.37,888.4000244140625,325.1000061035156,777.0000000000437,active,
1.0,936.564,936.874,815.5999755859375,501.0,310.0000000000591,active,
1.0,936.881,937.248,805.2000122070312,436.20001220703125,367.0000000000755,active,
1.0,937.289,937.688,525.9000244140625,394.6000061035156,399.0000000000009,active,
1.0,937.721,937.966,543.0,574.2999877929688,245.00000000000455,active,
1.0,937.985,938.133,542.4000244140625,637.0999755859375,148.00000000002456,active,
1.0,938.208,938.353,1410.300048828125,585.5,144.9999999999818,active,
1.0,938.375,938.557,1452.0999755859375,606.5,182.00000000001637,active,
1.0,938.579,938.958,1476.5,481.20001220703125,379.0000000000191,active,
1.0,939.105,939.435,1408.0999755859375,596.5999755859375,329.99999999992724,active,
1.0,939.482,939.748,1011.0999755859375,703.0,266.0000000000764,active,
1.0,939.775,939.947,936.5999755859375,585.4000244140625,172.00000000002547,active,
1.0,939.992,940.185,1088.300048828125,810.2000122070312,192.99999999998363,active,
1.0,940.191,940.392,1110.5999755859375,797.2999877929688,201.00000000002183,active,
1.0,940.424,940.685,983.9000244140625,923.2000122070312,260.99999999996726,active,
1.0,940.726,940.872,664.2000122070312,864.9000244140625,145.99999999995816,active,
1.0,940.961,941.206,589.2000122070312,782.4000244140625,245.00000000000455,active,
1.0,941.271,941.33,600.7000122070312,271.8999938964844,59.000000000082764,active,
1.0,941.381,941.703,382.6000061035156,219.6999969482422,322.00000000000273,active,
1.0,941.82,942.1,1214.300048828125,339.29998779296875,279.9999999999727,active,
1.0,942.138,942.529,1417.0,283.0,390.9999999999627,active,
1.0,942.664,943.026,1020.7999877929688,297.79998779296875,361.99999999996635,active,
1.0,943.061,943.253,821.7999877929688,394.8999938964844,192.00000000000728,active,
1.0,943.443,944.181,828.4000244140625,539.7999877929688,738.0000000000564,active,
1.0,944.23,944.449,557.0,582.2999877929688,218.99999999993724,active,
1.0,944.56,945.202,699.0999755859375,456.0,642.0000000000528,active,
1.0,945.26,945.427,1115.800048828125,451.70001220703125,167.00000000003,active,
1.0,945.473,945.804,1414.699951171875,459.0,331.0000000000173,active,
1.0,945.841,946.028,1206.0999755859375,517.7000122070312,187.00000000001182,active,
1.0,946.056,946.249,1343.199951171875,566.0999755859375,192.99999999998363,active,
1.0,946.278,946.424,1481.199951171875,526.0999755859375,145.99999999995816,active,
1.0,946.48,946.588,1037.5,338.3999938964844,107.99999999994725,active,
1.0,946.627,946.935,762.5,383.0,307.9999999999927,active,
1.0,947.079,947.27,527.2999877929688,762.5999755859375,191.00000000003092,active,
1.0,947.315,947.485,236.8000030517578,824.0,169.99999999995907,active,
1.0,947.546,947.687,237.8000030517578,399.20001220703125,140.9999999999627,active,
1.0,947.755,948.821,850.5,501.70001220703125,1066.000000000031,active,
1.0,948.831,948.977,849.5999755859375,584.2999877929688,145.99999999995816,active,
1.0,949.011,949.222,685.5999755859375,627.5,211.00000000001273,active,
1.0,949.268,949.501,384.6000061035156,627.0,232.99999999994725,active,
1.0,949.536,949.747,560.4000244140625,621.7999877929688,211.00000000001273,active,
1.0,949.81,950.017,1236.800048828125,573.2999877929688,207.00000000010732,active,
1.0,950.059,950.184,1447.4000244140625,583.2000122070312,125.0,active,
1.0,950.21,950.42,1390.300048828125,490.79998779296875,209.9999999999227,active,
1.0,950.46,950.629,1193.0,410.3999938964844,168.99999999998272,active,
1.0,950.693,950.843,426.29998779296875,395.20001220703125,149.99999999997726,active,
1.0,950.877,951.049,234.8000030517578,366.1000061035156,172.00000000002547,active,
1.0,951.074,951.385,160.5,311.0,311.00000000003547,active,
1.0,951.445,951.627,724.5,435.70001220703125,181.99999999990268,active,
1.0,951.655,951.764,796.0,360.3999938964844,109.00000000003729,active,
1.0,951.892,952.178,817.2999877929688,369.5,285.9999999999445,active,
1.0,952.187,952.445,776.5999755859375,375.0,258.0000000000382,active,
1.0,952.469,952.807,853.5999755859375,322.8999938964844,337.99999999996544,active,
1.0,952.867,953.084,1403.0999755859375,291.79998779296875,216.99999999998454,active,
1.0,953.112,953.244,1265.0999755859375,271.0,132.00000000006185,active,
1.0,953.268,953.458,1181.9000244140625,236.10000610351562,189.99999999994088,active,
1.0,953.497,953.567,914.5,199.60000610351562,70.00000000005002,active,
1.0,953.692,953.96,695.2000122070312,184.6999969482422,268.0000000000291,active,
1.0,953.993,954.189,544.2000122070312,203.3000030517578,195.9999999999127,active,
1.0,954.208,954.313,613.5999755859375,178.39999389648438,105.00000000001819,active,
1.0,954.326,954.551,670.7000122070312,164.3000030517578,225.00000000002274,active,
1.0,954.582,954.751,839.5,159.5,168.99999999998272,active,
1.0,954.797,954.914,1107.699951171875,157.3000030517578,116.9999999999618,active,
1.0,955.061,955.257,700.7000122070312,476.3999938964844,195.9999999999127,active,
1.0,955.471,955.654,879.5999755859375,508.79998779296875,182.99999999999272,active,
1.0,955.665,956.676,833.0999755859375,499.20001220703125,1011.000000000081,active,
1.0,956.708,956.881,793.9000244140625,654.2999877929688,173.00000000000182,active,
1.0,956.943,957.195,1433.4000244140625,773.5,252.0000000000664,active,
1.0,957.276,957.542,344.70001220703125,731.4000244140625,266.0000000000764,active,
1.0,957.586,957.748,426.79998779296875,477.3999938964844,162.00000000003456,active,
1.0,957.778,957.993,575.5,445.79998779296875,215.00000000003183,active,
1.0,958.081,958.289,902.4000244140625,326.0,207.99999999997,active,
1.0,958.314,958.873,788.9000244140625,347.0,559.0000000000828,active,
1.0,958.924,958.993,1124.199951171875,314.6000061035156,69.00000000007367,active,
1.0,959.036,959.294,1327.199951171875,327.70001220703125,258.0000000000382,active,
1.0,959.443,959.895,343.70001220703125,260.8999938964844,451.9999999999982,active,
1.0,959.954,960.311,811.9000244140625,312.0,357.0000000000846,active,
1.0,960.569,961.27,852.4000244140625,488.6000061035156,701.0000000000218,active,
1.0,961.299,961.644,727.4000244140625,598.5,345.0000000000273,active,
1.0,961.68,961.843,584.7999877929688,777.2000122070312,163.0000000000109,active,
1.0,961.904,962.285,1015.9000244140625,834.2000122070312,380.9999999999718,active,
1.0,962.321,962.628,820.4000244140625,916.2000122070312,307.00000000001637,active,
1.0,962.659,962.833,990.5999755859375,834.2000122070312,173.99999999997817,active,
1.0,963.002,963.159,1435.5999755859375,746.2999877929688,157.0000000000391,active,
1.0,963.388,963.583,1323.5,599.2999877929688,194.99999999993634,active,
1.0,963.639,963.938,716.2000122070312,767.5999755859375,298.9999999999782,active,
1.0,963.973,964.127,512.7000122070312,697.0999755859375,153.99999999999636,active,
1.0,964.276,964.709,389.0,740.0999755859375,432.9999999999927,active,
1.0,964.741,965.039,532.7999877929688,618.5999755859375,298.0000000000018,active,
1.0,965.074,965.307,378.6000061035156,626.2000122070312,233.00000000006094,active,
1.0,965.361,965.626,755.7000122070312,595.2000122070312,264.99999999998636,active,
1.0,965.654,966.217,649.5999755859375,502.8999938964844,562.9999999999882,active,
1.0,966.244,966.494,639.5,356.6000061035156,250.0,active,
1.0,966.573,966.842,1268.300048828125,288.8999938964844,269.00000000000546,active,
1.0,966.903,967.137,649.0999755859375,282.3999938964844,233.9999999999236,active,
1.0,967.186,967.466,288.79998779296875,264.1000061035156,279.9999999999727,active,
1.0,967.536,967.799,1114.9000244140625,259.79998779296875,263.00000000003365,active,
1.0,968.004,968.301,1363.300048828125,290.79998779296875,297.00000000002547,active,
1.0,968.374,968.788,579.2999877929688,402.29998779296875,413.99999999998727,active,
1.0,968.833,968.871,907.9000244140625,480.20001220703125,38.000000000010914,active,
1.0,969.101,970.074,826.7000122070312,482.6000061035156,972.9999999999563,active,
1.0,970.132,970.302,1264.300048828125,450.1000061035156,170.00000000007276,active,
1.0,970.333,970.607,1432.5999755859375,461.8999938964844,274.0000000000009,active,
1.0,970.778,970.9,1395.5,507.3999938964844,121.99999999995725,active,
1.0,970.962,971.164,722.7999877929688,433.20001220703125,201.99999999999818,active,
1.0,971.19,971.354,840.7999877929688,435.0,163.99999999998727,active,
1.0,971.364,971.515,790.0,426.3999938964844,150.99999999995362,active,
1.0,971.555,972.133,478.29998779296875,426.79998779296875,578.0000000000882,active,
1.0,972.159,972.327,625.5,410.70001220703125,168.00000000000637,active,
1.0,972.401,972.613,1284.9000244140625,348.0,212.00000000010277,active,
1.0,972.661,972.912,1581.800048828125,475.1000061035156,251.00000000009004,active,
1.0,973.041,973.25,1178.0,290.70001220703125,208.99999999994634,active,
1.0,973.298,973.735,867.7999877929688,429.6000061035156,437.0000000000118,active,
1.0,973.779,973.931,1142.0999755859375,431.8999938964844,152.00000000004366,active,
1.0,973.971,974.243,1117.199951171875,195.10000610351562,272.0000000000482,active,
1.0,974.576,975.313,836.7000122070312,463.0,736.9999999999663,active,
1.0,975.343,975.603,733.5999755859375,533.0,259.9999999999909,active,
1.0,975.651,975.89,680.5999755859375,855.7000122070312,239.00000000003274,active,
1.0,975.949,976.262,1225.0,847.7999877929688,312.9999999999882,active,
1.0,976.294,976.479,1322.4000244140625,736.5999755859375,185.00000000005912,active,
1.0,976.544,976.659,777.9000244140625,726.2999877929688,115.0000000000091,active,
1.0,976.722,976.889,270.70001220703125,747.9000244140625,167.00000000003,active,
1.0,976.911,977.078,209.39999389648438,750.2999877929688,167.00000000003,active,
1.0,977.114,977.267,402.1000061035156,581.5999755859375,153.00000000002,active,
1.0,977.325,977.489,884.0,498.29998779296875,163.99999999998727,active,
1.0,977.603,977.865,1092.0,343.1000061035156,262.0000000000573,active,
1.0,977.923,978.086,1505.0,386.29998779296875,163.0000000000109,active,
1.0,978.166,978.711,481.3999938964844,237.5,544.9999999999591,active,
1.0,978.93,979.096,810.2999877929688,429.6000061035156,166.00000000005366,active,
1.0,979.118,980.105,857.0999755859375,495.79998779296875,986.9999999999663,active,
1.0,980.164,980.415,366.70001220703125,661.7000122070312,250.99999999997635,active,
1.0,980.476,980.665,759.0999755859375,770.0999755859375,188.99999999996453,active,
1.0,980.724,980.875,1218.800048828125,722.2000122070312,150.99999999995362,active,
1.0,980.927,981.009,1548.5999755859375,676.2999877929688,81.99999999999363,active,
1.0,981.082,981.284,1097.800048828125,388.20001220703125,201.99999999999818,active,
1.0,981.306,981.614,1149.9000244140625,298.6000061035156,307.9999999999927,active,
1.0,981.671,981.922,591.9000244140625,382.6000061035156,250.99999999997635,active,
1.0,982.242,982.881,833.5999755859375,494.29998779296875,639.00000000001,active,
1.0,982.906,983.107,876.2999877929688,384.20001220703125,201.00000000002183,active,
1.0,983.115,983.287,837.5,398.70001220703125,172.00000000002547,active,
1.0,983.31,983.664,764.2000122070312,473.0,354.00000000004184,active,
1.0,983.709,983.955,1070.5,549.2999877929688,246.0000000000946,active,
1.0,984.028,984.209,902.7999877929688,577.0999755859375,180.99999999992633,active,
1.0,984.26,984.649,1287.800048828125,568.2999877929688,389.00000000001,active,
1.0,984.658,984.797,1251.0,543.5999755859375,139.00000000001,active,
1.0,984.84,984.989,907.7999877929688,432.20001220703125,149.0000000000009,active,
1.0,985.013,985.374,852.4000244140625,407.20001220703125,360.99999999999,active,
1.0,985.398,985.615,775.2999877929688,489.6000061035156,216.99999999998454,active,
1.0,985.673,985.947,1139.5999755859375,352.8999938964844,274.0000000000009,active,
1.0,985.975,986.144,1043.0999755859375,245.5,168.99999999998272,active,
1.0,986.166,986.659,999.0999755859375,166.6999969482422,492.99999999993815,active,
1.0,986.692,986.894,1153.4000244140625,136.39999389648438,201.99999999999818,active,
1.0,986.939,987.09,1450.699951171875,181.6999969482422,151.0000000000673,active,
1.0,987.214,987.454,1466.4000244140625,210.39999389648438,239.9999999998954,active,
1.0,987.564,987.943,197.0,173.0,379.0000000000191,active,
1.0,987.975,988.184,358.3999938964844,208.6999969482422,208.99999999994634,active,
1.0,988.209,988.533,263.3999938964844,194.89999389648438,324.0000000000691,active,
1.0,988.572,988.901,319.3999938964844,391.79998779296875,328.9999999999509,active,
1.0,988.928,989.245,418.8999938964844,528.5999755859375,317.0000000000073,active,
1.0,989.277,989.464,365.6000061035156,660.7999877929688,187.00000000001182,active,
1.0,989.611,990.066,449.3999938964844,642.5999755859375,455.0000000000409,active,
1.0,990.126,990.301,957.2999877929688,536.7999877929688,175.0000000000682,active,
1.0,990.359,990.579,1426.0,671.2999877929688,219.9999999999136,active,
1.0,990.605,990.748,1275.0999755859375,664.2000122070312,143.0000000000291,active,
1.0,990.956,991.138,848.7000122070312,550.2000122070312,182.00000000001637,active,
1.0,991.156,991.607,830.7000122070312,502.6000061035156,451.0000000000218,active,
1.0,991.646,991.823,544.5,454.70001220703125,177.00000000002092,active,
1.0,991.844,992.091,591.9000244140625,378.3999938964844,246.99999999995725,active,
1.0,992.149,992.342,1019.9000244140625,659.2000122070312,192.99999999998363,active,
1.0,992.408,992.807,1303.699951171875,548.7999877929688,399.0000000000009,active,
1.0,992.936,993.375,882.4000244140625,730.4000244140625,438.99999999996453,active,
1.0,993.424,993.568,1159.199951171875,534.7000122070312,144.00000000000546,active,
1.0,993.602,994.047,1245.800048828125,425.79998779296875,445.00000000005,active,
1.0,994.187,994.644,886.0999755859375,713.5999755859375,456.99999999999363,active,
1.0,994.699,994.856,589.0,402.29998779296875,157.0000000000391,active,
1.0,994.89,994.956,769.2999877929688,355.8999938964844,66.00000000003092,active,
1.0,995.022,995.115,1341.0999755859375,435.0,92.99999999996089,active,
1.0,995.279,995.436,922.0999755859375,459.79998779296875,157.0000000000391,active,
1.0,995.462,996.189,825.7000122070312,491.20001220703125,726.9999999999754,active,
1.0,996.207,996.414,874.4000244140625,549.0999755859375,206.99999999999363,active,
1.0,996.431,996.67,908.4000244140625,491.20001220703125,238.99999999991905,active,
1.0,996.726,996.99,1121.300048828125,808.2000122070312,264.00000000001,active,
1.0,997.133,997.413,797.2999877929688,557.4000244140625,279.9999999999727,active,
1.0,997.443,997.71,932.5999755859375,494.79998779296875,267.00000000005275,active,
1.0,997.743,998.012,1000.7000122070312,622.2000122070312,268.99999999989177,active,
1.0,998.02,998.321,1021.4000244140625,568.2999877929688,301.00000000004457,active,
1.0,998.351,998.596,877.9000244140625,470.5,245.00000000000455,active,
1.0,998.631,999.197,665.2000122070312,464.0,566.0000000000309,active,
1.0,999.228,999.682,709.0,647.4000244140625,454.0000000000646,active,
1.0,999.725,999.916,732.7000122070312,926.2999877929688,191.00000000003092,active,
1.0,999.975,1000.11,234.5,898.0,134.9999999999909,active,
1.0,1000.155,1000.354,195.6999969482422,616.5999755859375,199.00000000006912,active,
1.0,1000.471,1000.686,1486.199951171875,563.0,215.00000000003183,active,
1.0,1000.846,1000.983,856.5,431.6000061035156,136.9999999999436,active,
1.0,1001.004,1001.171,873.0999755859375,492.20001220703125,167.00000000003,active,
1.0,1001.195,1001.911,819.4000244140625,482.5,715.9999999998945,active,
1.0,1001.963,1002.123,1111.199951171875,567.7999877929688,160.00000000008185,active,
1.0,1002.174,1002.383,633.4000244140625,676.7999877929688,209.00000000006003,active,
1.0,1002.424,1002.706,540.5,831.0,282.0000000000391,active,
1.0,1002.714,1002.826,490.29998779296875,794.0999755859375,111.99999999996635,active,
1.0,1002.895,1003.038,792.2000122070312,437.79998779296875,143.0000000000291,active,
1.0,1003.066,1003.225,644.7999877929688,441.8999938964844,158.99999999999181,active,
1.0,1003.337,1003.631,968.5,356.8999938964844,293.9999999999827,active,
1.0,1003.658,1003.799,1070.5,337.0,140.9999999999627,active,
1.0,1003.859,1004.266,1496.300048828125,286.3999938964844,406.9999999999254,active,
1.0,1004.3,1004.53,1277.0999755859375,293.0,230.0000000000182,active,
1.0,1004.645,1004.818,690.4000244140625,280.3999938964844,173.00000000000182,active,
1.0,1004.855,1005.009,929.5,288.79998779296875,153.99999999999636,active,
1.0,1005.057,1005.27,544.2000122070312,248.0,212.99999999996544,active,
1.0,1005.301,1005.564,412.20001220703125,343.6000061035156,262.99999999991996,active,
1.0,1005.58,1005.714,477.8999938964844,319.0,134.00000000001455,active,
1.0,1005.751,1006.663,641.2000122070312,481.20001220703125,912.0000000000346,active,
1.0,1006.722,1006.932,1153.5,548.7000122070312,210.00000000003638,active,
1.0,1006.953,1007.071,1173.5999755859375,488.79998779296875,118.00000000005184,active,
1.0,1007.094,1007.343,1086.199951171875,463.1000061035156,248.99999999990996,active,
1.0,1007.504,1007.708,1476.4000244140625,908.7999877929688,203.9999999999509,active,
1.0,1007.797,1008.024,209.3000030517578,366.1000061035156,226.99999999997544,active,
1.0,1008.092,1008.258,970.5999755859375,507.6000061035156,166.00000000005366,active,
1.0,1008.285,1008.344,827.0,494.0,59.000000000082764,active,
1.0,1008.613,1009.276,841.0999755859375,505.29998779296875,662.9999999998972,active,
1.0,1009.304,1009.709,726.7000122070312,660.2000122070312,404.9999999999727,active,
1.0,1009.736,1010.265,836.5999755859375,682.0999755859375,528.9999999999964,active,
1.0,1010.321,1010.578,1227.5999755859375,671.2000122070312,256.99999999994816,active,
1.0,1010.606,1010.996,1370.9000244140625,608.0999755859375,389.99999999998636,active,
1.0,1011.043,1011.256,1401.300048828125,320.1000061035156,212.99999999996544,active,
1.0,1011.318,1011.504,696.2000122070312,361.20001220703125,186.00000000003547,active,
1.0,1011.549,1011.775,418.29998779296875,410.8999938964844,225.9999999999991,active,
1.0,1011.954,1012.304,692.5,537.5,350.00000000002274,active,
1.0,1012.336,1012.534,876.9000244140625,521.2000122070312,197.99999999997908,active,
1.0,1012.77,1013.427,824.4000244140625,512.5,657.0000000000391,active,
1.0,1013.475,1013.742,513.2000122070312,572.0999755859375,266.99999999993906,active,
1.0,1013.78,1014.018,619.2999877929688,802.2000122070312,238.0000000000564,active,
1.0,1014.047,1014.162,750.5999755859375,846.9000244140625,115.0000000000091,active,
1.0,1014.228,1014.445,1294.699951171875,766.0,217.00000000009823,active,
1.0,1014.468,1015.069,1292.4000244140625,660.7999877929688,600.9999999999991,active,
1.0,1015.113,1015.299,1029.5999755859375,539.2000122070312,185.99999999992178,active,
1.0,1015.359,1015.536,476.3999938964844,539.2000122070312,176.99999999990723,active,
1.0,1015.581,1015.729,235.3000030517578,538.2999877929688,148.00000000002456,active,
1.0,1015.895,1016.151,190.8000030517578,519.2999877929688,255.9999999999718,active,
1.0,1016.182,1016.579,141.39999389648438,398.79998779296875,396.9999999999345,active,
1.0,1016.598,1016.809,229.39999389648438,352.3999938964844,211.00000000001273,active,
1.0,1016.884,1017.102,958.2000122070312,416.0,217.9999999999609,active,
1.0,1017.17,1017.363,1496.5999755859375,359.8999938964844,193.00000000009732,active,
1.0,1017.385,1017.749,1570.300048828125,254.8000030517578,364.00000000003274,active,
1.0,1017.938,1018.191,1542.199951171875,214.10000610351562,253.00000000004275,active,
1.0,1018.26,1018.75,815.0999755859375,226.5,490.0000000000091,active,
1.0,1018.805,1019.06,286.1000061035156,280.0,254.99999999999545,active,
1.0,1019.104,1019.262,516.5,210.1999969482422,157.99999999990177,active,
1.0,1019.271,1020.043,818.9000244140625,509.1000061035156,772.0000000000482,,
1.0,1020.051,1020.282,766.7000122070312,522.7000122070312,230.99999999999454,constant,
1.0,1020.306,1020.832,841.5999755859375,514.0,525.9999999999536,constant,
1.0,1020.88,1021.066,513.9000244140625,576.2000122070312,186.00000000003547,constant,
1.0,1021.232,1021.539,954.0999755859375,617.7999877929688,307.00000000001637,constant,
1.0,1021.591,1021.978,576.7999877929688,583.7000122070312,386.9999999999436,constant,
1.0,1022.027,1022.455,845.2000122070312,550.2999877929688,427.99999999999727,constant,
1.0,1022.516,1022.763,1246.4000244140625,609.2000122070312,247.00000000007094,constant,
1.0,1022.796,1023.129,1044.0999755859375,566.7999877929688,332.99999999997,constant,
1.0,1023.269,1023.457,999.0,416.70001220703125,187.99999999998818,constant,
1.0,1023.511,1023.977,500.0,561.7000122070312,466.0000000000082,constant,
1.0,1024.019,1024.296,773.0999755859375,549.5999755859375,277.00000000004366,constant,
1.0,1024.341,1024.686,526.7000122070312,560.5999755859375,345.0000000000273,constant,
1.0,1024.752,1024.87,1104.199951171875,613.4000244140625,117.99999999993815,constant,
1.0,1024.994,1025.386,853.5,521.2999877929688,392.00000000005275,constant,
1.0,1025.422,1025.63,1116.300048828125,593.5,208.00000000008367,constant,
1.0,1025.682,1026.088,682.4000244140625,547.5999755859375,405.99999999994907,constant,
1.0,1026.137,1026.446,579.5999755859375,312.29998779296875,308.9999999999691,constant,
1.0,1026.506,1026.587,1077.4000244140625,437.8999938964844,80.9999999999036,constant,
1.0,1026.698,1027.492,949.2999877929688,516.5,793.999999999869,constant,
1.0,1027.535,1027.829,666.2000122070312,513.7999877929688,293.99999999986903,constant,
1.0,1027.867,1028.065,879.5999755859375,524.0,198.00000000009277,constant,
1.0,1028.147,1028.781,831.0999755859375,539.7999877929688,634.0000000000146,constant,
1.0,1028.834,1029.131,513.2999877929688,555.5,297.00000000002547,constant,
1.0,1029.275,1029.467,818.2999877929688,487.5,192.00000000000728,constant,
1.0,1029.527,1029.71,1283.800048828125,531.0999755859375,182.99999999999272,constant,
1.0,1029.85,1030.221,898.7000122070312,453.70001220703125,371.0000000000946,constant,
1.0,1030.264,1030.592,644.2000122070312,322.6000061035156,328.0000000002019,constant,
1.0,1030.618,1030.839,547.9000244140625,274.5,221.00000000000364,constant,
1.0,1030.892,1031.051,412.29998779296875,563.2999877929688,158.99999999987813,constant,
1.0,1031.119,1031.402,1066.9000244140625,635.9000244140625,283.00000000012915,constant,
1.0,1031.443,1031.586,1272.5,620.7000122070312,143.0000000000291,constant,
1.0,1031.635,1031.769,888.2000122070312,622.4000244140625,134.00000000001455,constant,
1.0,1032.012,1032.107,753.7000122070312,526.5999755859375,95.00000000002728,constant,
1.0,1032.427,1032.577,434.5,394.20001220703125,150.00000000009095,constant,
1.0,1032.741,1032.956,336.29998779296875,369.70001220703125,214.99999999991815,constant,
1.0,1033.021,1033.201,958.9000244140625,443.8999938964844,180.00000000006366,constant,
1.0,1033.362,1033.521,1008.5999755859375,431.3999938964844,158.99999999987813,constant,
1.0,1033.733,1034.106,869.5,469.0,373.0000000000473,constant,
1.0,1034.131,1034.32,934.7000122070312,543.4000244140625,188.99999999985084,constant,
1.0,1034.471,1034.598,832.0999755859375,516.5,126.9999999999527,constant,
1.0,1034.812,1034.925,976.5,492.6000061035156,113.00000000005639,constant,
1.0,1034.975,1035.067,688.4000244140625,556.0,92.00000000009823,constant,
1.0,1035.266,1035.396,657.7000122070312,400.70001220703125,129.99999999988177,constant,
1.0,1035.648,1035.686,720.5999755859375,408.1000061035156,38.000000000010914,constant,
1.0,1035.914,1036.172,782.2000122070312,552.7999877929688,258.0000000000382,constant,
1.0,1036.234,1036.526,1160.800048828125,529.5,292.0000000001437,constant,
1.0,1036.555,1036.764,1242.5999755859375,462.6000061035156,208.99999999983265,constant,
1.0,1036.8,1037.111,1039.5,313.1000061035156,311.00000000014916,constant,
1.0,1037.135,1037.366,1130.199951171875,255.5,230.99999999999454,constant,
1.0,1037.48,1037.71,1054.5999755859375,285.1000061035156,230.0000000000182,constant,
1.0,1037.743,1038.126,1230.5,330.8999938964844,383.0000000000382,constant,
1.0,1038.3,1038.566,503.6000061035156,330.5,266.0000000000764,constant,
1.0,1038.597,1038.853,634.7999877929688,322.20001220703125,256.0000000000855,constant,
1.0,1038.881,1039.045,495.70001220703125,309.20001220703125,163.99999999998727,constant,
1.0,1039.174,1039.611,270.0,281.8999938964844,437.0000000001255,constant,
1.0,1039.665,1039.858,670.7000122070312,373.29998779296875,192.99999999998363,constant,
1.0,1039.998,1040.526,567.0,314.1000061035156,528.00000000002,constant,
1.0,1040.565,1040.711,372.20001220703125,230.60000610351562,145.99999999995816,constant,
1.0,1041.003,1041.189,425.0,547.9000244140625,186.00000000014916,constant,
1.0,1041.21,1041.644,403.20001220703125,467.29998779296875,433.9999999999691,constant,
1.0,1041.656,1041.818,440.79998779296875,422.70001220703125,162.00000000003456,constant,
1.0,1041.835,1042.242,475.0,367.3999938964844,406.9999999999254,constant,
1.0,1042.532,1042.745,247.60000610351562,576.2999877929688,212.99999999996544,constant,
1.0,1042.753,1043.153,275.29998779296875,542.7000122070312,400.00000000009095,constant,
1.0,1043.216,1043.439,742.5,584.9000244140625,223.00000000018372,constant,
1.0,1043.483,1043.658,1008.7999877929688,638.0,174.99999999995453,constant,
1.0,1043.713,1043.999,596.0,848.9000244140625,286.0000000000582,constant,
1.0,1044.037,1044.321,457.79998779296875,712.2999877929688,283.9999999998781,constant,
1.0,1044.369,1044.559,176.3000030517578,900.4000244140625,190.00000000005457,constant,
1.0,1044.619,1044.839,135.10000610351562,509.29998779296875,220.00000000002728,constant,
1.0,1044.864,1045.041,152.6999969482422,356.70001220703125,176.99999999990723,constant,
1.0,1045.062,1045.475,115.19999694824219,265.20001220703125,413.0000000000109,constant,
1.0,1045.559,1045.847,420.8999938964844,453.5,288.0000000000109,constant,
1.0,1046.165,1046.526,727.0,328.79998779296875,361.0000000001037,constant,
1.0,1046.601,1046.901,1246.9000244140625,342.6000061035156,299.9999999999545,constant,
1.0,1047.078,1047.434,1290.4000244140625,483.29998779296875,355.99999999999454,constant,
1.0,1047.468,1047.813,1466.300048828125,388.3999938964844,345.0000000000273,constant,
1.0,1047.985,1048.201,1325.9000244140625,360.70001220703125,216.00000000012187,constant,
1.0,1048.249,1048.948,1023.5,545.0999755859375,699.0000000000691,constant,
1.0,1048.983,1049.177,1135.4000244140625,378.20001220703125,193.99999999995998,constant,
1.0,1049.216,1049.507,1089.300048828125,203.0,291.00000000016735,constant,
1.0,1049.698,1049.902,997.2999877929688,525.9000244140625,203.9999999999509,constant,
1.0,1049.93,1050.141,1090.0999755859375,670.4000244140625,211.00000000001273,constant,
1.0,1050.177,1050.343,874.9000244140625,586.5,166.00000000016735,constant,
1.0,1050.371,1050.591,719.2999877929688,608.5999755859375,219.9999999997999,constant,
1.0,1050.615,1051.842,607.5,601.7000122070312,1227.0000000000891,constant,
1.0,1051.898,1052.748,984.7000122070312,541.2999877929688,850.0000000001364,constant,
1.0,1053.491,1054.895,1008.7000122070312,509.8999938964844,1403.9999999999964,constant,
1.0,1055.082,1055.364,779.5999755859375,515.7000122070312,281.9999999999254,constant,
1.0,1055.39,1057.19,935.7999877929688,647.2999877929688,1799.9999999999545,constant,
1.0,1057.41,1057.831,918.7000122070312,560.5999755859375,420.99999999982174,constant,
1.0,1057.872,1058.179,688.0,616.0,307.00000000001637,constant,
1.0,1058.232,1058.596,1060.4000244140625,545.2000122070312,364.00000000003274,constant,
1.0,1058.647,1059.084,597.7000122070312,525.2999877929688,437.0000000001255,constant,
1.0,1059.126,1059.516,858.5,461.3999938964844,390.00000000010004,constant,
1.0,1059.701,1060.223,1336.5999755859375,541.4000244140625,521.9999999999345,constant,
1.0,1060.248,1060.518,1249.5999755859375,474.1000061035156,269.9999999999818,constant,
1.0,1060.57,1060.819,871.0999755859375,499.8999938964844,249.00000000002365,constant,
1.0,1060.84,1061.015,916.4000244140625,411.79998779296875,175.0000000001819,constant,
1.0,1061.124,1061.318,747.7999877929688,413.1000061035156,193.99999999995998,constant,
1.0,1061.357,1061.857,571.4000244140625,555.0999755859375,500.0,constant,
1.0,1061.893,1063.519,818.2999877929688,491.79998779296875,1625.9999999999764,constant,
1.0,1063.549,1064.408,653.4000244140625,506.0,858.9999999999236,constant,
1.0,1064.573,1065.088,560.5,455.79998779296875,514.9999999998727,constant,
1.0,1065.112,1065.727,467.70001220703125,381.70001220703125,615.0000000000091,constant,
1.0,1065.757,1069.237,614.7000122070312,496.29998779296875,3480.000000000018,constant,
1.0,1069.369,1070.348,800.7999877929688,566.2999877929688,979.0000000000418,constant,
1.0,1070.364,1070.619,870.7000122070312,521.9000244140625,254.99999999988177,constant,
1.0,1070.663,1070.818,627.4000244140625,409.0,154.99999999997272,constant,
1.0,1071.047,1071.543,704.7000122070312,516.0999755859375,495.9999999998672,constant,
1.0,1071.559,1071.934,806.5999755859375,528.0,375.0,constant,
1.0,1072.233,1072.305,821.4000244140625,474.79998779296875,72.00000000011642,constant,
1.0,1072.32,1072.605,764.2999877929688,495.79998779296875,285.00000000008185,constant,
1.0,1072.649,1072.846,505.20001220703125,465.8999938964844,197.00000000011642,constant,
1.0,1072.874,1073.167,361.3999938964844,463.20001220703125,292.9999999998927,constant,
1.0,1073.178,1073.732,399.1000061035156,435.5,553.9999999998599,constant,
1.0,1073.965,1074.147,409.3999938964844,443.70001220703125,182.00000000001637,constant,
1.0,1074.156,1074.479,378.8999938964844,454.3999938964844,323.00000000009277,constant,
1.0,1074.493,1075.173,436.0,496.20001220703125,680.0000000000637,constant,
1.0,1075.198,1075.85,537.7999877929688,579.7999877929688,651.9999999998163,constant,
1.0,1075.874,1076.284,679.0999755859375,515.0,410.00000000008185,constant,
1.0,1076.613,1076.734,638.4000244140625,476.70001220703125,120.99999999986721,constant,
1.0,1076.772,1076.908,828.0,487.20001220703125,135.99999999996726,constant,
1.0,1076.938,1077.282,1012.0,475.79998779296875,343.99999999982356,constant,
1.0,1077.307,1077.729,1085.5999755859375,591.0,422.00000000002547,constant,
1.0,1077.743,1077.923,1136.699951171875,616.0,180.00000000006366,constant,
1.0,1077.968,1078.419,1000.4000244140625,409.1000061035156,451.0000000000218,constant,
1.0,1078.444,1078.67,1086.0999755859375,344.8999938964844,226.00000000011278,constant,
1.0,1078.894,1079.019,1002.2999877929688,318.8999938964844,125.0,constant,
1.0,1079.064,1079.272,600.5,330.79998779296875,207.9999999998563,constant,
1.0,1079.3,1079.508,506.70001220703125,313.0,208.00000000008367,constant,
1.0,1079.561,1079.762,122.0999984741211,317.1000061035156,201.00000000002183,constant,
1.0,1079.956,1080.401,684.9000244140625,527.0,445.0000000001637,constant,
1.0,1080.427,1084.171,618.0999755859375,487.1000061035156,3744.000000000142,constant,
1.0,1084.321,1086.714,739.7999877929688,489.3999938964844,2393.000000000029,constant,
1.0,1086.741,1087.368,884.0999755859375,571.5999755859375,626.9999999999527,constant,
1.0,1087.414,1087.517,443.70001220703125,507.5,103.00000000006548,constant,
1.0,1087.526,1087.788,782.2000122070312,484.79998779296875,261.9999999999436,,
1.0,1087.802,1088.17,827.0,483.3999938964844,368.0000000001655,,
1.0,1088.184,1089.165,784.2999877929688,498.1000061035156,980.9999999999945,constant,
1.0,1089.201,1089.323,754.0999755859375,670.7999877929688,122.00000000007094,constant,
1.0,1089.361,1089.601,676.2999877929688,891.7999877929688,240.0000000000091,constant,
1.0,1089.627,1089.872,554.5999755859375,889.2000122070312,245.00000000011823,constant,
1.0,1089.887,1090.116,485.1000061035156,921.7999877929688,229.00000000004184,constant,
1.0,1090.143,1090.678,343.1000061035156,938.7999877929688,535.0000000000819,constant,
1.0,1090.749,1090.992,536.7000122070312,455.3999938964844,242.99999999993815,constant,
1.0,1091.021,1091.211,437.20001220703125,382.79998779296875,190.00000000005457,constant,
1.0,1091.238,1091.55,373.20001220703125,299.3999938964844,311.99999999989814,constant,
1.0,1091.633,1091.973,1220.9000244140625,424.79998779296875,339.99999999991815,constant,
1.0,1091.996,1092.259,1135.5999755859375,422.0,262.99999999991996,constant,
1.0,1092.304,1092.627,873.4000244140625,351.5,322.9999999998654,constant,
1.0,1092.766,1093.103,658.4000244140625,287.6000061035156,336.9999999999891,constant,
1.0,1093.172,1093.523,839.7999877929688,809.0,350.9999999998854,constant,
1.0,1093.549,1093.802,755.7000122070312,702.0999755859375,252.99999999992906,constant,
1.0,1093.853,1094.34,977.9000244140625,505.20001220703125,486.99999999985266,constant,
1.0,1094.613,1095.451,848.7999877929688,501.3999938964844,837.9999999999654,constant,
1.0,1095.476,1095.807,904.4000244140625,433.5,330.9999999999036,constant,
1.0,1095.818,1096.065,854.0999755859375,396.3999938964844,247.00000000007094,constant,
1.0,1096.089,1096.664,761.5999755859375,340.0,575.0000000000455,constant,
1.0,1096.69,1097.327,642.5999755859375,298.6000061035156,636.9999999999436,constant,
1.0,1097.527,1098.467,802.7999877929688,465.8999938964844,940.0000000000546,constant,
1.0,1098.496,1098.749,959.7999877929688,483.79998779296875,252.99999999992906,constant,
1.0,1098.779,1099.07,808.9000244140625,471.5,290.99999999994,constant,
1.0,1099.137,1099.695,1343.5,494.5,557.9999999999927,constant,
1.0,1099.705,1100.03,1293.0999755859375,432.5,325.0000000000455,constant,
1.0,1100.056,1100.228,1411.0,355.5,172.00000000002547,constant,
1.0,1100.352,1100.726,1131.199951171875,225.3000030517578,374.00000000002365,constant,
1.0,1100.757,1101.143,965.7999877929688,263.29998779296875,385.99999999996726,constant,
1.0,1101.179,1101.765,778.2000122070312,280.3999938964844,586.0000000000127,constant,
1.0,1101.781,1102.121,852.4000244140625,279.1000061035156,340.0000000001455,constant,
1.0,1102.252,1102.505,737.9000244140625,237.89999389648438,253.00000000015643,constant,
1.0,1102.531,1102.723,599.9000244140625,240.1999969482422,192.00000000000728,constant,
1.0,1102.975,1103.418,570.2999877929688,232.89999389648438,442.99999999998363,constant,
1.0,1103.464,1104.326,289.5,220.89999389648438,862.00000000008,constant,
1.0,1104.35,1104.636,250.89999389648438,271.3999938964844,286.0000000000582,constant,
1.0,1104.645,1104.937,209.6999969482422,268.8999938964844,291.9999999999163,constant,
1.0,1104.943,1105.274,183.1999969482422,279.79998779296875,330.9999999999036,constant,
1.0,1105.474,1105.957,766.4000244140625,885.2999877929688,483.0000000001746,constant,
1.0,1105.99,1106.144,956.5,818.0,153.99999999999636,constant,
1.0,1106.186,1106.768,679.9000244140625,891.2999877929688,582.0000000001073,constant,
1.0,1106.776,1107.356,705.0,868.0999755859375,579.9999999999272,constant,
1.0,1107.376,1107.525,631.2000122070312,878.0,149.0000000001146,constant,
1.0,1107.568,1108.023,332.1000061035156,875.2999877929688,454.99999999992724,constant,
1.0,1108.219,1108.312,647.5999755859375,872.0999755859375,92.9999999998472,constant,
1.0,1108.507,1108.999,702.2000122070312,895.7000122070312,491.9999999999618,constant,
1.0,1109.012,1110.193,736.5999755859375,876.7999877929688,1181.00000000004,constant,
1.0,1110.235,1110.448,950.9000244140625,857.5,213.0000000001928,constant,
1.0,1110.628,1111.261,781.4000244140625,868.2000122070312,633.0000000000382,constant,
1.0,1111.279,1111.583,863.5999755859375,846.4000244140625,304.0000000000873,constant,
1.0,1111.623,1111.792,800.4000244140625,639.0,168.99999999986903,constant,
1.0,1111.94,1112.268,747.7000122070312,501.0,327.99999999997453,constant,
1.0,1112.283,1112.476,694.9000244140625,484.79998779296875,193.000000000211,constant,
1.0,1112.636,1112.753,702.2000122070312,595.5999755859375,116.9999999999618,constant,
1.0,1112.946,1113.416,681.7000122070312,882.4000244140625,470.0000000000273,constant,
1.0,1113.465,1113.932,977.5,876.7999877929688,467.0000000000982,constant,
1.0,1113.958,1114.077,834.2000122070312,823.0999755859375,118.99999999991451,constant,
1.0,1114.293,1114.614,795.9000244140625,869.0,321.00000000014006,constant,
1.0,1114.622,1114.862,799.5999755859375,823.4000244140625,240.0000000000091,constant,
1.0,1115.037,1115.478,786.4000244140625,604.2999877929688,441.0000000000309,constant,
1.0,1115.501,1115.686,744.2999877929688,531.4000244140625,184.99999999994543,constant,
1.0,1115.826,1115.949,723.2999877929688,509.20001220703125,123.0000000000473,constant,
1.0,1116.114,1116.7,770.2000122070312,601.7000122070312,586.0000000000127,constant,
1.0,1116.72,1116.927,770.7000122070312,530.0,206.99999999987995,constant,
1.0,1117.064,1117.191,768.0,507.29998779296875,126.9999999999527,constant,
1.0,1117.357,1117.499,685.0,692.2999877929688,142.00000000005275,constant,
1.0,1117.674,1117.935,706.9000244140625,650.7000122070312,260.99999999996726,constant,
1.0,1117.97,1118.162,827.0,573.2000122070312,192.00000000000728,constant,
1.0,1118.32,1118.69,834.5999755859375,521.2999877929688,370.00000000011823,constant,
1.0,1118.728,1118.892,1010.9000244140625,564.5999755859375,163.99999999998727,constant,
1.0,1119.029,1119.207,1010.7999877929688,537.2999877929688,178.00000000011096,constant,
1.0,1119.245,1119.444,1256.199951171875,499.0,199.00000000006912,constant,
1.0,1119.639,1119.799,996.7000122070312,337.0,160.00000000008185,constant,
1.0,1119.942,1120.213,811.0999755859375,613.2999877929688,270.99999999995816,constant,
1.0,1120.249,1120.381,955.2999877929688,507.0,132.00000000006185,constant,
1.0,1120.497,1120.643,850.9000244140625,480.3999938964844,145.99999999995816,constant,
1.0,1120.789,1121.082,730.0,638.7999877929688,293.00000000012005,constant,
1.0,1121.109,1121.404,692.7999877929688,498.5,295.00000000007276,constant,
1.0,1121.468,1121.781,1206.199951171875,687.4000244140625,312.9999999998745,constant,
1.0,1121.843,1122.124,811.5,490.8999938964844,280.99999999994907,constant,
1.0,1122.293,1122.49,726.4000244140625,455.3999938964844,197.00000000011642,constant,
1.0,1122.645,1122.927,902.2999877929688,374.8999938964844,281.9999999999254,constant,
1.0,1122.962,1123.191,700.5,324.6000061035156,229.00000000004184,constant,
1.0,1123.335,1123.473,691.7999877929688,354.6000061035156,137.99999999991996,constant,
1.0,1123.645,1124.034,742.7999877929688,466.20001220703125,389.0000000001237,constant,
1.0,1124.07,1124.46,939.7999877929688,518.5,390.00000000010004,constant,
1.0,1124.499,1124.697,1116.4000244140625,457.6000061035156,197.9999999998654,constant,
1.0,1124.85,1125.054,1013.0,418.0,204.00000000017826,constant,
1.0,1125.098,1125.459,728.0,471.79998779296875,361.0000000001037,constant,
1.0,1125.677,1126.024,772.5999755859375,541.0999755859375,346.99999999998,constant,
1.0,1126.075,1126.381,1165.800048828125,513.0999755859375,306.00000000004,constant,
1.0,1126.424,1126.711,1438.9000244140625,514.7000122070312,287.00000000003456,constant,
1.0,1126.849,1127.147,961.5999755859375,314.79998779296875,298.0000000000018,constant,
1.0,1127.176,1127.451,827.2000122070312,288.5,275.00000000009095,constant,
1.0,1127.604,1127.833,848.5999755859375,338.29998779296875,229.00000000004184,constant,
1.0,1127.986,1128.289,660.2000122070312,393.70001220703125,302.9999999998836,constant,
1.0,1128.452,1128.695,747.0,402.3999938964844,242.99999999993815,constant,
1.0,1128.763,1129.008,524.4000244140625,904.7999877929688,245.00000000011823,constant,
1.0,1129.062,1129.316,898.4000244140625,830.0,254.0000000001328,constant,
1.0,1129.431,1129.961,733.7000122070312,470.70001220703125,529.9999999999727,constant,
1.0,1130.108,1130.434,775.0,414.29998779296875,326.0000000000218,constant,
1.0,1130.445,1130.554,722.0999755859375,477.3999938964844,109.00000000015098,constant,
1.0,1130.713,1130.954,699.0999755859375,717.2000122070312,240.99999999998545,constant,
1.0,1131.02,1131.335,1184.5,617.5,315.00000000005457,constant,
1.0,1131.386,1131.596,1464.699951171875,543.2999877929688,210.00000000003638,constant,
1.0,1131.717,1132.304,1118.4000244140625,232.8000030517578,586.9999999999891,constant,
1.0,1132.548,1132.78,755.5999755859375,289.3999938964844,231.9999999999709,constant,
1.0,1132.817,1133.121,531.9000244140625,270.3999938964844,304.0000000000873,constant,
1.0,1133.342,1133.761,619.4000244140625,315.70001220703125,418.99999999986903,constant,
1.0,1133.773,1133.992,507.29998779296875,270.8999938964844,219.00000000005093,constant,
1.0,1134.016,1134.335,429.79998779296875,297.29998779296875,318.99999999996,constant,
1.0,1134.464,1134.634,756.7000122070312,465.1000061035156,170.00000000007276,,
1.0,1134.647,1135.352,814.9000244140625,498.79998779296875,705.0000000001546,,
1.0,1135.376,1135.699,731.2000122070312,479.20001220703125,323.00000000009277,constant,
1.0,1135.71,1135.961,789.0,484.29998779296875,250.99999999997635,constant,
1.0,1135.993,1136.366,903.9000244140625,338.3999938964844,373.0000000000473,constant,
1.0,1136.534,1136.703,392.8999938964844,244.3000030517578,168.99999999986903,constant,
1.0,1136.711,1137.092,405.5,182.10000610351562,381.0000000000855,constant,
1.0,1137.409,1137.627,831.7999877929688,556.4000244140625,217.9999999998472,constant,
1.0,1137.648,1137.862,763.9000244140625,578.2999877929688,214.00000000016917,constant,
1.0,1137.889,1138.116,769.5999755859375,724.2000122070312,227.00000000008913,constant,
1.0,1138.161,1138.449,1056.300048828125,785.5,288.0000000000109,constant,
1.0,1138.469,1138.672,984.9000244140625,786.2000122070312,202.99999999997453,constant,
1.0,1138.696,1139.23,699.2000122070312,728.2999877929688,534.0000000001055,constant,
1.0,1139.257,1139.454,746.5,609.7000122070312,196.99999999988904,constant,
1.0,1139.481,1140.101,653.2999877929688,484.70001220703125,620.0000000001182,constant,
1.0,1140.883,1141.027,808.4000244140625,498.20001220703125,144.00000000000546,constant,
1.0,1141.057,1141.314,962.9000244140625,502.6000061035156,257.00000000006185,constant,
1.0,1141.329,1141.59,980.2000122070312,418.8999938964844,260.99999999996726,constant,
1.0,1141.619,1142.564,917.7000122070312,265.79998779296875,945.0000000001637,constant,
1.0,1142.616,1142.743,1260.9000244140625,384.79998779296875,126.9999999999527,constant,
1.0,1142.898,1143.121,1339.0,458.5,223.00000000018372,constant,
1.0,1143.148,1143.416,1466.5999755859375,359.29998779296875,268.0000000000291,constant,
1.0,1143.431,1143.598,1486.300048828125,273.1000061035156,166.99999999991633,constant,
1.0,1143.618,1144.313,1513.199951171875,166.60000610351562,695.0000000001637,constant,
1.0,1144.514,1144.879,1201.0,541.9000244140625,365.0000000000091,constant,
1.0,1144.904,1145.022,1261.300048828125,442.6000061035156,117.99999999993815,constant,
1.0,1145.053,1145.192,1155.5,273.3999938964844,138.99999999989632,constant,
1.0,1145.225,1145.392,981.5999755859375,214.10000610351562,167.0000000001437,constant,
1.0,1145.583,1145.751,1008.4000244140625,261.6000061035156,167.99999999989268,constant,
1.0,1145.767,1146.249,1061.699951171875,223.39999389648438,481.9999999999709,constant,
1.0,1146.298,1146.467,680.4000244140625,433.0,169.0000000000964,constant,
1.0,1146.492,1146.898,645.2000122070312,483.29998779296875,405.99999999994907,constant,
1.0,1147.085,1147.294,624.5999755859375,512.5999755859375,209.00000000006003,constant,
1.0,1147.312,1147.673,665.0,472.79998779296875,361.0000000001037,constant,
1.0,1147.698,1148.105,644.2000122070312,561.9000244140625,406.9999999999254,constant,
1.0,1148.117,1148.473,672.5999755859375,592.4000244140625,355.99999999999454,constant,
1.0,1148.508,1148.836,835.7000122070312,636.2999877929688,327.99999999997453,constant,
1.0,1148.862,1149.033,730.0999755859375,636.5999755859375,170.99999999982174,constant,
1.0,1149.155,1149.574,893.2999877929688,271.5,419.0000000000964,constant,
1.0,1149.599,1149.897,992.5,345.6000061035156,298.0000000000018,constant,
1.0,1149.946,1150.188,590.2000122070312,276.0,242.00000000018917,constant,
1.0,1150.213,1150.519,705.9000244140625,265.29998779296875,306.00000000004,constant,
1.0,1150.566,1150.747,339.29998779296875,174.6999969482422,181.00000000004002,constant,
1.0,1150.755,1151.048,385.5,166.3000030517578,292.9999999998927,constant,
1.0,1151.242,1151.567,408.5,515.7999877929688,325.0000000000455,constant,
1.0,1151.579,1151.87,346.29998779296875,513.7000122070312,290.99999999994,constant,
1.0,1151.893,1152.075,379.70001220703125,388.6000061035156,182.00000000001637,constant,
1.0,1152.118,1152.317,89.0,336.3999938964844,199.00000000006912,constant,
1.0,1152.576,1152.809,821.4000244140625,567.2000122070312,232.99999999994725,constant,
1.0,1152.846,1153.486,734.7999877929688,747.0999755859375,640.0000000001,constant,
1.0,1153.498,1153.907,870.2000122070312,753.7999877929688,408.9999999998781,constant,
1.0,1153.928,1154.365,919.0,740.2000122070312,436.99999999989814,constant,
1.0,1154.375,1154.62,867.5,693.7000122070312,244.99999999989086,constant,
1.0,1155.009,1155.189,726.5,526.2000122070312,180.00000000006366,constant,
1.0,1155.211,1156.111,642.0,479.29998779296875,900.000000000091,constant,
1.0,1156.151,1156.496,832.0999755859375,485.79998779296875,345.0000000000273,constant,
1.0,1156.527,1158.179,665.5,485.79998779296875,1652.0000000000437,constant,
1.0,1158.381,1158.595,642.0,463.20001220703125,213.9999999999418,constant,
1.0,1158.607,1159.547,688.4000244140625,471.5,940.0000000000546,constant,
1.0,1159.561,1159.94,634.9000244140625,465.20001220703125,379.0000000001328,constant,
1.0,1159.967,1160.237,783.2999877929688,512.7999877929688,269.9999999999818,constant,
1.0,1160.496,1161.46,641.5,484.5,963.9999999999418,constant,
1.0,1161.516,1161.726,1086.5999755859375,576.7000122070312,210.00000000003638,constant,
1.0,1161.775,1162.287,653.5,484.29998779296875,511.9999999999436,constant,
1.0,1162.446,1162.916,668.4000244140625,469.8999938964844,470.0000000000273,constant,
1.0,1162.98,1163.184,1103.300048828125,739.2000122070312,203.9999999999509,constant,
1.0,1163.239,1163.686,666.5999755859375,486.29998779296875,446.99999999988904,constant,
1.0,1163.879,1165.192,654.7999877929688,467.1000061035156,1313.0000000001019,constant,
1.0,1165.249,1165.398,985.7999877929688,667.7999877929688,148.99999999988722,constant,
1.0,1165.448,1165.637,619.0,471.20001220703125,188.99999999985084,constant,
1.0,1165.649,1165.813,667.2999877929688,461.5,164.00000000021464,constant,
1.0,1165.967,1169.2,665.0999755859375,471.3999938964844,3232.9999999999472,constant,
1.0,1169.383,1170.461,652.5,467.6000061035156,1077.9999999999745,constant,
1.0,1170.493,1170.976,545.7000122070312,288.79998779296875,483.0000000001746,constant,
1.0,1170.992,1171.262,589.2000122070312,245.3000030517578,269.9999999999818,constant,
1.0,1171.274,1171.412,527.7999877929688,228.5,138.00000000014734,constant,
1.0,1171.549,1171.826,571.7000122070312,200.3000030517578,277.00000000004366,constant,
1.0,1171.864,1172.189,850.7000122070312,262.1000061035156,325.0000000000455,constant,
1.0,1172.214,1173.033,969.7000122070312,344.0,818.99999999996,constant,
1.0,1173.08,1174.809,667.2999877929688,467.29998779296875,1729.0000000000418,constant,
1.0,1174.855,1175.118,885.0,633.0999755859375,262.99999999991996,constant,
1.0,1175.347,1175.537,675.5,509.8999938964844,190.00000000005457,constant,
1.0,1175.57,1175.683,499.0,428.3999938964844,113.00000000005639,constant,
1.0,1175.73,1175.976,192.1999969482422,339.70001220703125,246.0000000000946,constant,
1.0,1176.002,1176.188,312.8999938964844,303.70001220703125,186.00000000014916,constant,
1.0,1176.221,1176.534,382.20001220703125,161.39999389648438,313.00000000010186,constant,
1.0,1176.772,1177.028,1125.800048828125,439.20001220703125,256.0000000000855,constant,
1.0,1177.076,1179.292,853.9000244140625,665.2999877929688,2215.9999999998945,constant,
1.0,1179.318,1179.947,965.7000122070312,730.5,628.9999999999054,constant,
1.0,1179.982,1180.956,819.9000244140625,581.2000122070312,973.9999999999327,constant,
1.0,1181.101,1182.806,778.0999755859375,410.3999938964844,1704.9999999999272,constant,
1.0,1182.841,1183.724,945.7000122070312,356.0,883.0000000000382,constant,
1.0,1183.875,1184.106,985.7000122070312,386.70001220703125,230.99999999999454,constant,
1.0,1184.115,1184.646,1019.0999755859375,355.1000061035156,530.9999999999491,constant,
1.0,1184.672,1185.506,906.2000122070312,271.70001220703125,834.00000000006,constant,
1.0,1185.746,1185.978,1422.699951171875,260.3999938964844,231.9999999999709,constant,
1.0,1186.003,1186.177,1503.300048828125,199.60000610351562,173.99999999997817,constant,
1.0,1186.187,1186.429,1463.800048828125,167.0,242.00000000018917,constant,
1.0,1186.437,1187.124,1476.800048828125,161.10000610351562,687.0000000001255,constant,
1.0,1187.346,1187.494,1500.0,195.6999969482422,147.99999999991087,constant,
1.0,1187.502,1187.912,1479.300048828125,178.89999389648438,410.00000000008185,constant,
1.0,1188.228,1188.32,808.0,632.7000122070312,91.99999999987085,constant,
1.0,1188.35,1188.71,943.2999877929688,621.2000122070312,360.00000000012733,constant,
1.0,1188.742,1189.036,1120.300048828125,665.4000244140625,294.0000000000964,constant,
1.0,1189.099,1189.26,664.5999755859375,533.5999755859375,161.0000000000582,constant,
1.0,1189.27,1189.439,624.7999877929688,520.5,169.0000000000964,constant,
1.0,1189.455,1189.571,673.7000122070312,487.70001220703125,115.99999999998545,constant,
1.0,1189.582,1190.001,617.9000244140625,469.79998779296875,418.99999999986903,constant,
1.0,1190.009,1190.151,644.2000122070312,460.5,142.00000000005275,constant,
1.0,1190.161,1191.037,626.2000122070312,459.6000061035156,875.9999999999764,constant,
1.0,1191.044,1191.141,616.7999877929688,454.70001220703125,96.99999999997999,constant,
1.0,1191.893,1192.236,711.5,509.70001220703125,343.0000000000746,constant,
1.0,1192.25,1192.619,626.5999755859375,462.29998779296875,368.9999999999145,constant,
1.0,1192.661,1192.822,916.2000122070312,287.79998779296875,160.99999999983083,constant,
1.0,1192.83,1193.223,890.4000244140625,262.1000061035156,393.0000000000291,constant,
1.0,1193.45,1193.934,681.0,470.20001220703125,483.9999999999236,constant,
1.0,1193.985,1194.219,1061.4000244140625,355.20001220703125,234.00000000015098,constant,
1.0,1194.262,1194.526,836.0,444.6000061035156,264.0000000001237,constant,
1.0,1194.756,1195.002,737.2000122070312,496.5,245.9999999998672,constant,
1.0,1195.012,1195.621,670.0,470.8999938964844,609.000000000151,constant,
1.0,1195.649,1196.111,822.7000122070312,436.70001220703125,462.00000000021646,constant,
1.0,1196.407,1196.594,725.4000244140625,478.70001220703125,187.0000000001255,constant,
1.0,1196.606,1197.407,664.2999877929688,472.6000061035156,800.9999999999309,constant,
1.0,1197.445,1198.039,849.4000244140625,601.5999755859375,594.0000000000509,constant,
1.0,1198.118,1198.327,1449.4000244140625,886.0,209.00000000006003,constant,
1.0,1198.514,1199.442,677.2999877929688,486.8999938964844,928.000000000111,constant,
1.0,1199.488,1199.771,932.2999877929688,505.79998779296875,282.9999999999018,constant,
1.0,1200.052,1200.593,826.4000244140625,562.9000244140625,541.0000000001673,constant,
1.0,1200.623,1200.809,672.2000122070312,506.6000061035156,185.99999999992178,constant,
1.0,1200.818,1201.173,655.7000122070312,468.8999938964844,355.0000000000182,constant,
1.0,1201.216,1201.596,937.9000244140625,432.8999938964844,380.00000000010914,constant,
1.0,1201.61,1201.856,1004.7999877929688,431.1000061035156,246.0000000000946,constant,
1.0,1201.893,1202.083,778.5,466.8999938964844,190.00000000005457,constant,
1.0,1202.391,1202.594,755.5,477.70001220703125,202.99999999997453,constant,
1.0,1202.607,1203.525,690.2000122070312,452.70001220703125,918.00000000012,constant,
1.0,1203.547,1203.985,540.0999755859375,439.6000061035156,437.9999999998745,constant,
1.0,1204.027,1204.191,284.6000061035156,385.8999938964844,163.99999999998727,constant,
1.0,1204.235,1204.457,569.7000122070312,508.6000061035156,222.00000000020736,constant,
1.0,1204.482,1204.657,620.2999877929688,589.5,174.99999999995453,constant,
1.0,1204.705,1204.959,915.0999755859375,724.9000244140625,254.0000000001328,constant,
1.0,1204.972,1205.195,977.9000244140625,768.5,222.99999999995634,constant,
1.0,1205.208,1205.494,1031.5,779.7999877929688,285.99999999983083,constant,
1.0,1205.514,1205.951,1016.5999755859375,862.0,437.0000000001255,constant,
1.0,1206.218,1206.291,1013.0999755859375,834.4000244140625,72.9999999998654,constant,
1.0,1206.333,1206.576,1273.5,859.2999877929688,242.99999999993815,constant,
1.0,1206.6,1206.971,1136.199951171875,849.2999877929688,371.0000000000946,constant,
1.0,1207.002,1207.613,1298.300048828125,805.9000244140625,611.0000000001037,constant,
1.0,1207.633,1207.97,1331.0999755859375,862.4000244140625,336.9999999999891,constant,
1.0,1207.993,1208.174,1425.0,874.0999755859375,181.00000000004002,constant,
1.0,1208.188,1208.675,1478.199951171875,802.5,486.99999999985266,constant,
1.0,1208.704,1208.983,1302.5,711.7000122070312,278.99999999999636,constant,
1.0,1208.992,1209.477,1334.5999755859375,702.7000122070312,485.00000000012733,constant,
1.0,1209.503,1209.621,1248.5999755859375,640.2000122070312,118.00000000016553,constant,
1.0,1209.644,1209.997,1114.0999755859375,644.5999755859375,353.0000000000655,constant,
1.0,1210.268,1210.346,1035.0,578.5,77.99999999997453,constant,
1.0,1210.395,1210.554,741.9000244140625,478.29998779296875,159.0000000001055,constant,
1.0,1210.571,1210.705,727.2000122070312,410.3999938964844,134.00000000001455,constant,
1.0,1210.767,1210.959,229.89999389648438,284.5,192.00000000000728,constant,
1.0,1211.01,1211.223,580.2999877929688,315.8999938964844,212.99999999996544,constant,
1.0,1211.246,1212.076,680.7999877929688,256.29998779296875,829.9999999999272,constant,
1.0,1212.087,1212.278,651.2999877929688,179.60000610351562,191.00000000003092,constant,
1.0,1212.287,1213.269,681.0,167.0,981.9999999999709,constant,
1.0,1213.482,1213.613,256.3999938964844,329.3999938964844,131.0000000000855,constant,
1.0,1213.646,1214.145,94.30000305175781,331.1000061035156,499.00000000002365,constant,
1.0,1214.186,1214.344,358.8999938964844,164.5,158.00000000012915,constant,
1.0,1214.353,1214.569,385.20001220703125,153.39999389648438,215.9999999998945,constant,
1.0,1214.578,1214.812,356.5,155.3000030517578,233.9999999999236,constant,
1.0,1214.829,1215.039,441.6000061035156,202.0,210.00000000003638,constant,
1.0,1215.079,1215.39,650.5999755859375,448.8999938964844,311.00000000014916,constant,
1.0,1215.672,1215.913,667.4000244140625,483.70001220703125,240.99999999998545,constant,
1.0,1215.927,1216.28,606.5,506.3999938964844,353.0000000000655,constant,
1.0,1216.293,1217.15,515.9000244140625,425.70001220703125,857.0000000001983,constant,
1.0,1217.368,1217.607,535.7999877929688,408.3999938964844,239.00000000003274,constant,
1.0,1217.614,1218.215,519.7000122070312,400.0,600.9999999998854,constant,
1.0,1218.268,1219.016,983.7000122070312,364.3999938964844,748.0000000000473,constant,
1.0,1219.216,1219.662,545.5,433.20001220703125,446.00000000014006,constant,
1.0,1219.842,1220.176,643.4000244140625,410.1000061035156,333.99999999983265,constant,
1.0,1220.402,1220.546,849.2999877929688,468.79998779296875,144.00000000000546,constant,
1.0,1220.594,1220.776,1180.9000244140625,503.79998779296875,182.00000000001637,constant,
1.0,1220.828,1221.037,1517.9000244140625,459.8999938964844,209.00000000006003,constant,
1.0,1221.228,1221.371,631.0,536.2999877929688,143.0000000000291,constant,
1.0,1221.443,1221.587,1501.199951171875,515.4000244140625,144.00000000000546,constant,
1.0,1221.61,1222.1,1559.9000244140625,450.1000061035156,490.0000000000091,constant,
1.0,1222.286,1222.48,1125.5,237.8000030517578,193.99999999995998,constant,
1.0,1222.524,1222.693,821.2000122070312,235.5,169.0000000000964,constant,
1.0,1222.738,1222.935,406.8999938964844,259.70001220703125,196.99999999988904,constant,
1.0,1222.986,1223.023,84.5,301.6000061035156,36.99999999980719,constant,
1.0,1223.23,1223.779,164.89999389648438,278.5,548.9999999999782,constant,
1.0,1223.963,1224.417,164.6999969482422,290.29998779296875,453.9999999999509,constant,
1.0,1224.491,1224.653,970.4000244140625,287.6000061035156,162.00000000003456,constant,
1.0,1224.663,1224.873,921.5999755859375,278.70001220703125,210.00000000003638,constant,
1.0,1225.064,1225.271,700.0,513.0999755859375,206.99999999987995,constant,
1.0,1225.282,1225.778,659.4000244140625,469.0,496.0000000000946,constant,
1.0,1225.817,1226.025,908.9000244140625,362.6000061035156,208.00000000008367,constant,
1.0,1226.186,1226.409,901.5999755859375,331.79998779296875,223.00000000018372,constant,
1.0,1226.418,1226.584,931.9000244140625,279.29998779296875,166.00000000016735,constant,
1.0,1226.612,1226.743,762.0999755859375,242.5,130.99999999985812,constant,
1.0,1226.79,1227.261,385.5,170.0,471.00000000000364,constant,
1.0,1227.443,1227.666,629.9000244140625,265.70001220703125,222.99999999995634,constant,
1.0,1227.708,1227.895,850.5999755859375,382.0,186.99999999989814,constant,
1.0,1227.943,1228.218,624.5,552.0,275.00000000009095,constant,
1.0,1228.23,1228.349,666.5999755859375,524.7999877929688,118.99999999991451,constant,
1.0,1228.567,1229.117,659.4000244140625,467.5,549.9999999999545,constant,
1.0,1229.648,1230.527,666.9000244140625,473.0,879.0000000001328,constant,
1.0,1231.038,1231.23,695.7999877929688,474.3999938964844,192.00000000000728,constant,
1.0,1231.237,1231.448,659.2999877929688,467.79998779296875,211.00000000001273,constant,
1.0,1231.497,1231.662,956.9000244140625,304.1000061035156,164.99999999996362,constant,
1.0,1231.674,1232.033,901.0,267.70001220703125,358.9999999999236,constant,
1.0,1232.605,1232.874,873.5,348.8999938964844,269.00000000000546,constant,
1.0,1232.897,1233.011,976.0,373.0,114.00000000003274,constant,
1.0,1233.022,1233.184,1007.7000122070312,367.0,162.00000000003456,constant,
1.0,1233.193,1233.994,972.7000122070312,347.70001220703125,800.9999999999309,constant,
1.0,1234.066,1234.487,658.7000122070312,506.70001220703125,421.0000000000491,constant,
1.0,1234.541,1235.763,990.0,373.5,1221.99999999998,constant,
1.0,1235.774,1235.956,956.7999877929688,420.8999938964844,182.00000000001637,constant,
1.0,1236.214,1236.393,642.4000244140625,303.29998779296875,179.0000000000873,constant,
1.0,1236.429,1237.2,435.29998779296875,271.6000061035156,770.9999999999582,constant,
1.0,1237.438,1237.636,277.6000061035156,359.5,197.9999999998654,constant,
1.0,1237.664,1237.996,125.5,350.70001220703125,332.0000000001073,constant,
1.0,1238.114,1238.685,819.5999755859375,474.70001220703125,570.9999999999127,,
1.0,1238.709,1238.919,728.9000244140625,443.20001220703125,210.00000000003638,passive,
1.0,1238.936,1239.076,816.5999755859375,462.6000061035156,140.00000000010004,passive,
1.0,1239.307,1239.943,846.7000122070312,460.20001220703125,635.9999999999673,passive,
1.0,1239.982,1240.356,1094.800048828125,479.8999938964844,374.00000000002365,passive,
1.0,1240.499,1241.126,590.4000244140625,325.6000061035156,626.9999999999527,passive,
1.0,1241.345,1241.562,1001.9000244140625,481.3999938964844,216.99999999987085,passive,
1.0,1241.588,1241.748,1116.800048828125,499.79998779296875,160.00000000008185,passive,
1.0,1241.756,1242.12,1096.300048828125,467.20001220703125,363.99999999980537,passive,
1.0,1242.342,1242.455,1058.0,451.29998779296875,112.99999999982901,passive,
1.0,1242.466,1242.705,1093.300048828125,476.79998779296875,239.00000000003274,passive,
1.0,1242.739,1242.994,908.4000244140625,454.5,254.99999999988177,passive,
1.0,1243.016,1243.197,853.0999755859375,378.0,180.99999999981264,passive,
1.0,1243.24,1243.501,553.9000244140625,328.5,260.99999999996726,passive,
1.0,1243.671,1244.051,602.0999755859375,343.6000061035156,379.99999999988177,passive,
1.0,1244.073,1244.31,735.7000122070312,391.3999938964844,236.99999999985266,passive,
1.0,1244.338,1244.397,871.5,483.20001220703125,58.99999999996908,passive,
1.0,1244.93,1245.07,812.9000244140625,462.8999938964844,139.99999999987267,passive,
1.0,1245.08,1245.39,843.5999755859375,476.79998779296875,310.0000000001728,passive,
1.0,1245.414,1245.837,737.7000122070312,497.5,423.0000000000018,passive,
1.0,1245.884,1246.086,1045.5999755859375,485.29998779296875,201.99999999999818,passive,
1.0,1246.919,1247.125,924.2000122070312,490.70001220703125,205.9999999999036,passive,
1.0,1247.141,1247.354,838.0,482.79998779296875,212.99999999996544,passive,
1.0,1247.889,1248.12,808.5999755859375,459.29998779296875,230.99999999999454,passive,
1.0,1248.132,1248.564,751.5,490.79998779296875,432.00000000001637,passive,
1.0,1248.582,1248.948,842.0999755859375,481.6000061035156,365.99999999998545,passive,
1.0,1248.961,1249.61,787.2999877929688,496.29998779296875,648.9999999998872,passive,
1.0,1249.624,1249.929,866.5,518.2000122070312,305.00000000006366,passive,
1.0,1250.033,1250.287,817.0999755859375,494.20001220703125,254.0000000001328,passive,
1.0,1250.299,1250.352,859.2999877929688,494.79998779296875,53.00000000011096,passive,
1.0,1250.709,1251.142,833.5,494.79998779296875,432.9999999999927,passive,
1.0,1251.176,1251.354,664.2999877929688,322.1000061035156,178.00000000011096,passive,
1.0,1251.382,1251.593,603.7999877929688,174.8000030517578,211.00000000001273,passive,
1.0,1251.652,1251.837,1060.4000244140625,481.8999938964844,184.99999999994543,passive,
1.0,1252.619,1252.777,647.2999877929688,489.29998779296875,158.00000000012915,passive,
1.0,1252.801,1253.019,576.7000122070312,531.7999877929688,218.00000000007458,passive,
1.0,1253.043,1253.343,480.0,574.2000122070312,300.0000000001819,passive,
1.0,1253.353,1253.605,426.79998779296875,574.0999755859375,251.9999999999527,passive,
1.0,1253.897,1254.253,471.1000061035156,584.9000244140625,355.99999999999454,passive,
1.0,1254.298,1255.03,744.7000122070312,551.2000122070312,731.9999999999709,passive,
1.0,1255.044,1255.899,663.4000244140625,526.5999755859375,854.9999999997908,passive,
1.0,1255.942,1256.105,916.7999877929688,489.79998779296875,163.0000000000109,passive,
1.0,1256.12,1256.168,845.0999755859375,472.5,48.00000000000182,passive,
1.0,1256.495,1256.998,807.5,490.3999938964844,503.00000000015643,passive,
1.0,1257.04,1257.323,1030.5,407.70001220703125,283.00000000012915,passive,
1.0,1257.348,1257.504,1096.5999755859375,377.79998779296875,155.99999999994907,passive,
1.0,1257.52,1257.661,1044.300048828125,337.5,141.0000000000764,passive,
1.0,1257.696,1257.83,821.2999877929688,201.89999389648438,134.00000000001455,passive,
1.0,1257.858,1258.085,671.7000122070312,194.0,227.00000000008913,passive,
1.0,1258.093,1258.338,674.4000244140625,170.89999389648438,244.99999999989086,passive,
1.0,1258.499,1259.249,688.0999755859375,176.5,750.0,passive,
1.0,1259.294,1259.769,1022.5,171.10000610351562,474.99999999990905,passive,
1.0,1259.935,1260.153,532.0,419.20001220703125,218.00000000007458,passive,
1.0,1260.202,1260.441,890.7999877929688,396.20001220703125,239.00000000003274,passive,
1.0,1260.474,1260.872,1041.0,375.29998779296875,398.00000000013824,passive,
1.0,1261.047,1261.294,1182.199951171875,360.5,247.00000000007094,passive,
1.0,1261.345,1261.519,846.7000122070312,642.0,173.99999999997817,passive,
1.0,1261.544,1261.71,848.5,517.4000244140625,165.99999999993997,passive,
1.0,1261.719,1262.2,827.2999877929688,471.29998779296875,480.99999999999454,passive,
1.0,1262.222,1262.409,764.2999877929688,444.5,187.0000000001255,passive,
1.0,1262.452,1262.715,1058.0999755859375,384.3999938964844,262.99999999991996,passive,
1.0,1262.913,1263.129,753.5999755859375,618.2999877929688,215.9999999998945,passive,
1.0,1263.146,1263.642,826.2000122070312,592.5,496.0000000000946,passive,
1.0,1263.862,1263.988,856.5999755859375,405.20001220703125,125.99999999997635,passive,
1.0,1264.031,1264.261,1108.800048828125,300.8999938964844,230.0000000000182,passive,
1.0,1264.284,1264.551,1181.0999755859375,245.1999969482422,266.9999999998254,passive,
1.0,1264.768,1265.087,796.0999755859375,548.5999755859375,318.99999999996,passive,
1.0,1265.149,1265.344,1407.0,647.0999755859375,195.0000000001637,passive,
1.0,1265.369,1265.645,1417.300048828125,523.0999755859375,276.0000000000673,passive,
1.0,1265.907,1266.154,738.9000244140625,534.2000122070312,247.00000000007094,passive,
1.0,1266.172,1266.862,826.2999877929688,473.0,690.0000000000546,passive,
1.0,1266.871,1267.038,780.0999755859375,467.70001220703125,166.99999999991633,passive,
1.0,1267.049,1267.485,816.5,461.1000061035156,435.9999999999218,passive,
1.0,1267.5,1267.945,774.0999755859375,458.79998779296875,444.99999999993634,passive,
1.0,1267.99,1268.27,1032.0,477.6000061035156,279.9999999999727,passive,
1.0,1268.306,1268.495,824.0,465.70001220703125,188.99999999985084,passive,
1.0,1268.507,1268.739,769.9000244140625,468.6000061035156,231.9999999999709,passive,
1.0,1268.787,1268.894,893.9000244140625,269.20001220703125,106.9999999999709,passive,
1.0,1268.93,1269.37,693.0,175.10000610351562,439.9999999998272,passive,
1.0,1269.539,1269.82,1406.5,649.0999755859375,280.99999999994907,passive,
1.0,1269.882,1270.07,664.5,686.5999755859375,187.9999999998745,passive,
1.0,1270.108,1270.421,560.2000122070312,553.2000122070312,313.00000000010186,passive,
1.0,1270.454,1270.551,745.2000122070312,591.9000244140625,96.99999999997999,passive,
1.0,1270.778,1270.911,916.5,575.2999877929688,133.0000000000382,passive,
1.0,1271.223,1271.287,864.0999755859375,508.3999938964844,64.00000000007822,passive,
1.0,1271.514,1271.671,804.2000122070312,490.5,157.0000000001528,passive,
1.0,1271.678,1272.303,817.2000122070312,469.3999938964844,625.0,passive,
1.0,1272.341,1272.616,561.2999877929688,377.29998779296875,275.00000000009095,passive,
1.0,1272.845,1272.981,511.5,348.6000061035156,135.99999999996726,passive,
1.0,1273.383,1273.549,703.2000122070312,410.8999938964844,165.99999999993997,passive,
1.0,1273.826,1274.139,1048.5,460.5,312.9999999998745,passive,
1.0,1274.154,1274.352,1114.699951171875,460.6000061035156,198.00000000009277,passive,
1.0,1274.407,1274.557,549.9000244140625,359.29998779296875,150.00000000009095,passive,
1.0,1274.797,1275.181,570.7999877929688,370.5,384.00000000001455,passive,
1.0,1275.219,1275.387,744.2000122070312,416.3999938964844,167.99999999989268,passive,
1.0,1275.434,1275.742,1066.4000244140625,488.8999938964844,307.9999999999927,passive,
1.0,1275.765,1276.009,1140.0999755859375,447.79998779296875,243.9999999999145,passive,
1.0,1276.068,1276.29,515.0999755859375,347.6000061035156,221.99999999998,passive,
1.0,1276.302,1276.456,559.9000244140625,363.79998779296875,153.99999999999636,passive,
1.0,1276.471,1276.751,622.5999755859375,372.70001220703125,279.9999999999727,passive,
1.0,1276.798,1277.012,969.9000244140625,452.1000061035156,213.9999999999418,passive,
1.0,1277.196,1277.491,856.9000244140625,473.79998779296875,295.00000000007276,passive,
1.0,1277.518,1277.875,738.9000244140625,475.3999938964844,356.9999999999709,passive,
1.0,1277.896,1278.137,830.9000244140625,469.29998779296875,240.99999999998545,passive,
1.0,1278.173,1278.31,1102.0999755859375,504.20001220703125,136.9999999999436,passive,
1.0,1278.356,1278.45,1365.0,515.2000122070312,94.00000000005093,passive,
1.0,1278.498,1278.654,850.0,498.79998779296875,155.99999999994907,passive,
1.0,1278.666,1278.701,805.4000244140625,490.1000061035156,35.000000000081855,passive,
1.0,1278.924,1279.075,859.0999755859375,478.3999938964844,151.0000000000673,passive,
1.0,1279.09,1279.501,803.7000122070312,461.20001220703125,411.0000000000582,passive,
1.0,1279.529,1279.69,706.5999755859375,536.7000122070312,161.0000000000582,passive,
1.0,1279.729,1279.874,567.4000244140625,740.2000122070312,144.9999999999818,passive,
1.0,1279.902,1280.109,474.5,849.0999755859375,206.99999999987995,passive,
1.0,1280.132,1280.358,401.5,785.7999877929688,225.9999999998854,passive,
1.0,1280.383,1280.97,302.8999938964844,775.7999877929688,586.9999999999891,passive,
1.0,1281.015,1281.195,626.4000244140625,566.2000122070312,179.9999999998363,passive,
1.0,1281.26,1281.611,1200.300048828125,522.7999877929688,351.0000000001128,passive,
1.0,1281.674,1281.839,671.5,697.5,164.99999999996362,passive,
1.0,1281.865,1282.05,576.0,604.5,184.99999999994543,passive,
1.0,1282.242,1282.649,279.5,358.29998779296875,406.9999999999254,passive,
1.0,1283.067,1283.312,918.5,437.6000061035156,244.99999999989086,passive,
1.0,1283.335,1283.535,860.2000122070312,535.4000244140625,200.00000000004547,passive,
1.0,1283.591,1283.767,1300.4000244140625,633.7999877929688,176.00000000015825,passive,
1.0,1283.815,1283.982,822.2999877929688,507.20001220703125,166.99999999991633,passive,
1.0,1283.99,1284.373,814.2000122070312,466.6000061035156,383.0000000000382,passive,
1.0,1284.386,1284.665,753.0999755859375,440.79998779296875,278.99999999999636,passive,
1.0,1284.691,1284.94,871.5,515.2000122070312,249.00000000002365,passive,
1.0,1284.962,1285.017,929.0999755859375,561.2999877929688,55.000000000063665,passive,
1.0,1285.041,1285.226,1032.199951171875,571.7999877929688,185.0000000001728,passive,
1.0,1285.836,1285.921,946.9000244140625,486.5,85.00000000003638,passive,
1.0,1286.758,1286.911,856.7000122070312,568.2000122070312,153.00000000002,passive,
1.0,1286.934,1287.062,944.2999877929688,535.5,127.99999999992906,passive,
1.0,1287.076,1287.771,1014.7999877929688,545.0999755859375,694.9999999999363,passive,
1.0,1287.796,1288.239,850.4000244140625,505.8999938964844,442.99999999998363,passive,
1.0,1288.249,1289.301,817.7999877929688,523.5,1051.9999999999072,passive,
1.0,1289.308,1290.037,829.2999877929688,477.6000061035156,729.0000000000418,passive,
1.0,1290.046,1290.242,802.2000122070312,505.0,195.9999999999127,passive,
1.0,1290.451,1290.992,1083.0999755859375,504.79998779296875,540.99999999994,passive,
1.0,1291.451,1291.667,1010.4000244140625,553.2000122070312,215.9999999998945,passive,
1.0,1291.691,1291.997,1116.5999755859375,644.7999877929688,306.00000000004,passive,
1.0,1292.019,1292.297,1033.0,598.7000122070312,278.00000000002,passive,
1.0,1292.321,1292.605,1083.0,507.8999938964844,284.0000000001055,passive,
1.0,1292.615,1292.843,1059.4000244140625,464.5,228.00000000006548,passive,
1.0,1292.853,1293.065,1095.0,452.79998779296875,211.9999999999891,passive,
1.0,1293.116,1293.55,642.7000122070312,517.5,433.9999999999691,passive,
1.0,1293.58,1293.791,798.4000244140625,400.1000061035156,211.00000000001273,passive,
1.0,1293.831,1294.111,563.2000122070312,485.3999938964844,280.0000000002001,passive,
1.0,1294.347,1294.552,642.0999755859375,552.0999755859375,204.99999999992724,passive,
1.0,1294.562,1294.773,602.5,505.5,211.00000000001273,passive,
1.0,1294.825,1295.23,1060.4000244140625,489.29998779296875,404.9999999999727,passive,
1.0,1295.267,1296.165,823.7999877929688,477.5,897.9999999999109,passive,
1.0,1296.175,1296.374,775.0,512.0999755859375,199.00000000006912,passive,
1.0,1296.401,1296.689,652.5999755859375,586.2000122070312,288.0000000000109,passive,
1.0,1297.519,1297.713,832.0,440.3999938964844,193.99999999995998,passive,
1.0,1297.721,1297.764,857.7999877929688,475.1000061035156,42.99999999989268,passive,
1.0,1297.803,1297.986,869.5,467.1000061035156,182.99999999999272,passive,
1.0,1298.001,1298.655,807.2999877929688,467.20001220703125,653.9999999999964,passive,
1.0,1298.669,1298.808,873.2999877929688,477.70001220703125,138.99999999989632,passive,
1.0,1298.822,1298.975,821.5,481.0,153.00000000002,passive,
1.0,1298.99,1299.338,878.0999755859375,475.8999938964844,347.99999999995634,passive,
1.0,1299.696,1299.834,846.9000244140625,499.5,138.00000000014734,passive,
1.0,1299.862,1300.082,818.2000122070312,509.3999938964844,220.00000000002728,passive,
1.0,1300.15,1300.187,844.5,504.20001220703125,36.99999999980719,passive,
1.0,1300.195,1301.262,808.7999877929688,436.1000061035156,1067.0000000000073,passive,
1.0,1301.271,1301.989,801.5,450.3999938964844,718.0000000000746,passive,
1.0,1302.0,1302.194,747.4000244140625,469.6000061035156,193.99999999995998,passive,
1.0,1302.479,1302.748,909.4000244140625,476.1000061035156,269.00000000000546,passive,
1.0,1302.766,1302.937,963.5999755859375,524.7999877929688,170.99999999982174,passive,
1.0,1302.968,1303.139,808.0,480.79998779296875,170.99999999982174,passive,
1.0,1303.153,1303.503,735.2999877929688,487.70001220703125,349.99999999990905,passive,
1.0,1303.523,1303.598,844.7999877929688,513.9000244140625,75.00000000004547,passive,
1.0,1303.62,1303.862,971.4000244140625,523.9000244140625,242.00000000018917,passive,
1.0,1303.87,1304.152,865.2000122070312,474.6000061035156,282.0000000001528,passive,
1.0,1304.178,1304.548,996.5,553.5,369.99999999989086,passive,
1.0,1304.562,1304.745,1069.300048828125,573.5999755859375,182.99999999999272,passive,
1.0,1304.772,1304.924,957.5,513.7999877929688,152.00000000004366,passive,
1.0,1304.934,1305.18,870.5,478.20001220703125,246.0000000000946,passive,
1.0,1305.191,1306.507,810.4000244140625,464.3999938964844,1316.000000000031,passive,
1.0,1306.536,1306.848,813.5,473.70001220703125,311.99999999989814,,
1.0,1306.859,1307.103,758.4000244140625,466.0,244.00000000014188,,
1.0,1307.12,1307.351,844.2000122070312,484.1000061035156,231.00000000022192,passive,
1.0,1307.601,1307.851,857.5999755859375,472.6000061035156,250.0,passive,
1.0,1307.862,1308.167,803.0999755859375,473.29998779296875,304.9999999998363,passive,
1.0,1308.196,1308.586,650.5,356.3999938964844,390.00000000010004,passive,
1.0,1309.418,1309.644,797.5999755859375,417.3999938964844,226.00000000011278,passive,
1.0,1309.674,1309.844,962.4000244140625,467.70001220703125,170.00000000007276,passive,
1.0,1309.857,1310.15,901.2000122070312,424.1000061035156,293.00000000012005,passive,
1.0,1310.197,1310.385,636.7999877929688,395.20001220703125,188.00000000010186,passive,
1.0,1310.615,1310.776,637.7000122070312,350.70001220703125,161.0000000000582,passive,
1.0,1310.796,1311.002,713.2000122070312,346.29998779296875,205.9999999999036,passive,
1.0,1311.042,1311.318,910.0999755859375,493.3999938964844,276.0000000000673,passive,
1.0,1311.372,1311.603,696.0,858.2999877929688,230.99999999999454,passive,
1.0,1311.637,1311.81,751.2999877929688,726.7000122070312,173.00000000000182,passive,
1.0,1311.866,1312.144,1123.5999755859375,563.0999755859375,278.00000000002,passive,
1.0,1312.179,1312.368,954.2999877929688,496.8999938964844,188.99999999985084,passive,
1.0,1312.528,1312.982,897.7999877929688,403.6000061035156,453.9999999999509,passive,
1.0,1313.163,1313.48,634.7999877929688,393.79998779296875,317.0000000000073,passive,
1.0,1313.518,1313.546,872.5,438.0,28.00000000002001,passive,
1.0,1313.814,1314.373,841.0999755859375,467.8999938964844,558.9999999999691,passive,
1.0,1314.411,1314.561,985.9000244140625,319.29998779296875,149.99999999986358,passive,
1.0,1314.581,1314.723,928.2000122070312,246.10000610351562,142.00000000005275,passive,
1.0,1315.112,1315.217,871.0,389.5,105.00000000001819,passive,
1.0,1315.249,1315.502,794.5999755859375,530.2999877929688,252.99999999992906,passive,
1.0,1315.537,1315.675,867.7999877929688,635.5,137.99999999991996,passive,
1.0,1315.711,1315.903,1023.4000244140625,523.2000122070312,192.00000000000728,passive,
1.0,1315.955,1316.138,708.7999877929688,800.0999755859375,182.99999999999272,passive,
1.0,1316.187,1316.352,1131.9000244140625,808.2000122070312,165.000000000191,passive,
1.0,1316.379,1316.725,1258.0999755859375,786.7999877929688,346.00000000000364,passive,
1.0,1316.801,1317.011,315.6000061035156,753.9000244140625,210.00000000003638,passive,
1.0,1317.078,1317.332,528.2999877929688,351.79998779296875,254.0000000001328,passive,
1.0,1317.37,1317.499,784.4000244140625,388.8999938964844,129.0000000001328,passive,
1.0,1317.557,1317.664,429.79998779296875,692.7000122070312,106.9999999999709,passive,
1.0,1318.176,1318.364,788.2000122070312,390.8999938964844,188.00000000010186,passive,
1.0,1318.382,1318.796,828.9000244140625,449.20001220703125,413.99999999998727,passive,
1.0,1318.825,1319.006,1008.2000122070312,440.1000061035156,181.00000000004002,passive,
1.0,1319.029,1319.152,935.5999755859375,385.1000061035156,123.0000000000473,passive,
1.0,1319.167,1319.358,869.2000122070312,420.6000061035156,191.00000000003092,passive,
1.0,1319.369,1319.608,906.9000244140625,400.79998779296875,239.00000000003274,passive,
1.0,1319.637,1320.257,1020.5,287.79998779296875,620.0000000001182,passive,
1.0,1320.311,1320.63,1098.199951171875,696.2000122070312,319.00000000018736,passive,
1.0,1320.653,1320.97,1165.0999755859375,750.5999755859375,317.0000000000073,passive,
1.0,1320.992,1321.248,1218.9000244140625,752.0,256.0000000000855,passive,
1.0,1321.302,1321.496,847.2000122070312,802.7999877929688,194.00000000018736,passive,
1.0,1321.527,1321.732,812.5999755859375,604.2000122070312,204.99999999992724,passive,
1.0,1321.759,1322.152,948.5999755859375,608.9000244140625,393.0000000000291,passive,
1.0,1322.187,1322.571,793.0999755859375,433.6000061035156,384.00000000001455,passive,
1.0,1323.131,1323.154,796.0999755859375,500.29998779296875,22.99999999991087,passive,
1.0,1323.163,1323.287,794.5999755859375,445.1000061035156,124.00000000002365,passive,
1.0,1323.295,1323.536,843.5999755859375,450.5,240.99999999998545,passive,
1.0,1323.558,1323.827,907.4000244140625,523.5,269.00000000000546,passive,
1.0,1323.843,1324.025,1003.9000244140625,532.5,182.00000000001637,passive,
1.0,1324.034,1324.093,940.5999755859375,527.9000244140625,58.99999999996908,passive,
1.0,1325.398,1325.444,761.0,568.5,46.00000000004911,passive,
1.0,1325.489,1325.603,871.4000244140625,518.0,114.00000000003274,passive,
1.0,1325.693,1325.913,968.2000122070312,497.0,220.00000000002728,passive,
1.0,1325.928,1326.449,886.4000244140625,534.9000244140625,520.9999999999582,passive,
1.0,1326.48,1326.894,699.0,546.2000122070312,413.99999999998727,passive,
1.0,1326.928,1327.147,585.7000122070312,733.2000122070312,218.99999999982356,passive,
1.0,1327.162,1327.483,626.2000122070312,763.9000244140625,320.9999999999127,passive,
1.0,1327.53,1327.749,875.9000244140625,559.7000122070312,219.00000000005093,passive,
1.0,1327.79,1327.89,1143.9000244140625,501.20001220703125,100.00000000013642,passive,
1.0,1327.932,1328.39,1426.300048828125,517.7999877929688,458.0000000000837,passive,
1.0,1328.674,1329.151,770.5,503.1000061035156,477.00000000008913,passive,
1.0,1329.17,1329.423,850.7999877929688,507.79998779296875,252.99999999992906,passive,
1.0,1329.436,1329.842,807.5999755859375,473.8999938964844,406.00000000017644,passive,
1.0,1329.853,1330.499,790.2000122070312,472.20001220703125,645.9999999999582,passive,
1.0,1330.539,1330.967,528.5999755859375,531.2000122070312,428.00000000011096,passive,
1.0,1330.976,1331.131,525.9000244140625,490.8999938964844,154.99999999997272,passive,
1.0,1331.221,1331.738,1335.699951171875,442.0,517.0000000000528,passive,
1.0,1332.176,1332.855,809.0,562.2000122070312,679.0000000000873,passive,
1.0,1332.892,1333.297,946.0999755859375,448.0,404.9999999999727,passive,
1.0,1333.544,1333.786,842.2999877929688,460.20001220703125,241.9999999999618,passive,
1.0,1333.799,1334.589,816.9000244140625,487.5,789.9999999999636,passive,
1.0,1334.636,1334.76,1238.300048828125,450.0,124.00000000002365,passive,
1.0,1334.772,1335.333,1183.9000244140625,419.5,561.0000000001492,passive,
1.0,1335.908,1335.966,993.7000122070312,515.7000122070312,57.999999999992724,passive,
1.0,1336.192,1336.334,709.2000122070312,293.6000061035156,142.00000000005275,passive,
1.0,1336.358,1336.755,616.2000122070312,237.0,397.0000000001619,passive,
1.0,1336.806,1337.112,947.5999755859375,440.8999938964844,306.00000000004,passive,
1.0,1337.156,1337.401,923.5,818.5,245.00000000011823,passive,
1.0,1337.601,1337.783,957.0,709.4000244140625,181.999999999789,passive,
1.0,1337.839,1338.093,1194.9000244140625,446.0,254.0000000001328,passive,
1.0,1338.141,1338.242,829.0,445.79998779296875,100.9999999998854,passive,
1.0,1338.442,1338.607,893.0999755859375,502.29998779296875,164.99999999996362,passive,
1.0,1338.62,1339.122,863.9000244140625,475.29998779296875,502.0000000001801,passive,
1.0,1339.163,1339.407,601.2000122070312,506.6000061035156,243.9999999999145,passive,
1.0,1339.571,1339.75,547.7999877929688,400.79998779296875,179.0000000000873,passive,
1.0,1339.8,1340.396,977.2000122070312,517.0,596.0000000000036,passive,
1.0,1340.43,1340.646,746.5,453.29998779296875,215.9999999998945,passive,
1.0,1340.913,1341.337,574.9000244140625,458.5,423.9999999999782,passive,
1.0,1341.378,1341.597,831.7999877929688,444.29998779296875,219.00000000005093,passive,
1.0,1341.86,1342.073,863.2999877929688,456.79998779296875,213.0000000001928,passive,
1.0,1342.115,1342.324,659.2000122070312,483.1000061035156,209.00000000006003,passive,
1.0,1342.36,1342.769,457.79998779296875,468.6000061035156,409.0000000001055,passive,
1.0,1343.012,1343.231,733.2999877929688,489.6000061035156,219.00000000005093,passive,
1.0,1343.253,1343.406,853.7000122070312,500.20001220703125,153.00000000002,passive,
1.0,1343.414,1344.252,808.0999755859375,474.79998779296875,837.9999999999654,passive,
1.0,1344.278,1344.434,687.7999877929688,439.79998779296875,155.99999999994907,passive,
1.0,1344.483,1344.55,1131.5,449.8999938964844,67.00000000000728,passive,
1.0,1346.097,1346.536,832.5999755859375,475.29998779296875,439.0000000000782,passive,
1.0,1346.849,1347.001,826.7999877929688,457.29998779296875,152.00000000004366,passive,
1.0,1347.01,1347.435,806.4000244140625,467.5,424.9999999999545,passive,
1.0,1347.468,1347.659,971.2999877929688,464.3999938964844,191.00000000003092,passive,
1.0,1347.701,1347.856,1222.300048828125,406.29998779296875,154.99999999997272,passive,
1.0,1347.883,1348.108,1298.800048828125,299.8999938964844,224.99999999990905,passive,
1.0,1348.143,1348.449,1177.9000244140625,486.29998779296875,306.00000000004,passive,
1.0,1348.472,1348.742,1136.5999755859375,570.5,269.9999999999818,passive,
1.0,1348.903,1349.185,685.0,297.20001220703125,281.9999999999254,passive,
1.0,1349.216,1349.611,541.0999755859375,271.5,395.0000000002092,passive,
1.0,1349.651,1349.819,569.9000244140625,460.20001220703125,167.99999999989268,passive,
1.0,1350.031,1350.472,853.7999877929688,540.9000244140625,441.0000000000309,passive,
1.0,1350.517,1350.779,579.0,661.2999877929688,261.9999999999436,passive,
1.0,1350.819,1351.014,782.7999877929688,522.2000122070312,194.99999999993634,passive,
1.0,1351.054,1351.28,548.0999755859375,680.0,225.9999999998854,passive,
1.0,1351.297,1351.613,634.5999755859375,688.9000244140625,316.0000000000309,passive,
1.0,1351.625,1351.834,687.0999755859375,675.2000122070312,209.00000000006003,passive,
1.0,1352.043,1352.264,796.9000244140625,470.70001220703125,221.00000000000364,passive,
1.0,1352.296,1352.496,987.5999755859375,460.8999938964844,200.00000000004547,passive,
1.0,1352.534,1352.795,778.7999877929688,469.8999938964844,260.99999999996726,passive,
1.0,1352.829,1353.062,919.2000122070312,470.29998779296875,232.99999999994725,passive,
1.0,1353.286,1353.616,850.0,446.70001220703125,329.99999999992724,passive,
1.0,1353.629,1354.329,790.7999877929688,477.8999938964844,700.0000000000455,passive,
1.0,1354.35,1354.732,841.7000122070312,450.8999938964844,382.00000000006185,passive,
1.0,1354.797,1355.07,1390.0,432.70001220703125,272.99999999991087,passive,
1.0,1355.251,1355.358,1035.4000244140625,383.8999938964844,106.9999999999709,passive,
1.0,1355.386,1355.559,868.4000244140625,462.29998779296875,173.00000000000182,passive,
1.0,1355.572,1355.608,820.2999877929688,465.8999938964844,36.00000000005821,passive,
1.0,1355.902,1356.073,852.0999755859375,454.29998779296875,171.0000000000491,passive,
1.0,1356.086,1356.386,800.7000122070312,445.20001220703125,299.9999999999545,passive,
1.0,1356.404,1356.643,804.4000244140625,503.29998779296875,239.00000000003274,passive,
1.0,1356.84,1357.338,854.7999877929688,589.0,498.0000000000473,passive,
1.0,1357.363,1357.775,762.4000244140625,507.8999938964844,412.00000000003456,passive,
1.0,1357.823,1358.104,1110.9000244140625,516.5,280.99999999994907,passive,
1.0,1358.156,1358.297,1442.800048828125,477.70001220703125,141.0000000000764,passive,
1.0,1358.33,1358.538,1572.9000244140625,341.79998779296875,208.00000000008367,passive,
1.0,1358.785,1358.896,802.0,625.4000244140625,110.99999999987631,passive,
1.0,1358.914,1359.185,869.9000244140625,619.5999755859375,270.99999999995816,passive,
1.0,1359.211,1359.443,817.4000244140625,515.7999877929688,231.9999999999709,passive,
1.0,1359.45,1359.537,842.7000122070312,504.1000061035156,86.99999999998909,passive,
1.0,1359.544,1360.872,838.2999877929688,480.8999938964844,1327.9999999999745,passive,
1.0,1361.078,1361.261,776.5999755859375,476.8999938964844,182.99999999999272,passive,
1.0,1361.268,1362.087,815.5,463.8999938964844,818.99999999996,passive,
1.0,1362.622,1362.749,820.2999877929688,487.79998779296875,126.9999999999527,passive,
1.0,1363.05,1363.386,840.7999877929688,530.2999877929688,336.00000000001273,passive,
1.0,1363.45,1363.727,1359.5999755859375,577.0,277.00000000004366,passive,
1.0,1365.011,1365.336,796.5999755859375,536.9000244140625,325.0000000000455,passive,
1.0,1365.353,1365.976,722.7999877929688,480.0,623.0000000000473,passive,
1.0,1366.002,1366.322,826.2999877929688,456.5,319.99999999993634,passive,
1.0,1366.336,1366.761,765.0,459.5,424.9999999999545,passive,
1.0,1366.769,1367.051,748.7999877929688,504.70001220703125,281.9999999999254,passive,
1.0,1367.064,1367.642,817.0999755859375,497.8999938964844,577.9999999999745,passive,
1.0,1367.797,1368.205,790.0999755859375,491.8999938964844,407.9999999999018,passive,
1.0,1368.215,1369.182,810.0999755859375,470.3999938964844,967.0000000000982,passive,
1.0,1369.201,1369.388,873.9000244140625,492.0,186.99999999989814,passive,
1.0,1369.625,1370.353,1163.800048828125,503.8999938964844,728.0000000000655,passive,
1.0,1370.742,1370.867,937.4000244140625,422.8999938964844,125.0,passive,
1.0,1371.112,1371.41,920.0999755859375,502.20001220703125,298.0000000000018,passive,
1.0,1371.439,1371.914,752.7999877929688,557.2999877929688,474.99999999990905,passive,
1.0,1371.945,1372.098,884.2000122070312,552.9000244140625,153.00000000002,passive,
1.0,1372.111,1372.259,1006.2999877929688,513.4000244140625,147.99999999991087,passive,
1.0,1372.284,1372.704,1174.5,477.0,419.9999999998454,passive,
1.0,1372.727,1373.048,1102.699951171875,405.8999938964844,320.9999999999127,passive,
1.0,1373.097,1373.454,1476.5,429.1000061035156,356.9999999999709,passive,
1.0,1374.016,1374.172,873.0999755859375,408.8999938964844,155.99999999994907,passive,
1.0,1374.188,1374.349,819.0999755859375,449.79998779296875,160.99999999983083,passive,
1.0,1374.359,1374.587,791.5,463.29998779296875,228.00000000006548,passive,
1.0,1374.62,1375.03,613.7999877929688,477.79998779296875,410.00000000008185,passive,
1.0,1375.039,1375.689,589.2000122070312,479.70001220703125,650.000000000091,passive,
1.0,1375.703,1375.845,674.5,477.6000061035156,142.00000000005275,passive,
1.0,1376.164,1376.236,627.7000122070312,516.2999877929688,72.00000000011642,passive,
1.0,1377.174,1377.309,673.7000122070312,497.0,134.9999999999909,passive,
1.0,1377.318,1378.189,595.2999877929688,476.1000061035156,871.0000000000946,passive,
1.0,1378.239,1378.442,176.1999969482422,490.70001220703125,202.99999999997453,passive,
1.0,1378.474,1378.595,375.6000061035156,501.0,121.00000000009459,passive,
1.0,1378.802,1378.876,838.2999877929688,496.8999938964844,74.00000000006912,passive,
1.0,1378.894,1379.906,783.0999755859375,474.20001220703125,1011.9999999999436,passive,
1.0,1379.939,1380.201,909.2000122070312,389.6000061035156,261.9999999999436,passive,
1.0,1380.238,1380.697,793.4000244140625,508.29998779296875,458.99999999983265,passive,
1.0,1380.704,1381.484,841.5999755859375,512.7000122070312,779.9999999999727,passive,
1.0,1381.68,1381.818,856.5,511.79998779296875,137.99999999991996,passive,
1.0,1381.855,1382.242,717.2000122070312,323.8999938964844,386.9999999999436,passive,
1.0,1382.28,1382.559,757.0,509.0,278.99999999999636,passive,
1.0,1382.616,1382.976,1215.699951171875,562.4000244140625,360.00000000012733,passive,
1.0,1383.116,1383.431,447.5,745.0999755859375,315.00000000005457,passive,
1.0,1383.454,1383.648,450.29998779296875,674.5999755859375,193.99999999995998,passive,
1.0,1383.703,1383.988,862.5,563.7999877929688,285.00000000008185,passive,
1.0,1383.998,1384.232,812.7999877929688,533.2999877929688,233.9999999999236,passive,
1.0,1384.247,1384.596,864.2999877929688,534.0,348.9999999999327,passive,
1.0,1384.725,1385.266,814.2000122070312,498.29998779296875,541.0000000001673,passive,
1.0,1385.299,1385.592,674.4000244140625,547.5999755859375,293.00000000012005,passive,
1.0,1385.61,1385.847,695.7999877929688,490.29998779296875,237.00000000008004,passive,
1.0,1385.881,1386.109,906.5999755859375,518.0999755859375,227.9999999998381,passive,
1.0,1386.131,1386.236,793.7999877929688,492.8999938964844,105.00000000001819,passive,
1.0,1386.503,1387.215,800.2999877929688,470.1000061035156,711.9999999999891,passive,
1.0,1387.241,1387.598,921.2000122070312,431.3999938964844,356.9999999999709,passive,
1.0,1387.64,1387.997,694.0999755859375,587.7999877929688,356.9999999999709,passive,
1.0,1388.012,1388.203,771.5999755859375,580.7999877929688,191.00000000003092,passive,
1.0,1388.242,1388.376,1026.5,603.0,134.00000000001455,passive,
1.0,1388.523,1388.723,1013.4000244140625,592.5,200.00000000004547,passive,
1.0,1388.769,1388.994,695.7000122070312,641.0,224.99999999990905,passive,
1.0,1389.005,1389.408,661.0999755859375,661.5,402.99999999979264,passive,
1.0,1389.672,1389.944,832.4000244140625,373.5,271.9999999999345,passive,
1.0,1389.957,1390.108,899.0,368.20001220703125,150.99999999983993,passive,
1.0,1390.154,1390.599,553.5,391.20001220703125,444.99999999993634,passive,
1.0,1390.637,1390.935,797.0999755859375,396.8999938964844,298.0000000000018,passive,
1.0,1391.095,1391.346,505.3999938964844,512.4000244140625,250.99999999997635,passive,
1.0,1391.375,1391.693,660.5999755859375,506.0,317.99999999998363,passive,
1.0,1391.717,1392.152,746.5999755859375,488.8999938964844,434.99999999994543,passive,
1.0,1392.177,1393.145,829.9000244140625,492.0,968.0000000000746,passive,
1.0,1393.362,1393.693,775.2000122070312,586.2000122070312,330.9999999999036,passive,
1.0,1393.709,1394.632,783.2999877929688,514.0,923.0000000000018,passive,
1.0,1394.64,1394.821,813.5,505.0,180.99999999981264,passive,
1.0,1394.83,1395.221,781.4000244140625,472.5,391.0000000000764,passive,
1.0,1395.236,1395.407,835.5999755859375,476.29998779296875,170.99999999982174,passive,
1.0,1395.416,1395.587,804.9000244140625,481.1000061035156,171.0000000000491,passive,
1.0,1395.615,1395.757,919.4000244140625,609.2000122070312,142.00000000005275,passive,
1.0,1395.772,1395.864,977.7999877929688,569.0,92.00000000009823,passive,
1.0,1396.067,1396.256,843.7999877929688,513.7999877929688,189.00000000007822,passive,
1.0,1396.283,1396.747,756.4000244140625,604.7999877929688,464.00000000016917,passive,
1.0,1396.772,1396.962,770.7999877929688,476.0,190.00000000005457,passive,
1.0,1396.995,1397.389,948.2000122070312,406.0,394.00000000000546,passive,
1.0,1397.443,1397.597,568.2000122070312,375.79998779296875,153.99999999999636,passive,
1.0,1397.775,1398.038,448.8999938964844,415.70001220703125,262.99999999991996,passive,
1.0,1398.09,1398.651,876.7999877929688,386.20001220703125,561.0000000001492,passive,
1.0,1398.671,1398.787,784.2999877929688,454.5,115.99999999998545,passive,
1.0,1399.024,1399.09,791.2999877929688,450.6000061035156,66.00000000003092,passive,
1.0,1399.414,1399.595,820.5,453.6000061035156,181.00000000004002,passive,
1.0,1399.634,1400.073,633.4000244140625,549.0999755859375,439.0000000000782,passive,
1.0,1400.102,1400.278,735.0999755859375,521.2999877929688,175.99999999993088,passive,
1.0,1400.566,1400.578,703.0,457.3999938964844,11.999999999943611,passive,
1.0,1400.867,1401.15,787.4000244140625,510.29998779296875,283.00000000012915,passive,
1.0,1401.161,1401.422,734.2999877929688,518.0999755859375,260.99999999996726,passive,
1.0,1401.453,1401.857,846.0999755859375,468.1000061035156,403.99999999999636,passive,
1.0,1401.876,1402.287,790.5999755859375,543.5999755859375,411.0000000000582,passive,
1.0,1402.308,1402.938,693.5,567.5,630.0000000001091,passive,
1.0,1403.139,1403.302,818.0999755859375,567.2999877929688,163.0000000000109,passive,
1.0,1403.309,1403.713,847.2000122070312,549.5999755859375,403.99999999999636,passive,
1.0,1403.721,1403.989,833.7000122070312,547.7999877929688,268.0000000000291,passive,
1.0,1404.028,1404.121,626.0,593.5999755859375,93.00000000007458,passive,
1.0,1404.138,1404.327,548.5,603.7999877929688,189.00000000007822,passive,
1.0,1404.335,1404.605,569.0,592.2999877929688,269.9999999999818,passive,
1.0,1404.616,1404.854,607.2999877929688,591.5999755859375,238.0000000000564,passive,
1.0,1404.869,1405.437,626.0,520.0,567.9999999999836,passive,
1.0,1405.484,1405.647,938.0,626.5999755859375,163.0000000000109,passive,
1.0,1405.795,1406.238,954.9000244140625,730.7000122070312,442.99999999998363,passive,
1.0,1406.29,1406.433,1322.5999755859375,641.7000122070312,143.0000000000291,passive,
1.0,1406.622,1406.882,403.70001220703125,517.2000122070312,259.9999999999909,passive,
1.0,1406.925,1407.021,174.5,541.7999877929688,96.00000000000364,passive,
1.0,1407.029,1407.201,186.60000610351562,544.9000244140625,172.00000000002547,passive,
1.0,1407.366,1407.726,646.4000244140625,567.9000244140625,360.00000000012733,passive,
1.0,1407.738,1408.153,678.4000244140625,537.7000122070312,414.9999999999636,passive,
1.0,1408.186,1408.551,854.5,592.4000244140625,365.0000000000091,passive,
1.0,1408.577,1408.931,697.0999755859375,586.5,354.00000000004184,passive,
1.0,1408.956,1409.234,832.2000122070312,571.2999877929688,278.00000000002,passive,
1.0,1409.258,1409.917,741.2999877929688,553.9000244140625,658.9999999998781,passive,
1.0,1410.109,1410.344,743.5999755859375,545.9000244140625,235.00000000012733,passive,
1.0,1410.353,1410.868,800.7999877929688,496.8999938964844,514.9999999998727,,
1.0,1410.883,1411.206,758.5999755859375,465.3999938964844,322.9999999998654,passive,
1.0,1411.24,1411.449,863.7000122070312,497.70001220703125,209.00000000006003,passive,
1.0,1411.638,1411.803,835.5999755859375,454.5,165.000000000191,passive,
1.0,1411.818,1411.992,846.2000122070312,527.4000244140625,173.99999999997817,passive,
1.0,1412.012,1412.144,805.0,473.8999938964844,132.00000000006185,passive,
1.0,1412.172,1412.348,659.2000122070312,506.79998779296875,175.99999999993088,passive,
1.0,1412.394,1412.719,982.9000244140625,438.5,325.0000000000455,passive,
1.0,1412.768,1413.12,1324.0999755859375,307.8999938964844,351.99999999986176,passive,
1.0,1413.283,1413.517,1618.0999755859375,392.8999938964844,234.00000000015098,passive,
1.0,1413.563,1413.872,1254.199951171875,291.8999938964844,308.9999999999691,passive,
1.0,1414.075,1414.289,732.2999877929688,504.5,213.9999999999418,passive,
1.0,1414.328,1414.663,580.7999877929688,556.0999755859375,335.0000000000364,passive,
1.0,1414.7,1415.322,737.7000122070312,514.5999755859375,621.9999999998436,passive,
1.0,1415.339,1415.569,682.2000122070312,521.7000122070312,230.0000000000182,passive,
1.0,1415.79,1415.946,784.5999755859375,474.3999938964844,155.99999999994907,passive,
1.0,1415.973,1416.607,686.5999755859375,532.5,634.0000000000146,passive,
1.0,1416.62,1416.784,738.9000244140625,539.5,164.00000000021464,passive,
1.0,1416.806,1416.886,840.0999755859375,526.4000244140625,79.99999999992724,passive,
1.0,1417.138,1417.353,807.7000122070312,483.6000061035156,215.00000000014552,passive,
1.0,1417.372,1417.651,849.2000122070312,521.0,278.99999999999636,passive,
1.0,1417.703,1417.88,466.0,595.5999755859375,177.0000000001346,passive,
1.0,1418.03,1418.215,491.6000061035156,435.6000061035156,184.99999999994543,passive,
1.0,1418.411,1418.52,577.7000122070312,463.70001220703125,108.9999999999236,passive,
1.0,1418.89,1419.04,734.2000122070312,473.79998779296875,149.99999999986358,passive,
1.0,1419.09,1419.476,1001.9000244140625,615.0,386.00000000019463,passive,
1.0,1419.529,1419.754,537.4000244140625,466.1000061035156,224.99999999990905,passive,
1.0,1419.927,1420.132,545.2000122070312,458.5,205.0000000001546,passive,
1.0,1420.389,1420.482,757.2000122070312,500.6000061035156,93.00000000007458,passive,
1.0,1420.519,1420.886,926.7999877929688,577.2999877929688,366.9999999999618,passive,
1.0,1420.894,1421.07,955.5999755859375,592.2999877929688,175.99999999993088,passive,
1.0,1421.121,1421.418,1245.9000244140625,664.7000122070312,296.9999999997981,passive,
1.0,1421.992,1422.142,757.5999755859375,513.2999877929688,150.00000000009095,passive,
1.0,1422.165,1422.393,629.5,540.0,228.00000000006548,passive,
1.0,1422.401,1423.031,598.2999877929688,530.5999755859375,629.9999999998818,passive,
1.0,1423.1,1423.404,1354.4000244140625,695.0999755859375,304.0000000000873,passive,
1.0,1423.43,1423.59,1248.5,583.5999755859375,159.99999999985448,passive,
1.0,1423.633,1423.877,880.5999755859375,606.7000122070312,243.9999999999145,passive,
1.0,1423.904,1424.057,782.5,584.0,153.00000000002,passive,
1.0,1424.085,1424.259,652.4000244140625,549.9000244140625,173.99999999997817,passive,
1.0,1424.266,1424.443,630.2999877929688,537.5999755859375,176.99999999990723,passive,
1.0,1424.547,1424.569,316.3999938964844,792.7000122070312,21.999999999934516,passive,
1.0,1424.678,1424.715,327.1000061035156,779.2000122070312,36.99999999980719,passive,
1.0,1424.765,1424.791,257.70001220703125,703.0999755859375,25.99999999983993,passive,
1.0,1425.022,1425.056,258.70001220703125,713.7999877929688,34.0000000001055,passive,
1.0,1425.113,1425.317,648.0,572.7000122070312,203.9999999999509,passive,
1.0,1425.489,1425.599,779.2999877929688,518.7000122070312,109.99999999989996,passive,
1.0,1425.779,1425.978,807.2000122070312,528.2999877929688,199.00000000006912,passive,
1.0,1425.992,1426.284,848.9000244140625,508.79998779296875,292.0000000001437,passive,
1.0,1426.314,1426.508,684.5999755859375,588.2000122070312,193.99999999995998,passive,
1.0,1426.532,1426.695,784.2999877929688,640.5,163.0000000000109,passive,
1.0,1426.853,1427.23,756.7999877929688,523.7000122070312,376.9999999999527,passive,
1.0,1427.24,1427.536,753.0,461.5,296.0000000000491,passive,
1.0,1427.588,1427.768,1121.5,565.9000244140625,180.00000000006366,passive,
1.0,1427.795,1428.002,1237.5999755859375,614.5,206.99999999987995,passive,
1.0,1428.162,1428.22,942.5,626.4000244140625,57.999999999992724,passive,
1.0,1428.255,1428.49,770.9000244140625,734.7999877929688,234.99999999989996,passive,
1.0,1428.502,1429.112,717.5999755859375,765.4000244140625,610.0000000001273,passive,
1.0,1429.156,1429.254,877.2999877929688,531.0,97.99999999995634,passive,
1.0,1429.475,1430.091,808.9000244140625,490.0,615.9999999999854,passive,
1.0,1430.118,1430.503,851.5999755859375,596.2999877929688,384.9999999999909,passive,
1.0,1430.527,1430.758,762.9000244140625,616.2999877929688,230.99999999999454,passive,
1.0,1430.824,1431.012,1353.0999755859375,600.5,187.9999999998745,passive,
1.0,1431.036,1431.294,1220.199951171875,557.7999877929688,258.0000000000382,passive,
1.0,1431.337,1431.534,927.7999877929688,518.0999755859375,197.00000000011642,passive,
1.0,1431.887,1432.063,785.0,586.5,176.00000000015825,passive,
1.0,1432.073,1432.604,748.5,567.9000244140625,530.9999999999491,passive,
1.0,1432.621,1433.054,822.0999755859375,558.5,432.9999999999927,passive,
1.0,1433.073,1433.54,755.7000122070312,569.0,466.99999999987085,passive,
1.0,1433.561,1433.752,873.4000244140625,568.5999755859375,191.00000000003092,passive,
1.0,1433.779,1434.166,720.0,574.7000122070312,386.9999999999436,passive,
1.0,1434.32,1434.531,794.4000244140625,548.4000244140625,211.00000000001273,passive,
1.0,1434.539,1435.106,757.0999755859375,580.7999877929688,567.0000000000073,passive,
1.0,1435.124,1435.532,833.0,543.7999877929688,407.9999999999018,passive,
1.0,1435.547,1435.743,761.2999877929688,563.7999877929688,195.9999999999127,passive,
1.0,1435.766,1436.119,830.0,504.79998779296875,352.9999999998381,passive,
1.0,1436.133,1436.381,852.9000244140625,503.8999938964844,248.0000000000473,passive,
1.0,1436.392,1436.547,809.7999877929688,527.9000244140625,154.99999999997272,passive,
1.0,1436.567,1436.815,785.2000122070312,620.7999877929688,248.0000000000473,passive,
1.0,1436.865,1437.053,1119.5999755859375,615.5,188.00000000010186,passive,
1.0,1437.09,1437.535,1333.5,555.7000122070312,445.0000000001637,passive,
1.0,1437.854,1437.897,690.0999755859375,689.2000122070312,42.99999999989268,passive,
1.0,1438.188,1438.349,740.2000122070312,658.4000244140625,160.99999999983083,passive,
1.0,1438.366,1438.547,702.7000122070312,574.5999755859375,181.00000000004002,passive,
1.0,1438.554,1438.775,727.5999755859375,532.0999755859375,221.00000000000364,passive,
1.0,1438.825,1439.049,374.70001220703125,596.7999877929688,223.9999999999327,passive,
1.0,1439.058,1439.29,328.8999938964844,573.5,231.9999999999709,passive,
1.0,1439.323,1439.79,540.5999755859375,567.5,466.99999999987085,passive,
1.0,1440.03,1440.252,790.0999755859375,575.9000244140625,221.99999999998,passive,
1.0,1440.269,1440.573,853.7999877929688,517.5999755859375,304.0000000000873,passive,
1.0,1440.586,1441.197,789.5,495.1000061035156,610.9999999998763,passive,
1.0,1441.229,1441.756,747.7000122070312,293.3999938964844,527.0000000000437,passive,
1.0,1441.804,1442.055,793.0999755859375,599.2000122070312,250.99999999997635,passive,
1.0,1442.108,1442.341,1209.0,741.7000122070312,232.99999999994725,passive,
1.0,1442.384,1442.774,1485.699951171875,784.5999755859375,389.99999999987267,passive,
1.0,1442.961,1443.092,733.9000244140625,349.20001220703125,131.0000000000855,passive,
1.0,1443.111,1443.915,757.0999755859375,281.70001220703125,803.9999999998599,passive,
1.0,1443.936,1444.093,751.4000244140625,360.70001220703125,157.0000000001528,passive,
1.0,1444.118,1444.363,789.7000122070312,496.8999938964844,245.00000000011823,passive,
1.0,1444.575,1444.931,822.7000122070312,583.0999755859375,355.99999999999454,passive,
1.0,1444.977,1446.277,736.4000244140625,269.0,1299.9999999999545,passive,
1.0,1446.447,1447.086,803.0999755859375,570.2999877929688,639.0000000001237,passive,
1.0,1447.107,1447.539,754.4000244140625,502.79998779296875,432.00000000001637,passive,
1.0,1447.564,1447.998,833.7999877929688,456.6000061035156,433.9999999999691,passive,
1.0,1448.021,1448.196,769.2999877929688,408.1000061035156,174.99999999995453,passive,
1.0,1448.217,1448.607,745.7000122070312,272.0,389.99999999987267,passive,
1.0,1448.662,1448.774,152.1999969482422,228.10000610351562,111.99999999985266,passive,
1.0,1448.833,1448.875,827.0999755859375,446.3999938964844,41.99999999991633,passive,
1.0,1449.392,1449.491,746.2000122070312,478.1000061035156,98.9999999999327,passive,
1.0,1449.509,1449.728,824.7999877929688,476.3999938964844,219.00000000005093,passive,
1.0,1449.76,1449.891,697.9000244140625,434.29998779296875,131.0000000000855,passive,
1.0,1449.916,1451.007,698.0999755859375,287.5,1091.0000000001219,passive,
1.0,1451.02,1451.731,710.5,313.29998779296875,711.0000000000127,passive,
1.0,1451.858,1452.201,1385.199951171875,503.79998779296875,343.0000000000746,passive,
1.0,1452.228,1452.548,1267.699951171875,387.6000061035156,319.99999999993634,passive,
1.0,1452.592,1452.715,1003.0,396.20001220703125,122.99999999981992,passive,
1.0,1452.743,1452.903,879.7999877929688,422.79998779296875,160.00000000008185,passive,
1.0,1452.956,1453.2,445.6000061035156,629.9000244140625,244.00000000014188,passive,
1.0,1453.227,1453.531,519.0999755859375,739.5,303.99999999985994,passive,
1.0,1453.572,1453.809,331.3999938964844,521.9000244140625,237.00000000008004,passive,
1.0,1453.834,1454.134,418.29998779296875,462.20001220703125,299.9999999999545,passive,
1.0,1454.312,1454.448,836.4000244140625,485.3999938964844,136.00000000019463,passive,
1.0,1454.808,1455.17,797.5,525.5,362.00000000008004,passive,
1.0,1455.206,1455.668,933.7000122070312,503.29998779296875,461.9999999999891,passive,
1.0,1455.677,1455.972,880.0,494.20001220703125,295.00000000007276,passive,
1.0,1456.003,1456.291,1051.5999755859375,580.2000122070312,288.0000000000109,passive,
1.0,1456.339,1456.523,1322.0999755859375,591.0,183.99999999996908,passive,
1.0,1456.694,1457.014,760.0999755859375,399.29998779296875,319.99999999993634,passive,
1.0,1457.046,1457.284,909.2000122070312,374.70001220703125,238.0000000000564,passive,
1.0,1457.293,1458.867,830.2000122070312,517.7999877929688,1574.0000000000691,,
1.0,1458.993,1459.221,788.2000122070312,556.0,228.00000000006548,active,
1.0,1459.25,1459.581,937.0999755859375,592.7000122070312,330.9999999999036,active,
1.0,1459.697,1459.939,828.7999877929688,530.9000244140625,242.00000000018917,active,
1.0,1459.962,1460.394,918.5,559.4000244140625,432.00000000001637,active,
1.0,1460.438,1460.627,1098.0,751.5,188.99999999985084,active,
1.0,1460.636,1460.82,1116.300048828125,735.5999755859375,183.99999999996908,active,
1.0,1460.859,1461.11,937.4000244140625,599.4000244140625,250.99999999997635,active,
1.0,1461.129,1461.448,946.2000122070312,539.9000244140625,319.00000000018736,active,
1.0,1461.459,1461.712,964.7000122070312,457.0,252.99999999992906,active,
1.0,1461.731,1461.959,1034.0999755859375,395.5,228.00000000006548,active,
1.0,1462.073,1462.34,1079.800048828125,269.29998779296875,266.9999999998254,active,
1.0,1462.413,1462.645,327.5,207.60000610351562,231.9999999999709,active,
1.0,1462.743,1463.036,1075.5,848.0,293.00000000012005,active,
1.0,1463.061,1463.484,1113.4000244140625,750.5,423.0000000000018,active,
1.0,1463.526,1463.711,867.7000122070312,629.5999755859375,184.99999999994543,active,
1.0,1463.853,1464.065,858.0999755859375,487.20001220703125,211.9999999999891,active,
1.0,1464.075,1464.769,824.0999755859375,519.7000122070312,693.99999999996,active,
1.0,1464.807,1465.092,1034.5,472.20001220703125,285.00000000008185,active,
1.0,1465.206,1465.464,777.2000122070312,428.5,258.0000000000382,active,
1.0,1465.474,1465.635,795.7000122070312,380.20001220703125,161.0000000000582,active,
1.0,1465.665,1466.0,876.5999755859375,292.1000061035156,335.0000000000364,active,
1.0,1466.031,1466.224,736.5999755859375,445.29998779296875,192.99999999998363,active,
1.0,1466.269,1466.381,366.70001220703125,320.0,112.00000000008004,active,
1.0,1466.436,1466.853,874.7999877929688,301.20001220703125,417.0000000001437,active,
1.0,1466.863,1467.051,861.9000244140625,246.1999969482422,187.9999999998745,active,
1.0,1467.059,1467.578,826.5,252.5,519.0000000000055,active,
1.0,1467.585,1467.969,877.2000122070312,244.3000030517578,384.00000000001455,active,
1.0,1468.098,1468.437,873.2000122070312,274.79998779296875,338.9999999999418,active,
1.0,1468.499,1468.818,1427.5999755859375,219.0,318.99999999996,active,
1.0,1468.938,1469.121,1103.699951171875,732.4000244140625,182.99999999999272,active,
1.0,1469.18,1469.31,751.5,446.6000061035156,129.99999999988177,active,
1.0,1469.526,1469.677,875.9000244140625,497.70001220703125,150.99999999983993,active,
1.0,1469.7,1470.408,822.0,505.1000061035156,707.9999999998563,active,
1.0,1470.546,1471.042,934.7000122070312,523.4000244140625,495.9999999998672,active,
1.0,1471.091,1471.282,1249.5,691.5,191.00000000003092,active,
1.0,1471.32,1471.453,1470.0999755859375,731.2000122070312,133.0000000000382,active,
1.0,1471.597,1471.8,899.0999755859375,595.0,202.99999999997453,active,
1.0,1472.011,1472.251,829.0,566.9000244140625,240.0000000000091,active,
1.0,1472.291,1472.591,609.7000122070312,614.2999877929688,299.9999999999545,active,
1.0,1472.645,1472.786,895.5,573.5999755859375,141.0000000000764,active,
1.0,1472.944,1473.674,917.7000122070312,563.5,730.0000000000182,active,
1.0,1473.71,1474.071,700.5,605.2999877929688,360.9999999998763,active,
1.0,1474.131,1474.33,1201.0999755859375,687.5,198.99999999984175,active,
1.0,1474.371,1474.527,1375.0999755859375,760.2000122070312,155.99999999994907,active,
1.0,1474.597,1474.814,732.2000122070312,544.2000122070312,217.00000000009823,active,
1.0,1474.962,1475.145,886.9000244140625,520.0,182.99999999999272,active,
1.0,1475.165,1475.669,827.2999877929688,537.0999755859375,504.0000000001328,active,
1.0,1475.817,1476.235,831.9000244140625,542.5,417.9999999998927,active,
1.0,1476.379,1476.587,816.0,526.4000244140625,208.00000000008367,active,
1.0,1476.63,1476.869,1061.800048828125,537.2000122070312,238.99999999980537,active,
1.0,1476.905,1477.037,821.0999755859375,529.2999877929688,132.00000000006185,active,
1.0,1477.09,1477.284,644.7000122070312,302.3999938964844,194.00000000018736,active,
1.0,1477.336,1477.701,916.9000244140625,268.29998779296875,365.0000000000091,active,
1.0,1477.918,1478.2,353.6000061035156,257.79998779296875,282.0000000001528,active,
1.0,1478.253,1478.449,256.20001220703125,543.5999755859375,196.00000000014006,active,
1.0,1478.524,1478.674,1163.5999755859375,613.7999877929688,150.00000000009095,active,
1.0,1478.726,1478.86,1460.4000244140625,586.5,133.99999999978718,active,
1.0,1478.918,1479.145,1312.9000244140625,236.6999969482422,227.00000000008913,active,
1.0,1479.213,1479.379,697.5999755859375,247.0,165.99999999993997,active,
1.0,1479.52,1479.782,501.79998779296875,282.70001220703125,261.9999999999436,active,
1.0,1479.913,1480.39,842.0999755859375,496.0,477.00000000008913,active,
1.0,1480.416,1480.835,760.7000122070312,497.1000061035156,419.0000000000964,active,
1.0,1480.864,1480.943,935.2000122070312,431.0,78.99999999995089,active,
1.0,1481.044,1481.248,759.5999755859375,465.6000061035156,203.9999999999509,active,
1.0,1481.276,1481.497,648.7999877929688,430.6000061035156,221.00000000000364,active,
1.0,1481.556,1481.703,1041.300048828125,366.20001220703125,146.99999999993452,active,
1.0,1481.824,1482.129,772.4000244140625,505.0,304.9999999998363,active,
1.0,1482.16,1482.588,936.0999755859375,539.5999755859375,427.9999999998836,active,
1.0,1482.733,1483.103,767.0999755859375,692.2000122070312,370.00000000011823,active,
1.0,1483.15,1483.366,929.9000244140625,863.5999755859375,215.9999999998945,active,
1.0,1483.425,1483.581,670.5999755859375,548.5,155.99999999994907,active,
1.0,1483.707,1484.44,635.7999877929688,451.3999938964844,732.9999999999472,active,
1.0,1484.447,1484.975,659.7000122070312,443.1000061035156,528.00000000002,active,
1.0,1484.997,1485.154,783.4000244140625,439.6000061035156,156.99999999992542,active,
1.0,1485.163,1485.528,813.2000122070312,432.0,365.0000000000091,active,
1.0,1485.58,1485.74,1111.0999755859375,296.70001220703125,160.00000000008185,active,
1.0,1485.767,1485.959,1019.2999877929688,206.8000030517578,192.00000000000728,active,
1.0,1485.985,1486.153,1118.4000244140625,223.8000030517578,168.00000000012005,active,
1.0,1486.21,1486.382,1562.699951171875,271.6000061035156,172.00000000002547,active,
1.0,1486.515,1486.76,949.4000244140625,779.4000244140625,244.99999999989086,active,
1.0,1486.786,1486.862,983.2000122070312,888.5,76.00000000002183,active,
1.0,1486.947,1487.129,1559.4000244140625,262.79998779296875,182.00000000001637,active,
1.0,1487.146,1487.384,1513.5999755859375,221.3000030517578,238.0000000000564,active,
1.0,1487.58,1488.55,840.4000244140625,542.5,970.0000000000273,active,
1.0,1488.56,1488.816,792.5,521.0,256.0000000000855,active,
1.0,1488.853,1489.017,965.2000122070312,455.20001220703125,163.99999999998727,active,
1.0,1489.127,1489.638,931.9000244140625,531.0,510.99999999996726,active,
1.0,1489.686,1489.918,903.2999877929688,793.5,231.9999999999709,active,
1.0,1490.083,1490.357,1312.699951171875,474.1000061035156,273.9999999998872,active,
1.0,1490.392,1490.603,1491.9000244140625,371.29998779296875,211.00000000001273,active,
1.0,1490.711,1491.019,989.7000122070312,442.70001220703125,307.9999999999927,active,
1.0,1491.082,1491.383,1290.0999755859375,337.0,300.9999999999309,active,
1.0,1491.509,1491.67,1049.699951171875,323.5,161.0000000000582,active,
1.0,1491.725,1491.905,520.5999755859375,312.3999938964844,180.00000000006366,active,
1.0,1491.947,1492.206,265.8999938964844,350.1000061035156,259.00000000001455,active,
1.0,1492.317,1492.598,309.3999938964844,384.6000061035156,280.99999999994907,active,
1.0,1492.659,1492.962,659.2000122070312,586.4000244140625,302.9999999998836,active,
1.0,1492.999,1493.287,565.4000244140625,784.7999877929688,288.0000000000109,active,
1.0,1493.432,1493.635,1100.199951171875,468.79998779296875,202.99999999997453,active,
1.0,1493.671,1494.049,906.0999755859375,462.70001220703125,377.99999999992906,active,
1.0,1494.218,1494.437,831.2999877929688,533.0,218.99999999982356,active,
1.0,1494.446,1495.018,819.7999877929688,500.6000061035156,572.0000000001164,active,
1.0,1495.054,1495.214,669.2999877929688,378.6000061035156,159.99999999985448,active,
1.0,1495.234,1495.605,638.0999755859375,319.8999938964844,371.0000000000946,active,
1.0,1495.725,1495.89,711.5999755859375,445.5,165.000000000191,active,
1.0,1495.918,1496.469,859.5,494.70001220703125,551.0000000001583,active,
1.0,1496.498,1496.839,937.2999877929688,658.5,340.9999999998945,active,
1.0,1496.887,1497.037,559.9000244140625,755.0,150.00000000009095,active,
1.0,1497.167,1497.372,598.4000244140625,645.2999877929688,205.0000000001546,active,
1.0,1497.44,1497.681,1229.199951171875,508.5,240.99999999998545,active,
1.0,1497.72,1497.959,1373.9000244140625,376.0,239.00000000003274,active,
1.0,1498.064,1498.239,1251.699951171875,281.29998779296875,174.99999999995453,active,
1.0,1498.265,1498.506,1321.4000244140625,202.39999389648438,240.99999999998545,active,
1.0,1498.534,1498.649,1456.0,143.89999389648438,114.99999999978172,active,
1.0,1498.712,1498.887,689.4000244140625,167.10000610351562,174.99999999995453,active,
1.0,1498.937,1499.12,311.79998779296875,220.6999969482422,182.99999999999272,active,
1.0,1499.264,1499.481,477.6000061035156,525.5999755859375,217.00000000009823,active,
1.0,1499.633,1500.341,789.5,492.70001220703125,707.9999999998563,active,
1.0,1500.393,1500.594,1130.0999755859375,500.6000061035156,201.00000000002183,active,
1.0,1500.646,1500.903,840.0999755859375,629.5,257.00000000006185,active,
1.0,1501.041,1501.569,854.5,658.0999755859375,528.00000000002,active,
1.0,1501.59,1501.775,808.4000244140625,576.4000244140625,185.0000000001728,active,
1.0,1501.838,1502.012,1234.300048828125,415.3999938964844,173.99999999997817,active,
1.0,1502.034,1502.186,1156.5,406.6000061035156,151.99999999981628,active,
1.0,1502.237,1502.532,735.0,479.20001220703125,294.9999999998454,active,
1.0,1502.588,1502.768,240.6999969482422,583.5,180.00000000006366,active,
1.0,1502.999,1503.142,731.0,514.2999877929688,143.0000000000291,active,
1.0,1503.167,1503.684,826.7000122070312,507.29998779296875,517.0000000000528,active,
1.0,1503.708,1503.974,751.0,424.6000061035156,265.999999999849,active,
1.0,1504.013,1504.129,729.5,605.2999877929688,115.99999999998545,active,
1.0,1504.179,1505.271,380.79998779296875,567.7000122070312,1091.9999999998709,active,
1.0,1505.327,1505.49,172.5,347.29998779296875,163.0000000000109,active,
1.0,1505.535,1505.685,364.6000061035156,243.0,149.99999999986358,active,
1.0,1505.767,1506.1,1324.0,232.89999389648438,332.9999999998563,active,
1.0,1506.236,1506.383,800.4000244140625,436.8999938964844,146.99999999993452,active,
1.0,1506.404,1506.87,728.5999755859375,407.70001220703125,465.9999999998945,active,
1.0,1507.064,1507.805,816.2000122070312,492.6000061035156,740.9999999999854,active,
1.0,1507.837,1507.984,646.2999877929688,417.1000061035156,146.99999999993452,active,
1.0,1507.996,1509.178,599.0999755859375,416.5,1182.0000000000164,active,
1.0,1509.224,1509.601,913.2000122070312,433.6000061035156,377.0000000001801,active,
1.0,1509.721,1509.91,885.4000244140625,445.0,189.00000000007822,active,
1.0,1509.918,1510.153,924.4000244140625,447.1000061035156,235.00000000012733,active,
1.0,1510.161,1510.432,947.5,456.70001220703125,270.99999999995816,active,
1.0,1510.475,1510.698,970.2999877929688,729.0999755859375,223.00000000018372,active,
1.0,1510.76,1510.968,1394.0999755859375,754.7999877929688,208.00000000008367,active,
1.0,1511.014,1511.091,1456.5,552.4000244140625,76.99999999999818,active,
1.0,1511.148,1511.457,1334.300048828125,216.39999389648438,309.00000000019645,active,
1.0,1511.484,1511.567,1193.699951171875,211.8000030517578,83.00000000008367,active,
1.0,1511.721,1511.862,459.20001220703125,861.0999755859375,141.0000000000764,active,
1.0,1512.049,1512.228,831.9000244140625,586.0999755859375,179.0000000000873,active,
1.0,1512.254,1512.79,834.5,489.70001220703125,536.0000000000582,active,
1.0,1512.827,1513.007,653.5,591.5,180.00000000006366,active,
1.0,1513.061,1513.395,972.2999877929688,494.0,334.00000000006,active,
1.0,1513.411,1513.556,943.5999755859375,433.79998779296875,144.9999999999818,active,
1.0,1513.665,1514.199,898.7000122070312,589.9000244140625,534.0000000001055,active,
1.0,1514.225,1514.39,1015.2999877929688,624.5999755859375,165.000000000191,active,
1.0,1514.436,1514.898,1294.699951171875,543.5,461.9999999999891,active,
1.0,1514.938,1515.182,1037.699951171875,681.2999877929688,243.9999999999145,active,
1.0,1515.319,1515.636,382.8999938964844,710.7999877929688,317.0000000000073,active,
1.0,1515.695,1515.925,219.5,492.29998779296875,230.0000000000182,active,
1.0,1515.951,1516.236,231.5,380.8999938964844,285.00000000008185,active,
1.0,1516.26,1516.482,328.8999938964844,445.3999938964844,221.99999999998,active,
1.0,1516.513,1516.837,484.3999938964844,501.1000061035156,324.0000000000691,active,
1.0,1516.877,1516.959,671.2999877929688,685.5,82.00000000010732,active,
1.0,1517.037,1517.348,1388.9000244140625,426.3999938964844,310.9999999999218,active,
1.0,1517.575,1517.745,810.5,467.29998779296875,169.9999999998454,active,
1.0,1517.756,1518.703,844.9000244140625,490.8999938964844,946.999999999889,active,
1.0,1518.759,1519.047,1052.9000244140625,703.7999877929688,288.0000000000109,active,
1.0,1519.099,1519.333,621.2000122070312,733.7000122070312,234.00000000015098,active,
1.0,1519.446,1519.891,568.7999877929688,642.0,445.0000000001637,active,
1.0,1519.947,1520.288,937.0,654.5,341.0000000001219,active,
1.0,1520.296,1520.444,950.4000244140625,720.7000122070312,147.99999999991087,active,
1.0,1520.55,1520.779,994.5,722.2000122070312,229.00000000004184,active,
1.0,1520.91,1521.123,1251.5999755859375,691.2000122070312,212.99999999996544,active,
1.0,1521.253,1521.701,1327.699951171875,652.7999877929688,448.00000000009277,active,
1.0,1521.729,1522.107,1350.0999755859375,522.0,377.99999999992906,active,
1.0,1522.224,1522.485,1230.4000244140625,338.3999938964844,260.99999999996726,active,
1.0,1522.509,1522.857,1315.0999755859375,316.6000061035156,347.99999999995634,active,
1.0,1522.93,1523.078,1256.800048828125,189.60000610351562,147.99999999991087,active,
1.0,1523.139,1523.408,603.2999877929688,244.10000610351562,269.00000000000546,active,
1.0,1523.45,1523.5,331.1000061035156,298.0,49.999999999954525,active,
1.0,1523.638,1523.888,293.6000061035156,334.6000061035156,250.0,active,
1.0,1523.931,1524.178,315.3999938964844,628.0999755859375,247.00000000007094,active,
1.0,1524.204,1524.527,394.20001220703125,637.5,323.00000000009277,active,
1.0,1524.552,1524.802,411.0,533.7000122070312,250.0,active,
1.0,1524.926,1525.229,454.20001220703125,557.5,303.00000000011096,active,
1.0,1525.27,1525.345,736.5999755859375,609.0,75.00000000004547,active,
1.0,1525.354,1525.489,766.0999755859375,526.7999877929688,134.9999999999909,,
1.0,1525.498,1526.435,811.7999877929688,514.4000244140625,936.9999999998981,,
1.0,1526.542,1527.082,823.4000244140625,511.70001220703125,540.000000000191,active,
1.0,1527.107,1527.305,816.5,607.5999755859375,198.00000000009277,active,
1.0,1527.424,1527.847,660.0999755859375,709.2000122070312,423.0000000000018,active,
1.0,1527.884,1528.059,865.9000244140625,673.5,174.99999999995453,active,
1.0,1528.184,1528.453,831.2000122070312,619.4000244140625,269.00000000000546,active,
1.0,1528.669,1528.78,955.5999755859375,456.70001220703125,110.99999999987631,active,
1.0,1528.921,1529.142,996.5999755859375,533.2999877929688,221.00000000000364,active,
1.0,1529.277,1529.63,817.4000244140625,617.5,353.0000000000655,active,
1.0,1529.639,1529.891,764.0999755859375,597.9000244140625,252.00000000018008,active,
1.0,1529.917,1530.107,867.4000244140625,606.0999755859375,190.00000000005457,active,
1.0,1530.244,1530.824,836.2000122070312,620.0999755859375,580.0000000001546,active,
1.0,1530.872,1530.981,1091.0,502.79998779296875,108.9999999999236,active,
1.0,1531.018,1531.211,1057.699951171875,360.79998779296875,192.99999999998363,active,
1.0,1531.24,1531.451,914.0,340.20001220703125,211.00000000001273,active,
1.0,1531.511,1531.795,1255.199951171875,679.4000244140625,284.0000000001055,active,
1.0,1532.013,1532.107,844.2999877929688,464.70001220703125,94.00000000005093,active,
1.0,1532.301,1532.451,873.7999877929688,522.5,150.00000000009095,active,
1.0,1532.465,1533.212,817.4000244140625,497.5,747.0000000000709,active,
1.0,1533.327,1533.493,796.7999877929688,463.79998779296875,165.99999999993997,active,
1.0,1533.616,1533.914,929.7999877929688,431.3999938964844,298.0000000000018,active,
1.0,1534.045,1534.234,839.5999755859375,440.6000061035156,188.99999999985084,active,
1.0,1534.275,1534.534,588.2000122070312,594.0999755859375,259.00000000001455,active,
1.0,1534.589,1534.794,949.9000244140625,658.7999877929688,205.0000000001546,active,
1.0,1534.921,1535.345,1238.699951171875,504.1000061035156,423.9999999999782,active,
1.0,1535.391,1535.576,907.2999877929688,441.1000061035156,184.99999999994543,active,
1.0,1535.677,1535.858,748.2000122070312,398.0,181.00000000004002,active,
1.0,1535.912,1536.136,1104.199951171875,355.29998779296875,223.9999999999327,active,
1.0,1536.173,1536.348,1079.800048828125,186.5,174.99999999995453,active,
1.0,1536.459,1536.659,932.0,225.60000610351562,200.00000000004547,active,
1.0,1536.707,1536.986,519.0,326.6000061035156,278.99999999999636,active,
1.0,1537.107,1537.477,1140.699951171875,265.70001220703125,370.00000000011823,active,
1.0,1537.507,1537.682,998.0,327.5,174.99999999995453,active,
1.0,1537.821,1538.092,798.7000122070312,477.8999938964844,271.00000000018554,active,
1.0,1538.145,1538.409,1091.300048828125,698.4000244140625,264.0000000001237,active,
1.0,1538.447,1538.706,1222.199951171875,548.0,259.00000000001455,active,
1.0,1538.785,1539.239,428.29998779296875,306.6000061035156,453.9999999999509,active,
1.0,1539.659,1539.852,826.0999755859375,511.29998779296875,192.99999999998363,active,
1.0,1539.875,1540.363,783.0999755859375,474.1000061035156,488.0000000000564,active,
1.0,1540.387,1540.549,855.7999877929688,514.0999755859375,162.00000000003456,active,
1.0,1540.653,1541.092,850.7000122070312,461.79998779296875,439.0000000000782,active,
1.0,1541.225,1541.498,801.2999877929688,487.79998779296875,273.00000000013824,active,
1.0,1541.551,1541.922,1098.800048828125,703.2999877929688,371.0000000000946,active,
1.0,1541.979,1542.249,1472.5999755859375,730.4000244140625,269.9999999999818,active,
1.0,1542.294,1542.505,1362.0999755859375,477.20001220703125,211.00000000001273,active,
1.0,1542.621,1542.762,1214.300048828125,282.3999938964844,140.99999999984902,active,
1.0,1542.819,1542.986,744.7999877929688,288.3999938964844,167.0000000001437,active,
1.0,1543.123,1543.291,773.0,257.3999938964844,167.99999999989268,active,
1.0,1543.344,1543.513,401.20001220703125,473.29998779296875,168.99999999986903,active,
1.0,1543.548,1543.799,248.6999969482422,592.5,250.99999999997635,active,
1.0,1543.857,1544.123,670.5,741.2000122070312,266.0000000000764,active,
1.0,1544.176,1544.46,1032.199951171875,677.2999877929688,284.0000000001055,active,
1.0,1544.501,1544.651,806.2999877929688,673.2999877929688,150.00000000009095,active,
1.0,1544.682,1544.888,692.0,796.0,205.9999999999036,active,
1.0,1544.924,1545.191,815.9000244140625,667.9000244140625,267.00000000005275,active,
1.0,1545.35,1545.776,837.7999877929688,478.8999938964844,426.00000000015825,active,
1.0,1545.788,1546.253,803.7000122070312,505.29998779296875,464.99999999991815,active,
1.0,1546.276,1546.487,717.2999877929688,548.0,211.00000000001273,active,
1.0,1546.507,1546.958,650.2999877929688,561.5999755859375,451.0000000000218,active,
1.0,1546.991,1547.107,837.0999755859375,536.0,115.99999999998545,active,
1.0,1547.236,1547.38,860.7999877929688,524.0,144.00000000000546,active,
1.0,1547.407,1547.638,947.5,458.6000061035156,230.99999999999454,active,
1.0,1547.663,1547.815,902.2999877929688,369.20001220703125,152.00000000004366,active,
1.0,1547.838,1548.01,998.2999877929688,336.79998779296875,172.00000000002547,active,
1.0,1548.036,1548.182,901.0999755859375,246.39999389648438,145.99999999995816,active,
1.0,1548.206,1548.492,1012.2999877929688,234.8000030517578,286.0000000000582,active,
1.0,1548.549,1548.756,1345.0,480.20001220703125,207.00000000010732,active,
1.0,1548.878,1549.074,1301.800048828125,510.79998779296875,196.00000000014006,active,
1.0,1549.103,1549.368,1442.5,496.6000061035156,264.99999999987267,active,
1.0,1549.429,1549.654,1031.0,730.2000122070312,224.99999999990905,active,
1.0,1549.692,1549.852,826.7000122070312,688.7999877929688,160.00000000008185,active,
1.0,1549.864,1549.955,847.5999755859375,626.4000244140625,90.9999999998945,active,
1.0,1550.01,1550.177,358.79998779296875,658.7000122070312,166.99999999991633,active,
1.0,1550.205,1550.506,246.10000610351562,642.0,301.00000000015825,active,
1.0,1550.515,1550.665,203.8000030517578,636.5,149.99999999986358,active,
1.0,1550.711,1550.992,275.6000061035156,421.0,280.99999999994907,active,
1.0,1551.001,1551.232,310.6000061035156,386.70001220703125,230.99999999999454,active,
1.0,1551.259,1551.319,446.79998779296875,343.79998779296875,59.99999999994543,active,
1.0,1551.375,1551.474,899.7000122070312,360.3999938964844,98.9999999999327,active,
1.0,1551.542,1551.768,1091.199951171875,864.7999877929688,226.00000000011278,active,
1.0,1551.802,1552.149,972.5,718.5,346.99999999998,active,
1.0,1552.434,1553.183,784.9000244140625,507.20001220703125,749.0000000000236,active,
1.0,1553.215,1553.43,918.2999877929688,607.7999877929688,215.00000000014552,active,
1.0,1553.456,1553.555,1045.800048828125,604.2000122070312,99.00000000016007,active,
1.0,1553.673,1553.807,1079.4000244140625,554.0,134.00000000001455,active,
1.0,1553.953,1554.05,987.2999877929688,588.7000122070312,96.99999999997999,active,
1.0,1554.216,1554.842,979.2999877929688,559.5999755859375,626.0000000002037,active,
1.0,1554.871,1555.306,1000.2999877929688,717.0999755859375,434.99999999994543,active,
1.0,1555.328,1555.493,910.2999877929688,623.0,164.99999999996362,active,
1.0,1555.597,1556.046,726.7999877929688,583.5,449.0000000000691,active,
1.0,1556.106,1556.402,1217.9000244140625,560.2999877929688,296.0000000000491,active,
1.0,1556.462,1556.567,792.7999877929688,414.29998779296875,105.00000000001819,active,
1.0,1556.647,1556.924,256.79998779296875,261.3999938964844,277.00000000004366,active,
1.0,1556.972,1557.068,600.7000122070312,326.5,96.00000000000364,active,
1.0,1557.24,1557.424,862.2000122070312,489.8999938964844,183.99999999996908,active,
1.0,1557.451,1557.973,748.5999755859375,482.0,521.9999999999345,active,
1.0,1558.015,1558.245,1024.0999755859375,412.29998779296875,229.99999999979082,active,
1.0,1558.343,1558.507,975.5999755859375,384.3999938964844,163.99999999998727,active,
1.0,1558.555,1558.758,610.5,395.29998779296875,202.99999999997453,active,
1.0,1558.813,1558.949,908.9000244140625,365.5,135.99999999996726,active,
1.0,1559.0,1559.283,1262.5999755859375,327.0,282.9999999999018,active,
1.0,1559.313,1559.501,1309.699951171875,429.79998779296875,187.9999999998745,active,
1.0,1559.615,1559.822,718.7000122070312,414.8999938964844,206.99999999987995,active,
1.0,1559.861,1560.195,456.29998779296875,372.1000061035156,333.99999999983265,active,
1.0,1560.246,1560.464,604.2000122070312,721.5999755859375,217.9999999998472,active,
1.0,1560.513,1560.734,913.0999755859375,696.5,221.00000000000364,active,
1.0,1560.799,1561.03,1328.5999755859375,676.4000244140625,230.99999999999454,active,
1.0,1561.222,1561.484,847.2000122070312,518.2999877929688,261.9999999999436,active,
1.0,1561.504,1561.97,800.2999877929688,501.29998779296875,466.0000000001219,active,
1.0,1562.013,1562.195,983.9000244140625,336.6000061035156,182.00000000001637,active,
1.0,1562.224,1562.434,957.5,185.5,210.00000000003638,active,
1.0,1562.555,1562.773,964.5999755859375,343.20001220703125,217.9999999998472,active,
1.0,1562.834,1563.078,906.2000122070312,737.5,243.9999999999145,active,
1.0,1563.123,1563.265,546.5999755859375,612.7000122070312,142.00000000005275,active,
1.0,1563.307,1563.525,329.3999938964844,473.70001220703125,218.00000000007458,active,
1.0,1563.55,1564.127,260.6000061035156,419.3999938964844,576.9999999999982,active,
1.0,1564.182,1564.444,715.7999877929688,550.2000122070312,261.9999999999436,active,
1.0,1564.479,1564.793,896.0999755859375,501.5,313.99999999985084,active,
1.0,1564.85,1564.997,842.0999755859375,973.0,147.0000000001619,active,
1.0,1565.006,1565.206,828.2000122070312,894.0999755859375,199.9999999998181,active,
1.0,1565.263,1565.405,1134.199951171875,736.5999755859375,142.00000000005275,active,
1.0,1565.528,1565.785,1233.0,323.29998779296875,257.00000000006185,active,
1.0,1565.829,1565.978,920.2999877929688,193.6999969482422,149.0000000001146,active,
1.0,1565.986,1566.469,958.7000122070312,190.6999969482422,482.99999999994725,active,
1.0,1566.872,1567.354,838.2999877929688,430.70001220703125,481.9999999999709,active,
1.0,1567.405,1567.574,1082.5999755859375,245.3000030517578,169.0000000000964,active,
1.0,1567.618,1567.851,766.5,444.8999938964844,233.00000000017462,active,
1.0,1567.982,1568.327,750.9000244140625,744.2000122070312,345.0000000000273,active,
1.0,1568.376,1568.496,1046.0,761.4000244140625,120.00000000011823,active,
1.0,1568.546,1568.849,1380.9000244140625,783.0,302.9999999998836,active,
1.0,1568.92,1569.086,1248.4000244140625,158.5,165.99999999993997,active,
1.0,1569.153,1569.374,479.5,244.1999969482422,221.00000000000364,active,
1.0,1569.487,1569.657,1138.4000244140625,228.0,169.9999999998454,active,
1.0,1569.683,1569.809,1027.699951171875,215.8000030517578,125.99999999997635,active,
1.0,1570.013,1570.808,858.4000244140625,459.3999938964844,795.0000000000728,active,
1.0,1570.84,1570.97,631.2999877929688,525.9000244140625,130.00000000010914,active,
1.0,1571.022,1571.268,962.0,526.7000122070312,246.0000000000946,active,
1.0,1571.32,1571.532,1321.9000244140625,570.5,211.9999999999891,active,
1.0,1571.557,1571.689,1165.5999755859375,576.0999755859375,132.00000000006185,active,
1.0,1571.72,1571.925,1057.5,445.70001220703125,204.99999999992724,active,
1.0,1572.043,1572.224,1053.9000244140625,426.20001220703125,181.00000000004002,active,
1.0,1572.279,1572.716,1069.0,731.7999877929688,436.99999999989814,active,
1.0,1572.766,1573.011,1284.5999755859375,763.0999755859375,244.99999999989086,active,
1.0,1573.039,1573.309,1379.4000244140625,850.5,269.9999999999818,active,
1.0,1573.321,1573.499,1423.4000244140625,826.2999877929688,178.00000000011096,active,
1.0,1573.621,1573.797,1348.4000244140625,550.2000122070312,175.99999999993088,active,
1.0,1573.843,1573.958,1531.800048828125,342.0,115.0000000000091,active,
1.0,1573.982,1574.216,1517.699951171875,257.5,233.9999999999236,active,
1.0,1574.316,1574.585,421.29998779296875,157.1999969482422,269.00000000000546,active,
1.0,1574.755,1574.891,812.7000122070312,546.7000122070312,135.99999999996726,active,
1.0,1574.942,1575.125,428.8999938964844,733.0,182.99999999999272,active,
1.0,1575.151,1575.26,475.0,635.2999877929688,108.9999999999236,active,
1.0,1575.316,1575.442,929.2999877929688,517.0999755859375,125.99999999997635,active,
1.0,1575.467,1575.644,830.4000244140625,497.0,176.99999999990723,active,
1.0,1575.662,1576.371,809.2999877929688,479.0,709.00000000006,active,
1.0,1576.455,1576.822,698.7000122070312,493.79998779296875,366.9999999999618,active,
1.0,1576.831,1577.047,668.5,451.70001220703125,216.00000000012187,active,
1.0,1577.107,1577.329,1139.5,509.1000061035156,221.99999999998,active,
1.0,1577.361,1577.517,1181.199951171875,673.0,155.99999999994907,active,
1.0,1577.54,1577.783,1238.5,729.4000244140625,242.99999999993815,active,
1.0,1577.823,1578.251,1436.0999755859375,628.5,427.9999999998836,active,
1.0,1578.278,1578.533,1375.4000244140625,730.7000122070312,254.99999999988177,active,
1.0,1578.555,1578.763,1314.0999755859375,805.2000122070312,207.9999999998563,active,
1.0,1578.919,1578.999,1401.0999755859375,620.9000244140625,79.99999999992724,active,
1.0,1579.05,1579.287,1492.800048828125,347.20001220703125,237.00000000008004,active,
1.0,1579.318,1579.66,1550.5999755859375,198.8000030517578,342.0000000000982,active,
1.0,1579.672,1579.85,1476.0,161.1999969482422,177.99999999988358,active,
1.0,1579.872,1580.063,1542.699951171875,92.80000305175781,191.00000000003092,active,
1.0,1580.117,1580.353,994.5999755859375,202.1999969482422,236.00000000010368,active,
1.0,1580.483,1580.747,1307.5,276.20001220703125,264.0000000001237,active,
1.0,1580.836,1581.001,272.3999938964844,569.2999877929688,164.99999999996362,active,
1.0,1581.038,1581.086,487.8999938964844,574.4000244140625,48.00000000000182,active,
1.0,1581.115,1581.342,569.5,554.9000244140625,227.00000000008913,active,
1.0,1581.364,1581.584,620.0999755859375,502.5,220.00000000002728,active,
1.0,1581.618,1581.813,447.0,513.7000122070312,195.0000000001637,active,
1.0,1581.823,1581.997,501.5,518.5999755859375,173.99999999997817,active,
1.0,1582.045,1582.229,159.8000030517578,633.4000244140625,183.99999999996908,active,
1.0,1582.249,1582.638,219.89999389648438,655.5,388.9999999998963,active,
1.0,1582.841,1583.005,846.7999877929688,554.0,164.00000000021464,active,
1.0,1583.016,1583.612,842.5999755859375,489.5,596.0000000000036,active,
1.0,1583.644,1583.819,1010.0999755859375,558.5,174.99999999995453,active,
1.0,1583.827,1583.99,998.4000244140625,511.1000061035156,163.0000000000109,active,
1.0,1584.031,1584.245,848.4000244140625,691.2000122070312,213.9999999999418,active,
1.0,1584.316,1584.542,742.4000244140625,197.1999969482422,225.9999999998854,active,
1.0,1584.629,1584.956,644.0999755859375,888.7000122070312,326.9999999999982,active,
1.0,1584.963,1585.123,620.7000122070312,847.5999755859375,160.00000000008185,active,
1.0,1585.239,1585.479,731.0,365.3999938964844,240.0000000000091,active,
1.0,1585.504,1585.711,792.2999877929688,315.70001220703125,207.00000000010732,active,
1.0,1585.775,1586.159,1219.4000244140625,212.60000610351562,384.00000000001455,active,
1.0,1586.31,1586.422,646.2000122070312,552.0999755859375,112.00000000008004,active,
1.0,1586.585,1587.327,800.7999877929688,495.3999938964844,741.9999999999618,active,
1.0,1587.375,1587.503,663.0999755859375,212.60000610351562,127.99999999992906,active,
1.0,1587.536,1587.652,833.2000122070312,150.1999969482422,115.99999999998545,active,
1.0,1587.659,1587.909,817.9000244140625,107.4000015258789,250.0,active,
1.0,1587.966,1588.439,877.5,532.0999755859375,473.0000000001837,active,
1.0,1588.509,1588.888,1249.5999755859375,127.9000015258789,378.9999999999054,active,
1.0,1588.945,1589.056,679.5999755859375,121.69999694824219,111.00000000010368,active,
1.0,1589.09,1589.41,538.7999877929688,149.6999969482422,320.0000000001637,active,
1.0,1589.521,1589.689,662.0999755859375,360.8999938964844,168.00000000012005,active,
1.0,1589.737,1589.855,859.2000122070312,146.8000030517578,117.99999999993815,active,
1.0,1589.875,1590.259,831.2000122070312,114.19999694824219,384.00000000001455,active,
1.0,1590.325,1590.619,863.7999877929688,731.2000122070312,293.99999999986903,active,
1.0,1590.65,1591.29,871.0,875.2999877929688,639.9999999998727,active,
1.0,1591.431,1591.626,986.2000122070312,868.0,194.99999999993634,active,
1.0,1591.672,1591.969,1289.0,894.5,297.00000000002547,active,
1.0,1591.993,1592.161,1225.300048828125,764.2999877929688,168.00000000012005,active,
1.0,1592.233,1592.346,1237.199951171875,163.5,113.00000000005639,active,
1.0,1592.367,1592.888,1193.5999755859375,113.5999984741211,520.9999999999582,active,
1.0,1592.992,1593.108,1172.800048828125,213.5,115.99999999998545,active,
1.0,1593.155,1593.539,784.2000122070312,120.4000015258789,384.00000000001455,active,
1.0,1593.547,1593.695,838.0999755859375,102.80000305175781,147.99999999991087,active,
1.0,1593.741,1594.162,488.70001220703125,153.3000030517578,421.0000000000491,active,
1.0,1594.338,1595.042,722.7999877929688,395.6000061035156,703.9999999999509,active,
1.0,1595.086,1595.417,903.9000244140625,624.7999877929688,330.9999999999036,active,
1.0,1595.45,1595.581,752.2000122070312,580.9000244140625,130.99999999985812,active,
1.0,1595.693,1596.077,598.2000122070312,734.9000244140625,384.00000000001455,active,
1.0,1596.136,1596.356,986.2999877929688,658.4000244140625,220.00000000002728,active,
1.0,1596.375,1596.696,951.7999877929688,743.5999755859375,320.9999999999127,active,
1.0,1596.758,1597.022,1352.4000244140625,747.4000244140625,263.9999999998963,active,
1.0,1597.083,1597.35,972.5,396.0,266.9999999998254,active,
1.0,1597.455,1598.068,586.5,414.79998779296875,613.0000000000564,active,
1.0,1598.488,1599.049,807.4000244140625,522.0999755859375,560.9999999999218,active,
1.0,1599.081,1599.417,635.4000244140625,537.5999755859375,336.00000000001273,active,
1.0,1599.448,1599.636,749.5,463.5,187.9999999998745,active,
1.0,1599.692,1599.973,321.20001220703125,510.5,280.99999999994907,active,
1.0,1599.999,1600.362,265.0,607.7000122070312,363.0000000000564,active,
1.0,1600.402,1600.567,413.3999938964844,822.0999755859375,164.99999999996362,active,
1.0,1600.625,1600.786,930.2000122070312,800.9000244140625,161.0000000000582,active,
1.0,1600.836,1601.005,1158.300048828125,635.2999877929688,169.0000000000964,active,
1.0,1601.062,1601.21,681.9000244140625,550.0999755859375,148.00000000013824,active,
1.0,1601.299,1601.425,779.7000122070312,488.20001220703125,125.99999999997635,active,
1.0,1601.489,1601.844,1383.800048828125,510.0,355.0000000000182,active,
1.0,1601.897,1602.038,1010.5,448.1000061035156,141.0000000000764,active,
1.0,1602.088,1602.251,713.2000122070312,403.29998779296875,163.0000000000109,active,
1.0,1602.269,1602.529,692.7999877929688,301.6000061035156,259.9999999999909,active,
1.0,1602.691,1603.62,834.9000244140625,518.9000244140625,928.9999999998599,active,
1.0,1603.745,1604.298,708.0999755859375,522.2000122070312,553.000000000111,active,
1.0,1604.321,1605.119,810.0,508.8999938964844,798.0000000000018,active,
1.0,1605.128,1605.345,841.5,486.79998779296875,217.00000000009823,active,
1.0,1605.379,1605.699,644.5,520.9000244140625,320.0000000001637,active,
1.0,1605.743,1605.9,337.70001220703125,461.6000061035156,157.0000000001528,active,
1.0,1605.93,1606.069,206.6999969482422,466.70001220703125,138.99999999989632,active,
1.0,1606.166,1606.501,565.2999877929688,516.9000244140625,335.0000000000364,active,
1.0,1606.559,1606.884,1040.0999755859375,511.1000061035156,325.0000000000455,active,
1.0,1606.935,1607.106,1353.300048828125,476.0,171.0000000000491,active,
1.0,1607.168,1607.375,994.0,308.6000061035156,207.00000000010732,active,
1.0,1607.423,1607.667,631.5,269.29998779296875,243.9999999999145,active,
1.0,1607.769,1608.221,930.2999877929688,310.70001220703125,451.9999999999982,active,
1.0,1608.26,1608.491,1145.9000244140625,285.1000061035156,230.99999999999454,active,
1.0,1608.64,1609.062,1051.800048828125,605.0,421.9999999997981,active,
1.0,1609.112,1609.641,741.7000122070312,546.5,528.9999999999964,active,
1.0,1609.69,1609.991,1043.5999755859375,526.7999877929688,300.9999999999309,active,
1.0,1610.183,1610.33,883.7999877929688,487.70001220703125,146.99999999993452,active,
1.0,1610.355,1611.093,810.0,488.6000061035156,738.0000000000564,active,
1.0,1611.121,1611.425,916.2999877929688,577.4000244140625,303.99999999985994,active,
1.0,1611.437,1611.553,944.9000244140625,529.0999755859375,116.00000000021282,active,
1.0,1611.668,1611.817,944.0999755859375,523.2000122070312,149.0000000001146,active,
1.0,1611.878,1612.158,1353.9000244140625,460.1000061035156,279.9999999999727,active,
1.0,1612.276,1612.429,1314.4000244140625,587.2000122070312,153.00000000002,active,
1.0,1612.476,1612.631,974.4000244140625,632.9000244140625,154.99999999997272,active,
1.0,1612.774,1613.409,613.0999755859375,609.7999877929688,635.0000000002183,active,
1.0,1613.453,1613.646,899.7000122070312,592.2999877929688,192.99999999998363,active,
1.0,1613.7,1613.789,1261.4000244140625,497.20001220703125,88.99999999994179,active,
1.0,1613.9,1614.382,1145.199951171875,473.8999938964844,481.9999999999709,active,
1.0,1614.401,1614.596,1101.699951171875,565.5999755859375,194.99999999993634,active,
1.0,1614.631,1614.909,899.5,612.4000244140625,278.00000000002,active,
1.0,1615.32,1615.531,810.7999877929688,569.7999877929688,211.00000000001273,active,
1.0,1615.552,1615.711,852.9000244140625,530.0,159.0000000001055,active,
1.0,1615.72,1615.977,819.0,523.7000122070312,257.00000000006185,active,
1.0,1616.018,1616.26,566.5,568.7999877929688,241.9999999999618,active,
1.0,1616.32,1616.625,573.7000122070312,167.10000610351562,305.00000000006366,active,
1.0,1616.651,1616.805,682.4000244140625,106.9000015258789,153.99999999999636,active,
1.0,1616.828,1616.913,768.5999755859375,90.4000015258789,85.00000000003638,active,
1.0,1616.947,1617.138,647.0999755859375,279.6000061035156,191.00000000003092,active,
1.0,1617.156,1617.309,605.2999877929688,297.0,153.00000000002,active,
1.0,1617.365,1617.495,1019.4000244140625,559.9000244140625,129.99999999988177,active,
1.0,1617.537,1618.073,1052.199951171875,291.79998779296875,536.0000000000582,active,
1.0,1618.134,1618.509,1243.199951171875,641.7999877929688,375.0,active,
1.0,1618.539,1618.778,1412.5,655.7000122070312,239.00000000003274,active,
1.0,1618.885,1619.216,986.7000122070312,638.9000244140625,330.9999999999036,active,
1.0,1619.238,1619.629,1050.9000244140625,644.7000122070312,390.999999999849,active,
1.0,1619.673,1619.882,736.2999877929688,596.0999755859375,209.00000000006003,active,
1.0,1619.911,1620.209,576.5999755859375,549.7999877929688,298.0000000000018,active,
1.0,1620.254,1620.423,286.20001220703125,558.0,169.0000000000964,active,
1.0,1620.446,1620.686,374.6000061035156,542.7999877929688,240.0000000000091,active,
1.0,1620.911,1622.244,838.2000122070312,517.0,1332.9999999998563,active,
1.0,1622.29,1622.507,478.0,607.7999877929688,217.00000000009823,active,
1.0,1622.545,1622.671,713.5,582.4000244140625,125.99999999997635,active,
1.0,1622.797,1622.978,820.9000244140625,525.5,181.00000000004002,active,
1.0,1623.001,1623.302,859.2000122070312,472.79998779296875,300.9999999999309,active,
1.0,1623.352,1623.602,1224.0999755859375,611.7999877929688,250.0,active,
1.0,1623.647,1623.895,1405.300048828125,812.9000244140625,248.0000000000473,active,
1.0,1623.946,1624.115,1066.0,643.4000244140625,169.0000000000964,active,
1.0,1624.144,1624.377,1040.4000244140625,503.8999938964844,232.99999999994725,active,
1.0,1624.425,1624.658,832.2000122070312,310.8999938964844,232.99999999994725,active,
1.0,1624.687,1624.841,750.0,241.89999389648438,153.99999999999636,active,
1.0,1624.899,1625.144,237.89999389648438,261.8999938964844,245.00000000011823,active,
1.0,1625.246,1625.413,1103.300048828125,292.5,166.99999999991633,active,
1.0,1625.422,1626.248,760.0999755859375,512.2000122070312,826.0000000000218,,
1.0,1626.339,1626.521,815.2999877929688,521.0,182.00000000001637,active,
1.0,1626.642,1627.109,836.2000122070312,520.2999877929688,466.99999999987085,active,
1.0,1627.148,1627.308,652.4000244140625,491.6000061035156,160.00000000008185,active,
1.0,1627.369,1627.899,635.5,108.80000305175781,529.9999999999727,active,
1.0,1628.036,1628.18,677.0999755859375,621.9000244140625,144.00000000000546,active,
1.0,1628.198,1628.406,661.5,561.5999755859375,207.9999999998563,active,
1.0,1628.438,1628.952,484.3999938964844,656.7000122070312,513.9999999998963,active,
1.0,1628.972,1629.142,431.1000061035156,700.7999877929688,170.00000000007276,active,
1.0,1629.171,1629.338,327.79998779296875,820.5,166.99999999991633,active,
1.0,1629.368,1629.625,284.6000061035156,629.5999755859375,257.00000000006185,active,
1.0,1629.658,1629.758,433.20001220703125,564.7000122070312,100.00000000013642,active,
1.0,1629.822,1630.064,1091.0,652.7999877929688,242.00000000018917,active,
1.0,1630.1,1630.318,959.0,804.2999877929688,218.00000000007458,active,
1.0,1630.35,1630.522,857.7000122070312,668.7000122070312,172.00000000002547,active,
1.0,1630.577,1630.898,1224.699951171875,573.5999755859375,320.9999999999127,active,
1.0,1630.926,1631.207,1341.199951171875,517.4000244140625,281.00000000017644,active,
1.0,1631.24,1631.315,1341.5999755859375,345.3999938964844,75.00000000004547,active,
1.0,1631.386,1631.528,659.4000244140625,326.79998779296875,142.00000000005275,active,
1.0,1631.57,1631.848,631.2000122070312,115.80000305175781,278.00000000002,active,
1.0,1632.472,1632.948,835.0,527.9000244140625,476.0000000001128,active,
1.0,1632.986,1633.171,567.7999877929688,511.6000061035156,184.99999999994543,active,
1.0,1633.213,1633.471,500.79998779296875,780.2999877929688,258.0000000000382,active,
1.0,1633.48,1633.603,562.9000244140625,773.9000244140625,123.0000000000473,active,
1.0,1633.666,1633.954,722.4000244140625,398.70001220703125,288.0000000000109,active,
1.0,1633.984,1634.221,596.5,345.8999938964844,237.00000000008004,active,
1.0,1634.246,1634.487,498.1000061035156,368.8999938964844,240.99999999998545,active,
1.0,1634.514,1634.658,359.29998779296875,397.29998779296875,144.00000000000546,active,
1.0,1634.787,1634.988,326.0,459.79998779296875,201.00000000002183,active,
1.0,1635.128,1635.362,448.6000061035156,480.29998779296875,234.00000000015098,active,
1.0,1635.401,1635.71,361.1000061035156,754.0,308.9999999999691,active,
1.0,1635.752,1635.938,611.0999755859375,699.0,186.00000000014916,active,
1.0,1636.001,1636.258,1106.5,563.0,257.00000000006185,active,
1.0,1636.287,1636.443,978.7000122070312,465.5,155.99999999994907,active,
1.0,1636.543,1636.85,1058.5,424.6000061035156,307.00000000001637,active,
1.0,1636.894,1637.066,1336.5,404.6000061035156,172.00000000002547,active,
1.0,1637.109,1637.323,1545.5999755859375,518.7999877929688,214.00000000016917,active,
1.0,1637.532,1638.452,845.9000244140625,520.5,920.0000000000728,active,
1.0,1638.481,1638.643,707.2999877929688,460.29998779296875,162.00000000003456,active,
1.0,1638.671,1638.819,851.0999755859375,480.8999938964844,147.99999999991087,active,
1.0,1638.914,1639.19,886.9000244140625,470.70001220703125,276.0000000000673,active,
1.0,1639.218,1639.462,996.0,571.4000244140625,243.9999999999145,active,
1.0,1639.485,1639.638,1011.7000122070312,684.5999755859375,153.00000000002,active,
1.0,1639.676,1639.816,1242.199951171875,759.7000122070312,140.00000000010004,active,
1.0,1639.855,1640.035,1379.199951171875,563.2000122070312,180.00000000006366,active,
1.0,1640.071,1640.298,1437.0999755859375,411.6000061035156,227.00000000008913,active,
1.0,1640.408,1640.628,1342.0999755859375,289.3999938964844,220.00000000002728,active,
1.0,1640.655,1640.913,1474.199951171875,252.10000610351562,258.0000000000382,active,
1.0,1640.974,1641.146,1236.4000244140625,196.0,172.00000000002547,active,
1.0,1641.153,1641.391,1261.5,161.39999389648438,238.0000000000564,active,
1.0,1641.494,1641.748,1066.699951171875,276.29998779296875,254.0000000001328,active,
1.0,1641.783,1642.001,864.0999755859375,195.10000610351562,218.00000000007458,active,
1.0,1642.053,1642.234,419.5,182.3000030517578,180.99999999981264,active,
1.0,1642.262,1642.378,294.70001220703125,148.0,115.99999999998545,active,
1.0,1642.46,1642.709,291.6000061035156,118.0999984741211,249.00000000002365,active,
1.0,1642.732,1643.002,417.70001220703125,119.69999694824219,269.9999999999818,active,
1.0,1643.098,1643.479,497.20001220703125,512.9000244140625,381.0000000000855,active,
1.0,1643.503,1643.868,386.3999938964844,419.6000061035156,365.0000000000091,active,
1.0,1643.924,1644.074,780.5999755859375,435.8999938964844,150.00000000009095,active,
1.0,1644.495,1645.114,796.0,546.0,619.0000000001419,active,
1.0,1645.15,1645.572,995.9000244140625,478.1000061035156,421.9999999997981,active,
1.0,1645.61,1645.79,856.2999877929688,671.2999877929688,180.00000000006366,active,
1.0,1645.813,1645.961,912.7999877929688,725.0,147.99999999991087,active,
1.0,1646.02,1646.23,459.6000061035156,520.4000244140625,210.00000000003638,active,
1.0,1646.257,1646.431,417.5,404.70001220703125,173.99999999997817,active,
1.0,1646.478,1646.663,670.2999877929688,342.20001220703125,184.99999999994543,active,
1.0,1646.725,1647.007,1198.5,337.8999938964844,282.0000000001528,active,
1.0,1647.051,1647.194,1462.9000244140625,284.29998779296875,143.0000000000291,active,
1.0,1647.219,1647.47,1487.0,387.5,250.99999999997635,active,
1.0,1647.553,1647.766,1174.800048828125,170.8000030517578,212.99999999996544,active,
1.0,1647.821,1648.009,647.2000122070312,154.60000610351562,188.00000000010186,active,
1.0,1648.05,1648.221,464.5,341.29998779296875,171.0000000000491,active,
1.0,1648.249,1648.472,544.4000244140625,491.79998779296875,222.99999999995634,active,
1.0,1648.508,1648.645,710.7999877929688,377.1000061035156,136.9999999999436,active,
1.0,1648.699,1649.029,210.39999389648438,384.8999938964844,329.99999999992724,active,
1.0,1649.289,1649.473,843.5999755859375,546.9000244140625,183.99999999996908,active,
1.0,1649.493,1650.172,798.5,498.3999938964844,679.0000000000873,active,
1.0,1650.192,1650.468,872.2999877929688,509.29998779296875,276.0000000000673,active,
1.0,1650.505,1650.719,712.0,378.5,213.9999999999418,active,
1.0,1650.748,1651.099,856.2000122070312,320.3999938964844,350.9999999998854,active,
1.0,1651.17,1651.342,713.5,811.0999755859375,172.00000000002547,active,
1.0,1651.389,1651.548,388.8999938964844,786.9000244140625,159.0000000001055,active,
1.0,1651.588,1651.67,340.5,573.2000122070312,82.00000000010732,active,
1.0,1651.693,1651.889,386.8999938964844,510.20001220703125,195.9999999999127,active,
1.0,1651.932,1652.046,683.2000122070312,521.5,114.00000000003274,active,
1.0,1652.11,1652.5,1289.199951171875,673.0999755859375,390.00000000010004,active,
1.0,1652.646,1652.913,817.9000244140625,194.89999389648438,267.00000000005275,active,
1.0,1652.967,1653.313,422.3999938964844,210.39999389648438,346.00000000000364,active,
1.0,1653.579,1653.973,855.0,477.20001220703125,394.00000000000546,active,
1.0,1653.999,1654.219,768.7999877929688,491.20001220703125,220.00000000002728,active,
1.0,1654.249,1654.625,652.5999755859375,358.20001220703125,375.99999999997635,active,
1.0,1654.666,1655.25,640.7999877929688,675.2000122070312,584.00000000006,active,
1.0,1655.272,1655.631,548.4000244140625,744.5999755859375,359.000000000151,active,
1.0,1655.669,1655.866,811.5999755859375,716.5999755859375,196.99999999988904,active,
1.0,1655.894,1655.956,923.2000122070312,797.4000244140625,61.99999999989814,active,
1.0,1656.022,1656.198,1359.0999755859375,537.5999755859375,176.00000000015825,active,
1.0,1656.239,1656.358,1119.4000244140625,418.8999938964844,118.99999999991451,active,
1.0,1656.395,1656.565,908.4000244140625,383.6000061035156,170.00000000007276,active,
1.0,1656.615,1656.808,1256.199951171875,388.8999938964844,192.99999999998363,active,
1.0,1656.839,1657.007,1403.4000244140625,395.20001220703125,168.00000000012005,active,
1.0,1657.087,1657.471,438.20001220703125,287.70001220703125,384.00000000001455,active,
1.0,1657.767,1657.902,894.7999877929688,525.7000122070312,134.9999999999909,active,
1.0,1657.922,1658.654,834.2999877929688,488.8999938964844,731.9999999999709,active,
1.0,1658.679,1658.827,721.5999755859375,450.6000061035156,147.99999999991087,active,
1.0,1658.845,1659.186,802.7000122070312,448.20001220703125,340.9999999998945,active,
1.0,1659.315,1659.476,794.2999877929688,430.29998779296875,161.0000000000582,active,
1.0,1659.609,1659.842,801.4000244140625,442.70001220703125,233.00000000017462,active,
1.0,1659.973,1660.335,944.4000244140625,377.5,362.00000000008004,active,
1.0,1660.358,1660.501,820.4000244140625,351.20001220703125,143.0000000000291,active,
1.0,1660.64,1660.986,893.0,434.8999938964844,346.00000000000364,active,
1.0,1661.137,1661.333,817.0999755859375,417.1000061035156,196.00000000014006,active,
1.0,1661.401,1661.676,1388.800048828125,367.1000061035156,274.9999999998636,active,
1.0,1661.699,1661.862,1442.300048828125,328.1000061035156,163.0000000000109,active,
1.0,1662.004,1662.098,1227.9000244140625,363.5,94.00000000005093,active,
1.0,1662.125,1662.181,1328.300048828125,340.5,56.00000000004002,active,
1.0,1662.206,1662.517,1424.9000244140625,316.0,311.00000000014916,active,
1.0,1662.561,1662.75,1133.5999755859375,407.5,189.00000000007822,active,
1.0,1662.864,1663.426,1070.4000244140625,415.3999938964844,561.9999999998981,active,
1.0,1663.469,1663.657,764.2000122070312,443.8999938964844,187.9999999998745,active,
1.0,1663.665,1663.897,810.9000244140625,409.6000061035156,231.9999999999709,active,
1.0,1663.944,1664.122,415.70001220703125,380.6000061035156,178.00000000011096,active,
1.0,1664.326,1664.477,883.4000244140625,456.0,151.0000000000673,active,
1.0,1664.5,1665.348,804.0,427.1000061035156,847.9999999999563,active,
1.0,1665.374,1665.664,897.0,497.0,289.9999999999636,active,
1.0,1665.709,1665.87,936.2000122070312,798.4000244140625,160.99999999983083,active,
1.0,1665.936,1666.153,283.0,818.5,217.00000000009823,active,
1.0,1666.205,1666.271,470.29998779296875,471.20001220703125,66.00000000003092,active,
1.0,1666.316,1666.516,422.29998779296875,239.10000610351562,200.00000000004547,active,
1.0,1666.546,1666.771,260.3999938964844,183.0,224.99999999990905,active,
1.0,1666.882,1667.095,873.4000244140625,208.60000610351562,212.99999999996544,active,
1.0,1667.118,1667.297,960.5999755859375,235.5,179.0000000000873,active,
1.0,1667.362,1667.563,1501.199951171875,164.89999389648438,201.00000000002183,active,
1.0,1667.597,1667.869,1277.5,85.5999984741211,271.9999999999345,active,
1.0,1668.088,1668.213,910.5999755859375,412.8999938964844,125.0,active,
1.0,1668.23,1669.047,842.7000122070312,427.0,817.0000000000073,active,
1.0,1669.081,1669.415,1027.699951171875,381.6000061035156,334.00000000006,active,
1.0,1669.46,1669.587,783.7000122070312,281.8999938964844,126.9999999999527,active,
1.0,1669.645,1669.863,275.0,193.0,218.00000000007458,active,
1.0,1670.073,1670.536,1356.0999755859375,204.3000030517578,462.99999999996544,active,
1.0,1670.593,1670.767,1019.2000122070312,638.0999755859375,173.99999999997817,active,
1.0,1670.81,1671.044,767.7999877929688,632.7999877929688,234.00000000015098,active,
1.0,1671.105,1671.427,199.89999389648438,774.5999755859375,321.99999999988904,active,
1.0,1671.489,1671.639,713.0,564.7999877929688,149.99999999986358,active,
1.0,1671.679,1671.774,856.9000244140625,375.6000061035156,94.99999999979991,active,
1.0,1671.783,1672.288,851.2999877929688,453.1000061035156,505.00000000010914,,
1.0,1672.351,1672.547,848.2999877929688,459.20001220703125,195.9999999999127,passive,
1.0,1672.666,1672.878,856.2999877929688,455.29998779296875,211.9999999999891,passive,
1.0,1673.016,1673.22,833.9000244140625,487.29998779296875,203.9999999999509,passive,
1.0,1673.376,1673.789,854.5,444.29998779296875,413.0000000000109,passive,
1.0,1673.816,1674.007,972.2000122070312,352.0,191.00000000003092,passive,
1.0,1674.048,1674.215,901.2000122070312,131.3000030517578,166.99999999991633,passive,
1.0,1674.241,1674.57,772.7000122070312,111.5,328.9999999999509,passive,
1.0,1674.634,1674.935,1359.9000244140625,130.10000610351562,300.9999999999309,passive,
1.0,1675.091,1675.261,1259.199951171875,131.5,170.00000000007276,passive,
1.0,1675.435,1675.824,710.4000244140625,534.4000244140625,389.0000000001237,passive,
1.0,1675.883,1676.129,329.3999938964844,734.2000122070312,245.9999999998672,passive,
1.0,1676.161,1676.377,286.6000061035156,561.7000122070312,215.9999999998945,passive,
1.0,1676.433,1676.751,792.0999755859375,568.9000244140625,317.99999999998363,passive,
1.0,1676.869,1677.077,840.5999755859375,520.0,208.00000000008367,passive,
1.0,1677.115,1677.324,604.9000244140625,474.8999938964844,209.00000000006003,passive,
1.0,1677.348,1677.598,522.2999877929688,417.29998779296875,250.0,passive,
1.0,1677.624,1677.827,396.3999938964844,320.0,202.99999999997453,passive,
1.0,1677.859,1678.081,223.10000610351562,258.1000061035156,221.99999999998,passive,
1.0,1678.216,1678.615,520.7999877929688,388.70001220703125,399.0000000001146,passive,
1.0,1678.674,1679.184,934.7000122070312,718.2000122070312,509.9999999999909,passive,
1.0,1679.226,1679.378,860.2000122070312,461.3999938964844,151.99999999981628,passive,
1.0,1679.523,1680.148,835.2999877929688,447.8999938964844,625.0,passive,
1.0,1680.201,1680.355,1096.5,231.89999389648438,153.99999999999636,passive,
1.0,1680.386,1680.491,1140.699951171875,95.0999984741211,105.00000000001819,passive,
1.0,1680.597,1681.015,1150.800048828125,97.19999694824219,418.00000000012005,passive,
1.0,1681.077,1681.395,415.1000061035156,39.79999923706055,317.99999999998363,passive,
1.0,1681.429,1681.516,357.1000061035156,221.5,86.99999999998909,passive,
1.0,1681.542,1681.711,286.6000061035156,280.20001220703125,169.0000000000964,passive,
1.0,1681.73,1681.923,356.8999938964844,244.0,192.99999999998363,passive,
1.0,1681.996,1682.151,1244.699951171875,234.8000030517578,154.99999999997272,passive,
1.0,1682.189,1682.279,1428.199951171875,191.1999969482422,89.99999999991815,passive,
1.0,1682.312,1682.641,1583.699951171875,121.4000015258789,329.00000000017826,passive,
1.0,1682.778,1682.962,1539.5,658.7999877929688,183.99999999996908,passive,
1.0,1683.178,1683.31,855.0999755859375,317.5,131.99999999983447,passive,
1.0,1683.502,1683.69,635.7000122070312,647.0999755859375,188.00000000010186,passive,
1.0,1683.716,1683.882,656.5,546.9000244140625,166.00000000016735,passive,
1.0,1683.91,1684.187,761.4000244140625,492.3999938964844,276.9999999998163,passive,
1.0,1684.215,1685.215,865.0999755859375,453.8999938964844,1000.0,passive,
1.0,1685.259,1685.352,509.8999938964844,343.29998779296875,93.00000000007458,passive,
1.0,1685.39,1685.53,303.8999938964844,274.79998779296875,139.99999999987267,passive,
1.0,1685.54,1686.506,277.5,263.5,966.0000000001219,passive,
1.0,1686.56,1688.233,731.2999877929688,354.70001220703125,1673.0000000000018,passive,
1.0,1688.391,1688.494,924.5,436.0,102.99999999983811,passive,
1.0,1688.678,1688.732,888.9000244140625,418.6000061035156,53.99999999985994,passive,
1.0,1688.962,1689.101,895.4000244140625,440.79998779296875,139.0000000001237,passive,
1.0,1689.119,1689.278,842.5,445.6000061035156,159.0000000001055,passive,
1.0,1689.303,1689.553,817.0999755859375,561.0,250.0,passive,
1.0,1689.689,1689.909,840.2999877929688,548.9000244140625,220.00000000002728,passive,
1.0,1689.96,1690.127,477.79998779296875,568.7999877929688,166.99999999991633,passive,
1.0,1690.17,1690.416,234.6999969482422,538.0999755859375,245.9999999998672,passive,
1.0,1690.454,1690.729,470.6000061035156,485.29998779296875,275.00000000009095,passive,
1.0,1690.782,1691.044,820.7999877929688,566.5999755859375,262.000000000171,passive,
1.0,1691.096,1691.288,1156.800048828125,524.7999877929688,192.00000000000728,passive,
1.0,1691.324,1691.562,1327.699951171875,438.5,237.99999999982901,passive,
1.0,1691.591,1691.739,1438.699951171875,364.70001220703125,148.00000000013824,passive,
1.0,1691.852,1692.188,840.2999877929688,597.7000122070312,336.00000000001273,passive,
1.0,1692.214,1692.437,937.9000244140625,584.5999755859375,222.99999999995634,passive,
1.0,1692.584,1692.722,802.7000122070312,400.20001220703125,137.99999999991996,passive,
1.0,1693.058,1693.351,825.2000122070312,519.2000122070312,293.00000000012005,passive,
1.0,1693.387,1693.778,602.2000122070312,546.7999877929688,391.0000000000764,passive,
1.0,1693.822,1693.964,895.4000244140625,523.7999877929688,142.00000000005275,passive,
1.0,1694.133,1694.421,693.9000244140625,580.5,288.0000000000109,passive,
1.0,1694.463,1694.703,930.2000122070312,544.7000122070312,240.0000000000091,passive,
1.0,1694.734,1694.949,773.0,558.5,215.00000000014552,passive,
1.0,1694.974,1695.097,850.2999877929688,474.5,123.0000000000473,passive,
1.0,1695.325,1695.684,854.7000122070312,437.29998779296875,358.9999999999236,passive,
1.0,1695.71,1696.022,791.5999755859375,497.29998779296875,311.99999999989814,passive,
1.0,1696.051,1696.631,678.2999877929688,358.5,580.0000000001546,passive,
1.0,1696.655,1696.996,690.2000122070312,482.1000061035156,341.0000000001219,passive,
1.0,1697.018,1697.188,617.9000244140625,473.3999938964844,170.00000000007276,passive,
1.0,1697.315,1697.458,710.0,377.0,143.0000000000291,passive,
1.0,1697.523,1697.704,1248.199951171875,331.1000061035156,181.00000000004002,passive,
1.0,1697.752,1697.921,1548.4000244140625,289.3999938964844,169.0000000000964,passive,
1.0,1698.072,1698.299,673.0,172.6999969482422,227.00000000008913,passive,
1.0,1698.321,1698.745,607.4000244140625,156.10000610351562,423.9999999999782,passive,
1.0,1698.906,1699.038,815.5,426.70001220703125,132.00000000006185,passive,
1.0,1699.269,1699.873,854.2999877929688,472.79998779296875,604.0000000000418,passive,
1.0,1699.882,1700.111,884.0999755859375,485.0,229.00000000004184,passive,
1.0,1700.162,1700.463,1229.9000244140625,599.7999877929688,300.9999999999309,passive,
1.0,1700.491,1700.718,1091.699951171875,596.4000244140625,227.00000000008913,passive,
1.0,1700.754,1700.949,859.7999877929688,621.0,195.0000000001637,passive,
1.0,1700.992,1701.155,582.7999877929688,484.20001220703125,163.0000000000109,passive,
1.0,1701.196,1701.401,828.7999877929688,475.20001220703125,205.0000000001546,passive,
1.0,1701.41,1702.131,859.2999877929688,466.3999938964844,721.0000000000036,passive,
1.0,1702.153,1702.294,951.4000244140625,460.8999938964844,141.0000000000764,passive,
1.0,1702.308,1702.775,886.2000122070312,452.79998779296875,467.0000000000982,passive,
1.0,1702.796,1703.092,802.9000244140625,504.3999938964844,296.0000000000491,passive,
1.0,1703.113,1703.179,865.4000244140625,461.1000061035156,66.00000000003092,passive,
1.0,1703.439,1704.623,825.5,457.20001220703125,1183.999999999969,passive,
1.0,1704.659,1704.95,937.4000244140625,574.2999877929688,290.99999999994,passive,
1.0,1704.974,1705.149,817.0,487.79998779296875,174.99999999995453,passive,
1.0,1705.177,1705.401,803.4000244140625,360.5,224.00000000016007,passive,
1.0,1705.45,1705.698,1137.800048828125,299.5,248.0000000000473,passive,
1.0,1705.879,1705.983,1022.7999877929688,355.1000061035156,104.00000000004184,passive,
1.0,1706.187,1706.412,822.9000244140625,452.8999938964844,225.00000000013642,passive,
1.0,1706.482,1706.772,1472.0999755859375,489.8999938964844,289.9999999999636,passive,
1.0,1706.81,1707.07,1246.800048828125,372.6000061035156,259.9999999999909,passive,
1.0,1707.097,1707.277,1330.4000244140625,313.5,180.00000000006366,passive,
1.0,1707.341,1707.875,714.4000244140625,375.70001220703125,534.0000000001055,passive,
1.0,1708.001,1708.481,789.5,446.3999938964844,480.0000000000182,passive,
1.0,1708.497,1708.732,856.0,458.6000061035156,234.99999999989996,passive,
1.0,1708.968,1709.325,837.5999755859375,460.5,356.9999999999709,passive,
1.0,1709.354,1709.522,1013.4000244140625,411.20001220703125,167.99999999989268,passive,
1.0,1709.557,1709.937,906.2999877929688,650.0,379.99999999988177,passive,
1.0,1710.083,1710.772,998.2999877929688,221.89999389648438,688.9999999998508,passive,
1.0,1711.058,1711.12,896.0999755859375,751.0,61.99999999989814,passive,
1.0,1711.302,1711.576,983.9000244140625,549.7999877929688,274.0000000001146,passive,
1.0,1711.605,1712.321,919.5,681.5999755859375,715.9999999998945,passive,
1.0,1712.361,1712.646,954.9000244140625,466.3999938964844,284.9999999998545,passive,
1.0,1712.662,1712.965,873.7999877929688,475.6000061035156,302.9999999998836,passive,
1.0,1712.975,1713.617,823.5999755859375,442.70001220703125,642.0000000000528,passive,
1.0,1713.644,1713.78,679.5,469.6000061035156,135.99999999996726,passive,
1.0,1713.846,1714.016,1294.9000244140625,431.1000061035156,170.00000000007276,passive,
1.0,1714.052,1714.229,1395.5999755859375,291.8999938964844,177.0000000001346,passive,
1.0,1714.269,1714.606,1425.300048828125,78.0,336.9999999999891,passive,
1.0,1714.657,1714.94,1098.5,341.1000061035156,283.00000000012915,passive,
1.0,1715.096,1715.198,1195.5999755859375,525.5999755859375,102.00000000008913,passive,
1.0,1715.258,1715.486,1398.699951171875,120.30000305175781,228.00000000006548,passive,
1.0,1715.561,1715.798,654.7999877929688,492.20001220703125,237.00000000008004,passive,
1.0,1715.878,1716.851,1425.300048828125,72.5,973.0000000001837,passive,
1.0,1716.957,1717.134,693.2000122070312,716.4000244140625,176.99999999990723,passive,
1.0,1717.166,1717.354,625.2000122070312,578.0,188.00000000010186,passive,
1.0,1717.487,1717.722,583.0,361.20001220703125,234.99999999989996,passive,
1.0,1717.733,1718.244,585.5,293.5,510.99999999996726,passive,
1.0,1718.253,1720.072,821.0,443.29998779296875,1818.99999999996,,
1.0,1720.119,1720.26,468.6000061035156,531.0999755859375,141.0000000000764,passive,
1.0,1720.289,1720.442,344.8999938964844,573.5,153.00000000002,passive,
1.0,1720.47,1720.639,217.1999969482422,535.0,168.99999999986903,passive,
1.0,1720.81,1721.179,193.3000030517578,473.79998779296875,369.0000000001419,passive,
1.0,1721.204,1721.535,343.0,482.29998779296875,331.00000000013097,passive,
1.0,1721.561,1721.735,223.6999969482422,551.0999755859375,173.99999999997817,passive,
1.0,1721.875,1722.073,254.89999389648438,575.5,198.00000000009277,passive,
1.0,1722.084,1722.249,292.0,612.4000244140625,164.99999999996362,passive,
1.0,1722.287,1722.518,557.2999877929688,596.2000122070312,230.99999999999454,passive,
1.0,1722.537,1722.713,494.6000061035156,581.4000244140625,175.99999999993088,passive,
1.0,1722.754,1722.972,730.0999755859375,565.4000244140625,218.00000000007458,passive,
1.0,1723.002,1723.132,852.4000244140625,500.70001220703125,130.00000000010914,passive,
1.0,1723.245,1723.545,856.7000122070312,482.70001220703125,300.0000000001819,passive,
1.0,1723.591,1723.773,1175.699951171875,551.2000122070312,182.00000000001637,passive,
1.0,1723.78,1723.957,1146.4000244140625,593.2999877929688,177.0000000001346,passive,
1.0,1723.981,1724.336,1242.9000244140625,597.2000122070312,355.0000000000182,passive,
1.0,1724.466,1724.581,1438.0,497.70001220703125,115.0000000000091,passive,
1.0,1724.638,1724.838,831.4000244140625,499.6000061035156,200.00000000004547,passive,
1.0,1725.107,1725.266,912.2000122070312,444.1000061035156,159.0000000001055,passive,
1.0,1725.288,1725.603,826.0999755859375,460.5,315.00000000005457,passive,
1.0,1725.623,1725.808,806.7999877929688,384.70001220703125,184.99999999994543,passive,
1.0,1725.843,1726.384,814.7999877929688,201.10000610351562,540.99999999994,passive,
1.0,1726.525,1726.714,1234.300048828125,425.70001220703125,188.99999999985084,passive,
1.0,1726.748,1726.911,1028.9000244140625,411.3999938964844,163.0000000000109,passive,
1.0,1726.935,1727.14,1128.4000244140625,444.5,205.0000000001546,passive,
1.0,1727.149,1727.308,1156.800048828125,420.5,159.0000000001055,passive,
1.0,1727.355,1727.579,882.0,662.5,223.9999999999327,passive,
1.0,1727.602,1727.818,861.5999755859375,752.5999755859375,215.9999999998945,passive,
1.0,1727.94,1728.61,840.7999877929688,409.29998779296875,669.9999999998454,passive,
1.0,1728.658,1728.872,485.20001220703125,339.0,214.00000000016917,passive,
1.0,1728.958,1729.109,1447.300048828125,539.0,150.99999999983993,passive,
1.0,1729.136,1729.33,1537.0999755859375,578.9000244140625,193.99999999995998,passive,
1.0,1729.409,1729.625,768.2000122070312,250.3000030517578,215.9999999998945,passive,
1.0,1729.647,1730.068,827.0999755859375,194.3000030517578,421.0000000000491,passive,
1.0,1730.225,1730.51,668.7000122070312,269.0,285.00000000008185,passive,
1.0,1730.553,1730.704,731.0,533.7999877929688,150.99999999983993,passive,
1.0,1730.847,1731.081,612.0999755859375,741.0999755859375,233.9999999999236,passive,
1.0,1731.145,1732.08,848.2999877929688,455.3999938964844,934.9999999999454,passive,
1.0,1732.109,1732.4,976.9000244140625,524.0,291.00000000016735,passive,
1.0,1732.429,1732.643,1011.2999877929688,387.29998779296875,213.9999999999418,passive,
1.0,1732.805,1733.022,428.70001220703125,534.4000244140625,216.99999999987085,passive,
1.0,1733.171,1733.386,422.20001220703125,391.29998779296875,214.99999999991815,passive,
1.0,1733.424,1733.804,181.39999389648438,360.70001220703125,380.00000000010914,passive,
1.0,1733.891,1734.058,935.4000244140625,390.0,166.99999999991633,passive,
1.0,1734.173,1735.091,1010.0,383.3999938964844,917.9999999998927,passive,
1.0,1735.223,1735.549,1151.4000244140625,493.3999938964844,326.0000000000218,passive,
1.0,1735.599,1735.815,1482.9000244140625,463.79998779296875,216.00000000012187,passive,
1.0,1735.956,1736.118,1354.699951171875,439.1000061035156,162.00000000003456,passive,
1.0,1736.16,1736.4,1039.199951171875,441.8999938964844,240.0000000000091,passive,
1.0,1736.43,1736.627,1205.9000244140625,438.1000061035156,196.99999999988904,passive,
1.0,1736.679,1737.103,751.2999877929688,529.7999877929688,423.9999999999782,passive,
1.0,1737.141,1737.296,954.0,472.1000061035156,154.99999999997272,passive,
1.0,1737.306,1737.676,986.5,488.1000061035156,369.99999999989086,passive,
1.0,1737.81,1738.05,1473.5,374.70001220703125,240.0000000000091,passive,
1.0,1738.108,1738.24,925.5,382.0,132.00000000006185,passive,
1.0,1738.39,1738.764,875.7999877929688,467.0,373.9999999997963,passive,
1.0,1739.207,1739.86,837.2000122070312,449.0,652.9999999997926,passive,
1.0,1739.908,1740.74,819.2000122070312,761.4000244140625,832.0000000001073,passive,
1.0,1740.783,1740.985,741.5,527.9000244140625,201.99999999999818,passive,
1.0,1741.039,1741.406,541.2999877929688,276.79998779296875,366.9999999999618,passive,
1.0,1741.569,1742.306,910.2000122070312,380.29998779296875,737.00000000008,passive,
1.0,1742.463,1742.614,954.7999877929688,337.29998779296875,151.0000000000673,passive,
1.0,1742.666,1742.97,1315.300048828125,279.0,304.0000000000873,passive,
1.0,1743.119,1743.415,1396.699951171875,261.6000061035156,296.0000000000491,passive,
1.0,1743.465,1743.647,899.4000244140625,207.39999389648438,182.00000000001637,passive,
1.0,1743.696,1743.893,540.5,186.3000030517578,197.00000000011642,passive,
1.0,1744.0,1744.161,601.7999877929688,269.0,161.0000000000582,passive,
1.0,1744.209,1744.647,310.1000061035156,46.70000076293945,437.9999999998745,passive,
1.0,1744.668,1744.878,245.1999969482422,14.399999618530273,210.00000000003638,passive,
1.0,1744.986,1745.127,518.2999877929688,166.60000610351562,140.99999999984902,passive,
1.0,1745.265,1745.573,718.5999755859375,302.8999938964844,307.9999999999927,passive,
1.0,1745.753,1746.846,824.9000244140625,556.0999755859375,1093.0000000000746,passive,
1.0,1746.869,1747.849,829.7999877929688,442.6000061035156,980.0000000000182,passive,
1.0,1747.884,1748.055,791.2999877929688,259.0,171.0000000000491,passive,
1.0,1748.206,1748.309,720.7999877929688,216.3000030517578,103.00000000006548,passive,
1.0,1748.914,1748.958,737.7999877929688,363.6000061035156,44.000000000096406,passive,
1.0,1749.144,1749.249,825.7999877929688,362.29998779296875,105.00000000001819,passive,
1.0,1749.66,1749.753,800.7000122070312,377.0,92.9999999998472,passive,
1.0,1749.949,1750.174,763.0999755859375,647.7999877929688,224.99999999990905,passive,
1.0,1750.22,1750.522,832.2000122070312,390.79998779296875,301.99999999990723,passive,
1.0,1750.686,1750.846,707.2000122070312,514.7999877929688,160.00000000008185,passive,
1.0,1750.859,1751.156,734.0,481.3999938964844,297.00000000002547,passive,
1.0,1751.202,1751.394,894.7999877929688,276.0,192.00000000000728,passive,
1.0,1751.416,1751.605,785.0999755859375,191.89999389648438,189.00000000007822,passive,
1.0,1751.654,1751.903,1118.699951171875,183.89999389648438,249.00000000002365,passive,
1.0,1752.127,1752.414,1002.9000244140625,361.0,287.00000000003456,passive,
1.0,1752.447,1753.422,835.7000122070312,440.79998779296875,975.0000000001364,passive,
1.0,1753.429,1753.602,797.9000244140625,457.29998779296875,173.00000000000182,passive,
1.0,1753.636,1753.816,630.0,560.4000244140625,180.00000000006366,passive,
1.0,1753.939,1754.166,432.1000061035156,316.1000061035156,226.99999999986176,passive,
1.0,1754.193,1754.354,320.1000061035156,246.39999389648438,161.0000000000582,passive,
1.0,1754.401,1754.943,600.5,524.2999877929688,541.9999999999163,passive,
1.0,1754.984,1755.232,758.0,716.2000122070312,248.0000000000473,passive,
1.0,1755.292,1755.481,1258.199951171875,771.2999877929688,189.00000000007822,passive,
1.0,1755.521,1755.754,1492.5,698.4000244140625,232.99999999994725,passive,
1.0,1755.799,1756.151,1254.0,509.79998779296875,352.00000000008913,passive,
1.0,1756.167,1756.319,1291.699951171875,447.6000061035156,152.00000000004366,passive,
1.0,1756.371,1756.501,1364.699951171875,79.0,129.99999999988177,passive,
1.0,1756.768,1756.927,848.2000122070312,436.79998779296875,158.99999999987813,passive,
1.0,1756.947,1757.539,802.7000122070312,417.8999938964844,592.0000000000982,passive,
1.0,1757.563,1757.811,860.7000122070312,497.5,247.99999999981992,passive,
1.0,1757.871,1758.162,500.20001220703125,783.5999755859375,290.99999999994,passive,
1.0,1758.213,1758.386,936.4000244140625,774.0999755859375,173.00000000000182,passive,
1.0,1758.441,1758.593,1371.0,696.2999877929688,152.00000000004366,passive,
1.0,1758.636,1758.945,1212.9000244140625,496.6000061035156,308.9999999999691,passive,
1.0,1759.006,1759.227,710.0999755859375,470.79998779296875,221.00000000000364,passive,
1.0,1759.279,1759.472,316.70001220703125,472.20001220703125,192.99999999998363,passive,
1.0,1759.501,1759.67,204.5,394.20001220703125,169.0000000000964,passive,
1.0,1759.688,1760.01,250.0,336.79998779296875,321.99999999988904,passive,
1.0,1760.076,1760.344,916.0,387.70001220703125,268.0000000000291,passive,
1.0,1760.473,1760.805,1042.199951171875,592.5999755859375,332.0000000001073,passive,
1.0,1760.85,1761.121,707.2000122070312,781.4000244140625,271.00000000018554,passive,
1.0,1761.144,1761.509,649.4000244140625,730.9000244140625,365.0000000000091,passive,
1.0,1761.647,1762.566,841.5999755859375,442.6000061035156,919.0000000000964,passive,
1.0,1762.579,1762.658,899.5999755859375,464.0,78.99999999995089,passive,
1.0,1762.697,1762.984,666.7999877929688,522.2000122070312,287.00000000003456,passive,
1.0,1763.008,1763.288,774.0999755859375,573.7999877929688,279.9999999999727,passive,
1.0,1763.357,1763.562,730.5999755859375,213.10000610351562,204.99999999992724,passive,
1.0,1763.573,1763.716,780.5,202.10000610351562,142.99999999980173,passive,
1.0,1763.756,1763.955,481.8999938964844,197.60000610351562,198.99999999984175,passive,
1.0,1764.001,1764.243,817.7000122070312,312.29998779296875,241.9999999999618,passive,
1.0,1764.376,1764.661,1356.5999755859375,253.6999969482422,285.00000000008185,passive,
1.0,1764.867,1765.017,719.2000122070312,604.0,150.00000000009095,passive,
1.0,1765.067,1765.297,265.8999938964844,559.0,230.0000000000182,passive,
1.0,1765.325,1765.558,230.5,425.79998779296875,232.99999999994725,passive,
1.0,1765.616,1767.212,832.7000122070312,471.5,1596.0000000000036,passive,
1.0,1767.221,1767.953,862.0999755859375,460.1000061035156,731.9999999999709,passive,
1.0,1767.977,1768.22,828.4000244140625,547.9000244140625,242.99999999993815,passive,
1.0,1768.381,1768.588,1496.199951171875,484.20001220703125,206.99999999987995,passive,
1.0,1768.613,1768.824,1377.5999755859375,508.79998779296875,211.00000000001273,passive,
1.0,1768.868,1769.085,945.5999755859375,466.6000061035156,217.00000000009823,passive,
1.0,1769.257,1769.438,882.0999755859375,380.79998779296875,181.00000000004002,passive,
1.0,1769.701,1769.857,758.0999755859375,418.6000061035156,155.99999999994907,passive,
1.0,1770.095,1770.455,806.2000122070312,451.1000061035156,359.99999999989996,passive,
1.0,1770.475,1771.278,843.2000122070312,427.1000061035156,803.000000000111,passive,
1.0,1771.306,1771.498,724.7999877929688,474.5,192.00000000000728,passive,
1.0,1771.544,1772.096,1068.5,457.8999938964844,551.9999999999072,passive,
1.0,1772.129,1772.31,1124.5,272.79998779296875,181.00000000004002,passive,
1.0,1772.319,1772.459,1079.199951171875,256.1000061035156,140.00000000010004,passive,
1.0,1772.48,1772.891,1153.5999755859375,250.3000030517578,411.0000000000582,passive,
1.0,1772.91,1772.984,1199.800048828125,243.39999389648438,73.99999999984175,passive,
1.0,1773.047,1773.175,613.0999755859375,64.80000305175781,127.99999999992906,passive,
1.0,1773.2,1773.356,498.8999938964844,67.4000015258789,155.99999999994907,passive,
1.0,1773.393,1773.61,720.2000122070312,60.70000076293945,216.99999999987085,passive,
1.0,1773.639,1773.824,858.0999755859375,61.79999923706055,185.0000000001728,passive,
1.0,1773.952,1774.071,860.2000122070312,53.5,118.99999999991451,passive,
1.0,1774.111,1774.35,1113.300048828125,47.20000076293945,238.99999999980537,passive,
1.0,1774.512,1774.724,668.2999877929688,528.9000244140625,211.9999999999891,passive,
1.0,1774.794,1774.988,592.5,46.5,193.99999999995998,passive,
1.0,1775.002,1775.254,586.0999755859375,111.5999984741211,251.9999999999527,passive,
1.0,1775.291,1775.504,837.5,121.5999984741211,212.99999999996544,passive,
1.0,1775.518,1775.61,902.5999755859375,126.30000305175781,91.99999999987085,passive,
1.0,1775.73,1775.991,1022.5999755859375,133.8000030517578,260.99999999996726,passive,
1.0,1776.0,1776.143,1067.699951171875,140.8000030517578,143.0000000000291,passive,
1.0,1776.294,1777.153,834.5,436.20001220703125,858.9999999999236,passive,
1.0,1777.202,1777.58,526.7000122070312,667.7999877929688,377.99999999992906,passive,
1.0,1777.649,1777.771,1255.0999755859375,728.5999755859375,122.00000000007094,passive,
1.0,1777.834,1778.073,947.2000122070312,413.0,239.00000000003274,passive,
1.0,1778.099,1778.143,800.0,426.5,44.000000000096406,passive,
1.0,1778.277,1778.492,589.5999755859375,642.7999877929688,214.99999999991815,passive,
1.0,1778.525,1778.7,371.5,658.7999877929688,174.99999999995453,passive,
1.0,1778.727,1778.965,271.70001220703125,576.5999755859375,237.99999999982901,passive,
1.0,1779.005,1779.251,526.4000244140625,554.5999755859375,245.9999999998672,passive,
1.0,1779.286,1779.484,705.4000244140625,547.2000122070312,197.9999999998654,passive,
1.0,1779.523,1779.634,901.0,430.3999938964844,111.00000000010368,passive,
1.0,1779.783,1779.927,865.4000244140625,283.0,144.00000000000546,passive,
1.0,1780.072,1780.202,864.2000122070312,273.5,130.00000000010914,passive,
1.0,1780.407,1780.594,690.5,445.8999938964844,187.0000000001255,passive,
1.0,1780.629,1781.042,536.0999755859375,581.5999755859375,413.0000000000109,passive,
1.0,1781.096,1781.373,868.5999755859375,460.1000061035156,277.00000000004366,passive,
1.0,1781.575,1782.01,847.9000244140625,451.79998779296875,434.99999999994543,passive,
1.0,1782.036,1782.376,834.2000122070312,569.4000244140625,339.99999999991815,passive,
1.0,1782.406,1782.548,804.2999877929688,414.0,142.00000000005275,passive,
1.0,1782.556,1782.768,814.7999877929688,379.0,211.9999999999891,passive,
1.0,1782.906,1783.085,810.7999877929688,389.6000061035156,179.0000000000873,passive,
1.0,1783.141,1783.579,412.8999938964844,565.9000244140625,437.9999999998745,passive,
1.0,1783.756,1783.842,939.7999877929688,561.5,86.00000000001273,passive,
1.0,1784.012,1784.474,787.4000244140625,738.5999755859375,461.9999999999891,passive,
1.0,1784.504,1784.688,944.5,797.0999755859375,184.00000000019645,passive,
1.0,1784.745,1784.991,1357.5999755859375,749.4000244140625,246.0000000000946,passive,
1.0,1785.036,1785.233,1062.4000244140625,579.4000244140625,196.99999999988904,passive,
1.0,1785.275,1785.406,767.4000244140625,573.4000244140625,130.99999999985812,passive,
1.0,1785.556,1785.737,791.2000122070312,535.4000244140625,181.00000000004002,passive,
1.0,1785.795,1786.013,1252.5,541.2999877929688,217.9999999998472,passive,
1.0,1786.073,1786.272,703.5999755859375,482.20001220703125,198.99999999984175,passive,
1.0,1786.298,1786.366,817.7000122070312,422.5,67.99999999998363,passive,
1.0,1786.375,1786.41,728.7000122070312,416.70001220703125,35.000000000081855,,
1.0,1786.432,1786.618,823.9000244140625,437.70001220703125,185.99999999992178,,
1.0,1786.874,1787.126,818.5999755859375,440.29998779296875,251.9999999999527,passive,
1.0,1787.57,1787.645,827.5,409.8999938964844,75.00000000004547,passive,
1.0,1787.935,1788.268,811.9000244140625,438.1000061035156,333.0000000000837,passive,
1.0,1788.295,1788.493,687.7000122070312,459.29998779296875,197.9999999998654,passive,
1.0,1788.53,1788.688,557.2999877929688,293.3999938964844,158.00000000012915,passive,
1.0,1788.715,1788.907,484.20001220703125,179.3000030517578,192.00000000000728,passive,
1.0,1788.92,1789.169,538.7000122070312,151.89999389648438,249.00000000002365,passive,
1.0,1789.346,1789.506,679.4000244140625,364.5,160.00000000008185,passive,
1.0,1789.563,1789.76,1077.300048828125,595.5999755859375,196.99999999988904,passive,
1.0,1789.791,1790.367,941.7000122070312,453.5,576.0000000000218,passive,
1.0,1790.38,1790.483,1009.5,465.70001220703125,102.99999999983811,passive,
1.0,1790.653,1790.997,853.2999877929688,475.1000061035156,344.00000000005093,passive,
1.0,1791.038,1791.475,658.9000244140625,589.2999877929688,436.99999999989814,passive,
1.0,1791.515,1791.72,870.4000244140625,482.79998779296875,204.99999999992724,passive,
1.0,1791.776,1791.953,1302.9000244140625,484.29998779296875,176.99999999990723,passive,
1.0,1792.002,1792.033,879.2000122070312,453.8999938964844,30.99999999994907,passive,
1.0,1792.243,1792.454,865.2999877929688,449.5,211.00000000001273,passive,
1.0,1792.466,1792.993,820.4000244140625,433.0,527.0000000000437,passive,
1.0,1793.019,1793.295,928.5999755859375,473.1000061035156,276.0000000000673,passive,
1.0,1793.308,1793.485,990.9000244140625,491.0,176.99999999990723,passive,
1.0,1793.51,1793.77,1096.199951171875,523.9000244140625,259.9999999999909,passive,
1.0,1793.981,1794.171,783.4000244140625,473.20001220703125,190.00000000005457,passive,
1.0,1794.2,1794.721,920.7000122070312,422.1000061035156,520.9999999999582,passive,
1.0,1794.765,1795.046,1123.800048828125,571.0,280.99999999994907,passive,
1.0,1795.103,1795.309,1389.199951171875,295.8999938964844,205.9999999999036,passive,
1.0,1795.372,1795.566,702.7000122070312,189.6999969482422,193.99999999995998,passive,
1.0,1795.606,1795.773,509.70001220703125,168.8000030517578,166.99999999991633,passive,
1.0,1795.94,1796.283,825.7999877929688,571.0999755859375,342.9999999998472,passive,
1.0,1796.31,1796.523,781.7000122070312,453.20001220703125,212.99999999996544,passive,
1.0,1796.536,1796.955,834.2999877929688,458.5,418.99999999986903,passive,
1.0,1796.977,1797.16,741.7999877929688,442.79998779296875,182.99999999999272,passive,
1.0,1797.212,1797.472,369.20001220703125,317.8999938964844,259.9999999999909,passive,
1.0,1797.59,1797.673,398.20001220703125,236.89999389648438,83.00000000008367,passive,
1.0,1797.711,1797.806,607.9000244140625,258.8999938964844,95.00000000002728,passive,
1.0,1797.833,1798.035,722.0999755859375,291.6000061035156,201.99999999999818,passive,
1.0,1798.091,1798.459,1195.699951171875,346.20001220703125,368.0000000001655,passive,
1.0,1798.496,1798.644,1403.199951171875,289.3999938964844,147.99999999991087,passive,
1.0,1798.766,1798.921,1356.9000244140625,256.0,154.99999999997272,passive,
1.0,1798.993,1799.201,764.7000122070312,773.4000244140625,208.00000000008367,passive,
1.0,1799.228,1799.44,717.7999877929688,660.7999877929688,211.9999999999891,passive,
1.0,1799.466,1799.691,794.2999877929688,581.7000122070312,225.00000000013642,passive,
1.0,1799.743,1800.022,289.29998779296875,632.2999877929688,278.99999999999636,passive,
1.0,1800.035,1800.369,341.6000061035156,593.4000244140625,333.99999999983265,passive,
1.0,1800.379,1800.76,306.3999938964844,624.7999877929688,381.0000000000855,passive,
1.0,1801.021,1801.153,845.7000122070312,389.29998779296875,132.00000000006185,passive,
1.0,1801.448,1802.569,796.5999755859375,444.29998779296875,1120.9999999998672,passive,
1.0,1802.591,1802.91,845.0,401.8999938964844,319.00000000018736,passive,
1.0,1803.058,1804.194,828.2999877929688,419.8999938964844,1135.9999999999673,passive,
1.0,1804.203,1804.47,796.9000244140625,438.79998779296875,267.00000000005275,passive,
1.0,1804.495,1804.694,682.7999877929688,430.20001220703125,199.00000000006912,passive,
1.0,1804.759,1805.002,1260.4000244140625,386.8999938964844,242.99999999993815,passive,
1.0,1805.155,1805.352,1266.5999755859375,322.3999938964844,197.00000000011642,passive,
1.0,1805.408,1805.527,759.9000244140625,372.5,119.00000000014188,passive,
1.0,1805.571,1805.824,516.5,539.5,253.00000000015643,passive,
1.0,1805.894,1806.053,1125.699951171875,809.5,159.0000000001055,passive,
1.0,1806.117,1806.439,450.5,754.5999755859375,322.0000000001164,passive,
1.0,1806.498,1806.727,378.29998779296875,355.5,229.00000000004184,passive,
1.0,1806.753,1806.977,442.8999938964844,285.0,224.00000000016007,passive,
1.0,1807.004,1807.183,565.7999877929688,248.39999389648438,179.0000000000873,passive,
1.0,1807.235,1807.734,160.1999969482422,193.10000610351562,499.00000000002365,passive,
1.0,1807.752,1808.211,264.8999938964844,199.1999969482422,459.00000000006,passive,
1.0,1808.261,1808.582,679.7000122070312,247.1999969482422,321.00000000014006,passive,
1.0,1808.706,1808.953,942.7999877929688,243.1999969482422,247.00000000007094,passive,
1.0,1809.104,1809.257,994.2000122070312,422.8999938964844,153.00000000002,passive,
1.0,1809.374,1809.505,789.5999755859375,380.29998779296875,131.0000000000855,passive,
1.0,1809.753,1810.169,827.0999755859375,424.20001220703125,416.00000000016735,passive,
1.0,1810.206,1810.605,990.9000244140625,282.5,399.0000000001146,passive,
1.0,1810.635,1810.934,963.2000122070312,462.0,298.9999999999782,passive,
1.0,1811.126,1811.273,965.2000122070312,479.20001220703125,146.99999999993452,passive,
1.0,1811.281,1811.739,979.0999755859375,456.0,458.0000000000837,passive,
1.0,1811.768,1812.021,912.9000244140625,614.2999877929688,252.99999999992906,passive,
1.0,1812.045,1813.381,995.7999877929688,505.1000061035156,1336.0000000000127,passive,
1.0,1813.39,1813.782,962.2000122070312,516.5999755859375,391.9999999998254,passive,
1.0,1814.011,1814.121,839.9000244140625,457.6000061035156,110.00000000012733,passive,
1.0,1814.323,1814.813,822.0,458.0,490.0000000000091,passive,
1.0,1814.836,1814.972,723.2999877929688,499.29998779296875,135.99999999996726,passive,
1.0,1815.004,1815.245,844.4000244140625,644.0999755859375,240.99999999998545,passive,
1.0,1815.288,1815.799,834.0999755859375,387.79998779296875,510.99999999996726,passive,
1.0,1815.843,1816.038,863.5,708.7999877929688,194.99999999993634,passive,
1.0,1816.046,1816.354,841.0,667.2000122070312,307.9999999999927,passive,
1.0,1816.38,1816.691,860.9000244140625,508.3999938964844,310.9999999999218,passive,
1.0,1816.917,1817.119,840.0999755859375,424.3999938964844,201.99999999999818,passive,
1.0,1817.173,1817.471,407.79998779296875,594.9000244140625,298.0000000000018,passive,
1.0,1817.51,1817.709,605.2000122070312,435.5,199.00000000006912,passive,
1.0,1817.723,1817.897,645.9000244140625,445.79998779296875,173.99999999997817,passive,
1.0,1817.917,1818.108,573.7999877929688,442.1000061035156,191.00000000003092,passive,
1.0,1818.132,1818.448,656.7000122070312,441.29998779296875,316.0000000000309,passive,
1.0,1818.456,1818.681,689.0999755859375,448.5,225.00000000013642,passive,
1.0,1818.723,1818.874,905.0,362.6000061035156,151.0000000000673,passive,
1.0,1818.899,1819.139,798.4000244140625,378.70001220703125,240.0000000000091,passive,
1.0,1819.166,1819.302,901.0999755859375,237.89999389648438,135.99999999996726,passive,
1.0,1819.326,1819.454,871.4000244140625,126.30000305175781,127.99999999992906,passive,
1.0,1819.478,1819.754,791.5,90.5,275.99999999983993,passive,
1.0,1819.79,1819.931,856.5,281.3999938964844,141.0000000000764,passive,
1.0,1819.952,1820.22,811.7999877929688,354.79998779296875,268.0000000000291,passive,
1.0,1821.014,1821.702,831.9000244140625,448.29998779296875,688.0000000001019,passive,
1.0,1821.722,1822.088,746.2000122070312,417.3999938964844,365.99999999998545,passive,
1.0,1822.099,1822.28,791.4000244140625,392.3999938964844,181.00000000004002,passive,
1.0,1822.322,1822.637,616.5,239.0,315.00000000005457,passive,
1.0,1822.836,1823.205,598.2000122070312,204.5,368.9999999999145,passive,
1.0,1823.228,1823.436,725.5,181.89999389648438,207.9999999998563,passive,
1.0,1823.489,1823.927,1193.0,240.39999389648438,437.9999999998745,passive,
1.0,1823.971,1824.236,965.0999755859375,53.79999923706055,265.00000000010004,passive,
1.0,1824.285,1824.401,1351.4000244140625,65.9000015258789,115.99999999998545,passive,
1.0,1824.573,1824.767,1023.7999877929688,181.3000030517578,193.99999999995998,passive,
1.0,1824.821,1825.061,474.6000061035156,241.3000030517578,240.0000000000091,passive,
1.0,1825.098,1825.352,326.29998779296875,166.10000610351562,254.0000000001328,passive,
1.0,1825.511,1825.785,321.79998779296875,389.6000061035156,274.0000000001146,passive,
1.0,1825.856,1826.093,1091.800048828125,353.79998779296875,237.00000000008004,passive,
1.0,1826.135,1826.335,1298.9000244140625,262.5,200.00000000004547,passive,
1.0,1826.5,1826.855,1354.5999755859375,292.0,355.0000000000182,passive,
1.0,1826.88,1827.005,1354.5,428.70001220703125,125.0,passive,
1.0,1827.083,1827.568,328.3999938964844,449.6000061035156,484.99999999989996,passive,
1.0,1827.774,1828.022,541.0999755859375,555.5999755859375,248.0000000000473,passive,
1.0,1828.076,1828.217,965.5,486.8999938964844,141.0000000000764,passive,
1.0,1828.242,1829.009,838.2999877929688,464.6000061035156,767.0000000000528,passive,
1.0,1829.038,1829.637,681.7000122070312,454.79998779296875,598.9999999999327,passive,
1.0,1829.666,1829.896,766.0999755859375,562.5,230.0000000000182,passive,
1.0,1829.953,1830.161,1221.300048828125,587.0999755859375,208.00000000008367,passive,
1.0,1830.314,1830.825,1071.0999755859375,530.4000244140625,510.99999999996726,passive,
1.0,1830.851,1831.203,999.4000244140625,410.5,351.99999999986176,passive,
1.0,1831.256,1831.428,569.5999755859375,378.1000061035156,172.00000000002547,passive,
1.0,1831.546,1831.77,548.0,331.1000061035156,223.9999999999327,passive,
1.0,1831.809,1832.013,775.5,438.70001220703125,203.9999999999509,passive,
1.0,1832.024,1832.854,834.9000244140625,441.20001220703125,830.0000000001546,passive,
1.0,1832.865,1833.043,791.7000122070312,441.1000061035156,177.99999999988358,passive,
1.0,1833.057,1833.211,809.5999755859375,499.6000061035156,153.99999999999636,passive,
1.0,1833.349,1833.593,816.5999755859375,587.4000244140625,244.00000000014188,passive,
1.0,1833.642,1833.912,460.1000061035156,450.8999938964844,269.9999999999818,passive,
1.0,1833.932,1834.272,405.0,418.1000061035156,339.99999999991815,passive,
1.0,1834.299,1834.473,286.29998779296875,509.8999938964844,173.99999999997817,passive,
1.0,1834.606,1834.704,368.8999938964844,509.0,97.99999999995634,passive,
1.0,1834.73,1834.969,528.4000244140625,498.8999938964844,239.00000000003274,passive,
1.0,1835.022,1835.373,875.9000244140625,409.29998779296875,351.0000000001128,passive,
1.0,1835.411,1836.018,1073.800048828125,379.0,606.9999999999709,passive,
1.0,1836.041,1836.227,1033.0999755859375,451.70001220703125,186.00000000014916,passive,
1.0,1836.245,1836.463,1021.0999755859375,509.20001220703125,218.00000000007458,passive,
1.0,1836.508,1836.647,1361.9000244140625,539.5,138.99999999989632,passive,
1.0,1836.674,1836.921,1332.5,392.70001220703125,247.00000000007094,passive,
1.0,1836.98,1837.294,1328.300048828125,678.2999877929688,314.0000000000782,passive,
1.0,1837.308,1837.553,1315.5999755859375,587.5,245.00000000011823,passive,
1.0,1837.724,1838.12,798.2999877929688,449.1000061035156,395.99999999995816,passive,
1.0,1838.127,1838.524,832.5999755859375,432.5,396.9999999999345,passive,
1.0,1838.566,1838.715,503.6000061035156,542.7999877929688,148.99999999988722,passive,
1.0,1838.748,1838.894,376.29998779296875,578.4000244140625,145.99999999995816,passive,
1.0,1838.922,1839.125,326.1000061035156,688.2999877929688,202.99999999997453,passive,
1.0,1839.173,1839.346,87.19999694824219,408.6000061035156,173.00000000000182,passive,
1.0,1839.368,1839.531,62.400001525878906,350.1000061035156,163.0000000000109,passive,
1.0,1839.611,1839.825,1055.0999755859375,436.0,213.9999999999418,passive,
1.0,1839.846,1840.04,1117.199951171875,395.0,193.99999999995998,passive,
1.0,1840.065,1840.238,1197.300048828125,408.0,173.00000000000182,passive,
1.0,1840.376,1840.764,1182.199951171875,403.8999938964844,387.99999999991996,passive,
1.0,1840.806,1841.039,1244.199951171875,682.0999755859375,232.99999999994725,passive,
1.0,1841.05,1841.4,1299.4000244140625,652.5,350.0000000001364,passive,
1.0,1841.437,1841.837,1110.699951171875,524.5,400.00000000009095,passive,
1.0,1841.988,1842.192,495.8999938964844,542.7999877929688,203.9999999999509,passive,
1.0,1842.206,1842.399,451.79998779296875,500.79998779296875,192.99999999998363,passive,
1.0,1842.409,1842.687,415.70001220703125,524.2000122070312,277.99999999979264,passive,
1.0,1842.74,1843.286,845.5,481.8999938964844,546.0000000000491,passive,
1.0,1843.301,1844.216,823.0999755859375,441.20001220703125,914.9999999999636,passive,
1.0,1844.237,1844.452,720.5,484.0,214.99999999991815,passive,
1.0,1844.499,1844.637,1052.0,512.9000244140625,137.99999999991996,passive,
1.0,1844.792,1845.011,1053.5,527.0,219.00000000005093,passive,
1.0,1845.039,1845.564,937.0999755859375,534.5999755859375,525.000000000091,passive,
1.0,1845.57,1845.877,963.2000122070312,491.29998779296875,307.00000000001637,passive,
1.0,1846.038,1846.26,979.2999877929688,532.7000122070312,221.99999999998,passive,
1.0,1846.298,1846.508,1193.699951171875,559.4000244140625,210.00000000003638,passive,
1.0,1846.535,1846.728,1059.199951171875,549.9000244140625,192.99999999998363,passive,
1.0,1846.76,1846.945,1257.699951171875,537.0,184.99999999994543,passive,
1.0,1846.982,1847.222,1380.199951171875,403.79998779296875,240.0000000000091,passive,
1.0,1847.282,1847.457,938.7999877929688,260.5,175.0000000001819,passive,
1.0,1847.511,1847.783,375.70001220703125,275.29998779296875,271.9999999999345,passive,
1.0,1847.918,1848.38,839.9000244140625,273.0,462.00000000021646,passive,
1.0,1848.403,1848.602,906.0999755859375,367.29998779296875,199.00000000006912,passive,
1.0,1848.75,1849.06,875.0999755859375,448.5,309.99999999994543,passive,
1.0,1849.072,1849.317,828.2000122070312,449.20001220703125,245.00000000011823,passive,
1.0,1849.547,1850.203,825.2999877929688,452.70001220703125,655.9999999999491,passive,
1.0,1850.254,1850.431,1145.0,431.20001220703125,177.0000000001346,passive,
1.0,1850.462,1850.628,1316.0999755859375,401.1000061035156,165.99999999993997,passive,
1.0,1850.785,1850.904,1053.4000244140625,426.6000061035156,118.99999999991451,passive,
1.0,1851.135,1851.399,823.7000122070312,477.0,263.9999999998963,passive,
1.0,1851.439,1851.978,585.2000122070312,438.0,538.9999999999873,passive,
1.0,1852.212,1852.444,816.7000122070312,440.6000061035156,231.9999999999709,passive,
1.0,1852.459,1853.573,746.2999877929688,448.5,1114.0000000000327,passive,
1.0,1853.586,1854.009,814.7999877929688,428.20001220703125,423.0000000000018,passive,
1.0,1854.018,1854.474,839.0,440.70001220703125,455.9999999999036,passive,
1.0,1854.485,1855.367,786.0,432.29998779296875,882.0000000000618,passive,
1.0,1855.392,1855.591,855.9000244140625,507.1000061035156,198.99999999984175,passive,
1.0,1856.103,1856.217,553.9000244140625,397.0,114.00000000003274,passive,
1.0,1856.391,1856.742,413.6000061035156,402.1000061035156,350.9999999998854,passive,
1.0,1856.767,1856.931,532.2000122070312,455.79998779296875,163.99999999998727,passive,
1.0,1856.976,1857.206,194.1999969482422,471.3999938964844,229.99999999979082,passive,
1.0,1857.269,1857.402,875.5,463.6000061035156,133.0000000000382,passive,
1.0,1857.41,1858.11,834.7000122070312,454.5,699.9999999998181,passive,
1.0,1858.118,1858.427,799.2000122070312,476.29998779296875,308.9999999999691,passive,
1.0,1858.436,1858.691,838.4000244140625,481.70001220703125,255.00000000010914,passive,
1.0,1858.702,1858.93,825.2999877929688,533.4000244140625,228.00000000006548,passive,
1.0,1859.092,1859.441,1419.800048828125,496.3999938964844,348.9999999999327,passive,
1.0,1859.485,1859.897,1309.9000244140625,262.0,412.00000000003456,passive,
1.0,1860.062,1860.25,1302.4000244140625,814.5,188.00000000010186,passive,
1.0,1860.338,1860.532,211.3000030517578,755.2999877929688,193.99999999995998,passive,
1.0,1860.578,1860.662,219.8000030517578,494.6000061035156,84.00000000006003,passive,
1.0,1860.699,1861.181,264.70001220703125,313.1000061035156,481.9999999999709,passive,
1.0,1861.397,1862.166,817.9000244140625,431.8999938964844,769.0000000000055,passive,
1.0,1862.207,1862.333,959.4000244140625,262.20001220703125,125.99999999997635,passive,
1.0,1862.401,1862.613,500.8999938964844,751.7999877929688,211.9999999999891,passive,
1.0,1862.623,1862.795,478.5,679.9000244140625,172.00000000002547,passive,
1.0,1863.047,1863.178,936.7999877929688,288.20001220703125,131.0000000000855,passive,
1.0,1863.391,1864.178,944.5,224.10000610351562,787.0000000000346,passive,
1.0,1864.43,1864.625,583.2000122070312,657.2000122070312,194.99999999993634,passive,
1.0,1864.637,1865.16,526.5999755859375,684.0,523.0000000001382,passive,
1.0,1865.209,1865.437,795.0,515.9000244140625,227.9999999998381,passive,
1.0,1865.471,1865.718,931.0999755859375,386.79998779296875,247.00000000007094,passive,
1.0,1865.743,1865.977,945.9000244140625,279.1000061035156,234.00000000015098,passive,
1.0,1866.163,1866.872,948.5999755859375,285.6000061035156,709.00000000006,passive,
1.0,1866.946,1867.156,556.5999755859375,700.5999755859375,210.00000000003638,passive,
1.0,1867.439,1867.618,759.9000244140625,561.2999877929688,178.99999999985994,passive,
1.0,1867.652,1867.854,572.0,655.5999755859375,201.99999999999818,passive,
1.0,1867.898,1868.277,816.0999755859375,458.1000061035156,379.0000000001328,passive,
1.0,1868.304,1868.869,751.5999755859375,540.0,564.9999999998272,passive,
1.0,1868.895,1869.139,871.5999755859375,438.8999938964844,243.9999999999145,passive,
1.0,1869.148,1869.619,830.0999755859375,435.29998779296875,471.00000000000364,passive,
1.0,1869.631,1869.84,771.0,416.79998779296875,208.99999999983265,passive,
1.0,1869.855,1870.17,830.5999755859375,444.6000061035156,315.00000000005457,passive,
1.0,1870.304,1870.439,827.4000244140625,385.3999938964844,134.9999999999909,passive,
1.0,1870.609,1870.807,827.7000122070312,349.1000061035156,198.00000000009277,passive,
1.0,1871.049,1871.242,795.0,438.70001220703125,192.99999999998363,passive,
1.0,1871.402,1871.648,1270.199951171875,414.79998779296875,245.9999999998672,passive,
1.0,1871.699,1871.918,865.0,403.20001220703125,218.99999999982356,passive,
1.0,1872.075,1872.758,811.7999877929688,452.0,682.9999999999927,passive,
1.0,1872.98,1873.022,880.0999755859375,493.3999938964844,41.99999999991633,passive,
1.0,1873.242,1873.781,773.9000244140625,555.7000122070312,538.9999999999873,passive,
1.0,1873.817,1873.948,946.7999877929688,510.1000061035156,131.0000000000855,passive,
1.0,1874.219,1874.325,1096.300048828125,562.0999755859375,105.99999999999454,passive,
1.0,1874.547,1875.024,769.2999877929688,487.6000061035156,476.99999999986176,passive,
1.0,1875.081,1875.243,998.2999877929688,762.7999877929688,162.00000000003456,passive,
1.0,1875.308,1875.537,1637.199951171875,928.2000122070312,229.00000000004184,passive,
1.0,1875.613,1875.923,806.5999755859375,590.5999755859375,309.99999999994543,passive,
1.0,1875.959,1876.543,953.2999877929688,500.0,583.9999999998327,passive,
1.0,1876.567,1876.677,815.7999877929688,512.4000244140625,109.99999999989996,passive,
1.0,1877.128,1877.302,862.7999877929688,498.3999938964844,173.99999999997817,passive,
1.0,1877.309,1877.717,841.0,476.1000061035156,408.00000000012915,passive,
1.0,1877.763,1877.922,549.0999755859375,494.8999938964844,159.0000000001055,passive,
1.0,1877.971,1878.151,587.7000122070312,155.1999969482422,180.00000000006366,passive,
1.0,1878.176,1878.746,679.0,141.6999969482422,570.0000000001637,passive,
1.0,1878.755,1878.91,640.2000122070312,144.10000610351562,154.99999999997272,passive,
1.0,1879.049,1879.21,672.0,177.39999389648438,161.0000000000582,passive,
1.0,1879.27,1879.47,1285.800048828125,272.20001220703125,200.00000000004547,passive,
1.0,1879.481,1879.811,1308.0999755859375,230.89999389648438,329.99999999992724,passive,
1.0,1879.962,1880.125,1049.300048828125,492.8999938964844,163.0000000000109,passive,
1.0,1880.138,1880.592,1087.9000244140625,469.1000061035156,454.00000000017826,passive,
1.0,1881.047,1881.506,464.6000061035156,670.0999755859375,459.00000000006,passive,
1.0,1881.562,1881.899,859.5999755859375,459.79998779296875,336.9999999999891,passive,
1.0,1882.092,1882.465,835.9000244140625,457.8999938964844,372.9999999998199,passive,
1.0,1882.51,1882.739,489.29998779296875,455.70001220703125,229.00000000004184,passive,
1.0,1882.769,1883.001,614.7000122070312,563.2000122070312,231.9999999999709,passive,
1.0,1883.036,1883.282,458.29998779296875,410.79998779296875,245.9999999998672,passive,
1.0,1883.482,1883.68,1021.7000122070312,268.0,198.00000000009277,passive,
1.0,1883.746,1884.151,697.2999877929688,640.7999877929688,404.9999999999727,passive,
1.0,1884.173,1884.493,604.7000122070312,637.9000244140625,319.99999999993634,passive,
1.0,1884.668,1884.839,559.2999877929688,535.2000122070312,171.0000000000491,passive,
1.0,1884.866,1885.268,479.29998779296875,421.79998779296875,402.00000000004366,passive,
1.0,1885.588,1885.921,733.2000122070312,603.0999755859375,333.0000000000837,passive,
1.0,1885.93,1886.221,686.0999755859375,628.0999755859375,290.99999999994,passive,
1.0,1886.273,1886.641,926.5,436.3999938964844,368.0000000001655,passive,
1.0,1886.679,1886.83,710.0,499.6000061035156,150.99999999983993,passive,
1.0,1886.839,1887.276,784.5,480.6000061035156,437.0000000001255,,
1.0,1887.286,1887.616,805.7000122070312,448.1000061035156,329.99999999992724,,
1.0,1887.776,1888.101,812.0999755859375,451.8999938964844,325.0000000000455,constant,
1.0,1888.112,1888.518,776.2000122070312,494.20001220703125,405.99999999994907,constant,
1.0,1888.562,1888.742,491.6000061035156,365.70001220703125,180.00000000006366,constant,
1.0,1888.77,1888.923,607.5,471.8999938964844,153.00000000002,constant,
1.0,1888.961,1889.152,834.7000122070312,548.0,191.00000000003092,constant,
1.0,1889.177,1889.275,709.4000244140625,556.7999877929688,98.00000000018372,constant,
1.0,1889.285,1889.418,677.9000244140625,537.5999755859375,132.99999999981083,constant,
1.0,1889.465,1889.718,320.20001220703125,577.5,253.00000000015643,constant,
1.0,1889.74,1889.943,269.8999938964844,526.5,202.99999999997453,constant,
1.0,1889.976,1890.093,212.10000610351562,367.3999938964844,116.9999999999618,constant,
1.0,1890.131,1890.44,409.6000061035156,264.1000061035156,308.9999999999691,constant,
1.0,1890.579,1891.018,397.8999938964844,215.60000610351562,439.0000000000782,constant,
1.0,1891.099,1891.27,1351.9000244140625,234.60000610351562,171.0000000000491,constant,
1.0,1891.287,1891.522,1352.300048828125,176.10000610351562,234.99999999989996,constant,
1.0,1891.723,1892.008,1160.699951171875,482.70001220703125,285.00000000008185,constant,
1.0,1892.034,1892.223,1240.199951171875,576.7999877929688,188.99999999985084,constant,
1.0,1892.25,1892.592,1381.5,522.5,342.0000000000982,constant,
1.0,1892.631,1892.757,1548.800048828125,732.4000244140625,125.99999999997635,constant,
1.0,1892.784,1892.956,1592.199951171875,835.0,171.9999999997981,constant,
1.0,1893.231,1893.394,649.2999877929688,329.8999938964844,163.0000000000109,constant,
1.0,1893.433,1893.596,429.1000061035156,260.20001220703125,163.0000000000109,constant,
1.0,1893.644,1893.865,85.69999694824219,155.5,221.00000000000364,constant,
1.0,1894.044,1894.42,676.7999877929688,387.8999938964844,375.99999999997635,constant,
1.0,1894.452,1894.642,845.2999877929688,476.20001220703125,190.00000000005457,constant,
1.0,1894.673,1894.909,1015.5999755859375,542.4000244140625,236.00000000010368,constant,
1.0,1894.971,1895.11,456.20001220703125,312.6000061035156,138.99999999989632,constant,
1.0,1895.132,1895.894,406.5,237.39999389648438,761.9999999999436,constant,
1.0,1896.056,1896.564,391.6000061035156,200.0,508.0000000000382,constant,
1.0,1896.574,1896.884,418.1000061035156,205.39999389648438,309.99999999994543,constant,
1.0,1897.13,1897.312,850.7999877929688,261.79998779296875,181.999999999789,constant,
1.0,1897.38,1897.555,1426.800048828125,219.1999969482422,174.99999999995453,constant,
1.0,1897.573,1897.713,1353.4000244140625,180.0,139.99999999987267,constant,
1.0,1897.866,1898.046,1334.800048828125,332.3999938964844,180.00000000006366,constant,
1.0,1898.072,1898.425,1350.800048828125,172.3000030517578,353.0000000000655,constant,
1.0,1898.646,1898.78,1039.5,627.7999877929688,134.00000000001455,constant,
1.0,1898.818,1899.025,821.5,686.4000244140625,207.00000000010732,constant,
1.0,1899.075,1899.265,554.2000122070312,471.0,190.00000000005457,constant,
1.0,1899.287,1899.371,489.1000061035156,396.6000061035156,84.00000000006003,constant,
1.0,1899.533,1899.615,664.0999755859375,412.29998779296875,82.00000000010732,constant,
1.0,1899.831,1899.939,1060.5,546.4000244140625,108.00000000017462,constant,
1.0,1899.983,1900.532,786.2999877929688,633.5,548.9999999999782,constant,
1.0,1900.57,1901.138,953.0,610.0,567.9999999999836,constant,
1.0,1901.326,1901.459,977.2000122070312,594.7000122070312,133.0000000000382,constant,
1.0,1901.483,1901.71,1065.0,614.5999755859375,227.00000000008913,constant,
1.0,1901.734,1901.927,965.7999877929688,571.0999755859375,192.99999999998363,constant,
1.0,1901.965,1902.171,1246.5999755859375,588.5999755859375,206.00000000013097,constant,
1.0,1902.199,1902.383,1354.5,522.2000122070312,183.99999999996908,constant,
1.0,1902.529,1902.847,1271.800048828125,429.8999938964844,317.99999999998363,constant,
1.0,1902.887,1903.118,1531.699951171875,472.8999938964844,230.99999999999454,constant,
1.0,1903.316,1903.346,1188.699951171875,533.9000244140625,29.999999999972715,constant,
1.0,1903.639,1903.793,372.0,920.5999755859375,153.99999999999636,constant,
1.0,1903.837,1904.056,653.5999755859375,804.2999877929688,219.00000000005093,constant,
1.0,1904.095,1904.335,418.8999938964844,833.2000122070312,240.0000000000091,constant,
1.0,1904.369,1904.758,595.2000122070312,714.0999755859375,389.0000000001237,constant,
1.0,1904.798,1904.972,825.2999877929688,617.0999755859375,173.99999999997817,constant,
1.0,1905.006,1905.382,1013.5,588.7999877929688,375.99999999997635,constant,
1.0,1905.391,1905.624,971.5999755859375,553.5,232.99999999994725,constant,
1.0,1905.634,1906.09,1006.4000244140625,552.2000122070312,455.9999999999036,constant,
1.0,1906.112,1906.604,980.0,548.2999877929688,491.9999999999618,constant,
1.0,1906.821,1906.912,1017.4000244140625,522.7999877929688,91.00000000012187,constant,
1.0,1907.145,1908.022,988.4000244140625,547.0999755859375,876.9999999999527,constant,
1.0,1908.222,1908.45,757.0,371.1000061035156,228.00000000006548,constant,
1.0,1908.515,1908.689,1390.5999755859375,280.70001220703125,173.99999999997817,constant,
1.0,1908.711,1908.887,1330.699951171875,204.10000610351562,175.99999999993088,constant,
1.0,1908.905,1909.29,1364.800048828125,132.39999389648438,384.9999999999909,constant,
1.0,1909.459,1909.609,350.29998779296875,238.89999389648438,149.99999999986358,constant,
1.0,1909.622,1910.284,402.3999938964844,212.5,662.0000000000346,constant,
1.0,1910.454,1910.675,433.79998779296875,230.89999389648438,221.00000000000364,constant,
1.0,1910.833,1910.992,444.1000061035156,248.6999969482422,158.99999999987813,constant,
1.0,1911.149,1911.914,477.6000061035156,239.3000030517578,765.0000000001,constant,
1.0,1912.064,1912.311,444.1000061035156,238.3000030517578,246.99999999984357,constant,
1.0,1912.465,1912.632,440.0,232.10000610351562,167.0000000001437,constant,
1.0,1912.764,1912.966,488.70001220703125,252.3000030517578,201.99999999999818,constant,
1.0,1913.096,1913.293,695.4000244140625,330.70001220703125,196.99999999988904,constant,
1.0,1913.437,1913.728,712.7999877929688,445.3999938964844,291.00000000016735,constant,
1.0,1913.77,1914.039,453.29998779296875,257.3999938964844,269.00000000000546,constant,
1.0,1914.155,1914.315,453.1000061035156,247.89999389648438,160.00000000008185,constant,
1.0,1914.448,1914.663,492.79998779296875,255.89999389648438,214.99999999991815,constant,
1.0,1914.733,1914.944,1232.5999755859375,288.0,211.00000000001273,constant,
1.0,1915.072,1915.243,1232.800048828125,280.5,171.0000000000491,constant,
1.0,1915.307,1915.486,502.29998779296875,318.20001220703125,179.0000000000873,constant,
1.0,1915.607,1915.758,576.5,307.1000061035156,151.0000000000673,constant,
1.0,1915.803,1916.116,758.0,503.29998779296875,312.9999999998745,constant,
1.0,1916.148,1916.332,901.9000244140625,574.7999877929688,184.00000000019645,constant,
1.0,1916.387,1916.601,416.0,280.1000061035156,214.00000000016917,constant,
1.0,1916.759,1916.955,315.20001220703125,202.89999389648438,195.9999999999127,constant,
1.0,1917.096,1917.433,12.699999809265137,110.80000305175781,336.9999999999891,constant,
1.0,1917.562,1917.767,728.5999755859375,362.5,205.0000000001546,constant,
1.0,1917.905,1918.123,707.2999877929688,501.0,218.00000000007458,constant,
1.0,1918.189,1918.385,1303.199951171875,316.20001220703125,195.9999999999127,constant,
1.0,1918.407,1918.567,1316.0999755859375,225.39999389648438,160.00000000008185,constant,
1.0,1918.723,1919.012,424.6000061035156,266.6000061035156,288.99999999998727,constant,
1.0,1919.077,1919.27,932.7000122070312,464.20001220703125,192.99999999998363,constant,
1.0,1919.323,1919.478,508.29998779296875,291.3999938964844,154.99999999997272,constant,
1.0,1919.62,1919.907,767.4000244140625,470.70001220703125,287.00000000003456,constant,
1.0,1919.948,1920.323,931.7999877929688,651.7000122070312,375.0,constant,
1.0,1920.352,1920.556,734.9000244140625,586.9000244140625,203.9999999999509,constant,
1.0,1920.693,1920.883,741.2000122070312,468.1000061035156,190.00000000005457,constant,
1.0,1920.932,1921.14,389.6000061035156,282.20001220703125,208.00000000008367,constant,
1.0,1921.266,1921.459,520.4000244140625,332.79998779296875,192.99999999998363,constant,
1.0,1921.505,1921.8,797.4000244140625,488.5,294.9999999998454,constant,
1.0,1921.817,1922.237,797.5999755859375,420.79998779296875,420.00000000007276,constant,
1.0,1922.373,1923.346,785.0,447.3999938964844,972.9999999999563,constant,
1.0,1923.481,1923.621,745.5,436.8999938964844,140.00000000010004,constant,
1.0,1923.665,1923.97,435.5,278.8999938964844,305.00000000006366,constant,
1.0,1923.983,1924.266,412.0,236.6999969482422,283.00000000012915,constant,
1.0,1924.309,1924.615,75.30000305175781,136.60000610351562,306.00000000004,constant,
1.0,1924.755,1924.892,318.5,279.6000061035156,136.9999999999436,constant,
1.0,1924.919,1925.551,495.5,297.0,631.9999999998345,constant,
1.0,1925.575,1926.02,422.0,249.89999389648438,444.99999999993634,constant,
1.0,1926.09,1926.241,1230.0,273.70001220703125,151.0000000000673,constant,
1.0,1926.27,1926.445,1338.800048828125,229.60000610351562,174.99999999995453,constant,
1.0,1926.465,1926.604,1349.699951171875,178.5,139.0000000001237,constant,
1.0,1926.748,1927.446,1356.0999755859375,165.89999389648438,697.9999999998654,constant,
1.0,1927.609,1928.861,1385.300048828125,204.8000030517578,1252.00000000018,constant,
1.0,1929.079,1929.698,1394.5,204.60000610351562,619.0000000001419,constant,
1.0,1929.76,1930.034,805.9000244140625,307.1000061035156,274.0000000001146,constant,
1.0,1930.063,1930.214,665.0,351.6000061035156,150.99999999983993,constant,
1.0,1930.391,1930.576,1351.199951171875,207.3000030517578,184.99999999994543,constant,
1.0,1930.587,1930.859,1385.199951171875,177.1999969482422,271.9999999999345,constant,
1.0,1931.033,1931.268,454.20001220703125,344.29998779296875,235.00000000012733,constant,
1.0,1931.325,1931.922,835.7000122070312,599.4000244140625,596.99999999998,constant,
1.0,1931.981,1932.129,435.29998779296875,302.70001220703125,147.99999999991087,constant,
1.0,1932.146,1932.65,427.6000061035156,256.1000061035156,504.0000000001328,constant,
1.0,1932.771,1932.979,426.0,267.6000061035156,208.00000000008367,constant,
1.0,1932.992,1933.235,389.20001220703125,246.1999969482422,242.99999999993815,constant,
1.0,1933.251,1933.539,476.1000061035156,253.0,288.0000000000109,constant,
1.0,1933.559,1933.684,414.6000061035156,244.10000610351562,125.0,constant,
1.0,1933.842,1934.17,869.0999755859375,423.29998779296875,327.99999999997453,constant,
1.0,1934.223,1934.683,406.20001220703125,239.39999389648438,460.0000000000364,constant,
1.0,1934.692,1934.938,427.20001220703125,242.6999969482422,246.0000000000946,constant,
1.0,1935.036,1935.339,1562.800048828125,887.7000122070312,302.9999999998836,constant,
1.0,1935.518,1935.789,430.29998779296875,310.20001220703125,270.99999999995816,constant,
1.0,1935.843,1936.164,900.5,416.3999938964844,320.9999999999127,constant,
1.0,1936.397,1936.617,1337.0,222.5,220.00000000002728,constant,
1.0,1936.776,1937.028,489.29998779296875,294.3999938964844,251.9999999999527,constant,
1.0,1937.082,1937.666,849.2999877929688,509.70001220703125,583.9999999998327,constant,
1.0,1937.9,1938.396,791.0999755859375,559.5,495.9999999998672,constant,
1.0,1938.439,1938.566,497.0,622.9000244140625,126.9999999999527,constant,
1.0,1938.597,1939.156,329.5,568.0999755859375,558.9999999999691,constant,
1.0,1939.31,1939.583,317.0,401.5,273.00000000013824,constant,
1.0,1939.614,1939.804,446.5,280.29998779296875,190.00000000005457,constant,
1.0,1939.838,1940.104,296.0,462.79998779296875,266.0000000000764,constant,
1.0,1940.131,1940.538,164.6999969482422,399.79998779296875,406.9999999999254,constant,
1.0,1940.562,1940.803,265.0,394.1000061035156,241.00000000021282,constant,
1.0,1940.948,1941.14,386.3999938964844,319.70001220703125,192.00000000000728,constant,
1.0,1941.165,1941.643,467.6000061035156,266.8999938964844,478.0000000000655,constant,
1.0,1941.667,1941.866,417.6000061035156,332.1000061035156,199.00000000006912,constant,
1.0,1941.914,1942.084,51.20000076293945,173.3000030517578,170.00000000007276,constant,
1.0,1942.149,1942.398,660.5,426.5,249.00000000002365,constant,
1.0,1942.447,1942.737,986.7999877929688,516.9000244140625,290.000000000191,constant,
1.0,1942.9,1943.136,688.5999755859375,488.29998779296875,235.9999999998763,constant,
1.0,1943.155,1943.576,760.9000244140625,488.70001220703125,421.0000000000491,constant,
1.0,1943.626,1943.894,309.3999938964844,558.5999755859375,268.0000000000291,constant,
1.0,1943.942,1944.194,514.0999755859375,386.8999938964844,251.9999999999527,constant,
1.0,1944.428,1944.569,1229.9000244140625,253.3000030517578,140.99999999984902,constant,
1.0,1944.598,1945.375,1362.5,208.10000610351562,777.0000000000437,constant,
1.0,1945.573,1945.814,824.5,513.0999755859375,240.99999999998545,constant,
1.0,1945.844,1946.08,984.9000244140625,583.4000244140625,235.9999999998763,constant,
1.0,1946.391,1946.542,512.2000122070312,332.5,150.99999999983993,constant,
1.0,1946.619,1946.733,1400.5,706.2999877929688,114.00000000003274,constant,
1.0,1946.809,1946.944,601.2999877929688,329.29998779296875,134.9999999999909,constant,
1.0,1947.146,1947.331,540.7999877929688,372.20001220703125,184.99999999994543,constant,
1.0,1947.38,1947.593,828.5999755859375,563.4000244140625,212.99999999996544,constant,
1.0,1947.628,1947.783,996.7000122070312,558.9000244140625,154.99999999997272,constant,
1.0,1947.847,1948.015,456.0,301.20001220703125,168.00000000012005,constant,
1.0,1948.041,1948.482,398.0,236.5,441.0000000000309,constant,
1.0,1948.542,1948.712,884.0999755859375,296.5,170.00000000007276,constant,
1.0,1948.771,1949.043,1188.5999755859375,239.39999389648438,271.9999999999345,constant,
1.0,1949.225,1949.367,1283.5,157.10000610351562,142.00000000005275,constant,
1.0,1949.39,1949.619,1364.5999755859375,149.5,228.99999999981446,constant,
1.0,1949.834,1949.984,1182.199951171875,243.5,149.99999999986358,constant,
1.0,1950.228,1950.421,897.5999755859375,580.7999877929688,192.99999999998363,constant,
1.0,1950.456,1950.959,1014.0,541.4000244140625,503.00000000015643,constant,
1.0,1950.968,1951.149,1063.5999755859375,574.9000244140625,180.99999999981264,constant,
1.0,1951.448,1951.714,624.5,358.6000061035156,265.999999999849,constant,
1.0,1951.751,1953.184,746.9000244140625,511.29998779296875,1432.9999999999927,constant,
1.0,1953.217,1953.452,938.2000122070312,495.5,234.99999999989996,constant,
1.0,1953.482,1953.674,1088.0,576.5999755859375,192.00000000000728,constant,
1.0,1953.865,1953.99,1631.5999755859375,836.5999755859375,125.0,constant,
1.0,1954.006,1954.17,1575.199951171875,834.2000122070312,163.99999999998727,constant,
1.0,1954.259,1954.439,493.8999938964844,367.0,180.00000000006366,constant,
1.0,1954.598,1955.193,429.79998779296875,230.0,595.0000000000273,constant,
1.0,1955.36,1955.664,418.20001220703125,209.3000030517578,304.0000000000873,constant,
1.0,1955.712,1956.031,742.0,361.79998779296875,318.99999999996,constant,
1.0,1956.293,1956.566,844.4000244140625,538.5999755859375,273.00000000013824,constant,
1.0,1956.595,1956.948,965.7999877929688,562.2000122070312,353.0000000000655,constant,
1.0,1957.145,1957.264,945.2000122070312,528.4000244140625,118.99999999991451,constant,
1.0,1957.458,1957.686,964.5,563.2000122070312,227.9999999998381,constant,
1.0,1957.723,1957.901,734.5999755859375,586.0999755859375,178.00000000011096,constant,
1.0,1957.93,1958.136,651.0,462.5,205.9999999999036,constant,
1.0,1958.167,1958.331,819.4000244140625,516.0999755859375,163.99999999998727,constant,
1.0,1958.502,1958.692,801.4000244140625,471.1000061035156,190.00000000005457,constant,
1.0,1958.744,1959.081,416.6000061035156,300.0,336.9999999999891,constant,
1.0,1959.115,1959.283,591.2999877929688,283.1000061035156,167.99999999989268,constant,
1.0,1959.376,1959.546,441.1000061035156,242.89999389648438,170.00000000007276,constant,
1.0,1959.706,1959.926,467.70001220703125,316.29998779296875,220.00000000002728,constant,
1.0,1959.994,1960.177,1090.699951171875,398.1000061035156,182.99999999999272,constant,
1.0,1960.24,1960.558,422.1000061035156,332.29998779296875,317.99999999998363,constant,
1.0,1960.602,1961.344,657.2999877929688,496.0,741.9999999999618,constant,
1.0,1961.376,1961.466,812.7000122070312,514.2999877929688,89.99999999991815,constant,
1.0,1961.609,1962.044,708.7000122070312,451.6000061035156,435.0000000001728,constant,
1.0,1962.071,1963.435,784.7000122070312,524.4000244140625,1364.0000000000327,constant,
1.0,1963.45,1963.643,857.2999877929688,513.7999877929688,192.99999999998363,constant,
1.0,1963.766,1963.972,1325.0,295.1000061035156,205.9999999999036,constant,
1.0,1964.193,1964.575,1342.800048828125,175.6999969482422,382.00000000006185,constant,
1.0,1964.762,1965.005,387.3999938964844,268.70001220703125,243.00000000016553,constant,
1.0,1965.028,1965.245,463.6000061035156,248.6999969482422,216.99999999987085,constant,
1.0,1965.419,1965.55,1327.5,595.7000122070312,130.99999999985812,constant,
1.0,1965.596,1965.811,1587.5,833.0999755859375,214.99999999991815,constant,
1.0,1965.885,1966.011,1211.0,333.79998779296875,125.99999999997635,constant,
1.0,1966.183,1966.353,907.2999877929688,249.6999969482422,170.00000000007276,constant,
1.0,1966.402,1966.727,440.20001220703125,242.89999389648438,325.0000000000455,constant,
1.0,1966.918,1967.067,642.7000122070312,321.3999938964844,149.0000000001146,constant,
1.0,1967.131,1967.319,1325.5999755859375,252.6999969482422,187.9999999998745,constant,
1.0,1967.346,1967.631,1356.4000244140625,177.8000030517578,285.00000000008185,constant,
1.0,1967.818,1967.962,911.7999877929688,488.3999938964844,144.00000000000546,constant,
1.0,1967.988,1968.224,997.5,550.2000122070312,235.9999999998763,constant,
1.0,1968.26,1968.655,783.7999877929688,547.5999755859375,394.9999999999818,constant,
1.0,1968.709,1968.828,419.1000061035156,309.5,118.99999999991451,constant,
1.0,1969.018,1969.352,429.6000061035156,274.8999938964844,334.00000000006,constant,
1.0,1969.395,1969.942,731.4000244140625,300.29998779296875,547.0000000000255,constant,
1.0,1970.166,1971.03,1377.699951171875,154.1999969482422,864.0000000000327,constant,
1.0,1971.288,1971.448,487.8999938964844,275.6000061035156,160.00000000008185,constant,
1.0,1971.49,1971.791,175.8000030517578,189.6999969482422,300.9999999999309,constant,
1.0,1971.854,1972.011,596.0999755859375,382.5,156.99999999992542,constant,
1.0,1972.235,1972.446,944.2000122070312,525.0,211.00000000001273,constant,
1.0,1972.465,1972.769,1017.5,538.4000244140625,304.0000000000873,constant,
1.0,1972.805,1973.221,791.4000244140625,557.7000122070312,415.99999999994,constant,
1.0,1973.296,1973.532,1377.5999755859375,731.9000244140625,235.9999999998763,constant,
1.0,1973.602,1973.761,670.7999877929688,451.79998779296875,158.99999999987813,constant,
1.0,1973.992,1974.197,453.3999938964844,254.6999969482422,204.99999999992724,constant,
1.0,1974.207,1974.48,419.79998779296875,246.8000030517578,272.99999999991087,constant,
1.0,1974.68,1974.933,830.5999755859375,286.0,252.99999999992906,constant,
1.0,1974.961,1975.532,795.5,434.1000061035156,570.9999999999127,constant,
1.0,1975.612,1975.823,1619.0,886.2999877929688,211.00000000001273,constant,
1.0,1975.904,1976.016,634.0999755859375,395.70001220703125,112.00000000008004,constant,
1.0,1976.192,1976.447,614.9000244140625,311.70001220703125,254.99999999988177,constant,
1.0,1976.479,1976.811,460.6000061035156,246.60000610351562,331.99999999987995,constant,
1.0,1976.822,1976.972,434.5,189.89999389648438,150.00000000009095,constant,
1.0,1977.138,1977.736,467.3999938964844,223.1999969482422,598.0000000001837,constant,
1.0,1977.743,1977.989,408.0,221.89999389648438,246.0000000000946,constant,
1.0,1978.22,1978.451,845.4000244140625,488.8999938964844,230.99999999999454,constant,
1.0,1978.488,1978.854,1013.2000122070312,594.5999755859375,365.99999999998545,constant,
1.0,1978.886,1979.302,799.4000244140625,584.5,415.99999999994,constant,
1.0,1979.358,1979.594,392.0,614.2000122070312,236.00000000010368,constant,
1.0,1979.621,1979.883,308.29998779296875,572.4000244140625,261.9999999999436,constant,
1.0,1980.064,1980.282,342.1000061035156,417.5,217.9999999998472,constant,
1.0,1980.302,1980.453,285.5,430.0,151.0000000000673,constant,
1.0,1980.648,1980.942,776.4000244140625,433.8999938964844,294.0000000000964,constant,
1.0,1980.973,1981.198,854.2999877929688,553.0999755859375,225.00000000013642,constant,
1.0,1981.255,1981.582,1204.800048828125,433.8999938964844,326.9999999999982,constant,
1.0,1981.622,1981.768,1339.199951171875,281.1000061035156,145.99999999995816,constant,
1.0,1981.912,1982.4,1375.800048828125,190.3000030517578,488.0000000000564,constant,
1.0,1982.587,1983.02,1391.699951171875,124.30000305175781,432.9999999999927,constant,
1.0,1983.19,1983.844,1404.800048828125,156.89999389648438,653.9999999999964,constant,
1.0,1984.03,1984.482,1322.4000244140625,147.6999969482422,451.9999999999982,constant,
1.0,1984.662,1985.171,1306.800048828125,232.89999389648438,509.00000000001455,constant,
1.0,1985.387,1985.497,677.5999755859375,406.29998779296875,110.00000000012733,constant,
1.0,1985.536,1985.905,438.5,293.5,368.9999999999145,constant,
1.0,1985.958,1986.889,764.0999755859375,522.5999755859375,930.9999999998126,constant,
1.0,1987.003,1987.031,731.7999877929688,436.1000061035156,28.00000000002001,,
1.0,1987.044,1987.277,795.7000122070312,444.1000061035156,232.99999999994725,,
1.0,1987.476,1987.65,812.2999877929688,413.70001220703125,173.99999999997817,,
1.0,1987.906,1988.068,809.5,468.29998779296875,162.00000000003456,constant,
1.0,1988.077,1988.629,826.0,468.6000061035156,551.9999999999072,constant,
1.0,1988.668,1989.462,1045.699951171875,273.20001220703125,794.0000000000964,constant,
1.0,1989.542,1989.702,496.29998779296875,828.7999877929688,160.00000000008185,constant,
1.0,1989.729,1989.97,406.8999938964844,758.7000122070312,240.99999999998545,constant,
1.0,1990.018,1990.386,698.7999877929688,696.0999755859375,367.99999999993815,constant,
1.0,1990.398,1990.865,745.4000244140625,701.2000122070312,467.0000000000982,constant,
1.0,1990.902,1991.154,529.5999755859375,686.7999877929688,251.9999999999527,constant,
1.0,1991.19,1991.549,719.4000244140625,700.0,358.9999999999236,constant,
1.0,1991.73,1992.013,480.3999938964844,767.0,282.9999999999018,constant,
1.0,1992.055,1992.314,704.5,689.4000244140625,259.00000000001455,constant,
1.0,1992.328,1992.915,750.2999877929688,699.5999755859375,586.9999999999891,constant,
1.0,1993.119,1993.173,675.5,652.2000122070312,54.00000000008731,constant,
1.0,1993.371,1993.501,645.0,723.9000244140625,129.99999999988177,constant,
1.0,1993.534,1993.824,481.6000061035156,783.9000244140625,289.9999999999636,constant,
1.0,1993.848,1993.999,404.0,761.5,151.0000000000673,constant,
1.0,1994.076,1994.228,1107.300048828125,365.29998779296875,152.00000000004366,constant,
1.0,1994.252,1994.522,1033.0999755859375,289.8999938964844,269.9999999999818,constant,
1.0,1994.716,1994.833,544.4000244140625,709.0,117.00000000018917,constant,
1.0,1995.09,1995.129,625.5,676.0,38.99999999998727,constant,
1.0,1995.407,1995.472,1136.199951171875,269.79998779296875,65.00000000005457,constant,
1.0,1995.685,1995.869,970.7999877929688,345.1000061035156,183.99999999996908,constant,
1.0,1995.936,1996.204,530.0999755859375,849.2999877929688,268.0000000000291,constant,
1.0,1996.271,1996.463,943.2000122070312,731.4000244140625,192.00000000000728,constant,
1.0,1996.659,1996.695,579.5999755859375,575.5999755859375,35.999999999830834,constant,
1.0,1996.931,1996.985,698.0999755859375,612.9000244140625,53.99999999985994,constant,
1.0,1997.179,1997.337,1027.0,519.2000122070312,157.99999999990177,constant,
1.0,1997.395,1997.567,557.0,760.2999877929688,172.00000000002547,constant,
1.0,1997.599,1998.002,422.79998779296875,737.0,403.00000000002,constant,
1.0,1998.071,1998.2,866.2999877929688,590.7000122070312,129.0000000001328,constant,
1.0,1998.43,1998.63,1081.0,239.5,200.00000000004547,constant,
1.0,1998.677,1998.772,768.2999877929688,495.6000061035156,95.00000000002728,constant,
1.0,1998.962,1999.187,505.79998779296875,740.0,224.99999999990905,constant,
1.0,1999.253,1999.46,978.4000244140625,497.70001220703125,207.00000000010732,constant,
1.0,1999.515,1999.754,570.7000122070312,693.2000122070312,238.99999999980537,constant,
1.0,1999.78,1999.964,651.9000244140625,597.5999755859375,183.99999999996908,constant,
1.0,2000.029,2000.218,1040.800048828125,356.6000061035156,189.00000000007822,constant,
1.0,2000.404,2000.944,396.70001220703125,756.7000122070312,539.9999999999636,constant,
1.0,2001.011,2001.182,822.7000122070312,639.7000122070312,171.0000000000491,constant,
1.0,2001.416,2001.501,1010.7999877929688,393.5,85.00000000003638,constant,
1.0,2001.684,2002.007,444.70001220703125,748.9000244140625,323.00000000009277,constant,
1.0,2002.082,2002.286,1126.0,428.20001220703125,203.9999999999509,constant,
1.0,2002.35,2002.54,599.0999755859375,701.2999877929688,190.00000000005457,constant,
1.0,2002.577,2002.871,527.0,629.0999755859375,294.0000000000964,constant,
1.0,2002.898,2003.075,433.79998779296875,741.9000244140625,177.0000000001346,constant,
1.0,2003.243,2003.406,483.1000061035156,738.4000244140625,163.0000000000109,constant,
1.0,2003.463,2003.644,894.5999755859375,579.0,181.00000000004002,constant,
1.0,2003.694,2003.898,1042.5999755859375,350.8999938964844,203.9999999999509,constant,
1.0,2004.101,2004.227,501.0,654.4000244140625,125.99999999997635,constant,
1.0,2004.442,2004.608,525.2999877929688,703.5,165.99999999993997,constant,
1.0,2004.645,2004.843,629.7000122070312,609.5999755859375,198.00000000009277,constant,
1.0,2004.908,2005.099,1052.300048828125,408.6000061035156,191.00000000003092,constant,
1.0,2005.161,2005.407,463.0,749.0,245.9999999998672,constant,
1.0,2005.617,2005.699,505.3999938964844,732.7999877929688,82.00000000010732,constant,
1.0,2005.907,2006.055,954.2000122070312,486.3999938964844,148.00000000013824,constant,
1.0,2006.113,2006.57,500.0,782.0999755859375,456.99999999987995,constant,
1.0,2006.577,2006.761,456.79998779296875,745.0999755859375,183.99999999996908,constant,
1.0,2006.838,2007.182,1021.7000122070312,526.4000244140625,344.00000000005093,constant,
1.0,2007.21,2007.31,1118.0,614.7000122070312,99.99999999990905,constant,
1.0,2007.324,2007.626,1172.699951171875,583.2999877929688,301.99999999990723,constant,
1.0,2007.832,2007.917,1159.300048828125,474.6000061035156,84.999999999809,constant,
1.0,2008.144,2008.337,1088.4000244140625,377.3999938964844,192.99999999998363,constant,
1.0,2008.359,2008.551,1035.9000244140625,313.20001220703125,192.00000000000728,constant,
1.0,2008.763,2008.954,471.8999938964844,732.5,191.00000000003092,constant,
1.0,2009.144,2009.341,562.2999877929688,290.29998779296875,196.99999999988904,constant,
1.0,2009.404,2009.624,994.2999877929688,342.5,220.00000000002728,constant,
1.0,2009.69,2009.928,558.2000122070312,752.7000122070312,238.0000000000564,constant,
1.0,2009.954,2010.235,574.7999877929688,621.5999755859375,280.99999999994907,constant,
1.0,2010.271,2010.409,425.1000061035156,754.0,138.00000000014734,constant,
1.0,2010.62,2010.776,1109.699951171875,292.0,156.00000000017644,constant,
1.0,2010.798,2011.144,1031.300048828125,286.29998779296875,346.00000000000364,constant,
1.0,2011.336,2011.572,1037.9000244140625,304.79998779296875,235.9999999998763,constant,
1.0,2011.587,2012.016,1107.4000244140625,345.1000061035156,429.0000000000873,constant,
1.0,2012.229,2012.457,1030.9000244140625,292.5,228.00000000006548,constant,
1.0,2012.524,2012.981,675.0,692.0999755859375,457.0000000001073,constant,
1.0,2012.99,2013.323,664.2999877929688,611.5999755859375,333.0000000000837,constant,
1.0,2013.507,2013.674,499.0,746.0999755859375,166.99999999991633,constant,
1.0,2013.744,2013.927,1050.300048828125,501.1000061035156,182.99999999999272,constant,
1.0,2013.965,2014.439,1044.0999755859375,269.0,474.00000000016007,constant,
1.0,2014.802,2015.96,1059.699951171875,254.39999389648438,1158.0000000001291,constant,
1.0,2015.989,2016.358,1120.300048828125,360.5,368.9999999999145,constant,
1.0,2016.37,2016.633,1173.0999755859375,393.29998779296875,263.00000000014734,constant,
1.0,2016.667,2016.86,1258.0,544.0999755859375,192.99999999998363,constant,
1.0,2016.884,2017.141,1184.5,637.7999877929688,257.00000000006185,constant,
1.0,2017.163,2017.379,1145.199951171875,541.7000122070312,215.9999999998945,constant,
1.0,2017.418,2017.648,1033.0,358.5,230.0000000000182,constant,
1.0,2017.854,2017.99,1004.2999877929688,280.20001220703125,135.99999999996726,constant,
1.0,2018.002,2018.802,1060.9000244140625,243.6999969482422,799.9999999999545,constant,
1.0,2019.001,2019.115,1117.9000244140625,176.10000610351562,114.00000000003274,constant,
1.0,2019.143,2019.266,1246.5999755859375,191.6999969482422,123.0000000000473,constant,
1.0,2019.28,2019.488,1291.300048828125,218.8000030517578,208.00000000008367,constant,
1.0,2019.668,2020.246,1091.5999755859375,118.30000305175781,578.0000000002019,constant,
1.0,2020.465,2020.488,983.7000122070312,330.0,23.000000000138243,constant,
1.0,2020.503,2020.761,987.4000244140625,356.29998779296875,258.0000000000382,constant,
1.0,2020.818,2020.975,659.2999877929688,539.0999755859375,156.99999999992542,constant,
1.0,2021.018,2021.303,411.70001220703125,578.7999877929688,285.00000000008185,constant,
1.0,2021.538,2021.694,685.0,603.5,155.99999999994907,constant,
1.0,2021.753,2022.031,1089.4000244140625,419.3999938964844,278.00000000002,constant,
1.0,2022.059,2022.324,1031.9000244140625,337.5,265.00000000010004,constant,
1.0,2022.625,2022.702,982.7999877929688,308.6000061035156,76.99999999999818,constant,
1.0,2022.726,2023.16,1049.800048828125,264.6000061035156,433.9999999999691,constant,
1.0,2023.23,2023.408,601.2000122070312,570.7000122070312,177.99999999988358,constant,
1.0,2023.454,2023.772,467.8999938964844,794.7000122070312,317.99999999998363,constant,
1.0,2023.819,2024.118,783.2999877929688,692.5,298.9999999999782,constant,
1.0,2024.206,2024.517,1041.5999755859375,330.8999938964844,311.00000000014916,constant,
1.0,2024.769,2024.789,1048.199951171875,307.79998779296875,19.99999999998181,constant,
1.0,2024.803,2025.399,1066.5999755859375,340.5,595.9999999997763,constant,
1.0,2025.411,2026.063,1031.800048828125,384.79998779296875,652.0000000000437,constant,
1.0,2026.237,2026.385,1072.0,372.5,147.99999999991087,constant,
1.0,2026.402,2026.928,1151.199951171875,364.0,526.0000000000673,constant,
1.0,2027.102,2027.495,1088.4000244140625,343.8999938964844,392.99999999980173,constant,
1.0,2027.714,2028.208,1069.0,314.79998779296875,494.0000000001419,constant,
1.0,2028.262,2028.456,826.0,544.9000244140625,193.99999999995998,constant,
1.0,2028.508,2028.675,1118.699951171875,370.70001220703125,166.99999999991633,constant,
1.0,2029.52,2029.684,945.0,475.79998779296875,163.99999999998727,constant,
1.0,2029.71,2029.863,1046.699951171875,433.0,153.00000000002,constant,
1.0,2029.922,2030.238,539.0999755859375,685.0,316.0000000000309,constant,
1.0,2030.419,2030.585,489.79998779296875,692.7999877929688,165.99999999993997,constant,
1.0,2030.642,2030.844,893.7000122070312,711.5,201.99999999999818,constant,
1.0,2030.907,2031.109,1522.5,909.5,201.99999999999818,constant,
1.0,2031.142,2031.339,1627.5,983.2000122070312,196.99999999988904,constant,
1.0,2031.561,2031.774,538.7000122070312,702.2000122070312,212.99999999996544,constant,
1.0,2031.791,2032.344,484.79998779296875,742.2000122070312,553.000000000111,constant,
1.0,2032.589,2032.789,757.0,709.0,200.00000000004547,constant,
1.0,2032.84,2033.007,1043.4000244140625,590.5,167.0000000001437,constant,
1.0,2033.195,2033.558,1084.699951171875,271.70001220703125,363.0000000000564,constant,
1.0,2033.766,2034.043,1063.5999755859375,288.1000061035156,276.9999999998163,constant,
1.0,2034.284,2034.475,999.5,283.8999938964844,190.99999999980355,constant,
1.0,2034.778,2034.999,997.7000122070312,352.29998779296875,221.00000000000364,constant,
1.0,2035.059,2035.423,540.5,734.2000122070312,364.00000000003274,constant,
1.0,2035.66,2036.084,1058.5999755859375,385.5,423.9999999999782,constant,
1.0,2036.156,2036.346,1596.5999755859375,889.7000122070312,190.00000000005457,constant,
1.0,2036.371,2036.501,1622.300048828125,977.9000244140625,129.99999999988177,constant,
1.0,2036.717,2036.892,417.0,649.2000122070312,174.99999999995453,constant,
1.0,2036.932,2037.138,603.5,747.7000122070312,205.9999999999036,constant,
1.0,2037.2,2037.341,932.7999877929688,628.5999755859375,140.99999999984902,constant,
1.0,2037.399,2037.836,1071.5,247.89999389648438,437.0000000001255,constant,
1.0,2037.998,2038.374,1008.5999755859375,339.3999938964844,375.99999999997635,constant,
1.0,2038.39,2038.806,1068.199951171875,282.79998779296875,415.99999999994,constant,
1.0,2038.979,2039.256,867.2000122070312,466.5,277.00000000004366,constant,
1.0,2039.296,2040.138,1051.300048828125,347.79998779296875,841.9999999998709,constant,
1.0,2040.207,2040.626,622.7000122070312,756.7999877929688,418.99999999986903,constant,
1.0,2040.823,2042.516,1082.5,379.0,1692.9999999999836,constant,
1.0,2042.698,2044.246,553.5,704.5,1548.0000000000018,constant,
1.0,2044.423,2044.665,782.5999755859375,617.7999877929688,241.9999999999618,constant,
1.0,2044.749,2045.015,457.1000061035156,809.0999755859375,266.0000000000764,constant,
1.0,2045.028,2045.124,461.70001220703125,750.0999755859375,96.00000000000364,constant,
1.0,2045.32,2045.489,567.2999877929688,673.2999877929688,169.0000000000964,constant,
1.0,2045.557,2046.145,1012.5999755859375,677.0999755859375,587.9999999999654,constant,
1.0,2046.319,2046.756,1045.199951171875,511.29998779296875,437.0000000001255,constant,
1.0,2046.781,2046.999,1143.199951171875,563.2999877929688,218.00000000007458,constant,
1.0,2047.197,2047.524,1046.0999755859375,241.89999389648438,326.9999999999982,constant,
1.0,2047.735,2047.778,1043.199951171875,238.60000610351562,43.00000000012005,constant,
1.0,2047.983,2048.031,1034.800048828125,303.29998779296875,48.00000000000182,constant,
1.0,2048.271,2048.465,929.7999877929688,435.1000061035156,193.99999999995998,constant,
1.0,2048.517,2048.695,545.9000244140625,694.2000122070312,178.00000000033833,constant,
1.0,2049.019,2049.482,1062.0999755859375,269.5,463.0000000001928,constant,
1.0,2049.709,2050.384,1069.9000244140625,261.5,675.0000000001819,constant,
1.0,2050.597,2050.774,971.7000122070312,249.1999969482422,176.99999999967986,constant,
1.0,2050.841,2051.097,316.5,398.3999938964844,256.00000000031287,constant,
1.0,2051.168,2051.451,1124.699951171875,353.29998779296875,282.9999999999018,constant,
1.0,2051.474,2051.567,1066.4000244140625,286.79998779296875,92.9999999998472,constant,
1.0,2051.796,2051.982,1067.0,293.8999938964844,186.00000000014916,constant,
1.0,2052.055,2052.284,588.0,759.0,229.0000000002692,constant,
1.0,2052.35,2052.435,1008.5,614.0999755859375,85.00000000003638,constant,
1.0,2052.638,2052.674,975.0,573.5999755859375,36.00000000005821,constant,
1.0,2052.747,2053.019,1606.5,983.2000122070312,271.9999999999345,constant,
1.0,2053.244,2053.311,1037.0,269.6000061035156,67.00000000000728,constant,
1.0,2053.563,2053.996,1080.4000244140625,272.6000061035156,432.9999999999927,constant,
1.0,2054.265,2054.379,548.0,654.9000244140625,114.00000000003274,constant,
1.0,2054.6,2054.792,964.2000122070312,466.8999938964844,192.00000000000728,constant,
1.0,2054.849,2055.042,641.9000244140625,725.2999877929688,192.99999999975626,constant,
1.0,2055.073,2055.149,478.29998779296875,738.0,76.00000000002183,constant,
1.0,2055.158,2055.393,822.4000244140625,453.79998779296875,235.00000000012733,,
1.0,2055.546,2056.331,814.7999877929688,466.5,785.0000000003092,,
1.0,2056.342,2056.79,845.0,456.5,447.9999999998654,constant,
1.0,2056.806,2056.988,896.4000244140625,476.6000061035156,181.999999999789,constant,
1.0,2057.014,2057.268,992.4000244140625,429.5,253.9999999999054,constant,
1.0,2057.306,2057.73,1169.800048828125,298.8999938964844,423.9999999999782,constant,
1.0,2057.804,2058.14,327.20001220703125,378.0,335.99999999978536,constant,
1.0,2058.165,2058.447,290.8999938964844,468.29998779296875,282.0000000001528,constant,
1.0,2058.455,2058.581,314.20001220703125,542.5999755859375,126.00000000020373,constant,
1.0,2058.631,2058.889,689.2999877929688,689.7000122070312,258.0000000002656,constant,
1.0,2058.917,2059.11,817.5,651.5,193.000000000211,constant,
1.0,2059.131,2059.536,866.0,615.0999755859375,405.0000000002001,constant,
1.0,2059.722,2060.26,1250.0,714.0999755859375,538.0000000000109,constant,
1.0,2060.324,2060.627,1018.7000122070312,268.1000061035156,302.9999999998836,constant,
1.0,2060.65,2060.812,1077.800048828125,226.89999389648438,161.9999999998072,constant,
1.0,2060.868,2061.395,730.0,84.30000305175781,527.0000000000437,constant,
1.0,2061.418,2061.545,631.2999877929688,90.80000305175781,126.9999999999527,constant,
1.0,2061.667,2061.805,540.0,102.30000305175781,137.99999999991996,constant,
1.0,2061.947,2062.136,511.20001220703125,54.900001525878906,188.99999999985084,constant,
1.0,2062.177,2062.705,255.89999389648438,102.19999694824219,527.9999999997926,constant,
1.0,2062.881,2063.281,1028.0999755859375,229.6999969482422,400.00000000009095,constant,
1.0,2063.304,2063.425,1048.5,323.79998779296875,121.00000000009459,constant,
1.0,2063.464,2063.969,799.2999877929688,233.8000030517578,505.00000000010914,constant,
1.0,2064.061,2064.262,1395.5999755859375,693.4000244140625,201.00000000002183,constant,
1.0,2064.332,2064.475,828.0999755859375,421.0,143.0000000000291,constant,
1.0,2064.732,2064.801,907.5999755859375,437.8999938964844,68.99999999995998,constant,
1.0,2065.041,2065.488,990.9000244140625,418.6000061035156,446.99999999966167,constant,
1.0,2065.514,2065.725,1090.4000244140625,417.79998779296875,210.99999999978536,constant,
1.0,2065.751,2065.969,1137.9000244140625,522.9000244140625,217.9999999998472,constant,
1.0,2066.006,2066.206,1313.4000244140625,627.5999755859375,200.00000000027285,constant,
1.0,2066.24,2066.449,1472.4000244140625,527.5999755859375,209.0000000002874,constant,
1.0,2066.47,2066.632,1503.5999755859375,464.3999938964844,162.00000000026193,constant,
1.0,2066.835,2067.197,1413.9000244140625,231.39999389648438,362.00000000008004,constant,
1.0,2067.259,2067.513,908.4000244140625,360.20001220703125,253.9999999999054,constant,
1.0,2067.547,2067.794,710.5999755859375,387.20001220703125,246.99999999984357,constant,
1.0,2067.861,2068.041,1280.199951171875,308.5,180.00000000029104,constant,
1.0,2068.216,2068.31,1277.5999755859375,250.89999389648438,94.00000000005093,constant,
1.0,2068.569,2068.772,706.2000122070312,425.29998779296875,202.99999999997453,constant,
1.0,2068.823,2069.131,436.20001220703125,613.2999877929688,307.9999999999927,constant,
1.0,2069.176,2069.478,670.0999755859375,480.8999938964844,302.0000000001346,constant,
1.0,2069.525,2069.706,531.0999755859375,669.2000122070312,181.00000000004002,constant,
1.0,2069.894,2070.577,311.8999938964844,413.79998779296875,683.0000000004475,constant,
1.0,2070.807,2071.22,501.6000061035156,483.6000061035156,413.0000000000109,constant,
1.0,2071.247,2071.549,452.29998779296875,581.9000244140625,302.0000000001346,constant,
1.0,2071.609,2071.867,864.0999755859375,549.4000244140625,258.0000000002656,constant,
1.0,2071.914,2072.141,1142.4000244140625,535.5,226.99999999986176,constant,
1.0,2072.33,2072.497,648.0,416.20001220703125,166.99999999991633,constant,
1.0,2072.734,2072.945,664.2000122070312,411.70001220703125,211.0000000002401,constant,
1.0,2072.992,2073.386,982.9000244140625,462.29998779296875,393.9999999997781,constant,
1.0,2073.439,2073.827,1336.5999755859375,505.8999938964844,388.0000000003747,constant,
1.0,2073.976,2074.113,823.7999877929688,326.3999938964844,136.99999999971624,constant,
1.0,2074.291,2074.68,1028.9000244140625,290.79998779296875,388.99999999966894,constant,
1.0,2074.846,2075.047,1009.0,401.70001220703125,201.00000000002183,constant,
1.0,2075.104,2075.276,599.7000122070312,666.7999877929688,172.00000000002547,constant,
1.0,2075.47,2075.634,1248.800048828125,419.70001220703125,164.00000000021464,constant,
1.0,2075.816,2075.907,1016.2000122070312,356.1000061035156,91.00000000034925,constant,
1.0,2076.189,2076.417,998.7000122070312,485.29998779296875,228.00000000006548,constant,
1.0,2076.465,2077.346,675.0999755859375,639.9000244140625,880.9999999998581,constant,
1.0,2077.389,2078.238,410.29998779296875,722.2000122070312,848.9999999997053,constant,
1.0,2078.274,2081.485,640.7999877929688,710.2999877929688,3211.00000000024,constant,
1.0,2081.662,2082.139,1357.5999755859375,590.5,477.0000000003165,constant,
1.0,2082.179,2082.446,1410.800048828125,327.8999938964844,266.9999999998254,constant,
1.0,2082.493,2082.671,1215.800048828125,128.5,177.99999999988358,constant,
1.0,2082.719,2083.117,837.7999877929688,121.0999984741211,398.00000000013824,constant,
1.0,2083.165,2084.684,469.79998779296875,202.39999389648438,1519.0000000002328,constant,
1.0,2084.83,2089.481,491.5,334.79998779296875,4651.000000000295,constant,
1.0,2089.609,2092.825,775.5,207.1999969482422,3215.9999999998945,constant,
1.0,2092.889,2093.986,735.7999877929688,236.89999389648438,1096.9999999997526,constant,
1.0,2094.124,2095.117,1312.5,136.5,993.0000000003929,constant,
1.0,2095.172,2096.864,840.2000122070312,408.0,1692.0000000000073,constant,
1.0,2096.922,2097.975,265.0,400.3999938964844,1052.9999999998836,constant,
1.0,2098.082,2099.09,246.8000030517578,511.8999938964844,1008.0000000002656,constant,
1.0,2099.173,2100.562,1179.0,491.1000061035156,1389.0000000001237,constant,
1.0,2100.696,2101.604,361.20001220703125,562.0999755859375,907.9999999999018,constant,
