eye,stime,etime,sx,sy,ex,ey,pv,duration_ms,amplitude,block_type,triplet
1.0,0.108,0.134,924.0999755859375,440.29998779296875,879.5999755859375,538.0,345.6000061035156,26.00000000000001,107.35707887817205,,
1.0,0.193,0.242,872.7000122070312,553.4000244140625,1004.5,567.7999877929688,151.89999389648438,48.999999999999986,132.5842966853185,,
1.0,0.771,0.802,1011.5999755859375,612.7999877929688,873.0999755859375,486.6000061035156,154.8000030517578,31.00000000000003,187.37311807839006,,
1.0,3.886,3.904,857.5,487.1000061035156,784.9000244140625,534.4000244140625,125.9000015258789,17.999999999999794,86.64899415028884,,
1.0,4.046,4.086,766.9000244140625,567.5999755859375,538.5999755859375,694.5,198.1999969482422,40.000000000000036,261.1982551458067,,
1.0,4.227,4.269,515.0,710.9000244140625,227.1999969482422,896.4000244140625,317.20001220703125,41.999999999999815,342.40194473249096,,
1.0,4.514,4.55,216.1999969482422,906.0,117.69999694824219,959.0999755859375,158.1999969482422,35.99999999999959,111.90110547812813,,
1.0,4.585,4.635,216.1999969482422,906.0,117.69999694824219,959.0999755859375,0.0,49.99999999999982,111.90110547812813,,
1.0,4.73,4.736,107.0999984741211,991.0,123.19999694824219,984.7999877929688,44.79999923706055,5.999999999999339,17.2525390083326,,
1.0,4.859,4.993,126.9000015258789,989.5999755859375,132.1999969482422,990.4000244140625,10.0,134.00000000000034,5.360040074892717,,
1.0,5.029,5.048,126.9000015258789,989.5999755859375,132.1999969482422,990.4000244140625,0.0,19.000000000000128,5.360040074892717,,
1.0,5.108,5.127,126.9000015258789,989.5999755859375,132.1999969482422,990.4000244140625,0.0,19.000000000000128,5.360040074892717,,
1.0,5.205,5.224,126.9000015258789,989.5999755859375,132.1999969482422,990.4000244140625,0.0,19.000000000000128,5.360040074892717,,
1.0,5.278,5.374,131.8000030517578,970.5999755859375,134.8000030517578,974.5999755859375,21.399999618530273,96.00000000000009,5.0,,
1.0,5.43,5.449,131.8000030517578,970.5999755859375,134.8000030517578,974.5999755859375,0.0,19.000000000000128,5.0,,
1.0,5.477,5.496,131.8000030517578,970.5999755859375,134.8000030517578,974.5999755859375,0.0,19.000000000000128,5.0,,
1.0,5.522,5.551,131.8000030517578,970.5999755859375,134.8000030517578,974.5999755859375,0.0,28.999999999999915,5.0,,
1.0,5.771,5.921,142.1999969482422,980.2999877929688,139.3000030517578,975.4000244140625,18.5,150.00000000000034,5.693821714303056,,
1.0,6.171,6.243,148.10000610351562,976.0999755859375,150.3000030517578,964.0999755859375,46.599998474121094,72.00000000000006,12.199999449683387,,
1.0,6.58,6.662,135.60000610351562,958.5999755859375,139.5,944.7999877929688,66.5999984741211,81.99999999999986,14.340488676425984,,
1.0,6.727,6.746,135.60000610351562,958.5999755859375,139.5,944.7999877929688,0.0,19.000000000000128,14.340488676425984,,
1.0,6.779,6.798,135.60000610351562,958.5999755859375,139.5,944.7999877929688,0.0,19.000000000000128,14.340488676425984,,
1.0,7.053,7.082,141.60000610351562,929.9000244140625,128.5,959.0999755859375,66.19999694824219,28.999999999999915,32.00386395971635,,
1.0,7.109,7.146,136.60000610351562,949.7999877929688,138.39999389648438,940.5,52.099998474121094,36.99999999999992,9.47257773809243,,
1.0,7.55,7.639,134.1999969482422,945.7999877929688,133.1999969482422,954.0999755859375,14.0,89.00000000000041,8.360011804024577,,
1.0,7.777,7.815,142.5,939.4000244140625,138.6999969482422,948.0,37.79999923706055,38.000000000000256,9.40210632103731,,
1.0,7.874,7.956,142.39999389648438,921.4000244140625,351.5,835.7999877929688,212.39999389648438,82.00000000000074,225.94286627823163,,
1.0,8.107,8.157,371.8999938964844,807.2999877929688,858.2000122070312,675.9000244140625,294.29998779296875,50.00000000000071,503.7396730304415,,
1.0,8.23,8.236,866.0999755859375,673.2000122070312,867.5,695.9000244140625,59.20000076293945,6.000000000000227,22.743144517839628,,
1.0,8.288,8.487,873.7000122070312,708.0999755859375,1516.800048828125,525.5,306.29998779296875,198.99999999999983,668.5210603907981,,
1.0,8.613,8.63,1525.699951171875,566.5999755859375,1573.300048828125,510.1000061035156,121.5,17.000000000001236,73.87838552918669,,
1.0,10.074,10.352,1591.800048828125,535.9000244140625,1581.300048828125,427.29998779296875,1362.5,278.00000000000045,109.10645239445238,,
1.0,10.4,10.443,1586.0,431.8999938964844,1576.199951171875,450.70001220703125,74.30000305175781,42.99999999999926,21.20098218268512,,
1.0,11.962,12.034,1554.699951171875,512.0,1438.0999755859375,382.6000061035156,110.80000305175781,72.00000000000095,174.18356043855405,,
1.0,12.153,12.198,1403.800048828125,344.79998779296875,1202.9000244140625,240.10000610351562,180.5,44.99999999999993,226.54559359065613,,
1.0,12.352,12.376,1125.300048828125,190.39999389648438,1004.5999755859375,150.3000030517578,129.0,23.999999999999133,127.18693701169386,,
1.0,12.53,12.545,941.7999877929688,109.4000015258789,897.7999877929688,77.5999984741211,77.0,15.000000000000568,54.28849043850645,,
1.0,12.887,12.951,864.2000122070312,47.79999923706055,900.2999877929688,24.799999237060547,106.5,64.00000000000006,42.80430162151093,,
1.0,13.137,13.145,888.7999877929688,26.100000381469727,869.0,32.70000076293945,44.900001525878906,7.999999999999119,20.871021097136385,,
1.0,13.662,13.907,861.7999877929688,25.299999237060547,857.5,3.0,841.2000122070312,244.9999999999992,22.71078732656755,,
1.0,15.999,16.043,867.0999755859375,41.599998474121094,667.5999755859375,224.8000030517578,184.1999969482422,43.99999999999871,270.85511196439717,,
1.0,16.185,16.216,646.5999755859375,229.5,461.0,310.1000061035156,153.0,31.00000000000236,202.34552607208136,,
1.0,16.416,16.455,384.20001220703125,392.3999938964844,132.1999969482422,566.5,203.60000610351562,38.999999999997925,306.2920498734404,,
1.0,16.714,16.725,124.5,566.5999755859375,135.1999969482422,537.7999877929688,49.5,11.000000000002785,30.723431311745458,,
1.0,20.052,20.098,163.6999969482422,518.9000244140625,530.0,566.0999755859375,210.89999389648438,45.999999999999375,369.3284820134309,,
1.0,20.251,20.322,565.0999755859375,571.7000122070312,1021.5999755859375,757.2999877929688,253.6999969482422,70.99999999999795,492.78758196356836,,
1.0,20.422,20.659,1032.5,751.5999755859375,1542.800048828125,822.4000244140625,311.5,236.99999999999832,515.1881081197931,,
1.0,20.747,20.763,1551.199951171875,849.0999755859375,1622.5,861.2999877929688,93.9000015258789,16.00000000000179,72.33627900814861,,
1.0,21.261,21.273,1571.4000244140625,875.7000122070312,1571.9000244140625,882.7999877929688,68.0999984741211,12.000000000000455,7.1175595059618955,,
1.0,21.417,21.426,1577.0,884.5999755859375,1579.699951171875,889.0,61.70000076293945,8.999999999996788,5.162359070701614,,
1.0,21.816,24.506,1582.0999755859375,900.0,864.0,925.2999877929688,1513.5,2690.0000000000014,718.5455200047164,,
1.0,24.554,24.832,846.0999755859375,909.9000244140625,863.4000244140625,899.5999755859375,171.5,278.0000000000023,20.134117694035375,,
1.0,24.858,24.91,861.5,930.0999755859375,864.0999755859375,905.2999877929688,133.8000030517578,51.9999999999996,24.935903183539793,,
1.0,24.937,25.013,859.4000244140625,859.7000122070312,859.0,906.7999877929688,88.19999694824219,76.00000000000051,47.10167427733068,,
1.0,25.056,25.514,858.5999755859375,900.5,861.4000244140625,905.4000244140625,330.0,457.9999999999984,5.643625846766663,,
1.0,25.543,28.122,864.2999877929688,881.7000122070312,791.2000122070312,801.0999755859375,568.5,2579.0000000000005,108.81163694194804,,
1.0,28.279,28.309,729.2999877929688,740.5999755859375,600.9000244140625,554.4000244140625,212.8000030517578,30.000000000001137,226.17907156081682,,
1.0,28.43,28.495,516.9000244140625,514.4000244140625,311.6000061035156,166.1999969482422,171.89999389648438,65.00000000000128,404.21696729047494,,
1.0,28.789,28.804,205.0,107.80000305175781,158.39999389648438,66.9000015258789,81.9000015258789,14.999999999997016,62.00298939296871,,
1.0,29.091,29.327,159.60000610351562,45.70000076293945,184.5,17.5,685.4000244140625,236.00000000000065,37.61980514402945,,
1.0,32.117,32.226,210.0,39.400001525878906,1551.699951171875,46.29999923706055,324.8999938964844,109.00000000000176,1341.7176934597778,,
1.0,33.254,33.499,1597.699951171875,79.30000305175781,1558.5,90.80000305175781,773.7000122070312,245.00000000000455,40.8520032786323,,
1.0,34.434,34.441,1579.0,33.70000076293945,1578.5999755859375,50.400001525878906,57.70000076293945,7.000000000005002,16.704791079628155,,
1.0,34.933,34.939,1565.5,22.5,1567.800048828125,41.599998474121094,46.900001525878906,6.000000000000227,19.23798758506688,,
1.0,36.85,36.869,847.4000244140625,521.5999755859375,938.7999877929688,497.70001220703125,136.8000030517578,18.99999999999835,94.47307317526229,,
1.0,37.048,37.053,956.2000122070312,485.0,956.0999755859375,506.1000061035156,50.79999923706055,4.9999999999954525,21.100243242530556,,
1.0,37.164,37.183,953.5999755859375,498.1000061035156,872.9000244140625,517.4000244140625,106.80000305175781,18.99999999999835,82.97573636871476,,
1.0,37.481,37.791,864.0,531.0999755859375,962.4000244140625,555.0999755859375,203.6999969482422,309.99999999999517,101.28457337960256,,
1.0,38.103,38.137,936.9000244140625,562.2000122070312,756.7999877929688,565.5,133.6999969482422,33.99999999999892,180.13026705790745,,
1.0,38.249,38.402,731.2999877929688,548.2000122070312,735.0999755859375,540.9000244140625,105.0,152.9999999999987,8.229807349154916,,
1.0,38.534,38.578,739.2999877929688,529.7000122070312,451.1000061035156,615.5999755859375,201.3000030517578,44.000000000004036,300.7291691111764,,
1.0,38.72,38.774,459.79998779296875,607.2000122070312,1038.300048828125,616.7999877929688,356.8999938964844,54.000000000002046,578.5797094168876,,
1.0,39.131,39.194,1002.9000244140625,636.2999877929688,1248.4000244140625,775.7999877929688,189.1999969482422,63.00000000000239,282.36589737431115,,
1.0,39.512,40.0,1246.0999755859375,763.5999755859375,961.0,348.1000061035156,612.0999755859375,487.99999999999955,503.9069564106013,,
1.0,40.283,40.319,948.5,393.79998779296875,1195.5999755859375,500.3999938964844,229.0,36.000000000001364,269.11328327646794,,
1.0,40.623,40.651,1185.199951171875,503.6000061035156,986.0999755859375,553.0,178.6999969482422,28.000000000005798,205.1369290871188,,
1.0,41.009,41.029,950.5999755859375,532.9000244140625,890.2999877929688,501.1000061035156,90.5,20.000000000003126,68.1713260277611,,
1.0,41.284,41.645,865.7000122070312,548.9000244140625,845.5999755859375,494.3999938964844,426.5,361.0000000000042,58.088422242184,,
1.0,41.679,41.685,840.9000244140625,504.20001220703125,855.2000122070312,511.8999938964844,49.099998474121094,6.000000000000227,16.241285937294766,,
1.0,41.71,41.729,852.7999877929688,506.70001220703125,850.5999755859375,520.5,70.19999694824219,18.99999999999835,13.974251922631602,,
1.0,42.18,42.201,858.7000122070312,518.2000122070312,938.7999877929688,523.7000122070312,99.4000015258789,21.000000000000796,80.28858006508636,,
1.0,42.452,42.491,960.2999877929688,516.5,632.2000122070312,550.4000244140625,248.60000610351562,39.00000000000148,329.84663956870446,,
1.0,42.676,42.739,646.0,538.5999755859375,1278.5,661.2000122070312,328.3999938964844,62.99999999999528,644.2724726227976,,
1.0,42.867,42.872,1250.300048828125,675.0999755859375,1252.199951171875,695.5999755859375,52.5,5.000000000002558,20.587851488579055,,
1.0,42.94,43.004,1250.0999755859375,666.9000244140625,1008.7999877929688,361.79998779296875,229.3000030517578,64.00000000000006,388.98806723995995,,
1.0,43.277,43.31,995.2999877929688,389.20001220703125,888.4000244140625,491.0,120.69999694824219,33.00000000000125,147.61720660227954,,
1.0,43.5,43.51,886.0999755859375,499.0,875.7999877929688,527.7999877929688,64.0,9.99999999999801,30.586419296976466,,
1.0,44.041,44.095,854.2999877929688,487.6000061035156,849.2999877929688,519.0999755859375,58.29999923706055,54.000000000002046,31.894326727390084,,
1.0,44.277,44.301,861.7999877929688,509.5,978.5999755859375,424.8999938964844,168.1999969482422,24.00000000000091,144.21996457201246,,
1.0,44.498,44.534,999.0999755859375,403.1000061035156,925.2999877929688,592.5,135.3000030517578,36.000000000001364,203.27025332357573,,
1.0,44.844,44.901,928.0,583.0999755859375,1008.0,379.8999938964844,145.6999969482422,57.00000000000216,218.3809345125945,,
1.0,45.208,45.214,1012.7000122070312,414.20001220703125,1031.4000244140625,414.79998779296875,43.70000076293945,6.000000000000227,18.709634610190516,,
1.0,45.492,45.624,100000000.0,100000000.0,867.7000122070312,557.2000122070312,479.1000061035156,132.000000000005,141420348.68101016,,
1.0,46.665,47.02,862.9000244140625,562.0999755859375,868.2000122070312,510.6000061035156,451.79998779296875,355.000000000004,51.77196854762239,active,
1.0,47.123,47.163,852.9000244140625,543.4000244140625,1104.0999755859375,409.3999938964844,221.60000610351562,39.99999999999915,284.7058546069333,active,
1.0,47.398,47.41,1091.699951171875,484.70001220703125,1107.0,454.8999938964844,51.400001525878906,11.99999999999335,33.498247498219044,active,
1.0,48.388,48.401,1075.5999755859375,455.79998779296875,1111.5999755859375,450.20001220703125,55.0,13.00000000000523,36.432948364949766,active,
1.0,48.739,48.747,1106.0999755859375,426.70001220703125,1088.199951171875,430.29998779296875,39.29999923706055,8.000000000002672,18.25844183503564,active,
1.0,49.237,49.266,1075.300048828125,436.1000061035156,893.2000122070312,489.3999938964844,166.1999969482422,28.999999999996362,189.74011709739798,active,
1.0,49.389,49.396,876.7000122070312,505.79998779296875,862.4000244140625,533.9000244140625,71.69999694824219,6.999999999997897,31.52937850617841,active,
1.0,50.197,50.221,847.7000122070312,531.0,922.5,470.5,97.80000305175781,23.999999999993804,96.20440828687777,active,
1.0,50.648,50.667,949.0999755859375,400.0,962.2999877929688,365.0,43.5,18.99999999999835,37.406420869494774,active,
1.0,51.03,51.06,966.5999755859375,365.5,880.2000122070312,497.79998779296875,115.69999694824219,30.000000000001137,158.01341855012194,active,
1.0,52.075,52.12,844.5999755859375,553.2000122070312,1234.800048828125,658.7000122070312,233.89999389648438,44.9999999999946,404.2107707102923,active,
1.0,52.263,52.282,1234.800048828125,662.0999755859375,1321.0999755859375,657.0,111.5999984741211,18.99999999999835,86.45048935304507,active,
1.0,52.506,52.565,1335.4000244140625,668.2999877929688,1037.800048828125,301.79998779296875,211.5,58.9999999999975,472.110151838266,active,
1.0,52.858,53.198,1042.300048828125,311.70001220703125,887.0,529.0999755859375,771.0999755859375,340.0000000000034,267.1719469614424,active,
1.0,53.322,53.331,883.0999755859375,561.5,866.5,535.5999755859375,59.599998474121094,9.000000000000341,30.763134659893726,active,
1.0,53.784,53.802,843.9000244140625,568.9000244140625,915.0999755859375,518.0,125.4000015258789,18.000000000000682,87.52282863475988,active,
1.0,54.028,54.044,916.0999755859375,537.5999755859375,852.5,557.4000244140625,96.5,15.999999999998238,66.61080113711274,active,
1.0,54.308,54.333,834.7999877929688,545.2000122070312,866.2000122070312,407.5,116.9000015258789,24.99999999999858,141.2347510176595,active,
1.0,54.569,54.576,873.0999755859375,393.29998779296875,893.9000244140625,385.6000061035156,56.099998474121094,6.999999999997897,22.179534469196994,active,
1.0,55.051,55.077,887.7999877929688,402.70001220703125,1032.0,379.20001220703125,129.8000030517578,25.99999999999625,146.10233920272447,active,
1.0,55.335,55.363,1034.9000244140625,386.1000061035156,876.0999755859375,430.0,157.60000610351562,27.999999999998693,164.7563806713605,active,
1.0,55.854,55.867,877.5,416.8999938964844,921.0,401.0,78.4000015258789,12.999999999998124,46.3147903580297,active,
1.0,56.194,56.455,930.0999755859375,402.29998779296875,906.0,367.1000061035156,481.29998779296875,260.9999999999957,42.65967105101279,active,
1.0,56.652,56.677,889.5,412.3999938964844,862.7999877929688,500.79998779296875,81.0999984741211,24.99999999999858,92.3441907905099,active,
1.0,57.327,57.335,870.4000244140625,535.0999755859375,895.7000122070312,529.5999755859375,59.5,8.000000000002672,25.890913122645323,active,
1.0,57.819,57.833,900.7000122070312,531.5,946.2000122070312,514.5,61.0,13.999999999995794,48.57211133973898,active,
1.0,58.232,58.237,947.7000122070312,524.0,936.0999755859375,516.0,40.0,5.000000000002558,14.091162110014777,active,
1.0,58.976,58.991,932.2000122070312,513.5,893.2999877929688,529.0999755859375,67.19999694824219,15.000000000000568,41.911467854234175,active,
1.0,59.996,60.015,862.5999755859375,551.9000244140625,816.0999755859375,532.2000122070312,64.0999984741211,18.99999999999835,50.5008958431153,active,
1.0,61.122,61.14,809.2000122070312,514.4000244140625,869.4000244140625,542.5999755859375,89.30000305175781,18.000000000000682,66.47765576359357,active,
1.0,61.78,61.802,839.7999877929688,595.5,935.2000122070312,547.7000122070312,98.5999984741211,21.999999999998465,106.70521773189763,active,
1.0,62.111,62.135,941.4000244140625,504.0,830.2000122070312,593.0999755859375,161.89999389648438,24.00000000000091,142.49297654361268,active,
1.0,62.429,62.482,788.5,629.0999755859375,1313.0999755859375,634.0999755859375,273.8999938964844,52.99999999999727,524.6238027241675,active,
1.0,62.833,62.886,1280.0999755859375,652.7999877929688,755.0999755859375,644.7000122070312,274.8999938964844,53.00000000000438,525.0624816195619,active,
1.0,63.002,63.006,783.5999755859375,625.4000244140625,776.7999877929688,644.0,48.20000076293945,3.999999999997783,19.804012870678385,active,
1.0,63.143,63.16,781.5999755859375,619.9000244140625,731.2999877929688,626.7999877929688,72.80000305175781,16.999999999995907,50.7710376750668,active,
1.0,63.487,63.504,734.0999755859375,626.5,805.5999755859375,599.7000122070312,97.30000305175781,16.999999999995907,76.35764104333812,active,
1.0,63.592,63.906,828.0999755859375,573.7999877929688,848.0,499.20001220703125,430.20001220703125,314.00000000000006,77.2085962124863,active,
1.0,64.58,64.608,833.0999755859375,550.5999755859375,954.0999755859375,678.2000122070312,139.5,28.000000000005798,175.84871152699546,active,
1.0,64.858,64.864,976.4000244140625,696.7999877929688,991.7000122070312,688.0,48.20000076293945,6.000000000000227,17.65019579555399,active,
1.0,65.087,65.119,997.9000244140625,701.7999877929688,807.2000122070312,714.0,177.39999389648438,31.999999999996476,191.08986093880958,active,
1.0,65.174,65.41,805.0999755859375,705.7999877929688,969.5999755859375,367.79998779296875,198.3000030517578,235.99999999999,375.90457565717395,active,
1.0,65.995,66.025,958.5,375.0,845.5999755859375,526.5999755859375,174.10000610351562,30.000000000001137,189.02107848161472,active,
1.0,67.138,67.16,851.4000244140625,558.2999877929688,769.7000122070312,621.2999877929688,106.69999694824219,21.99999999999136,103.16923957570422,active,
1.0,67.688,67.706,748.0,660.9000244140625,692.7999877929688,684.5,71.0999984741211,18.000000000000682,60.03332570592141,active,
1.0,67.969,68.029,691.5,686.9000244140625,890.2999877929688,567.4000244140625,172.6999969482422,60.000000000002274,231.95190265760814,active,
1.0,69.691,69.716,844.7999877929688,549.2999877929688,948.7000122070312,612.5999755859375,115.9000015258789,24.999999999991473,121.66389574492827,active,
1.0,70.006,70.039,953.5999755859375,669.9000244140625,1175.300048828125,823.0999755859375,195.0,33.00000000000125,269.48311174293684,active,
1.0,70.331,70.54,1182.0999755859375,855.2000122070312,819.2000122070312,450.3999938964844,694.5999755859375,209.00000000000318,543.6537852757309,active,
1.0,70.836,70.856,813.4000244140625,427.79998779296875,864.0999755859375,486.79998779296875,108.30000305175781,19.99999999999602,77.79129160022032,active,
1.0,71.048,71.059,868.2000122070312,506.3999938964844,858.2999877929688,537.5999755859375,48.29999923706055,10.99999999999568,32.73300079157491,active,
1.0,71.347,71.679,842.9000244140625,569.7999877929688,841.9000244140625,505.29998779296875,429.70001220703125,332.00000000000784,64.5077514722068,active,
1.0,72.112,72.14,849.5,535.7000122070312,1040.5,471.3999938964844,209.10000610351562,28.000000000005798,201.53285676220804,active,
1.0,72.429,72.458,1069.5999755859375,471.5,931.5999755859375,608.7000122070312,188.3000030517578,28.999999999996362,194.5966170045346,active,
1.0,72.744,72.774,919.2000122070312,645.2000122070312,896.4000244140625,492.0,127.30000305175781,30.000000000001137,154.8873241540251,active,
1.0,73.069,73.112,913.9000244140625,458.8999938964844,510.6000061035156,499.8999938964844,256.70001220703125,42.999999999992156,405.3787177064028,active,
1.0,73.35,73.402,519.2999877929688,500.3999938964844,906.2999877929688,326.29998779296875,268.3999938964844,52.00000000000671,424.35811777936357,active,
1.0,73.758,73.787,899.0,354.0,896.0,529.9000244140625,134.6999969482422,29.000000000010573,175.92560526787392,active,
1.0,74.428,74.769,864.5999755859375,576.0,876.5,493.5,782.7999877929688,341.0000000000082,83.35382763290048,active,
1.0,74.983,75.054,856.4000244140625,542.2000122070312,916.5,826.7000122070312,167.6999969482422,70.99999999999795,290.7787080675445,active,
1.0,75.228,75.269,907.9000244140625,804.2999877929688,911.0,809.7000122070312,59.29999923706055,41.00000000001103,6.226565048715029,active,
1.0,75.319,75.349,906.2000122070312,833.5,934.0,716.0999755859375,112.9000015258789,30.000000000001137,120.64661227615007,active,
1.0,75.437,75.451,926.7000122070312,661.4000244140625,926.7999877929688,679.0,46.29999923706055,13.999999999995794,17.600259536250583,active,
1.0,75.503,75.625,922.4000244140625,682.9000244140625,897.5,647.0999755859375,118.19999694824219,121.99999999999989,43.60796615203515,active,
1.0,75.784,75.795,828.0999755859375,623.5,826.0999755859375,621.2999877929688,55.29999923706055,10.99999999999568,2.9732227819466392,active,
1.0,76.991,77.295,825.5,602.2999877929688,844.5,498.20001220703125,637.0999755859375,304.00000000000205,105.81968114199165,active,
1.0,77.429,77.437,840.5,541.9000244140625,844.7000122070312,524.9000244140625,49.79999923706055,7.999999999995566,17.511142239705883,active,
1.0,77.702,77.741,840.5,542.4000244140625,719.2000122070312,372.6000061035156,123.80000305175781,39.00000000000148,208.67614443638837,active,
1.0,77.927,77.948,705.7000122070312,342.1000061035156,656.0,286.1000061035156,80.5999984741211,20.999999999986585,74.87383530565971,active,
1.0,78.293,78.304,639.2999877929688,266.6000061035156,624.7000122070312,291.70001220703125,54.20000076293945,10.99999999999568,29.037382690361277,active,
1.0,78.839,78.889,636.0999755859375,305.6000061035156,864.0,560.5,196.89999389648438,49.99999999999716,341.92459405014733,active,
1.0,79.033,79.039,848.5999755859375,564.5999755859375,835.5,571.0,45.099998474121094,6.000000000000227,14.579769300395483,active,
1.0,79.558,79.566,825.4000244140625,573.2000122070312,844.9000244140625,568.0,43.599998474121094,7.999999999995566,20.181430250437504,active,
1.0,79.854,79.884,846.5999755859375,559.2000122070312,754.0,420.6000061035156,125.5999984741211,30.000000000001137,166.68748354453848,active,
1.0,80.084,80.102,725.0999755859375,384.20001220703125,696.9000244140625,345.70001220703125,57.20000076293945,18.000000000000682,47.72302637193218,active,
1.0,80.28,80.325,682.7000122070312,327.0,663.2999877929688,584.5,160.60000610351562,45.000000000001705,258.22976386789,active,
1.0,80.583,80.625,666.2999877929688,566.5,1022.0999755859375,497.5,240.39999389648438,42.00000000000159,362.4287948183432,active,
1.0,81.056,81.084,1022.5999755859375,491.70001220703125,860.5999755859375,515.4000244140625,145.1999969482422,28.000000000005798,163.7244348856133,active,
1.0,81.919,81.943,845.5,550.2999877929688,722.7999877929688,616.2999877929688,167.10000610351562,24.00000000000091,139.3244163655661,active,
1.0,82.144,82.162,714.4000244140625,645.7999877929688,635.4000244140625,649.9000244140625,100.30000305175781,18.000000000000682,79.10632275800911,active,
1.0,82.379,82.462,629.4000244140625,651.2999877929688,1334.5999755859375,552.5,332.3999938964844,82.99999999999841,712.0873603152254,active,
1.0,82.858,82.91,1310.4000244140625,570.7999877929688,824.2000122070312,560.9000244140625,293.6000061035156,51.9999999999925,486.3007928690031,active,
1.0,83.944,83.956,834.0,571.7000122070312,876.9000244140625,574.4000244140625,69.5999984741211,12.000000000000455,42.984906195608666,active,
1.0,84.607,84.617,887.4000244140625,578.5,856.2000122070312,567.7999877929688,61.900001525878906,10.000000000005116,32.98379940136547,active,
1.0,85.435,85.46,815.7999877929688,594.2999877929688,900.5999755859375,501.29998779296875,126.19999694824219,24.999999999991473,125.8572124659038,active,
1.0,86.274,86.295,910.2000122070312,436.3999938964844,839.5999755859375,481.70001220703125,83.80000305175781,21.000000000000796,83.88359094504516,active,
1.0,87.347,87.37,845.7999877929688,564.2000122070312,792.9000244140625,622.5999755859375,90.0999984741211,23.000000000010346,78.79696598313423,active,
1.0,87.691,87.755,786.0,635.2999877929688,1066.0999755859375,625.2000122070312,141.39999389648438,63.99999999999295,280.2820112495258,active,
1.0,88.183,88.213,1053.800048828125,670.5,893.7000122070312,591.2000122070312,146.5,29.999999999986926,178.66311815828288,active,
1.0,88.965,88.981,832.5,585.5999755859375,830.2000122070312,587.7999877929688,56.900001525878906,15.999999999991132,3.1827657090794124,active,
1.0,89.209,89.249,848.2999877929688,580.2999877929688,571.7000122070312,531.5,176.3000030517578,39.99999999999204,280.8718307391026,active,
1.0,89.645,89.7,590.4000244140625,540.0,1204.699951171875,478.20001220703125,344.29998779296875,55.00000000000682,617.4007114555869,active,
1.0,90.001,90.057,1184.5999755859375,486.6000061035156,615.0,531.9000244140625,277.1000061035156,55.999999999997385,571.3984807876518,active,
1.0,90.251,90.61,629.7999877929688,534.5999755859375,907.9000244140625,502.8999938964844,622.2999877929688,358.99999999999466,279.9009096229688,active,
1.0,90.668,90.678,888.7999877929688,546.7999877929688,858.0999755859375,540.4000244140625,64.19999694824219,9.999999999990905,31.360010854003367,active,
1.0,91.355,91.361,830.2999877929688,570.4000244140625,839.7999877929688,552.7000122070312,55.5,6.000000000000227,20.08831581116384,active,
1.0,91.696,91.758,847.9000244140625,543.2999877929688,1267.300048828125,670.4000244140625,202.0,61.99999999999761,438.23600923201144,active,
1.0,91.993,92.019,1254.5,652.7999877929688,1387.300048828125,663.5999755859375,129.0,26.00000000001046,133.23848057179524,active,
1.0,92.2,92.267,1389.300048828125,683.4000244140625,579.7000122070312,366.3999938964844,350.5,66.99999999999307,869.4488131253166,active,
1.0,92.736,92.777,594.7999877929688,408.1000061035156,862.5,595.7000122070312,234.6999969482422,40.99999999999682,326.8899796960497,active,
1.0,92.973,92.98,842.9000244140625,593.9000244140625,825.9000244140625,593.7000122070312,42.099998474121094,7.000000000005002,17.001176573489303,active,
1.0,93.756,93.772,835.0,561.4000244140625,829.4000244140625,606.5,63.5,16.000000000005343,45.446314750651176,active,
1.0,93.962,94.075,820.2999877929688,652.2000122070312,516.0999755859375,614.7000122070312,190.3000030517578,112.99999999999955,306.50268747069407,active,
1.0,94.489,94.54,518.4000244140625,624.7000122070312,892.7999877929688,652.5,263.5,51.00000000000193,375.43064858827864,active,
1.0,94.644,94.648,871.5999755859375,654.5,870.2999877929688,636.9000244140625,52.0,3.9999999999906777,17.647920809190634,active,
1.0,94.675,94.849,869.2999877929688,629.9000244140625,842.5,521.5999755859375,583.2999877929688,174.0000000000066,111.56675096944221,active,
1.0,95.574,95.704,845.9000244140625,577.0999755859375,898.2999877929688,728.0999755859375,96.4000015258789,129.99999999999545,159.83352640203717,active,
1.0,95.835,95.906,884.7000122070312,739.2000122070312,613.4000244140625,785.5,202.39999389648438,71.00000000001216,275.2224050583347,active,
1.0,96.039,96.074,615.9000244140625,796.5,838.2000122070312,828.4000244140625,190.5,34.99999999999659,224.57714961761323,active,
1.0,96.347,96.36,819.7999877929688,834.0999755859375,782.5999755859375,841.0999755859375,59.599998474121094,13.00000000000523,37.852885071065245,active,
1.0,96.508,96.535,767.7999877929688,839.5999755859375,817.7000122070312,680.2000122070312,188.60000610351562,27.000000000001023,167.0280238813855,active,
1.0,96.847,96.876,816.0,616.2000122070312,815.4000244140625,613.0999755859375,67.69999694824219,29.000000000010573,3.1575619955661045,active,
1.0,96.969,96.973,812.0,615.4000244140625,811.5999755859375,601.5,50.099998474121094,4.0000000000048885,13.905779310897307,active,
1.0,97.458,97.475,819.7000122070312,605.0999755859375,851.9000244140625,629.0999755859375,50.29999923706055,16.999999999995907,40.160189069935434,active,
1.0,98.085,98.105,865.7999877929688,630.9000244140625,817.0999755859375,596.5,66.0999984741211,20.000000000010232,59.624264093178446,active,
1.0,98.551,98.557,814.2000122070312,581.5999755859375,833.2000122070312,585.0999755859375,51.099998474121094,6.000000000000227,19.319679086361656,active,
1.0,98.858,98.863,824.9000244140625,606.0999755859375,821.5,617.7999877929688,40.70000076293945,4.9999999999954525,12.184024444365717,active,
1.0,99.347,99.362,819.2000122070312,597.5,821.9000244140625,571.2000122070312,69.69999694824219,15.000000000000568,26.43821899879837,active,
1.0,99.502,99.509,835.9000244140625,575.0,842.7000122070312,594.5999755859375,49.5,7.000000000005002,20.746056901345614,active,
1.0,99.648,99.867,845.7000122070312,599.0,836.2999877929688,506.20001220703125,307.0,219.0000000000083,93.274852952766,active,
1.0,99.949,99.973,821.5,560.2999877929688,718.0999755859375,540.2999877929688,124.30000305175781,24.00000000000091,105.31649941404585,active,
1.0,100.752,100.808,645.4000244140625,556.2999877929688,852.7999877929688,609.9000244140625,190.6999969482422,56.000000000011596,214.2141655805102,active,
1.0,100.88,101.222,854.7999877929688,587.2999877929688,842.2999877929688,546.0,676.2999877929688,341.99999999999875,43.1501910969044,active,
1.0,101.639,101.667,834.2999877929688,575.4000244140625,1009.5999755859375,593.4000244140625,158.8000030517578,28.000000000005798,176.22169480576162,active,
1.0,101.954,101.985,1037.300048828125,606.2999877929688,888.2999877929688,519.7000122070312,131.0,31.00000000000591,172.33854461485177,active,
1.0,102.476,102.49,878.0999755859375,509.29998779296875,848.5999755859375,557.2000122070312,82.9000015258789,13.999999999995794,56.255331648367196,active,
1.0,102.901,102.914,810.9000244140625,592.4000244140625,811.2000122070312,587.0,68.5999984741211,13.00000000000523,5.408350612562143,active,
1.0,102.996,103.005,813.0,554.2000122070312,809.7999877929688,592.2999877929688,79.5,9.000000000000341,38.234123734880896,active,
1.0,103.27,103.277,815.9000244140625,559.5,813.5,580.2999877929688,52.20000076293945,7.000000000005002,20.937994397165767,active,
1.0,103.35,103.401,822.0,573.4000244140625,566.9000244140625,587.2999877929688,173.89999389648438,51.00000000000193,255.47838759057652,active,
1.0,103.432,103.442,571.5999755859375,578.7999877929688,574.5999755859375,583.5999755859375,69.0999984741211,9.999999999990905,5.660378327695863,active,
1.0,104.122,104.186,612.0999755859375,578.5999755859375,1374.0999755859375,652.5999755859375,348.8999938964844,64.00000000000716,765.5847438396353,active,
1.0,104.516,104.554,1349.0,691.0999755859375,1104.4000244140625,617.4000244140625,179.3000030517578,37.9999999999967,255.46199494127885,active,
1.0,104.763,104.798,1101.800048828125,614.2000122070312,875.5999755859375,553.2999877929688,178.60000610351562,34.99999999999659,234.25474618117005,active,
1.0,105.935,106.172,847.7999877929688,557.5,771.2999877929688,541.0999755859375,887.0999755859375,236.99999999999477,78.23816716144268,active,
1.0,106.551,106.578,769.5,544.5999755859375,622.0,531.4000244140625,131.10000610351562,27.000000000001023,148.0894618497207,active,
1.0,106.914,106.968,586.0999755859375,525.7000122070312,838.9000244140625,524.7999877929688,231.6999969482422,54.000000000002046,252.80165096661906,active,
1.0,107.061,107.813,834.0999755859375,570.7999877929688,866.0,496.0,417.20001220703125,751.9999999999953,81.31820049316178,,
1.0,108.447,108.484,840.2999877929688,554.2999877929688,1050.699951171875,579.2999877929688,166.60000610351562,36.99999999999193,211.88002404626326,active,
1.0,108.665,108.704,1048.199951171875,570.0999755859375,814.0,457.70001220703125,183.0,38.99999999998727,259.7756125899583,active,
1.0,108.957,108.971,799.9000244140625,514.2999877929688,850.2999877929688,534.7000122070312,81.0999984741211,14.000000000010004,54.372026858389574,active,
1.0,109.205,109.22,846.9000244140625,541.7999877929688,787.7999877929688,550.7000122070312,87.80000305175781,15.000000000000568,59.76641835667862,active,
1.0,109.379,109.417,778.2999877929688,550.7999877929688,1009.5999755859375,461.20001220703125,179.10000610351562,37.9999999999967,248.0480598150852,active,
1.0,109.607,109.633,1009.4000244140625,468.29998779296875,917.7000122070312,406.3999938964844,107.69999694824219,25.99999999999625,110.63679985951548,active,
1.0,109.934,109.962,883.9000244140625,391.20001220703125,934.2000122070312,488.5,92.30000305175781,28.000000000005798,109.53253578953002,active,
1.0,110.204,110.236,935.7999877929688,487.6000061035156,806.0,537.5999755859375,110.19999694824219,32.00000000001069,139.0972098185221,active,
1.0,110.655,110.663,806.4000244140625,543.2999877929688,833.0999755859375,539.5999755859375,60.599998474121094,7.999999999995566,26.955101241002406,active,
1.0,111.229,111.51,838.7000122070312,575.4000244140625,855.5,493.5,450.29998779296875,281.0000000000059,83.60534426020823,active,
1.0,111.553,111.586,838.9000244140625,507.8999938964844,647.7999877929688,422.6000061035156,185.6999969482422,33.00000000000125,209.27329479430477,active,
1.0,112.3,112.344,603.0999755859375,484.3999938964844,1000.2000122070312,591.7999877929688,302.79998779296875,43.99999999999693,411.36747291617365,active,
1.0,112.654,112.698,994.2999877929688,581.7000122070312,625.5,484.29998779296875,248.0,43.99999999999693,381.4448790480138,active,
1.0,112.869,112.905,618.7999877929688,490.1000061035156,859.5,570.0,204.3000030517578,36.000000000001364,253.61487515743872,active,
1.0,113.604,113.638,853.9000244140625,576.5,1042.9000244140625,455.5,163.39999389648438,34.000000000006025,224.4147945212169,active,
1.0,113.805,113.818,1054.9000244140625,442.5,1076.9000244140625,402.79998779296875,69.0999984741211,12.999999999991019,45.3882250064753,active,
1.0,114.001,114.059,1077.9000244140625,401.8999938964844,446.20001220703125,534.0,353.0,57.999999999992724,645.3644838654451,active,
1.0,114.324,114.382,483.5,520.9000244140625,1158.300048828125,378.6000061035156,361.3999938964844,58.000000000006935,689.6407768611292,active,
1.0,114.684,114.731,1118.699951171875,404.79998779296875,863.4000244140625,631.7000122070312,197.39999389648438,46.999999999997044,341.5577164721163,active,
1.0,114.868,114.878,868.4000244140625,626.7000122070312,839.4000244140625,606.0,70.69999694824219,10.000000000005116,35.629910263306066,active,
1.0,115.585,115.613,850.0999755859375,547.5,848.2000122070312,561.9000244140625,48.70000076293945,28.000000000005798,14.524825780944187,active,
1.0,115.664,115.71,843.2000122070312,573.0999755859375,848.0,555.0999755859375,51.099998474121094,45.99999999999227,18.629006490219734,active,
1.0,116.763,116.769,844.0999755859375,550.0,840.5999755859375,573.4000244140625,64.0,6.000000000000227,23.660328454582388,active,
1.0,117.471,117.505,834.9000244140625,571.0999755859375,688.7000122070312,446.8999938964844,117.9000015258789,33.999999999991815,191.83346689510822,active,
1.0,117.759,117.79,670.5,446.5,929.0,379.20001220703125,258.1000061035156,31.00000000000591,267.117087354841,active,
1.0,118.07,118.109,972.5,370.3999938964844,684.4000244140625,401.79998779296875,221.5,39.00000000000148,289.80606541153867,active,
1.0,118.275,118.307,690.5999755859375,395.70001220703125,944.0999755859375,357.70001220703125,263.20001220703125,31.999999999996476,256.3323038557567,active,
1.0,118.459,118.823,930.2000122070312,360.6000061035156,869.4000244140625,468.0,715.7000122070312,363.9999999999901,123.41554685123762,active,
1.0,119.349,119.367,843.7000122070312,540.2000122070312,905.0999755859375,523.5,94.69999694824219,18.000000000000682,63.63054227842178,active,
1.0,119.678,119.711,908.2999877929688,537.5,768.4000244140625,439.1000061035156,115.80000305175781,33.00000000000125,171.0396402950131,active,
1.0,120.098,120.12,759.9000244140625,445.3999938964844,856.2999877929688,492.70001220703125,127.69999694824219,22.00000000000557,107.37897686061521,active,
1.0,121.021,121.053,846.0,553.5999755859375,1014.5999755859375,618.4000244140625,136.3000030517578,31.999999999996476,180.62391341045102,active,
1.0,121.443,121.489,1022.4000244140625,625.0,1380.800048828125,677.4000244140625,203.10000610351562,46.00000000000648,362.2103533288287,active,
1.0,121.661,121.706,1363.800048828125,677.2999877929688,917.5999755859375,613.2999877929688,299.6000061035156,45.000000000001705,450.7665752485797,active,
1.0,122.064,122.077,903.9000244140625,601.9000244140625,861.5,580.5999755859375,80.30000305175781,13.00000000000523,47.449490517745346,active,
1.0,122.219,122.56,846.7000122070312,574.4000244140625,845.5999755859375,481.6000061035156,766.5,341.0000000000082,92.80653791089064,active,
1.0,122.609,122.645,834.0999755859375,508.0,831.7000122070312,528.7999877929688,70.19999694824219,36.000000000001364,20.93798740107893,active,
1.0,123.026,123.047,832.9000244140625,531.9000244140625,910.0999755859375,520.4000244140625,117.19999694824219,21.000000000000796,78.05179345114297,active,
1.0,123.318,123.338,930.9000244140625,515.0999755859375,903.2000122070312,457.29998779296875,71.19999694824219,19.99999999999602,64.09468983571897,active,
1.0,123.469,123.507,895.9000244140625,421.8999938964844,571.7999877929688,454.29998779296875,218.60000610351562,38.000000000010914,325.71550982765086,active,
1.0,123.783,123.817,574.2000122070312,454.79998779296875,836.5999755859375,533.2999877929688,229.89999389648438,33.999999999991815,273.89047223525563,active,
1.0,123.99,124.281,844.2999877929688,533.9000244140625,859.0999755859375,470.79998779296875,458.1000061035156,291.000000000011,64.81245451497263,active,
1.0,124.336,124.376,847.5,498.8999938964844,845.0999755859375,541.4000244140625,76.69999694824219,40.00000000000625,42.56774261319442,active,
1.0,124.739,124.781,844.2999877929688,554.9000244140625,899.2999877929688,359.70001220703125,129.39999389648438,42.00000000000159,202.80050484558748,active,
1.0,124.921,124.933,874.0999755859375,396.1000061035156,876.0,353.3999938964844,74.9000015258789,12.000000000000455,42.74226403987804,active,
1.0,125.578,125.633,871.9000244140625,333.20001220703125,839.2999877929688,572.7999877929688,137.39999389648438,54.99999999999261,241.80759022098232,active,
1.0,126.206,126.217,834.4000244140625,585.9000244140625,836.0999755859375,563.2000122070312,75.4000015258789,10.99999999999568,22.76357590946833,active,
1.0,126.655,126.699,854.7999877929688,558.5,498.6000061035156,591.0999755859375,221.0,43.99999999999693,357.6886710028296,active,
1.0,126.935,127.002,493.6000061035156,595.2999877929688,1208.4000244140625,390.79998779296875,365.1000061035156,66.99999999999307,743.4778518400923,active,
1.0,127.173,127.205,1178.199951171875,437.3999938964844,1352.0999755859375,359.0,164.39999389648438,31.999999999996476,190.75580603006642,active,
1.0,127.562,127.808,1349.699951171875,368.6000061035156,871.5999755859375,494.5,485.3999938964844,246.00000000000932,494.39902418836635,active,
1.0,127.877,127.882,846.5,573.5999755859375,833.9000244140625,557.5999755859375,60.599998474121094,5.000000000009663,20.365642262551432,active,
1.0,128.158,128.178,834.0999755859375,577.2000122070312,831.0999755859375,578.5999755859375,83.19999694824219,20.000000000010232,3.310573585087425,active,
1.0,128.383,128.406,832.9000244140625,577.4000244140625,916.9000244140625,542.9000244140625,97.9000015258789,22.999999999996135,90.80886520599186,active,
1.0,128.707,128.734,928.2999877929688,517.7000122070312,847.4000244140625,630.9000244140625,118.5999984741211,27.000000000015234,139.13679182150346,active,
1.0,129.06,129.097,829.4000244140625,706.2000122070312,1062.699951171875,612.7999877929688,181.6999969482422,37.00000000000614,251.30145321057765,active,
1.0,129.476,129.507,1046.0999755859375,614.4000244140625,853.2999877929688,630.2000122070312,158.10000610351562,31.00000000000591,193.44631014115225,active,
1.0,130.181,130.187,847.9000244140625,541.5,847.9000244140625,564.4000244140625,59.0,6.000000000000227,22.9000244140625,active,
1.0,130.46,130.504,840.2000122070312,547.0,1207.800048828125,604.7999877929688,243.0,43.99999999998272,372.1164139253962,active,
1.0,130.846,130.894,1199.699951171875,651.2000122070312,720.7000122070312,641.9000244140625,252.1999969482422,48.00000000000182,479.09021206999563,active,
1.0,131.094,131.405,1118.9000244140625,544.5999755859375,901.7000122070312,503.20001220703125,527.2999877929688,311.00000000000705,221.1103848092832,,
1.0,131.45,131.459,910.2000122070312,496.0,909.5,534.0999755859375,81.9000015258789,9.000000000014552,38.10640571792394,,
1.0,131.64,131.655,909.7000122070312,555.0,857.5,539.0999755859375,91.19999694824219,15.00000000001478,54.56786646719839,constant,
1.0,131.929,132.276,845.0999755859375,540.2999877929688,867.2999877929688,503.8999938964844,1316.9000244140625,347.0000000000084,42.635666966243605,constant,
1.0,132.313,132.674,870.9000244140625,498.8999938964844,875.2999877929688,517.7999877929688,1199.9000244140625,361.0000000000184,19.405397368331904,constant,
1.0,132.938,132.993,876.9000244140625,525.0,1101.0,678.5999755859375,205.39999389648438,55.00000000000682,271.68686305675214,constant,
1.0,133.229,133.269,1087.699951171875,694.4000244140625,861.7000122070312,540.2000122070312,214.60000610351562,39.99999999999204,273.5938891436753,constant,
1.0,133.535,133.583,860.4000244140625,562.5999755859375,408.20001220703125,660.7999877929688,317.0,48.00000000000182,462.7397685929969,constant,
1.0,133.851,133.888,419.1000061035156,654.0999755859375,192.6999969482422,816.0,304.1000061035156,37.00000000000614,278.33178411884967,constant,
1.0,134.133,134.194,208.89999389648438,805.7999877929688,888.7000122070312,698.9000244140625,343.8999938964844,60.99999999997863,688.1538106160798,constant,
1.0,134.393,134.407,860.9000244140625,696.7999877929688,863.4000244140625,676.5999755859375,60.0,14.000000000010004,20.354127177656416,constant,
1.0,134.535,134.552,874.5999755859375,701.2000122070312,884.5,649.0999755859375,70.69999694824219,16.999999999995907,53.03229487131726,constant,
1.0,135.018,135.047,870.2999877929688,605.2999877929688,1047.5,587.0999755859375,150.0,28.999999999996362,178.13221149053336,constant,
1.0,135.394,135.487,1079.699951171875,566.9000244140625,1159.9000244140625,800.2000122070312,210.1999969482422,92.99999999998931,246.70009333652797,constant,
1.0,135.685,135.744,1164.0999755859375,771.0999755859375,845.9000244140625,533.5,222.6999969482422,58.9999999999975,397.120834663987,constant,
1.0,136.101,136.152,848.4000244140625,590.5999755859375,372.6000061035156,667.7999877929688,287.6000061035156,50.99999999998772,482.0223016719066,constant,
1.0,136.382,136.45,406.3999938964844,645.5,213.39999389648438,781.5,198.5,67.99999999998363,236.10379073619296,constant,
1.0,136.857,136.917,210.5,804.7000122070312,712.9000244140625,679.7000122070312,261.6000061035156,60.000000000002274,517.7168961230168,constant,
1.0,136.992,136.996,698.4000244140625,689.2999877929688,699.9000244140625,672.2999877929688,61.0,4.000000000019099,17.066048165876012,constant,
1.0,137.248,137.297,699.5,673.7000122070312,1052.5,644.0,208.6999969482422,49.000000000006594,354.24721696168314,constant,
1.0,137.438,137.718,1036.300048828125,634.5,1488.4000244140625,652.2999877929688,1715.0,280.00000000000114,452.4502486353998,constant,
1.0,137.854,137.893,1488.800048828125,656.5,1498.800048828125,833.7000122070312,123.80000305175781,38.99999999998727,177.48195493111976,constant,
1.0,138.284,138.407,1493.800048828125,824.7999877929688,1321.800048828125,579.0,180.10000610351562,123.00000000001887,300.0027233193452,constant,
1.0,138.473,138.652,1319.300048828125,595.0999755859375,1318.5999755859375,481.0,181.5,178.99999999997362,114.10212325481046,constant,
1.0,138.727,138.871,1290.199951171875,441.79998779296875,1407.0999755859375,351.20001220703125,218.6999969482422,144.00000000000546,147.8985168423973,constant,
1.0,139.185,139.239,1430.5999755859375,235.0,1230.699951171875,571.9000244140625,186.89999389648438,54.000000000002046,391.7418106494872,constant,
1.0,139.337,139.358,1232.5,587.0999755859375,1231.4000244140625,579.0999755859375,74.0,21.000000000015007,8.07526756768211,constant,
1.0,139.483,139.542,1234.800048828125,553.7000122070312,656.5999755859375,530.7999877929688,269.8999938964844,58.9999999999975,578.6533814084522,constant,
1.0,139.799,139.832,673.2999877929688,538.7000122070312,464.70001220703125,481.6000061035156,172.3000030517578,32.99999999998704,216.2738091204648,constant,
1.0,140.282,140.584,450.5,486.70001220703125,879.5,463.6000061035156,801.5999755859375,301.9999999999925,429.6214732552162,constant,
1.0,141.08,141.096,860.4000244140625,528.2999877929688,800.5999755859375,512.2999877929688,82.69999694824219,15.999999999991132,61.90352041561234,constant,
1.0,142.089,142.442,791.2000122070312,522.7999877929688,854.4000244140625,455.70001220703125,427.20001220703125,353.00000000000864,92.17726545413629,constant,
1.0,142.622,142.672,835.5,501.8999938964844,878.5999755859375,682.9000244140625,124.4000015258789,49.99999999998295,186.06079367473583,constant,
1.0,143.003,143.026,882.2999877929688,702.2999877929688,862.2999877929688,573.5,133.6999969482422,23.000000000024556,130.34353399946198,constant,
1.0,144.839,144.877,856.4000244140625,523.9000244140625,861.5,672.7999877929688,106.5999984741211,38.000000000010914,148.98727746091873,constant,
1.0,145.637,145.646,855.2999877929688,625.4000244140625,846.5,591.0999755859375,73.69999694824219,8.99999999998613,35.41091829885464,constant,
1.0,146.628,146.654,861.7999877929688,552.7000122070312,931.7000122070312,671.2000122070312,138.39999389648438,26.00000000001046,137.5800254873015,constant,
1.0,146.835,146.904,923.0999755859375,745.5,926.5999755859375,735.9000244140625,69.0999984741211,68.9999999999884,10.218098220833271,constant,
1.0,147.071,147.313,938.2000122070312,728.7999877929688,842.0999755859375,529.9000244140625,614.2999877929688,241.99999999999022,220.89910020347708,constant,
1.0,147.914,147.919,867.7999877929688,498.79998779296875,867.5,510.79998779296875,43.599998474121094,5.000000000023874,12.00374910917128,constant,
1.0,148.538,148.554,857.7999877929688,512.7999877929688,858.5,506.5,58.70000076293945,15.999999999991132,6.3387588123818075,constant,
1.0,152.695,152.727,839.7000122070312,497.1000061035156,922.7000122070312,549.5999755859375,73.30000305175781,32.00000000001069,98.21021736894399,constant,
1.0,152.971,153.097,922.5999755859375,543.5999755859375,304.1000061035156,731.2000122070312,344.5,126.00000000000477,646.3249848102674,constant,
1.0,153.318,153.334,290.1000061035156,798.7999877929688,247.8000030517578,780.2000122070312,62.400001525878906,15.999999999991132,46.20875836869231,constant,
1.0,153.537,153.562,229.89999389648438,744.0999755859375,381.5,710.0,172.89999389648438,25.000000000005684,155.38780578136596,constant,
1.0,153.751,153.871,407.3999938964844,622.5,891.7999877929688,618.0,307.70001220703125,120.00000000000455,484.42089559278315,constant,
1.0,153.97,154.189,870.5999755859375,608.9000244140625,869.0999755859375,604.2999877929688,150.8000030517578,218.9999999999941,4.838422978141081,constant,
1.0,155.073,155.123,864.7999877929688,635.2999877929688,460.0,603.2000122070312,253.6999969482422,49.99999999998295,406.0707309691323,constant,
1.0,155.806,155.854,455.6000061035156,624.0,853.2000122070312,602.0,255.89999389648438,48.00000000000182,398.2081928508198,constant,
1.0,155.968,156.18,834.2999877929688,601.0999755859375,924.2000122070312,485.3999938964844,605.9000244140625,212.0000000000175,146.52133002600277,constant,
1.0,156.763,157.012,890.5,572.2000122070312,847.9000244140625,510.79998779296875,1139.5999755859375,248.99999999999523,74.73099034517034,constant,
1.0,159.55,159.565,856.2000122070312,529.7000122070312,856.5,544.2999877929688,70.69999694824219,14.999999999986358,14.603057206828346,constant,
1.0,160.571,160.583,857.2999877929688,545.7999877929688,858.7000122070312,561.9000244140625,57.900001525878906,12.000000000000455,16.16079353127596,constant,
1.0,163.593,163.614,859.9000244140625,541.0,776.2000122070312,493.29998779296875,89.0,21.000000000015007,96.33785968147782,constant,
1.0,163.922,163.957,742.9000244140625,496.3999938964844,509.1000061035156,451.5,185.60000610351562,34.99999999999659,238.072379779588,constant,
1.0,164.421,164.676,496.1000061035156,462.0,526.4000244140625,392.6000061035156,696.9000244140625,254.99999999999545,75.72615309423519,constant,
1.0,165.009,165.046,484.1000061035156,461.79998779296875,420.79998779296875,630.7000122070312,123.69999694824219,37.00000000000614,180.37214464874137,constant,
1.0,165.38,165.421,425.8999938964844,633.2999877929688,242.3000030517578,804.0999755859375,199.8000030517578,40.99999999999682,250.76202357666114,constant,
1.0,165.457,165.523,251.39999389648438,776.2000122070312,247.5,813.2000122070312,128.89999389648438,66.0000000000025,37.20497214610724,constant,
1.0,165.624,165.628,237.3000030517578,821.0,241.6999969482422,803.0999755859375,50.20000076293945,3.9999999999906777,18.432873360198982,constant,
1.0,165.739,165.817,246.6999969482422,802.0,1229.300048828125,895.2000122070312,412.1000061035156,78.00000000000296,987.010184461001,constant,
1.0,166.15,166.3,1187.4000244140625,937.2999877929688,970.5999755859375,813.7999877929688,183.6999969482422,150.00000000000568,249.5085392764692,constant,
1.0,166.363,166.399,969.4000244140625,806.0,980.2000122070312,640.7999877929688,203.8000030517578,36.000000000001364,165.5526616201973,constant,
1.0,167.06,167.085,961.9000244140625,576.0999755859375,863.0999755859375,499.8999938964844,123.5999984741211,25.000000000005684,124.77133828693542,constant,
1.0,168.808,169.043,824.2000122070312,478.79998779296875,678.0999755859375,405.6000061035156,624.7999877929688,235.00000000001364,163.41192741052046,constant,
1.0,169.429,169.454,678.5,466.1000061035156,804.7999877929688,503.70001220703125,139.8000030517578,25.000000000005684,131.77802311268928,constant,
1.0,169.604,169.611,811.0,517.4000244140625,810.7999877929688,538.5999755859375,55.0,6.9999999999765805,21.200894664443897,constant,
1.0,170.383,170.732,841.2999877929688,547.0,852.2999877929688,471.6000061035156,1009.2999877929688,348.99999999998954,76.19815666792655,,
1.0,170.825,170.829,857.5,444.0,855.5999755859375,467.70001220703125,50.29999923706055,4.000000000019099,23.776052476966477,constant,
1.0,170.88,171.356,866.2000122070312,449.79998779296875,865.7000122070312,449.5,951.5,475.9999999999991,0.5830889091127198,constant,
1.0,171.385,171.396,861.2999877929688,490.20001220703125,873.5,444.5,96.0,10.99999999999568,47.300437773603285,constant,
1.0,171.457,171.466,882.7000122070312,419.1000061035156,878.5,454.3999938964844,72.9000015258789,9.000000000014552,35.548969615488915,constant,
1.0,171.504,171.516,875.9000244140625,445.8999938964844,871.2999877929688,446.8999938964844,78.0999984741211,12.000000000000455,4.707476703649589,constant,
1.0,171.615,171.633,860.4000244140625,481.8999938964844,860.7999877929688,501.6000061035156,66.19999694824219,18.000000000000682,19.704071956365933,constant,
1.0,171.744,171.751,866.2000122070312,504.70001220703125,866.5,529.7000122070312,56.79999923706055,7.000000000005002,25.001799788733816,constant,
1.0,171.848,171.878,864.2999877929688,518.7000122070312,743.5,595.5999755859375,132.0,29.999999999972715,143.20000495271822,constant,
1.0,172.099,172.146,745.5999755859375,564.7999877929688,367.79998779296875,521.5999755859375,232.10000610351562,46.999999999997044,380.2618464046255,constant,
1.0,172.434,172.487,374.79998779296875,520.0999755859375,997.0,449.8999938964844,394.0,52.99999999999727,626.1476603961955,constant,
1.0,172.888,172.943,970.5999755859375,477.20001220703125,469.5,468.29998779296875,257.79998779296875,55.00000000000682,501.17900591185787,constant,
1.0,173.181,173.205,494.29998779296875,461.1000061035156,355.1000061035156,472.6000061035156,141.5,24.00000000000091,139.67420986833642,constant,
1.0,173.437,173.488,342.70001220703125,483.29998779296875,772.5999755859375,647.7000122070312,301.29998779296875,50.99999999998772,460.26225843591527,constant,
1.0,173.76,173.794,757.2999877929688,653.7999877929688,976.5,590.2000122070312,174.3000030517578,34.000000000020236,228.2402292456229,constant,
1.0,174.046,174.314,973.7000122070312,586.2999877929688,1081.4000244140625,522.4000244140625,1007.4000244140625,268.0000000000007,125.2297806003837,constant,
1.0,174.408,174.423,1114.5999755859375,469.6000061035156,1106.9000244140625,445.70001220703125,66.80000305175781,15.00000000001478,25.10973827623955,constant,
1.0,174.578,174.61,1101.300048828125,467.79998779296875,917.7000122070312,485.6000061035156,132.5,32.00000000001069,184.4608741688133,constant,
1.0,174.996,175.017,889.0,497.3999938964844,820.7000122070312,572.2999877929688,117.0,20.999999999986585,101.36516866366414,constant,
1.0,175.366,175.39,819.0,590.0999755859375,961.5,535.0,187.39999389648438,23.999999999972488,152.78173094179456,constant,
1.0,175.813,175.828,965.2999877929688,544.5,986.2999877929688,585.7000122070312,77.0999984741211,15.00000000001478,46.243280656323726,constant,
1.0,176.296,176.32,988.2000122070312,588.9000244140625,1116.699951171875,613.2000122070312,127.80000305175781,24.00000000000091,130.77738229796083,constant,
1.0,176.572,176.603,1137.199951171875,616.5,1012.7999877929688,487.6000061035156,142.1999969482422,31.00000000000591,179.13838035213706,constant,
1.0,176.973,177.02,984.5999755859375,466.70001220703125,1434.300048828125,470.6000061035156,348.1000061035156,46.999999999997044,449.7169841427177,constant,
1.0,177.392,177.413,1435.0999755859375,483.79998779296875,1451.0,558.5999755859375,117.19999694824219,21.000000000015007,76.47122955854742,constant,
1.0,177.652,177.671,1454.5999755859375,582.7999877929688,1527.300048828125,575.2999877929688,84.80000305175781,19.000000000005457,73.08591279733344,constant,
1.0,178.078,178.116,1523.9000244140625,535.2999877929688,1338.800048828125,411.0,197.3000030517578,38.000000000010914,222.96297434158623,constant,
1.0,178.489,178.532,1331.199951171875,419.5,962.0,375.6000061035156,241.60000610351562,43.00000000000637,371.80077112537873,constant,
1.0,178.825,178.863,948.9000244140625,370.70001220703125,720.7000122070312,441.8999938964844,168.39999389648438,38.000000000010914,239.04954081501114,constant,
1.0,179.086,179.128,725.2000122070312,448.1000061035156,352.6000061035156,507.8999938964844,267.29998779296875,41.99999999997317,377.3682592486802,constant,
1.0,179.411,179.646,358.79998779296875,498.79998779296875,361.70001220703125,433.79998779296875,236.1999969482422,234.99999999998522,65.06466123482207,constant,
1.0,179.848,180.194,364.20001220703125,473.79998779296875,571.5,625.7000122070312,685.0999755859375,345.9999999999752,256.9959189480599,constant,
1.0,180.406,180.533,539.0,641.0,846.4000244140625,640.5,244.10000610351562,126.99999999998113,307.4004310500657,constant,
1.0,181.029,181.053,848.0999755859375,656.2000122070312,895.5999755859375,583.9000244140625,86.5999984741211,24.00000000000091,86.50744612380734,constant,
1.0,181.545,181.581,904.0999755859375,554.7999877929688,1166.300048828125,502.0,248.1999969482422,36.000000000001364,267.4634874504296,constant,
1.0,182.037,182.291,1171.5,509.6000061035156,1163.699951171875,556.7999877929688,115.4000015258789,253.99999999999068,47.84014039701226,constant,
1.0,182.316,182.358,1161.0,532.5,812.2999877929688,547.9000244140625,277.20001220703125,42.00000000000159,349.0399107052623,constant,
1.0,182.679,182.684,833.7999877929688,541.2999877929688,839.9000244140625,527.4000244140625,60.900001525878906,4.9999999999954525,15.17957274476524,constant,
1.0,182.931,182.975,846.7000122070312,508.70001220703125,531.2000122070312,526.0,195.0,43.99999999998272,315.9739539544943,constant,
1.0,183.298,183.327,535.9000244140625,514.0999755859375,750.4000244140625,551.2000122070312,222.10000610351562,28.999999999996362,217.68477833161992,constant,
1.0,183.38,183.41,771.2000122070312,572.4000244140625,771.9000244140625,573.2999877929688,91.0,30.000000000001137,1.1401540130022418,constant,
1.0,183.749,184.024,773.4000244140625,603.5999755859375,1017.2000122070312,482.3999938964844,1168.9000244140625,275.0000000000057,272.26433774803394,constant,
1.0,184.129,184.434,1026.9000244140625,428.79998779296875,1445.5,444.29998779296875,776.0,305.0000000000068,418.88684577168027,constant,
1.0,184.46,184.468,1456.800048828125,457.3999938964844,1455.9000244140625,422.8999938964844,76.4000015258789,7.999999999981355,34.511737770589136,constant,
1.0,184.595,184.603,1454.800048828125,437.1000061035156,1451.5999755859375,407.1000061035156,61.29999923706055,8.000000000009777,30.17019172553208,constant,
1.0,184.66,184.715,1458.5,441.1000061035156,937.0999755859375,484.0,269.0,55.00000000000682,523.161920379631,constant,
1.0,185.228,185.253,946.2999877929688,503.70001220703125,1057.699951171875,559.5,117.9000015258789,24.999999999977263,124.59370160051076,constant,
1.0,186.386,186.417,1121.699951171875,487.8999938964844,992.2999877929688,449.0,98.0999984741211,31.00000000000591,135.12053895544082,constant,
1.0,186.985,187.023,981.0,478.20001220703125,764.7999877929688,533.5,142.0,37.99999999998249,223.16033233579608,constant,
1.0,187.319,187.341,776.0,517.5999755859375,866.2000122070312,559.7999877929688,113.69999694824219,22.00000000001978,99.58354900495449,constant,
1.0,187.959,188.017,867.5999755859375,582.5999755859375,1287.800048828125,593.5,342.8999938964844,57.999999999992724,420.3414232323135,constant,
1.0,188.127,188.247,1273.0999755859375,572.7999877929688,1273.0,577.5,89.4000015258789,120.00000000000455,4.701075394420548,constant,
1.0,188.395,188.783,1268.0999755859375,617.2999877929688,1051.300048828125,483.29998779296875,970.2000122070312,387.9999999999768,254.86900212107565,constant,
1.0,188.831,188.876,1065.5999755859375,474.1000061035156,648.0999755859375,489.1000061035156,309.70001220703125,45.000000000015916,417.7693741767101,constant,
1.0,189.15,189.187,649.5999755859375,508.6000061035156,363.5,481.79998779296875,215.3000030517578,37.00000000000614,287.35246129399985,constant,
1.0,189.429,189.467,354.6000061035156,513.5,572.2000122070312,674.4000244140625,189.39999389648438,38.000000000010914,270.626274616298,constant,
1.0,189.769,189.778,575.9000244140625,670.0999755859375,537.7999877929688,675.2999877929688,76.9000015258789,8.99999999998613,38.453256266302844,constant,
1.0,190.084,190.364,524.7999877929688,665.5,880.4000244140625,473.1000061035156,451.1000061035156,280.00000000000114,404.31317526923414,constant,
1.0,190.434,190.456,881.4000244140625,450.5,867.2000122070312,493.29998779296875,94.30000305175781,21.99999999999136,45.094116043649315,constant,
1.0,190.714,190.731,863.2000122070312,551.0,851.2000122070312,498.3999938964844,62.5,16.999999999995907,53.951465615772484,constant,
1.0,190.904,190.927,830.2999877929688,510.8999938964844,954.7999877929688,452.79998779296875,176.6999969482422,22.999999999996135,137.389449046237,constant,
1.0,191.188,191.247,966.7999877929688,456.6000061035156,1471.800048828125,456.6000061035156,318.20001220703125,59.00000000002592,505.00006103515625,constant,
1.0,191.637,191.655,1438.199951171875,495.1000061035156,1379.800048828125,452.5,83.0,18.000000000000682,72.28629962710157,constant,
1.0,192.14,192.153,1376.199951171875,421.1000061035156,1366.0,383.20001220703125,54.900001525878906,13.00000000000523,39.248548269486186,constant,
1.0,192.405,192.456,1369.4000244140625,377.0,873.2999877929688,327.8999938964844,319.5,50.99999999998772,498.52387799865295,constant,
1.0,192.704,192.743,873.4000244140625,324.29998779296875,614.9000244140625,304.1000061035156,164.60000610351562,38.99999999998727,259.2880430337162,constant,
1.0,193.179,193.196,606.7999877929688,294.29998779296875,584.2999877929688,267.8999938964844,44.79999923706055,16.999999999995907,34.68731292179336,constant,
1.0,193.397,193.425,583.0,240.10000610351562,757.2999877929688,329.3999938964844,182.60000610351562,28.00000000002001,195.84425844137843,constant,
1.0,193.798,193.822,767.4000244140625,339.79998779296875,655.0999755859375,422.79998779296875,141.10000610351562,24.00000000000091,139.64347806753904,constant,
1.0,194.13,194.155,639.4000244140625,438.20001220703125,609.2999877929688,347.20001220703125,75.9000015258789,25.000000000005684,95.8489029910681,constant,
1.0,194.704,194.909,841.7999877929688,585.0999755859375,845.2999877929688,546.5999755859375,88.9000015258789,204.99999999998408,38.658763560155414,,
1.0,196.249,196.307,852.7000122070312,589.2999877929688,613.5,241.8000030517578,214.0,57.999999999992724,421.86832689239156,constant,
1.0,196.509,196.526,594.9000244140625,272.6000061035156,584.2999877929688,234.8000030517578,47.599998474121094,17.00000000002433,39.258133005549674,constant,
1.0,196.826,196.888,576.5,239.5,883.2999877929688,596.0,212.1999969482422,62.00000000001182,470.3386891483261,constant,
1.0,197.015,197.026,867.4000244140625,588.0,850.5999755859375,619.5999755859375,65.0,11.000000000024102,35.78826759790463,constant,
1.0,198.179,198.22,820.4000244140625,603.0,821.4000244140625,603.0,60.900001525878906,40.99999999999682,1.0,constant,
1.0,198.263,198.28,826.2999877929688,596.5999755859375,828.2000122070312,584.0,82.5999984741211,16.999999999995907,12.742428243480699,constant,
1.0,198.321,198.502,830.0999755859375,590.0999755859375,841.7999877929688,527.2000122070312,138.3000030517578,181.0000000000116,63.9788690015104,constant,
1.0,198.54,198.884,843.7999877929688,535.2000122070312,850.2000122070312,528.9000244140625,637.5,343.9999999999941,8.980543340586431,constant,
1.0,199.083,199.103,851.0,580.4000244140625,878.5,637.7000122070312,71.5,20.000000000010232,63.55736464859417,constant,
1.0,199.213,199.221,866.0999755859375,682.2000122070312,867.7999877929688,657.2000122070312,52.79999923706055,8.000000000009777,25.057734165404007,constant,
1.0,199.441,199.482,862.2999877929688,661.5,859.0,682.5999755859375,70.0999984741211,40.99999999999682,21.356471833168072,constant,
1.0,199.51,199.526,864.0,689.2000122070312,864.0,685.4000244140625,78.5,16.000000000019554,3.79998779296875,constant,
1.0,199.598,199.615,862.2999877929688,691.7999877929688,866.2999877929688,669.7000122070312,77.5999984741211,16.999999999995907,22.459049866346383,constant,
1.0,199.729,199.832,869.7000122070312,686.5999755859375,873.2999877929688,687.5,59.0,102.99999999998022,3.710777299334277,constant,
1.0,199.952,200.071,873.5,670.7999877929688,877.2999877929688,640.0,70.5,118.99999999999977,31.03351664368277,constant,
1.0,200.096,200.12,874.4000244140625,660.2000122070312,862.5999755859375,642.5999755859375,69.80000305175781,24.00000000000091,21.189677708968944,constant,
1.0,203.438,203.556,850.9000244140625,564.0,961.5,709.2000122070312,774.0,118.00000000002342,182.52506168888698,constant,
1.0,203.653,203.66,982.2000122070312,654.2000122070312,985.7999877929688,630.9000244140625,67.19999694824219,7.000000000005002,23.576455530292055,constant,
1.0,203.818,203.924,955.5,698.0,939.4000244140625,737.4000244140625,93.0,105.99999999999454,42.5625555823015,constant,
1.0,204.36,204.388,913.7000122070312,761.4000244140625,851.0,626.0999755859375,155.1999969482422,27.999999999991587,149.12208000043077,constant,
1.0,204.451,204.455,844.7999877929688,572.2999877929688,841.5999755859375,575.5,63.599998474121094,4.000000000019099,4.525500662943054,constant,
1.0,204.501,204.518,845.0,565.2999877929688,842.9000244140625,578.0999755859375,60.599998474121094,16.999999999995907,12.971105772511555,constant,
1.0,204.555,204.608,843.5999755859375,557.5999755859375,842.0,594.7000122070312,102.0,52.99999999999727,37.13452085542634,constant,
1.0,204.969,204.994,849.2000122070312,584.0999755859375,851.0,583.5,77.4000015258789,25.000000000005684,1.8973472951880892,constant,
1.0,205.062,205.074,850.0999755859375,594.0,850.9000244140625,579.4000244140625,74.0,12.000000000000455,14.621879675245424,constant,
1.0,205.133,205.178,855.7000122070312,588.5,852.5,588.0999755859375,58.599998474121094,44.999999999987494,3.2249182403582046,constant,
1.0,205.3,205.632,841.0999755859375,595.0,889.2000122070312,458.3999938964844,537.7999877929688,331.99999999999363,144.8211835003121,constant,
1.0,205.674,205.682,880.7999877929688,493.8999938964844,873.7000122070312,535.5,91.5999984741211,7.999999999981355,42.201542165345636,constant,
1.0,207.467,207.922,842.4000244140625,574.4000244140625,874.0,546.2999877929688,888.5999755859375,454.9999999999841,42.28676524799049,constant,
1.0,208.206,208.246,831.7000122070312,576.7999877929688,935.7999877929688,646.0999755859375,127.69999694824219,40.000000000020464,125.0571598314083,constant,
1.0,208.382,208.415,924.0,674.7999877929688,924.5,649.2999877929688,72.69999694824219,32.99999999998704,25.5049014897137,constant,
1.0,208.486,208.508,920.5,678.7999877929688,924.2000122070312,666.2000122070312,53.29999923706055,22.00000000001978,13.132001945567984,constant,
1.0,208.554,208.597,922.7999877929688,636.7999877929688,864.2999877929688,603.2000122070312,83.0999984741211,43.00000000000637,67.46264417717109,constant,
1.0,210.231,210.617,795.9000244140625,566.4000244140625,813.9000244140625,481.79998779296875,687.2000122070312,385.9999999999957,86.49373501179379,constant,
1.0,211.397,211.403,812.7999877929688,570.2000122070312,834.4000244140625,580.2000122070312,58.400001525878906,6.000000000000227,23.802554107334597,constant,
1.0,212.932,212.939,815.2999877929688,577.7000122070312,838.0999755859375,576.4000244140625,53.900001525878906,7.000000000005002,22.837018448593323,constant,
1.0,213.803,214.333,804.2000122070312,593.4000244140625,886.5,559.0999755859375,637.0999755859375,530.0000000000011,89.1615463096876,constant,
1.0,214.384,214.388,883.0999755859375,563.0,872.5999755859375,583.2999877929688,45.79999923706055,4.000000000019099,22.854747961740472,constant,
1.0,215.002,215.56,883.7999877929688,587.4000244140625,864.0,484.6000061035156,575.4000244140625,557.9999999999927,104.6894611756622,constant,
1.0,217.125,217.134,817.4000244140625,605.4000244140625,817.2999877929688,583.7999877929688,52.599998474121094,8.99999999998613,21.60026827051347,,
1.0,217.19,217.203,825.0,563.7000122070312,821.2999877929688,577.9000244140625,70.19999694824219,13.00000000000523,14.674141781106545,,
1.0,218.638,218.645,839.4000244140625,544.7999877929688,853.0,545.9000244140625,36.0,7.000000000005002,13.644391393750158,passive,
1.0,218.809,218.818,867.0,563.5999755859375,898.0999755859375,553.5999755859375,65.5999984741211,9.000000000014552,32.668156994937874,passive,
1.0,219.169,219.35,917.0999755859375,552.2000122070312,557.5,529.0999755859375,429.0,180.99999999998317,360.3411635288185,passive,
1.0,219.526,219.574,561.0,548.7999877929688,962.7999877929688,537.2000122070312,275.5,48.00000000000182,401.9673987079353,passive,
1.0,219.856,219.876,953.0999755859375,577.5,866.4000244140625,558.5999755859375,121.19999694824219,20.000000000010232,88.73608316833501,passive,
1.0,220.083,220.087,840.5999755859375,558.0,839.0,577.2999877929688,50.70000076293945,3.9999999999906777,19.36619350012642,passive,
1.0,220.436,220.47,833.0999755859375,581.7999877929688,835.5,579.0,82.9000015258789,33.999999999991815,3.6878244032044227,passive,
1.0,220.507,220.565,835.9000244140625,574.9000244140625,833.2000122070312,554.7000122070312,78.5,57.999999999992724,20.37966042607995,passive,
1.0,220.799,220.817,831.9000244140625,561.0,863.7999877929688,497.8999938964844,81.9000015258789,18.000000000000682,70.70515139534933,passive,
1.0,221.056,221.066,879.7999877929688,510.29998779296875,909.5,514.0,55.400001525878906,9.999999999990905,29.92959764898261,passive,
1.0,221.341,221.352,906.0,539.2000122070312,873.7999877929688,551.5,60.29999923706055,10.99999999999568,34.46926871635286,passive,
1.0,221.785,221.796,870.7000122070312,534.4000244140625,908.7999877929688,519.2000122070312,75.69999694824219,10.99999999999568,41.020098863154054,passive,
1.0,222.087,222.096,905.7999877929688,504.3999938964844,875.2999877929688,505.0,62.70000076293945,9.000000000014552,30.50590118852836,passive,
1.0,222.33,222.352,873.0999755859375,505.3999938964844,820.5999755859375,575.9000244140625,102.69999694824219,21.99999999999136,87.90053642031684,passive,
1.0,223.333,223.359,831.9000244140625,551.2999877929688,698.9000244140625,537.4000244140625,117.80000305175781,26.00000000001046,133.7243769173554,passive,
1.0,223.704,223.883,670.9000244140625,534.2000122070312,891.5,476.3999938964844,417.3999938964844,179.00000000000205,228.0464675131272,passive,
1.0,223.908,224.228,896.0,470.1000061035156,771.0,498.5,869.2000122070312,320.0000000000216,128.1856452701329,passive,
1.0,224.494,224.515,761.7999877929688,544.0999755859375,838.2000122070312,525.7000122070312,97.4000015258789,20.999999999986585,78.58449199946791,passive,
1.0,224.941,225.013,836.4000244140625,549.5999755859375,831.7000122070312,554.7000122070312,67.19999694824219,72.00000000000273,6.935451555792176,passive,
1.0,225.175,225.179,834.4000244140625,552.7000122070312,831.7000122070312,579.7000122070312,75.30000305175781,3.9999999999906777,27.13466539167413,passive,
1.0,225.417,225.443,834.5999755859375,577.2999877929688,745.7000122070312,517.0,121.0999984741211,26.00000000001046,107.4210967017329,passive,
1.0,225.7,225.726,696.5,498.0,570.4000244140625,498.79998779296875,110.30000305175781,26.00000000001046,126.10251315197065,passive,
1.0,226.014,226.038,534.7999877929688,499.3999938964844,647.2999877929688,515.2999877929688,112.5,24.00000000000091,113.6180434874155,passive,
1.0,226.349,226.391,657.5,500.0,973.0,621.0,231.10000610351562,42.00000000000159,337.90716180631625,passive,
1.0,226.607,226.761,969.7000122070312,642.4000244140625,685.5,539.7000122070312,207.6999969482422,153.99999999999636,302.18692798630633,passive,
1.0,226.791,226.814,680.5,542.5,798.4000244140625,604.7000122070312,156.6999969482422,22.999999999996135,133.30137762000575,passive,
1.0,227.515,227.658,806.2000122070312,565.4000244140625,812.0,540.9000244140625,86.5,143.00000000000068,25.177169388129922,passive,
1.0,227.69,227.782,812.5999755859375,558.5999755859375,644.9000244140625,428.20001220703125,127.30000305175781,92.00000000001296,212.4321634599369,passive,
1.0,228.171,228.191,632.4000244140625,414.6000061035156,556.2000122070312,395.8999938964844,88.4000015258789,20.000000000010232,78.46102418968815,passive,
1.0,228.4,228.453,537.7999877929688,386.6000061035156,998.0,591.2999877929688,294.20001220703125,52.99999999999727,503.6726454146722,passive,
1.0,228.678,228.705,982.0999755859375,570.7999877929688,836.2000122070312,551.2000122070312,166.39999389648438,27.000000000015234,147.21059186395362,passive,
1.0,229.335,229.363,808.7000122070312,587.2000122070312,813.7999877929688,575.2000122070312,81.80000305175781,27.999999999991587,13.038778737947759,passive,
1.0,229.522,229.545,820.9000244140625,546.7999877929688,699.0999755859375,593.5,148.0,22.999999999996135,130.44593912679116,passive,
1.0,230.012,230.064,683.5999755859375,651.9000244140625,1236.4000244140625,603.7999877929688,293.5,51.9999999999925,554.8887343489034,passive,
1.0,230.329,230.368,1212.5,604.2999877929688,894.7000122070312,527.9000244140625,233.1999969482422,38.99999999998727,326.8543814078516,passive,
1.0,230.637,230.667,884.5999755859375,517.4000244140625,711.7999877929688,568.0999755859375,226.3000030517578,30.000000000001137,180.08420483229688,passive,
1.0,230.765,230.788,696.4000244140625,585.7999877929688,694.5999755859375,591.9000244140625,85.0,23.000000000024556,6.3600803896113645,passive,
1.0,230.89,230.935,695.9000244140625,604.5999755859375,812.4000244140625,563.5999755859375,173.0,45.000000000015916,123.50404851663771,passive,
1.0,230.991,231.073,831.2999877929688,572.4000244140625,828.2000122070312,562.7000122070312,84.9000015258789,81.99999999999363,10.183323890064766,passive,
1.0,231.117,231.522,822.0,572.0,826.0999755859375,499.6000061035156,995.5999755859375,405.00000000000114,72.51599076077123,passive,
1.0,231.886,231.911,817.2999877929688,583.2999877929688,828.4000244140625,421.6000061035156,153.39999389648438,25.000000000005684,162.08051977754482,passive,
1.0,232.083,232.099,829.5999755859375,398.20001220703125,827.2999877929688,338.0,81.9000015258789,15.999999999991132,60.24393258722837,passive,
1.0,232.67,232.741,828.2000122070312,327.20001220703125,826.7999877929688,626.9000244140625,164.1999969482422,71.00000000002638,299.703282239709,passive,
1.0,232.845,232.875,831.0,606.0999755859375,830.4000244140625,626.5999755859375,64.0,30.000000000001137,20.508777893958506,passive,
1.0,233.496,233.517,818.2000122070312,601.9000244140625,871.5,555.5999755859375,109.4000015258789,20.999999999986585,70.60158086202728,passive,
1.0,233.761,233.776,862.9000244140625,558.5999755859375,864.4000244140625,559.2000122070312,79.9000015258789,15.00000000001478,1.6155630432309365,passive,
1.0,233.988,234.017,846.5,594.2999877929688,666.0,588.4000244140625,142.5,28.999999999996362,180.596399653682,passive,
1.0,234.647,234.671,642.0999755859375,590.5,782.5,616.2000122070312,149.8000030517578,24.00000000000091,142.7328185208675,passive,
1.0,235.336,235.364,818.4000244140625,558.0999755859375,817.5999755859375,566.5,89.0999984741211,27.999999999991587,8.438038177457496,passive,
1.0,236.723,236.74,810.2000122070312,575.0,807.2000122070312,583.7999877929688,86.5,16.999999999995907,9.297299885256956,passive,
1.0,236.911,236.929,813.7999877929688,574.4000244140625,818.9000244140625,549.5999755859375,54.599998474121094,18.000000000000682,25.319020427612944,passive,
1.0,236.949,237.014,819.0999755859375,551.7999877929688,815.0,546.0,85.5,64.99999999999773,7.102792282185229,passive,
1.0,237.367,237.389,821.7999877929688,518.9000244140625,825.7000122070312,534.2000122070312,67.80000305175781,22.00000000001978,15.789231041924628,passive,
1.0,237.417,237.425,825.2999877929688,510.6000061035156,829.7000122070312,533.2000122070312,51.20000076293945,8.000000000009777,23.024345609013288,passive,
1.0,237.49,237.524,824.7999877929688,528.7000122070312,755.2000122070312,503.29998779296875,84.0999984741211,33.999999999991815,74.08993077198862,passive,
1.0,237.734,238.07,717.2000122070312,519.5,685.2000122070312,441.70001220703125,644.7000122070312,335.9999999999843,84.12394487056635,passive,
1.0,238.106,238.111,690.4000244140625,429.1000061035156,684.4000244140625,437.6000061035156,65.5,4.9999999999954525,10.404326023342406,passive,
1.0,238.245,238.275,677.0999755859375,475.5,870.2000122070312,504.3999938964844,193.6999969482422,30.000000000001137,195.25069472420472,passive,
1.0,238.667,238.682,889.2999877929688,510.3999938964844,822.2000122070312,540.9000244140625,106.5999984741211,14.999999999986358,73.70657084145623,passive,
1.0,239.672,239.697,830.2999877929688,545.2000122070312,818.0,391.1000061035156,151.89999389648438,25.000000000005684,154.59010828901935,passive,
1.0,240.296,240.412,818.0,374.6000061035156,601.0999755859375,567.7999877929688,201.0,116.00000000001387,290.46833478991465,passive,
1.0,240.442,240.535,604.5,566.2999877929688,608.4000244140625,568.0,91.4000015258789,92.99999999998931,4.254436735261063,passive,
1.0,240.572,240.592,610.0999755859375,555.0,610.2000122070312,555.0999755859375,67.4000015258789,20.000000000010232,0.14142999449692753,passive,
1.0,240.641,240.672,610.7000122070312,593.5999755859375,831.0,563.4000244140625,227.1999969482422,31.00000000000591,222.36034195055066,passive,
1.0,241.669,241.692,828.5,566.7000122070312,830.5,558.5999755859375,99.5,22.999999999996135,8.343296306799841,passive,
1.0,241.74,241.751,829.0,573.5,828.5999755859375,557.2000122070312,94.80000305175781,10.99999999999568,16.30489563237914,passive,
1.0,241.879,242.135,830.5,538.2000122070312,849.7999877929688,544.7000122070312,118.5999984741211,256.0000000000002,20.36515477006602,passive,
1.0,242.428,242.446,868.2000122070312,478.1000061035156,837.0,523.0999755859375,77.0999984741211,18.000000000000682,54.757994988291884,passive,
1.0,242.613,242.695,835.0999755859375,515.2999877929688,832.4000244140625,553.4000244140625,94.69999694824219,81.99999999999363,38.195582556876836,passive,
1.0,242.8,243.028,826.0,588.2000122070312,833.0,531.7000122070312,120.69999694824219,227.99999999998022,56.931976954959154,passive,
1.0,243.069,243.096,831.7000122070312,543.2000122070312,829.5999755859375,545.4000244140625,61.70000076293945,27.000000000015234,3.0414153812035223,passive,
1.0,243.53,243.602,808.2999877929688,546.9000244140625,785.7000122070312,591.7999877929688,69.0,72.00000000000273,50.26694349084787,passive,
1.0,244.041,244.065,789.9000244140625,597.0999755859375,875.7000122070312,574.9000244140625,80.0,24.00000000000091,88.6254801809684,passive,
1.0,244.565,244.578,878.2999877929688,539.2999877929688,838.0999755859375,546.7000122070312,66.0999984741211,13.00000000000523,40.875436912333825,passive,
1.0,245.049,245.179,809.0,591.4000244140625,816.7999877929688,573.9000244140625,90.69999694824219,129.99999999999545,19.159587927992124,passive,
1.0,245.242,245.263,818.0999755859375,579.0999755859375,821.2000122070312,569.2000122070312,65.69999694824219,21.000000000015007,10.373981972020541,passive,
1.0,245.437,245.453,806.5,567.5,777.9000244140625,594.7999877929688,50.599998474121094,15.999999999991132,39.537930358232764,passive,
1.0,245.663,245.709,753.9000244140625,623.7000122070312,742.5,687.2000122070312,97.19999694824219,45.99999999999227,64.51519632335642,passive,
1.0,245.759,246.028,741.7999877929688,693.5,693.2000122070312,830.5,648.0,269.00000000000546,145.36491195248502,passive,
1.0,246.2,246.234,707.5999755859375,825.5,792.5,627.7000122070312,161.8000030517578,34.000000000020236,215.250666239171,passive,
1.0,246.322,246.347,787.5,572.0,783.0999755859375,606.5,74.19999694824219,25.000000000005684,34.77945104288373,passive,
1.0,246.455,246.47,779.0999755859375,610.7999877929688,780.0999755859375,609.7000122070312,81.5,14.999999999986358,1.486588809879365,passive,
1.0,246.505,246.521,778.5,591.5999755859375,779.9000244140625,606.2000122070312,66.0,15.999999999991132,14.667008478120193,passive,
1.0,246.667,246.672,778.9000244140625,523.4000244140625,778.0999755859375,551.7999877929688,64.0999984741211,4.9999999999954525,28.411230139693007,passive,
1.0,247.285,247.308,794.4000244140625,565.4000244140625,796.7000122070312,569.7999877929688,53.099998474121094,22.999999999996135,4.964838525422691,passive,
1.0,248.219,248.24,822.7000122070312,539.5,733.0,527.5999755859375,97.4000015258789,21.000000000015007,90.48592581720563,passive,
1.0,248.643,248.652,696.0999755859375,526.7000122070312,689.2999877929688,567.7999877929688,79.0999984741211,8.99999999998613,41.658706498752245,passive,
1.0,248.684,248.734,688.0,569.2999877929688,688.0,569.2000122070312,87.5,50.00000000001137,0.0999755859375,passive,
1.0,249.211,249.237,689.0,573.0999755859375,694.7000122070312,540.5999755859375,80.80000305175781,25.999999999982037,32.99606247963998,passive,
1.0,249.264,249.288,689.4000244140625,559.9000244140625,790.4000244140625,621.5999755859375,107.0,24.00000000000091,118.3549068463651,passive,
1.0,249.786,249.812,802.0999755859375,600.0,801.7000122070312,588.7000122070312,63.79999923706055,26.00000000001046,11.307063934802388,passive,
1.0,250.493,250.533,819.2999877929688,564.9000244140625,818.5,586.5,68.5,39.99999999999204,21.614784888635718,passive,
1.0,250.579,250.601,817.5999755859375,594.2999877929688,820.4000244140625,583.9000244140625,68.5999984741211,21.99999999999136,10.770306946530136,passive,
1.0,250.82,250.835,821.0,566.5,823.9000244140625,543.7000122070312,65.4000015258789,15.00000000001478,22.983680840145745,passive,
1.0,252.284,252.767,810.9000244140625,566.7000122070312,832.9000244140625,494.6000061035156,738.0,483.0000000000041,75.38176755772572,passive,
1.0,255.723,255.761,836.9000244140625,571.0,618.7000122070312,470.20001220703125,146.60000610351562,37.99999999998249,240.35782256088783,passive,
1.0,256.109,256.142,582.9000244140625,468.6000061035156,495.8999938964844,408.20001220703125,82.0,33.00000000001546,105.9111163795136,passive,
1.0,256.418,256.772,822.7999877929688,568.0,835.9000244140625,434.6000061035156,465.29998779296875,353.999999999985,134.0416701293149,,
1.0,256.931,257.4,823.4000244140625,512.4000244140625,871.2999877929688,421.79998779296875,1395.9000244140625,468.9999999999941,102.48303824264818,passive,
1.0,257.433,257.458,875.9000244140625,436.70001220703125,858.9000244140625,491.3999938964844,93.9000015258789,25.000000000034106,57.280782089864196,passive,
1.0,257.603,257.623,848.5999755859375,520.5999755859375,845.5,501.6000061035156,79.30000305175781,19.99999999998181,19.25119967602983,passive,
1.0,257.809,257.837,850.7999877929688,509.70001220703125,888.0,627.7999877929688,102.5999984741211,27.999999999963165,123.8202129767281,passive,
1.0,258.076,258.189,865.7999877929688,630.2999877929688,868.0,660.4000244140625,98.80000305175781,112.99999999999955,30.180328995925002,passive,
1.0,258.501,258.531,857.5999755859375,690.5,737.0,560.0,205.6999969482422,30.00000000002956,177.69244247105368,passive,
1.0,258.625,258.767,709.2999877929688,523.2000122070312,711.7999877929688,556.0999755859375,110.5999984741211,141.9999999999959,32.994811566871725,passive,
1.0,258.86,258.982,713.5999755859375,563.4000244140625,809.2000122070312,564.5999755859375,161.6999969482422,122.0000000000141,95.60756708947964,passive,
1.0,259.013,259.113,802.2000122070312,578.7000122070312,806.2999877929688,531.2000122070312,94.0999984741211,100.00000000002274,47.6766169081373,passive,
1.0,259.146,259.207,806.2000122070312,551.7000122070312,812.0999755859375,525.9000244140625,88.0999984741211,60.99999999997863,26.46599588131479,passive,
1.0,259.3,259.319,818.0999755859375,518.2000122070312,818.5999755859375,533.0,63.099998474121094,19.000000000005457,14.808431337316724,passive,
1.0,259.794,259.831,827.7999877929688,530.5,1128.5999755859375,505.1000061035156,231.1999969482422,37.00000000003456,301.8704893595788,passive,
1.0,260.776,260.879,1133.9000244140625,511.5,811.0,469.29998779296875,183.5,103.00000000000864,325.6459224324416,passive,
1.0,260.915,260.923,815.5,479.70001220703125,813.5,516.2999877929688,80.80000305175781,7.999999999981355,36.65457969873916,passive,
1.0,261.817,261.894,830.5999755859375,545.9000244140625,1102.0999755859375,567.5,205.39999389648438,76.99999999999818,272.35786925534774,passive,
1.0,262.241,262.276,1108.5999755859375,582.5999755859375,870.4000244140625,500.6000061035156,177.5,35.00000000002501,251.9190579003537,passive,
1.0,262.568,262.582,850.2000122070312,498.0,842.5999755859375,531.0999755859375,52.400001525878906,14.000000000010004,33.96128590662646,passive,
1.0,263.675,263.699,838.7000122070312,556.0999755859375,934.2999877929688,567.2000122070312,98.19999694824219,24.00000000000091,96.2422264134692,passive,
1.0,263.899,263.905,943.4000244140625,580.5,944.9000244140625,600.5999755859375,55.29999923706055,5.999999999971806,20.155868092326948,passive,
1.0,264.018,264.053,944.0,609.0999755859375,697.5999755859375,535.7999877929688,189.89999389648438,35.00000000002501,257.0717025300528,passive,
1.0,264.419,264.447,673.0,525.5,844.0,547.0,153.60000610351562,28.00000000002001,172.34630834456536,passive,
1.0,265.537,265.579,829.0,536.2000122070312,540.7999877929688,560.0,214.6999969482422,42.00000000003001,289.1810617158019,passive,
1.0,265.888,265.924,553.9000244140625,561.5,827.4000244140625,530.9000244140625,275.29998779296875,36.000000000001364,275.20648340084574,passive,
1.0,267.236,267.308,823.5,545.7999877929688,1076.699951171875,518.5999755859375,207.8000030517578,72.00000000000273,254.65674139418053,passive,
1.0,267.34,267.366,1072.9000244140625,512.7000122070312,1074.699951171875,546.7999877929688,105.5999984741211,26.00000000001046,34.14744604351873,passive,
1.0,267.544,267.57,1074.5,565.0,906.2999877929688,543.2999877929688,180.10000610351562,26.00000000001046,169.59402889320947,passive,
1.0,269.159,269.178,881.4000244140625,524.7000122070312,834.2000122070312,516.7999877929688,61.0,19.000000000005457,47.85657256936274,passive,
1.0,270.216,270.25,827.7999877929688,573.2000122070312,679.4000244140625,540.4000244140625,141.10000610351562,33.999999999991815,151.981539438445,passive,
1.0,270.435,270.448,668.7000122070312,560.0,683.7999877929688,520.4000244140625,77.9000015258789,12.999999999976808,42.38121434200246,passive,
1.0,270.477,270.736,675.0,508.8999938964844,636.2000122070312,448.5,596.2999877929688,259.00000000001455,71.78856674589537,passive,
1.0,271.047,271.079,598.4000244140625,494.20001220703125,797.2999877929688,496.6000061035156,214.1999969482422,31.999999999982265,198.91444241892899,passive,
1.0,271.427,271.446,794.0999755859375,510.8999938964844,831.7000122070312,557.5,82.4000015258789,19.000000000005457,59.877569445956006,passive,
1.0,274.343,274.366,837.0999755859375,553.4000244140625,858.5999755859375,469.3999938964844,86.9000015258789,22.999999999967713,86.70787234706002,passive,
1.0,274.867,274.89,862.2999877929688,439.70001220703125,896.9000244140625,305.29998779296875,168.1999969482422,22.999999999967713,138.78230829857827,passive,
1.0,275.174,275.58,921.7000122070312,232.1999969482422,883.7000122070312,471.3999938964844,711.7000122070312,406.0000000000059,242.19958410376984,passive,
1.0,276.252,276.28,827.9000244140625,569.7999877929688,640.2999877929688,575.9000244140625,186.60000610351562,27.999999999963165,187.69918536587846,passive,
1.0,276.488,276.563,619.2000122070312,551.2999877929688,711.0999755859375,180.60000610351562,207.1999969482422,74.99999999998863,381.92156222659804,passive,
1.0,276.912,276.968,701.7999877929688,213.1999969482422,779.0999755859375,558.5,168.0,56.00000000004002,353.84654897333263,passive,
1.0,277.187,277.207,778.7999877929688,522.2000122070312,833.5,593.7999877929688,125.0999984741211,19.99999999998181,90.10353954954385,passive,
1.0,277.538,277.553,818.9000244140625,587.2999877929688,820.9000244140625,581.7000122070312,61.79999923706055,14.999999999986358,5.946404507187183,passive,
1.0,277.725,277.737,826.2999877929688,582.2999877929688,824.0,563.4000244140625,64.19999694824219,12.000000000000455,19.039394937124516,passive,
1.0,278.093,278.115,841.0999755859375,524.0999755859375,841.2000122070312,514.2999877929688,61.599998474121094,21.99999999999136,9.800498358139567,passive,
1.0,278.349,278.378,848.7000122070312,541.4000244140625,1027.199951171875,487.3999938964844,155.10000610351562,28.999999999996362,186.48922624739564,passive,
1.0,278.924,278.928,1033.4000244140625,470.20001220703125,1034.5999755859375,462.20001220703125,39.79999923706055,4.000000000019099,8.089492123420616,passive,
1.0,279.029,279.065,1035.300048828125,448.70001220703125,852.0,536.0,165.0,36.000000000001364,203.0275739131153,passive,
1.0,279.402,279.425,840.5,532.2999877929688,839.7000122070312,543.0999755859375,85.5,23.000000000024556,10.829576021117957,passive,
1.0,279.498,279.521,840.9000244140625,537.2000122070312,842.2999877929688,532.0,85.80000305175781,23.000000000024556,5.385167074061177,passive,
1.0,279.761,279.771,847.2999877929688,520.9000244140625,844.2000122070312,533.2999877929688,46.5,9.999999999990905,12.781585990463963,passive,
1.0,279.886,279.926,847.2999877929688,512.7999877929688,646.0999755859375,506.1000061035156,158.10000610351562,39.99999999996362,201.31153634789172,passive,
1.0,280.215,280.29,630.0,503.3999938964844,283.6000061035156,522.0999755859375,199.10000610351562,75.00000000004547,346.90437455683707,passive,
1.0,280.523,280.596,287.6000061035156,525.2000122070312,634.0,622.2000122070312,242.0,72.99999999997908,359.7248334094887,passive,
1.0,281.026,281.051,847.5999755859375,559.4000244140625,847.7000122070312,551.7000122070312,81.4000015258789,24.999999999977263,7.700662004918156,,
1.0,281.44,281.778,843.9000244140625,567.2999877929688,854.5,409.1000061035156,405.3999938964844,338.0000000000223,158.55470251293644,passive,
1.0,281.809,281.833,846.2999877929688,437.20001220703125,832.7000122070312,488.20001220703125,86.69999694824219,24.00000000000091,52.7821876766973,passive,
1.0,282.35,282.385,850.7000122070312,537.2999877929688,637.2999877929688,441.5,160.39999389648438,34.99999999996817,233.91709659846464,passive,
1.0,282.648,282.66,628.0,443.20001220703125,637.0,405.6000061035156,64.80000305175781,12.000000000000455,38.66213210603384,passive,
1.0,283.827,284.238,641.9000244140625,395.8999938964844,822.9000244140625,430.6000061035156,524.7999877929688,411.00000000000136,184.29620410406753,passive,
1.0,284.505,284.522,816.9000244140625,450.29998779296875,875.4000244140625,413.3999938964844,90.19999694824219,16.999999999995907,69.16545054838133,passive,
1.0,284.733,284.768,876.5,409.1000061035156,1036.199951171875,586.5999755859375,177.10000610351562,34.99999999996817,238.7683261459944,passive,
1.0,284.872,284.893,1030.5,580.0999755859375,1025.0999755859375,590.0999755859375,70.80000305175781,20.999999999958163,11.364869716475901,passive,
1.0,284.917,284.966,1029.5999755859375,573.5999755859375,879.9000244140625,818.0999755859375,178.60000610351562,49.000000000035016,286.6885511855361,passive,
1.0,285.044,285.064,879.2000122070312,803.0,874.5,799.7999877929688,104.9000015258789,20.000000000038654,5.685964550662603,passive,
1.0,285.127,285.182,880.5,796.7999877929688,904.4000244140625,384.6000061035156,206.89999389648438,55.00000000000682,412.8922814388497,passive,
1.0,285.701,285.728,890.0999755859375,419.1000061035156,816.0999755859375,470.1000061035156,77.30000305175781,26.999999999986812,89.87213138676528,passive,
1.0,285.753,285.799,848.7999877929688,508.3999938964844,831.9000244140625,542.4000244140625,80.0,45.99999999999227,37.96855063608059,passive,
1.0,286.606,286.636,837.9000244140625,551.2000122070312,611.7000122070312,556.7000122070312,205.6999969482422,30.00000000002956,226.26686792913603,passive,
1.0,286.987,287.046,597.9000244140625,527.0,969.7000122070312,597.9000244140625,225.8000030517578,58.99999999996908,378.49972838136404,passive,
1.0,287.342,287.384,950.7000122070312,588.7000122070312,654.2999877929688,528.5999755859375,230.60000610351562,42.00000000003001,302.43179210280397,passive,
1.0,287.609,287.617,657.2999877929688,517.5999755859375,659.0999755859375,541.5,60.599998474121094,8.000000000038199,23.967710008417992,passive,
1.0,287.867,287.904,659.0,534.5,901.4000244140625,547.0999755859375,206.5,36.99999999997772,242.7272774549748,passive,
1.0,288.073,288.088,910.2000122070312,536.5,844.9000244140625,535.0,90.0,15.000000000043201,65.3172137017637,passive,
1.0,289.411,289.431,842.9000244140625,531.4000244140625,935.4000244140625,501.8999938964844,113.5,19.99999999998181,97.09017355292985,passive,
1.0,289.843,290.281,952.2000122070312,502.0,892.2000122070312,410.29998779296875,170.89999389648438,437.9999999999882,109.58509131615341,passive,
1.0,290.646,290.667,887.7000122070312,429.3999938964844,966.2999877929688,393.79998779296875,91.0999984741211,20.999999999958163,86.2862480160096,passive,
1.0,291.176,291.196,988.5,363.29998779296875,940.7000122070312,435.6000061035156,106.4000015258789,20.000000000038654,86.67255321445985,passive,
1.0,291.448,291.51,917.2999877929688,469.5,832.9000244140625,561.4000244140625,133.39999389648438,62.00000000001182,124.77567193033263,passive,
1.0,291.607,291.937,827.9000244140625,576.5,818.0999755859375,505.3999938964844,553.0,329.9999999999841,71.77222181982103,passive,
1.0,292.253,292.289,827.0999755859375,559.0,568.5,454.8999938964844,210.6999969482422,36.000000000001364,278.76649483716557,passive,
1.0,292.516,292.529,558.7000122070312,439.6000061035156,590.4000244140625,414.0,76.4000015258789,12.999999999976808,40.746178795390954,passive,
1.0,292.917,292.934,592.2000122070312,404.70001220703125,524.2999877929688,419.0,86.80000305175781,17.00000000005275,69.38950184508705,passive,
1.0,293.21,293.249,514.7000122070312,409.6000061035156,822.0999755859375,507.79998779296875,235.6999969482422,39.00000000004411,322.70415846276575,passive,
1.0,293.366,293.802,820.2000122070312,533.0,872.0999755859375,470.70001220703125,643.7999877929688,436.00000000003547,81.08572425363089,passive,
1.0,294.282,294.314,838.0999755859375,566.4000244140625,1071.5,534.0999755859375,198.60000610351562,32.00000000003911,235.6244141653921,passive,
1.0,294.431,294.468,1069.5,519.0999755859375,1072.0999755859375,560.5999755859375,61.0,37.00000000003456,41.58136449237171,passive,
1.0,294.637,294.692,1050.0999755859375,567.7000122070312,1261.0,450.5,162.39999389648438,55.00000000000682,241.27715009751842,passive,
1.0,294.92,294.941,1248.199951171875,480.0,1250.0,475.0,83.5,20.999999999958163,5.314148641469693,passive,
1.0,295.079,295.089,1261.0,386.29998779296875,1257.300048828125,415.1000061035156,68.19999694824219,9.999999999990905,29.036712853938795,passive,
1.0,295.141,295.173,1258.199951171875,417.29998779296875,1049.800048828125,497.70001220703125,205.5,31.999999999982265,223.37117813779463,passive,
1.0,295.391,295.422,1027.800048828125,519.2999877929688,840.5,564.5,166.39999389648438,31.00000000000591,192.676800353685,passive,
1.0,296.523,296.654,823.0999755859375,556.5,911.5999755859375,644.0,114.9000015258789,130.9999999999718,124.45280229870278,passive,
1.0,296.76,296.801,912.5,650.5,1150.300048828125,512.0,181.0,40.99999999999682,275.192865501013,passive,
1.0,297.157,297.21,1142.5,517.2999877929688,693.0,510.6000061035156,223.89999389648438,52.99999999999727,449.54993021313993,passive,
1.0,297.516,297.542,704.2999877929688,498.20001220703125,858.7000122070312,542.5999755859375,146.89999389648438,25.999999999953616,160.65716382132268,passive,
1.0,298.089,298.113,867.2999877929688,565.5999755859375,875.5999755859375,462.70001220703125,88.69999694824219,24.00000000000091,103.23416227559402,passive,
1.0,298.5,299.013,871.7999877929688,429.0,850.0,401.8999938964844,632.5,512.9999999999768,34.7800201061496,passive,
1.0,299.054,299.09,854.4000244140625,445.1000061035156,843.7999877929688,466.6000061035156,83.5999984741211,36.000000000001364,23.971040368922843,passive,
1.0,299.659,299.683,822.4000244140625,551.7000122070312,907.2000122070312,497.3999938964844,107.80000305175781,24.00000000000091,100.69523284750562,passive,
1.0,299.933,299.978,918.2000122070312,497.1000061035156,680.9000244140625,465.0,162.3000030517578,45.000000000015916,239.4612590762624,passive,
1.0,300.433,300.475,714.2999877929688,433.79998779296875,357.8999938964844,524.2999877929688,237.8000030517578,42.00000000003001,367.7107635756861,passive,
1.0,300.678,300.703,362.79998779296875,529.4000244140625,237.5,472.70001220703125,124.9000015258789,24.999999999977263,137.53173570196665,passive,
1.0,300.961,300.968,214.10000610351562,465.70001220703125,192.1999969482422,466.6000061035156,51.599998474121094,7.000000000005002,21.918494246064657,passive,
1.0,301.173,301.617,184.3000030517578,449.6000061035156,843.9000244140625,569.2999877929688,546.7999877929688,444.0000000000168,670.373234696619,passive,
1.0,302.317,302.342,828.0,556.0,854.9000244140625,469.5,81.69999694824219,24.999999999977263,90.58620928969906,passive,
1.0,302.604,302.673,836.5,455.8999938964844,835.0,428.29998779296875,64.5,69.00000000001683,27.640736909751514,passive,
1.0,303.4,303.505,844.5,563.7000122070312,841.5999755859375,562.2000122070312,99.69999694824219,105.00000000001819,3.2649872284832213,,
1.0,303.778,303.81,834.0,562.0999755859375,835.7999877929688,555.2999877929688,71.5999984741211,31.999999999982265,7.034187233743535,active,
1.0,303.839,303.843,838.0,547.2000122070312,837.5,534.5,64.69999694824219,4.000000000019099,12.709850906235792,active,
1.0,303.884,303.9,840.0,524.7000122070312,839.7999877929688,536.5999755859375,55.400001525878906,15.99999999996271,11.901644142817888,active,
1.0,303.953,303.962,837.5,521.0999755859375,837.7999877929688,541.7000122070312,58.79999923706055,9.000000000014552,20.60222078967056,active,
1.0,304.958,304.984,847.2999877929688,524.0,977.7999877929688,451.1000061035156,165.89999389648438,25.999999999953616,149.48130020209035,active,
1.0,305.179,305.229,977.9000244140625,481.0,455.29998779296875,401.6000061035156,291.79998779296875,50.00000000001137,528.5973489406945,active,
1.0,305.41,305.428,467.79998779296875,414.3999938964844,411.79998779296875,395.6000061035156,68.4000015258789,17.99999999997226,59.071478236250144,active,
1.0,305.66,305.822,404.29998779296875,406.0,984.9000244140625,409.20001220703125,930.5999755859375,161.99999999997772,580.6088550845058,active,
1.0,306.344,306.396,983.9000244140625,454.79998779296875,446.29998779296875,374.1000061035156,292.3999938964844,52.00000000002092,543.6232945888903,active,
1.0,306.707,306.712,454.1000061035156,379.8999938964844,439.29998779296875,381.29998779296875,47.70000076293945,4.9999999999954525,14.86608640169686,active,
1.0,306.877,306.928,424.70001220703125,379.20001220703125,1020.5999755859375,444.70001220703125,366.5,50.99999999998772,599.4889626631851,active,
1.0,307.215,307.247,986.4000244140625,453.5,839.5,523.7000122070312,151.5,32.00000000003911,162.81172834510264,active,
1.0,307.402,307.676,845.7999877929688,529.0999755859375,860.2000122070312,515.5999755859375,497.1000061035156,274.0000000000009,19.73855879048914,active,
1.0,308.257,308.292,842.4000244140625,560.9000244140625,641.7000122070312,580.0999755859375,149.6999969482422,34.99999999996817,201.61630148602785,active,
1.0,308.473,308.5,646.0999755859375,541.7999877929688,644.0999755859375,561.2999877929688,78.69999694824219,26.999999999986812,19.60229578391266,active,
1.0,308.525,308.735,648.2999877929688,538.0,1041.4000244140625,579.7999877929688,267.1000061035156,210.00000000003638,395.3161744363587,active,
1.0,309.772,309.806,1019.0999755859375,552.2000122070312,784.0,530.7999877929688,180.39999389648438,33.999999999991815,236.0719372679245,active,
1.0,310.141,310.158,758.7000122070312,524.7000122070312,833.0999755859375,540.9000244140625,103.69999694824219,16.999999999995907,76.14325279557312,active,
1.0,310.649,310.68,839.5999755859375,552.2000122070312,959.7999877929688,471.8999938964844,113.0,31.00000000000591,144.5549579753134,active,
1.0,310.94,310.963,979.7000122070312,454.29998779296875,879.7000122070312,487.1000061035156,105.30000305175781,23.000000000024556,105.24182249073897,active,
1.0,311.174,311.214,878.7000122070312,492.5,574.4000244140625,412.79998779296875,202.0,40.000000000020464,314.5641023966369,active,
1.0,311.791,312.182,544.4000244140625,389.1000061035156,1054.0999755859375,363.8999938964844,1502.0999755859375,391.00000000001955,510.3225262908216,active,
1.0,312.288,312.305,1046.9000244140625,418.29998779296875,966.4000244140625,412.1000061035156,103.0,16.999999999995907,80.73840333416034,active,
1.0,312.559,312.604,948.7000122070312,410.8999938964844,542.2999877929688,388.29998779296875,253.8000030517578,44.99999999995907,407.02793530620175,active,
1.0,312.867,312.904,563.7000122070312,388.79998779296875,863.0,507.5,267.29998779296875,36.99999999997772,321.9785328105286,active,
1.0,313.881,313.998,838.5999755859375,530.7999877929688,1104.300048828125,698.0999755859375,212.0,117.00000000001864,313.9837811678038,active,
1.0,314.037,314.043,1098.0999755859375,680.5,1102.9000244140625,699.9000244140625,73.0,6.000000000028649,19.985029797791277,active,
1.0,314.288,314.331,1099.5,714.2999877929688,763.7999877929688,586.0999755859375,275.70001220703125,43.00000000000637,359.34626939163275,active,
1.0,315.772,315.795,794.0999755859375,582.2999877929688,889.7999877929688,578.9000244140625,98.0,23.000000000024556,95.76038892675736,active,
1.0,316.113,316.488,922.5999755859375,589.7999877929688,859.0,528.0,638.2000122070312,375.0,88.6802987463559,active,
1.0,317.066,317.091,836.0999755859375,563.5,819.9000244140625,456.1000061035156,93.30000305175781,25.000000000034106,108.61490278472847,active,
1.0,317.481,317.519,812.9000244140625,396.70001220703125,520.9000244140625,484.6000061035156,237.8000030517578,38.000000000010914,304.9432880504209,active,
1.0,317.576,317.591,510.5,525.5999755859375,513.7999877929688,501.29998779296875,96.69999694824219,14.999999999986358,24.523036642556587,active,
1.0,317.63,317.64,516.9000244140625,497.6000061035156,514.7999877929688,517.7000122070312,58.29999923706055,9.999999999990905,20.209413627596923,active,
1.0,317.819,317.824,518.0,499.8999938964844,507.1000061035156,514.0999755859375,48.79999923706055,4.9999999999954525,17.901099042354932,active,
1.0,317.956,318.021,488.79998779296875,515.7999877929688,1266.800048828125,524.5999755859375,383.79998779296875,64.99999999999773,778.0498279389716,active,
1.0,318.281,318.33,1225.199951171875,534.5,948.7000122070312,766.5999755859375,262.1000061035156,48.99999999997817,361.0022367168313,active,
1.0,318.581,318.648,964.4000244140625,755.5,669.2999877929688,386.79998779296875,208.3000030517578,67.00000000000728,472.2538836423009,active,
1.0,318.83,318.887,675.5999755859375,430.20001220703125,135.1999969482422,148.0,314.70001220703125,57.00000000001637,609.6466056669799,active,
1.0,319.059,319.071,139.10000610351562,174.39999389648438,139.0,145.60000610351562,50.70000076293945,12.000000000000455,28.80016142482346,active,
1.0,319.319,319.43,144.10000610351562,122.69999694824219,938.0,353.5,594.4000244140625,110.99999999999,826.7683119940733,active,
1.0,319.675,319.709,922.0999755859375,382.8999938964844,854.5,545.7999877929688,152.89999389648438,33.999999999991815,176.3693984530593,active,
1.0,320.054,320.058,851.5,542.0999755859375,855.7000122070312,567.5,68.0999984741211,4.000000000019099,25.74492848648414,active,
1.0,321.192,321.474,830.4000244140625,580.7000122070312,896.5999755859375,463.29998779296875,701.5999755859375,281.99999999998226,134.77833382106007,active,
1.0,321.804,321.826,892.0999755859375,499.3999938964844,813.7999877929688,523.0999755859375,80.5999984741211,22.000000000048203,81.80817331085855,active,
1.0,322.377,322.384,792.0,518.5999755859375,818.7999877929688,523.9000244140625,64.4000015258789,7.000000000005002,27.31903847656032,active,
1.0,323.529,323.574,838.5999755859375,516.2999877929688,497.3999938964844,523.0,221.10000610351562,45.000000000015916,341.26575812474584,active,
1.0,323.806,323.843,495.79998779296875,527.5,290.70001220703125,600.4000244140625,165.89999389648438,37.00000000003456,217.6704241391629,active,
1.0,324.064,324.737,303.5,567.4000244140625,1259.4000244140625,496.8999938964844,598.2999877929688,673.0000000000018,958.4962759331852,active,
1.0,324.894,324.937,1265.5999755859375,456.70001220703125,896.2000122070312,434.70001220703125,243.6999969482422,43.00000000000637,370.05449996498794,active,
1.0,325.205,325.256,894.5999755859375,429.20001220703125,426.20001220703125,525.7999877929688,303.0,50.99999999998772,478.25733760870247,active,
1.0,325.468,325.512,453.0,514.5999755859375,857.2999877929688,530.5,334.79998779296875,43.99999999998272,404.6125194624636,active,
1.0,326.667,326.695,816.7000122070312,529.7000122070312,994.5,530.5,183.39999389648438,28.00000000002001,177.80178750408763,active,
1.0,327.104,327.499,1041.199951171875,533.4000244140625,1043.4000244140625,356.1000061035156,743.2000122070312,395.00000000003865,177.31366787473334,active,
1.0,327.566,327.614,1037.5,393.0,630.2000122070312,464.8999938964844,255.10000610351562,48.00000000000182,413.59749658147956,active,
1.0,328.128,328.176,653.5999755859375,498.6000061035156,1083.199951171875,478.1000061035156,262.79998779296875,48.00000000000182,430.0888152735875,active,
1.0,328.527,328.557,1055.800048828125,486.79998779296875,878.5999755859375,510.3999938964844,162.39999389648438,30.00000000002956,178.7647231562273,active,
1.0,328.752,328.757,851.5999755859375,548.5,838.0,545.7000122070312,45.79999923706055,4.9999999999954525,13.885217592060632,active,
1.0,329.832,329.838,824.0,536.5999755859375,829.5,546.2000122070312,50.29999923706055,6.000000000028649,11.063937053614373,active,
1.0,330.143,330.185,830.0999755859375,515.7000122070312,534.5999755859375,481.5,186.39999389648438,42.00000000003001,297.47250433436886,active,
1.0,330.779,330.823,540.4000244140625,487.1000061035156,816.9000244140625,522.2999877929688,173.0,43.99999999998272,278.7315710696186,active,
1.0,331.151,331.195,810.0999755859375,535.7999877929688,1161.199951171875,512.2000122070312,226.0,43.99999999998272,351.8922444500628,active,
1.0,331.417,331.729,1144.0,518.4000244140625,866.0999755859375,483.6000061035156,591.7000122070312,312.0000000000118,280.07046406886775,active,
1.0,332.565,332.64,835.7999877929688,544.7999877929688,1158.9000244140625,624.7000122070312,176.1999969482422,74.99999999998863,332.8327621582946,active,
1.0,332.808,332.861,1129.699951171875,663.5,857.7999877929688,332.0,231.5,52.99999999999727,428.74449277565134,active,
1.0,333.18,333.241,857.2000122070312,368.20001220703125,198.3000030517578,558.5999755859375,339.1000061035156,60.99999999997863,685.8581253579404,active,
1.0,333.506,333.529,240.39999389648438,556.2999877929688,208.10000610351562,642.0999755859375,106.80000305175781,23.000000000024556,91.67838958391185,active,
1.0,333.651,333.994,205.89999389648438,652.5999755859375,1163.300048828125,791.7000122070312,413.29998779296875,343.00000000001774,967.4521617997957,active,
1.0,334.182,334.199,1153.0999755859375,796.5999755859375,1113.800048828125,841.2999877929688,72.5,16.999999999995907,59.51953741821394,active,
1.0,334.445,334.69,1084.699951171875,855.7999877929688,813.0,476.79998779296875,759.5,245.00000000000455,466.3280642067334,active,
1.0,335.098,335.108,801.4000244140625,542.9000244140625,804.7999877929688,519.2000122070312,59.20000076293945,9.999999999990905,23.94264667056117,active,
1.0,335.276,335.301,805.7000122070312,546.9000244140625,810.2999877929688,518.2999877929688,62.20000076293945,24.999999999977263,28.967600351412,active,
1.0,335.431,335.468,813.5,504.20001220703125,998.5,479.5,157.10000610351562,37.00000000003456,186.64161005260186,active,
1.0,335.754,336.129,1001.9000244140625,484.79998779296875,767.7000122070312,625.4000244140625,216.3000030517578,375.0,273.1629843438281,active,
1.0,336.353,336.392,757.2999877929688,624.0,481.70001220703125,568.7000122070312,180.1999969482422,38.99999999998727,281.09328557059456,active,
1.0,336.536,336.574,488.70001220703125,561.4000244140625,492.0,541.0999755859375,90.80000305175781,38.000000000010914,20.56652381560875,active,
1.0,336.647,336.743,494.79998779296875,562.0999755859375,431.6000061035156,495.79998779296875,120.30000305175781,96.00000000000364,91.59653960109527,active,
1.0,336.926,336.933,420.6000061035156,526.4000244140625,404.29998779296875,532.2999877929688,45.79999923706055,7.000000000005002,17.33494057666764,active,
1.0,336.996,337.021,383.1000061035156,538.0999755859375,501.3999938964844,492.3999938964844,128.0,25.000000000034106,126.82024853402909,active,
1.0,337.283,337.672,517.0,495.5,852.2999877929688,517.7999877929688,790.5999755859375,389.00000000001,336.04072858737163,active,
1.0,337.785,337.798,846.2000122070312,583.7999877929688,807.5,568.4000244140625,67.0,12.999999999976808,41.65152838607512,active,
1.0,338.111,338.15,807.7999877929688,570.9000244140625,707.7999877929688,327.20001220703125,167.0,38.99999999998727,263.4192399004051,active,
1.0,338.385,338.409,700.5,324.8999938964844,573.7999877929688,346.70001220703125,141.39999389648438,24.00000000000091,128.56179016956028,active,
1.0,338.668,338.688,564.2999877929688,346.5,581.4000244140625,282.8999938964844,77.19999694824219,19.99999999998181,65.85872781044264,active,
1.0,339.111,339.165,605.7999877929688,221.6999969482422,547.5,555.0999755859375,146.0,54.00000000003047,338.4589108477955,active,
1.0,339.325,339.367,553.2000122070312,580.5999755859375,567.4000244140625,570.7999877929688,71.9000015258789,42.00000000003001,17.253408574023076,active,
1.0,339.418,339.537,572.7999877929688,558.2999877929688,726.0,202.39999389648438,171.10000610351562,118.99999999997135,387.4726434159606,active,
1.0,339.946,340.238,713.7999877929688,232.3000030517578,829.5999755859375,554.5,700.2999877929688,291.99999999997317,342.37767918820145,active,
1.0,340.284,340.291,830.5999755859375,558.2999877929688,839.0999755859375,532.7999877929688,60.5,7.000000000005002,26.879360111431225,active,
1.0,340.579,340.593,820.2999877929688,563.5999755859375,821.7000122070312,545.2999877929688,51.599998474121094,14.000000000010004,18.353463476487928,active,
1.0,340.801,340.809,810.2999877929688,562.9000244140625,830.7999877929688,549.2999877929688,55.900001525878906,8.000000000038199,24.60103648416243,active,
1.0,341.276,341.332,832.4000244140625,546.7999877929688,332.0,457.3999938964844,249.60000610351562,55.999999999983174,508.32326657579404,active,
1.0,341.673,341.731,360.20001220703125,460.8999938964844,928.7999877929688,517.7000122070312,277.70001220703125,57.999999999992724,571.4299382395074,active,
1.0,342.096,342.119,901.7000122070312,520.7000122070312,796.0,523.0999755859375,115.19999694824219,23.000000000024556,105.72725478695948,active,
1.0,342.501,342.523,789.7999877929688,524.5,898.5,524.9000244140625,115.30000305175781,22.000000000048203,108.70074826486058,active,
1.0,342.881,343.191,911.5999755859375,508.0,974.2000122070312,599.2000122070312,341.8999938964844,310.0000000000023,110.61738928181649,active,
1.0,343.732,343.746,811.7000122070312,570.4000244140625,772.7999877929688,595.5,65.0,13.999999999953161,46.29493140538516,active,
1.0,343.929,344.209,789.0,595.7999877929688,423.5,580.2000122070312,234.1999969482422,280.00000000002956,365.83276129712857,active,
1.0,344.398,344.511,416.70001220703125,594.4000244140625,1172.0999755859375,665.2000122070312,372.3999938964844,112.99999999999955,758.7105791699081,active,
1.0,344.721,344.758,1163.0999755859375,653.5,1265.699951171875,490.0,173.8000030517578,36.99999999997772,193.02591792356532,active,
1.0,345.351,345.677,1240.300048828125,485.0,847.7999877929688,517.0999755859375,858.5,326.0000000000218,393.8104954736722,active,
1.0,345.724,345.735,864.2000122070312,504.70001220703125,852.5999755859375,540.2000122070312,68.4000015258789,11.000000000024102,37.34716655397992,active,
1.0,346.706,346.798,821.2999877929688,541.7999877929688,767.7000122070312,810.7999877929688,179.8000030517578,91.99999999998454,274.2880919449714,active,
1.0,346.946,347.328,776.2000122070312,789.5,820.7999877929688,676.9000244140625,156.10000610351562,381.99999999994816,121.1111568940696,active,
1.0,347.354,347.365,841.0999755859375,613.7000122070312,834.9000244140625,581.4000244140625,92.30000305175781,11.000000000024102,32.88964283721495,active,
1.0,347.842,347.895,820.7999877929688,569.5,665.2000122070312,571.0999755859375,103.19999694824219,52.99999999999727,155.6082013398392,active,
1.0,348.361,348.383,675.0999755859375,596.7000122070312,805.2000122070312,564.5999755859375,146.8000030517578,21.99999999999136,134.00161148242023,active,
1.0,348.576,348.586,829.2000122070312,552.4000244140625,829.7999877929688,550.0,61.400001525878906,9.999999999990905,2.4738811393874793,active,
1.0,348.623,348.727,825.0999755859375,549.2000122070312,813.0,597.9000244140625,120.5,103.999999999985,50.18067953052525,active,
1.0,349.304,349.328,811.5,566.0999755859375,811.5,573.4000244140625,62.099998474121094,24.00000000000091,7.300048828125,active,
1.0,349.367,349.396,809.2999877929688,561.0,687.9000244140625,656.0999755859375,173.0,28.999999999996362,154.2139956840678,active,
1.0,349.464,349.501,669.5,679.5999755859375,672.4000244140625,682.2999877929688,100.5999984741211,36.99999999997772,3.962348737841775,active,
1.0,349.538,349.76,675.2000122070312,657.5,813.7999877929688,531.5999755859375,186.0,221.99999999998,187.24521190108976,active,
1.0,350.098,350.133,823.5999755859375,469.5,1039.5999755859375,487.3999938964844,176.8000030517578,34.99999999996817,216.7404202761778,active,
1.0,350.329,350.368,1054.0,489.3999938964844,936.0999755859375,632.7999877929688,146.0,38.99999999998727,185.64475216484922,active,
1.0,350.413,350.433,926.7000122070312,614.2000122070312,934.4000244140625,625.7999877929688,98.0999984741211,19.99999999998181,13.92298896008958,active,
1.0,350.483,350.493,935.7000122070312,629.2000122070312,937.0,607.5999755859375,51.70000076293945,9.999999999990905,21.639120829979642,active,
1.0,350.657,351.253,928.2000122070312,648.9000244140625,843.5999755859375,502.1000061035156,494.79998779296875,596.0000000000036,169.43261661282133,active,
1.0,351.288,351.295,852.5999755859375,482.6000061035156,842.5,506.6000061035156,64.5999984741211,7.000000000005002,26.03861568587189,active,
1.0,351.336,351.377,837.7999877929688,521.7999877929688,809.5999755859375,538.9000244140625,93.5999984741211,40.99999999999682,32.97956853749695,active,
1.0,351.9,351.909,802.2000122070312,523.2999877929688,804.7000122070312,551.0999755859375,61.400001525878906,9.000000000014552,27.91217156168992,active,
1.0,352.054,352.081,827.0999755859375,569.7999877929688,832.2000122070312,547.9000244140625,124.0999984741211,27.000000000043656,22.485968280995422,active,
1.0,352.106,352.166,829.2999877929688,566.2000122070312,1275.800048828125,568.5,240.5,60.000000000002274,446.5059847843543,active,
1.0,352.31,352.332,1246.800048828125,580.5999755859375,1310.0,489.5,150.39999389648438,21.99999999999136,110.8757835592867,active,
1.0,353.106,353.473,1314.9000244140625,448.0,878.0,513.0,1548.0999755859375,367.00000000001864,441.70876302492394,active,
1.0,353.694,353.703,834.7999877929688,506.5,825.5,541.0999755859375,67.9000015258789,8.999999999957708,35.82803488187482,active,
1.0,354.574,354.618,826.7000122070312,553.7999877929688,979.5999755859375,682.0,131.89999389648438,43.99999999998272,199.53356091433298,active,
1.0,354.914,354.954,967.5,745.5999755859375,778.0999755859375,566.5999755859375,215.10000610351562,40.000000000020464,260.6019363858363,active,
1.0,355.369,355.709,831.2999877929688,569.7000122070312,818.0999755859375,499.29998779296875,652.9000244140625,339.999999999975,71.62683686835801,,
1.0,355.853,355.858,826.7000122070312,532.0999755859375,845.2999877929688,526.7000122070312,59.400001525878906,4.9999999999954525,19.36798121361645,active,
1.0,356.958,356.978,833.0999755859375,537.7999877929688,828.2999877929688,464.79998779296875,75.4000015258789,19.99999999998181,73.15763721452907,active,
1.0,357.198,357.228,815.2000122070312,467.3999938964844,671.0,397.0,113.19999694824219,30.00000000002956,160.46745047246498,active,
1.0,357.477,357.503,655.4000244140625,398.20001220703125,801.9000244140625,437.20001220703125,148.39999389648438,26.00000000001046,151.60227570851302,active,
1.0,357.646,357.87,807.7000122070312,459.29998779296875,819.7999877929688,416.79998779296875,727.0,223.99999999998954,44.188905951384264,active,
1.0,358.45,358.455,831.7999877929688,417.6000061035156,821.2999877929688,404.79998779296875,53.5,4.9999999999954525,16.55567784025575,active,
1.0,358.814,358.824,800.4000244140625,433.5,827.0,416.1000061035156,57.5,9.999999999990905,31.78550752733334,active,
1.0,359.595,359.601,822.5999755859375,395.20001220703125,841.0,391.70001220703125,47.599998474121094,5.999999999971806,18.72994656794557,active,
1.0,361.54,361.732,850.9000244140625,416.20001220703125,808.2999877929688,405.79998779296875,632.0,192.00000000000728,43.85115309694404,active,
1.0,361.837,361.861,805.9000244140625,414.6000061035156,715.2999877929688,365.3999938964844,111.4000015258789,24.00000000000091,103.09707967210106,active,
1.0,362.115,362.142,676.2999877929688,383.0,837.2999877929688,404.6000061035156,177.39999389648438,26.999999999986812,162.44248293987602,active,
1.0,362.46,362.781,821.2000122070312,430.5,855.0,483.70001220703125,610.7000122070312,321.0000000000264,63.02920333966716,active,
1.0,363.504,363.529,863.7000122070312,526.5999755859375,998.2000122070312,469.0,145.3000030517578,24.999999999977263,146.31475382715374,active,
1.0,363.758,364.045,1015.0,425.29998779296875,931.0,364.29998779296875,586.9000244140625,287.00000000003456,103.81233067415451,active,
1.0,364.197,364.463,922.0999755859375,423.20001220703125,818.7000122070312,515.9000244140625,587.5999755859375,266.00000000001955,138.86988402797382,active,
1.0,364.687,364.728,825.0999755859375,545.2000122070312,938.2999877929688,347.0,184.3000030517578,40.99999999999682,228.24874063735678,active,
1.0,364.973,365.231,926.5,373.6000061035156,963.5999755859375,393.79998779296875,1289.5,257.99999999998136,42.24272065967579,active,
1.0,365.289,365.294,977.7000122070312,370.5,975.0999755859375,389.79998779296875,50.0,4.9999999999954525,19.474334885684065,active,
1.0,365.483,365.508,973.4000244140625,416.70001220703125,916.7999877929688,516.7000122070312,99.5,24.999999999977263,114.90676283626283,active,
1.0,365.959,366.132,917.5,551.2000122070312,928.2000122070312,366.29998779296875,918.4000244140625,173.00000000000182,185.20936609564734,active,
1.0,366.194,366.202,950.0999755859375,336.5,947.2000122070312,371.6000061035156,68.0,7.999999999981355,35.21959988509,active,
1.0,366.269,366.52,958.7999877929688,339.8999938964844,976.2000122070312,378.5,1251.5999755859375,250.99999999997635,42.34053992099551,active,
1.0,366.572,366.58,983.7999877929688,343.6000061035156,977.7000122070312,371.6000061035156,64.30000305175781,7.999999999981355,28.656756657881463,active,
1.0,366.7,366.729,960.5999755859375,399.3999938964844,888.7000122070312,543.5999755859375,135.6999969482422,28.999999999996362,161.13112502904792,active,
1.0,367.084,367.108,874.7000122070312,564.4000244140625,920.9000244140625,463.1000061035156,119.0,24.00000000000091,111.33793081267035,active,
1.0,367.435,367.455,936.9000244140625,456.6000061035156,892.2000122070312,535.7999877929688,93.19999694824219,19.99999999998181,90.94354397602093,active,
1.0,368.602,368.61,867.5,523.7999877929688,862.7999877929688,505.20001220703125,51.5,8.000000000038199,19.184608584584513,active,
1.0,368.868,369.169,842.0999755859375,497.29998779296875,821.7999877929688,448.79998779296875,1310.699951171875,300.9999999999877,52.576986452198646,active,
1.0,369.862,369.873,809.2000122070312,495.0,846.7999877929688,469.79998779296875,73.0,10.999999999967258,45.26365848335307,active,
1.0,370.298,370.316,846.7999877929688,450.8999938964844,862.5,480.6000061035156,73.4000015258789,17.99999999997226,33.5943612589782,active,
1.0,370.75,370.767,851.0999755859375,586.4000244140625,847.2999877929688,587.0,76.0,16.999999999995907,3.8470609470649872,active,
1.0,370.909,370.963,843.9000244140625,589.7000122070312,841.9000244140625,562.2000122070312,68.5999984741211,54.00000000003047,27.572631357924475,active,
1.0,371.254,371.278,858.2999877929688,533.5999755859375,748.7999877929688,530.2999877929688,100.19999694824219,24.00000000000091,109.54971437403998,active,
1.0,371.508,371.518,719.2000122070312,529.7999877929688,717.4000244140625,560.5999755859375,70.30000305175781,9.999999999990905,30.852539670209655,active,
1.0,371.559,371.579,714.2999877929688,565.0,717.2000122070312,563.5999755859375,93.4000015258789,19.99999999998181,3.2202810377558033,active,
1.0,371.701,371.729,715.7000122070312,579.5999755859375,723.9000244140625,593.4000244140625,113.69999694824219,27.999999999963165,16.052462361086405,active,
1.0,371.883,371.948,723.2000122070312,600.4000244140625,1060.300048828125,680.9000244140625,250.60000610351562,64.99999999999773,346.57854043483815,active,
1.0,372.175,372.222,1057.0,677.0,744.7000122070312,546.2999877929688,225.10000610351562,46.99999999996862,338.54656336522834,active,
1.0,372.444,372.816,753.4000244140625,534.9000244140625,836.7000122070312,439.20001220703125,685.7999877929688,371.99999999995725,126.87545193115442,active,
1.0,373.69,373.696,853.7999877929688,520.4000244140625,867.0,500.3999938964844,61.70000076293945,6.000000000028649,23.963337475606988,active,
1.0,373.934,373.959,888.2999877929688,490.79998779296875,767.4000244140625,580.0,179.6999969482422,24.999999999977263,150.24461162635882,active,
1.0,374.245,374.269,744.4000244140625,620.2000122070312,865.4000244140625,576.5999755859375,177.0,24.00000000000091,128.61556357362323,active,
1.0,374.492,374.5,875.9000244140625,528.0999755859375,853.7000122070312,525.7000122070312,49.29999923706055,7.999999999981355,22.329361079359785,active,
1.0,375.51,375.556,847.2000122070312,515.0999755859375,464.8999938964844,566.2999877929688,227.89999389648438,45.99999999999227,385.71329410618534,active,
1.0,375.794,376.03,479.29998779296875,568.9000244140625,1017.0,576.9000244140625,302.6000061035156,235.99999999999,537.7595216520499,active,
1.0,376.072,376.138,1021.5,615.7000122070312,1018.7999877929688,569.4000244140625,100.9000015258789,65.99999999997408,46.37864740963424,active,
1.0,376.183,376.219,1021.7000122070312,566.7999877929688,872.9000244140625,534.5,138.1999969482422,36.000000000001364,152.2653131169853,active,
1.0,376.509,376.532,849.2000122070312,527.5999755859375,946.4000244140625,477.70001220703125,128.3000030517578,22.999999999967713,109.26046274047721,active,
1.0,376.785,376.857,977.5,441.5,859.2000122070312,707.5,157.0,72.00000000000273,291.1200561826968,active,
1.0,376.94,376.965,865.0,709.4000244140625,870.5999755859375,692.2999877929688,70.4000015258789,24.999999999977263,17.99363718112165,active,
1.0,377.083,377.103,870.4000244140625,700.5999755859375,908.5999755859375,651.5999755859375,66.4000015258789,19.99999999998181,62.130799685290015,active,
1.0,377.207,377.59,907.2000122070312,655.0,861.2999877929688,480.1000061035156,437.0,382.99999999998136,180.82262056004444,active,
1.0,378.265,378.321,845.7000122070312,517.4000244140625,1115.699951171875,551.9000244140625,214.6999969482422,56.00000000004002,272.19518188428566,active,
1.0,378.369,378.441,1106.199951171875,566.0999755859375,1103.0999755859375,557.5999755859375,77.5,71.99999999994589,9.04764326404443,active,
1.0,378.712,378.766,1130.199951171875,535.7000122070312,564.2999877929688,511.79998779296875,306.6000061035156,54.00000000003047,566.4044312319954,active,
1.0,379.063,379.073,583.2999877929688,499.29998779296875,584.2999877929688,509.20001220703125,46.400001525878906,9.999999999990905,9.950401167743617,active,
1.0,379.124,379.147,583.2000122070312,509.70001220703125,462.3999938964844,495.20001220703125,103.30000305175781,22.999999999967713,121.66714603305388,active,
1.0,379.439,379.529,446.79998779296875,472.8999938964844,1142.0999755859375,515.2000122070312,369.70001220703125,89.99999999997499,696.5855041371268,active,
1.0,379.577,379.601,1127.9000244140625,522.9000244140625,1131.5,533.5999755859375,54.70000076293945,24.00000000000091,11.28932147207507,active,
1.0,379.652,380.116,1126.800048828125,535.2000122070312,855.7999877929688,461.0,895.0,463.99999999999864,280.9745093288393,active,
1.0,380.737,380.76,822.0,546.0,859.9000244140625,453.0,130.1999969482422,22.999999999967713,100.42615122858454,active,
1.0,381.088,381.119,839.4000244140625,446.79998779296875,788.5999755859375,490.1000061035156,82.30000305175781,31.00000000000591,66.74980559247778,active,
1.0,381.436,381.494,793.7000122070312,497.0,1057.5999755859375,695.0999755859375,190.10000610351562,58.00000000004957,329.97998575449554,active,
1.0,381.688,381.707,1048.5,701.2000122070312,1048.300048828125,690.2000122070312,92.5,19.000000000005457,11.001817144050985,active,
1.0,381.83,381.907,1045.9000244140625,693.0,1042.300048828125,610.2000122070312,142.5,76.99999999999818,82.87821066320822,active,
1.0,381.989,382.012,1044.5,624.9000244140625,1044.300048828125,612.2000122070312,113.19999694824219,23.000000000024556,12.70158614228463,active,
1.0,382.072,382.106,1047.0,613.0,1135.9000244140625,545.7000122070312,102.4000015258789,33.999999999991815,111.50113316802951,active,
1.0,382.21,382.229,1131.4000244140625,564.2999877929688,1131.9000244140625,548.0999755859375,57.70000076293945,19.000000000005457,16.207726413904002,active,
1.0,382.353,382.733,1131.9000244140625,549.7000122070312,903.9000244140625,465.3999938964844,991.0,379.99999999999545,243.08536172949317,active,
1.0,382.811,382.82,894.5,524.2999877929688,861.7000122070312,528.2999877929688,70.30000305175781,9.000000000014552,33.0429901676422,active,
1.0,383.701,383.723,839.2000122070312,566.7999877929688,720.0,543.7000122070312,139.8000030517578,21.99999999999136,121.41767491690536,active,
1.0,384.858,384.894,699.0,484.20001220703125,824.4000244140625,509.8999938964844,153.1999969482422,36.000000000001364,128.00646539095476,active,
1.0,387.127,387.154,850.4000244140625,555.7000122070312,687.7000122070312,518.5,157.0,26.999999999986812,166.89857662775734,active,
1.0,387.542,387.555,637.2999877929688,479.20001220703125,638.0999755859375,489.0,63.0,13.000000000033651,9.83258568288299,active,
1.0,387.608,387.827,633.0999755859375,527.5,666.5999755859375,460.8999938964844,806.5999755859375,218.9999999999941,74.550726441721,active,
1.0,388.012,388.454,665.0999755859375,457.8999938964844,836.7000122070312,492.20001220703125,760.7999877929688,442.0000000000073,174.994467982461,active,
1.0,389.031,389.076,830.7000122070312,522.4000244140625,878.7999877929688,449.6000061035156,79.5999984741211,45.000000000015916,87.25508763037112,active,
1.0,389.223,389.255,881.9000244140625,447.79998779296875,955.5999755859375,358.8999938964844,92.9000015258789,31.999999999982265,115.47680164228535,active,
1.0,389.517,389.546,955.5,361.8999938964844,750.7999877929688,341.3999938964844,167.5,28.999999999996362,205.7239533879289,active,
1.0,389.829,390.239,726.5999755859375,337.20001220703125,861.9000244140625,498.8999938964844,661.7999877929688,409.99999999996817,210.83877084460175,active,
1.0,390.766,390.784,850.2000122070312,538.2000122070312,923.7999877929688,512.2000122070312,88.80000305175781,17.99999999997226,78.0573917463977,active,
1.0,391.067,391.111,919.0,506.3999938964844,1042.199951171875,544.0,109.4000015258789,43.99999999998272,128.8098925849129,active,
1.0,391.261,391.306,1021.4000244140625,544.0,1117.699951171875,548.5,127.0,44.99999999995907,96.40500969119837,active,
1.0,391.363,391.39,1137.4000244140625,551.7000122070312,1140.9000244140625,533.5999755859375,73.5999984741211,26.999999999986812,18.43532819574783,active,
1.0,391.475,391.5,1141.9000244140625,539.2000122070312,1142.5999755859375,524.0999755859375,70.19999694824219,24.999999999977263,15.116250778595251,active,
1.0,391.723,391.733,1136.0,457.1000061035156,1146.800048828125,505.70001220703125,92.9000015258789,9.999999999990905,49.78555661988364,active,
1.0,391.821,392.172,1145.5,498.5,854.2999877929688,473.79998779296875,371.0,350.9999999999991,292.2456803999037,active,
1.0,392.213,392.225,860.4000244140625,510.5,837.7000122070312,485.3999938964844,76.4000015258789,12.000000000000455,33.842293961785295,active,
1.0,392.815,392.838,850.5,515.4000244140625,803.7000122070312,593.4000244140625,100.69999694824219,23.000000000024556,90.96284327912153,active,
1.0,393.706,393.711,806.9000244140625,594.0,813.5,582.0,43.70000076293945,4.9999999999954525,13.695242887038223,active,
1.0,394.011,394.246,806.5,596.4000244140625,852.2000122070312,458.70001220703125,652.4000244140625,234.9999999999568,145.0854385441191,active,
1.0,394.379,394.383,847.0,527.7000122070312,850.5999755859375,550.4000244140625,60.79999923706055,3.999999999962256,22.983698101452557,active,
1.0,395.186,395.205,854.7999877929688,525.7999877929688,928.2000122070312,565.5999755859375,104.30000305175781,19.000000000005457,83.49612333698752,active,
1.0,395.572,395.581,947.9000244140625,555.2000122070312,922.5999755859375,552.5999755859375,49.099998474121094,9.000000000014552,25.43329827483132,active,
1.0,395.779,395.83,925.0999755859375,551.2000122070312,460.5,634.5999755859375,284.79998779296875,50.99999999998772,472.02615521394216,active,
1.0,396.052,396.102,476.0,652.0999755859375,940.2999877929688,570.5999755859375,333.1000061035156,49.999999999954525,471.3986939571968,active,
1.0,396.497,396.864,940.2000122070312,600.7999877929688,842.5999755859375,511.20001220703125,1437.800048828125,366.9999999999618,132.49121772192842,active,
1.0,397.547,397.573,862.0,538.5999755859375,722.4000244140625,608.0999755859375,167.89999389648438,25.999999999953616,155.94358974832645,active,
1.0,397.982,398.004,699.7000122070312,617.5999755859375,766.0999755859375,599.5999755859375,76.80000305175781,21.99999999999136,68.79647619406165,active,
1.0,398.468,398.481,777.0999755859375,553.5,825.7999877929688,556.5999755859375,88.9000015258789,12.999999999976808,48.79857618413063,active,
1.0,399.659,399.713,837.4000244140625,517.7000122070312,1116.9000244140625,701.4000244140625,159.6999969482422,54.00000000003047,334.46366691296,active,
1.0,399.949,399.997,1115.5999755859375,716.0,913.9000244140625,661.2000122070312,181.8000030517578,48.00000000000182,209.01174360510532,active,
1.0,400.144,400.201,920.7999877929688,664.5999755859375,333.20001220703125,509.5,282.79998779296875,57.00000000001637,607.7250478097417,active,
1.0,400.527,400.914,338.0,517.7999877929688,862.4000244140625,510.3999938964844,1245.300048828125,387.00000000000045,524.4522337783845,active,
1.0,400.986,400.991,859.7999877929688,557.2999877929688,842.9000244140625,544.5999755859375,66.5999984741211,4.9999999999954525,21.139987518140003,active,
1.0,401.374,401.399,843.9000244140625,538.5,882.5999755859375,410.0,121.5999984741211,24.999999999977263,134.20110364935718,active,
1.0,401.969,402.017,873.7000122070312,409.6000061035156,479.8999938964844,387.1000061035156,256.20001220703125,48.00000000000182,394.4422700743254,active,
1.0,402.33,402.737,494.79998779296875,383.6000061035156,858.0999755859375,471.8999938964844,887.5,407.0000000000391,373.8766761575395,active,
1.0,403.214,403.262,837.4000244140625,521.5,722.9000244140625,264.5,148.0,48.00000000000182,281.3525368643404,active,
1.0,403.517,403.523,714.2999877929688,281.79998779296875,696.0999755859375,285.1000061035156,49.20000076293945,6.000000000028649,18.496771750390153,active,
1.0,404.286,404.695,707.0,281.6000061035156,832.0,443.5,729.9000244140625,408.9999999999918,204.53999125765523,active,
1.0,405.365,405.404,840.4000244140625,544.9000244140625,768.7000122070312,346.1000061035156,129.3000030517578,38.99999999998727,211.3346612147714,active,
1.0,405.583,405.635,748.7000122070312,359.29998779296875,996.2000122070312,743.7999877929688,289.29998779296875,51.999999999964075,457.270707568285,active,
1.0,405.939,405.977,975.5999755859375,711.7000122070312,1242.0999755859375,597.7999877929688,217.39999389648438,37.99999999995407,289.81971216865844,active,
1.0,406.606,406.651,1255.0,578.0,1014.0999755859375,688.2000122070312,145.39999389648438,45.000000000015916,264.90916264471815,active,
1.0,406.947,407.002,1024.300048828125,683.7999877929688,526.9000244140625,537.9000244140625,286.0,55.00000000000682,518.3566181704215,active,
1.0,407.156,407.16,546.0999755859375,513.0,544.2000122070312,534.7000122070312,46.5,4.000000000019099,21.783029877096762,active,
1.0,407.339,407.412,542.0999755859375,521.5999755859375,637.0999755859375,686.0,213.6999969482422,72.99999999997908,189.87461132901456,active,
1.0,407.52,407.526,626.0,668.4000244140625,622.0999755859375,685.7999877929688,52.79999923706055,6.000000000028649,17.831682927238308,active,
1.0,407.659,407.938,619.2000122070312,689.7000122070312,817.0,501.0,635.7000122070312,278.99999999999636,273.37251101351126,active,
1.0,408.572,408.597,822.2000122070312,565.2000122070312,720.0,480.70001220703125,124.5,24.999999999977263,132.6087949387873,active,
1.0,408.916,408.952,665.5,464.6000061035156,615.2000122070312,448.0,67.0,36.000000000001364,52.96837711889577,active,
1.0,409.017,409.05,615.5999755859375,449.8999938964844,618.7000122070312,462.6000061035156,82.0,33.00000000001546,13.072893218827465,active,
1.0,409.099,409.148,616.4000244140625,445.3999938964844,617.2999877929688,597.7000122070312,186.39999389648438,49.000000000035016,152.30267729582525,active,
1.0,409.318,409.461,625.0999755859375,597.5999755859375,669.2999877929688,540.0,144.60000610351562,143.0000000000291,72.60439564242861,active,
1.0,409.495,409.512,676.0999755859375,530.0999755859375,675.2999877929688,541.9000244140625,75.80000305175781,16.999999999995907,11.827135444182298,active,
1.0,409.626,409.662,665.5,524.0999755859375,644.0999755859375,306.70001220703125,141.10000610351562,36.000000000001364,218.4506926564259,active,
1.0,409.897,409.908,630.7999877929688,320.6000061035156,600.5999755859375,321.29998779296875,51.900001525878906,11.000000000024102,30.208123272894763,active,
1.0,410.429,410.779,604.0999755859375,298.8999938964844,847.2000122070312,456.70001220703125,740.7999877929688,350.00000000002274,289.8249015940246,active,
1.0,411.561,411.595,830.2000122070312,559.4000244140625,705.5,430.5,117.80000305175781,34.00000000004866,179.34689665109806,active,
1.0,411.817,411.834,692.0999755859375,427.6000061035156,621.7999877929688,460.8999938964844,108.69999694824219,16.999999999995907,77.78802909640675,active,
1.0,412.02,412.029,612.2000122070312,470.70001220703125,615.0999755859375,438.5,75.69999694824219,9.000000000014552,32.33033519362208,active,
1.0,412.061,412.073,614.0,467.0,637.9000244140625,437.5,80.5,12.000000000000455,37.96657960618501,active,
1.0,412.668,412.672,710.0,401.70001220703125,694.9000244140625,403.70001220703125,44.29999923706055,4.000000000019099,15.231850271582521,active,
1.0,413.155,413.742,821.2999877929688,610.9000244140625,839.7000122070312,460.29998779296875,387.20001220703125,587.0000000000459,151.71991276267224,,
1.0,413.84,413.847,831.4000244140625,502.1000061035156,833.0999755859375,526.5999755859375,57.0,7.000000000005002,24.558874946266624,passive,
1.0,413.893,413.902,834.2000122070312,496.79998779296875,833.0999755859375,528.5999755859375,61.099998474121094,9.000000000014552,31.819008535790502,passive,
1.0,414.022,414.044,831.4000244140625,517.5999755859375,830.7000122070312,538.0,59.20000076293945,21.99999999999136,20.41203108914786,passive,
1.0,414.24,414.269,830.5999755859375,555.7999877929688,992.2999877929688,567.2000122070312,121.0999984741211,28.999999999996362,162.10137107500134,passive,
1.0,414.45,414.46,1005.0,567.5,1005.2000122070312,522.4000244140625,103.0,9.999999999990905,45.100419097111725,passive,
1.0,414.514,414.541,1001.5,513.5999755859375,848.5,543.2000122070312,141.1999969482422,26.999999999986812,155.83697304545572,passive,
1.0,414.81,414.843,823.7000122070312,520.5,1035.300048828125,599.5999755859375,225.0,33.00000000001546,225.90126523714764,passive,
1.0,415.139,415.219,1038.199951171875,631.5,410.1000061035156,698.0999755859375,302.3999938964844,79.99999999998408,631.6210079968237,passive,
1.0,415.522,415.55,435.0,700.2999877929688,278.70001220703125,652.4000244140625,142.6999969482422,28.00000000002001,163.47505215103234,passive,
1.0,415.772,416.431,257.5,637.4000244140625,1014.2999877929688,480.0,287.20001220703125,658.9999999999918,772.9948183584319,passive,
1.0,416.455,416.537,1009.2999877929688,468.8999938964844,837.7000122070312,516.2999877929688,151.60000610351562,81.99999999999363,178.02615269246567,passive,
1.0,417.307,417.331,832.7999877929688,561.9000244140625,931.9000244140625,601.4000244140625,118.5999984741211,24.00000000000091,106.6820849922897,passive,
1.0,417.869,417.874,942.0999755859375,608.9000244140625,943.9000244140625,622.9000244140625,55.599998474121094,4.9999999999954525,14.115246217605776,passive,
1.0,418.917,419.356,956.2000122070312,591.5,819.2999877929688,464.3999938964844,472.70001220703125,439.0000000000214,186.8047864378336,passive,
1.0,419.417,419.435,815.7000122070312,457.79998779296875,814.2000122070312,494.79998779296875,67.9000015258789,18.000000000029104,37.030392922571046,passive,
1.0,419.56,419.611,810.0,492.5,811.0999755859375,498.79998779296875,84.80000305175781,50.99999999998772,6.39529455781466,passive,
1.0,419.647,419.658,811.5999755859375,507.0,811.5,520.7999877929688,48.70000076293945,11.000000000024102,13.800349930486185,passive,
1.0,419.951,419.974,814.9000244140625,544.5,794.4000244140625,609.7000122070312,91.5,22.999999999967713,68.34684770929105,passive,
1.0,420.246,420.416,786.2999877929688,567.2999877929688,866.5999755859375,752.7000122070312,191.1999969482422,170.00000000001592,202.0427110595329,passive,
1.0,420.458,420.627,868.7000122070312,746.2999877929688,821.5,693.2000122070312,160.5,168.99999999998272,71.04539787749138,passive,
1.0,420.654,420.701,825.0999755859375,678.0,730.2999877929688,641.5999755859375,100.0,47.000000000025466,101.5480155536846,passive,
1.0,420.869,420.904,720.0,603.9000244140625,475.20001220703125,616.0999755859375,185.1999969482422,34.99999999996817,245.10380011748856,passive,
1.0,421.152,421.197,474.70001220703125,611.2000122070312,800.9000244140625,459.70001220703125,226.60000610351562,45.000000000015916,359.664702137793,passive,
1.0,421.431,421.511,754.2000122070312,521.7000122070312,859.5,586.9000244140625,90.0999984741211,80.00000000004093,123.85123746251546,passive,
1.0,421.536,421.625,859.2999877929688,581.2000122070312,861.0999755859375,582.7999877929688,84.4000015258789,88.99999999999864,2.4082935723106016,passive,
1.0,421.808,422.231,854.2999877929688,618.2000122070312,833.0,493.70001220703125,478.79998779296875,423.0000000000018,126.30890499082247,passive,
1.0,422.468,422.503,828.0,524.7999877929688,826.4000244140625,527.0999755859375,67.69999694824219,34.99999999996817,2.8017611824353104,passive,
1.0,422.579,422.594,823.5999755859375,551.0999755859375,823.0999755859375,537.7000122070312,66.30000305175781,14.999999999986358,13.409288517890447,passive,
1.0,422.788,422.83,821.2000122070312,549.2000122070312,787.2999877929688,726.5999755859375,129.39999389648438,41.99999999997317,180.60996279859899,passive,
1.0,423.08,423.147,786.0,706.0,834.7000122070312,365.79998779296875,171.10000610351562,67.00000000000728,343.66806586389316,passive,
1.0,423.385,423.408,800.0,469.3999938964844,907.7999877929688,435.1000061035156,150.1999969482422,23.000000000024556,113.1252691964179,passive,
1.0,423.622,423.66,924.0999755859375,448.0,1201.5999755859375,438.6000061035156,204.89999389648438,38.000000000010914,277.6591613566063,passive,
1.0,423.87,423.919,1211.9000244140625,445.20001220703125,709.7999877929688,417.8999938964844,285.5,48.99999999997817,502.84166272760245,passive,
1.0,424.232,424.25,705.5,418.1000061035156,705.7000122070312,419.5,60.70000076293945,17.99999999997226,1.4142092465950766,passive,
1.0,424.286,424.322,708.2000122070312,420.79998779296875,447.20001220703125,462.5,212.3000030517578,36.000000000001364,264.31021739249235,passive,
1.0,424.589,425.15,417.20001220703125,478.5,842.5999755859375,408.3999938964844,814.7999877929688,560.9999999999786,431.1370312307767,passive,
1.0,425.423,425.448,819.4000244140625,457.0,826.9000244140625,537.7999877929688,102.0,24.999999999977263,81.14732298322538,passive,
1.0,425.687,426.184,812.5999755859375,550.0,815.5999755859375,479.20001220703125,579.9000244140625,497.0000000000141,70.86351862195755,passive,
1.0,426.214,426.361,814.0,462.70001220703125,817.9000244140625,473.5,90.5999984741211,146.99999999999136,11.482592336165103,passive,
1.0,426.417,426.468,820.7999877929688,504.1000061035156,820.5999755859375,484.6000061035156,60.29999923706055,51.000000000044565,19.50102573925181,passive,
1.0,426.655,426.665,827.4000244140625,482.70001220703125,835.2999877929688,444.1000061035156,79.0,10.000000000047748,39.40012554014902,passive,
1.0,426.786,426.802,847.0,399.5,847.5999755859375,392.8999938964844,56.5,16.000000000019554,6.627220478463392,passive,
1.0,426.939,426.952,848.5,427.20001220703125,850.7000122070312,405.6000061035156,54.0,12.999999999976808,21.711755281022278,passive,
1.0,427.323,427.347,851.0999755859375,431.70001220703125,857.0999755859375,488.70001220703125,75.4000015258789,24.00000000000091,57.3149195236284,passive,
1.0,427.398,427.417,859.0,503.5,860.7999877929688,496.6000061035156,70.30000305175781,18.999999999948614,7.130909607221097,passive,
1.0,427.931,427.953,841.9000244140625,520.9000244140625,864.7999877929688,441.3999938964844,122.9000015258789,21.99999999999136,82.73247956547114,passive,
1.0,428.279,428.738,844.9000244140625,442.1000061035156,810.2000122070312,492.79998779296875,349.3999938964844,459.0000000000032,61.437602414799684,passive,
1.0,428.906,428.924,810.0,535.7999877929688,806.2000122070312,534.4000244140625,55.099998474121094,17.99999999997226,4.049667231883395,passive,
1.0,429.275,429.337,816.7000122070312,558.9000244140625,834.2000122070312,429.8999938964844,90.0999984741211,62.00000000001182,130.18163416371792,passive,
1.0,429.541,429.584,843.9000244140625,435.5,477.0,423.1000061035156,251.0,43.00000000000637,367.1095037773777,passive,
1.0,429.889,429.932,478.6000061035156,430.1000061035156,728.2999877929688,585.5,187.1999969482422,43.00000000000637,294.10752958525325,passive,
1.0,430.22,430.663,742.7000122070312,591.0999755859375,862.2999877929688,371.20001220703125,749.4000244140625,442.99999999998363,250.32009119166037,passive,
1.0,431.037,431.077,812.7999877929688,427.1000061035156,849.2999877929688,624.7999877929688,186.3000030517578,40.000000000020464,201.0411220621545,passive,
1.0,431.295,431.326,847.4000244140625,619.7000122070312,841.2999877929688,525.2999877929688,99.69999694824219,31.00000000000591,94.59690828010332,passive,
1.0,432.135,432.148,832.2000122070312,512.2000122070312,805.4000244140625,493.79998779296875,54.20000076293945,13.000000000033651,32.50846419228952,passive,
1.0,432.792,433.15,760.4000244140625,510.6000061035156,783.5999755859375,413.1000061035156,647.5999755859375,358.0000000000041,100.22219182584955,passive,
1.0,433.182,433.186,773.2999877929688,412.29998779296875,771.4000244140625,405.70001220703125,54.400001525878906,3.999999999962256,6.868008341299237,passive,
1.0,433.472,433.508,765.2000122070312,460.1000061035156,812.2999877929688,535.5999755859375,118.9000015258789,36.000000000001364,88.9868141470552,passive,
1.0,433.549,433.56,817.2000122070312,507.20001220703125,813.7999877929688,536.4000244140625,66.30000305175781,11.000000000024102,29.39729373440683,passive,
1.0,434.558,434.613,823.0999755859375,525.7999877929688,643.7000122070312,562.5,184.3000030517578,55.00000000000682,183.11536734078095,passive,
1.0,434.752,434.837,640.9000244140625,579.0999755859375,1030.0999755859375,756.7000122070312,282.3999938964844,84.99999999997954,427.8064690955523,passive,
1.0,435.115,435.493,1014.2999877929688,733.0,1352.0,391.5,555.5999755859375,377.9999999999859,480.2744509596873,passive,
1.0,435.563,435.894,1360.5,414.1000061035156,840.7000122070312,401.20001220703125,578.5999755859375,331.0000000000173,519.96003418734,passive,
1.0,436.198,436.216,843.5999755859375,441.0,815.9000244140625,522.5,116.0,18.000000000029104,86.07866922138294,passive,
1.0,437.358,437.395,820.7000122070312,528.0999755859375,684.7000122070312,700.7999877929688,259.79998779296875,36.99999999997772,219.82105043946257,passive,
1.0,437.618,437.64,688.2999877929688,721.7999877929688,577.0999755859375,748.0,126.80000305175781,21.99999999999136,114.2448395092421,passive,
1.0,437.951,438.302,556.5,764.9000244140625,989.2999877929688,690.0,311.5,350.9999999999991,439.23324451915187,passive,
1.0,438.332,438.373,984.4000244140625,657.7999877929688,860.0,663.0999755859375,175.10000610351562,40.99999999999682,124.51287461473598,passive,
1.0,438.427,438.6,807.5999755859375,669.2000122070312,549.5999755859375,746.7999877929688,204.1999969482422,173.00000000000182,269.4174385798701,passive,
1.0,438.863,438.986,560.7999877929688,768.7999877929688,288.79998779296875,459.8999938964844,240.10000610351562,122.99999999999045,411.58620753038855,passive,
1.0,439.056,439.061,260.3999938964844,517.0,258.20001220703125,533.5999755859375,59.5,4.9999999999954525,16.74512194305106,passive,
1.0,439.229,439.915,248.8000030517578,546.4000244140625,801.9000244140625,482.6000061035156,506.1000061035156,686.0000000000355,556.7675241673206,passive,
1.0,440.034,440.042,812.5,469.8999938964844,813.2000122070312,512.4000244140625,84.30000305175781,7.999999999981355,42.50579502944351,passive,
1.0,440.147,440.153,811.7000122070312,514.4000244140625,810.9000244140625,536.0,48.599998474121094,6.000000000028649,21.614784888635718,passive,
1.0,440.262,440.615,805.0999755859375,525.0999755859375,442.0,584.5999755859375,309.6000061035156,353.00000000000864,367.94271601773613,passive,
1.0,441.106,441.182,477.5,577.4000244140625,638.9000244140625,596.9000244140625,151.89999389648438,76.00000000002183,162.57373059895,passive,
1.0,441.245,441.869,632.2000122070312,592.5,1085.0,477.20001220703125,1071.199951171875,624.0000000000236,467.2493083251931,passive,
1.0,442.015,442.025,1090.9000244140625,452.70001220703125,1091.5999755859375,432.70001220703125,64.19999694824219,9.999999999990905,20.012244542854486,passive,
1.0,442.178,442.223,1089.0,419.1000061035156,1072.800048828125,455.29998779296875,81.5999984741211,45.000000000015916,39.65951452410727,passive,
1.0,442.306,442.372,1066.800048828125,484.3999938964844,691.9000244140625,560.7999877929688,268.79998779296875,66.00000000003092,382.60552449363234,passive,
1.0,442.524,442.587,699.4000244140625,538.5,823.4000244140625,487.79998779296875,168.89999389648438,62.99999999998818,133.96451484551093,passive,
1.0,443.566,443.616,820.2000122070312,527.7999877929688,661.7000122070312,284.5,209.39999389648438,50.00000000001137,290.3741277387824,passive,
1.0,444.04,444.413,652.0999755859375,302.5,1138.0,453.8999938964844,1380.5,372.99999999999045,508.94085302463395,passive,
1.0,444.479,445.314,1144.0,394.79998779296875,888.4000244140625,462.3999938964844,312.20001220703125,835.0000000000364,264.38817739212016,passive,
1.0,445.358,445.401,832.4000244140625,454.29998779296875,840.5999755859375,489.20001220703125,85.5999984741211,43.00000000000637,35.85039613900093,passive,
1.0,445.518,445.523,838.7999877929688,519.0999755859375,835.5999755859375,537.4000244140625,51.79999923706055,5.000000000052296,18.57772497473542,passive,
1.0,446.288,446.321,824.5999755859375,523.5999755859375,619.5,442.5,164.6999969482422,33.00000000001546,220.5520483364229,passive,
1.0,446.662,446.702,577.7000122070312,444.8999938964844,914.2999877929688,420.0,238.1999969482422,40.000000000020464,337.51970795865935,passive,
1.0,447.235,447.273,880.2000122070312,431.0,580.5999755859375,427.1000061035156,214.5,38.000000000010914,299.6254193084314,passive,
1.0,447.586,447.591,609.7999877929688,419.29998779296875,609.0999755859375,441.1000061035156,55.5,4.9999999999954525,21.811254329592597,passive,
1.0,447.69,448.115,609.0999755859375,444.70001220703125,840.5,503.29998779296875,714.5999755859375,425.00000000001137,238.7046887631267,passive,
1.0,448.232,448.241,834.0,559.2000122070312,806.7999877929688,553.4000244140625,55.20000076293945,8.999999999957708,27.81151780218468,passive,
1.0,448.534,448.766,805.4000244140625,556.7999877929688,788.0999755859375,568.0,105.30000305175781,232.00000000002774,20.609026248058353,passive,
1.0,448.814,448.958,784.0999755859375,552.0,778.4000244140625,603.4000244140625,102.4000015258789,144.00000000000546,51.715103723457624,passive,
1.0,449.242,449.283,771.9000244140625,623.2999877929688,1023.7000122070312,789.7999877929688,230.3000030517578,40.99999999999682,301.8699783889402,passive,
1.0,449.557,449.615,1010.0999755859375,783.9000244140625,743.5,576.9000244140625,167.1999969482422,57.999999999992724,337.5271055521652,passive,
1.0,450.145,450.164,756.4000244140625,601.5,756.7000122070312,598.4000244140625,85.0,19.000000000005457,3.1144568241250044,passive,
1.0,450.24,450.263,759.7999877929688,588.5,756.2999877929688,590.4000244140625,141.0,22.999999999967713,3.982473198156335,passive,
1.0,450.323,450.387,756.2000122070312,587.4000244140625,763.9000244140625,535.7000122070312,136.0,64.00000000002137,52.27027310236298,passive,
1.0,450.552,450.572,761.0,541.7000122070312,849.7000122070312,499.6000061035156,135.89999389648438,19.99999999998181,98.18402456328394,passive,
1.0,450.737,451.146,866.0,512.0,790.7000122070312,483.0,630.5,408.9999999999918,80.6913140407395,passive,
1.0,451.874,451.916,823.7999877929688,505.0,519.4000244140625,514.5,180.10000610351562,41.99999999997317,304.54816976150005,passive,
1.0,452.109,452.147,514.0,477.5,293.20001220703125,432.70001220703125,162.1999969482422,38.000000000010914,225.299075709656,passive,
1.0,452.242,452.45,284.8999938964844,440.20001220703125,869.7999877929688,371.8999938964844,334.5,207.99999999997,588.8742610789917,passive,
1.0,452.809,452.859,841.7000122070312,412.0,356.3999938964844,397.3999938964844,290.20001220703125,49.999999999954525,485.51958554773034,passive,
1.0,452.988,453.001,370.1000061035156,424.0,376.79998779296875,397.1000061035156,56.20000076293945,12.999999999976808,27.72182220327343,passive,
1.0,453.094,453.102,373.3999938964844,412.6000061035156,378.70001220703125,384.8999938964844,67.4000015258789,7.999999999981355,28.202497590848445,passive,
1.0,453.182,453.222,376.5,396.29998779296875,282.79998779296875,565.7000122070312,132.0,39.99999999996362,193.5873460716965,passive,
1.0,453.507,453.596,273.6000061035156,573.0,876.5999755859375,612.2000122070312,360.8999938964844,88.99999999999864,604.2727895188009,passive,
1.0,453.665,454.111,865.9000244140625,578.2000122070312,824.5999755859375,521.4000244140625,508.0,445.99999999996953,70.22771992943319,passive,
1.0,454.795,454.826,816.7000122070312,536.4000244140625,668.0,486.8999938964844,142.10000610351562,31.00000000000591,156.7225148203423,passive,
1.0,455.009,455.029,657.0999755859375,481.8999938964844,656.0999755859375,387.1000061035156,90.4000015258789,19.99999999998181,94.80526190854084,passive,
1.0,455.475,456.389,664.0999755859375,332.5,716.7000122070312,376.29998779296875,688.2000122070312,913.9999999999873,68.4485411327708,passive,
1.0,456.996,457.028,741.2000122070312,371.3999938964844,844.0999755859375,498.8999938964844,156.8000030517578,32.00000000003911,163.843377844148,passive,
1.0,457.242,457.249,836.2999877929688,513.7999877929688,819.5,514.5999755859375,41.5,7.000000000005002,16.819024059463082,passive,
1.0,457.865,457.903,816.0999755859375,532.7000122070312,621.0,447.1000061035156,152.5,38.000000000010914,213.0524853611319,passive,
1.0,458.912,458.941,641.0999755859375,448.0,785.5,489.6000061035156,122.69999694824219,28.999999999996362,150.27284371633613,passive,
1.0,459.184,459.627,800.2000122070312,531.5,756.5,399.3999938964844,603.2999877929688,442.99999999998363,139.1405860252268,passive,
1.0,459.663,459.681,750.4000244140625,401.8999938964844,745.5,421.79998779296875,63.29999923706055,17.99999999997226,20.49438938681814,passive,
1.0,459.717,459.747,733.0999755859375,441.1000061035156,844.7999877929688,507.3999938964844,129.60000610351562,30.00000000002956,129.89449991588842,passive,
1.0,460.767,460.791,827.9000244140625,519.0999755859375,718.0,572.2000122070312,145.8000030517578,24.00000000000091,122.05584482265907,passive,
1.0,461.061,461.134,714.2000122070312,576.2999877929688,1018.9000244140625,563.7999877929688,175.89999389648438,73.00000000003593,304.9563041469466,passive,
1.0,461.189,461.366,1013.0,609.2999877929688,589.2999877929688,576.5,270.20001220703125,176.99999999996407,424.96769235255675,passive,
1.0,461.427,461.461,595.2000122070312,555.2000122070312,598.2000122070312,537.4000244140625,72.0,33.999999999991815,18.051026714008167,passive,
1.0,461.528,461.973,603.2000122070312,547.7000122070312,842.7999877929688,440.1000061035156,257.79998779296875,444.9999999999932,262.65168877100035,passive,
1.0,462.087,462.124,835.5999755859375,505.0,920.2000122070312,371.70001220703125,157.6999969482422,37.00000000003456,157.87986870369517,passive,
1.0,462.405,462.436,910.7000122070312,425.6000061035156,959.5,553.5,137.10000610351562,31.00000000000591,136.89356174530138,passive,
1.0,462.599,462.618,952.0999755859375,552.5999755859375,863.0999755859375,550.7000122070312,119.80000305175781,19.000000000005457,89.02027780703217,passive,
1.0,462.803,462.961,838.0,549.2000122070312,816.4000244140625,583.9000244140625,113.30000305175781,158.00000000001546,40.8735830638961,passive,
1.0,463.009,463.028,802.4000244140625,602.4000244140625,800.4000244140625,589.7000122070312,96.0999984741211,19.000000000005457,12.856527916149942,passive,
1.0,463.178,463.381,797.5999755859375,595.9000244140625,801.0,535.7000122070312,127.9000015258789,202.99999999997453,60.29595040915213,passive,
1.0,463.473,463.514,812.7999877929688,510.29998779296875,977.5,413.6000061035156,128.60000610351562,40.99999999999682,190.98947740579013,passive,
1.0,463.877,463.922,968.7000122070312,415.0,838.5,651.0999755859375,264.1000061035156,45.000000000015916,269.62055123894277,passive,
1.0,464.029,464.039,844.2000122070312,630.2000122070312,840.7999877929688,664.5,108.0999984741211,9.999999999990905,34.46809145592524,passive,
1.0,464.094,464.14,842.4000244140625,667.2000122070312,966.4000244140625,412.70001220703125,272.79998779296875,45.99999999999227,283.1011303403785,passive,
1.0,464.629,464.676,945.7999877929688,420.6000061035156,902.7000122070312,708.4000244140625,195.6999969482422,46.99999999996862,291.0093786032669,passive,
1.0,464.802,464.806,903.5999755859375,712.4000244140625,901.0,682.0,62.900001525878906,3.999999999962256,30.51100387439042,passive,
1.0,464.879,464.885,899.9000244140625,680.5,903.2000122070312,698.2999877929688,76.9000015258789,5.999999999971806,18.10330038594011,passive,
1.0,464.923,465.005,903.9000244140625,702.7000122070312,962.7999877929688,386.79998779296875,159.1999969482422,81.99999999999363,321.3441007873675,passive,
1.0,465.574,465.715,808.0999755859375,575.9000244140625,809.7999877929688,583.7999877929688,100.0999984741211,140.9999999999627,8.08080830685366,,
1.0,465.942,465.947,818.9000244140625,561.2999877929688,820.2000122070312,533.5999755859375,67.19999694824219,4.9999999999954525,27.73050025750614,,
1.0,466.039,466.046,824.7999877929688,540.2000122070312,827.2000122070312,515.4000244140625,65.69999694824219,7.000000000005002,24.915848605245117,passive,
1.0,467.226,467.297,827.0999755859375,526.7999877929688,742.0,666.5,127.0,71.00000000002638,163.5790306101972,passive,
1.0,467.787,467.812,721.2999877929688,704.5,867.2000122070312,726.4000244140625,148.39999389648438,25.000000000034106,147.5344983160229,passive,
1.0,468.114,468.319,882.5999755859375,725.7000122070312,816.9000244140625,362.79998779296875,746.4000244140625,205.00000000004093,368.7992832201737,passive,
1.0,468.38,468.385,807.5,415.20001220703125,808.0,433.70001220703125,69.19999694824219,4.9999999999954525,18.506755523321747,passive,
1.0,468.582,468.658,825.0999755859375,410.29998779296875,775.7999877929688,558.9000244140625,141.8000030517578,76.00000000002183,156.56455435435336,passive,
1.0,468.725,468.832,779.4000244140625,542.0999755859375,785.7000122070312,548.0,88.69999694824219,106.9999999999709,8.631346029333363,passive,
1.0,468.973,469.301,794.2000122070312,552.9000244140625,777.5,588.5,109.0,327.99999999997453,39.32236856338055,passive,
1.0,469.365,469.398,780.2999877929688,589.5999755859375,778.2999877929688,582.7999877929688,82.19999694824219,33.00000000001546,7.088006347663919,passive,
1.0,469.436,469.451,776.2999877929688,592.4000244140625,777.7000122070312,564.0999755859375,82.5,15.000000000043201,28.334657789255726,passive,
1.0,469.476,469.56,777.5,584.2999877929688,778.2000122070312,548.5999755859375,117.30000305175781,84.00000000000318,35.70687452959406,passive,
1.0,469.6,469.648,781.7000122070312,537.0999755859375,825.5999755859375,522.7000122070312,94.5999984741211,48.00000000000182,46.20136069406561,passive,
1.0,469.707,469.716,815.9000244140625,536.5,815.7999877929688,501.29998779296875,77.19999694824219,9.000000000014552,35.20015435620572,passive,
1.0,469.996,470.03,825.0999755859375,529.7000122070312,621.2000122070312,441.5,166.5,33.999999999991815,222.1585857427972,passive,
1.0,470.103,470.254,585.5,436.29998779296875,612.0,434.6000061035156,70.0,151.00000000001046,26.55447114413081,passive,
1.0,470.284,470.303,619.0999755859375,437.1000061035156,621.4000244140625,429.0,66.80000305175781,19.000000000005457,8.420232983044446,passive,
1.0,470.801,470.818,635.7000122070312,437.70001220703125,635.0999755859375,436.20001220703125,80.5,16.999999999995907,1.6155630432309365,passive,
1.0,472.406,472.883,647.9000244140625,412.1000061035156,817.5,550.5999755859375,1143.9000244140625,476.99999999997544,218.96664875131643,passive,
1.0,473.354,473.379,814.4000244140625,579.7000122070312,939.0,576.0,137.5,25.000000000034106,124.65489964838287,passive,
1.0,473.517,473.526,947.0999755859375,544.0,947.4000244140625,568.5999755859375,78.0,9.000000000014552,24.601805383507532,passive,
1.0,473.554,473.598,946.7000122070312,543.2999877929688,944.5999755859375,577.9000244140625,92.0,44.00000000003956,34.66370851468382,passive,
1.0,473.689,473.74,943.9000244140625,576.5,959.4000244140625,742.7000122070312,121.19999694824219,50.99999999998772,166.92122111228798,passive,
1.0,473.978,473.993,949.9000244140625,713.0999755859375,895.2000122070312,716.0999755859375,73.4000015258789,14.999999999986358,54.7822173287041,passive,
1.0,474.347,474.371,880.9000244140625,721.9000244140625,846.4000244140625,586.0999755859375,204.60000610351562,24.00000000000091,140.11389389250851,passive,
1.0,475.328,475.349,821.9000244140625,533.2999877929688,730.4000244140625,588.5999755859375,135.8000030517578,21.000000000015007,106.9127618664044,passive,
1.0,475.596,475.65,725.0,596.5999755859375,944.2999877929688,338.1000061035156,186.6999969482422,53.999999999973625,338.99073566752423,passive,
1.0,475.876,475.906,933.2000122070312,371.29998779296875,964.5999755859375,318.70001220703125,69.69999694824219,30.00000000002956,61.25940851687906,passive,
1.0,476.144,476.156,966.2000122070312,334.8999938964844,984.9000244140625,373.3999938964844,80.19999694824219,12.000000000000455,42.80117354165792,passive,
1.0,476.325,476.34,985.5,397.20001220703125,920.0,398.70001220703125,92.9000015258789,14.999999999986358,65.51717332119877,passive,
1.0,476.543,476.595,912.5,390.8999938964844,603.9000244140625,633.7999877929688,300.29998779296875,52.00000000002092,392.72681595041786,passive,
1.0,476.78,476.817,609.4000244140625,627.5999755859375,463.8999938964844,609.4000244140625,129.89999389648438,37.00000000003456,146.63388797707984,passive,
1.0,477.027,477.058,461.3999938964844,602.5,672.7999877929688,627.2000122070312,194.5,31.00000000000591,212.83807935250007,passive,
1.0,477.184,477.658,657.5,614.0,789.5999755859375,541.2000122070312,466.5,473.99999999998954,150.83183275576042,passive,
1.0,478.224,478.25,793.7999877929688,564.2999877929688,937.7000122070312,524.0,147.10000610351562,26.00000000001046,149.43662885143394,passive,
1.0,478.564,478.613,953.0,491.6000061035156,846.9000244140625,445.1000061035156,121.69999694824219,48.99999999997817,115.8423705702561,passive,
1.0,478.881,478.925,833.9000244140625,410.70001220703125,1164.5999755859375,505.3999938964844,236.89999389648438,44.00000000003956,343.9920700206086,passive,
1.0,479.128,479.509,1168.0,493.70001220703125,621.9000244140625,430.29998779296875,402.79998779296875,381.00000000002865,549.7679023284874,passive,
1.0,479.635,479.685,603.7999877929688,449.5,814.5,522.2000122070312,214.0,50.00000000001137,222.889629455804,passive,
1.0,480.616,480.629,805.4000244140625,507.79998779296875,850.4000244140625,507.1000061035156,75.69999694824219,13.000000000033651,45.00544383033645,passive,
1.0,480.772,480.813,867.5999755859375,504.3999938964844,767.9000244140625,275.0,177.0,40.99999999999682,250.12884172638175,passive,
1.0,481.01,481.059,751.2999877929688,361.20001220703125,294.20001220703125,395.8999938964844,284.79998779296875,49.000000000035016,458.41517907887066,passive,
1.0,481.26,481.284,311.1000061035156,382.20001220703125,196.39999389648438,490.1000061035156,163.89999389648438,24.00000000000091,157.4753996126204,passive,
1.0,481.371,481.849,200.89999389648438,494.6000061035156,800.5999755859375,484.5,352.29998779296875,478.00000000000864,599.7850266233906,passive,
1.0,482.072,482.085,803.4000244140625,532.7000122070312,802.0999755859375,508.79998779296875,73.5,12.999999999976808,23.93535656614066,passive,
1.0,482.496,482.545,810.5999755859375,536.2999877929688,680.2999877929688,452.0,142.8000030517578,49.000000000035016,155.19205765999266,passive,
1.0,482.584,482.632,676.0,453.70001220703125,675.0999755859375,471.20001220703125,66.30000305175781,48.00000000000182,17.523128828662664,passive,
1.0,482.828,482.874,685.0,472.8999938964844,1152.4000244140625,507.8999938964844,295.20001220703125,46.00000000004911,468.70863318512306,passive,
1.0,483.193,483.245,1141.5999755859375,537.0999755859375,773.2999877929688,430.79998779296875,228.89999389648438,52.00000000002092,383.33349503152766,passive,
1.0,483.475,483.497,767.4000244140625,446.6000061035156,831.0999755859375,519.2999877929688,127.9000015258789,21.99999999999136,96.65904570678359,passive,
1.0,484.657,484.833,824.9000244140625,475.1000061035156,811.5,567.2000122070312,133.39999389648438,176.00000000004457,93.0697146152554,passive,
1.0,484.859,484.877,810.4000244140625,563.5,808.9000244140625,568.5999755859375,94.0,18.000000000029104,5.315990121995953,passive,
1.0,485.007,485.014,811.2999877929688,543.7999877929688,804.2999877929688,570.0,72.30000305175781,7.000000000005002,27.119008824966052,passive,
1.0,485.052,485.176,811.0,566.0999755859375,805.7999877929688,501.79998779296875,100.30000305175781,123.9999999999668,64.50991053419006,passive,
1.0,485.247,485.322,817.5,478.6000061035156,817.7999877929688,486.6000061035156,79.19999694824219,74.99999999998863,8.00562256641732,passive,
1.0,485.614,486.231,811.5,519.9000244140625,827.7000122070312,511.5,558.0999755859375,617.0000000000186,18.248309665961052,passive,
1.0,486.651,486.676,801.0,552.0999755859375,961.5,522.5999755859375,168.89999389648438,24.999999999977263,163.1885412643915,passive,
1.0,486.758,486.869,988.5,515.0,977.7000122070312,536.5,80.5,111.00000000004684,24.060127521031013,passive,
1.0,486.908,486.918,980.0,514.0,980.5999755859375,532.7999877929688,69.30000305175781,9.999999999990905,18.80955905170281,passive,
1.0,486.957,486.995,979.0,538.9000244140625,1161.0999755859375,477.8999938964844,159.10000610351562,38.000000000010914,192.04531973350586,passive,
1.0,487.217,487.255,1152.5,497.6000061035156,856.9000244140625,417.79998779296875,254.1999969482422,38.000000000010914,306.1819532382182,passive,
1.0,487.613,487.865,837.4000244140625,430.1000061035156,807.0,483.29998779296875,723.5999755859375,252.00000000000955,61.27315510183676,passive,
1.0,488.83,488.858,803.4000244140625,550.7999877929688,659.0999755859375,572.5999755859375,142.1999969482422,28.00000000002001,145.93746455099475,passive,
1.0,489.556,489.579,642.7999877929688,577.0999755859375,779.0,550.2000122070312,235.5,23.000000000024556,138.83101726553025,passive,
1.0,490.663,490.677,826.4000244140625,526.0,854.7000122070312,516.2999877929688,54.70000076293945,14.000000000010004,29.916208748749156,passive,
1.0,490.848,491.299,852.4000244140625,503.1000061035156,748.0999755859375,534.0,184.89999389648438,450.999999999965,108.78101768393248,passive,
1.0,491.445,491.458,745.5,539.0,794.0,542.9000244140625,79.5999984741211,13.000000000033651,48.65655341709155,passive,
1.0,491.666,491.719,789.7999877929688,548.2999877929688,789.0,553.9000244140625,109.80000305175781,52.99999999999727,5.656888776217022,passive,
1.0,491.931,491.943,811.4000244140625,518.0999755859375,815.7999877929688,528.9000244140625,64.5,12.000000000000455,11.661935192136864,passive,
1.0,493.26,493.265,816.2999877929688,519.7000122070312,806.9000244140625,517.0,62.20000076293945,4.9999999999954525,9.780049971390554,,
1.0,493.388,493.4,789.2999877929688,587.7000122070312,788.2999877929688,540.0,99.4000015258789,12.000000000000455,47.71049323315501,,
1.0,493.606,493.619,799.0,531.2999877929688,798.5999755859375,523.5999755859375,61.0,13.000000000033651,7.710396067665805,,
1.0,493.658,493.663,797.5,522.5,810.2999877929688,520.9000244140625,48.5,4.9999999999954525,12.899597256338861,,
1.0,493.939,494.164,810.9000244140625,523.9000244140625,803.0,525.0,136.3000030517578,224.9999999999659,7.976235454927474,passive,
1.0,494.189,494.242,805.0999755859375,508.20001220703125,804.7999877929688,523.7000122070312,109.19999694824219,52.99999999999727,15.502902717747094,passive,
1.0,494.581,494.596,817.2999877929688,492.20001220703125,814.7999877929688,497.29998779296875,73.5,14.999999999986358,5.679766806582691,passive,
1.0,494.644,494.881,803.0999755859375,529.2000122070312,486.79998779296875,616.7000122070312,888.4000244140625,236.99999999996635,328.17972557400947,passive,
1.0,495.118,495.181,470.5,642.7000122070312,1039.5,618.2000122070312,335.79998779296875,62.99999999998818,569.5272162065655,passive,
1.0,495.37,495.384,1009.5,660.4000244140625,1067.4000244140625,651.2000122070312,94.30000305175781,14.000000000010004,58.62638528647794,passive,
1.0,495.677,495.701,1074.4000244140625,662.2999877929688,1189.800048828125,607.9000244140625,137.0,24.00000000000091,127.57947190042982,passive,
1.0,496.081,496.101,1213.9000244140625,559.4000244140625,1121.0999755859375,602.2000122070312,116.0999984741211,19.99999999998181,102.1943639227754,passive,
1.0,496.424,496.429,1081.5,596.5999755859375,1082.5,609.5,40.20000076293945,4.9999999999954525,12.93872597605377,passive,
1.0,496.624,496.653,1086.5,607.7000122070312,1203.0999755859375,524.7000122070312,165.60000610351562,28.999999999996362,143.12426176802177,passive,
1.0,496.952,497.014,1207.5999755859375,533.2999877929688,526.9000244140625,513.5,307.29998779296875,62.00000000001182,680.9878582192158,passive,
1.0,497.221,497.287,542.4000244140625,516.4000244140625,810.4000244140625,521.7999877929688,302.6000061035156,65.99999999997408,268.05439672665983,passive,
1.0,497.317,497.647,810.0,532.4000244140625,834.7999877929688,494.70001220703125,429.1000061035156,329.9999999999841,45.125716780364876,passive,
1.0,498.339,498.374,811.7000122070312,543.0,725.5999755859375,670.5,100.4000015258789,35.00000000002501,153.84884239458444,passive,
1.0,498.645,498.671,702.5999755859375,688.5,799.4000244140625,590.0,155.39999389648438,26.00000000001046,138.10322028514537,passive,
1.0,498.826,499.196,802.7000122070312,556.2999877929688,817.2000122070312,530.0999755859375,492.8999938964844,370.00000000000455,29.94479319762597,passive,
1.0,499.287,499.298,818.7999877929688,544.2999877929688,785.7999877929688,561.7000122070312,65.4000015258789,11.000000000024102,37.30631112305224,passive,
1.0,499.477,499.494,781.7000122070312,570.0999755859375,784.4000244140625,575.2000122070312,64.30000305175781,17.00000000005275,5.770653295305057,passive,
1.0,499.678,499.687,787.0,554.2000122070312,786.7999877929688,572.0999755859375,61.0,9.000000000014552,17.901080801145678,passive,
1.0,499.876,499.89,796.9000244140625,567.4000244140625,836.2999877929688,545.5,68.0999984741211,14.000000000010004,45.07735777078873,passive,
1.0,501.22,501.328,823.5999755859375,550.5,1232.800048828125,377.3999938964844,287.1000061035156,107.99999999994725,444.30655189232664,passive,
1.0,501.529,501.651,1213.0,437.1000061035156,1314.5,273.8999938964844,329.6000061035156,122.0000000000141,192.1886936954803,passive,
1.0,501.846,501.868,1314.699951171875,305.8999938964844,1374.800048828125,272.70001220703125,97.9000015258789,21.99999999999136,68.66047278071139,passive,
1.0,502.305,502.993,1376.0,249.1999969482422,805.2000122070312,494.29998779296875,854.7999877929688,687.9999999999882,621.1977395133841,passive,
1.0,503.032,503.06,807.0999755859375,486.70001220703125,806.7999877929688,526.9000244140625,77.9000015258789,28.00000000002001,40.20113150299866,passive,
1.0,503.717,503.753,812.2999877929688,551.5,1015.5,517.2000122070312,140.3000030517578,36.000000000001364,206.0745838853871,passive,
1.0,504.09,504.134,1018.2000122070312,505.79998779296875,746.4000244140625,495.1000061035156,177.0,44.00000000003956,272.0105199664392,passive,
1.0,504.537,504.562,770.2999877929688,487.5,902.2000122070312,485.1000061035156,111.9000015258789,25.000000000034106,131.9218572152979,passive,
1.0,504.952,505.276,931.7000122070312,470.79998779296875,818.9000244140625,456.8999938964844,612.9000244140625,324.0000000000123,113.65318770899566,passive,
1.0,506.523,507.057,804.4000244140625,539.0,920.2000122070312,670.0,293.70001220703125,533.9999999999918,174.84460864679733,passive,
1.0,507.213,507.256,914.0,678.4000244140625,821.0,526.7000122070312,138.10000610351562,42.99999999994952,177.9378928267204,passive,
1.0,508.069,508.088,808.9000244140625,529.7000122070312,740.4000244140625,478.5,108.80000305175781,19.000000000005457,85.52012190122363,passive,
1.0,508.16,508.194,715.0,500.70001220703125,718.0999755859375,486.8999938964844,61.20000076293945,33.999999999991815,14.143915794603613,passive,
1.0,508.223,508.241,714.2000122070312,510.1000061035156,771.4000244140625,475.1000061035156,125.9000015258789,17.99999999997226,67.05849235171131,passive,
1.0,508.723,508.729,748.5,482.1000061035156,740.7000122070312,490.8999938964844,55.20000076293945,5.999999999971806,11.759234444761297,passive,
1.0,509.21,509.214,746.9000244140625,495.5,759.7000122070312,493.6000061035156,46.0,4.000000000019099,12.940234321944363,passive,
1.0,510.076,510.546,786.0,450.70001220703125,773.0,499.70001220703125,392.70001220703125,469.99999999997044,50.695167422546305,passive,
1.0,510.809,510.857,765.7000122070312,518.2000122070312,945.0,829.2999877929688,243.3000030517578,48.00000000000182,359.070578622267,passive,
1.0,511.07,511.079,939.5999755859375,838.0999755859375,959.5,854.5,50.400001525878906,9.000000000014552,25.787046602163063,passive,
1.0,511.42,511.445,963.0999755859375,844.5999755859375,976.4000244140625,959.5999755859375,124.5,24.999999999977263,115.76653790638515,passive,
1.0,511.618,511.865,958.5999755859375,982.7000122070312,758.2000122070312,452.79998779296875,785.5999755859375,247.0000000000141,566.5281821730416,passive,
1.0,511.963,511.99,715.7999877929688,469.79998779296875,753.7999877929688,481.1000061035156,75.0999984741211,26.999999999986812,39.644550871698556,passive,
1.0,512.401,512.411,748.5,507.3999938964844,769.7000122070312,487.79998779296875,62.29999923706055,9.999999999990905,28.87214499887606,passive,
1.0,513.243,513.303,760.7999877929688,490.5,1043.4000244140625,606.7999877929688,263.3999938964844,59.99999999994543,305.5952680570958,passive,
1.0,513.576,513.693,1041.199951171875,616.9000244140625,845.2999877929688,576.7999877929688,211.3000030517578,116.9999999999618,199.96201786556833,passive,
1.0,513.812,513.819,841.2999877929688,597.5999755859375,811.7000122070312,602.5999755859375,68.69999694824219,6.999999999948159,30.01930303468247,passive,
1.0,514.232,514.267,808.5,595.0,809.0999755859375,589.9000244140625,79.9000015258789,35.000000000081855,5.135145731221227,passive,
1.0,514.299,514.426,808.0,588.9000244140625,818.2999877929688,531.5,95.9000015258789,127.0000000000664,58.3168290570593,passive,
1.0,514.511,514.547,823.0999755859375,512.4000244140625,891.5999755859375,661.2000122070312,170.6999969482422,36.00000000005821,163.80990924601494,passive,
1.0,514.597,514.685,887.0,648.7999877929688,883.7999877929688,664.5,77.0,87.99999999996544,16.02281065937182,passive,
1.0,514.736,514.917,881.7000122070312,662.0999755859375,820.0999755859375,680.0,130.60000610351562,181.00000000004002,64.14807390517758,passive,
1.0,514.939,514.974,816.5,687.2999877929688,820.0,679.0999755859375,96.5999984741211,35.000000000081855,8.915727687377037,passive,
1.0,515.017,515.397,822.0,669.7999877929688,714.7999877929688,986.7000122070312,444.20001220703125,379.99999999999545,334.5406822657314,passive,
1.0,515.554,515.596,631.7000122070312,449.6000061035156,877.7000122070312,646.5999755859375,213.60000610351562,42.00000000003001,315.15867111040296,passive,
1.0,515.763,515.784,872.5999755859375,659.0999755859375,833.4000244140625,586.7000122070312,100.4000015258789,20.999999999958163,82.33098365223357,passive,
1.0,516.827,516.873,807.2000122070312,508.79998779296875,1181.4000244140625,638.5999755859375,261.8999938964844,46.00000000004911,396.0728291195916,passive,
1.0,517.182,517.223,1173.9000244140625,671.0,920.5,483.70001220703125,217.3000030517578,40.99999999993997,315.10769238514905,passive,
1.0,517.583,517.949,890.0,447.20001220703125,730.2999877929688,459.3999938964844,698.4000244140625,365.99999999998545,160.16533161751616,passive,
1.0,518.102,518.131,724.9000244140625,480.29998779296875,936.5,499.8999938964844,217.10000610351562,28.999999999996362,212.5057879381811,passive,
1.0,518.501,518.521,943.2999877929688,519.2999877929688,840.5999755859375,540.5,119.4000015258789,19.99999999998181,104.86530896775464,passive,
1.0,518.981,518.998,828.9000244140625,539.0,889.4000244140625,526.2999877929688,108.80000305175781,17.00000000005275,61.818608121331415,passive,
1.0,519.612,519.623,902.2999877929688,511.29998779296875,942.5,517.5,74.30000305175781,11.000000000080945,40.67531355518723,passive,
1.0,519.99,520.014,962.0,516.4000244140625,833.5,522.4000244140625,128.5,24.00000000000091,128.64000155472635,passive,
1.0,520.237,520.294,800.2000122070312,514.2000122070312,247.60000610351562,524.5,271.8999938964844,57.00000000001637,552.6959892148132,passive,
1.0,520.529,521.314,264.70001220703125,529.2999877929688,802.5,521.9000244140625,884.7000122070312,784.9999999999682,537.850896000115,passive,
1.0,521.703,521.744,797.0999755859375,556.7999877929688,999.2000122070312,386.70001220703125,194.10000610351562,41.00000000005366,264.1560646598597,passive,
1.0,521.966,522.012,995.9000244140625,403.20001220703125,570.9000244140625,497.1000061035156,304.3999938964844,45.999999999935426,435.24959374335987,passive,
1.0,522.232,522.249,581.9000244140625,501.3999938964844,534.5,452.70001220703125,89.4000015258789,17.00000000005275,67.95918283062849,passive,
1.0,522.329,522.345,534.5,444.8999938964844,529.7999877929688,451.20001220703125,65.5999984741211,16.000000000076398,7.860047420942743,passive,
1.0,522.496,522.608,527.9000244140625,460.1000061035156,547.4000244140625,671.2000122070312,156.1999969482422,111.99999999996635,211.99873248890978,passive,
1.0,522.865,523.318,550.2999877929688,682.7000122070312,991.0999755859375,351.6000061035156,625.5999755859375,452.99999999997453,551.3001390168785,passive,
1.0,523.733,523.749,819.5999755859375,500.3999938964844,819.0,508.8999938964844,64.19999694824219,16.000000000076398,8.521148438075764,,
1.0,524.111,524.144,811.2999877929688,505.70001220703125,815.0,526.5,55.400001525878906,33.00000000001546,21.12651373321754,constant,
1.0,524.267,524.613,814.7999877929688,520.9000244140625,821.9000244140625,508.6000061035156,1104.0999755859375,346.00000000000364,14.20214668494382,constant,
1.0,524.948,525.024,816.7999877929688,525.4000244140625,1060.0,513.5999755859375,149.1999969482422,76.00000000002183,243.4861127248252,constant,
1.0,525.193,525.231,1029.699951171875,558.5999755859375,709.2000122070312,474.8999938964844,253.3000030517578,38.000000000010914,331.24899669475735,constant,
1.0,525.387,525.439,689.7999877929688,510.5,1123.0999755859375,337.0,254.3000030517578,52.00000000002092,466.74525109677,constant,
1.0,525.676,525.694,1085.0999755859375,314.8999938964844,1086.4000244140625,341.0,74.19999694824219,17.999999999915417,26.132363948924752,constant,
1.0,525.723,525.775,1086.300048828125,343.8999938964844,778.2000122070312,685.2000122070312,316.1000061035156,52.00000000002092,459.7948836869533,constant,
1.0,526.154,526.171,804.0999755859375,660.7999877929688,805.0999755859375,642.2999877929688,57.900001525878906,17.00000000005275,18.527007313648905,constant,
1.0,526.288,526.387,805.2999877929688,639.0,392.0,506.79998779296875,265.8999938964844,98.9999999999327,433.92824653069925,constant,
1.0,526.599,526.908,405.20001220703125,522.5,1131.0999755859375,282.3999938964844,523.2999877929688,308.9999999999691,764.5775106321174,constant,
1.0,527.067,527.108,1137.800048828125,284.3999938964844,1394.4000244140625,433.70001220703125,216.60000610351562,40.99999999993997,296.87378284084525,constant,
1.0,527.388,527.438,1374.800048828125,458.6000061035156,828.4000244140625,630.7000122070312,458.79998779296875,49.999999999954525,572.862460613818,constant,
1.0,527.547,527.571,833.5999755859375,635.4000244140625,838.9000244140625,650.5999755859375,58.5,24.00000000000091,16.097485306963115,constant,
1.0,527.66,527.734,841.7000122070312,640.0999755859375,841.7000122070312,656.7000122070312,89.19999694824219,74.00000000006912,16.60003662109375,constant,
1.0,527.862,527.867,841.5999755859375,638.4000244140625,825.7000122070312,643.9000244140625,58.70000076293945,4.9999999999954525,16.824352452637214,constant,
1.0,528.001,528.23,817.9000244140625,643.2000122070312,716.4000244140625,363.0,1019.5999755859375,229.00000000004184,298.0172760777812,constant,
1.0,528.382,528.432,717.9000244140625,390.8999938964844,1086.4000244140625,272.6000061035156,255.60000610351562,50.00000000006821,387.02343225161,constant,
1.0,528.7,528.749,1053.300048828125,315.6000061035156,713.0999755859375,434.79998779296875,224.0,48.99999999997817,360.47846741345825,constant,
1.0,528.979,528.992,723.2000122070312,439.3999938964844,719.2999877929688,433.70001220703125,57.20000076293945,12.999999999919964,6.906517334401213,constant,
1.0,529.017,529.042,720.7000122070312,432.1000061035156,827.7000122070312,556.4000244140625,180.5,24.999999999977263,164.01065377591263,constant,
1.0,530.749,530.825,833.9000244140625,638.7000122070312,1368.5,530.9000244140625,495.29998779296875,76.00000000002183,545.3604049292992,constant,
1.0,531.157,531.468,1361.699951171875,521.0,1090.199951171875,287.5,953.9000244140625,310.9999999999218,358.0984501502345,constant,
1.0,531.629,531.694,1096.0999755859375,261.6000061035156,363.8999938964844,458.20001220703125,325.79998779296875,64.99999999994088,758.1348004055334,constant,
1.0,531.959,532.122,388.3999938964844,442.79998779296875,817.5999755859375,671.7000122070312,368.3999938964844,163.0000000000109,486.42352477957445,constant,
1.0,532.265,532.867,812.9000244140625,674.9000244140625,846.7999877929688,593.0999755859375,1089.5,601.9999999999754,88.5463466517666,constant,
1.0,533.973,533.987,860.5999755859375,614.4000244140625,829.5999755859375,653.5999755859375,77.69999694824219,14.000000000010004,49.97635612844722,constant,
1.0,535.852,536.155,832.4000244140625,656.0,496.29998779296875,463.70001220703125,841.7999877929688,302.99999999999727,387.22412104862025,constant,
1.0,536.256,536.271,500.79998779296875,451.29998779296875,498.79998779296875,483.0,81.19999694824219,14.999999999986358,31.763041005639405,constant,
1.0,536.461,536.537,490.3999938964844,533.0999755859375,831.7999877929688,668.0,262.0,76.00000000002183,367.08578346135147,constant,
1.0,538.74,538.826,835.9000244140625,669.0,722.2000122070312,438.6000061035156,173.60000610351562,86.00000000001273,256.92771349813376,constant,
1.0,538.859,539.579,727.2999877929688,416.0,1007.2000122070312,314.0,510.6000061035156,719.9999999999136,297.90606517322334,constant,
1.0,539.658,539.685,1000.0,307.3999938964844,991.0999755859375,353.79998779296875,92.5,26.99999999992997,47.24584498307439,constant,
1.0,539.792,539.828,988.2999877929688,376.79998779296875,1149.4000244140625,273.79998779296875,176.3000030517578,35.99999999994452,191.21250429644434,constant,
1.0,540.312,540.37,1117.0999755859375,321.29998779296875,813.5,613.0999755859375,236.6999969482422,57.999999999992724,421.0940251912375,constant,
1.0,540.864,540.937,838.4000244140625,591.5999755859375,1143.199951171875,214.6999969482422,215.89999389648438,72.99999999997908,484.72320890242406,constant,
1.0,542.041,542.052,1127.4000244140625,230.0,1106.699951171875,271.79998779296875,84.4000015258789,10.999999999967258,46.64474259468331,constant,
1.0,542.137,542.147,1099.699951171875,261.29998779296875,1099.9000244140625,270.0,63.0,10.000000000104592,8.702312434332162,constant,
1.0,542.344,542.575,1099.5,283.79998779296875,323.20001220703125,274.79998779296875,785.5,230.99999999999454,776.3521565934903,constant,
1.0,542.615,542.696,330.6000061035156,248.3000030517578,312.5,339.3999938964844,124.19999694824219,81.00000000001728,92.88066834845972,constant,
1.0,542.781,542.909,307.5,373.0,834.4000244140625,676.2000122070312,329.20001220703125,128.00000000004275,607.9094366185506,constant,
1.0,542.955,542.976,836.7000122070312,676.0999755859375,831.4000244140625,676.2000122070312,163.60000610351562,20.999999999958163,5.300931798389564,constant,
1.0,543.116,543.123,838.5999755859375,679.5999755859375,838.4000244140625,689.7999877929688,67.4000015258789,7.000000000061846,10.201971843458534,constant,
1.0,543.423,544.233,812.9000244140625,664.7000122070312,848.2000122070312,618.0999755859375,427.1000061035156,809.9999999999454,58.46069236051709,constant,
1.0,544.255,544.317,812.9000244140625,664.7000122070312,848.2000122070312,618.0999755859375,0.0,62.00000000001182,58.46069236051709,constant,
1.0,544.388,544.504,841.2000122070312,602.4000244140625,393.1000061035156,519.7000122070312,232.1999969482422,115.99999999998545,455.667540526,constant,
1.0,544.663,544.77,393.70001220703125,540.0999755859375,1354.5,442.20001220703125,561.5999755859375,106.9999999999709,965.7748285043259,constant,
1.0,544.903,544.909,1349.0,409.3999938964844,1355.199951171875,386.8999938964844,60.20000076293945,5.999999999971806,23.33858167356436,constant,
1.0,545.044,545.055,1356.800048828125,408.0,1358.5999755859375,393.20001220703125,63.79999923706055,10.999999999967258,14.909036689387865,constant,
1.0,545.088,545.169,1355.5,373.29998779296875,1008.5,843.7999877929688,673.0999755859375,81.00000000001728,584.6188929550601,constant,
1.0,545.462,545.974,1017.2999877929688,837.2999877929688,829.7999877929688,629.2000122070312,738.9000244140625,512.0000000000573,280.1104243666554,constant,
1.0,546.118,546.122,849.0,633.7999877929688,845.4000244140625,622.0999755859375,42.400001525878906,3.9999999999054126,12.241327945285443,constant,
1.0,546.287,546.315,841.7000122070312,607.0,840.4000244140625,629.2000122070312,61.400001525878906,28.00000000002001,22.23804196088775,constant,
1.0,546.34,546.372,838.0999755859375,640.0999755859375,837.5999755859375,655.9000244140625,83.69999694824219,31.99999999992542,15.807958216390066,constant,
1.0,546.404,546.421,831.0,637.5999755859375,808.9000244140625,593.7999877929688,57.099998474121094,17.00000000005275,49.05963566480335,constant,
1.0,547.148,547.45,799.0999755859375,620.0999755859375,458.8999938964844,337.0,717.0,302.0000000000209,442.5851598486586,constant,
1.0,547.486,547.521,503.3999938964844,295.20001220703125,469.70001220703125,355.79998779296875,156.10000610351562,34.99999999996817,69.34007360023277,constant,
1.0,547.753,547.863,451.20001220703125,414.29998779296875,682.2999877929688,562.2000122070312,220.3000030517578,110.00000000001364,274.374955011388,constant,
1.0,548.356,548.395,698.2000122070312,530.0,841.7000122070312,628.5999755859375,148.1999969482422,38.99999999998727,174.10975040343797,constant,
1.0,548.896,548.947,823.9000244140625,617.7000122070312,789.2999877929688,653.5999755859375,81.69999694824219,51.000000000044565,49.8595016500149,constant,
1.0,549.443,550.0,1589.300048828125,844.0,783.2000122070312,396.3999938964844,699.0999755859375,557.0000000000164,922.0320138175224,constant,
1.0,550.161,550.187,780.9000244140625,419.29998779296875,779.0999755859375,405.5,81.0999984741211,26.000000000067303,13.91689041667429,constant,
1.0,550.241,550.292,779.9000244140625,421.5,656.5,478.79998779296875,218.3000030517578,51.000000000044565,136.05460163649587,constant,
1.0,550.413,550.42,649.2999877929688,507.20001220703125,647.9000244140625,530.5,57.70000076293945,6.999999999948159,23.342007810271408,constant,
1.0,550.612,550.623,644.0,513.0999755859375,645.9000244140625,528.7000122070312,51.099998474121094,11.000000000080945,15.71531849354316,constant,
1.0,550.663,550.699,649.7000122070312,513.9000244140625,441.79998779296875,517.5,159.0,35.99999999994452,207.93119048278237,constant,
1.0,550.918,550.965,396.5,503.1000061035156,837.0999755859375,614.0,274.0,47.000000000025466,454.3425438285182,constant,
1.0,551.497,552.343,797.9000244140625,629.4000244140625,821.2000122070312,567.7999877929688,445.29998779296875,846.0000000000036,65.85934969973955,constant,
1.0,552.442,552.477,819.7000122070312,561.5,826.4000244140625,565.0999755859375,71.80000305175781,34.99999999996817,7.605917945502292,constant,
1.0,552.944,553.01,829.0999755859375,589.2000122070312,830.9000244140625,606.2999877929688,90.30000305175781,66.00000000003092,17.194456688807957,constant,
1.0,553.159,553.232,836.2999877929688,576.2999877929688,836.4000244140625,645.2000122070312,144.1999969482422,72.99999999997908,68.9000970360998,constant,
1.0,553.291,553.35,829.7999877929688,623.7999877929688,832.5999755859375,641.7999877929688,78.69999694824219,58.99999999996908,18.216474182474883,constant,
1.0,554.008,554.023,809.7000122070312,559.0999755859375,810.7000122070312,574.4000244140625,82.9000015258789,14.999999999986358,15.332693636246997,,
1.0,554.054,554.094,808.9000244140625,574.7000122070312,808.5,573.2000122070312,97.69999694824219,40.00000000007731,1.5524237603972848,,
1.0,554.137,554.271,809.2999877929688,566.2999877929688,808.0999755859375,498.8999938964844,120.30000305175781,134.00000000001455,67.41067576091457,constant,
1.0,555.513,555.586,823.5,517.4000244140625,810.2000122070312,567.9000244140625,139.10000610351562,72.99999999997908,52.22202289545205,constant,
1.0,556.233,556.4,803.0,593.0,736.2999877929688,530.7999877929688,149.10000610351562,167.00000000003,91.20160715126107,constant,
1.0,558.075,558.557,740.5999755859375,556.0999755859375,778.9000244140625,484.20001220703125,596.4000244140625,481.9999999999709,81.46470692345747,constant,
1.0,558.687,558.734,777.4000244140625,513.0999755859375,783.7999877929688,511.5,124.5,47.000000000025466,6.596927552045509,constant,
1.0,558.763,558.815,782.0,509.29998779296875,788.7000122070312,516.5999755859375,61.70000076293945,52.00000000002092,9.908581399567776,constant,
1.0,559.708,559.717,789.2999877929688,494.8999938964844,793.0,470.5,59.20000076293945,9.000000000014552,24.678934184454867,constant,
1.0,560.628,560.635,788.4000244140625,480.6000061035156,787.9000244140625,513.7000122070312,69.4000015258789,6.999999999948159,33.103782322459345,constant,
1.0,560.733,560.788,784.7000122070312,507.79998779296875,399.8999938964844,531.7000122070312,217.3000030517578,55.000000000063665,385.5415220943005,constant,
1.0,561.157,561.298,411.5,550.5999755859375,854.7999877929688,711.5999755859375,386.8999938964844,140.9999999999627,471.63108376913226,constant,
1.0,561.729,562.247,611.2999877929688,544.9000244140625,731.7000122070312,451.70001220703125,926.7999877929688,517.9999999999154,152.25770310331632,constant,
1.0,562.824,562.938,714.9000244140625,494.1000061035156,758.0999755859375,612.5999755859375,122.19999694824219,114.00000000003274,126.12881728053783,constant,
1.0,563.671,563.717,754.2000122070312,606.0,796.5,563.5999755859375,73.0,45.999999999935426,59.89199477057348,constant,
1.0,564.443,564.465,800.5999755859375,560.7999877929688,873.9000244140625,568.5999755859375,75.4000015258789,22.000000000048203,73.71388585453877,constant,
1.0,564.849,564.875,896.9000244140625,546.5,785.9000244140625,501.79998779296875,117.69999694824219,25.999999999953616,119.66240466959012,constant,
1.0,564.968,564.985,773.0999755859375,500.29998779296875,771.5,504.20001220703125,79.19999694824219,17.00000000005275,4.2154611024038156,constant,
1.0,565.103,565.122,780.5,487.20001220703125,745.0999755859375,517.9000244140625,125.30000305175781,19.000000000005457,46.857789939647056,constant,
1.0,565.158,565.177,736.2999877929688,535.7000122070312,739.0999755859375,541.0,86.69999694824219,19.000000000005457,5.994147332723126,constant,
1.0,565.219,565.269,744.2999877929688,536.7999877929688,742.0999755859375,521.5999755859375,129.8000030517578,49.999999999954525,15.35839916153326,constant,
1.0,565.329,565.395,749.5999755859375,512.2999877929688,717.7000122070312,545.7000122070312,92.5999984741211,66.00000000003092,46.18624572787369,constant,
1.0,565.432,566.195,723.0999755859375,541.0999755859375,747.4000244140625,517.9000244140625,525.0,763.0000000000337,33.596578805387956,constant,
1.0,566.233,566.502,740.5,505.70001220703125,730.5999755859375,481.3999938964844,95.80000305175781,269.00000000000546,26.2393096954159,constant,
1.0,566.531,566.703,729.7999877929688,489.3999938964844,731.2999877929688,472.6000061035156,113.0999984741211,172.00000000002547,16.866819197581357,constant,
1.0,566.767,566.908,724.4000244140625,493.6000061035156,724.2000122070312,470.6000061035156,86.19999694824219,140.9999999999627,23.00086965492743,constant,
1.0,566.959,567.371,723.5,466.5,1008.0,730.2999877929688,241.1999969482422,412.00000000003456,387.98283925912295,constant,
1.0,567.413,567.478,1010.5999755859375,756.4000244140625,687.5999755859375,597.0,212.5,64.99999999994088,360.19073805860654,constant,
1.0,567.758,567.779,700.5,588.4000244140625,701.5999755859375,586.2999877929688,84.0999984741211,20.999999999958163,2.370675030364432,constant,
1.0,567.832,567.838,698.2000122070312,619.0999755859375,698.7000122070312,594.7000122070312,60.400001525878906,5.999999999971806,24.40508579972556,constant,
1.0,568.164,568.2,701.9000244140625,591.0999755859375,805.4000244140625,589.4000244140625,133.10000610351562,36.00000000005821,103.51395960925637,constant,
1.0,568.381,568.847,926.7000122070312,571.9000244140625,645.2999877929688,489.0,504.29998779296875,466.0000000000082,293.3570994335864,constant,
1.0,569.171,569.224,668.5999755859375,487.70001220703125,363.20001220703125,618.2000122070312,190.6999969482422,52.99999999999727,332.1135161836044,constant,
1.0,569.466,569.533,375.8999938964844,589.0999755859375,760.2999877929688,512.0,261.8999938964844,67.00000000000728,392.0558143210854,constant,
1.0,569.747,570.397,715.0999755859375,564.0,800.2999877929688,688.7000122070312,689.7999877929688,650.000000000091,151.02693509606826,constant,
1.0,570.457,570.544,720.5999755859375,477.1000061035156,889.9000244140625,487.8999938964844,168.6999969482422,86.99999999998909,169.64417546598463,constant,
1.0,570.895,570.905,885.9000244140625,512.4000244140625,843.2999877929688,508.8999938964844,80.0999984741211,9.999999999990905,42.743576520250464,constant,
1.0,571.167,572.164,796.0999755859375,439.70001220703125,753.5999755859375,552.2999877929688,138.8000030517578,996.9999999999573,120.35366426475647,constant,
1.0,572.389,572.416,744.5,555.0999755859375,746.7999877929688,517.0,81.4000015258789,27.000000000043656,38.1693343339498,constant,
1.0,572.538,572.545,744.2999877929688,489.79998779296875,749.0999755859375,519.7999877929688,64.5,6.999999999948159,30.381571434220596,constant,
1.0,572.597,572.81,742.0,537.7000122070312,735.7999877929688,512.5999755859375,126.69999694824219,212.99999999996544,25.8544384922122,constant,
1.0,572.844,572.926,738.0,519.7000122070312,737.7999877929688,493.20001220703125,123.5,81.99999999999363,26.500754798363037,constant,
1.0,572.955,573.006,739.9000244140625,469.0,741.2999877929688,486.29998779296875,91.5,50.99999999993088,17.356539836590308,constant,
1.0,573.034,573.243,743.0999755859375,501.79998779296875,766.5999755859375,573.5,124.0,209.00000000006003,75.45291081521262,constant,
1.0,573.535,573.552,762.5,574.2999877929688,765.7999877929688,578.9000244140625,61.79999923706055,17.00000000005275,5.661294582438399,constant,
1.0,573.633,573.643,766.5,567.2999877929688,765.4000244140625,584.7000122070312,69.30000305175781,9.999999999990905,17.43475826903343,constant,
1.0,573.899,573.989,770.0999755859375,555.7999877929688,790.9000244140625,612.0,78.0,90.00000000003183,59.92564896038128,constant,
1.0,574.567,574.851,761.0999755859375,619.0999755859375,288.1000061035156,707.0,505.8999938964844,283.9999999999918,481.09810374014654,constant,
1.0,574.944,574.964,287.0,685.0,285.79998779296875,673.2999877929688,71.19999694824219,20.000000000095497,11.761390859150302,constant,
1.0,575.036,575.063,295.70001220703125,626.4000244140625,203.3000030517578,618.4000244140625,119.5999984741211,27.000000000043656,92.74568287470105,constant,
1.0,575.143,575.209,197.8000030517578,666.7999877929688,183.60000610351562,689.7999877929688,99.5999984741211,65.99999999991724,27.030351705630608,constant,
1.0,575.275,575.371,187.1999969482422,658.7999877929688,630.7999877929688,492.1000061035156,324.6000061035156,96.00000000000364,473.8879991862059,constant,
1.0,575.489,575.54,598.5999755859375,517.2999877929688,592.5,543.7000122070312,56.29999923706055,50.99999999993088,27.09558988492647,constant,
1.0,575.72,575.833,590.0,554.5,549.2000122070312,504.1000061035156,98.80000305175781,112.9999999999427,64.84441678874181,constant,
1.0,575.874,575.909,538.5,495.20001220703125,540.5,529.7999877929688,71.80000305175781,34.99999999996817,34.65773089149766,constant,
1.0,576.109,576.116,541.0999755859375,504.8999938964844,555.5999755859375,518.7000122070312,51.599998474121094,6.999999999948159,20.017255190745534,constant,
1.0,576.623,576.653,581.0,501.20001220703125,768.2000122070312,523.2999877929688,260.20001220703125,29.999999999972715,188.50000926050822,constant,
1.0,576.699,576.711,783.2000122070312,522.0,781.0,543.0,58.599998474121094,12.000000000057298,21.1149249042256,constant,
1.0,577.813,577.827,806.5,525.0,751.0999755859375,498.8999938964844,87.0,14.000000000010004,61.24028921945318,constant,
1.0,577.914,578.261,742.7999877929688,504.5,715.7000122070312,529.2999877929688,104.4000015258789,346.99999999998,36.73483457550623,constant,
1.0,578.42,578.433,702.9000244140625,551.2000122070312,700.5,518.0,84.0,13.000000000033651,33.28664788973381,constant,
1.0,578.557,578.561,695.0,516.4000244140625,695.7999877929688,539.2999877929688,80.69999694824219,4.000000000019099,22.913932513301734,constant,
1.0,578.681,578.692,695.7999877929688,551.9000244140625,701.0,538.5,85.0999984741211,10.999999999967258,14.373614063649581,constant,
1.0,578.761,579.518,708.7000122070312,500.3999938964844,636.7999877929688,474.8999938964844,130.1999969482422,757.0000000000618,76.28802993093204,constant,
1.0,579.807,579.812,638.5999755859375,500.0,636.0999755859375,490.20001220703125,54.0,4.9999999999954525,10.11384005916331,constant,
1.0,579.895,579.903,632.2000122070312,503.29998779296875,629.2000122070312,518.7999877929688,53.099998474121094,8.000000000038199,15.787653403846944,constant,
1.0,580.021,580.184,628.9000244140625,519.4000244140625,628.2999877929688,545.2000122070312,103.30000305175781,163.0000000000109,25.806964448845783,constant,
1.0,580.209,580.613,621.5,529.7999877929688,636.4000244140625,468.79998779296875,121.9000015258789,404.00000000011005,62.793397165145144,constant,
1.0,581.315,581.5,629.9000244140625,476.20001220703125,745.2000122070312,527.4000244140625,134.8000030517578,184.99999999994543,126.15676135292509,constant,
1.0,581.6,581.69,748.5,540.9000244140625,746.7000122070312,526.4000244140625,85.5,90.00000000003183,14.611295495432174,constant,
1.0,581.733,581.742,748.7999877929688,544.4000244140625,753.5,521.2000122070312,49.0,9.000000000014552,23.67130501583387,constant,
1.0,581.769,581.782,749.2999877929688,549.5,747.5999755859375,538.2000122070312,66.5,13.000000000033651,11.42715037204368,constant,
1.0,581.862,581.898,750.7000122070312,516.7000122070312,945.0999755859375,620.2000122070312,123.80000305175781,36.00000000005821,220.23531906059048,constant,
1.0,582.044,582.72,964.9000244140625,606.0999755859375,785.2000122070312,536.7000122070312,102.69999694824219,676.0000000000446,192.635534894787,constant,
1.0,582.766,582.822,782.5999755859375,546.0999755859375,704.7000122070312,485.29998779296875,147.1999969482422,56.00000000004002,98.81823116237248,constant,
1.0,582.918,583.191,711.0,495.0,442.8999938964844,433.8999938964844,203.5,273.00000000002456,274.9742242803037,constant,
1.0,583.252,583.269,415.6000061035156,421.5,412.79998779296875,429.0,51.599998474121094,17.00000000005275,8.005629428058594,constant,
1.0,583.513,583.547,407.20001220703125,452.70001220703125,287.70001220703125,499.5,133.6999969482422,33.999999999991815,128.3374024102951,constant,
1.0,583.622,583.627,294.20001220703125,480.70001220703125,294.5,502.20001220703125,45.20000076293945,4.9999999999954525,21.502092751077285,constant,
1.0,583.679,583.705,298.20001220703125,487.70001220703125,300.29998779296875,472.29998779296875,44.70000076293945,26.000000000067303,15.542543209373896,constant,
1.0,583.873,584.018,297.5,485.6000061035156,645.7999877929688,529.7999877929688,275.79998779296875,144.9999999999818,351.0933207537993,constant,
1.0,584.082,584.105,646.2999877929688,526.7000122070312,647.7000122070312,519.0999755859375,58.900001525878906,23.000000000024556,7.727912072606491,constant,
1.0,584.166,584.187,647.7000122070312,537.0999755859375,707.9000244140625,506.8999938964844,127.0999984741211,20.999999999958163,67.35042957376007,constant,
1.0,584.276,584.609,719.0,506.70001220703125,719.2999877929688,484.29998779296875,128.3000030517578,333.0000000000837,22.402033086899195,constant,
1.0,584.633,584.818,724.5999755859375,482.70001220703125,610.0,484.79998779296875,198.3000030517578,184.99999999994543,114.61921436547628,constant,
1.0,585.064,585.876,595.0,489.1000061035156,710.2000122070312,483.6000061035156,469.1000061035156,812.0000000000118,115.33123086354428,constant,
1.0,585.969,585.98,712.0999755859375,482.6000061035156,707.5999755859375,483.3999938964844,90.5,10.999999999967258,4.570555816188991,constant,
1.0,586.023,586.075,710.0999755859375,495.3999938964844,707.0999755859375,482.6000061035156,71.5999984741211,52.00000000002092,13.146850858671403,constant,
1.0,586.218,586.272,706.0999755859375,508.79998779296875,708.9000244140625,506.3999938964844,74.80000305175781,54.00000000008731,3.6878508840578736,constant,
1.0,586.304,586.35,705.0,521.0999755859375,811.5999755859375,523.4000244140625,118.0,46.00000000004911,106.624786140626,constant,
1.0,586.781,587.819,790.7000122070312,515.5,808.4000244140625,439.79998779296875,104.9000015258789,1038.000000000011,77.74176663977823,constant,
1.0,588.062,588.204,918.2000122070312,527.9000244140625,734.5999755859375,520.7999877929688,152.60000610351562,141.99999999993906,183.73726885770301,constant,
1.0,588.347,588.468,741.2000122070312,551.4000244140625,727.5999755859375,534.0,71.5999984741211,120.9999999999809,22.084425410344327,constant,
1.0,588.551,588.635,729.7000122070312,506.0,727.0999755859375,539.4000244140625,66.5999984741211,83.99999999994634,33.501071942417,constant,
1.0,588.674,588.721,725.5999755859375,533.9000244140625,723.7999877929688,545.5,93.4000015258789,47.000000000025466,11.738798475533285,constant,
1.0,588.785,588.835,727.2000122070312,520.9000244140625,783.7999877929688,550.5,87.80000305175781,50.00000000006821,63.872652919828035,constant,
1.0,589.826,590.84,801.0999755859375,537.2999877929688,803.0999755859375,542.5999755859375,104.30000305175781,1014.00000000001,5.664792194389637,constant,
1.0,591.783,592.778,828.2000122070312,721.5999755859375,737.2999877929688,489.8999938964844,531.4000244140625,995.0000000000045,248.892940746358,constant,
1.0,593.153,593.238,718.5,500.70001220703125,716.0999755859375,492.3999938964844,81.5999984741211,85.00000000003638,8.64004751974834,constant,
1.0,593.406,593.429,725.0999755859375,474.0,719.2999877929688,486.8999938964844,67.0999984741211,23.000000000024556,14.143892707735047,constant,
1.0,593.619,593.921,718.4000244140625,469.70001220703125,816.5999755859375,481.5,174.0,302.0000000000209,98.90637048275933,constant,
1.0,593.957,594.467,811.9000244140625,504.6000061035156,301.79998779296875,531.5,615.2999877929688,509.9999999999909,510.8088263063512,constant,
1.0,594.626,594.69,353.0,432.79998779296875,338.8999938964844,466.0,78.0,64.00000000007822,36.07008431742573,constant,
1.0,594.748,595.16,338.1000061035156,451.6000061035156,249.10000610351562,759.5,210.6999969482422,411.9999999999209,320.504923895804,constant,
1.0,595.323,595.382,254.1999969482422,791.5,259.8999938964844,782.0,105.80000305175781,58.99999999996908,11.078807030089939,constant,
1.0,595.419,595.552,258.70001220703125,789.2000122070312,796.0999755859375,532.9000244140625,352.8999938964844,133.0000000000382,595.3892880984051,constant,
1.0,595.743,595.75,812.0,515.0999755859375,830.0,506.29998779296875,54.79999923706055,6.999999999948159,20.035962296740305,constant,
1.0,596.077,596.817,821.2000122070312,512.0999755859375,716.0999755859375,455.20001220703125,483.0,740.0000000000091,119.51411435590408,constant,
1.0,596.917,596.921,727.7000122070312,461.20001220703125,731.7999877929688,483.1000061035156,49.29999923706055,4.000000000019099,22.28047424251415,constant,
1.0,596.985,597.054,726.7999877929688,462.79998779296875,805.9000244140625,512.7999877929688,159.60000610351562,68.99999999995998,93.57785952594969,constant,
1.0,597.157,597.17,806.7000122070312,514.5,811.5999755859375,538.7000122070312,62.79999923706055,12.999999999919964,24.691096207643028,constant,
1.0,597.355,597.366,810.5999755859375,527.0999755859375,811.0999755859375,531.0,60.5,10.999999999967258,3.93194486612968,constant,
1.0,597.412,597.426,810.7999877929688,539.0999755859375,809.7000122070312,538.2999877929688,58.900001525878906,14.000000000010004,1.3601201265173448,constant,
1.0,597.507,597.545,815.4000244140625,530.2000122070312,754.2000122070312,536.9000244140625,71.0999984741211,38.000000000010914,61.56566947345851,constant,
1.0,597.576,597.622,757.5999755859375,560.9000244140625,758.4000244140625,541.7000122070312,82.19999694824219,45.999999999935426,19.216673668393632,constant,
1.0,597.663,597.809,760.7000122070312,552.2999877929688,803.0999755859375,526.2999877929688,85.0,145.99999999995816,49.736876606121854,constant,
1.0,597.929,597.943,806.5,508.79998779296875,802.4000244140625,527.2000122070312,84.69999694824219,14.000000000010004,18.851278424642175,constant,
1.0,598.033,598.045,799.4000244140625,533.7999877929688,802.5,521.0,64.9000015258789,11.999999999943611,13.170024150834255,constant,
1.0,598.09,598.167,800.2000122070312,526.7999877929688,799.7999877929688,524.5,69.19999694824219,76.99999999999818,2.3345156627556194,constant,
1.0,598.219,598.247,801.5999755859375,494.1000061035156,802.0,519.2000122070312,88.30000305175781,27.999999999906322,25.10319354043162,constant,
1.0,598.343,598.367,803.2999877929688,528.9000244140625,807.0999755859375,530.5999755859375,141.89999389648438,24.00000000000091,4.162900576937996,constant,
1.0,598.578,598.658,814.4000244140625,538.0,816.2000122070312,525.7000122070312,81.30000305175781,80.00000000004093,12.430995767114426,constant,
1.0,598.864,598.87,817.0999755859375,506.8999938964844,816.5,519.0,57.5,5.999999999971806,12.114871786727106,constant,
1.0,598.892,598.945,816.7999877929688,502.8999938964844,743.4000244140625,467.5,118.5999984741211,52.99999999999727,81.49057731968715,constant,
1.0,598.998,599.957,746.7000122070312,479.6000061035156,736.7999877929688,455.70001220703125,516.0,958.9999999999463,25.869290513097262,constant,
1.0,600.074,600.097,727.5999755859375,466.70001220703125,728.5,470.3999938964844,92.5,23.000000000024556,3.807874531572298,constant,
1.0,600.243,600.282,733.7000122070312,491.6000061035156,958.5999755859375,500.6000061035156,164.10000610351562,38.99999999998727,225.07997140535045,constant,
1.0,600.631,600.667,942.2000122070312,504.0,762.7999877929688,513.5,150.89999389648438,36.00000000005821,179.6513811796787,constant,
1.0,600.937,600.958,770.2999877929688,479.70001220703125,712.2000122070312,531.0999755859375,103.80000305175781,20.999999999958163,77.57295532877059,constant,
1.0,601.095,601.192,717.0,536.4000244140625,775.2000122070312,557.4000244140625,133.0,96.99999999997999,61.87278416960551,constant,
1.0,601.788,601.816,771.7000122070312,581.0,881.7999877929688,637.5999755859375,129.3000030517578,28.00000000002001,123.79645334319055,constant,
1.0,602.202,602.208,881.5999755859375,676.2000122070312,902.5,685.2000122070312,59.0,5.999999999971806,22.755461333675672,constant,
1.0,602.411,602.827,900.9000244140625,660.5999755859375,759.9000244140625,567.9000244140625,195.89999389648438,416.00000000005366,168.74323970834507,constant,
1.0,602.98,603.061,770.5999755859375,561.7000122070312,753.5999755859375,523.2000122070312,167.60000610351562,81.00000000001728,42.08622102303793,constant,
1.0,603.201,603.209,747.2000122070312,543.2999877929688,744.5,516.5,60.20000076293945,7.999999999924512,26.935653168642332,constant,
1.0,603.584,603.632,717.7000122070312,538.0,722.9000244140625,517.0999755859375,94.5999984741211,48.00000000000182,21.53720379858264,constant,
1.0,603.66,603.733,719.5999755859375,539.4000244140625,720.0,530.5,86.80000305175781,72.99999999997908,8.909009715044348,constant,
1.0,603.782,603.79,722.5999755859375,525.5,723.0999755859375,510.29998779296875,59.099998474121094,7.999999999924512,15.208233661207965,constant,
1.0,603.823,604.716,726.4000244140625,493.8999938964844,803.2000122070312,488.5,505.29998779296875,893.0000000000291,76.98959708351653,constant,
1.0,604.775,604.892,801.7000122070312,502.70001220703125,800.5999755859375,501.0,100.80000305175781,117.00000000007549,2.024875816390382,constant,
1.0,605.098,605.149,794.7999877929688,493.5,923.2999877929688,514.4000244140625,155.1999969482422,51.000000000044565,130.1885594839593,constant,
1.0,605.508,605.531,964.7999877929688,494.1000061035156,840.7000122070312,501.29998779296875,133.5,22.99999999991087,124.3086629191978,constant,
1.0,605.689,605.703,794.2000122070312,507.29998779296875,793.2000122070312,508.70001220703125,51.599998474121094,14.000000000010004,1.7204849200068701,constant,
1.0,605.866,605.889,816.7000122070312,514.9000244140625,814.9000244140625,520.4000244140625,146.5,23.000000000024556,5.787050721640213,,
1.0,605.953,605.974,816.2000122070312,505.20001220703125,813.5999755859375,520.7000122070312,121.5999984741211,21.00000000007185,15.71655784295749,,
1.0,606.833,607.442,801.7000122070312,549.2999877929688,968.0999755859375,492.20001220703125,312.8999938964844,609.0000000000373,175.9242877615709,constant,
1.0,607.645,607.669,953.5,513.9000244140625,863.5,615.9000244140625,138.1999969482422,24.00000000000091,136.02940858505562,constant,
1.0,608.039,608.065,851.2999877929688,627.7999877929688,927.2999877929688,560.0,91.9000015258789,26.000000000067303,101.84713223614453,constant,
1.0,608.469,608.514,931.7000122070312,516.4000244140625,607.5,423.1000061035156,215.1999969482422,44.99999999995907,337.3581795833437,constant,
1.0,608.869,609.178,595.9000244140625,427.6000061035156,167.89999389648438,383.70001220703125,355.79998779296875,308.9999999999691,430.2455526640097,constant,
1.0,609.349,609.404,159.0,399.3999938964844,644.0999755859375,330.29998779296875,332.6000061035156,54.99999999994998,489.99673178194064,constant,
1.0,609.739,609.785,608.7000122070312,368.0,1049.9000244140625,387.5,303.3999938964844,45.999999999935426,441.6307289710313,constant,
1.0,610.066,610.143,1035.199951171875,378.1000061035156,850.4000244140625,682.5,268.20001220703125,76.99999999999818,356.104435824482,constant,
1.0,610.43,610.448,868.7000122070312,648.9000244140625,865.7000122070312,640.2999877929688,88.9000015258789,18.000000000029104,9.108272607039911,constant,
1.0,610.534,610.627,871.7999877929688,646.5999755859375,864.9000244140625,660.2000122070312,140.5,92.99999999996089,15.250261988744274,constant,
1.0,610.684,611.139,867.0,630.5999755859375,700.2000122070312,402.20001220703125,136.5,455.0000000000409,282.822876018225,constant,
1.0,611.2,611.434,704.2000122070312,403.1000061035156,653.7000122070312,525.0,135.8000030517578,233.9999999999236,131.9464228843015,constant,
1.0,611.463,611.485,654.2000122070312,513.5999755859375,623.5,571.0,138.3000030517578,22.000000000048203,65.09418985014591,constant,
1.0,611.512,611.681,617.7000122070312,571.2999877929688,624.5999755859375,564.7000122070312,178.10000610351562,169.0000000000964,9.548254938218731,constant,
1.0,611.703,611.858,623.7000122070312,602.0999755859375,934.5,500.6000061035156,573.9000244140625,154.99999999997272,326.9539359252953,constant,
1.0,612.071,612.111,935.7000122070312,504.3999938964844,697.7000122070312,332.20001220703125,227.89999389648438,39.99999999996362,293.76322726619134,constant,
1.0,612.153,612.332,683.7999877929688,327.1000061035156,766.7000122070312,490.3999938964844,149.1999969482422,178.99999999997362,183.13738029423678,constant,
1.0,612.772,612.826,779.0,510.29998779296875,204.8000030517578,438.6000061035156,282.6000061035156,53.999999999973625,578.6592467675854,constant,
1.0,613.119,613.131,215.6999969482422,439.6000061035156,227.60000610351562,405.0,61.599998474121094,11.999999999943611,36.58921480790357,constant,
1.0,613.319,613.55,206.89999389648438,432.0,421.0,414.5,933.0999755859375,230.99999999999454,214.8140186615516,constant,
1.0,613.659,613.738,431.3999938964844,430.79998779296875,873.5,434.29998779296875,292.70001220703125,79.00000000006457,442.11386021784995,constant,
1.0,613.91,614.486,873.2000122070312,473.70001220703125,994.2999877929688,432.20001220703125,325.3999938964844,576.0000000000218,128.0134918159592,constant,
1.0,614.659,614.735,989.2000122070312,426.0,1308.4000244140625,475.29998779296875,370.3999938964844,76.00000000002183,322.98473120157826,constant,
1.0,614.819,614.823,1306.800048828125,456.8999938964844,1307.300048828125,479.8999938964844,62.0,4.000000000019099,23.005434140654682,constant,
1.0,614.969,615.018,1298.300048828125,495.0,871.0,673.5999755859375,549.7999877929688,48.99999999997817,463.1233993309078,constant,
1.0,615.084,615.091,882.7999877929688,667.7000122070312,880.0999755859375,652.9000244140625,57.5,7.000000000061846,15.044258193415246,constant,
1.0,615.126,615.315,882.0999755859375,639.7999877929688,894.5,635.7000122070312,195.60000610351562,189.00000000007822,13.060260536246188,constant,
1.0,615.359,616.211,892.5,630.2000122070312,720.0,453.5,1184.0,851.9999999999754,246.93955599288867,constant,
1.0,616.362,616.392,731.2999877929688,464.29998779296875,936.2999877929688,439.8999938964844,202.3000030517578,30.000000000086402,206.44699005349648,constant,
1.0,616.678,616.693,943.0999755859375,444.1000061035156,919.4000244140625,487.20001220703125,59.79999923706055,14.999999999986358,49.18636204957979,constant,
1.0,617.011,617.051,922.0999755859375,491.3999938964844,650.7999877929688,407.79998779296875,258.0,40.00000000007731,283.88843653268594,constant,
1.0,617.344,617.397,655.2000122070312,384.79998779296875,791.5999755859375,467.3999938964844,184.60000610351562,52.99999999999727,159.46068800198933,constant,
1.0,617.51,617.519,795.5,433.70001220703125,800.0999755859375,478.1000061035156,88.69999694824219,9.000000000014552,44.63764368108011,constant,
1.0,617.614,617.623,801.5999755859375,443.8999938964844,801.5,476.79998779296875,67.69999694824219,9.000000000014552,32.90014579764796,constant,
1.0,617.705,617.768,803.7000122070312,472.1000061035156,922.0999755859375,650.5999755859375,233.0,62.99999999998818,214.19801687539473,constant,
1.0,618.286,618.352,883.5999755859375,637.5999755859375,311.29998779296875,462.3999938964844,273.70001220703125,66.00000000003092,598.5167580041656,constant,
1.0,618.715,618.797,326.0,466.6000061035156,691.2999877929688,423.3999938964844,263.1000061035156,81.99999999999363,367.84551395420164,constant,
1.0,618.928,619.436,683.0,432.6000061035156,811.0999755859375,175.8000030517578,393.79998779296875,508.0000000000382,286.9770815108771,constant,
1.0,619.72,619.758,817.2999877929688,189.0,475.5,288.5,273.5,38.000000000010914,355.9880358316464,constant,
1.0,620.17,620.361,456.8999938964844,304.3999938964844,625.9000244140625,367.8999938964844,160.39999389648438,191.00000000003092,180.5360360563573,constant,
1.0,620.456,621.799,637.7999877929688,367.5,648.2000122070312,346.0,65.9000015258789,1342.999999999961,23.883268365387014,constant,
1.0,621.994,622.0,921.4000244140625,520.0,925.7999877929688,501.3999938964844,50.0,5.999999999971806,19.113343631780772,constant,
1.0,623.522,623.578,934.7000122070312,505.70001220703125,523.4000244140625,492.29998779296875,214.3000030517578,55.99999999992633,411.51821419324045,constant,
1.0,624.034,624.126,518.0999755859375,492.6000061035156,200.10000610351562,388.5,222.39999389648438,91.99999999998454,334.6054271251039,constant,
1.0,624.177,624.19,207.8000030517578,387.5,207.3000030517578,409.1000061035156,65.5999984741211,13.000000000033651,21.605792363898907,constant,
1.0,624.296,624.31,205.0,426.6000061035156,207.5,416.3999938964844,64.0999984741211,13.999999999896318,10.501916445277335,constant,
1.0,624.401,625.402,186.8000030517578,432.0,370.3999938964844,419.70001220703125,197.39999389648438,1001.00000000009,184.0115385998684,constant,
1.0,625.429,625.471,732.0999755859375,446.6000061035156,732.0999755859375,447.1000061035156,67.5999984741211,42.00000000003001,0.5,constant,
1.0,625.549,625.625,742.0,443.0,942.0999755859375,457.3999938964844,188.89999389648438,76.00000000002183,200.61744703218505,constant,
1.0,626.407,626.448,966.7999877929688,416.3999938964844,973.7000122070312,395.20001220703125,54.29999923706055,40.99999999993997,22.294608329096214,constant,
1.0,626.636,626.681,964.9000244140625,409.20001220703125,653.7999877929688,365.3999938964844,232.89999389648438,45.00000000007276,314.16822625728736,constant,
1.0,627.144,627.621,658.4000244140625,353.8999938964844,233.5,318.79998779296875,368.8999938964844,476.99999999997544,426.34732457884354,constant,
1.0,627.762,627.857,240.3000030517578,322.5,985.2999877929688,493.1000061035156,369.79998779296875,95.00000000002728,764.2835464321629,constant,
1.0,628.207,628.223,969.5,497.70001220703125,967.5999755859375,489.29998779296875,76.9000015258789,15.99999999996271,8.612229846612292,constant,
1.0,628.382,628.41,957.7999877929688,495.0,955.7999877929688,483.1000061035156,131.5,28.00000000002001,12.066890847951074,constant,
1.0,628.463,628.475,952.2999877929688,488.20001220703125,925.0,469.0,74.5999984741211,12.000000000057298,33.375586919878906,constant,
1.0,629.05,630.011,122.69999694824219,1488.699951171875,581.0999755859375,605.7999877929688,118.9000015258789,961.0000000000127,994.8079642571794,constant,
1.0,630.047,631.119,589.0,585.2000122070312,1286.0999755859375,256.1000061035156,427.1000061035156,1072.0000000000027,770.8794912171737,constant,
1.0,631.189,631.254,1291.800048828125,250.1999969482422,621.7000122070312,396.5,393.0,65.00000000005457,685.8846477160249,constant,
1.0,631.554,631.599,644.7000122070312,390.3999938964844,243.5,440.1000061035156,265.70001220703125,45.00000000007276,404.2666706622017,constant,
1.0,632.043,632.107,265.6000061035156,445.3999938964844,834.5,488.5,236.10000610351562,63.99999999996453,570.5302915547456,constant,
1.0,632.57,632.593,826.2000122070312,500.6000061035156,945.2999877929688,513.7000122070312,142.89999389648438,22.99999999991087,119.81825547254081,constant,
1.0,633.202,633.214,961.4000244140625,483.0,1001.4000244140625,457.6000061035156,84.69999694824219,12.000000000057298,47.38311608517789,constant,
1.0,633.629,634.095,911.2999877929688,551.4000244140625,911.9000244140625,551.0999755859375,20.0,466.0000000000082,0.6708749853085821,,
1.0,634.517,634.528,930.0,468.70001220703125,928.2999877929688,446.0,59.0,10.999999999967258,22.763580467567554,active,
1.0,634.59,634.669,906.7999877929688,502.6000061035156,906.9000244140625,497.8999938964844,101.80000305175781,78.99999999995089,4.701076692822892,active,
1.0,635.311,635.39,923.0999755859375,518.9000244140625,907.9000244140625,276.1000061035156,230.89999389648438,78.99999999995089,243.27533250872207,active,
1.0,635.666,635.685,881.7000122070312,309.70001220703125,857.4000244140625,349.70001220703125,62.29999923706055,18.99999999989177,46.80266452605482,active,
1.0,635.857,635.904,857.5999755859375,357.79998779296875,589.7999877929688,605.5999755859375,204.6999969482422,47.000000000025466,364.8584210513849,active,
1.0,636.157,636.194,615.2000122070312,580.2999877929688,918.7000122070312,575.0,229.5,36.999999999920874,303.5462730303332,active,
1.0,636.794,636.803,911.5,574.2000122070312,909.9000244140625,537.0999755859375,76.0,9.000000000014552,37.13452085542634,active,
1.0,637.93,637.952,896.9000244140625,501.0,828.0999755859375,454.5,101.9000015258789,22.000000000048203,83.04033188007129,active,
1.0,638.112,638.185,799.0999755859375,400.6000061035156,848.7999877929688,442.3999938964844,116.0,72.99999999997908,64.9409746837187,active,
1.0,638.21,638.225,843.9000244140625,415.6000061035156,846.9000244140625,428.79998779296875,104.0999984741211,14.999999999986358,13.536599151998916,active,
1.0,638.296,638.352,844.5,435.79998779296875,843.4000244140625,421.0,132.60000610351562,55.99999999992633,14.840808096653044,active,
1.0,638.434,638.454,842.5999755859375,412.3999938964844,842.9000244140625,407.79998779296875,100.69999694824219,19.99999999998181,4.609781497168839,active,
1.0,638.5,638.751,844.0,403.0,850.5999755859375,398.3999938964844,111.80000305175781,250.99999999997635,8.044857605163193,active,
1.0,638.88,639.248,863.0,414.1000061035156,998.4000244140625,230.1999969482422,513.4000244140625,368.00000000005184,228.36895581194563,active,
1.0,639.332,639.504,894.4000244140625,449.0,883.2999877929688,514.2999877929688,106.30000305175781,172.00000000002547,66.23669088014204,active,
1.0,639.884,639.891,883.4000244140625,485.1000061035156,884.5,519.2000122070312,66.80000305175781,6.999999999948159,34.117742635606206,active,
1.0,639.927,640.011,879.2000122070312,527.2000122070312,769.5,459.0,173.8000030517578,83.99999999994634,129.1717242404932,active,
1.0,640.198,640.22,758.9000244140625,486.0,685.2999877929688,546.2000122070312,88.5,22.000000000048203,95.08420931128919,active,
1.0,640.374,640.417,665.2000122070312,547.7999877929688,1047.699951171875,395.1000061035156,305.79998779296875,43.00000000000637,411.8537212604355,active,
1.0,640.681,640.687,1039.5999755859375,400.79998779296875,1040.0,413.79998779296875,71.5,5.999999999971806,13.006153141180755,active,
1.0,640.795,640.864,1037.4000244140625,392.5,882.5,486.29998779296875,129.89999389648438,69.00000000007367,181.08687217310438,active,
1.0,640.895,640.93,884.7000122070312,464.5,884.5999755859375,482.1000061035156,71.5999984741211,34.99999999996817,17.600290400142466,active,
1.0,640.966,640.99,890.7999877929688,468.70001220703125,892.4000244140625,508.5,60.599998474121094,24.00000000000091,39.83213709442794,active,
1.0,641.463,641.47,900.7999877929688,496.8999938964844,901.2999877929688,501.3999938964844,63.400001525878906,7.000000000061846,4.527692569068709,active,
1.0,641.879,641.893,893.9000244140625,508.5,848.4000244140625,535.5999755859375,91.5,14.000000000010004,52.95902828374411,active,
1.0,642.096,642.132,826.0,572.7999877929688,1067.9000244140625,447.29998779296875,265.20001220703125,35.99999999994452,272.51765412817576,active,
1.0,642.393,642.414,1095.699951171875,453.70001220703125,1174.699951171875,406.20001220703125,112.69999694824219,20.999999999958163,92.18052939748176,active,
1.0,642.69,642.784,1187.800048828125,410.70001220703125,746.2999877929688,367.1000061035156,263.79998779296875,93.99999999993724,443.64768051492536,active,
1.0,642.833,642.857,751.9000244140625,359.3999938964844,754.2000122070312,379.0,161.39999389648438,24.00000000000091,19.734492218084938,active,
1.0,642.966,643.011,757.0,378.5,888.5999755859375,477.1000061035156,163.39999389648438,44.99999999995907,164.4400035813447,active,
1.0,643.22,643.57,875.7000122070312,486.6000061035156,880.2999877929688,451.6000061035156,60.70000076293945,350.00000000002274,35.300988306154,active,
1.0,643.84,643.874,900.5,430.0,899.5,479.8999938964844,95.5999984741211,33.999999999991815,49.91001293196765,active,
1.0,643.927,644.061,896.7000122070312,496.0,893.5,493.0,137.39999389648438,134.00000000001455,4.386351345383656,active,
1.0,644.099,644.164,892.5999755859375,468.8999938964844,1043.699951171875,570.7000122070312,127.0,64.99999999994088,182.19343113871747,active,
1.0,644.344,644.349,1047.800048828125,536.7999877929688,1045.5999755859375,566.2000122070312,57.20000076293945,4.9999999999954525,29.48222782997344,active,
1.0,644.426,644.483,1043.4000244140625,578.7999877929688,861.5999755859375,616.9000244140625,148.10000610351562,56.999999999902684,185.74948329520953,active,
1.0,644.891,644.946,860.5999755859375,598.7999877929688,946.2000122070312,637.7000122070312,85.80000305175781,55.000000000063665,94.0243488089508,active,
1.0,645.18,645.221,946.5999755859375,630.7000122070312,690.2000122070312,611.2999877929688,153.39999389648438,41.00000000005366,257.1328492588426,active,
1.0,645.526,645.59,690.5,604.9000244140625,900.9000244140625,445.3999938964844,227.8000030517578,64.00000000007822,264.023540633305,active,
1.0,645.819,646.485,887.2000122070312,459.20001220703125,1126.0999755859375,493.70001220703125,189.60000610351562,666.0000000000537,241.37821463927258,active,
1.0,646.627,646.7,1119.5,487.20001220703125,709.7000122070312,316.70001220703125,253.6999969482422,73.00000000009277,443.85389487433514,active,
1.0,646.787,646.795,724.7999877929688,320.3999938964844,722.4000244140625,295.29998779296875,65.0,7.999999999924512,25.214482556987218,active,
1.0,646.845,647.03,723.0999755859375,306.0,674.0999755859375,365.0,111.4000015258789,184.99999999994543,76.69419795525604,active,
1.0,647.068,647.702,672.2000122070312,344.8999938964844,1090.199951171875,442.29998779296875,498.29998779296875,634.0000000000146,429.1977490454118,active,
1.0,647.794,647.842,1086.300048828125,445.70001220703125,667.4000244140625,325.1000061035156,245.6999969482422,48.00000000000182,435.9146612885028,active,
1.0,648.238,648.312,670.0,327.29998779296875,943.7999877929688,513.7999877929688,219.5,73.99999999995543,331.28338822740545,active,
1.0,649.101,649.11,928.7999877929688,521.9000244140625,899.2000122070312,514.0,67.69999694824219,9.000000000014552,30.63607253599716,active,
1.0,649.361,649.406,883.5,498.1000061035156,1221.199951171875,568.0,198.10000610351562,44.99999999995907,344.8583276770554,active,
1.0,649.775,649.796,1218.300048828125,569.2000122070312,1131.0,537.5999755859375,103.4000015258789,21.00000000007185,92.84320567412284,active,
1.0,650.226,650.251,1104.5,525.7000122070312,1078.199951171875,593.5999755859375,70.9000015258789,24.999999999977263,72.81550381078586,active,
1.0,650.507,650.547,1086.800048828125,592.9000244140625,914.5,438.79998779296875,240.0,40.00000000007731,231.15823176516275,active,
1.0,650.664,650.68,898.7999877929688,502.3999938964844,897.2999877929688,528.7999877929688,72.5999984741211,15.99999999996271,26.442573205616966,active,
1.0,651.595,651.616,892.2999877929688,512.2999877929688,884.9000244140625,598.0,89.80000305175781,20.999999999958163,86.0189022848726,active,
1.0,651.809,651.83,881.2000122070312,625.0999755859375,927.9000244140625,691.2999877929688,67.30000305175781,21.00000000007185,81.01439845081832,active,
1.0,652.125,652.151,929.4000244140625,692.0,794.5,742.5,139.1999969482422,25.999999999953616,144.0425860185614,active,
1.0,652.415,652.462,764.7999877929688,750.5999755859375,1079.300048828125,679.0999755859375,268.20001220703125,47.000000000025466,322.5252523309098,active,
1.0,652.519,652.572,1074.300048828125,720.5999755859375,1071.0,708.2000122070312,139.60000610351562,52.99999999999727,12.831578783073628,active,
1.0,652.641,652.663,1070.800048828125,712.0999755859375,1067.5,707.4000244140625,94.9000015258789,22.000000000048203,5.742809703099901,active,
1.0,652.72,652.733,1072.0999755859375,710.5,1070.800048828125,696.0,86.9000015258789,12.999999999919964,14.55815268417243,active,
1.0,652.823,653.076,1069.300048828125,694.0999755859375,848.0,646.0999755859375,195.39999389648438,253.00000000004275,226.4458248926893,active,
1.0,653.198,653.247,852.7999877929688,620.7000122070312,850.7999877929688,640.0999755859375,85.0,48.99999999997817,19.50278388084387,active,
1.0,653.288,653.481,845.5,648.7999877929688,847.7999877929688,599.2000122070312,96.5999984741211,192.99999999998363,49.65327302377358,active,
1.0,653.508,653.889,1029.300048828125,422.1000061035156,895.0999755859375,456.20001220703125,682.0999755859375,380.9999999999718,138.46468890828555,active,
1.0,654.661,654.675,903.0999755859375,418.79998779296875,901.7999877929688,429.1000061035156,56.400001525878906,14.000000000010004,10.381731332464188,active,
1.0,654.699,654.828,904.7999877929688,436.70001220703125,812.5999755859375,474.3999938964844,127.19999694824219,129.0000000000191,99.60989343615329,active,
1.0,654.855,655.404,814.0999755859375,467.79998779296875,837.5,509.29998779296875,141.89999389648438,548.9999999999782,47.64253501419421,active,
1.0,655.434,655.512,839.4000244140625,509.3999938964844,840.9000244140625,525.0,125.4000015258789,77.99999999997453,15.671955539425344,active,
1.0,655.575,655.71,844.0999755859375,519.0,846.5999755859375,502.5,104.5,134.9999999999909,16.688319268278637,active,
1.0,655.826,655.841,852.7999877929688,487.20001220703125,852.7999877929688,468.5,107.19999694824219,14.999999999986358,18.70001220703125,active,
1.0,655.879,655.989,850.7000122070312,457.20001220703125,856.2000122070312,458.29998779296875,91.9000015258789,110.00000000001364,5.608916677011573,active,
1.0,656.364,656.408,876.7999877929688,471.70001220703125,878.0,462.79998779296875,59.79999923706055,43.99999999998272,8.980560331512313,active,
1.0,656.965,657.131,910.9000244140625,470.1000061035156,897.9000244140625,512.5,141.89999389648438,165.99999999993997,44.34816210872681,active,
1.0,657.266,657.35,889.7999877929688,518.7999877929688,890.2000122070312,497.6000061035156,95.80000305175781,84.00000000006003,21.2037554024044,active,
1.0,657.713,657.774,889.2999877929688,521.9000244140625,839.5,545.7999877929688,83.19999694824219,61.00000000003547,55.238094044716064,active,
1.0,657.94,657.989,833.5999755859375,533.7000122070312,556.5,312.79998779296875,198.39999389648438,48.99999999997817,354.3744026532681,active,
1.0,658.232,658.484,548.0999755859375,318.0,425.20001220703125,523.2000122070312,901.7000122070312,252.0000000000664,239.18914274753834,active,
1.0,658.553,658.56,442.20001220703125,414.0,438.1000061035156,459.1000061035156,112.0,6.999999999948159,45.285986801504194,active,
1.0,658.749,658.755,432.79998779296875,482.29998779296875,433.6000061035156,465.3999938964844,58.79999923706055,5.999999999971806,16.91891908481211,active,
1.0,658.836,659.506,435.3999938964844,483.79998779296875,885.5999755859375,456.0,351.79998779296875,669.9999999999591,451.0574939345018,active,
1.0,659.759,660.002,874.0999755859375,458.5,867.9000244140625,494.6000061035156,110.4000015258789,242.99999999993815,36.62853853496614,active,
1.0,660.052,660.068,861.7000122070312,465.6000061035156,863.4000244140625,511.3999938964844,101.69999694824219,15.99999999996271,45.83152761298866,active,
1.0,660.141,660.167,868.2000122070312,506.1000061035156,869.0,501.79998779296875,139.5,26.000000000067303,4.373801314638951,active,
1.0,660.26,660.281,875.2999877929688,505.3999938964844,873.7999877929688,512.0,86.30000305175781,20.999999999958163,6.768314455345844,active,
1.0,660.337,660.586,877.0,473.79998779296875,898.7000122070312,429.8999938964844,120.5999984741211,249.00000000002365,48.970399160070876,active,
1.0,660.646,660.697,898.7999877929688,468.5,896.7000122070312,443.3999938964844,81.0,51.000000000044565,25.187699455449582,active,
1.0,660.748,660.844,895.5,412.5,897.5999755859375,444.1000061035156,84.0,96.00000000000364,31.66970608016055,active,
1.0,660.882,660.886,898.4000244140625,470.70001220703125,900.0999755859375,455.0,76.0999984741211,4.000000000019099,15.791776888231718,active,
1.0,660.932,661.005,897.5,476.5,898.5999755859375,442.5,93.69999694824219,72.99999999997908,34.01778867430478,active,
1.0,661.067,661.079,901.9000244140625,433.20001220703125,901.2999877929688,462.0,73.0999984741211,11.999999999943611,28.806237880393244,active,
1.0,662.734,662.798,918.2000122070312,443.6000061035156,898.9000244140625,524.9000244140625,93.4000015258789,63.99999999996453,83.5594549174658,active,
1.0,662.941,662.953,883.7000122070312,538.7000122070312,883.5,533.7000122070312,63.70000076293945,11.999999999943611,5.00399888918468,active,
1.0,663.742,663.789,876.7999877929688,520.0999755859375,1307.699951171875,364.8999938964844,249.5,47.000000000025466,457.9976121731961,active,
1.0,664.152,664.411,1330.800048828125,395.1000061035156,1078.0,430.20001220703125,218.39999389648438,258.99999999990087,255.22514593191875,active,
1.0,664.455,664.496,889.0999755859375,663.5999755859375,887.5999755859375,672.5,38.400001525878906,40.99999999993997,9.025543450170108,active,
1.0,664.626,664.657,886.5999755859375,662.7000122070312,891.2000122070312,673.9000244140625,75.80000305175781,31.000000000062755,12.107873898957347,active,
1.0,664.778,665.746,887.5999755859375,696.4000244140625,907.5,650.0,162.60000610351562,967.9999999999609,50.48735720262925,active,
1.0,665.789,665.883,904.9000244140625,646.7999877929688,910.5,690.7999877929688,108.30000305175781,94.00000000005093,44.354928999639895,active,
1.0,665.936,665.99,913.0,652.9000244140625,909.5,668.7999877929688,88.80000305175781,53.999999999973625,16.280627612305363,active,
1.0,666.087,666.098,909.9000244140625,655.2000122070312,908.7999877929688,669.7000122070312,67.0999984741211,10.999999999967258,14.5416670491298,active,
1.0,666.953,666.975,886.5,433.1000061035156,919.2999877929688,433.0,87.5999984741211,22.000000000048203,32.80014025030441,active,
1.0,667.043,667.157,915.0,461.20001220703125,913.7000122070312,424.20001220703125,101.19999694824219,114.00000000003274,37.02283036535521,active,
1.0,667.18,667.925,913.4000244140625,423.3999938964844,545.7000122070312,325.29998779296875,1084.4000244140625,745.0000000000045,380.5613093504918,active,
1.0,668.149,668.202,547.5999755859375,330.29998779296875,1042.5999755859375,541.0,294.79998779296875,52.99999999999727,537.9772254882572,active,
1.0,668.628,668.639,1029.9000244140625,563.0999755859375,1076.9000244140625,552.2999877929688,81.4000015258789,10.999999999967258,48.224887105396874,active,
1.0,669.107,669.131,1102.4000244140625,538.5,976.7999877929688,602.5,146.39999389648438,24.00000000000091,140.96584408721174,active,
1.0,669.443,669.467,970.2000122070312,616.2999877929688,1085.9000244140625,548.5,152.60000610351562,24.00000000000091,134.1019431978295,active,
1.0,670.003,670.028,1110.0999755859375,512.7000122070312,985.9000244140625,582.9000244140625,146.0,24.999999999977263,142.6662874857388,active,
1.0,670.386,670.409,960.9000244140625,579.7000122070312,1096.800048828125,518.7000122070312,176.39999389648438,23.000000000024556,148.9624672048056,active,
1.0,671.191,671.218,1112.0999755859375,486.6000061035156,962.7999877929688,480.5,148.60000610351562,26.99999999992997,149.42455095948438,active,
1.0,671.384,671.4,945.2000122070312,467.3999938964844,940.2999877929688,497.79998779296875,76.19999694824219,15.99999999996271,30.79236704387462,active,
1.0,671.785,671.804,911.7000122070312,477.0,913.2999877929688,495.1000061035156,80.0999984741211,19.000000000005457,18.17058454818939,active,
1.0,672.059,672.193,911.0,481.20001220703125,1038.199951171875,540.0,120.5999984741211,134.00000000001455,140.1330301627017,active,
1.0,672.727,672.746,1031.5,589.0999755859375,971.7999877929688,561.4000244140625,66.0,19.000000000005457,65.8132110783537,active,
1.0,673.248,673.265,963.7000122070312,543.2000122070312,1018.5,532.0,78.5,16.999999999939064,55.932807327606696,active,
1.0,673.77,673.775,1019.5,511.79998779296875,1008.5999755859375,524.9000244140625,49.5,4.9999999999954525,17.041757294984457,active,
1.0,674.064,674.135,1004.2999877929688,512.7000122070312,748.5999755859375,479.79998779296875,159.8000030517578,71.00000000002638,257.8078894237371,active,
1.0,674.286,674.351,757.5,455.3999938964844,751.2000122070312,462.0,82.4000015258789,65.00000000005457,9.124139781809504,active,
1.0,674.377,674.399,755.9000244140625,459.1000061035156,754.2000122070312,462.0,55.599998474121094,22.000000000048203,3.3615481706651016,active,
1.0,674.475,674.512,751.2000122070312,483.0,897.2000122070312,491.29998779296875,178.39999389648438,36.999999999920874,146.23573365413608,active,
1.0,674.557,674.561,889.0,476.3999938964844,890.5999755859375,501.79998779296875,66.69999694824219,4.000000000019099,25.450336182790192,active,
1.0,674.859,675.052,886.4000244140625,509.6000061035156,903.2000122070312,496.3999938964844,79.30000305175781,192.99999999998363,21.36539052087916,active,
1.0,675.117,675.245,906.2000122070312,489.70001220703125,917.7999877929688,499.6000061035156,117.4000015258789,128.00000000004275,15.250223367045281,active,
1.0,675.274,675.453,914.5999755859375,502.20001220703125,921.5999755859375,443.5,120.80000305175781,178.99999999997362,59.115915226828875,active,
1.0,675.55,675.579,921.0,472.0,921.0,443.20001220703125,79.5999984741211,28.999999999996362,28.79998779296875,active,
1.0,675.619,675.638,914.0999755859375,436.20001220703125,915.7999877929688,442.8999938964844,104.19999694824219,19.000000000005457,6.912293117559643,active,
1.0,675.67,675.68,910.7999877929688,469.0,912.7999877929688,437.8999938964844,45.5,9.999999999990905,31.164248420886217,active,
1.0,675.703,675.835,910.5,440.3999938964844,852.5,406.70001220703125,401.3999938964844,132.00000000006185,67.07971948263854,active,
1.0,676.147,676.246,846.5999755859375,438.6000061035156,480.29998779296875,541.7000122070312,214.5,98.9999999999327,380.5329056936785,active,
1.0,676.412,676.465,489.5,513.2999877929688,1015.5999755859375,376.70001220703125,307.5,52.99999999999727,543.544605015635,active,
1.0,676.627,676.712,1002.0999755859375,397.6000061035156,1006.2999877929688,392.79998779296875,86.69999694824219,85.00000000003638,6.378109306118608,active,
1.0,676.805,676.904,1012.2999877929688,363.70001220703125,920.7000122070312,482.79998779296875,162.3000030517578,99.00000000004638,150.25098905469892,active,
1.0,676.981,677.293,929.4000244140625,443.29998779296875,795.7999877929688,467.8999938964844,102.30000305175781,312.0000000000118,135.84597927598224,active,
1.0,677.343,677.353,798.2999877929688,478.20001220703125,799.5999755859375,451.8999938964844,61.0,9.999999999990905,26.33212736177935,active,
1.0,677.411,677.433,798.2000122070312,445.79998779296875,799.2000122070312,453.29998779296875,88.80000305175781,22.000000000048203,7.566372975210778,active,
1.0,677.558,677.649,803.4000244140625,452.29998779296875,882.7999877929688,448.29998779296875,100.0,91.00000000000819,79.50065524617803,active,
1.0,677.991,678.007,883.0,442.70001220703125,880.0,441.3999938964844,69.0,15.99999999996271,3.2695638253071544,active,
1.0,678.752,678.77,890.5999755859375,416.8999938964844,891.2000122070312,429.3999938964844,80.9000015258789,18.000000000029104,12.514393470985864,active,
1.0,678.816,679.163,890.0999755859375,432.3999938964844,1345.199951171875,644.7999877929688,247.0,346.99999999998,502.2247954706612,active,
1.0,679.453,679.828,1343.0,648.2999877929688,972.7999877929688,420.20001220703125,227.89999389648438,375.0,434.8305967849909,active,
1.0,679.85,680.157,963.9000244140625,426.3999938964844,899.5999755859375,407.3999938964844,563.2000122070312,307.00000000001637,67.04846216953271,active,
1.0,680.259,680.27,898.0999755859375,454.8999938964844,900.7000122070312,436.20001220703125,75.4000015258789,10.999999999967258,18.879870381358838,active,
1.0,680.725,680.753,892.2999877929688,421.6000061035156,1015.9000244140625,461.8999938964844,135.1999969482422,28.00000000002001,130.00406943188028,active,
1.0,680.906,680.964,996.4000244140625,447.70001220703125,1005.7999877929688,308.0,123.0,58.00000000010641,140.01590167609342,active,
1.0,681.115,681.174,1009.2000122070312,300.3999938964844,591.5,743.9000244140625,357.29998779296875,58.99999999996908,609.2335982747888,active,
1.0,681.736,682.109,596.0,743.0,938.4000244140625,1252.800048828125,540.2000122070312,373.0000000000473,614.1122588777309,active,
1.0,682.155,682.194,701.5999755859375,634.4000244140625,700.7999877929688,630.0,56.5,38.99999999998727,4.47215779163091,active,
1.0,682.295,682.302,697.7999877929688,685.0,699.0,654.0,71.19999694824219,7.000000000061846,31.023217584528915,active,
1.0,682.509,682.554,694.5,657.5,907.9000244140625,451.70001220703125,250.89999389648438,44.99999999995907,296.46788256994813,active,
1.0,682.952,682.972,891.0999755859375,427.1000061035156,891.9000244140625,446.70001220703125,72.4000015258789,19.99999999998181,19.61632782620728,active,
1.0,683.038,683.058,893.2000122070312,438.3999938964844,894.7000122070312,432.5,63.5,19.99999999998181,6.087686586754683,active,
1.0,683.196,683.211,902.9000244140625,437.6000061035156,904.2000122070312,440.20001220703125,71.69999694824219,14.999999999986358,2.906888370781765,active,
1.0,683.583,683.609,922.4000244140625,417.6000061035156,1035.5,498.6000061035156,133.39999389648438,26.000000000067303,139.1136387186377,active,
1.0,683.717,683.798,1056.5999755859375,509.79998779296875,1054.800048828125,534.5999755859375,103.19999694824219,81.00000000001728,24.86521930055893,active,
1.0,683.849,683.95,1055.0999755859375,531.9000244140625,1054.4000244140625,518.7999877929688,83.5999984741211,100.99999999999909,13.11872292248779,active,
1.0,683.986,684.024,1052.5999755859375,531.5999755859375,1249.0,569.9000244140625,125.0999984741211,38.000000000010914,200.0996335081129,active,
1.0,684.52,684.558,1254.0999755859375,564.9000244140625,1128.199951171875,376.70001220703125,193.1999969482422,38.000000000010914,226.42893088602492,active,
1.0,684.956,685.002,1083.199951171875,338.8999938964844,869.9000244140625,516.5999755859375,225.0,45.999999999935426,277.6223014228507,active,
1.0,685.437,685.584,866.5,537.0999755859375,887.4000244140625,491.29998779296875,96.5999984741211,146.99999999993452,50.343320334921245,active,
1.0,686.406,686.589,888.0,476.20001220703125,876.0999755859375,325.8999938964844,150.39999389648438,183.0000000001064,150.77037535671923,active,
1.0,686.78,686.819,862.4000244140625,311.8999938964844,887.7000122070312,289.3999938964844,72.0,38.99999999998727,33.85763403317438,active,
1.0,687.072,687.138,900.2999877929688,259.1000061035156,1404.9000244140625,781.0,327.20001220703125,66.00000000003092,725.9482079233749,active,
1.0,687.531,687.772,1394.300048828125,756.0999755859375,960.5,391.1000061035156,509.1000061035156,241.00000000009913,566.9280907535386,active,
1.0,687.84,687.857,955.9000244140625,404.79998779296875,910.0999755859375,413.29998779296875,81.80000305175781,16.999999999939064,46.5821261071093,active,
1.0,688.225,688.247,888.7000122070312,425.20001220703125,890.5,430.0,84.0,21.999999999934516,5.126386531221141,active,
1.0,688.569,688.618,905.7000122070312,416.20001220703125,1132.699951171875,524.7999877929688,243.5,49.00000000009186,251.64047167995255,active,
1.0,689.199,689.237,1125.5,530.5,1071.5999755859375,545.2000122070312,68.80000305175781,38.000000000010914,55.86862259554464,active,
1.0,689.461,689.493,1084.0,546.5999755859375,940.2000122070312,426.1000061035156,192.39999389648438,32.00000000003911,187.61311024158883,active,
1.0,689.732,690.056,909.0999755859375,429.6000061035156,890.7999877929688,429.20001220703125,120.19999694824219,324.0000000000691,18.30435872517882,active,
1.0,690.092,690.198,890.7999877929688,417.20001220703125,891.0999755859375,413.29998779296875,109.69999694824219,105.99999999999454,3.911544849060766,active,
1.0,690.359,690.403,900.7000122070312,416.6000061035156,739.9000244140625,662.5999755859375,222.8000030517578,43.99999999998272,293.8921929204166,active,
1.0,690.56,690.733,738.7000122070312,671.2000122070312,850.9000244140625,108.9000015258789,716.2999877929688,173.00000000000182,573.384813847805,active,
1.0,690.993,691.006,832.0,134.89999389648438,788.2999877929688,132.10000610351562,74.30000305175781,12.999999999919964,43.78962204147752,active,
1.0,691.834,692.277,941.0999755859375,498.5,949.2999877929688,436.29998779296875,197.1999969482422,443.0000000000973,62.73819983670474,active,
1.0,692.308,692.365,955.4000244140625,445.5,947.7999877929688,430.79998779296875,68.0999984741211,57.00000000001637,16.54844148337945,active,
1.0,692.452,692.591,947.4000244140625,431.1000061035156,944.7999877929688,448.20001220703125,146.6999969482422,139.00000000001,17.296542983246688,active,
1.0,692.615,692.653,944.5999755859375,436.8999938964844,945.9000244140625,438.20001220703125,89.0999984741211,38.000000000010914,1.8385251054218261,active,
1.0,693.021,693.169,945.0,429.3999938964844,1300.300048828125,367.1000061035156,242.6999969482422,148.00000000002456,360.72068581697954,active,
1.0,693.282,693.364,1303.300048828125,397.29998779296875,565.2999877929688,326.0,317.70001220703125,81.99999999999363,741.4362941933526,active,
1.0,693.574,693.599,572.7000122070312,361.6000061035156,441.6000061035156,340.1000061035156,122.0999984741211,25.00000000009095,132.85127624656766,active,
1.0,694.233,694.253,434.29998779296875,315.5,522.5,313.0,119.30000305175781,20.000000000095497,88.23543592752551,active,
1.0,694.514,694.804,522.0,323.20001220703125,825.2000122070312,325.5,461.1000061035156,289.9999999999636,303.20873560336565,active,
1.0,694.931,694.976,823.5,335.6000061035156,477.29998779296875,291.6000061035156,216.39999389648438,44.99999999995907,348.98488284186266,active,
1.0,695.453,695.493,461.3999938964844,309.8999938964844,689.4000244140625,322.29998779296875,151.10000610351562,40.00000000007731,228.3369741514707,active,
1.0,695.737,695.773,678.0,326.70001220703125,924.9000244140625,436.20001220703125,226.89999389648438,36.00000000005821,270.0923398685432,active,
1.0,696.177,696.203,916.5999755859375,433.5,917.2000122070312,433.79998779296875,83.0999984741211,25.999999999953616,0.6708476895569263,active,
1.0,696.229,696.372,915.5999755859375,417.3999938964844,1011.9000244140625,446.0,115.69999694824219,142.99999999991542,100.45725336390792,active,
1.0,696.397,696.546,1017.4000244140625,437.6000061035156,1015.4000244140625,438.29998779296875,99.69999694824219,149.0000000000009,2.1189559612152515,active,
1.0,696.568,696.611,1010.5,417.79998779296875,1261.9000244140625,373.3999938964844,200.0,43.00000000000637,255.29068085889674,active,
1.0,696.839,696.882,1274.9000244140625,399.6000061035156,898.4000244140625,325.3999938964844,239.1999969482422,42.99999999989268,383.7419599307894,active,
1.0,696.911,697.344,892.9000244140625,304.3999938964844,1252.300048828125,352.1000061035156,261.79998779296875,433.0000000001064,362.5516083447702,active,
1.0,697.864,697.913,1247.0,314.5,799.5999755859375,307.1000061035156,248.10000610351562,48.99999999997817,447.4612181579223,active,
1.0,698.134,698.152,805.9000244140625,296.8999938964844,882.2000122070312,302.29998779296875,115.5,18.000000000029104,76.49083651843041,active,
1.0,698.315,698.716,890.7999877929688,281.3999938964844,917.7999877929688,327.0,520.0,400.9999999999536,52.99396717212878,active,
1.0,699.456,699.481,921.5,385.1000061035156,1045.4000244140625,411.1000061035156,113.19999694824219,24.999999999977263,126.59864157962076,active,
1.0,699.714,699.746,1056.800048828125,432.20001220703125,1030.4000244140625,290.20001220703125,119.5,31.99999999992542,144.4332416345458,active,
1.0,700.05,700.091,1027.5,255.39999389648438,988.4000244140625,471.29998779296875,242.10000610351562,41.00000000005366,219.41197655397687,active,
1.0,700.288,700.665,1006.5,443.29998779296875,970.0999755859375,481.70001220703125,157.1999969482422,376.9999999999527,52.910524967580336,active,
1.0,700.796,700.806,975.5,519.7999877929688,972.7000122070312,489.0,81.0,9.999999999990905,30.92699758605413,active,
1.0,700.937,700.944,969.2000122070312,480.5,948.9000244140625,461.1000061035156,65.4000015258789,6.999999999948159,28.07933880237053,active,
1.0,701.266,701.591,894.2999877929688,427.3999938964844,893.4000244140625,418.29998779296875,161.1999969482422,325.0000000000455,9.14439966139899,active,
1.0,701.623,701.69,893.0,406.0,896.4000244140625,407.3999938964844,122.5999984741211,67.00000000000728,3.6769755134368993,active,
1.0,701.885,701.925,902.5999755859375,397.1000061035156,1003.4000244140625,306.79998779296875,120.19999694824219,39.99999999996362,135.33197386662727,active,
1.0,702.025,702.237,995.7000122070312,280.5,990.7999877929688,330.70001220703125,101.0999984741211,211.9999999999891,50.43859102755047,active,
1.0,702.449,702.857,996.2999877929688,316.6000061035156,996.5999755859375,309.79998779296875,425.1000061035156,408.00000000001546,6.806632184840241,active,
1.0,702.94,702.956,991.2000122070312,330.0,948.2999877929688,350.29998779296875,83.19999694824219,15.99999999996271,47.460526747201605,active,
1.0,703.318,703.336,949.5,352.8999938964844,994.0,314.0,93.0,18.000000000029104,59.105494881157384,active,
1.0,704.019,704.088,999.7999877929688,291.79998779296875,917.5999755859375,423.29998779296875,80.4000015258789,68.99999999995998,155.07769667762057,active,
1.0,705.133,705.169,904.5,426.8999938964844,682.7999877929688,461.70001220703125,197.89999389648438,35.99999999994452,224.414653458753,active,
1.0,705.412,705.447,681.2999877929688,447.29998779296875,861.4000244140625,382.20001220703125,150.60000610351562,34.99999999996817,191.50464749506463,active,
1.0,705.732,705.82,864.5,364.8999938964844,957.2000122070312,572.7000122070312,187.89999389648438,88.00000000007913,227.53931500522577,active,
1.0,705.898,706.102,953.9000244140625,558.5999755859375,963.0,500.5,140.8000030517578,203.9999999999509,58.808304845074325,active,
1.0,706.131,706.147,927.0,469.6000061035156,904.5,420.70001220703125,80.9000015258789,16.000000000076398,53.82805405247536,active,
1.0,706.376,706.417,902.9000244140625,430.0,622.0,490.8999938964844,209.60000610351562,41.00000000005366,287.4258738743134,active,
1.0,706.445,706.5,622.5999755859375,496.29998779296875,631.4000244140625,470.0,94.0,54.99999999994998,27.733197026085712,active,
1.0,706.755,707.363,632.4000244140625,478.20001220703125,959.0999755859375,404.8999938964844,389.0,608.0000000000609,334.8219687834596,active,
1.0,707.462,707.473,959.5,418.29998779296875,957.4000244140625,423.0,61.0,10.999999999967258,5.147816256217418,active,
1.0,708.087,708.114,966.2999877929688,411.3999938964844,796.2999877929688,339.29998779296875,153.89999389648438,27.000000000043656,184.65755029277028,active,
1.0,708.401,708.411,746.5,317.79998779296875,720.2999877929688,295.5,66.30000305175781,9.999999999990905,34.40537887039092,active,
1.0,708.814,708.825,715.5,284.20001220703125,687.0,311.5,65.5999984741211,11.000000000080945,39.46567284991151,active,
1.0,709.304,709.317,688.9000244140625,319.29998779296875,722.5999755859375,301.29998779296875,58.20000076293945,13.000000000033651,38.20584652885942,active,
1.0,710.025,710.038,733.0999755859375,285.6000061035156,691.9000244140625,292.70001220703125,61.70000076293945,13.000000000033651,41.807248931672646,active,
1.0,710.568,710.973,691.7000122070312,286.29998779296875,890.2999877929688,455.3999938964844,287.70001220703125,404.9999999999727,260.8385753046201,active,
1.0,711.375,711.574,882.5,464.20001220703125,886.2999877929688,446.8999938964844,139.8000030517578,198.99999999995543,17.712440282806,active,
1.0,711.613,711.699,885.0,446.1000061035156,992.4000244140625,348.20001220703125,127.4000015258789,85.99999999989905,145.3243752750133,active,
1.0,711.828,711.849,1023.7999877929688,313.0,1022.5999755859375,305.79998779296875,106.5,21.00000000007185,7.299329084129789,active,
1.0,711.892,711.952,1021.2999877929688,303.5,382.5,381.6000061035156,304.0,59.99999999994543,643.5565517945305,active,
1.0,712.429,712.481,402.79998779296875,397.3999938964844,834.4000244140625,331.29998779296875,245.60000610351562,52.00000000002092,436.632342386835,active,
1.0,712.966,713.099,829.0,323.3999938964844,1038.0999755859375,481.70001220703125,180.39999389648438,133.0000000000382,262.26264619110196,active,
1.0,713.144,713.335,1035.800048828125,468.1000061035156,832.4000244140625,465.20001220703125,182.60000610351562,191.00000000003092,203.42069682370294,active,
1.0,713.415,713.691,832.7999877929688,469.8999938964844,812.0,572.5999755859375,129.10000610351562,276.0000000000673,104.78514079392009,active,
1.0,713.856,713.976,809.9000244140625,585.2999877929688,823.4000244140625,532.2000122070312,111.69999694824219,120.00000000000455,54.789208857467166,active,
1.0,714.11,714.129,823.4000244140625,523.7999877929688,880.4000244140625,484.1000061035156,74.80000305175781,19.000000000005457,69.46285731340825,active,
1.0,714.399,714.819,900.2999877929688,451.6000061035156,887.9000244140625,424.1000061035156,205.5,419.9999999999591,30.166356952708362,active,
1.0,714.882,714.911,888.5,412.6000061035156,887.7000122070312,419.20001220703125,99.0,28.999999999996362,6.648312645727675,active,
1.0,715.004,715.019,896.5999755859375,420.0,924.2999877929688,420.0,57.79999923706055,14.999999999986358,27.70001220703125,active,
1.0,715.049,715.064,921.5,416.3999938964844,919.2000122070312,398.20001220703125,103.5999984741211,14.999999999986358,18.34473432198554,active,
1.0,715.184,715.206,917.5,398.20001220703125,920.0999755859375,400.3999938964844,123.0999984741211,22.000000000048203,3.4058468082695783,active,
1.0,715.26,715.301,919.9000244140625,401.6000061035156,1226.9000244140625,427.29998779296875,213.3000030517578,41.00000000005366,308.0738370242404,active,
1.0,715.762,715.81,1209.5,463.5,794.2999877929688,390.70001220703125,218.89999389648438,48.00000000000182,421.53397058763284,active,
1.0,716.256,716.526,793.7999877929688,398.79998779296875,901.7000122070312,412.6000061035156,532.4000244140625,269.9999999999818,108.7789307445459,active,
1.0,717.372,717.409,885.7000122070312,431.5,619.7999877929688,380.8999938964844,170.10000610351562,37.00000000003456,270.67172663777586,active,
1.0,717.613,717.676,586.0,352.20001220703125,1151.0,630.4000244140625,327.79998779296875,62.99999999998818,629.7779345070708,active,
1.0,718.002,718.026,1139.5,626.4000244140625,1277.4000244140625,609.0,145.8000030517578,24.00000000000091,138.99344438860777,active,
1.0,718.342,718.371,1292.800048828125,600.0999755859375,1381.0999755859375,505.5,115.4000015258789,28.999999999996362,129.4064621504468,active,
1.0,718.612,718.971,1382.800048828125,465.20001220703125,905.2999877929688,432.29998779296875,212.8000030517578,359.0000000000373,478.6321342064528,active,
1.0,719.517,719.549,895.9000244140625,414.8999938964844,835.5,327.29998779296875,82.19999694824219,31.99999999992542,106.40453006594842,active,
1.0,719.74,719.855,817.4000244140625,307.20001220703125,903.9000244140625,571.9000244140625,155.8000030517578,115.0000000000091,278.47503741341427,active,
1.0,720.148,720.197,907.7999877929688,598.2999877929688,470.70001220703125,631.0,247.8000030517578,48.99999999997817,438.32143394496137,active,
1.0,720.408,720.419,485.79998779296875,627.0999755859375,450.5,618.5,66.80000305175781,10.999999999967258,36.3324747060046,active,
1.0,720.71,720.827,435.5,628.9000244140625,794.9000244140625,386.3999938964844,287.29998779296875,116.9999999999618,433.56042525795067,active,
1.0,721.013,721.4,795.7999877929688,382.8999938964844,1031.4000244140625,837.5,517.7999877929688,386.9999999999436,512.0239670222256,active,
1.0,721.914,721.961,880.2999877929688,396.20001220703125,882.0,395.6000061035156,144.60000610351562,47.000000000025466,1.802789180218049,active,
1.0,722.008,722.03,881.0,406.6000061035156,884.7999877929688,393.29998779296875,139.5,21.999999999934516,13.832223042143069,active,
1.0,722.183,722.312,845.0,353.1000061035156,507.3999938964844,504.1000061035156,224.3000030517578,129.0000000000191,369.8307236035073,active,
1.0,722.475,722.521,509.29998779296875,503.20001220703125,888.2999877929688,724.0,277.6000061035156,45.999999999935426,438.62698800846164,active,
1.0,722.916,722.95,876.5,699.7999877929688,842.9000244140625,455.3999938964844,320.1000061035156,33.999999999991815,246.69883537620763,active,
1.0,723.219,723.226,856.2000122070312,364.79998779296875,881.2000122070312,357.5,57.0,6.999999999948159,26.04399780712425,active,
1.0,723.324,723.346,885.0,331.70001220703125,891.7999877929688,353.29998779296875,116.0,22.000000000048203,22.64506081461518,active,
1.0,723.636,724.05,908.5,380.0,1003.5,587.7000122070312,594.7000122070312,413.99999999998727,228.39504169486895,active,
1.0,724.57,724.579,908.2000122070312,423.70001220703125,887.5,420.8999938964844,44.20000076293945,8.999999999900865,20.888528141318154,active,
1.0,724.766,724.854,864.7000122070312,371.6000061035156,488.6000061035156,497.1000061035156,232.5,88.00000000007913,396.48639899883636,active,
1.0,724.923,724.928,497.6000061035156,490.70001220703125,494.3999938964844,495.20001220703125,78.5,4.9999999999954525,5.521782151185341,active,
1.0,724.989,725.049,494.29998779296875,494.20001220703125,908.2000122070312,606.0,278.5,59.99999999994543,428.73356234434164,active,
1.0,725.285,725.346,891.0999755859375,597.2000122070312,1382.4000244140625,490.5,210.5,61.00000000003547,502.7530512920818,active,
1.0,725.514,725.549,1359.699951171875,524.2999877929688,1376.5999755859375,346.1000061035156,131.3000030517578,34.99999999996817,178.99956508136364,active,
1.0,725.745,725.767,1358.5999755859375,360.5,1261.5,342.8999938964844,121.4000015258789,22.000000000048203,98.68214364125582,active,
1.0,726.109,726.125,1236.300048828125,348.20001220703125,1235.300048828125,333.20001220703125,61.20000076293945,15.99999999996271,15.033296378372908,active,
1.0,726.206,726.648,1237.699951171875,338.0,1410.9000244140625,573.9000244140625,758.2999877929688,442.0000000000073,292.65523554116436,active,
1.0,727.43,727.615,869.5,463.6000061035156,868.2999877929688,497.6000061035156,136.39999389648438,185.00000000005912,34.021170310514364,active,
1.0,727.72,727.75,868.2000122070312,484.29998779296875,903.7000122070312,386.70001220703125,170.8000030517578,29.999999999972715,103.85569427997483,active,
1.0,727.783,727.89,914.7999877929688,364.8999938964844,913.2999877929688,372.5,124.80000305175781,106.9999999999709,7.746618150746476,active,
1.0,728.218,728.252,921.2000122070312,369.79998779296875,776.7999877929688,469.1000061035156,142.60000610351562,33.999999999991815,175.24799766975025,active,
1.0,728.392,728.44,775.5999755859375,513.9000244140625,775.2999877929688,491.1000061035156,92.19999694824219,48.00000000000182,22.801991747152332,active,
1.0,728.503,728.518,772.7999877929688,496.70001220703125,776.2999877929688,490.5,64.19999694824219,14.999999999986358,7.119701634713109,active,
1.0,728.602,728.64,765.0999755859375,487.6000061035156,952.7000122070312,414.8999938964844,161.60000610351562,38.000000000010914,201.1940991061572,active,
1.0,728.792,729.101,933.9000244140625,409.29998779296875,873.5999755859375,422.6000061035156,156.60000610351562,308.9999999999691,61.74938360611498,active,
1.0,729.157,729.252,871.7000122070312,451.3999938964844,872.2999877929688,437.1000061035156,120.5,94.9999999999136,14.312568657748905,active,
1.0,729.792,729.802,874.5999755859375,439.20001220703125,872.7999877929688,406.70001220703125,62.099998474121094,9.999999999990905,32.549807312099965,active,
1.0,730.138,730.18,880.0999755859375,413.5,560.2999877929688,461.70001220703125,241.0,41.99999999991633,323.41192521170416,active,
1.0,730.604,731.021,563.7999877929688,456.70001220703125,874.0,382.70001220703125,558.7000122070312,416.9999999999163,318.90444897060047,active,
1.0,731.07,731.093,873.5,368.5,901.0999755859375,426.29998779296875,73.5999984741211,22.99999999991087,64.05152020999722,active,
1.0,731.636,731.743,888.4000244140625,414.20001220703125,883.2000122070312,472.20001220703125,127.5999984741211,107.00000000008458,58.23263798724281,active,
1.0,731.876,731.899,891.7999877929688,470.1000061035156,888.9000244140625,468.70001220703125,144.0,23.000000000024556,3.2202128049541785,active,
1.0,732.004,732.041,887.2000122070312,444.6000061035156,886.2999877929688,469.20001220703125,112.5,37.00000000003456,24.616464901340212,active,
1.0,732.116,732.199,888.9000244140625,458.0,812.2999877929688,532.7000122070312,174.1999969482422,82.99999999996999,106.9937261435619,active,
1.0,732.473,732.557,799.5999755859375,551.2999877929688,1078.9000244140625,467.1000061035156,235.89999389648438,84.00000000006003,291.7158792247985,active,
1.0,732.663,732.678,1069.0999755859375,476.8999938964844,1064.699951171875,469.8999938964844,73.4000015258789,14.999999999986358,8.268023635932957,active,
1.0,732.762,732.802,1062.199951171875,466.1000061035156,1369.199951171875,440.3999938964844,223.89999389648438,40.00000000007731,308.073839570064,active,
1.0,733.05,733.174,1367.0999755859375,459.5,1012.7000122070312,355.70001220703125,222.89999389648438,124.00000000002365,369.28819573442985,active,
1.0,733.21,733.249,1013.2999877929688,383.6000061035156,1014.5,360.6000061035156,84.0,38.99999999998727,23.031283709273,active,
1.0,733.36,733.377,1009.9000244140625,344.8999938964844,1049.4000244140625,380.20001220703125,107.69999694824219,16.999999999939064,52.97491191804801,active,
1.0,733.755,733.879,1062.5999755859375,371.29998779296875,456.3999938964844,344.79998779296875,399.8999938964844,124.00000000002365,606.7789282764303,active,
1.0,734.263,734.299,457.20001220703125,418.0,703.9000244140625,410.0,222.10000610351562,35.99999999994452,246.82969031895124,active,
1.0,734.437,734.483,684.0,417.29998779296875,886.5999755859375,404.20001220703125,169.6999969482422,45.999999999935426,203.02305156748736,active,
1.0,734.593,734.892,874.0999755859375,418.20001220703125,875.7000122070312,488.8999938964844,147.1999969482422,299.00000000009186,70.71808487280921,active,
1.0,734.94,734.949,875.7000122070312,443.29998779296875,876.5999755859375,475.29998779296875,70.0,8.999999999900865,32.012652718626306,active,
1.0,734.987,735.026,879.0999755859375,464.70001220703125,879.2999877929688,472.1000061035156,136.5,38.99999999998727,7.402696437850705,active,
1.0,735.048,735.522,880.5,468.8999938964844,891.0999755859375,380.8999938964844,138.39999389648438,474.0000000000464,88.63610710327067,active,
1.0,735.715,735.759,916.0,330.1000061035156,554.7999877929688,410.79998779296875,260.20001220703125,43.99999999998272,370.10530374886224,active,
1.0,736.06,736.098,571.0999755859375,390.29998779296875,409.0,575.0999755859375,232.10000610351562,38.000000000010914,245.81992916206556,active,
1.0,736.419,736.492,414.29998779296875,576.7000122070312,1283.800048828125,698.5999755859375,357.1000061035156,72.99999999997908,878.0033924831494,active,
1.0,736.845,736.875,1258.699951171875,707.7999877929688,1179.300048828125,577.0,115.19999694824219,29.999999999972715,153.01301022735882,active,
1.0,737.258,737.567,1166.0,572.7000122070312,890.0999755859375,440.29998779296875,648.5,308.9999999999691,306.02383883698445,active,
1.0,737.963,738.325,876.2999877929688,451.1000061035156,750.4000244140625,381.8999938964844,149.1999969482422,362.00000000008004,143.6643395845441,active,
1.0,738.436,738.517,737.7999877929688,342.5,731.9000244140625,396.5,122.69999694824219,81.00000000001728,54.32135462111042,active,
1.0,738.714,738.835,721.0,387.20001220703125,645.5999755859375,232.89999389648438,109.69999694824219,120.9999999999809,171.73718098384032,active,
1.0,739.103,739.159,649.5,244.89999389648438,880.5,188.8000030517578,157.60000610351562,56.00000000004002,237.71455355694653,active,
1.0,739.387,739.456,867.7999877929688,211.8000030517578,1061.0,706.7999877929688,276.70001220703125,69.00000000007367,531.3673207966369,active,
1.0,739.728,739.776,1060.5,676.5999755859375,605.0,787.0,289.79998779296875,48.00000000000182,468.6879723127377,active,
1.0,740.419,740.62,604.4000244140625,802.4000244140625,934.2000122070312,426.20001220703125,592.0,201.00000000002183,500.29439446471196,active,
1.0,740.879,740.886,892.5999755859375,426.1000061035156,862.2000122070312,438.6000061035156,85.80000305175781,6.999999999948159,32.869556940105554,active,
1.0,740.94,741.078,844.2999877929688,415.8999938964844,846.5999755859375,484.6000061035156,152.5,137.99999999991996,68.73850173733821,active,
1.0,741.142,741.157,848.5,482.3999938964844,845.9000244140625,460.79998779296875,94.0,14.999999999986358,21.755921877028868,active,
1.0,741.235,741.256,850.5999755859375,482.79998779296875,850.2999877929688,460.79998779296875,117.69999694824219,20.999999999958163,22.002045193025356,active,
1.0,741.343,741.371,858.2000122070312,480.29998779296875,855.0999755859375,476.6000061035156,87.0,28.00000000002001,4.827016838007793,active,
1.0,741.487,741.527,860.9000244140625,484.29998779296875,633.2000122070312,391.20001220703125,174.6999969482422,40.00000000007731,245.99776627681874,active,
1.0,741.578,741.642,627.0,394.79998779296875,631.5999755859375,443.8999938964844,114.0999984741211,64.00000000007822,49.315011657268144,active,
1.0,741.812,741.818,635.7999877929688,426.0,655.4000244140625,433.70001220703125,56.29999923706055,5.999999999971806,21.058291087755588,active,
1.0,742.487,742.574,628.9000244140625,445.1000061035156,647.0999755859375,444.79998779296875,87.19999694824219,86.99999999998909,18.20242383984335,active,
1.0,742.651,742.881,648.9000244140625,407.0,641.5,386.0,160.89999389648438,230.0000000000182,22.2656767543392,active,
1.0,742.93,743.016,637.4000244140625,372.8999938964844,637.0,377.1000061035156,74.19999694824219,86.00000000001273,4.219019088728748,active,
1.0,743.093,743.099,633.7000122070312,402.6000061035156,633.7000122070312,393.70001220703125,56.70000076293945,6.0000000000854925,8.899993896484375,active,
1.0,743.556,743.571,873.0,527.7000122070312,869.0999755859375,525.2999877929688,82.0,14.999999999986358,4.579334844535786,,
1.0,744.827,745.077,866.4000244140625,491.5,942.0,438.0,164.39999389648438,250.0,92.61536756172998,constant,
1.0,745.176,745.486,943.0,430.8999938964844,835.9000244140625,533.5999755859375,236.8000030517578,309.99999999994543,148.3835941387134,constant,
1.0,745.76,745.863,840.2999877929688,500.70001220703125,575.7000122070312,448.70001220703125,236.8000030517578,103.00000000006548,269.66117087945514,constant,
1.0,745.952,745.965,576.5,457.3999938964844,579.7999877929688,436.0,78.5,13.000000000033651,21.65293647991679,constant,
1.0,746.146,746.241,582.0999755859375,423.5,933.5,479.5,240.5,95.00000000002728,355.8341989722232,constant,
1.0,746.331,746.388,936.2999877929688,494.70001220703125,940.2999877929688,501.20001220703125,84.5999984741211,57.00000000001637,7.632168761236874,constant,
1.0,746.42,746.463,939.0,503.70001220703125,943.5999755859375,506.6000061035156,116.5,43.00000000000637,5.437806542243635,constant,
1.0,746.568,746.603,943.0,499.1000061035156,827.2999877929688,574.2000122070312,139.10000610351562,34.99999999996817,137.93659319214487,constant,
1.0,746.924,746.945,828.2999877929688,561.7000122070312,922.5999755859375,476.29998779296875,183.60000610351562,21.00000000007185,127.22284334063804,constant,
1.0,747.158,747.201,958.2999877929688,445.1000061035156,962.7000122070312,456.0,66.69999694824219,43.00000000000637,11.75457705694861,constant,
1.0,747.234,747.248,976.0999755859375,466.20001220703125,972.9000244140625,441.1000061035156,73.0999984741211,14.000000000010004,25.303161737200075,constant,
1.0,747.308,747.33,974.7999877929688,452.8999938964844,976.0,435.70001220703125,91.0999984741211,22.000000000048203,17.241792233249615,constant,
1.0,747.403,747.426,977.5,449.8999938964844,880.7999877929688,396.3999938964844,139.1999969482422,23.000000000024556,110.51308683065545,constant,
1.0,747.873,747.893,850.7000122070312,413.6000061035156,911.5999755859375,384.6000061035156,126.30000305175781,19.99999999998181,67.45224636401758,constant,
1.0,748.52,748.576,931.7999877929688,376.20001220703125,493.8999938964844,248.1999969482422,239.60000610351562,56.00000000004002,456.22407713840715,constant,
1.0,748.856,748.875,478.20001220703125,232.89999389648438,429.5,190.0,76.69999694824219,19.000000000005457,64.9006984961132,constant,
1.0,749.278,749.514,415.20001220703125,157.60000610351562,508.6000061035156,44.900001525878906,885.5,235.99999999999,146.37229892183376,constant,
1.0,750.128,750.393,498.1000061035156,132.1999969482422,559.4000244140625,338.1000061035156,757.0999755859375,264.99999999998636,214.83134318580022,constant,
1.0,750.661,750.711,550.7000122070312,395.70001220703125,834.0,523.0999755859375,210.6999969482422,50.00000000006821,310.62780582627,constant,
1.0,751.018,751.056,823.7000122070312,510.1000061035156,570.7000122070312,459.6000061035156,188.5,38.000000000010914,257.990794409413,constant,
1.0,751.442,751.515,552.7999877929688,451.20001220703125,906.5999755859375,202.5,266.79998779296875,72.99999999997908,432.4651748222998,constant,
1.0,751.761,751.773,903.4000244140625,225.10000610351562,944.0999755859375,214.3000030517578,70.5,12.000000000057298,42.108503788557805,constant,
1.0,752.063,752.114,942.4000244140625,199.1999969482422,1442.0,170.8000030517578,322.3999938964844,51.000000000044565,500.4065299921552,constant,
1.0,752.451,752.533,1432.199951171875,171.10000610351562,1454.5999755859375,330.5,127.0999984741211,81.99999999999363,160.96620498710234,constant,
1.0,752.563,752.601,1456.300048828125,330.6000061035156,1456.699951171875,314.70001220703125,120.5999984741211,38.000000000010914,15.905022093438824,constant,
1.0,752.633,752.792,1456.4000244140625,356.8999938964844,1454.199951171875,299.20001220703125,120.69999694824219,158.99999999999181,57.74191033585757,constant,
1.0,752.843,752.904,1451.199951171875,323.79998779296875,1171.5,296.5,194.0,61.00000000003547,281.0290946130765,constant,
1.0,753.194,753.234,1162.699951171875,245.3000030517578,1003.0,170.5,185.8000030517578,40.00000000007731,176.34941128578296,constant,
1.0,753.617,753.636,973.9000244140625,157.39999389648438,1048.9000244140625,199.5,117.5,19.000000000005457,86.00820027134652,constant,
1.0,753.949,754.003,1045.0,196.6999969482422,1441.300048828125,144.89999389648438,308.29998779296875,54.00000000008731,399.67107603295034,constant,
1.0,754.209,754.225,1432.4000244140625,160.89999389648438,1433.5,142.1999969482422,39.599998474121094,16.000000000076398,18.73232052239993,constant,
1.0,754.374,754.418,1434.300048828125,143.10000610351562,1255.9000244140625,152.6999969482422,137.6999969482422,43.99999999998272,178.6581331346461,constant,
1.0,754.562,754.837,1258.0999755859375,153.1999969482422,1227.4000244140625,297.8999938964844,206.60000610351562,274.99999999997726,147.92084409837852,constant,
1.0,754.917,754.925,1235.5,287.29998779296875,1232.0999755859375,300.3999938964844,65.0999984741211,7.999999999924512,13.534043221756301,constant,
1.0,755.06,755.071,1229.5,292.70001220703125,1187.5999755859375,324.6000061035156,96.19999694824219,11.000000000080945,52.661386769575046,constant,
1.0,755.56,756.174,1187.4000244140625,319.1000061035156,962.0,594.4000244140625,454.6000061035156,614.0000000000327,355.80229213377396,constant,
1.0,756.206,756.379,960.9000244140625,578.7999877929688,512.9000244140625,690.7999877929688,253.1999969482422,173.00000000000182,461.78783006917797,constant,
1.0,756.732,756.759,528.5999755859375,636.7000122070312,365.0,595.2000122070312,139.0,27.000000000043656,168.78152153514716,constant,
1.0,756.876,757.098,331.29998779296875,548.0,308.0,134.6999969482422,970.0,221.99999999998,413.95625608720485,constant,
1.0,757.152,757.156,294.1000061035156,162.5,291.5,190.5,46.79999923706055,3.9999999999054126,28.12045575267795,constant,
1.0,757.458,757.47,288.29998779296875,213.3000030517578,250.3000030517578,215.8000030517578,59.099998474121094,12.000000000057298,38.08213282278533,constant,
1.0,757.725,758.01,269.5,198.89999389648438,572.5,111.0999984741211,850.9000244140625,284.99999999996817,315.4644816713397,constant,
1.0,758.076,758.095,552.7000122070312,173.6999969482422,550.0999755859375,199.60000610351562,55.900001525878906,19.000000000005457,26.030187565099805,constant,
1.0,758.143,758.193,545.2000122070312,202.89999389648438,1014.4000244140625,360.79998779296875,336.29998779296875,49.999999999954525,495.0566225469447,constant,
1.0,758.55,758.575,988.2999877929688,405.20001220703125,873.2000122070312,402.20001220703125,131.39999389648438,25.00000000009095,115.13906539434566,constant,
1.0,758.996,759.041,845.2999877929688,407.79998779296875,507.5,451.29998779296875,239.3000030517578,45.00000000007276,340.58931538280797,constant,
1.0,759.311,759.371,524.0999755859375,438.1000061035156,955.5999755859375,108.30000305175781,361.79998779296875,59.99999999994543,543.102469164834,constant,
1.0,759.396,759.401,943.5,129.89999389648438,941.9000244140625,161.3000030517578,61.29999923706055,4.9999999999954525,31.440745805830556,constant,
1.0,759.8,760.075,927.7999877929688,198.39999389648438,578.2000122070312,138.1999969482422,229.3000030517578,275.00000000009095,354.74523613750824,constant,
1.0,760.113,760.122,579.7000122070312,133.60000610351562,574.5999755859375,151.6999969482422,51.5,8.999999999900865,18.80478774449961,constant,
1.0,760.274,760.292,567.0,209.0,627.2999877929688,187.60000610351562,98.80000305175781,18.000000000029104,63.98475026599501,constant,
1.0,760.489,760.515,622.5999755859375,185.0,472.5,253.1999969482422,180.6999969482422,25.999999999953616,164.86734744830244,constant,
1.0,761.196,761.754,507.29998779296875,256.0,1067.699951171875,259.3999938964844,222.8000030517578,557.9999999999927,560.4102773090226,constant,
1.0,761.794,761.843,1056.800048828125,329.70001220703125,905.4000244140625,467.8999938964844,454.3999938964844,48.99999999997817,204.99073718474185,constant,
1.0,762.043,762.244,905.9000244140625,475.8999938964844,1165.9000244140625,335.20001220703125,229.5,201.00000000002183,295.6289648316153,constant,
1.0,762.323,762.428,1162.9000244140625,368.29998779296875,923.5,130.89999389648438,204.6999969482422,105.00000000001819,337.1514923465482,constant,
1.0,762.507,762.517,915.2999877929688,127.80000305175781,914.0,150.5,64.19999694824219,10.000000000104592,22.737190453353563,constant,
1.0,762.585,762.749,915.4000244140625,160.8000030517578,1348.199951171875,375.0,273.1000061035156,163.99999999998727,482.9051825091493,constant,
1.0,762.792,763.039,1350.699951171875,360.20001220703125,1168.5,492.0,298.8999938964844,246.99999999995725,224.87342881999274,constant,
1.0,763.191,763.199,1168.0999755859375,486.70001220703125,1168.5,466.8999938964844,47.599998474121094,7.999999999924512,19.804058791819358,constant,
1.0,763.357,763.394,1164.5999755859375,478.0,876.7999877929688,398.20001220703125,219.60000610351562,37.00000000003456,298.658452124481,constant,
1.0,764.394,764.428,869.0999755859375,392.70001220703125,1018.2999877929688,539.5,221.0,33.999999999991815,209.31048721598745,constant,
1.0,764.527,764.613,1007.7000122070312,511.1000061035156,1017.9000244140625,523.7999877929688,154.60000610351562,86.00000000001273,16.288946679758983,constant,
1.0,764.645,764.733,1016.4000244140625,514.0,1021.9000244140625,514.7999877929688,109.19999694824219,87.99999999996544,5.557875535571035,constant,
1.0,764.941,764.98,1013.2000122070312,505.29998779296875,1016.7000122070312,523.2999877929688,82.5999984741211,38.99999999998727,18.33712082089225,constant,
1.0,765.235,765.259,1006.5999755859375,528.5999755859375,1006.5999755859375,529.7999877929688,63.79999923706055,24.00000000000091,1.20001220703125,constant,
1.0,765.554,765.564,1014.5,539.2999877929688,1012.7999877929688,508.3999938964844,63.599998474121094,9.999999999990905,30.946722997868886,constant,
1.0,766.083,766.087,1012.0,535.7000122070312,1011.7999877929688,506.3999938964844,45.70000076293945,4.000000000019099,29.300700979351053,constant,
1.0,767.043,767.048,1025.4000244140625,528.7999877929688,1025.5999755859375,509.0,47.29999923706055,4.9999999999954525,19.800997375709276,constant,
1.0,767.462,767.487,1029.699951171875,509.0,1028.0,509.6000061035156,58.20000076293945,24.999999999977263,1.8027316247892222,constant,
1.0,767.51,767.527,1027.300048828125,525.4000244140625,1029.4000244140625,531.4000244140625,70.80000305175781,17.00000000005275,6.356877964970977,constant,
1.0,769.127,769.137,1033.0999755859375,501.79998779296875,1033.4000244140625,485.6000061035156,58.5,9.999999999990905,16.202760136405022,constant,
1.0,769.785,770.074,613.7999877929688,251.39999389648438,622.4000244140625,280.6000061035156,108.0999984741211,288.99999999998727,30.440127180662824,constant,
1.0,770.556,770.566,608.4000244140625,394.0,606.0999755859375,377.8999938964844,51.099998474121094,9.999999999990905,16.263468914871744,constant,
1.0,770.804,770.824,601.9000244140625,351.1000061035156,602.4000244140625,373.70001220703125,58.900001525878906,19.99999999998181,22.605536398832555,constant,
1.0,771.978,772.016,612.2999877929688,356.79998779296875,607.7000122070312,397.3999938964844,75.30000305175781,38.000000000010914,40.85976347210942,constant,
1.0,772.047,772.059,608.0999755859375,397.20001220703125,609.7000122070312,395.29998779296875,67.0,11.999999999943611,2.4839907332505593,constant,
1.0,772.178,772.193,610.4000244140625,360.5,611.0,394.5,93.5,14.999999999986358,34.00529327477887,constant,
1.0,772.233,772.293,613.7999877929688,378.79998779296875,612.5,396.1000061035156,85.80000305175781,60.00000000005912,17.348792517265426,constant,
1.0,772.749,772.756,608.7999877929688,369.79998779296875,607.2999877929688,391.0,53.29999923706055,6.999999999948159,21.253011964855098,constant,
1.0,772.835,772.841,613.7000122070312,378.70001220703125,615.7000122070312,401.0,60.5,5.999999999971806,22.389494312434913,constant,
1.0,772.919,772.943,613.2999877929688,399.70001220703125,615.5,397.5,75.30000305175781,24.00000000000091,3.1112871005699594,constant,
1.0,773.287,773.311,617.7999877929688,380.0,620.5,399.3999938964844,56.79999923706055,24.00000000000091,19.58698111250809,constant,
1.0,773.492,773.508,619.0999755859375,410.1000061035156,619.2000122070312,406.79998779296875,62.099998474121094,16.000000000076398,3.3015342154072105,constant,
1.0,773.776,773.797,616.2000122070312,416.70001220703125,614.0999755859375,409.29998779296875,67.5,21.00000000007185,7.692237329844673,constant,
1.0,774.168,774.19,607.7999877929688,403.5,610.5999755859375,409.70001220703125,57.79999923706055,22.000000000048203,6.802946641574556,constant,
1.0,774.797,774.801,594.7000122070312,386.5,592.9000244140625,406.0,51.400001525878906,4.000000000019099,19.582899582412114,constant,
1.0,775.39,775.407,604.0999755859375,388.5,603.4000244140625,394.3999938964844,67.0,17.00000000005275,5.941368497371802,constant,
1.0,775.712,775.767,607.7000122070312,371.29998779296875,611.5999755859375,389.5,62.099998474121094,55.000000000063665,18.613171645179023,constant,
1.0,775.841,775.854,607.5,368.29998779296875,607.7000122070312,391.5,55.099998474121094,13.000000000033651,23.200874364759628,constant,
1.0,776.047,776.053,610.0999755859375,386.70001220703125,612.0,410.0,76.5999984741211,5.999999999971806,23.37732927274898,constant,
1.0,776.483,776.535,605.9000244140625,417.1000061035156,607.0999755859375,404.8999938964844,87.19999694824219,52.00000000002092,12.258881705383885,constant,
1.0,776.733,776.797,612.7000122070312,418.6000061035156,615.0,401.8999938964844,78.9000015258789,64.00000000007822,16.857649645273746,constant,
1.0,776.842,776.915,613.7999877929688,415.0,615.7999877929688,400.79998779296875,108.80000305175781,72.99999999997908,14.340165503920675,constant,
1.0,776.965,776.984,613.7000122070312,422.3999938964844,614.4000244140625,426.20001220703125,93.9000015258789,19.000000000005457,3.8639560363032457,constant,
1.0,777.055,777.062,616.7000122070312,380.8999938964844,618.2999877929688,394.29998779296875,67.9000015258789,7.000000000061846,13.495175371273044,constant,
1.0,777.196,777.254,619.4000244140625,414.8999938964844,615.7999877929688,421.3999938964844,113.19999694824219,57.999999999992724,7.430360938286652,constant,
1.0,777.331,777.366,617.0999755859375,426.5,614.7000122070312,428.70001220703125,122.4000015258789,34.99999999996817,3.2557453725955927,constant,
1.0,777.484,777.536,609.7000122070312,403.1000061035156,614.9000244140625,422.6000061035156,111.0999984741211,51.99999999990723,20.181430250437504,constant,
1.0,777.574,777.584,613.7000122070312,377.20001220703125,612.2000122070312,417.1000061035156,72.69999694824219,9.999999999990905,39.92817943432295,constant,
1.0,777.663,777.698,616.4000244140625,379.0,614.5999755859375,429.8999938964844,88.9000015258789,34.99999999996817,50.93181279363401,constant,
1.0,777.737,777.76,613.7000122070312,432.70001220703125,612.7999877929688,415.70001220703125,106.9000015258789,23.000000000024556,17.023808150525795,constant,
1.0,777.873,778.803,610.2999877929688,422.3999938964844,1250.5,338.79998779296875,774.2000122070312,929.99999999995,645.6353588910623,constant,
1.0,778.877,778.923,1259.0,368.6000061035156,950.7000122070312,210.0,237.8000030517578,46.00000000004911,346.7028185769188,constant,
1.0,779.121,779.353,943.2000122070312,171.39999389648438,963.7999877929688,153.60000610351562,93.80000305175781,231.9999999999709,27.224962067394284,constant,
1.0,779.4,779.455,963.7000122070312,152.39999389648438,965.0,170.39999389648438,74.0,55.000000000063665,18.04688250811945,constant,
1.0,779.483,779.555,966.0999755859375,162.5,1455.300048828125,197.8000030517578,272.29998779296875,72.00000000000273,490.4720194624926,constant,
1.0,779.852,779.925,1443.0999755859375,225.1999969482422,1298.300048828125,207.3000030517578,136.3000030517578,72.99999999997908,145.90211982888405,constant,
1.0,780.117,780.125,1277.9000244140625,210.60000610351562,1250.9000244140625,198.5,61.29999923706055,8.000000000038199,29.58733086483327,constant,
1.0,780.291,780.977,1248.699951171875,190.0,968.0999755859375,309.29998779296875,736.0999755859375,685.9999999999218,304.9079096813187,constant,
1.0,781.15,781.183,976.7000122070312,325.6000061035156,812.0999755859375,297.6000061035156,140.39999389648438,33.00000000001546,166.96458323748004,constant,
1.0,781.237,781.425,811.7999877929688,290.29998779296875,536.0999755859375,216.1999969482422,185.0,187.99999999998818,285.48433472634844,constant,
1.0,781.851,781.885,532.0,234.3000030517578,339.1000061035156,202.5,149.6999969482422,33.999999999991815,195.50357500402777,constant,
1.0,781.926,781.941,304.79998779296875,197.89999389648438,311.79998779296875,177.6999969482422,79.5999984741211,14.999999999986358,21.3784909829715,constant,
1.0,782.184,782.197,311.5,191.5,271.8999938964844,192.5,58.599998474121094,13.000000000033651,39.61263035192784,constant,
1.0,782.406,782.531,267.79998779296875,176.60000610351562,908.2000122070312,107.0999984741211,332.1000061035156,125.0,644.1602613713592,constant,
1.0,782.775,783.15,891.4000244140625,147.5,915.7000122070312,135.1999969482422,340.70001220703125,375.0,27.235628904280542,constant,
1.0,783.326,783.339,919.4000244140625,143.8000030517578,948.5,119.9000015258789,72.0999984741211,13.000000000033651,37.656588428045,constant,
1.0,783.442,783.511,947.0999755859375,110.9000015258789,946.7999877929688,142.89999389648438,99.0999984741211,68.99999999995998,32.00139847560944,constant,
1.0,783.538,783.576,949.9000244140625,154.89999389648438,951.9000244140625,154.5,72.30000305175781,38.000000000010914,2.039606608448,constant,
1.0,783.846,784.193,982.0999755859375,161.10000610351562,1164.9000244140625,340.1000061035156,156.39999389648438,346.99999999998,255.84537879657879,constant,
1.0,784.225,784.418,1160.800048828125,301.79998779296875,1354.0999755859375,322.3999938964844,195.8000030517578,192.99999999998363,194.3945007865206,constant,
1.0,784.473,785.33,1350.4000244140625,325.70001220703125,1396.5,326.0,876.4000244140625,857.0000000000846,46.100951635513596,constant,
1.0,785.381,785.389,1407.5,299.5,1411.0999755859375,327.1000061035156,69.80000305175781,8.000000000038199,27.83379530594859,constant,
1.0,785.748,786.181,1416.5999755859375,290.0,605.7999877929688,134.3000030517578,852.7000122070312,432.9999999999927,825.614382902067,constant,
1.0,786.368,786.413,600.2999877929688,199.5,923.0,453.29998779296875,275.0,44.99999999995907,410.54808693030003,constant,
1.0,786.683,786.7,922.2999877929688,446.0,972.4000244140625,411.5,132.8000030517578,17.00000000005275,60.82979261377549,constant,
1.0,786.978,786.996,963.7999877929688,396.1000061035156,957.7000122070312,407.79998779296875,87.30000305175781,18.000000000029104,13.19466838092462,constant,
1.0,787.023,787.149,962.2000122070312,400.29998779296875,860.9000244140625,483.20001220703125,150.89999389648438,125.99999999997635,130.8972939930684,constant,
1.0,787.572,787.914,857.9000244140625,533.7000122070312,946.5999755859375,111.0,499.3999938964844,341.99999999998454,431.9062185911629,constant,
1.0,787.959,787.977,937.2999877929688,105.5,940.9000244140625,126.30000305175781,56.70000076293945,18.000000000029104,21.109248935628912,constant,
1.0,788.121,788.134,947.5,159.39999389648438,962.4000244140625,136.89999389648438,48.900001525878906,13.000000000033651,26.986306296706456,constant,
1.0,788.46,789.288,965.0,126.69999694824219,1437.0999755859375,121.9000015258789,50.900001525878906,827.9999999999745,472.1243765198928,constant,
1.0,789.664,790.068,1434.699951171875,128.5,940.2999877929688,73.30000305175781,232.6999969482422,403.99999999999636,497.47197252925696,constant,
1.0,790.131,790.14,942.5,113.30000305175781,940.0,90.9000015258789,79.5,9.000000000014552,22.53907869366841,constant,
1.0,790.19,790.2,938.7999877929688,100.5999984741211,938.4000244140625,76.5999984741211,74.4000015258789,9.999999999990905,24.003332491645114,constant,
1.0,790.235,790.605,944.7000122070312,89.19999694824219,467.3999938964844,74.69999694824219,407.1000061035156,370.00000000000455,477.52021682777826,constant,
1.0,790.673,790.681,463.70001220703125,100.69999694824219,470.5,73.30000305175781,61.900001525878906,8.000000000038199,28.231179562885874,constant,
1.0,790.739,790.797,471.8999938964844,100.30000305175781,911.4000244140625,260.70001220703125,281.20001220703125,57.999999999992724,467.85514826916665,constant,
1.0,791.039,791.062,898.2000122070312,288.20001220703125,947.2000122070312,384.0,125.5,23.000000000024556,107.60407827370189,constant,
1.0,791.398,791.408,933.9000244140625,398.6000061035156,931.4000244140625,365.6000061035156,69.19999694824219,9.999999999990905,33.094561486745825,constant,
1.0,791.621,792.315,490.6000061035156,99.30000305175781,496.29998779296875,208.60000610351562,117.30000305175781,694.0000000000737,109.44852880863391,constant,
1.0,792.531,792.567,493.5,231.39999389648438,692.5999755859375,197.8000030517578,164.3000030517578,36.00000000005821,201.9152289033361,constant,
1.0,792.727,792.776,677.2999877929688,182.6999969482422,679.2999877929688,216.8000030517578,69.0,48.99999999997817,34.15860676695996,constant,
1.0,792.893,792.91,678.2000122070312,210.5,677.4000244140625,209.1999969482422,73.4000015258789,16.999999999939064,1.526429953675778,constant,
1.0,792.998,793.049,671.4000244140625,208.8000030517578,839.2999877929688,199.89999389648438,179.89999389648438,50.99999999993088,168.13568290402253,constant,
1.0,793.438,793.475,848.5999755859375,197.89999389648438,559.9000244140625,180.1999969482422,221.6999969482422,37.00000000003456,289.24202961985105,constant,
1.0,793.867,793.897,554.2999877929688,186.60000610351562,664.7000122070312,200.0,114.0999984741211,30.000000000086402,111.21027482679564,constant,
1.0,794.003,794.027,663.5999755859375,207.8000030517578,663.7000122070312,185.6999969482422,60.599998474121094,24.00000000000091,22.100232512373886,constant,
1.0,794.252,794.281,662.2000122070312,185.89999389648438,511.70001220703125,244.8000030517578,129.39999389648438,28.999999999996362,161.61516351658125,constant,
1.0,794.591,794.716,506.5,254.0,575.2999877929688,335.6000061035156,103.80000305175781,125.0,106.73330931066663,constant,
1.0,794.866,795.187,572.2999877929688,346.20001220703125,309.1000061035156,369.79998779296875,506.6000061035156,321.0000000000264,264.2559161286371,constant,
1.0,795.746,795.812,850.0,467.20001220703125,846.0999755859375,424.6000061035156,135.60000610351562,66.00000000003092,42.77815693142766,constant,
1.0,795.85,795.967,848.2000122070312,420.20001220703125,858.0,407.5,96.9000015258789,116.9999999999618,16.041510864038937,constant,
1.0,796.881,796.922,886.5999755859375,396.70001220703125,631.4000244140625,354.29998779296875,148.10000610351562,41.00000000005366,258.698235688689,constant,
1.0,797.427,797.499,615.2999877929688,381.29998779296875,1078.0999755859375,360.20001220703125,282.6000061035156,72.00000000000273,463.280733109957,constant,
1.0,797.525,797.548,1073.0999755859375,340.70001220703125,1062.699951171875,323.5,148.3000030517578,23.000000000024556,20.09977432050221,constant,
1.0,797.59,797.594,1065.199951171875,370.8999938964844,1065.699951171875,344.0,86.9000015258789,4.000000000019099,26.9046403363973,constant,
1.0,797.631,797.644,1061.5,332.3999938964844,1064.199951171875,342.3999938964844,61.29999923706055,13.000000000033651,10.358075899051386,constant,
1.0,797.714,797.745,1062.0999755859375,303.70001220703125,1039.5999755859375,144.5,132.0,30.99999999994907,160.7821317395652,constant,
1.0,797.924,798.015,1033.5,173.0,1285.699951171875,139.8000030517578,191.8000030517578,91.00000000000819,254.37581482613362,constant,
1.0,798.043,798.07,1287.0,154.1999969482422,1286.300048828125,158.3000030517578,61.20000076293945,27.000000000043656,4.159324667764536,constant,
1.0,798.242,798.905,1284.199951171875,188.1999969482422,1304.300048828125,91.19999694824219,1193.800048828125,663.0000000000109,99.06065781020631,constant,
1.0,799.14,799.329,1300.0999755859375,51.0,1058.0999755859375,142.6999969482422,175.3000030517578,188.99999999996453,258.79120819747266,constant,
1.0,799.791,800.045,1036.300048828125,140.10000610351562,1120.199951171875,297.3999938964844,271.6000061035156,253.9999999999054,178.27641395585368,constant,
1.0,800.104,800.116,1115.5,293.1000061035156,1111.9000244140625,278.3999938964844,64.9000015258789,11.999999999943611,15.134403956093342,constant,
1.0,800.314,800.348,1119.4000244140625,274.6000061035156,962.5,366.79998779296875,143.8000030517578,33.999999999991815,181.98476388057574,constant,
1.0,800.573,800.633,952.4000244140625,367.0,608.5999755859375,380.5,242.6999969482422,60.00000000005912,344.06499905427916,constant,
1.0,801.11,801.188,606.7999877929688,394.1000061035156,1295.4000244140625,77.69999694824219,303.8999938964844,77.99999999997453,757.8119662739754,constant,
1.0,801.255,803.486,1254.0999755859375,94.0,1177.9000244140625,247.3000030517578,1405.0999755859375,2230.9999999999945,171.1938185048312,constant,
1.0,803.717,803.73,1173.5,261.79998779296875,1177.699951171875,254.0,74.9000015258789,13.000000000033651,8.858859938874511,constant,
1.0,803.77,803.838,1167.9000244140625,238.5,1166.0,277.1000061035156,87.30000305175781,67.99999999998363,38.64674066419414,constant,
1.0,803.908,803.984,1169.300048828125,261.1000061035156,713.2999877929688,342.3999938964844,400.3999938964844,76.00000000002183,463.19082857846297,constant,
1.0,804.042,804.315,717.5,389.6000061035156,1319.9000244140625,117.5,341.20001220703125,273.00000000002456,661.0024226397331,constant,
1.0,804.415,804.619,1297.9000244140625,70.30000305175781,1121.199951171875,376.3999938964844,206.6999969482422,204.00000000006457,353.4404055550753,constant,
1.0,804.787,804.804,1113.5999755859375,380.20001220703125,1112.5,361.3999938964844,72.69999694824219,16.999999999939064,18.832170208623232,constant,
1.0,804.866,804.978,1117.0999755859375,360.3999938964844,772.2999877929688,356.5,240.5,111.99999999996635,344.8220432838133,constant,
1.0,805.061,805.127,777.0999755859375,365.6000061035156,778.7000122070312,360.6000061035156,110.4000015258789,65.99999999991724,5.249773060699015,constant,
1.0,805.178,805.27,784.5999755859375,363.3999938964844,658.4000244140625,356.29998779296875,128.39999389648438,91.99999999998454,126.399516464477,constant,
1.0,805.57,805.636,659.7999877929688,368.1000061035156,555.7999877929688,363.29998779296875,148.1999969482422,65.99999999991724,104.11071114818871,constant,
1.0,805.71,805.718,556.0999755859375,385.8999938964844,562.5999755859375,356.70001220703125,80.5999984741211,7.999999999924512,29.91469422649006,constant,
1.0,805.794,805.805,557.0999755859375,377.20001220703125,558.0,368.1000061035156,58.0,10.999999999967258,9.144405668490991,constant,
1.0,805.84,805.896,559.4000244140625,361.29998779296875,1026.5999755859375,391.3999938964844,318.70001220703125,55.99999999992633,468.1685644534819,constant,
1.0,806.024,806.115,1001.5999755859375,393.5,1006.2000122070312,407.29998779296875,74.4000015258789,91.00000000000819,14.546477236825764,constant,
1.0,806.16,806.203,1007.7999877929688,405.8999938964844,1008.0999755859375,392.29998779296875,73.30000305175781,43.00000000000637,13.603314253945342,constant,
1.0,806.239,806.276,1013.0,392.5,826.2999877929688,390.3999938964844,138.89999389648438,36.999999999920874,186.71182229237766,constant,
1.0,806.313,806.388,817.5,387.20001220703125,824.0,383.70001220703125,61.29999923706055,75.00000000004547,7.3824115301167,constant,
1.0,806.751,806.775,819.2999877929688,368.1000061035156,820.2999877929688,392.1000061035156,79.0999984741211,24.00000000000091,24.020824298928627,constant,
1.0,807.067,807.073,825.2999877929688,375.20001220703125,821.5,391.20001220703125,43.599998474121094,5.999999999971806,16.445057227833278,constant,
1.0,807.305,807.321,824.2000122070312,371.0,827.0999755859375,379.70001220703125,68.69999694824219,16.000000000076398,9.170605214569544,constant,
1.0,807.356,807.375,830.4000244140625,375.70001220703125,828.5,377.29998779296875,95.9000015258789,19.000000000005457,2.4839514185324947,constant,
1.0,808.005,808.013,828.0,357.3999938964844,831.0,376.8999938964844,70.9000015258789,8.000000000038199,19.72941965694886,constant,
1.0,808.183,808.206,827.9000244140625,378.70001220703125,827.5,374.29998779296875,118.9000015258789,23.000000000024556,4.418170931074543,constant,
1.0,809.158,809.173,832.5,385.3999938964844,834.2000122070312,375.3999938964844,80.80000305175781,14.999999999986358,10.143472852236322,constant,
1.0,809.364,809.382,835.0999755859375,384.6000061035156,833.0,381.20001220703125,95.5,17.999999999915417,3.996230218301312,constant,
1.0,810.442,810.448,830.7000122070312,350.1000061035156,833.0,381.70001220703125,70.4000015258789,5.999999999971806,31.6835971693561,constant,
1.0,811.086,811.093,826.0,339.5,823.9000244140625,375.1000061035156,76.9000015258789,6.999999999948159,35.66188906987238,constant,
1.0,811.132,811.563,823.2999877929688,373.20001220703125,1129.300048828125,330.20001220703125,830.9000244140625,431.00000000004,309.00653286543854,constant,
1.0,811.608,811.626,1122.4000244140625,328.0,1129.699951171875,331.5,89.30000305175781,18.000000000029104,8.095611815633635,constant,
1.0,811.761,811.792,1131.5999755859375,355.29998779296875,1132.699951171875,319.70001220703125,125.4000015258789,31.000000000062755,35.61696517123553,constant,
1.0,811.86,812.059,1131.9000244140625,342.5,1130.199951171875,332.8999938964844,141.39999389648438,198.99999999995543,9.749377734826934,constant,
1.0,812.172,812.198,1126.5999755859375,329.8999938964844,1126.0,334.1000061035156,111.4000015258789,25.999999999953616,4.2426493188728855,constant,
1.0,812.253,812.259,1125.5,353.5,1125.800048828125,330.20001220703125,61.900001525878906,5.999999999971806,23.301919673103157,constant,
1.0,812.32,812.353,1120.9000244140625,355.70001220703125,1118.4000244140625,328.79998779296875,73.80000305175781,32.999999999901775,27.015945541053316,constant,
1.0,812.398,812.467,1120.699951171875,338.29998779296875,551.9000244140625,399.70001220703125,252.3000030517578,68.99999999995998,572.104290910093,constant,
1.0,812.979,813.044,581.5,398.3999938964844,580.9000244140625,379.5,56.099998474121094,64.99999999994088,18.909514536097102,constant,
1.0,813.211,813.237,583.4000244140625,383.79998779296875,583.2999877929688,395.70001220703125,102.0,25.999999999953616,11.900444881635451,constant,
1.0,813.305,813.317,583.2000122070312,373.6000061035156,581.9000244140625,418.3999938964844,76.5999984741211,12.000000000057298,44.81884508230903,constant,
1.0,813.377,813.416,582.0,400.6000061035156,914.0999755859375,442.5,260.6000061035156,39.000000000100954,334.7327340920002,constant,
1.0,813.887,813.902,919.5999755859375,459.3999938964844,918.7999877929688,468.70001220703125,56.400001525878906,15.000000000100044,9.334362380227487,constant,
1.0,815.371,815.388,915.4000244140625,464.20001220703125,917.2000122070312,464.5,52.20000076293945,17.00000000005275,1.8248147113520248,constant,
1.0,815.596,815.731,916.5999755859375,473.29998779296875,847.5,380.29998779296875,125.5,134.9999999999909,115.86115235909385,constant,
1.0,815.842,815.862,848.0,390.20001220703125,849.0999755859375,380.29998779296875,92.30000305175781,19.99999999998181,9.960945220645081,constant,
1.0,816.384,816.403,845.2999877929688,409.29998779296875,847.2000122070312,394.5,78.80000305175781,19.000000000005457,14.921452055549338,constant,
1.0,816.909,818.543,1710.699951171875,430.20001220703125,1508.699951171875,304.8999938964844,1082.5999755859375,1634.0000000000146,237.70589935595495,constant,
1.0,818.566,818.663,1508.5,335.5,1503.199951171875,310.1000061035156,360.3999938964844,96.99999999997999,25.947065489606963,constant,
1.0,818.693,818.714,1502.199951171875,305.70001220703125,1498.9000244140625,301.0,317.6000061035156,21.00000000007185,5.7427895097391195,constant,
1.0,818.759,818.787,1499.4000244140625,269.79998779296875,1497.5999755859375,295.29998779296875,158.6999969482422,28.00000000002001,25.563453909509846,constant,
1.0,818.827,819.127,1489.5,302.79998779296875,1258.0,142.10000610351562,261.20001220703125,299.9999999999545,281.80974808368603,constant,
1.0,819.207,819.319,1249.300048828125,177.0,1254.800048828125,168.3000030517578,113.19999694824219,111.99999999996635,10.292713291422402,constant,
1.0,819.376,819.415,1257.0,149.5,1253.800048828125,170.60000610351562,67.0,38.99999999998727,21.341273276699795,constant,
1.0,819.46,819.482,1258.800048828125,179.8000030517578,1255.0,164.1999969482422,133.0,21.999999999934516,16.056168955446967,constant,
1.0,819.632,819.813,1258.0999755859375,185.89999389648438,1535.199951171875,301.29998779296875,556.5,181.00000000004002,300.16921071461644,constant,
1.0,819.875,819.892,1534.300048828125,282.5,1534.699951171875,304.29998779296875,51.20000076293945,17.00000000005275,21.803655419633728,constant,
1.0,819.975,820.094,1539.699951171875,320.20001220703125,1348.699951171875,39.099998474121094,194.6999969482422,119.0000000000282,339.85028721577135,constant,
1.0,820.129,820.199,1348.300048828125,21.5,1356.300048828125,36.900001525878906,130.3000030517578,69.99999999993634,17.353963437701275,constant,
1.0,820.232,820.357,1350.5,8.199999809265137,1553.0,287.70001220703125,240.6999969482422,125.0,345.147080141715,constant,
1.0,820.413,820.42,1544.9000244140625,264.0,1544.5999755859375,288.70001220703125,63.20000076293945,6.999999999948159,24.70183459435254,constant,
1.0,820.755,821.366,1538.199951171875,306.8999938964844,578.7000122070312,361.5,626.2000122070312,610.99999999999,961.0521804460166,constant,
1.0,821.671,821.68,570.2000122070312,391.6000061035156,572.2000122070312,375.29998779296875,59.400001525878906,8.999999999900865,16.422259190627926,constant,
1.0,822.012,822.086,572.7999877929688,382.1000061035156,560.7000122070312,519.2000122070312,132.6999969482422,74.00000000006912,137.6329215077712,constant,
1.0,822.198,822.222,562.7000122070312,552.7999877929688,562.9000244140625,537.0999755859375,76.19999694824219,24.00000000000091,15.701286195209988,constant,
1.0,822.27,822.274,562.0,523.5,564.7000122070312,525.0999755859375,47.79999923706055,4.000000000019099,3.138469020671354,constant,
1.0,822.338,822.784,568.2000122070312,521.4000244140625,561.5,393.20001220703125,129.39999389648438,446.0000000000264,128.37497144481603,constant,
1.0,822.981,823.023,559.5999755859375,389.29998779296875,914.9000244140625,374.29998779296875,320.8999938964844,42.00000000003001,355.6165416530395,constant,
1.0,823.262,823.325,900.7999877929688,409.70001220703125,930.0,483.3999938964844,95.4000015258789,63.00000000010186,79.27375362575245,constant,
1.0,823.396,823.438,930.9000244140625,449.70001220703125,926.4000244140625,476.1000061035156,58.599998474121094,42.00000000003001,26.780770671032084,constant,
1.0,823.666,824.112,931.7000122070312,489.8999938964844,936.2000122070312,468.8999938964844,120.30000305175781,445.9999999999127,21.47673159491453,constant,
1.0,824.143,824.968,931.7000122070312,489.8999938964844,936.2000122070312,468.8999938964844,0.0,824.9999999999318,21.47673159491453,constant,
1.0,825.12,825.165,922.7000122070312,452.20001220703125,924.0999755859375,345.20001220703125,99.0999984741211,44.99999999995907,107.00915800744475,constant,
1.0,827.583,827.786,941.2000122070312,360.8999938964844,1185.0999755859375,118.0999984741211,889.2000122070312,202.99999999997453,344.14972019940893,constant,
1.0,827.955,828.076,867.0,365.0,864.4000244140625,360.70001220703125,190.5,120.9999999999809,5.024914732326441,,
1.0,828.141,828.158,859.5,368.20001220703125,866.0999755859375,382.1000061035156,72.4000015258789,17.00000000005275,15.387316467054088,,
1.0,829.252,829.256,875.0,358.79998779296875,874.2999877929688,376.29998779296875,44.599998474121094,4.000000000019099,17.513994892370864,constant,
1.0,829.696,829.727,878.9000244140625,391.6000061035156,873.9000244140625,504.20001220703125,91.30000305175781,30.99999999994907,112.71096386116018,constant,
1.0,829.749,829.847,869.0999755859375,538.9000244140625,867.2000122070312,547.7999877929688,117.0,97.99999999995634,9.100505974233368,constant,
1.0,829.879,830.663,868.5,530.2999877929688,887.7000122070312,367.8999938964844,85.69999694824219,783.9999999999918,163.5310321814435,constant,
1.0,830.742,830.771,885.7999877929688,379.20001220703125,887.7999877929688,387.29998779296875,71.4000015258789,28.999999999996362,8.343237051216006,constant,
1.0,830.833,830.857,888.0999755859375,422.1000061035156,888.5,404.8999938964844,71.30000305175781,24.00000000000091,17.204663305449195,constant,
1.0,830.96,830.984,883.2999877929688,405.8999938964844,902.5,418.8999938964844,82.5999984741211,24.00000000000091,23.187075467815017,constant,
1.0,831.571,831.636,938.7000122070312,412.8999938964844,678.0,491.20001220703125,231.5,64.99999999994088,272.2046826051643,constant,
1.0,831.672,831.708,681.4000244140625,517.9000244140625,682.7000122070312,504.6000061035156,96.5999984741211,35.99999999994452,13.363399841460627,constant,
1.0,831.746,831.756,683.7000122070312,525.9000244140625,686.0,505.5,63.099998474121094,9.999999999990905,20.529270321717508,constant,
1.0,831.928,832.396,687.5999755859375,519.7999877929688,314.20001220703125,513.7999877929688,320.0,467.9999999999609,373.4481659499328,constant,
1.0,832.429,832.466,319.0,497.3999938964844,316.79998779296875,521.0,88.0,37.00000000003456,23.70232777169916,constant,
1.0,832.494,832.605,315.0,525.0,335.1000061035156,466.3999938964844,131.1999969482422,110.99999999999,61.951359635551455,constant,
1.0,832.665,832.709,347.70001220703125,481.1000061035156,361.8999938964844,259.8999938964844,136.60000610351562,43.99999999998272,221.6553290141511,constant,
1.0,832.921,832.941,351.6000061035156,281.20001220703125,282.8999938964844,251.39999389648438,74.5999984741211,19.99999999998181,74.88479664494771,constant,
1.0,833.111,833.697,268.5,212.10000610351562,1219.4000244140625,252.5,967.2000122070312,586.0000000000127,951.7578557267077,constant,
1.0,833.987,834.39,1213.0999755859375,224.89999389648438,1712.0,412.70001220703125,919.2000122070312,403.00000000002,533.076055772339,constant,
1.0,834.434,834.464,972.7000122070312,642.5999755859375,974.0,630.2999877929688,64.19999694824219,30.000000000086402,12.368494975907458,constant,
1.0,834.496,834.72,972.4000244140625,616.2000122070312,975.7999877929688,606.5999755859375,33.79999923706055,224.00000000004638,10.184323939478983,constant,
1.0,834.92,835.043,875.9000244140625,615.9000244140625,1499.5999755859375,221.39999389648438,1041.0999755859375,123.0000000000473,737.9918042703248,constant,
1.0,835.293,835.302,1519.0,261.6000061035156,1519.9000244140625,234.3000030517578,63.400001525878906,9.000000000014552,27.314834990749887,constant,
1.0,835.453,836.497,1515.199951171875,232.39999389648438,715.5,486.20001220703125,791.7000122070312,1043.9999999999827,839.0080221301422,constant,
1.0,836.815,837.512,690.5999755859375,499.5,948.5,415.8999938964844,801.0,696.999999999889,271.11138598974753,constant,
1.0,837.773,837.828,957.0,462.8999938964844,1132.199951171875,291.29998779296875,213.89999389648438,54.99999999994998,245.2378131230051,constant,
1.0,838.275,838.386,1115.0,322.6000061035156,872.2000122070312,375.8999938964844,160.10000610351562,110.99999999999,248.58142080814565,constant,
1.0,838.414,838.481,874.4000244140625,369.0,871.2999877929688,364.29998779296875,88.19999694824219,67.00000000000728,5.630305657632196,constant,
1.0,838.654,838.686,861.9000244140625,365.79998779296875,861.5999755859375,335.70001220703125,104.0999984741211,32.00000000003911,30.101471053310547,constant,
1.0,838.708,838.762,862.7000122070312,387.6000061035156,989.7000122070312,411.8999938964844,134.5,53.999999999973625,129.30386462414197,constant,
1.0,839.154,839.911,1035.0999755859375,433.5,865.5999755859375,315.8999938964844,291.5,756.9999999999482,206.30077904735822,constant,
1.0,839.966,840.222,871.9000244140625,363.6000061035156,443.70001220703125,427.5,261.5,255.9999999999718,432.9416354129878,constant,
1.0,840.465,840.534,449.29998779296875,422.6000061035156,890.2000122070312,376.79998779296875,260.79998779296875,68.99999999995998,443.27245933575364,constant,
1.0,840.856,846.389,885.9000244140625,377.5,543.2999877929688,404.79998779296875,1089.4000244140625,5533.0000000000155,343.68601139160586,constant,
1.0,846.43,846.484,538.7000122070312,405.70001220703125,663.9000244140625,450.6000061035156,149.10000610351562,54.00000000008731,133.00771597371752,constant,
1.0,846.544,846.578,667.4000244140625,436.79998779296875,667.2999877929688,433.1000061035156,58.0,33.999999999991815,3.7013337903853327,constant,
1.0,846.848,846.856,664.7000122070312,424.1000061035156,636.0999755859375,414.8999938964844,67.19999694824219,8.000000000038199,30.043340682045123,constant,
1.0,846.906,846.926,624.5,411.0,625.4000244140625,414.0,68.69999694824219,20.000000000095497,3.1320989680896973,constant,
1.0,852.954,853.089,641.7000122070312,411.0,644.0999755859375,396.6000061035156,58.900001525878906,135.0000000001046,14.598618031816518,constant,
1.0,853.311,853.335,869.7000122070312,482.3999938964844,872.0999755859375,454.29998779296875,107.80000305175781,24.00000000000091,28.202307835312105,,
1.0,853.641,854.48,872.7999877929688,438.20001220703125,899.7999877929688,416.6000061035156,82.19999694824219,839.0000000000555,34.5768746949737,passive,
1.0,854.542,854.552,897.5999755859375,424.1000061035156,898.4000244140625,402.6000061035156,52.20000076293945,9.999999999990905,21.514880388405235,passive,
1.0,854.596,854.646,903.0999755859375,380.5,902.0,395.79998779296875,81.69999694824219,49.999999999954525,15.339477590669485,passive,
1.0,854.67,855.077,898.5999755859375,411.1000061035156,899.5999755859375,371.6000061035156,102.69999694824219,407.0000000000391,39.51265620026069,passive,
1.0,855.274,855.318,915.0999755859375,370.3999938964844,746.2000122070312,424.0,162.1999969482422,43.99999999998272,177.20089808940807,passive,
1.0,855.495,855.543,746.9000244140625,450.0,750.2000122070312,447.20001220703125,77.30000305175781,48.00000000000182,4.327799796029938,passive,
1.0,855.566,855.946,752.0999755859375,445.29998779296875,975.0999755859375,241.8000030517578,298.3999938964844,379.99999999999545,301.8960811101613,passive,
1.0,856.016,856.179,952.0,191.1999969482422,958.7000122070312,254.89999389648438,118.9000015258789,163.0000000000109,64.05138386311752,passive,
1.0,856.245,856.577,963.0,255.39999389648438,885.0999755859375,455.0,156.89999389648438,331.99999999999363,214.26286715209196,passive,
1.0,856.727,857.207,889.0,482.3999938964844,889.5999755859375,483.70001220703125,108.0,480.0000000000182,1.4317885009589222,passive,
1.0,857.325,857.336,1082.199951171875,333.8999938964844,1077.300048828125,305.3999938964844,64.30000305175781,10.999999999967258,28.918143837014966,passive,
1.0,857.702,857.716,1079.5,256.20001220703125,1075.0999755859375,258.5,53.400001525878906,14.000000000010004,4.964892616376643,passive,
1.0,857.96,857.966,1076.5999755859375,259.8999938964844,1075.0999755859375,236.5,57.79999923706055,5.999999999971806,23.448021544588915,passive,
1.0,858.065,858.071,1074.5999755859375,232.5,1072.800048828125,259.20001220703125,74.80000305175781,5.999999999971806,26.76061262731306,passive,
1.0,858.128,858.152,1081.699951171875,229.5,986.7999877929688,302.20001220703125,120.80000305175781,24.00000000000091,119.54620372149105,passive,
1.0,858.39,858.405,984.2999877929688,308.70001220703125,1031.300048828125,273.79998779296875,98.5999984741211,14.999999999986358,58.54073318135477,passive,
1.0,858.675,858.684,1043.199951171875,266.0,1066.199951171875,267.79998779296875,52.400001525878906,9.000000000014552,23.07032631010746,passive,
1.0,858.724,858.732,1080.5999755859375,274.29998779296875,1080.4000244140625,254.0,48.599998474121094,7.999999999924512,20.300972510345765,passive,
1.0,858.831,858.867,1083.5999755859375,269.5,889.7000122070312,373.8999938964844,179.5,35.99999999994452,220.21933276605657,passive,
1.0,859.045,861.242,896.7999877929688,347.79998779296875,888.5999755859375,429.70001220703125,123.5,2197.0000000000027,82.30950248433953,passive,
1.0,861.315,861.319,881.2999877929688,421.6000061035156,882.5,434.1000061035156,65.0999984741211,3.9999999999054126,12.5574690641476,passive,
1.0,861.355,861.685,879.5999755859375,429.1000061035156,871.7000122070312,422.3999938964844,124.4000015258789,329.99999999992724,10.358551296509933,passive,
1.0,861.703,861.753,872.5999755859375,396.29998779296875,872.7999877929688,402.5,83.5999984741211,50.00000000006821,6.203237561975039,passive,
1.0,861.799,861.916,871.7999877929688,418.6000061035156,872.5,391.20001220703125,100.5999984741211,117.00000000007549,27.408934357566217,passive,
1.0,862.017,862.038,863.7000122070312,417.6000061035156,791.9000244140625,354.6000061035156,110.69999694824219,20.999999999958163,95.52087859243372,passive,
1.0,862.255,862.285,744.7999877929688,276.1000061035156,744.4000244140625,293.29998779296875,57.900001525878906,29.999999999972715,17.20463137710276,passive,
1.0,862.332,862.351,750.5999755859375,279.79998779296875,752.0999755859375,299.0,82.30000305175781,19.000000000005457,19.258516784792878,passive,
1.0,862.391,862.412,751.9000244140625,279.6000061035156,770.7999877929688,274.0,60.0,21.00000000007185,19.712145598168902,passive,
1.0,862.525,862.546,777.7000122070312,236.1999969482422,772.4000244140625,247.3000030517578,70.4000015258789,21.00000000007185,12.300406745457725,passive,
1.0,862.586,862.6,774.0,229.10000610351562,779.2000122070312,229.10000610351562,78.19999694824219,14.000000000010004,5.20001220703125,passive,
1.0,862.654,862.672,776.0,216.3000030517578,779.0,237.8000030517578,89.5,18.000000000029104,21.70829334609241,passive,
1.0,862.781,862.821,773.7000122070312,223.0,776.9000244140625,241.60000610351562,64.0999984741211,40.00000000007731,18.873269594216247,passive,
1.0,863.264,863.268,774.4000244140625,275.0,783.0999755859375,257.6000061035156,54.0,4.000000000019099,19.453764108539577,passive,
1.0,864.467,865.624,797.5,241.8000030517578,634.7000122070312,301.20001220703125,186.3000030517578,1157.000000000039,173.29800089163564,passive,
1.0,865.73,865.745,636.0,313.8999938964844,646.2000122070312,343.79998779296875,64.30000305175781,14.999999999986358,31.591927513739794,passive,
1.0,865.952,866.024,637.2999877929688,360.70001220703125,582.9000244140625,212.0,224.39999389648438,72.00000000000273,158.33840230972896,passive,
1.0,866.749,866.871,570.7999877929688,206.0,879.7000122070312,387.3999938964844,231.89999389648438,121.99999999995725,358.22504500474696,passive,
1.0,867.032,867.763,872.5999755859375,434.3999938964844,1129.800048828125,436.1000061035156,206.1999969482422,730.9999999999945,257.20569145586705,passive,
1.0,867.9,867.935,1109.4000244140625,460.6000061035156,1110.5,465.5,75.5,34.99999999996817,5.021940508931052,passive,
1.0,867.986,868.079,1097.4000244140625,457.5,1099.800048828125,495.79998779296875,118.5999984741211,92.99999999996089,38.37511149338398,passive,
1.0,868.102,868.423,1093.5,482.79998779296875,392.79998779296875,697.7999877929688,374.29998779296875,321.0000000000264,732.9430449270487,passive,
1.0,868.458,868.509,394.29998779296875,701.7000122070312,399.29998779296875,697.9000244140625,231.89999389648438,51.000000000044565,6.280120000980197,passive,
1.0,868.679,869.072,394.3999938964844,697.5,1076.199951171875,545.2999877929688,360.0,393.0000000000291,698.5814379559085,passive,
1.0,869.106,869.127,1080.0999755859375,543.7000122070312,1081.300048828125,551.7000122070312,195.10000610351562,20.999999999958163,8.089510231566212,passive,
1.0,869.18,869.344,1080.800048828125,542.2000122070312,1079.0999755859375,554.9000244140625,332.79998779296875,164.00000000010095,12.813296183556544,passive,
1.0,869.367,871.004,1080.0,540.0,574.5,348.0,298.20001220703125,1637.0000000000573,540.7349165718819,passive,
1.0,871.226,871.606,554.2000122070312,305.70001220703125,285.79998779296875,310.29998779296875,206.89999389648438,379.99999999999545,268.4394398758509,passive,
1.0,871.774,871.792,284.5,325.1000061035156,238.60000610351562,280.8999938964844,81.4000015258789,18.000000000029104,63.72166443839186,passive,
1.0,872.8,873.913,197.8000030517578,249.1999969482422,854.7999877929688,388.3999938964844,334.0,1113.0000000000564,671.584409512566,passive,
1.0,873.962,873.999,854.0,379.1000061035156,861.9000244140625,359.1000061035156,128.10000610351562,37.00000000003456,21.503729577512445,passive,
1.0,874.134,874.179,859.0999755859375,387.3999938964844,1101.300048828125,294.79998779296875,207.0,44.99999999995907,259.2983544276595,passive,
1.0,875.023,875.044,1103.9000244140625,338.6000061035156,1002.7000122070312,340.6000061035156,99.80000305175781,20.999999999958163,101.2197731211806,passive,
1.0,875.16,875.166,981.2000122070312,324.3999938964844,981.7999877929688,346.1000061035156,55.599998474121094,6.0000000000854925,21.708304873688924,passive,
1.0,875.435,875.452,985.7000122070312,326.70001220703125,992.0,342.0,72.69999694824219,17.00000000005275,16.54628274436733,passive,
1.0,875.491,875.548,986.0999755859375,308.79998779296875,987.5999755859375,311.70001220703125,75.69999694824219,57.00000000001637,3.2649872284832213,passive,
1.0,875.698,875.705,981.4000244140625,327.29998779296875,984.4000244140625,353.6000061035156,81.0999984741211,7.000000000061846,26.470567865746684,passive,
1.0,875.885,875.907,976.2999877929688,344.70001220703125,1017.5,394.1000061035156,75.9000015258789,22.000000000048203,64.32573670648644,passive,
1.0,876.34,876.436,1002.5999755859375,374.8999938964844,880.9000244140625,427.5,168.1999969482422,96.00000000000364,132.58068772384098,passive,
1.0,876.526,876.585,886.5,398.5,885.2000122070312,460.70001220703125,111.30000305175781,59.000000000082764,62.21359567503477,passive,
1.0,876.695,876.769,873.7000122070312,464.79998779296875,854.9000244140625,477.79998779296875,75.5999984741211,73.99999999995543,22.85693638735896,passive,
1.0,876.94,877.05,855.9000244140625,437.79998779296875,858.2999877929688,435.29998779296875,108.0,109.99999999989996,3.46551932906038,passive,
1.0,877.102,877.114,857.5999755859375,461.8999938964844,856.2999877929688,475.70001220703125,77.30000305175781,12.000000000057298,13.861113722688259,passive,
1.0,877.179,877.568,856.2000122070312,487.79998779296875,879.7000122070312,476.5,282.20001220703125,389.00000000001,26.075653857981063,passive,
1.0,877.73,877.766,890.4000244140625,522.5,891.5999755859375,496.8999938964844,73.30000305175781,35.99999999994452,25.62811337798632,passive,
1.0,877.863,877.895,892.7999877929688,511.1000061035156,895.2999877929688,478.20001220703125,64.9000015258789,31.99999999992542,32.9948419967229,passive,
1.0,878.13,878.18,889.0,497.0,891.5,502.3999938964844,86.5999984741211,49.999999999954525,5.950624679986841,passive,
1.0,878.302,879.363,883.2000122070312,500.29998779296875,1107.0,444.70001220703125,155.39999389648438,1061.0000000000355,230.60310453523778,passive,
1.0,879.466,879.475,1096.5,457.1000061035156,1096.300048828125,433.70001220703125,58.0,9.000000000014552,23.400848164684977,passive,
1.0,879.545,879.586,1096.0999755859375,461.3999938964844,867.2000122070312,384.3999938964844,225.60000610351562,41.00000000005366,241.50402322707717,passive,
1.0,879.777,879.999,869.5,438.8999938964844,833.5,453.3999938964844,71.80000305175781,221.99999999998,38.81043674065006,passive,
1.0,880.087,880.16,840.0,455.20001220703125,834.5,460.1000061035156,57.400001525878906,72.99999999997908,7.366134684187096,passive,
1.0,880.309,880.349,837.0999755859375,478.5,831.5,449.20001220703125,76.4000015258789,40.00000000007731,29.830337095500845,passive,
1.0,880.424,881.322,841.5999755859375,465.5,747.0,327.5,303.6000061035156,898.0000000000246,167.31155184523266,passive,
1.0,881.645,881.913,734.9000244140625,307.5,749.5,365.3999938964844,183.3000030517578,268.0000000000291,59.712382135725406,passive,
1.0,881.942,881.996,748.2000122070312,358.6000061035156,746.2000122070312,360.29998779296875,78.4000015258789,53.999999999973625,2.62486909092166,passive,
1.0,882.05,882.097,751.5,366.70001220703125,750.7999877929688,387.79998779296875,80.5999984741211,47.000000000025466,21.111584185398105,passive,
1.0,882.149,882.194,748.2000122070312,382.6000061035156,895.5999755859375,441.29998779296875,153.1999969482422,44.99999999995907,158.65823979373096,passive,
1.0,882.238,882.465,893.7000122070312,454.8999938964844,859.2999877929688,456.5,106.30000305175781,226.99999999997544,34.43721387132506,passive,
1.0,882.581,882.589,859.5,444.5,860.2000122070312,475.8999938964844,81.9000015258789,8.000000000038199,31.407795748655282,passive,
1.0,882.645,882.663,861.0,473.0,861.7000122070312,462.1000061035156,71.0999984741211,18.000000000029104,10.922448628095689,passive,
1.0,882.705,884.126,862.2000122070312,467.79998779296875,873.7999877929688,391.20001220703125,227.39999389648438,1420.9999999999354,77.47332246238422,passive,
1.0,884.173,884.193,874.5,386.70001220703125,875.5999755859375,410.29998779296875,73.5,19.99999999998181,23.625596160658137,passive,
1.0,884.217,884.285,874.4000244140625,434.0,874.5999755859375,405.5,63.5,67.99999999998363,28.500701403143296,passive,
1.0,884.325,884.335,877.2000122070312,403.6000061035156,878.5,403.6000061035156,69.69999694824219,9.999999999990905,1.29998779296875,passive,
1.0,884.374,884.632,881.9000244140625,387.8999938964844,1060.0999755859375,386.8999938964844,161.89999389648438,257.9999999999245,178.20275698669377,passive,
1.0,884.656,884.707,1075.800048828125,409.6000061035156,1074.4000244140625,438.3999938964844,58.79999923706055,51.000000000044565,28.833996692014793,passive,
1.0,884.929,884.975,1068.800048828125,425.1000061035156,844.4000244140625,438.29998779296875,166.89999389648438,46.00000000004911,224.78792332692996,passive,
1.0,885.079,885.114,845.2000122070312,448.0,844.5999755859375,461.70001220703125,104.0,35.000000000081855,13.71314618967722,passive,
1.0,885.257,885.319,841.5,467.20001220703125,860.9000244140625,439.3999938964844,98.80000305175781,62.00000000001182,33.899881494379336,passive,
1.0,885.386,886.198,855.7999877929688,430.79998779296875,840.7999877929688,414.8999938964844,149.5,812.0000000000118,21.85886103867812,passive,
1.0,886.231,886.292,839.5999755859375,434.29998779296875,839.9000244140625,418.79998779296875,60.70000076293945,61.00000000003547,15.502903898923556,passive,
1.0,886.334,886.343,839.0,393.0,840.9000244140625,421.0,55.0,9.000000000014552,28.06439190101994,passive,
1.0,886.414,886.447,838.4000244140625,419.6000061035156,1027.0999755859375,369.70001220703125,199.10000610351562,33.00000000001546,195.1862724761585,passive,
1.0,886.584,886.6,1026.699951171875,376.79998779296875,1019.0,396.3999938964844,70.5,16.000000000076398,21.058240365878365,passive,
1.0,886.697,886.731,1010.7999877929688,387.20001220703125,1005.5999755859375,432.79998779296875,90.30000305175781,33.999999999991815,45.89551067796686,passive,
1.0,886.757,886.767,1006.5,435.29998779296875,1006.5,407.20001220703125,60.79999923706055,10.000000000104592,28.0999755859375,passive,
1.0,886.834,886.867,1007.4000244140625,449.0,1019.7000122070312,407.70001220703125,100.69999694824219,33.00000000001546,43.09267561206368,passive,
1.0,886.904,886.922,1019.0,396.8999938964844,1017.0999755859375,405.79998779296875,87.19999694824219,18.000000000029104,9.100548562119355,passive,
1.0,886.971,887.053,1019.2000122070312,424.70001220703125,1027.5999755859375,386.1000061035156,116.69999694824219,81.99999999999363,39.50341575051972,passive,
1.0,887.092,887.176,1031.199951171875,369.1000061035156,1037.0999755859375,359.29998779296875,75.9000015258789,84.00000000006003,11.438996764296578,passive,
1.0,887.237,887.264,1037.800048828125,365.0,995.0999755859375,301.0,104.19999694824219,27.000000000043656,76.93696286498563,passive,
1.0,887.538,887.687,955.4000244140625,323.6000061035156,833.5999755859375,405.29998779296875,108.0,149.0000000000009,146.66335228198832,passive,
1.0,887.72,887.74,836.0,429.8999938964844,835.2999877929688,421.8999938964844,93.19999694824219,19.99999999998181,8.030567669224434,passive,
1.0,887.762,887.94,840.0,429.20001220703125,837.2000122070312,408.79998779296875,117.5999984741211,178.00000000011096,20.591282809361832,passive,
1.0,887.977,888.018,855.2000122070312,413.1000061035156,855.7000122070312,417.6000061035156,69.80000305175781,41.00000000005366,4.527692569068709,passive,
1.0,888.047,888.258,855.9000244140625,423.8999938964844,858.0,407.70001220703125,87.5,211.00000000001273,16.335522770947676,passive,
1.0,888.588,889.09,867.5999755859375,401.3999938964844,942.5,281.29998779296875,338.3999938964844,502.0000000000664,141.54160209384253,passive,
1.0,889.153,889.157,938.0,260.6000061035156,942.2999877929688,244.39999389648438,56.099998474121094,4.000000000019099,16.7609752260315,passive,
1.0,889.268,889.505,935.2999877929688,241.6999969482422,742.2999877929688,222.39999389648438,160.3000030517578,236.99999999996635,193.96259979129445,passive,
1.0,889.628,889.853,746.9000244140625,206.10000610351562,993.9000244140625,641.4000244140625,299.3999938964844,224.99999999990905,500.4948610537,passive,
1.0,889.917,889.955,992.7000122070312,641.7999877929688,991.5,617.9000244140625,150.60000610351562,38.000000000010914,23.93007059768282,passive,
1.0,889.993,891.173,997.4000244140625,619.7999877929688,850.2999877929688,427.8999938964844,243.89999389648438,1179.99999999995,241.7933589480858,passive,
1.0,891.257,891.326,843.0,437.20001220703125,845.4000244140625,448.79998779296875,109.5,69.00000000007367,11.845655354704613,passive,
1.0,891.497,891.737,859.2000122070312,401.20001220703125,855.2999877929688,431.3999938964844,122.0999984741211,240.0000000000091,30.45076492427715,passive,
1.0,891.803,891.94,857.2000122070312,443.6000061035156,565.0999755859375,387.8999938964844,181.89999389648438,137.0000000000573,297.3632841389598,passive,
1.0,892.231,893.132,565.5999755859375,396.0,896.2000122070312,319.8999938964844,188.89999389648438,900.9999999999536,339.24562656403344,passive,
1.0,893.15,893.169,891.0,299.29998779296875,897.2000122070312,306.5,85.80000305175781,19.000000000005457,9.501596031653605,passive,
1.0,893.208,893.224,898.2999877929688,311.79998779296875,895.2999877929688,302.3999938964844,65.5,16.000000000076398,9.867111292265001,passive,
1.0,893.3,893.453,867.0,312.8999938964844,865.0,331.6000061035156,119.4000015258789,153.00000000002,18.806659898640103,passive,
1.0,893.478,894.006,864.7000122070312,369.70001220703125,903.7999877929688,326.3999938964844,134.0,528.00000000002,58.34123478736633,passive,
1.0,894.119,894.21,904.0999755859375,339.6000061035156,906.2000122070312,334.20001220703125,95.5999984741211,91.00000000000819,5.793969959535807,passive,
1.0,894.298,894.477,876.7999877929688,356.1000061035156,856.5999755859375,413.1000061035156,112.19999694824219,178.99999999997362,60.473469332958,passive,
1.0,894.566,894.594,847.4000244140625,464.8999938964844,848.7000122070312,440.29998779296875,77.0,28.00000000002001,24.634331096152657,passive,
1.0,894.643,894.737,845.0,426.5,844.5999755859375,444.5,117.69999694824219,93.99999999993724,18.004444438300396,passive,
1.0,894.774,894.855,845.7000122070312,429.6000061035156,846.9000244140625,452.70001220703125,154.10000610351562,81.00000000001728,23.1311545600189,passive,
1.0,894.889,894.91,843.4000244140625,455.70001220703125,843.5999755859375,452.3999938964844,74.0,20.999999999958163,3.306070374489756,passive,
1.0,895.001,895.579,852.9000244140625,397.20001220703125,832.0,490.70001220703125,200.8000030517578,577.9999999999745,95.80741631266552,passive,
1.0,895.606,895.629,829.2999877929688,500.79998779296875,825.0999755859375,508.5,81.5999984741211,23.000000000024556,8.770991422162137,passive,
1.0,895.885,895.927,834.0999755859375,517.2999877929688,871.0999755859375,563.0999755859375,71.4000015258789,42.00000000003001,58.878169824104475,passive,
1.0,896.071,896.087,873.2000122070312,545.9000244140625,871.7000122070312,564.2000122070312,72.80000305175781,15.99999999996271,18.361360331489745,passive,
1.0,896.139,896.296,873.4000244140625,558.4000244140625,824.5,498.3999938964844,156.89999389648438,157.0000000000391,77.40294600211425,passive,
1.0,896.336,896.342,828.2999877929688,506.5,828.7999877929688,491.29998779296875,80.69999694824219,5.999999999971806,15.208233661207965,passive,
1.0,896.393,896.534,830.4000244140625,481.70001220703125,846.0999755859375,504.20001220703125,158.60000610351562,140.9999999999627,27.43607965433945,passive,
1.0,896.61,896.673,849.4000244140625,504.6000061035156,851.5,484.20001220703125,104.9000015258789,62.99999999998818,20.50779482143639,passive,
1.0,896.697,897.726,848.5999755859375,503.29998779296875,831.0999755859375,398.0,282.1000061035156,1028.9999999999964,106.74426180923903,passive,
1.0,897.783,897.798,833.7000122070312,387.20001220703125,832.9000244140625,402.29998779296875,49.70000076293945,14.999999999986358,15.121152177159237,passive,
1.0,897.848,897.877,832.5,411.1000061035156,834.0,411.5,83.19999694824219,28.999999999996362,1.5524158969891906,passive,
1.0,897.946,898.05,841.4000244140625,401.3999938964844,677.4000244140625,353.5,136.60000610351562,103.99999999992815,170.85201027580342,passive,
1.0,898.218,898.266,666.9000244140625,352.0,512.5999755859375,355.29998779296875,122.4000015258789,48.00000000000182,154.3353329208691,passive,
1.0,898.363,898.385,516.5999755859375,358.6000061035156,520.7999877929688,349.70001220703125,56.70000076293945,21.999999999934516,9.841239449209162,passive,
1.0,898.525,898.756,514.5,344.1000061035156,826.0,516.0,211.1999969482422,230.99999999999454,355.7834424219477,passive,
1.0,898.801,899.107,825.7000122070312,505.5,909.4000244140625,476.29998779296875,221.1999969482422,305.99999999992633,88.64723772542467,passive,
1.0,899.16,899.235,972.9000244140625,457.70001220703125,970.4000244140625,458.8999938964844,66.9000015258789,75.00000000004547,2.773077001279044,passive,
1.0,899.257,899.487,970.9000244140625,448.70001220703125,829.0,393.5,161.5,230.0000000000182,152.25852447849326,passive,
1.0,899.528,899.548,832.9000244140625,439.6000061035156,836.0,437.5,75.0999984741211,19.99999999998181,3.744312255703499,passive,
1.0,899.621,899.697,837.2000122070312,432.29998779296875,831.7000122070312,427.70001220703125,160.10000610351562,76.00000000002183,7.1700610451530356,passive,
1.0,899.742,899.796,828.2000122070312,402.20001220703125,823.7999877929688,434.1000061035156,102.4000015258789,54.00000000008731,32.20201585988192,passive,
1.0,899.83,899.857,822.2000122070312,449.70001220703125,826.2000122070312,426.79998779296875,91.30000305175781,26.99999999992997,23.24674424870413,passive,
1.0,900.075,900.102,823.5999755859375,439.8999938964844,824.7000122070312,417.3999938964844,49.29999923706055,26.99999999992997,22.526874629378735,passive,
1.0,900.151,900.215,823.7999877929688,431.1000061035156,829.2999877929688,400.70001220703125,94.4000015258789,64.00000000007822,30.89352082405447,passive,
1.0,900.243,900.359,832.9000244140625,414.20001220703125,831.9000244140625,419.3999938964844,97.4000015258789,115.99999999998545,5.295262936875541,passive,
1.0,900.39,900.577,835.2000122070312,408.5,718.9000244140625,420.0,105.0999984741211,187.00000000001182,116.86717743081108,passive,
1.0,900.609,900.65,720.0999755859375,431.29998779296875,512.0999755859375,309.29998779296875,205.60000610351562,40.99999999993997,241.1389640850271,passive,
1.0,900.732,900.736,498.20001220703125,268.8999938964844,497.1000061035156,306.0,45.5,4.000000000019099,37.1163099769989,passive,
1.0,900.859,900.88,496.79998779296875,276.6000061035156,499.3999938964844,277.8999938964844,69.19999694824219,20.999999999958163,2.906888370781765,passive,
1.0,901.008,901.084,502.20001220703125,292.29998779296875,228.89999389648438,298.5,200.60000610351562,75.99999999990814,273.3703351863779,passive,
1.0,901.27,901.834,235.5,275.20001220703125,1279.199951171875,523.0,370.3999938964844,563.9999999999645,1072.7135787461486,passive,
1.0,901.861,901.912,1280.5,531.9000244140625,1278.0999755859375,532.7000122070312,90.80000305175781,51.000000000044565,2.5298414292194398,passive,
1.0,901.978,902.957,1267.4000244140625,517.2000122070312,701.2000122070312,413.29998779296875,137.60000610351562,979.0000000000418,575.6541226261522,passive,
1.0,903.143,903.179,707.0999755859375,401.3999938964844,762.7000122070312,398.5,95.80000305175781,35.99999999994452,55.67561438247999,passive,
1.0,903.367,903.433,758.7000122070312,405.20001220703125,755.5999755859375,425.1000061035156,70.69999694824219,66.00000000003092,20.140009536547836,passive,
1.0,903.456,903.529,758.0,406.5,1208.800048828125,234.10000610351562,317.20001220703125,72.99999999997908,482.64111088773586,passive,
1.0,903.593,903.841,1190.4000244140625,270.1000061035156,727.4000244140625,227.8000030517578,282.0,248.0000000000473,464.9282635613571,passive,
1.0,904.182,904.202,736.7000122070312,179.0,685.7999877929688,217.60000610351562,88.0999984741211,19.99999999998181,63.88092795618738,passive,
1.0,904.23,904.246,681.2999877929688,215.89999389648438,688.2000122070312,212.0,68.9000015258789,15.99999999996271,7.925925138889083,passive,
1.0,904.561,904.654,696.0999755859375,240.6999969482422,707.7000122070312,461.5,193.1999969482422,92.99999999996089,221.10450514918725,passive,
1.0,904.683,904.749,703.0999755859375,453.79998779296875,706.5,436.29998779296875,105.30000305175781,66.00000000003092,17.82723102492984,passive,
1.0,904.774,904.835,707.2999877929688,431.29998779296875,705.4000244140625,453.1000061035156,106.0,61.00000000003547,21.882656584184744,passive,
1.0,904.901,904.915,701.7999877929688,428.5,704.7999877929688,443.29998779296875,81.30000305175781,14.000000000010004,15.100981381089905,passive,
1.0,904.94,905.076,697.7000122070312,462.8999938964844,699.2999877929688,468.5,95.4000015258789,135.99999999996726,5.824087073096375,passive,
1.0,905.108,905.175,694.7000122070312,456.5,697.9000244140625,444.70001220703125,72.4000015258789,67.00000000000728,12.226192785955918,passive,
1.0,905.201,905.262,694.9000244140625,437.8999938964844,698.9000244140625,442.79998779296875,79.5999984741211,60.99999999992178,6.325341112191826,passive,
1.0,905.366,905.477,839.5,500.3999938964844,843.7999877929688,475.3999938964844,137.3000030517578,110.99999999999,25.36710261381225,,
1.0,905.499,905.55,841.5,482.3999938964844,844.5,470.6000061035156,85.30000305175781,50.99999999993088,12.175373173509366,,
1.0,905.601,905.636,842.5999755859375,451.70001220703125,841.0999755859375,463.8999938964844,84.4000015258789,34.99999999996817,12.29184905630522,,
1.0,905.697,905.984,847.0999755859375,451.6000061035156,852.9000244140625,449.5,110.19999694824219,287.00000000003456,6.168516194631985,,
1.0,906.056,906.117,854.5999755859375,435.6000061035156,855.5999755859375,445.29998779296875,90.0999984741211,60.99999999992178,9.751391940421936,passive,
1.0,906.162,906.412,855.7999877929688,441.6000061035156,853.5999755859375,393.6000061035156,126.9000015258789,250.0,48.050390775841635,passive,
1.0,906.447,906.744,854.7999877929688,399.3999938964844,856.4000244140625,417.5,110.5,297.00000000002547,18.170589922623424,passive,
1.0,906.776,906.825,855.9000244140625,391.5,860.5999755859375,427.3999938964844,101.5999984741211,49.00000000009186,36.20634064339594,passive,
1.0,906.954,907.027,861.7999877929688,448.5,858.9000244140625,453.8999938964844,85.9000015258789,73.00000000009277,6.129414464780943,passive,
1.0,907.154,907.196,846.5,477.5,950.2000122070312,465.20001220703125,145.8000030517578,42.00000000003001,104.42692292433792,passive,
1.0,907.491,907.518,939.0999755859375,475.20001220703125,941.5,393.1000061035156,115.69999694824219,27.000000000043656,82.13507849503401,passive,
1.0,907.719,907.744,940.7999877929688,411.29998779296875,942.0999755859375,408.0,77.69999694824219,24.999999999977263,3.546813738499743,passive,
1.0,908.037,908.06,946.0999755859375,410.8999938964844,956.5,489.20001220703125,91.80000305175781,22.99999999991087,78.98767862929681,passive,
1.0,908.397,909.165,962.9000244140625,497.79998779296875,841.2000122070312,452.1000061035156,142.89999389648438,767.9999999999154,129.99762035363534,passive,
1.0,909.193,909.345,837.9000244140625,447.1000061035156,897.7000122070312,550.9000244140625,154.5,152.00000000004366,119.79349874391798,passive,
1.0,909.396,909.491,901.4000244140625,575.4000244140625,903.2000122070312,593.5999755859375,137.60000610351562,95.00000000002728,18.28874459096279,passive,
1.0,909.514,909.612,904.7000122070312,575.9000244140625,894.5,483.0,148.1999969482422,97.99999999995634,93.458305062509,passive,
1.0,909.783,909.794,879.5999755859375,442.6000061035156,882.7000122070312,429.6000061035156,52.29999923706055,10.999999999967258,13.364513722995026,passive,
1.0,909.827,909.84,879.2000122070312,468.5,880.2000122070312,450.29998779296875,76.80000305175781,13.000000000033651,18.22746401274973,passive,
1.0,910.046,910.229,881.2000122070312,463.20001220703125,903.5,694.5999755859375,196.5,182.99999999999272,232.47200370652314,passive,
1.0,910.279,910.453,907.5999755859375,694.0999755859375,882.4000244140625,453.8999938964844,213.10000610351562,173.99999999997817,241.51825757627208,passive,
1.0,910.663,910.688,872.9000244140625,434.6000061035156,874.7000122070312,468.20001220703125,63.29999923706055,24.999999999977263,33.64818518451067,passive,
1.0,910.781,910.788,871.9000244140625,422.70001220703125,869.0,459.8999938964844,82.5999984741211,7.000000000061846,37.31285005594998,passive,
1.0,910.985,910.994,868.0,456.0,845.4000244140625,442.70001220703125,64.80000305175781,9.000000000014552,26.22305420385064,passive,
1.0,911.02,911.205,837.7000122070312,449.3999938964844,840.4000244140625,485.3999938964844,93.4000015258789,185.00000000005912,36.10110892920213,passive,
1.0,911.55,911.654,837.2000122070312,475.79998779296875,837.4000244140625,492.8999938964844,99.5,104.00000000004184,17.101175796512738,passive,
1.0,911.678,911.727,832.7000122070312,506.6000061035156,834.7999877929688,481.0,80.5,48.99999999997817,25.685992485430084,passive,
1.0,911.751,911.864,837.7000122070312,459.3999938964844,835.5999755859375,464.20001220703125,111.5999984741211,113.00000000005639,5.239306212803383,passive,
1.0,912.036,912.178,836.0,459.5,544.9000244140625,448.6000061035156,186.60000610351562,142.00000000005275,291.3039746606229,passive,
1.0,912.209,912.251,548.4000244140625,423.1000061035156,551.7000122070312,445.20001220703125,68.30000305175781,42.00000000003001,22.345026050760616,passive,
1.0,912.303,912.356,544.2000122070312,458.79998779296875,1026.699951171875,678.7000122070312,297.3999938964844,52.99999999999727,530.2473119577159,passive,
1.0,912.503,912.51,1010.9000244140625,667.7000122070312,1025.9000244140625,684.7999877929688,53.79999923706055,6.999999999948159,22.746629751232568,passive,
1.0,912.706,912.769,1035.0,697.7999877929688,611.0,552.0999755859375,238.0,62.99999999998818,448.3352468378201,passive,
1.0,912.848,913.175,628.4000244140625,540.5999755859375,992.5,513.7000122070312,329.29998779296875,326.9999999999982,365.0923174369282,passive,
1.0,913.28,913.286,996.2000122070312,513.0999755859375,998.9000244140625,518.5999755859375,77.0,5.999999999971806,6.126994852137364,passive,
1.0,913.33,913.417,997.0999755859375,522.9000244140625,998.0,505.3999938964844,166.8000030517578,86.99999999998909,17.52315930596062,passive,
1.0,913.458,914.296,999.5999755859375,502.6000061035156,850.0,441.29998779296875,205.10000610351562,838.0000000000791,161.67202893570203,passive,
1.0,914.383,914.42,846.5999755859375,458.79998779296875,849.2999877929688,454.3999938964844,93.5999984741211,36.999999999920874,5.162364981984276,passive,
1.0,914.515,914.733,837.5999755859375,468.79998779296875,796.7999877929688,622.4000244140625,137.39999389648438,217.9999999999609,158.92643031889864,passive,
1.0,914.902,914.924,790.4000244140625,607.2000122070312,855.5,583.7999877929688,132.8000030517578,21.999999999934516,69.17779964604526,passive,
1.0,915.001,915.025,876.2999877929688,601.5999755859375,883.0,592.5,101.0999984741211,24.00000000000091,11.300430046640981,passive,
1.0,915.233,915.278,884.0999755859375,606.0999755859375,868.5,744.4000244140625,195.5,45.00000000007276,139.1770913050837,passive,
1.0,915.35,915.401,870.9000244140625,733.4000244140625,875.4000244140625,727.4000244140625,195.89999389648438,50.99999999993088,7.5,passive,
1.0,915.43,916.102,876.9000244140625,734.2000122070312,885.2000122070312,572.5999755859375,169.5,672.0000000000255,161.81304531249103,passive,
1.0,916.127,916.206,883.7999877929688,603.0,886.5,578.4000244140625,89.5999984741211,79.00000000006457,24.74770423184419,passive,
1.0,916.257,916.333,888.9000244140625,571.0999755859375,889.0,578.7000122070312,152.60000610351562,76.00000000002183,7.600694163018905,passive,
1.0,916.371,917.461,890.5,579.5999755859375,937.9000244140625,176.6999969482422,102.9000015258789,1090.0000000000318,405.67863525296605,passive,
1.0,917.537,917.564,907.0999755859375,205.10000610351562,908.2000122070312,235.89999389648438,80.30000305175781,26.99999999992997,30.81962570529972,passive,
1.0,917.718,917.743,912.7999877929688,204.60000610351562,1003.7999877929688,217.10000610351562,107.4000015258789,25.00000000009095,91.85450451665395,passive,
1.0,917.954,917.973,1025.0,219.3000030517578,1076.0999755859375,168.0,93.0999984741211,19.000000000005457,72.40785743269697,passive,
1.0,918.328,918.72,1073.5,181.10000610351562,841.7999877929688,427.0,202.0,392.00000000005275,337.8634378784267,passive,
1.0,918.863,918.873,838.4000244140625,451.5,841.2000122070312,436.3999938964844,71.9000015258789,9.999999999990905,15.357412411177318,passive,
1.0,918.917,919.008,845.9000244140625,402.29998779296875,847.7999877929688,431.6000061035156,79.0999984741211,91.00000000000819,29.36155537160058,passive,
1.0,919.068,919.093,845.7000122070312,409.20001220703125,850.0,411.8999938964844,65.4000015258789,24.999999999977263,5.077380834944569,passive,
1.0,919.259,919.269,841.2999877929688,445.1000061035156,849.0999755859375,420.0,89.9000015258789,9.999999999990905,26.284027772907695,passive,
1.0,919.424,919.486,851.4000244140625,437.79998779296875,887.7000122070312,440.20001220703125,79.9000015258789,62.00000000001182,36.379241758972604,passive,
1.0,919.603,919.632,884.2000122070312,405.70001220703125,890.5999755859375,249.89999389648438,132.10000610351562,28.999999999996362,155.93141196313871,passive,
1.0,919.683,919.757,880.5999755859375,209.3000030517578,875.0999755859375,283.3999938964844,154.89999389648438,73.99999999995543,74.30382657164138,passive,
1.0,920.032,920.12,877.0,284.3999938964844,887.7000122070312,546.2999877929688,155.1999969482422,87.99999999996544,262.11847905901095,passive,
1.0,920.345,920.368,889.7000122070312,465.20001220703125,856.4000244140625,566.9000244140625,113.5,23.000000000024556,107.01299766814391,passive,
1.0,920.621,920.67,863.0999755859375,567.7999877929688,863.7999877929688,564.0,107.0999984741211,48.99999999997817,3.8639260237101167,passive,
1.0,920.693,920.87,865.5999755859375,556.2000122070312,563.4000244140625,553.0,227.5,177.00000000002092,302.2168932512026,passive,
1.0,920.892,920.933,562.5999755859375,550.5,566.0,542.2000122070312,161.39999389648438,40.99999999993997,8.969390357189909,passive,
1.0,921.045,921.934,558.7000122070312,536.5999755859375,841.2999877929688,438.0,331.29998779296875,889.00000000001,299.3070353110998,passive,
1.0,922.35,922.379,840.7000122070312,424.1000061035156,1003.7000122070312,359.1000061035156,197.60000610351562,28.999999999996362,175.4821928287882,passive,
1.0,922.472,922.48,1012.0999755859375,341.3999938964844,1015.2000122070312,367.0,75.5999984741211,8.000000000038199,25.787022696545634,passive,
1.0,922.514,922.542,1007.7000122070312,385.8999938964844,1002.5999755859375,394.0,62.29999923706055,28.00000000002001,9.571858357366542,passive,
1.0,922.609,922.71,1003.0,375.5,622.9000244140625,587.9000244140625,268.0,100.99999999999909,435.41906459355295,passive,
1.0,922.739,922.809,626.0,576.9000244140625,633.5999755859375,568.5999755859375,133.5,69.99999999993634,11.25390774158493,passive,
1.0,922.917,922.972,639.0,574.2000122070312,958.2999877929688,419.3999938964844,223.3000030517578,54.99999999994998,354.8457804082439,passive,
1.0,923.07,923.083,940.7000122070312,424.1000061035156,943.7999877929688,436.6000061035156,51.79999923706055,12.999999999919964,12.878658650395566,passive,
1.0,923.118,923.148,944.2999877929688,433.70001220703125,945.2999877929688,431.5,81.5,29.999999999972715,2.416620307596233,passive,
1.0,923.203,923.34,943.0999755859375,456.70001220703125,938.0999755859375,451.29998779296875,91.80000305175781,137.0000000000573,7.359365711287288,passive,
1.0,923.395,923.549,942.5999755859375,442.5,947.2999877929688,421.29998779296875,86.5,153.99999999999636,21.714756096362603,passive,
1.0,923.607,923.816,949.9000244140625,448.70001220703125,713.5999755859375,397.6000061035156,144.10000610351562,209.00000000006003,241.76212213651996,passive,
1.0,923.98,924.025,713.7999877929688,354.0,902.7000122070312,442.20001220703125,150.60000610351562,44.99999999995907,208.4765247622712,passive,
1.0,924.348,924.358,900.7999877929688,414.5,898.7999877929688,439.0,46.70000076293945,9.999999999990905,24.58149710656371,passive,
1.0,924.396,924.429,904.0999755859375,425.20001220703125,844.7000122070312,443.20001220703125,82.5999984741211,33.00000000001546,62.06734769116048,passive,
1.0,924.586,924.593,849.9000244140625,483.8999938964844,849.5,444.29998779296875,78.5999984741211,6.999999999948159,39.6020265002982,passive,
1.0,924.621,925.008,851.4000244140625,457.70001220703125,842.9000244140625,434.70001220703125,142.39999389648438,387.0000000000573,24.520399670478458,passive,
1.0,925.06,925.082,842.2000122070312,431.70001220703125,840.2999877929688,440.20001220703125,77.0,22.000000000048203,8.709769961028451,passive,
1.0,925.113,925.189,839.2999877929688,426.8999938964844,835.7999877929688,427.8999938964844,79.9000015258789,75.99999999990814,3.640054944640259,passive,
1.0,925.215,925.244,841.7999877929688,436.5,839.7000122070312,430.3999938964844,68.4000015258789,28.999999999996362,6.4513542705746225,passive,
1.0,925.439,925.445,825.9000244140625,442.0,810.2000122070312,431.6000061035156,55.29999923706055,6.0000000000854925,18.832160161485525,passive,
1.0,925.534,925.557,794.9000244140625,410.20001220703125,792.0,442.79998779296875,88.4000015258789,23.000000000024556,32.728711398493516,passive,
1.0,926.236,926.327,791.5,431.6000061035156,803.0,309.6000061035156,108.80000305175781,91.00000000000819,122.54080952890756,passive,
1.0,926.701,926.747,809.9000244140625,324.8999938964844,816.2999877929688,332.0,66.69999694824219,45.999999999935426,9.558745624887202,passive,
1.0,926.991,927.165,827.0,350.5,830.7999877929688,454.8999938964844,118.9000015258789,173.99999999997817,104.46912765411936,passive,
1.0,927.192,928.122,829.9000244140625,464.3999938964844,858.4000244140625,453.5,103.0,929.99999999995,30.5132736189252,passive,
1.0,928.137,928.182,860.0,475.5,859.5,444.8999938964844,82.5,45.00000000007276,30.60409079739494,passive,
1.0,928.482,928.544,851.5999755859375,488.3999938964844,1068.9000244140625,313.3999938964844,276.79998779296875,62.00000000001182,279.00593402418076,passive,
1.0,928.601,928.679,1081.5999755859375,253.8000030517578,1077.0999755859375,313.29998779296875,131.89999389648438,77.99999999997453,59.66991020777838,passive,
1.0,928.77,929.2,1076.199951171875,321.79998779296875,1077.0999755859375,221.3000030517578,104.69999694824219,430.00000000006366,100.50401473040537,passive,
1.0,929.355,929.366,1079.300048828125,236.5,1077.0999755859375,205.10000610351562,71.69999694824219,10.999999999967258,31.47697474298071,passive,
1.0,929.507,930.533,582.0999755859375,155.5,590.9000244140625,298.79998779296875,155.89999389648438,1026.0000000000673,143.56993891773575,passive,
1.0,930.612,930.653,578.7000122070312,295.0,699.7000122070312,363.20001220703125,120.80000305175781,41.00000000005366,138.89651422926067,passive,
1.0,930.694,930.728,696.2000122070312,365.6000061035156,693.5999755859375,354.0,63.70000076293945,33.999999999991815,11.887822846620333,passive,
1.0,930.777,930.793,694.2000122070312,367.8999938964844,691.0999755859375,359.1000061035156,67.5,15.99999999996271,9.330059603696075,passive,
1.0,930.828,930.891,692.7000122070312,366.5,692.0999755859375,350.5,88.69999694824219,62.99999999998818,16.011247420068607,passive,
1.0,930.918,931.132,693.7000122070312,346.29998779296875,692.2999877929688,358.0,83.69999694824219,213.9999999999418,11.783478009681662,passive,
1.0,931.181,931.209,692.0999755859375,364.79998779296875,689.2999877929688,326.29998779296875,86.30000305175781,27.999999999906322,38.60168301565068,passive,
1.0,931.289,931.439,695.5,344.20001220703125,855.7999877929688,422.0,163.39999389648438,149.99999999997726,178.18227798244138,passive,
1.0,931.54,931.582,846.0,452.20001220703125,843.4000244140625,463.70001220703125,50.0,42.00000000003001,11.790244825595058,passive,
1.0,931.626,931.633,839.0999755859375,478.6000061035156,842.5,442.8999938964844,73.30000305175781,7.000000000061846,35.8615537532662,passive,
1.0,931.673,931.688,841.7000122070312,445.5,839.2999877929688,460.70001220703125,66.4000015258789,14.999999999986358,15.388323114686507,passive,
1.0,931.773,931.787,836.0,475.6000061035156,837.7000122070312,453.29998779296875,74.0999984741211,14.000000000010004,22.364723520642528,passive,
1.0,931.971,931.992,842.0999755859375,470.8999938964844,845.0999755859375,460.0,93.0,20.999999999958163,11.30530260291146,passive,
1.0,932.043,932.14,848.2999877929688,464.70001220703125,847.5,444.29998779296875,82.0,96.99999999997999,20.41570416525585,passive,
1.0,932.432,932.437,852.5999755859375,421.70001220703125,853.4000244140625,442.79998779296875,56.5,4.9999999999954525,21.11513788386291,passive,
1.0,932.537,933.889,849.9000244140625,454.1000061035156,879.5,445.70001220703125,296.20001220703125,1351.9999999999754,30.768790228884054,passive,
1.0,933.927,934.06,882.0,472.8999938964844,850.2000122070312,430.1000061035156,111.4000015258789,132.9999999999245,53.32052305361638,passive,
1.0,934.129,934.181,851.7000122070312,430.3999938964844,846.7000122070312,420.79998779296875,66.19999694824219,52.00000000002092,10.824052715482184,passive,
1.0,934.217,934.299,850.2999877929688,431.0,847.2000122070312,439.1000061035156,96.19999694824219,81.99999999999363,8.672943416764515,passive,
1.0,934.395,934.531,849.0999755859375,427.1000061035156,844.7999877929688,444.20001220703125,85.9000015258789,135.99999999996726,17.63235956302933,passive,
1.0,934.589,934.641,846.0999755859375,437.79998779296875,843.5999755859375,342.8999938964844,97.80000305175781,51.99999999990723,94.93291758685588,passive,
1.0,934.897,935.559,838.2000122070312,386.20001220703125,846.0999755859375,361.29998779296875,98.5999984741211,661.9999999999209,26.12318198858953,passive,
1.0,935.632,935.749,844.2999877929688,348.8999938964844,808.2000122070312,360.6000061035156,78.0999984741211,117.00000000007549,37.94863005366549,passive,
1.0,935.878,935.89,800.5,386.29998779296875,799.5,357.70001220703125,90.9000015258789,11.999999999943611,28.617452778264894,passive,
1.0,936.083,937.989,800.5,367.8999938964844,790.7999877929688,484.6000061035156,335.5,1906.0000000000628,117.1024469681902,passive,
1.0,937.993,938.375,100000000.0,100000000.0,857.2000122070312,376.5,50.0,381.99999999994816,141420483.8800734,,
1.0,938.441,938.489,848.0,440.70001220703125,841.2999877929688,463.6000061035156,89.0,48.00000000000182,23.86000595208202,,
1.0,938.56,938.619,838.2000122070312,480.70001220703125,835.9000244140625,457.79998779296875,98.9000015258789,59.000000000082764,23.015235432479585,passive,
1.0,938.671,938.758,832.4000244140625,462.1000061035156,1049.5999755859375,416.3999938964844,130.10000610351562,86.99999999998909,221.9556485084074,passive,
1.0,938.836,938.884,1050.9000244140625,432.5,1043.699951171875,403.0,87.0999984741211,48.00000000000182,30.365952227665517,passive,
1.0,938.943,939.013,1041.0999755859375,417.8999938964844,836.0,480.20001220703125,192.0,70.00000000005002,214.35319514027924,passive,
1.0,939.155,939.171,839.0999755859375,474.3999938964844,838.0999755859375,475.1000061035156,74.0999984741211,16.000000000076398,1.2206625618870932,passive,
1.0,939.386,939.4,831.7999877929688,479.5,818.4000244140625,483.70001220703125,55.79999923706055,14.000000000010004,14.042760451394168,passive,
1.0,939.72,939.855,826.7000122070312,479.29998779296875,982.9000244140625,506.3999938964844,132.3000030517578,134.9999999999909,158.53344803002076,passive,
1.0,939.937,940.089,984.2000122070312,504.29998779296875,987.4000244140625,475.20001220703125,95.9000015258789,152.00000000004366,29.275393374424663,passive,
1.0,940.145,940.177,987.5999755859375,471.1000061035156,818.7000122070312,408.0,128.89999389648438,32.00000000003911,180.30199222321306,passive,
1.0,940.201,940.205,790.7000122070312,377.70001220703125,788.2000122070312,378.70001220703125,27.399999618530273,4.000000000019099,2.692582403567252,passive,
1.0,940.248,940.326,793.0,405.79998779296875,796.7000122070312,377.1000061035156,68.30000305175781,77.99999999997453,28.937502299043103,passive,
1.0,940.381,940.466,795.9000244140625,348.20001220703125,796.2000122070312,360.29998779296875,82.69999694824219,85.00000000003638,12.103693727792926,passive,
1.0,940.557,940.596,801.0,380.0,1027.5,466.70001220703125,186.60000610351562,38.99999999998727,242.5265802271977,passive,
1.0,940.937,940.969,1039.0,464.8999938964844,854.2999877929688,482.8999938964844,146.3000030517578,32.00000000003911,185.57503740879991,passive,
1.0,941.109,941.135,836.4000244140625,460.1000061035156,835.5,476.3999938964844,60.400001525878906,25.999999999953616,16.3248168748332,passive,
1.0,941.478,941.53,845.7000122070312,472.3999938964844,1095.800048828125,467.29998779296875,255.10000610351562,52.00000000002092,250.15203053369032,passive,
1.0,941.641,941.646,1084.199951171875,468.3999938964844,1082.9000244140625,487.5,56.599998474121094,4.9999999999954525,19.144190835081304,passive,
1.0,941.678,941.73,1086.5999755859375,500.70001220703125,862.5999755859375,457.0,194.8000030517578,52.00000000002092,228.2228977707861,passive,
1.0,941.803,941.842,851.0999755859375,440.70001220703125,851.0,469.0,79.4000015258789,38.99999999998727,28.300164384680944,passive,
1.0,941.93,941.939,843.9000244140625,464.3999938964844,843.0999755859375,493.8999938964844,68.0,9.000000000014552,29.510846787704757,passive,
1.0,942.183,942.208,831.2000122070312,493.29998779296875,831.0999755859375,523.0999755859375,68.9000015258789,24.999999999977263,29.80015570071147,passive,
1.0,942.339,942.482,838.5,502.3999938964844,838.7999877929688,459.3999938964844,107.0999984741211,142.99999999991542,43.00104641373196,passive,
1.0,942.621,942.632,839.2999877929688,466.20001220703125,841.2000122070312,443.3999938964844,71.30000305175781,10.999999999967258,22.879049974492087,passive,
1.0,942.667,942.712,839.5999755859375,453.70001220703125,595.4000244140625,339.70001220703125,239.0,44.99999999995907,269.4988240277611,passive,
1.0,942.762,943.382,591.0999755859375,337.5,596.7999877929688,311.29998779296875,224.8000030517578,620.0000000000045,26.812884567104895,passive,
1.0,943.497,943.682,601.7999877929688,301.0,595.0999755859375,446.0,202.39999389648438,185.00000000005912,145.15471113117331,passive,
1.0,943.997,944.068,595.0,432.6000061035156,597.2999877929688,452.5,120.30000305175781,71.00000000002638,20.032466171890086,passive,
1.0,944.095,944.374,597.7000122070312,461.79998779296875,599.2999877929688,490.29998779296875,160.39999389648438,278.99999999999636,28.54487557996349,passive,
1.0,944.423,944.455,601.7999877929688,491.3999938964844,597.0,498.1000061035156,72.4000015258789,32.00000000003911,8.241968599006961,passive,
1.0,944.479,944.566,601.9000244140625,485.6000061035156,599.9000244140625,510.0,161.89999389648438,86.99999999998909,24.48182391384422,passive,
1.0,944.606,945.591,594.5999755859375,503.8999938964844,830.0999755859375,376.29998779296875,124.4000015258789,985.0000000000136,267.84699281047983,passive,
1.0,945.642,945.704,833.5,415.8999938964844,539.5999755859375,519.2000122070312,279.1000061035156,61.99999999989814,311.52546947809236,passive,
1.0,945.913,946.981,548.0,442.6000061035156,753.9000244140625,341.8999938964844,206.6999969482422,1067.9999999999836,229.20583001356613,passive,
1.0,947.132,947.172,759.0999755859375,362.5,533.7999877929688,500.20001220703125,219.0,40.00000000007731,264.04805975679585,passive,
1.0,947.21,947.902,547.7999877929688,506.5,516.9000244140625,631.2000122070312,243.10000610351562,692.0000000000073,128.4714006355169,passive,
1.0,947.928,948.079,516.5,645.2999877929688,844.5999755859375,459.3999938964844,246.5,150.99999999995362,377.1052926043411,passive,
1.0,948.217,948.264,839.7000122070312,488.70001220703125,841.7000122070312,450.6000061035156,124.19999694824219,47.000000000025466,38.15246342096311,passive,
1.0,948.296,948.812,842.9000244140625,456.79998779296875,853.5999755859375,437.5,123.9000015258789,515.9999999999627,22.067588991306955,passive,
1.0,949.04,949.065,846.4000244140625,443.29998779296875,843.5999755859375,461.0,64.0999984741211,25.00000000009095,17.920120132659253,passive,
1.0,949.107,949.848,841.7999877929688,427.3999938964844,912.4000244140625,436.3999938964844,167.60000610351562,740.9999999999854,71.17137887451513,passive,
1.0,949.878,949.895,902.7999877929688,432.5,844.2000122070312,384.0,102.69999694824219,16.999999999939064,76.06712258704461,passive,
1.0,950.017,950.046,803.5999755859375,314.3999938964844,804.7999877929688,362.0,77.5,28.999999999996362,47.61513005707061,passive,
1.0,950.077,950.228,809.0,323.0,807.0999755859375,354.6000061035156,107.0,150.99999999995362,31.657076278713077,passive,
1.0,950.36,950.494,805.7999877929688,372.20001220703125,811.7000122070312,272.0,147.89999389648438,134.00000000001455,100.37356591441666,passive,
1.0,951.17,951.184,824.2000122070312,171.3000030517578,820.0999755859375,193.6999969482422,58.900001525878906,14.000000000010004,22.772132681346452,passive,
1.0,951.545,951.565,829.0,178.39999389648438,861.5,228.1999969482422,88.5,20.000000000095497,59.466715933832155,passive,
1.0,951.608,951.804,864.2000122070312,253.60000610351562,866.0,242.89999389648438,121.0999984741211,196.00000000002638,10.850355629446174,passive,
1.0,951.934,951.942,869.7000122070312,288.1000061035156,867.2000122070312,254.6999969482422,99.30000305175781,8.000000000038199,33.49344132173267,passive,
1.0,951.974,952.581,868.5999755859375,265.29998779296875,863.4000244140625,324.29998779296875,121.80000305175781,606.9999999999709,59.22870496802952,passive,
1.0,952.631,952.662,866.0,333.0,874.7999877929688,354.79998779296875,85.19999694824219,31.000000000062755,23.509131267020173,passive,
1.0,952.91,952.963,867.0999755859375,388.5,863.2999877929688,392.6000061035156,82.69999694824219,52.99999999999727,5.5901661223595935,passive,
1.0,953.24,953.246,848.9000244140625,403.6000061035156,848.2000122070312,426.20001220703125,58.0,5.999999999971806,22.610844587695883,passive,
1.0,953.765,953.829,856.2999877929688,432.8999938964844,678.0999755859375,469.5,142.10000610351562,63.99999999996453,181.919775718209,passive,
1.0,953.867,954.12,678.2999877929688,443.5,683.5999755859375,447.29998779296875,80.30000305175781,253.00000000004275,6.521485860778146,passive,
1.0,954.192,954.271,687.2000122070312,468.6000061035156,682.0,461.1000061035156,61.099998474121094,78.99999999995089,9.126342474029451,passive,
1.0,954.314,954.348,681.0,477.70001220703125,866.5,437.3999938964844,157.1999969482422,33.999999999991815,189.8271357731302,passive,
1.0,954.466,954.472,854.5,455.79998779296875,864.9000244140625,426.79998779296875,71.69999694824219,5.999999999971806,30.80844864340131,passive,
1.0,954.535,955.212,839.4000244140625,354.1000061035156,843.7000122070312,393.3999938964844,81.0999984741211,677.0000000000209,39.53452839667084,passive,
1.0,955.254,955.29,841.7999877929688,405.79998779296875,836.0,411.29998779296875,92.9000015258789,35.99999999994452,7.993113185648412,passive,
1.0,955.326,955.358,839.5999755859375,425.1000061035156,842.5999755859375,411.1000061035156,95.5,31.99999999992542,14.317821063276353,passive,
1.0,955.39,955.434,841.5,423.0,846.0999755859375,405.20001220703125,69.19999694824219,43.99999999998272,18.38475838353764,passive,
1.0,955.568,955.622,848.7000122070312,406.1000061035156,1010.2999877929688,391.70001220703125,157.8000030517578,53.999999999973625,162.2402907221088,passive,
1.0,955.931,955.972,1041.5999755859375,394.3999938964844,786.7999877929688,435.0,178.3000030517578,40.99999999993997,258.01432959218084,passive,
1.0,956.331,956.341,793.7000122070312,441.5,836.4000244140625,436.1000061035156,78.5,9.999999999990905,43.040108928332025,passive,
1.0,956.504,956.572,851.0,388.8999938964844,846.7000122070312,403.8999938964844,96.19999694824219,67.99999999998363,15.604162746513516,passive,
1.0,956.841,956.85,879.5,396.70001220703125,876.7999877929688,403.3999938964844,68.69999694824219,9.000000000014552,7.223560102686549,passive,
1.0,956.931,956.948,875.5999755859375,397.6000061035156,855.2000122070312,387.8999938964844,65.30000305175781,16.999999999939064,22.58868616536321,passive,
1.0,957.295,957.465,827.0,458.8999938964844,831.0,451.5,137.5,170.00000000007276,8.411890968623286,passive,
1.0,957.502,957.542,826.4000244140625,459.0,826.0999755859375,463.79998779296875,62.0,40.00000000007731,4.8093567253748395,passive,
1.0,957.616,957.636,834.0,449.5,831.4000244140625,458.79998779296875,45.599998474121094,19.99999999998181,9.656585628307699,passive,
1.0,957.737,957.771,827.9000244140625,462.5,895.4000244140625,309.8999938964844,132.10000610351562,33.999999999991815,166.86225415831169,passive,
1.0,957.982,958.005,881.2000122070312,320.5,905.5,272.3999938964844,83.9000015258789,23.000000000024556,53.889702113638286,passive,
1.0,958.187,958.196,899.2999877929688,211.5,899.5,234.60000610351562,63.599998474121094,9.000000000014552,23.10087199361575,passive,
1.0,958.233,958.243,899.4000244140625,249.5,894.5999755859375,234.0,65.5999984741211,10.000000000104592,16.226227804156583,passive,
1.0,958.259,958.282,898.0,226.0,1023.0999755859375,226.1999969482422,152.10000610351562,23.000000000024556,125.10013545308999,passive,
1.0,958.32,958.592,1049.0999755859375,249.60000610351562,901.9000244140625,263.5,143.39999389648438,271.9999999999345,147.8547782634186,passive,
1.0,958.805,959.107,899.4000244140625,261.79998779296875,841.4000244140625,432.3999938964844,160.10000610351562,302.0000000000209,180.18979461256836,passive,
1.0,959.147,959.211,843.4000244140625,440.79998779296875,841.5999755859375,459.79998779296875,173.6999969482422,63.99999999996453,19.085077306200102,passive,
1.0,959.237,959.382,838.5,446.20001220703125,832.7000122070312,478.5,136.5,144.9999999999818,32.81659747482235,passive,
1.0,959.469,960.052,825.9000244140625,492.79998779296875,1023.4000244140625,386.20001220703125,243.10000610351562,582.99999999997,224.43218306411063,passive,
1.0,960.275,960.288,987.0,402.20001220703125,987.7000122070312,420.29998779296875,53.099998474121094,13.000000000033651,18.11350692995496,passive,
1.0,960.609,960.618,999.2000122070312,424.79998779296875,998.5999755859375,445.3999938964844,60.0,9.000000000014552,20.60874317884365,passive,
1.0,960.68,960.707,1001.0999755859375,439.6000061035156,998.5,449.70001220703125,59.79999923706055,27.000000000043656,10.429285514287349,passive,
1.0,960.818,960.903,1006.5,451.20001220703125,853.2000122070312,427.29998779296875,135.3000030517578,85.00000000003638,155.15185279047475,passive,
1.0,961.06,961.08,854.5999755859375,459.79998779296875,852.7000122070312,465.79998779296875,109.80000305175781,20.000000000095497,6.29363653551624,passive,
1.0,961.142,961.269,851.2999877929688,439.70001220703125,839.2000122070312,469.3999938964844,130.8000030517578,126.9999999999527,32.07020925304565,passive,
1.0,961.296,961.592,836.9000244140625,498.29998779296875,842.4000244140625,450.20001220703125,140.10000610351562,295.9999999999354,48.41340363337186,passive,
1.0,961.65,961.779,841.5,424.79998779296875,843.7000122070312,431.1000061035156,82.5,129.0000000000191,6.6731015595682655,passive,
1.0,961.869,961.877,842.7000122070312,460.8999938964844,844.2999877929688,437.8999938964844,77.0999984741211,7.999999999924512,23.05558331241255,passive,
1.0,962.029,962.133,839.7999877929688,467.70001220703125,837.0999755859375,481.79998779296875,125.0999984741211,104.00000000004184,14.356161654221902,passive,
1.0,962.177,962.232,800.2999877929688,506.70001220703125,739.0,540.2000122070312,120.0999984741211,54.99999999994998,69.85655662440082,passive,
1.0,962.456,962.838,740.7999877929688,543.7000122070312,649.5999755859375,363.6000061035156,214.3000030517578,381.99999999994816,201.87484842111712,passive,
1.0,962.966,962.997,644.9000244140625,375.20001220703125,848.0,404.1000061035156,185.1999969482422,30.99999999994907,205.14582552473556,passive,
1.0,963.157,963.168,854.2000122070312,444.6000061035156,855.7000122070312,418.3999938964844,80.80000305175781,10.999999999967258,26.24291598981688,passive,
1.0,963.385,963.434,814.7999877929688,509.0,817.5,507.20001220703125,75.9000015258789,48.99999999997817,3.2449995335830595,,
1.0,964.923,964.963,822.2999877929688,512.7999877929688,615.5999755859375,367.5,137.89999389648438,39.99999999996362,252.65981377936566,active,
1.0,965.118,965.143,597.2000122070312,336.70001220703125,565.5,265.20001220703125,71.4000015258789,24.999999999977263,78.21215234172968,active,
1.0,965.306,965.363,556.2000122070312,232.1999969482422,1046.5,599.4000244140625,312.29998779296875,57.00000000001637,612.5601506796573,active,
1.0,965.74,965.746,1028.800048828125,584.9000244140625,1041.0,596.9000244140625,44.20000076293945,5.999999999971806,17.112533669685916,active,
1.0,966.444,966.609,1031.9000244140625,597.4000244140625,826.5,422.0,539.2000122070312,165.0000000000773,270.1006082809722,active,
1.0,966.793,967.003,815.0,475.5,826.5,483.5,124.4000015258789,210.00000000003638,14.0089257261219,active,
1.0,967.535,967.563,831.5999755859375,508.1000061035156,1011.5999755859375,482.29998779296875,144.60000610351562,28.00000000002001,181.839602245563,active,
1.0,967.763,967.804,1051.9000244140625,480.3999938964844,855.4000244140625,690.5999755859375,207.8000030517578,40.99999999993997,287.743431379843,active,
1.0,968.073,968.124,864.7999877929688,687.9000244140625,435.1000061035156,532.5,241.8000030517578,51.000000000044565,456.9368029080253,active,
1.0,968.31,968.358,432.8999938964844,543.0999755859375,907.7000122070312,434.3999938964844,281.29998779296875,48.00000000000182,487.0839182389243,active,
1.0,968.588,968.757,879.5,431.5,822.7999877929688,449.6000061035156,761.7000122070312,168.99999999998272,59.51891804480989,active,
1.0,968.899,969.006,812.7000122070312,450.29998779296875,825.2000122070312,510.5,83.4000015258789,106.9999999999709,61.484074927795014,active,
1.0,969.641,969.685,812.7000122070312,523.4000244140625,1109.300048828125,424.29998779296875,180.6999969482422,43.99999999998272,312.717762498289,active,
1.0,969.89,969.938,1093.5,458.0,652.2999877929688,409.3999938964844,266.6000061035156,48.00000000000182,443.86868707394336,active,
1.0,970.318,970.353,668.2999877929688,424.3999938964844,837.7000122070312,496.79998779296875,131.60000610351562,34.99999999996817,184.22303707108932,active,
1.0,970.85,971.127,859.0999755859375,496.1000061035156,796.9000244140625,396.29998779296875,778.0,276.99999999992997,117.59624815685714,active,
1.0,971.52,971.544,800.7999877929688,435.6000061035156,813.9000244140625,487.0,87.30000305175781,24.00000000000091,53.04309881627042,active,
1.0,971.936,971.95,812.0999755859375,503.0,772.7999877929688,482.0,61.5,14.000000000010004,44.55882674092186,active,
1.0,972.525,972.562,762.5,447.20001220703125,527.5999755859375,471.29998779296875,171.1999969482422,37.00000000003456,236.1330775070912,active,
1.0,972.931,972.961,529.0,468.70001220703125,733.0999755859375,452.20001220703125,167.89999389648438,29.999999999972715,204.765841961447,active,
1.0,973.669,973.679,743.7999877929688,452.20001220703125,746.7000122070312,437.5,68.9000015258789,9.999999999990905,14.983340765297514,active,
1.0,973.832,973.845,735.5,450.20001220703125,736.7000122070312,445.20001220703125,51.5,13.000000000033651,5.1419869016776,active,
1.0,973.891,974.245,736.5,451.3999938964844,826.2000122070312,433.3999938964844,629.5,354.00000000004184,91.48820792835302,active,
1.0,974.485,974.495,813.5999755859375,471.29998779296875,811.4000244140625,466.79998779296875,63.0,9.999999999990905,5.008970468932132,active,
1.0,974.549,974.703,809.4000244140625,438.3999938964844,816.7999877929688,485.6000061035156,92.0999984741211,153.99999999999636,47.77656967963536,active,
1.0,974.936,974.975,824.0999755859375,499.29998779296875,613.0999755859375,602.2999877929688,142.60000610351562,38.99999999998727,234.7977853387889,active,
1.0,975.314,975.356,608.2000122070312,611.7000122070312,887.7000122070312,465.6000061035156,199.5,42.00000000003001,315.3814544063225,active,
1.0,975.761,975.78,889.2999877929688,469.3999938964844,820.5999755859375,444.79998779296875,87.4000015258789,19.000000000005457,72.97158335639462,active,
1.0,976.216,976.235,788.0,432.3999938964844,859.5999755859375,403.29998779296875,102.69999694824219,19.000000000005457,77.28755953665177,active,
1.0,976.836,976.993,871.9000244140625,415.29998779296875,992.9000244140625,771.5,589.0,157.0000000000391,376.19070788137395,active,
1.0,977.156,977.203,834.0,452.3999938964844,820.7000122070312,493.0,85.80000305175781,47.000000000025466,42.72294665514802,active,
1.0,977.772,977.811,829.2999877929688,519.4000244140625,633.4000244140625,368.8999938964844,155.0,38.99999999998727,247.03654555075198,active,
1.0,978.468,978.514,633.2999877929688,368.29998779296875,951.5999755859375,388.5,206.5,46.00000000004911,318.9403121622732,active,
1.0,978.979,979.014,934.7999877929688,393.20001220703125,661.7000122070312,375.20001220703125,192.6999969482422,34.99999999996817,273.69252212115634,active,
1.0,979.43,979.557,621.0,386.0,838.4000244140625,467.6000061035156,496.70001220703125,127.0000000000664,232.20967165759646,active,
1.0,979.643,979.699,833.5,499.8999938964844,831.2000122070312,517.0,168.3000030517578,55.99999999992633,17.25398946875988,active,
1.0,980.716,980.738,838.4000244140625,533.5,852.7000122070312,588.2999877929688,83.0,22.000000000048203,56.63504491910092,active,
1.0,981.043,981.061,849.2999877929688,587.7000122070312,812.2999877929688,535.0,79.30000305175781,18.000000000029104,64.39170200127687,active,
1.0,981.274,981.482,792.7999877929688,507.0,852.5,461.8999938964844,457.0,207.99999999997,74.82046516867445,active,
1.0,981.646,981.693,835.7000122070312,492.8999938964844,828.0,463.3999938964844,63.5,47.000000000025466,30.48836151695316,active,
1.0,981.773,981.828,815.2000122070312,457.70001220703125,822.7000122070312,496.5,93.5999984741211,54.99999999994998,39.51821165911388,active,
1.0,984.225,984.301,826.2999877929688,510.3999938964844,928.2000122070312,223.1999969482422,153.89999389648438,76.00000000002183,304.7416171491135,active,
1.0,984.727,984.893,904.7999877929688,221.3000030517578,888.5999755859375,203.5,599.5999755859375,166.00000000005366,24.068246802593432,active,
1.0,985.638,985.686,905.5999755859375,211.10000610351562,843.9000244140625,445.20001220703125,141.89999389648438,48.00000000000182,242.09439653217464,active,
1.0,985.832,985.847,845.7000122070312,461.20001220703125,826.4000244140625,506.20001220703125,67.9000015258789,14.999999999986358,48.964165762409785,active,
1.0,986.653,986.696,836.7999877929688,511.79998779296875,902.4000244140625,268.20001220703125,141.10000610351562,43.00000000000637,252.27824501957792,active,
1.0,987.081,987.143,899.7000122070312,293.6000061035156,1169.4000244140625,618.4000244140625,195.8000030517578,62.00000000001182,422.1766792221053,active,
1.0,987.406,987.773,1157.300048828125,602.5,850.2000122070312,510.5,586.2999877929688,367.0000000000755,320.58451692600056,active,
1.0,987.799,987.821,859.4000244140625,527.2000122070312,857.4000244140625,561.0999755859375,107.5,22.000000000048203,33.958909244720815,active,
1.0,987.871,987.881,860.7999877929688,552.0999755859375,864.0999755859375,591.0,77.30000305175781,9.999999999990905,39.03974665451098,active,
1.0,987.917,988.0,862.5999755859375,582.7999877929688,859.5999755859375,580.0999755859375,139.10000610351562,82.99999999996999,4.036095380205696,active,
1.0,988.046,988.095,862.2000122070312,541.0,880.0,583.2999877929688,162.10000610351562,48.99999999997817,45.8925760087091,active,
1.0,988.132,988.251,882.7999877929688,614.5,878.9000244140625,611.2999877929688,161.60000610351562,119.0000000000282,5.044778734687862,active,
1.0,988.285,988.313,883.0,611.7000122070312,881.2000122070312,612.5999755859375,161.3000030517578,28.00000000002001,2.012433884183246,active,
1.0,988.365,988.423,877.7999877929688,604.5999755859375,944.0,254.8000030517578,298.79998779296875,57.999999999992724,356.00907629037204,active,
1.0,989.756,989.883,916.0,262.70001220703125,853.5999755859375,432.20001220703125,650.0,127.0000000000664,180.6211865946949,active,
1.0,989.958,989.984,833.0,440.70001220703125,837.2000122070312,484.3999938964844,123.4000015258789,26.000000000067303,43.90134966259864,active,
1.0,990.858,990.896,840.7000122070312,519.0,872.2999877929688,379.3999938964844,102.19999694824219,38.000000000010914,143.13182791096273,active,
1.0,991.968,991.988,877.5,392.6000061035156,877.2000122070312,433.5,56.900001525878906,20.000000000095497,40.901094036815074,active,
1.0,992.474,992.564,865.5999755859375,446.0,818.0,525.0999755859375,169.60000610351562,89.99999999991815,92.31773293077421,active,
1.0,992.632,992.637,821.2999877929688,509.8999938964844,820.7000122070312,531.5,66.5,4.9999999999954525,21.60833714971222,active,
1.0,993.405,993.457,826.0999755859375,521.9000244140625,836.7000122070312,203.3000030517578,144.5,52.00000000002092,318.77630775895113,active,
1.0,993.646,993.664,835.7000122070312,227.6999969482422,816.0999755859375,170.10000610351562,75.69999694824219,18.000000000029104,60.84340868870514,active,
1.0,993.836,993.875,805.9000244140625,154.10000610351562,539.7999877929688,185.3000030517578,176.89999389648438,38.99999999998727,267.9228793875539,active,
1.0,994.178,994.233,541.0,182.39999389648438,1186.0,187.8000030517578,328.0,54.99999999994998,645.0226043317218,active,
1.0,994.972,995.03,1167.199951171875,189.60000610351562,692.7000122070312,221.10000610351562,196.39999389648438,57.999999999992724,475.54436394267196,active,
1.0,995.176,995.229,705.5999755859375,222.1999969482422,214.10000610351562,499.3999938964844,302.79998779296875,52.99999999999727,564.2801239715317,active,
1.0,995.462,995.763,228.1999969482422,503.79998779296875,1014.0999755859375,234.5,467.70001220703125,301.00000000004457,830.7594476429522,active,
1.0,995.918,995.943,1020.7999877929688,237.0,1139.9000244140625,223.0,112.69999694824219,24.999999999977263,119.92005138068393,active,
1.0,996.256,996.304,1165.9000244140625,229.60000610351562,939.0999755859375,534.4000244140625,212.60000610351562,48.00000000000182,379.92277282435913,active,
1.0,996.435,996.459,939.2999877929688,546.5999755859375,837.0999755859375,527.2000122070312,114.19999694824219,24.00000000000091,104.02500215919363,active,
1.0,997.131,997.147,812.7000122070312,526.4000244140625,871.0999755859375,512.9000244140625,80.30000305175781,16.000000000076398,59.94001770651716,active,
1.0,997.505,997.53,877.0999755859375,494.20001220703125,1014.9000244140625,483.3999938964844,147.39999389648438,24.999999999977263,138.22262424271136,active,
1.0,997.89,997.934,1043.300048828125,480.0,675.0,532.0,242.89999389648438,43.99999999998272,371.95285449475887,active,
1.0,998.44,998.688,684.5,534.0999755859375,972.7999877929688,365.5,564.5999755859375,247.9999999999336,333.9802909289778,active,
1.0,998.814,998.954,980.0999755859375,378.29998779296875,747.0999755859375,520.5999755859375,171.60000610351562,139.99999999998636,273.0170077593685,active,
1.0,999.571,999.588,752.0,535.9000244140625,818.2000122070312,532.2000122070312,94.9000015258789,16.999999999939064,66.30333103655703,active,
1.0,1000.742,1000.765,829.0999755859375,523.2000122070312,827.0,618.0999755859375,84.30000305175781,23.000000000024556,94.92319498826028,active,
1.0,1001.054,1001.391,820.9000244140625,670.2999877929688,945.0,486.20001220703125,569.5999755859375,336.9999999999891,222.02163171901307,active,
1.0,1001.527,1001.571,958.0999755859375,516.5,856.5,396.20001220703125,144.0,43.99999999998272,157.46314521833838,active,
1.0,1002.083,1002.1,856.2999877929688,369.20001220703125,914.4000244140625,403.20001220703125,90.0999984741211,17.00000000005275,67.31726565579172,active,
1.0,1002.379,1002.403,921.2000122070312,425.6000061035156,849.7000122070312,499.79998779296875,100.30000305175781,24.00000000000091,103.04313311771521,active,
1.0,1002.61,1002.616,846.2000122070312,527.7000122070312,838.2000122070312,509.79998779296875,45.20000076293945,5.999999999971806,19.606398803044723,active,
1.0,1003.619,1003.633,824.9000244140625,526.9000244140625,864.4000244140625,507.8999938964844,63.400001525878906,14.000000000010004,43.8320791164291,active,
1.0,1003.889,1003.916,876.0999755859375,496.70001220703125,765.0999755859375,435.5,110.4000015258789,27.000000000043656,126.75346738508092,active,
1.0,1004.099,1004.142,735.0,406.5,1054.300048828125,383.20001220703125,199.8000030517578,43.00000000000637,320.1490443727663,active,
1.0,1004.316,1004.448,1051.0,377.29998779296875,1422.5,431.0,699.7999877929688,131.99999999994816,375.3610812418295,active,
1.0,1004.531,1004.549,1430.0999755859375,421.1000061035156,1426.5999755859375,400.79998779296875,93.9000015258789,18.000000000029104,20.599532601700904,active,
1.0,1004.586,1004.969,1411.199951171875,389.20001220703125,819.4000244140625,400.6000061035156,281.1000061035156,383.0000000000382,591.9097170780288,active,
1.0,1005.198,1005.238,815.5999755859375,429.8999938964844,911.5999755859375,379.79998779296875,157.5,40.00000000007731,108.28670560864018,active,
1.0,1005.531,1005.572,894.7000122070312,458.29998779296875,823.4000244140625,521.5,177.10000610351562,41.00000000005366,95.27817064913869,active,
1.0,1010.052,1010.068,825.0,530.2000122070312,762.2999877929688,542.9000244140625,88.5999984741211,15.99999999996271,63.973290057809365,active,
1.0,1010.383,1010.645,746.0,556.5999755859375,882.0,470.29998779296875,385.8999938964844,261.9999999999436,161.0704438842414,active,
1.0,1010.89,1010.917,887.7999877929688,483.79998779296875,721.9000244140625,537.0,156.1999969482422,27.000000000043656,174.22123621404685,active,
1.0,1011.3,1011.316,688.4000244140625,567.2000122070312,633.0999755859375,570.7000122070312,85.19999694824219,16.000000000076398,55.410697526678085,active,
1.0,1011.602,1011.629,613.2000122070312,567.9000244140625,742.0999755859375,579.2000122070312,106.30000305175781,27.000000000043656,129.39432090785365,active,
1.0,1012.132,1012.492,772.4000244140625,589.2999877929688,854.4000244140625,435.5,612.5,360.00000000001364,174.29410846358903,active,
1.0,1012.664,1012.676,834.7000122070312,436.70001220703125,833.2999877929688,460.29998779296875,74.69999694824219,12.000000000057298,23.641466029348035,active,
1.0,1013.322,1013.354,829.2000122070312,505.6000061035156,936.0999755859375,407.1000061035156,117.0,32.00000000003911,145.3611095527669,active,
1.0,1013.552,1013.604,956.0,384.20001220703125,498.29998779296875,575.2999877929688,276.1000061035156,52.00000000002092,495.99244131666205,active,
1.0,1013.92,1013.959,519.5,584.9000244140625,703.5999755859375,524.2000122070312,145.8000030517578,38.99999999998727,193.84863293992177,active,
1.0,1014.223,1014.256,694.5999755859375,521.5999755859375,910.5999755859375,533.0,176.60000610351562,33.00000000001546,216.30062541897843,active,
1.0,1014.55,1014.58,938.5999755859375,538.7999877929688,979.9000244140625,409.6000061035156,114.80000305175781,30.000000000086402,135.6404412472937,active,
1.0,1015.107,1015.137,978.0,350.0,862.0999755859375,472.1000061035156,122.5999984741211,29.999999999972715,168.3485288015872,active,
1.0,1015.322,1015.328,852.2000122070312,508.0,835.9000244140625,510.8999938964844,44.5,5.999999999971806,16.55595260474543,active,
1.0,1016.279,1016.299,824.7999877929688,506.20001220703125,912.7000122070312,465.20001220703125,113.19999694824219,19.99999999998181,96.99182590297382,active,
1.0,1016.631,1016.678,936.9000244140625,463.1000061035156,1294.4000244140625,546.7999877929688,230.6999969482422,47.000000000025466,367.1674508106823,active,
1.0,1017.011,1017.057,1297.0999755859375,549.5,937.7000122070312,450.70001220703125,203.6999969482422,46.00000000004911,372.7328416770515,active,
1.0,1017.376,1017.414,935.7000122070312,451.8999938964844,628.5,429.5,201.39999389648438,38.000000000010914,308.01559575216754,active,
1.0,1017.763,1017.807,625.0999755859375,441.6000061035156,964.7000122070312,452.0,228.8000030517578,43.99999999998272,339.75924526949245,active,
1.0,1018.166,1018.201,941.0,459.79998779296875,1159.300048828125,460.6000061035156,165.89999389648438,34.99999999996817,218.30151476263046,active,
1.0,1020.232,1020.278,836.2000122070312,509.6000061035156,1207.5999755859375,555.4000244140625,239.39999389648438,46.00000000004911,374.2132740498382,active,
1.0,1020.521,1020.563,1206.699951171875,571.5,859.0,510.70001220703125,223.1999969482422,42.00000000003001,352.975770500681,active,
1.0,1020.793,1020.815,852.4000244140625,518.7000122070312,751.4000244140625,497.3999938964844,131.5,22.000000000048203,103.22156160429677,active,
1.0,1020.933,1020.99,740.9000244140625,498.79998779296875,209.5,624.5999755859375,270.8999938964844,57.00000000001637,546.0875597154519,active,
1.0,1021.281,1021.544,240.5,613.7000122070312,840.7999877929688,443.1000061035156,268.0,263.00000000003365,624.0708592994532,active,
1.0,1021.705,1021.721,840.5,444.20001220703125,846.2000122070312,445.29998779296875,53.70000076293945,15.99999999996271,5.805177469290996,active,
1.0,1021.77,1021.952,843.2999877929688,450.20001220703125,799.2000122070312,475.3999938964844,85.30000305175781,182.00000000001637,50.79219353236338,active,
1.0,1021.999,1022.094,800.5,474.1000061035156,796.0999755859375,474.3999938964844,99.30000305175781,95.00000000002728,4.410238941404004,active,
1.0,1022.18,1022.189,813.7000122070312,456.8999938964844,817.9000244140625,507.3999938964844,99.5,9.000000000014552,50.6743534989763,active,
1.0,1023.226,1023.266,825.2000122070312,499.6000061035156,1076.800048828125,509.1000061035156,161.5,39.99999999996362,251.7793248615456,active,
1.0,1023.432,1023.454,1074.199951171875,516.7000122070312,1016.9000244140625,582.2999877929688,127.5999984741211,21.999999999934516,87.10131114585057,active,
1.0,1023.752,1023.801,1018.7000122070312,598.4000244140625,574.0999755859375,597.5999755859375,274.8999938964844,49.00000000009186,444.60075645640245,active,
1.0,1023.992,1024.041,584.9000244140625,604.2000122070312,1079.5,528.2999877929688,313.0,48.99999999997817,500.38979761348577,active,
1.0,1024.204,1024.527,1039.4000244140625,539.0,846.4000244140625,463.20001220703125,474.70001220703125,323.00000000009277,207.35148456042992,active,
1.0,1024.693,1024.713,847.5999755859375,464.6000061035156,829.4000244140625,460.6000061035156,64.80000305175781,19.99999999998181,18.63432914431411,active,
1.0,1024.793,1024.809,825.7000122070312,476.6000061035156,826.7999877929688,472.29998779296875,49.70000076293945,16.000000000076398,4.438479893014831,active,
1.0,1025.288,1025.313,817.5,517.5999755859375,768.7000122070312,439.29998779296875,107.19999694824219,25.00000000009095,92.26227233800907,active,
1.0,1025.854,1025.859,718.0999755859375,410.29998779296875,706.7999877929688,414.3999938964844,38.5,4.999999999881766,12.020805886882465,active,
1.0,1026.349,1026.364,709.5,411.79998779296875,769.2000122070312,405.6000061035156,90.0999984741211,15.000000000100044,60.021089880718044,active,
1.0,1026.638,1026.654,776.2000122070312,402.3999938964844,722.0,405.79998779296875,81.30000305175781,16.000000000076398,54.306549160653425,active,
1.0,1026.871,1027.339,711.2000122070312,408.0,1077.4000244140625,491.79998779296875,453.3999938964844,467.9999999998472,375.6659245853043,active,
1.0,1027.73,1027.74,844.5,441.79998779296875,808.9000244140625,455.5,86.19999694824219,9.999999999990905,38.14509924213268,active,
1.0,1027.773,1027.819,812.5999755859375,487.70001220703125,811.7000122070312,483.0,48.0,46.00000000004911,4.785399547541994,active,
1.0,1027.936,1028.068,811.0999755859375,496.70001220703125,839.9000244140625,511.0,82.5999984741211,132.00000000006185,32.15482022001429,active,
1.0,1028.326,1028.333,787.5999755859375,497.3999938964844,792.7000122070312,512.9000244140625,94.80000305175781,7.000000000061846,16.317515729496037,active,
1.0,1028.411,1028.508,792.9000244140625,505.6000061035156,791.7999877929688,469.79998779296875,76.5999984741211,96.99999999997999,35.816914881145735,active,
1.0,1028.579,1028.649,792.7000122070312,493.0,805.9000244140625,474.0,77.30000305175781,69.99999999993634,23.135261447966695,active,
1.0,1028.742,1028.833,825.7000122070312,489.8999938964844,826.9000244140625,502.20001220703125,84.4000015258789,91.00000000012187,12.358417363757077,active,
1.0,1029.715,1029.742,831.5999755859375,513.5,702.0999755859375,444.5,149.60000610351562,27.000000000043656,146.73530590829188,active,
1.0,1030.048,1030.095,674.5999755859375,437.6000061035156,751.7000122070312,648.0,117.5,47.000000000025466,224.0816214655157,active,
1.0,1030.384,1030.43,746.7000122070312,643.0999755859375,1005.0,515.5999755859375,163.1999969482422,46.00000000004911,288.0540464806002,active,
1.0,1030.816,1030.845,991.2999877929688,551.2999877929688,840.7999877929688,489.5,132.6999969482422,28.999999999996362,162.69446361573304,active,
1.0,1031.194,1031.229,810.7999877929688,469.0,858.5999755859375,511.0,83.5,35.000000000081855,63.63048666329656,active,
1.0,1031.467,1031.478,856.7000122070312,504.3999938964844,856.4000244140625,504.8999938964844,60.5,10.999999999967258,0.5830889091127198,active,
1.0,1031.525,1031.557,851.7999877929688,508.6000061035156,701.0999755859375,440.5,184.60000610351562,31.99999999992542,165.37262321949856,active,
1.0,1031.665,1031.702,682.7000122070312,458.20001220703125,683.2000122070312,423.8999938964844,103.4000015258789,37.00000000003456,34.30366242989006,active,
1.0,1031.706,1031.964,686.2999877929688,417.3999938964844,847.4000244140625,470.1000061035156,136.0,258.0000000000382,169.50077606294016,active,
1.0,1032.091,1032.12,845.5,469.29998779296875,843.4000244140625,456.3999938964844,71.5,28.999999999996362,13.069802599537136,active,
1.0,1032.161,1032.281,852.7999877929688,457.29998779296875,1003.5,475.29998779296875,297.0,119.99999999989086,151.77118856752546,active,
1.0,1033.187,1033.212,844.7999877929688,485.70001220703125,832.0999755859375,361.29998779296875,146.10000610351562,25.00000000009095,125.04661684459155,active,
1.0,1034.502,1034.514,834.0999755859375,348.29998779296875,870.9000244140625,344.5,60.5,11.999999999943611,36.995722738974784,active,
1.0,1034.947,1035.261,857.4000244140625,336.3999938964844,842.0,440.6000061035156,660.0999755859375,314.0000000000782,105.33187217504103,active,
1.0,1035.316,1035.518,861.0999755859375,416.79998779296875,830.7000122070312,496.0,98.80000305175781,201.99999999999818,84.83395373924724,active,
1.0,1035.877,1035.92,835.5999755859375,498.70001220703125,487.79998779296875,642.0,218.6999969482422,43.00000000012005,376.1644826538707,active,
1.0,1036.06,1036.09,481.79998779296875,645.9000244140625,292.0,727.2999877929688,185.10000610351562,29.999999999972715,206.5187386275114,active,
1.0,1036.312,1036.329,276.0,737.7999877929688,194.10000610351562,752.5,100.0999984741211,17.00000000005275,83.20876972489766,active,
1.0,1037.305,1037.507,232.10000610351562,774.0,860.0,471.79998779296875,325.1000061035156,201.99999999999818,696.8380369304871,active,
1.0,1037.569,1037.655,856.2999877929688,497.29998779296875,827.5,492.3999938964844,92.4000015258789,86.00000000001273,29.213853512686974,active,
1.0,1037.706,1037.721,826.5999755859375,501.1000061035156,826.0,484.6000061035156,79.5999984741211,15.000000000100044,16.510904599800735,active,
1.0,1038.276,1038.292,826.5,484.29998779296875,769.4000244140625,501.70001220703125,97.69999694824219,15.999999999849024,59.69227807283476,active,
1.0,1039.067,1039.085,748.0999755859375,492.70001220703125,805.0999755859375,458.20001220703125,93.69999694824219,18.000000000029104,66.62769694353842,active,
1.0,1040.425,1040.468,826.0,481.79998779296875,1066.300048828125,485.6000061035156,166.10000610351562,43.00000000012005,240.33009300951005,active,
1.0,1040.9,1040.917,1069.800048828125,522.7999877929688,1104.5,455.3999938964844,98.0999984741211,16.999999999825377,75.80795333325284,active,
1.0,1041.291,1041.317,1122.0,446.5,953.0999755859375,512.2999877929688,203.10000610351562,26.000000000067303,181.26460393751933,active,
1.0,1042.877,1042.884,823.4000244140625,502.8999938964844,841.2000122070312,503.5,45.599998474121094,7.000000000061846,17.810097494233222,active,
1.0,1043.158,1043.447,843.0999755859375,512.2999877929688,866.4000244140625,521.2999877929688,647.0999755859375,288.99999999998727,24.977835682720976,active,
1.0,1043.502,1043.623,868.2999877929688,427.20001220703125,992.0999755859375,444.1000061035156,143.3000030517578,121.00000000009459,124.94817634219565,active,
1.0,1043.651,1043.667,994.7999877929688,451.6000061035156,989.5,433.79998779296875,37.599998474121094,15.999999999849024,18.572305254367908,active,
1.0,1043.72,1043.745,987.5999755859375,445.8999938964844,989.5,462.0,45.0,24.999999999863576,16.21173307537704,active,
1.0,1043.806,1043.815,986.7000122070312,457.20001220703125,995.0,482.79998779296875,63.0,9.000000000014552,26.911866292846103,active,
1.0,1044.303,1044.325,977.4000244140625,544.4000244140625,1002.2999877929688,620.2000122070312,89.69999694824219,21.999999999934516,79.78500063097752,active,
1.0,1045.183,1045.221,961.0999755859375,647.0,952.7999877929688,444.79998779296875,165.6999969482422,38.000000000010914,202.37029113456109,active,
1.0,1045.505,1045.526,945.0999755859375,448.0,859.2999877929688,497.79998779296875,112.19999694824219,20.999999999958163,99.20522511165137,active,
1.0,1046.605,1046.623,828.5,529.5999755859375,754.0,504.8999938964844,99.5999984741211,18.000000000029104,78.48782768977186,active,
1.0,1046.994,1047.003,730.4000244140625,500.20001220703125,762.7999877929688,497.6000061035156,65.19999694824219,9.000000000014552,32.50411756520679,active,
1.0,1047.582,1047.883,792.2000122070312,503.5,826.4000244140625,455.3999938964844,673.2000122070312,300.9999999999309,59.019076764376166,active,
1.0,1048.179,1048.247,821.0999755859375,453.20001220703125,826.5,479.20001220703125,102.5,67.99999999998363,26.55485386275871,active,
1.0,1048.544,1048.576,832.0,512.7000122070312,697.0,440.5,109.0,31.99999999992542,153.09422511216894,active,
1.0,1048.875,1048.923,688.2000122070312,433.8999938964844,313.5,370.3999938964844,217.5,48.00000000000182,380.04256228473855,active,
1.0,1049.094,1049.103,320.8999938964844,364.79998779296875,286.70001220703125,355.1000061035156,70.30000305175781,9.000000000014552,35.54895768281617,active,
1.0,1049.332,1049.377,274.3999938964844,351.29998779296875,677.9000244140625,413.79998779296875,280.70001220703125,44.999999999845386,408.31179829596704,active,
1.0,1049.564,1049.576,659.0,401.70001220703125,697.7999877929688,417.1000061035156,76.0999984741211,11.999999999943611,41.74444711271524,active,
1.0,1049.725,1049.786,695.2999877929688,415.3999938964844,1427.0,417.6000061035156,329.6000061035156,61.00000000014916,731.703319602611,active,
1.0,1050.169,1050.231,1420.0999755859375,441.0,721.9000244140625,448.3999938964844,322.1000061035156,61.99999999989814,698.2391651333206,active,
1.0,1050.402,1050.415,743.0,461.20001220703125,694.9000244140625,455.3999938964844,80.9000015258789,12.999999999919964,48.448404140595414,active,
1.0,1050.589,1050.917,697.0,456.3999938964844,848.5999755859375,484.1000061035156,632.9000244140625,327.99999999997453,154.10984158685818,active,
1.0,1051.052,1051.065,868.5,468.70001220703125,838.2999877929688,491.20001220703125,65.69999694824219,13.000000000147338,37.66020097270906,active,
1.0,1051.281,1051.353,835.9000244140625,505.20001220703125,833.9000244140625,508.8999938964844,74.80000305175781,72.00000000011642,4.205932061064278,active,
1.0,1051.49,1051.508,829.9000244140625,512.9000244140625,808.2999877929688,451.20001220703125,73.30000305175781,18.000000000029104,65.3716535539709,active,
1.0,1052.087,1052.14,802.7999877929688,436.79998779296875,245.1999969482422,536.7000122070312,295.70001220703125,53.00000000011096,566.4783885268434,active,
1.0,1052.356,1052.408,256.29998779296875,533.2999877929688,800.0999755859375,438.29998779296875,332.3999938964844,51.99999999990723,552.035711456816,active,
1.0,1052.638,1052.687,783.0999755859375,442.29998779296875,834.9000244140625,452.8999938964844,86.19999694824219,48.99999999997817,52.87348284339422,active,
1.0,1052.763,1052.784,831.2000122070312,463.29998779296875,833.2000122070312,457.6000061035156,74.80000305175781,21.000000000185537,6.040678046386921,active,
1.0,1052.817,1052.822,832.0999755859375,467.5,828.4000244140625,483.1000061035156,66.19999694824219,4.999999999881766,16.032773593610806,active,
1.0,1053.615,1053.655,835.2999877929688,502.1000061035156,910.7999877929688,272.1000061035156,141.89999389648438,39.99999999996362,242.07488510789383,active,
1.0,1053.859,1053.868,906.0,293.79998779296875,927.5999755859375,276.0,54.0,9.000000000014552,27.989257059502894,active,
1.0,1054.611,1054.681,909.0,264.8999938964844,893.0,792.7000122070312,197.60000610351562,69.99999999993634,528.0424787160722,active,
1.0,1055.02,1055.138,903.4000244140625,775.7000122070312,912.2000122070312,279.70001220703125,269.6000061035156,117.99999999993815,496.07805815733917,active,
1.0,1055.32,1055.729,911.0999755859375,272.3999938964844,805.7000122070312,471.0,373.20001220703125,409.0000000001055,224.8357505037649,active,
1.0,1055.796,1055.805,851.2000122070312,444.29998779296875,841.2000122070312,463.0,52.400001525878906,9.000000000014552,21.205906171232527,active,
1.0,1055.846,1055.853,838.0,485.20001220703125,837.0999755859375,514.2999877929688,67.9000015258789,7.000000000061846,29.113890551557468,active,
1.0,1056.205,1056.247,830.0,540.0999755859375,973.9000244140625,301.6000061035156,192.39999389648438,42.0000000001437,278.5488331863624,active,
1.0,1056.466,1056.476,963.7999877929688,323.20001220703125,944.0999755859375,298.29998779296875,59.79999923706055,10.000000000218279,31.750617266095613,active,
1.0,1057.208,1057.504,941.0999755859375,283.0,826.4000244140625,433.3999938964844,485.3999938964844,295.99999999982174,189.14607308345856,active,
1.0,1057.597,1057.655,844.7999877929688,406.70001220703125,820.0,475.1000061035156,87.30000305175781,57.999999999992724,72.75712033588533,active,
1.0,1057.799,1057.821,823.0999755859375,459.0,820.9000244140625,441.3999938964844,61.900001525878906,21.999999999934516,17.73696704632507,active,
1.0,1057.917,1057.968,818.7999877929688,497.1000061035156,818.9000244140625,494.8999938964844,112.9000015258789,51.00000000015825,2.202285412167634,active,
1.0,1058.404,1058.435,821.4000244140625,510.8999938964844,655.7999877929688,424.3999938964844,150.1999969482422,30.99999999994907,186.83046359977698,active,
1.0,1058.701,1058.748,629.0999755859375,410.6000061035156,701.7000122070312,667.0,141.89999389648438,47.000000000025466,266.4802472745426,active,
1.0,1059.096,1059.12,704.2999877929688,664.4000244140625,763.2000122070312,605.7000122070312,88.30000305175781,23.999999999887223,83.15590363337276,active,
1.0,1059.541,1059.734,775.7000122070312,578.0999755859375,884.5999755859375,461.3999938964844,773.9000244140625,192.99999999998363,159.61856956584288,active,
1.0,1059.798,1059.809,825.9000244140625,465.6000061035156,838.4000244140625,434.0,47.099998474121094,10.999999999967258,33.982501169605285,active,
1.0,1059.919,1059.925,819.7999877929688,480.79998779296875,821.0,453.29998779296875,67.0999984741211,5.999999999858119,27.52616989878948,active,
1.0,1059.952,1060.008,822.5,478.70001220703125,823.7999877929688,497.3999938964844,77.5,56.00000000004002,18.745113588552883,active,
1.0,1060.456,1060.478,833.2000122070312,495.3999938964844,844.5,394.6000061035156,101.5,22.00000000016189,101.43139190203343,active,
1.0,1060.889,1060.902,833.2000122070312,386.3999938964844,877.7999877929688,387.1000061035156,72.69999694824219,13.000000000147338,44.605468715800015,active,
1.0,1061.217,1061.234,882.7999877929688,379.79998779296875,832.0999755859375,393.70001220703125,64.30000305175781,16.999999999825377,52.57092272829773,active,
1.0,1061.435,1061.472,830.4000244140625,400.0,1064.800048828125,305.8999938964844,184.6999969482422,37.00000000003456,252.5830211910428,active,
1.0,1061.678,1061.734,1060.4000244140625,321.3999938964844,768.0999755859375,345.0,136.89999389648438,55.999999999812644,293.251221366613,active,
1.0,1061.759,1061.778,794.5,361.29998779296875,833.0,383.3999938964844,87.9000015258789,19.000000000005457,44.39211945577084,active,
1.0,1061.814,1061.819,838.4000244140625,380.5,835.7999877929688,399.6000061035156,52.20000076293945,4.999999999881766,19.27616205538236,active,
1.0,1061.88,1062.242,832.9000244140625,381.0,859.7999877929688,621.0,610.2999877929688,361.99999999985266,241.50281163950555,active,
1.0,1062.514,1062.555,828.2000122070312,456.6000061035156,835.7999877929688,493.20001220703125,76.5,41.00000000016735,37.38074471815974,active,
1.0,1062.924,1062.944,832.4000244140625,509.29998779296875,753.0,477.1000061035156,103.4000015258789,19.99999999998181,85.68081872715058,active,
1.0,1063.165,1063.209,735.2999877929688,458.29998779296875,606.5,686.5,154.5,44.000000000096406,262.0394673074232,active,
1.0,1063.496,1063.529,613.2000122070312,675.7000122070312,603.2999877929688,536.5999755859375,93.30000305175781,32.999999999901775,139.45189375332504,active,
1.0,1063.672,1063.696,595.2999877929688,533.4000244140625,459.5,518.9000244140625,130.89999389648438,23.999999999887223,136.5719103057816,active,
1.0,1063.913,1063.957,430.3999938964844,516.4000244140625,764.9000244140625,431.70001220703125,242.3000030517578,44.000000000096406,345.05704236275477,active,
1.0,1064.281,1064.321,757.2000122070312,444.20001220703125,615.7000122070312,514.9000244140625,105.5,39.99999999996362,158.1794605063324,active,
1.0,1064.591,1064.615,616.2999877929688,519.0,730.0,469.5,144.60000610351562,24.000000000114596,124.00783352626985,active,
1.0,1065.461,1065.574,759.0999755859375,413.20001220703125,836.7999877929688,474.0,389.0,113.00000000005639,98.66068321574686,active,
1.0,1065.606,1065.638,840.5,476.70001220703125,853.9000244140625,416.3999938964844,75.69999694824219,31.99999999992542,61.77097103453822,active,
1.0,1066.312,1066.338,842.2999877929688,508.20001220703125,739.0,592.5999755859375,132.0,26.000000000067303,133.39505724121943,active,
1.0,1066.513,1066.521,723.4000244140625,626.0999755859375,710.0999755859375,645.2999877929688,53.599998474121094,8.000000000038199,23.356621493286614,active,
1.0,1067.024,1067.033,716.7999877929688,646.0999755859375,745.2000122070312,645.5,57.70000076293945,9.000000000014552,28.4063612140497,active,
1.0,1067.33,1067.338,751.2000122070312,647.5,724.2999877929688,645.2000122070312,57.0,8.000000000038199,26.99817137001993,active,
1.0,1067.897,1067.921,712.0999755859375,632.7000122070312,798.4000244140625,556.7999877929688,124.69999694824219,24.000000000114596,114.92829126804263,active,
1.0,1068.056,1068.063,803.2000122070312,548.5,813.2999877929688,525.7999877929688,57.0,7.000000000061846,24.845523963802844,active,
1.0,1069.153,1069.172,830.2000122070312,527.5999755859375,875.4000244140625,481.6000061035156,73.5999984741211,19.000000000005457,64.49060626090841,active,
1.0,1069.48,1069.51,924.7999877929688,452.79998779296875,708.0999755859375,434.6000061035156,181.6999969482422,29.999999999972715,217.46295000303826,active,
1.0,1069.767,1070.118,668.7999877929688,435.0,849.0999755859375,390.6000061035156,671.2999877929688,350.9999999998854,185.68641591713845,active,
1.0,1070.266,1070.285,867.2999877929688,390.70001220703125,835.7000122070312,462.70001220703125,121.80000305175781,19.000000000005457,78.62924682986507,active,
1.0,1070.523,1070.544,829.2999877929688,515.7000122070312,827.4000244140625,503.3999938964844,93.5999984741211,21.000000000185537,12.445895358750741,active,
1.0,1071.213,1071.256,822.7000122070312,530.9000244140625,856.0999755859375,277.0,152.6999969482422,43.00000000012005,256.08744590700616,active,
1.0,1071.394,1071.402,848.4000244140625,306.6000061035156,845.7999877929688,288.8999938964844,42.5,8.000000000038199,17.8899587076126,active,
1.0,1071.696,1071.747,849.2000122070312,278.0,386.0,271.70001220703125,241.3000030517578,51.00000000015825,463.2428533229471,active,
1.0,1071.986,1072.245,401.8999938964844,263.5,843.2000122070312,267.8999938964844,555.2000122070312,258.9999999997872,441.32195289513766,active,
1.0,1072.681,1072.729,866.5999755859375,254.5,887.2000122070312,522.5,141.39999389648438,48.00000000000182,268.7905532357683,active,
1.0,1072.862,1073.057,100000000.0,100000000.0,853.0,415.1000061035156,13.199999809265137,194.99999999993634,141420459.55553496,,
1.0,1073.166,1073.2,853.9000244140625,404.20001220703125,845.0,452.29998779296875,64.0,34.0000000001055,48.916439833032534,,
1.0,1074.547,1074.581,834.2000122070312,511.79998779296875,662.7000122070312,363.1000061035156,148.60000610351562,33.99999999987813,226.98884235671957,passive,
1.0,1074.79,1074.8,629.7999877929688,329.70001220703125,623.0999755859375,311.79998779296875,44.900001525878906,9.999999999990905,19.112850064770594,passive,
1.0,1075.237,1075.245,622.0,295.29998779296875,643.2000122070312,294.0,46.599998474121094,7.999999999810825,21.239832528533313,passive,
1.0,1075.583,1075.591,648.7000122070312,297.5,624.9000244140625,293.3999938964844,50.0,7.999999999810825,24.150558357817047,passive,
1.0,1075.967,1076.025,629.7000122070312,307.0,920.7000122070312,369.1000061035156,136.39999389648438,57.999999999992724,297.5523664131352,passive,
1.0,1076.074,1076.097,916.0,408.6000061035156,897.5,487.20001220703125,104.4000015258789,22.99999999991087,80.74782324912971,passive,
1.0,1076.214,1076.229,893.5999755859375,505.5,844.2999877929688,506.79998779296875,79.30000305175781,15.000000000100044,49.31712445640698,passive,
1.0,1076.716,1076.738,823.9000244140625,497.6000061035156,895.7999877929688,445.8999938964844,130.39999389648438,22.00000000016189,88.5578680643072,passive,
1.0,1077.766,1077.771,932.0999755859375,421.70001220703125,948.2999877929688,424.20001220703125,50.400001525878906,4.999999999881766,16.391778289983108,passive,
1.0,1077.98,1078.023,950.2999877929688,417.8999938964844,1104.0,584.7999877929688,156.6999969482422,42.99999999989268,226.89050600474246,passive,
1.0,1078.383,1078.414,1101.300048828125,614.5,976.5,481.1000061035156,130.39999389648438,30.99999999994907,182.67624519647993,passive,
1.0,1078.869,1078.874,951.2999877929688,444.1000061035156,961.5999755859375,436.3999938964844,38.5,5.000000000109139,12.86001308411992,passive,
1.0,1079.108,1079.154,963.7000122070312,429.1000061035156,1087.300048828125,629.0999755859375,153.5,46.00000000004911,235.11052049133275,passive,
1.0,1079.529,1079.563,1088.0999755859375,615.0999755859375,872.0,501.20001220703125,192.1999969482422,34.0000000001055,244.2793505516972,passive,
1.0,1080.607,1080.649,822.2999877929688,525.2999877929688,1064.5999755859375,379.70001220703125,154.1999969482422,41.99999999991633,282.6811577999114,passive,
1.0,1080.901,1080.91,1058.800048828125,402.8999938964844,1084.699951171875,379.8999938964844,71.80000305175781,9.000000000014552,34.63820060880453,passive,
1.0,1081.106,1081.143,1081.0999755859375,367.79998779296875,1152.9000244140625,173.5,132.0,37.00000000003456,207.14181680208597,passive,
1.0,1081.497,1081.546,1149.0,176.6999969482422,743.2999877929688,334.3999938964844,231.10000610351562,48.99999999997817,435.27208610507165,passive,
1.0,1081.596,1081.603,743.0999755859375,322.3999938964844,759.5999755859375,341.29998779296875,62.20000076293945,7.000000000061846,25.089036834584675,passive,
1.0,1081.986,1082.006,790.0999755859375,382.79998779296875,703.9000244140625,365.6000061035156,122.4000015258789,19.99999999998181,87.89920905304642,passive,
1.0,1082.324,1082.475,676.7000122070312,357.3999938964844,1110.4000244140625,342.0,302.5,150.99999999983993,433.97334065630207,passive,
1.0,1082.585,1082.799,1120.5,359.6000061035156,823.2999877929688,451.29998779296875,506.29998779296875,213.9999999999418,311.02529462682867,passive,
1.0,1082.911,1082.938,826.5,446.20001220703125,844.0,471.1000061035156,65.0,27.000000000043656,30.43451488105173,passive,
1.0,1082.974,1082.988,840.7000122070312,476.20001220703125,839.5,514.0999755859375,89.4000015258789,14.000000000123691,37.918956386212145,passive,
1.0,1083.677,1083.702,829.2999877929688,527.2999877929688,890.5999755859375,471.3999938964844,74.0,25.00000000009095,82.96082100030777,passive,
1.0,1084.065,1084.09,926.2000122070312,434.20001220703125,839.7000122070312,530.2000122070312,113.5,24.999999999863576,129.22170870252413,passive,
1.0,1084.373,1084.392,840.9000244140625,545.7999877929688,883.9000244140625,516.0999755859375,70.5999984741211,19.000000000005457,52.259838548332745,passive,
1.0,1084.629,1084.665,883.5999755859375,492.6000061035156,699.2999877929688,360.70001220703125,148.8000030517578,36.00000000005821,226.6364796108099,passive,
1.0,1084.899,1084.936,692.5999755859375,356.3999938964844,892.2000122070312,518.9000244140625,235.6999969482422,37.00000000003456,257.3838272645657,passive,
1.0,1085.149,1085.165,889.9000244140625,524.9000244140625,826.7000122070312,530.0999755859375,90.69999694824219,16.000000000076398,63.4135713799403,passive,
1.0,1085.813,1085.972,836.4000244140625,533.4000244140625,818.2999877929688,440.79998779296875,453.79998779296875,158.99999999987813,94.35241442545515,passive,
1.0,1086.042,1086.102,804.7000122070312,475.79998779296875,814.2999877929688,456.6000061035156,98.5,60.000000000172804,21.46622528825064,passive,
1.0,1086.638,1086.655,830.7999877929688,514.2000122070312,762.7000122070312,527.5,94.4000015258789,17.00000000005275,69.38657182840497,passive,
1.0,1086.922,1086.963,754.0,531.9000244140625,1020.7000122070312,442.79998779296875,194.5,40.99999999993997,281.18981673793036,passive,
1.0,1087.243,1087.287,1013.5,451.20001220703125,713.7999877929688,534.0999755859375,207.39999389648438,44.000000000096406,310.9541786905567,passive,
1.0,1087.626,1087.671,718.5,531.2000122070312,1074.9000244140625,416.79998779296875,242.39999389648438,45.00000000007276,374.31049008581425,passive,
1.0,1088.046,1088.095,1065.0,434.79998779296875,749.9000244140625,474.6000061035156,179.60000610351562,48.99999999997817,317.6035832162135,passive,
1.0,1088.323,1088.358,733.2999877929688,480.5,1025.300048828125,392.5,293.70001220703125,34.99999999985448,304.9721883131886,passive,
1.0,1088.697,1088.704,1058.4000244140625,423.29998779296875,1036.699951171875,437.1000061035156,59.099998474121094,7.000000000061846,25.716408848976773,passive,
1.0,1088.901,1088.944,1027.800048828125,441.3999938964844,718.2999877929688,549.0999755859375,219.1999969482422,42.99999999989268,327.7034846269932,passive,
1.0,1089.477,1089.52,716.5999755859375,558.4000244140625,1042.0999755859375,462.8999938964844,229.6999969482422,42.99999999989268,339.2204384008404,passive,
1.0,1089.778,1089.806,1038.4000244140625,465.0,885.2000122070312,459.1000061035156,145.6999969482422,28.00000000002001,153.31357952971118,passive,
1.0,1089.872,1089.893,831.2999877929688,478.29998779296875,853.5,427.5,76.0,20.999999999958163,55.43896916211656,passive,
1.0,1089.981,1090.016,830.9000244140625,496.1000061035156,833.2000122070312,485.79998779296875,65.9000015258789,35.000000000081855,10.553687556745565,passive,
1.0,1090.529,1090.571,822.0,504.8999938964844,902.5999755859375,289.79998779296875,167.89999389648438,41.99999999991633,229.70496009051737,passive,
1.0,1090.825,1090.845,896.0,312.79998779296875,948.2000122070312,371.6000061035156,113.80000305175781,19.99999999998181,78.62749791093991,passive,
1.0,1091.091,1091.115,952.7999877929688,387.20001220703125,896.0999755859375,306.8999938964844,107.69999694824219,24.000000000114596,98.30047977986504,passive,
1.0,1091.353,1091.359,876.2999877929688,287.8999938964844,859.5999755859375,295.1000061035156,48.099998474121094,5.999999999858119,18.18599965622984,passive,
1.0,1091.893,1091.938,887.4000244140625,300.20001220703125,729.2999877929688,510.0,164.8000030517578,45.00000000007276,262.70069748198426,passive,
1.0,1092.155,1092.199,734.5,525.7000122070312,964.5,340.20001220703125,210.10000610351562,44.000000000096406,295.4830790417617,passive,
1.0,1092.469,1092.487,933.7999877929688,364.79998779296875,952.5999755859375,419.0,84.5,18.000000000029104,57.36794282748956,passive,
1.0,1092.702,1092.957,948.0,401.5,773.5,516.0999755859375,650.9000244140625,255.00000000010914,208.76638715151793,passive,
1.0,1093.032,1093.188,773.2000122070312,499.3999938964844,837.5999755859375,446.0,169.60000610351562,156.00000000017644,83.65951608364128,passive,
1.0,1093.227,1093.591,842.5999755859375,475.3999938964844,1002.2000122070312,416.8999938964844,651.5999755859375,363.99999999980537,169.98359241248687,passive,
1.0,1093.667,1093.679,837.0999755859375,455.1000061035156,832.0999755859375,407.79998779296875,88.0,12.000000000170985,47.56355466297772,passive,
1.0,1093.713,1093.817,834.0,402.8999938964844,819.5999755859375,488.0,89.80000305175781,104.00000000004184,86.309743030228,passive,
1.0,1093.942,1094.009,815.5999755859375,482.6000061035156,816.9000244140625,490.8999938964844,92.9000015258789,67.00000000000728,8.401185887655352,passive,
1.0,1094.307,1094.351,813.7999877929688,496.79998779296875,498.0,499.29998779296875,215.60000610351562,44.000000000096406,315.8098831418029,passive,
1.0,1094.576,1094.635,496.6000061035156,507.1000061035156,1171.800048828125,462.0,329.79998779296875,58.99999999996908,676.7045945210151,passive,
1.0,1094.934,1095.034,1162.5999755859375,467.8999938964844,833.2999877929688,486.8999938964844,158.5,100.00000000013642,329.8476647794393,passive,
1.0,1095.166,1095.18,801.0999755859375,482.6000061035156,795.7999877929688,511.0,72.0,14.000000000123691,28.8903015547773,passive,
1.0,1095.416,1095.434,798.7000122070312,455.1000061035156,795.9000244140625,474.0,68.0999984741211,18.000000000029104,19.10627386299905,passive,
1.0,1095.482,1095.522,798.0,494.20001220703125,641.5999755859375,506.79998779296875,139.8000030517578,39.99999999996362,156.90674625867928,passive,
1.0,1095.812,1095.85,644.0,532.0,425.5,646.7000122070312,191.60000610351562,38.000000000010914,246.77589590617055,passive,
1.0,1096.115,1096.166,422.29998779296875,660.4000244140625,865.2000122070312,602.7999877929688,253.5,50.99999999993088,446.62981969941114,passive,
1.0,1096.686,1096.721,846.0,616.0999755859375,806.2000122070312,503.5,143.3000030517578,35.000000000081855,119.4269380427807,passive,
1.0,1097.708,1097.748,840.0,499.5,708.5999755859375,362.79998779296875,113.9000015258789,39.99999999996362,189.61239345944324,passive,
1.0,1098.06,1098.073,695.2000122070312,374.29998779296875,711.5,336.6000061035156,73.0,13.000000000147338,41.072840435451155,passive,
1.0,1099.278,1099.687,725.4000244140625,352.8999938964844,989.5999755859375,380.79998779296875,620.9000244140625,408.9999999998781,265.669011852427,passive,
1.0,1099.835,1099.845,847.9000244140625,418.8999938964844,845.9000244140625,453.5,71.30000305175781,9.999999999990905,34.65776135821987,passive,
1.0,1100.02,1100.033,843.5999755859375,491.5,843.2000122070312,488.79998779296875,56.900001525878906,12.999999999919964,2.7294755215212807,passive,
1.0,1100.327,1100.375,838.5,507.6000061035156,1218.9000244140625,444.20001220703125,279.6000061035156,48.00000000000182,385.6471674993784,passive,
1.0,1100.613,1100.636,1199.199951171875,443.70001220703125,1327.800048828125,432.20001220703125,152.6999969482422,22.99999999991087,129.11326468336642,passive,
1.0,1101.069,1101.092,1369.300048828125,425.1000061035156,1258.0999755859375,394.1000061035156,119.19999694824219,23.000000000138243,115.4402715219774,passive,
1.0,1101.603,1101.658,1230.199951171875,368.29998779296875,735.7000122070312,410.0,279.8999938964844,54.99999999983629,496.2550560491054,passive,
1.0,1101.905,1101.93,740.2999877929688,412.20001220703125,599.4000244140625,403.79998779296875,158.60000610351562,25.00000000009095,141.150133157337,passive,
1.0,1102.245,1102.283,569.4000244140625,403.5,341.70001220703125,334.0,142.0,38.000000000010914,238.07046343274544,passive,
1.0,1102.83,1102.878,322.3999938964844,346.0,790.5999755859375,301.0,262.1000061035156,48.00000000000182,470.3575478867159,passive,
1.0,1103.126,1103.353,783.5999755859375,292.1000061035156,828.5,450.0,428.8999938964844,227.00000000008913,164.1597400853608,passive,
1.0,1103.404,1103.413,843.0999755859375,451.0,847.0,417.5,67.80000305175781,9.000000000014552,33.72625372658937,passive,
1.0,1104.017,1104.055,828.0999755859375,500.8999938964844,608.0,431.5,176.0,38.000000000010914,230.78205824058844,passive,
1.0,1104.471,1104.482,606.0,418.79998779296875,563.4000244140625,418.5,73.5,10.999999999967258,42.60103182551335,passive,
1.0,1104.744,1104.778,559.7999877929688,401.20001220703125,502.5,524.2999877929688,125.4000015258789,34.0000000001055,135.78251945789185,passive,
1.0,1105.082,1105.109,508.8999938964844,529.2999877929688,421.6000061035156,636.7999877929688,129.3000030517578,26.999999999816282,138.4829876506587,passive,
1.0,1105.434,1105.772,415.70001220703125,675.2000122070312,715.5999755859375,441.79998779296875,268.79998779296875,337.99999999996544,380.0204723842576,passive,
1.0,1105.811,1105.821,709.7999877929688,386.8999938964844,691.0999755859375,424.70001220703125,65.30000305175781,9.999999999990905,42.17264327524179,passive,
1.0,1105.979,1106.041,689.2000122070312,462.1000061035156,831.0,476.20001220703125,157.6999969482422,61.99999999989814,142.49928670068937,passive,
1.0,1106.153,1106.198,829.5,494.1000061035156,833.7000122070312,516.2000122070312,76.0,45.00000000007276,22.49556339180327,passive,
1.0,1106.862,1106.885,824.5999755859375,507.70001220703125,739.7999877929688,549.2000122070312,112.69999694824219,22.99999999991087,94.41021093974766,passive,
1.0,1107.16,1107.208,713.0,561.9000244140625,1074.300048828125,641.5999755859375,203.8000030517578,48.00000000000182,369.9862260949788,passive,
1.0,1107.61,1107.655,1068.9000244140625,635.7000122070312,729.2000122070312,545.7000122070312,192.6999969482422,45.00000000007276,351.4201165179039,passive,
1.0,1108.15,1108.163,731.2999877929688,554.9000244140625,783.7999877929688,562.0,86.19999694824219,12.999999999919964,52.97791665704597,passive,
1.0,1108.503,1108.52,788.2999877929688,565.0999755859375,726.2000122070312,569.5,87.5999984741211,17.00000000005275,62.255659844052566,passive,
1.0,1108.952,1109.31,705.2999877929688,559.0,855.2999877929688,465.5,619.2999877929688,357.99999999994725,176.75477362719232,passive,
1.0,1109.384,1109.392,835.2999877929688,466.79998779296875,839.7999877929688,436.20001220703125,71.80000305175781,8.000000000038199,30.929088345115687,passive,
1.0,1109.419,1109.486,847.2999877929688,426.79998779296875,811.9000244140625,506.0,84.5999984741211,67.00000000000728,86.75136506604264,passive,
1.0,1109.602,1109.633,811.9000244140625,505.20001220703125,810.2000122070312,510.8999938964844,80.30000305175781,30.99999999994907,5.9480948852684055,passive,
1.0,1109.906,1109.941,816.5999755859375,512.7000122070312,919.4000244140625,416.5,115.30000305175781,35.000000000081855,140.791663061766,passive,
1.0,1110.163,1110.203,929.0,429.20001220703125,633.7000122070312,392.8999938964844,198.60000610351562,39.99999999996362,297.5227287450045,passive,
1.0,1110.558,1110.607,639.0999755859375,388.1000061035156,990.7999877929688,208.8000030517578,260.3999938964844,48.99999999997817,394.7675134567006,passive,
1.0,1110.783,1110.794,973.4000244140625,253.5,1007.4000244140625,234.1999969482422,69.5999984741211,11.000000000194632,39.09590922075941,passive,
1.0,1111.258,1111.35,1012.9000244140625,215.0,966.7000122070312,353.0,511.79998779296875,91.99999999987085,145.52814548371677,passive,
1.0,1111.418,1111.432,954.2000122070312,310.5,950.0,366.6000061035156,91.5,14.000000000123691,56.257006562326985,passive,
1.0,1111.571,1111.599,948.9000244140625,394.20001220703125,831.0999755859375,457.20001220703125,125.5,28.00000000002001,133.58836590028577,passive,
1.0,1112.638,1112.658,843.7999877929688,525.4000244140625,896.9000244140625,464.20001220703125,93.5999984741211,19.99999999998181,81.02502936316822,passive,
1.0,1112.916,1112.958,911.2000122070312,437.3999938964844,686.9000244140625,569.2000122070312,192.39999389648438,42.0000000001437,260.15712435100914,passive,
1.0,1113.324,1113.369,681.0,564.4000244140625,884.7999877929688,468.29998779296875,145.60000610351562,44.999999999845386,225.32121973526986,passive,
1.0,1113.805,1113.831,884.9000244140625,470.1000061035156,742.2999877929688,521.5999755859375,153.8000030517578,25.99999999983993,151.61470014819693,passive,
1.0,1114.105,1114.129,710.4000244140625,533.7999877929688,824.7000122070312,522.0999755859375,131.1999969482422,23.999999999887223,114.89724755239999,passive,
1.0,1115.195,1115.232,824.7999877929688,519.2000122070312,570.7999877929688,555.2999877929688,174.60000610351562,37.00000000003456,256.5525447882076,passive,
1.0,1115.523,1115.58,549.5999755859375,552.7000122070312,1159.5999755859375,609.0,293.5,57.00000000001637,612.5925959603891,passive,
1.0,1115.894,1115.919,1151.4000244140625,604.4000244140625,1071.800048828125,535.7999877929688,93.4000015258789,25.00000000009095,105.08149759923128,passive,
1.0,1116.013,1116.283,1054.699951171875,504.0,639.2999877929688,460.79998779296875,465.0,269.9999999999818,417.64024067357815,passive,
1.0,1116.47,1116.498,656.0999755859375,488.8999938964844,525.0999755859375,533.2000122070312,176.60000610351562,28.00000000002001,138.2877132008292,passive,
1.0,1116.553,1116.614,519.7999877929688,526.9000244140625,520.4000244140625,553.9000244140625,101.9000015258789,60.99999999992178,27.006666657450594,passive,
1.0,1116.804,1116.826,522.4000244140625,567.2999877929688,463.6000061035156,523.5,96.4000015258789,21.999999999934516,73.32040018974841,passive,
1.0,1117.218,1117.264,440.5,512.5999755859375,860.2999877929688,527.7000122070312,264.1000061035156,45.99999999982174,420.07147112953896,passive,
1.0,1117.487,1117.495,843.7000122070312,515.2999877929688,814.5999755859375,510.5,62.0,7.999999999810825,29.493253705918008,passive,
1.0,1118.083,1118.124,822.2999877929688,509.79998779296875,1019.5,359.3999938964844,182.10000610351562,40.99999999993997,248.00807038988833,passive,
1.0,1118.283,1118.301,1001.0999755859375,400.8999938964844,1068.199951171875,366.20001220703125,105.80000305175781,18.000000000029104,75.54134929217105,passive,
1.0,1118.512,1118.532,1074.5,376.79998779296875,981.4000244140625,352.20001220703125,135.6999969482422,19.99999999998181,96.29519330128,passive,
1.0,1120.014,1120.385,968.7000122070312,339.6000061035156,893.5,399.1000061035156,388.1000061035156,371.0000000000946,95.89208432366901,passive,
1.0,1120.754,1120.827,906.0999755859375,346.6000061035156,766.4000244140625,503.70001220703125,224.10000610351562,73.00000000009277,210.22960846452838,passive,
1.0,1121.237,1121.265,776.2999877929688,507.29998779296875,591.2999877929688,499.0,168.10000610351562,28.00000000002001,185.18609504323868,passive,
1.0,1121.542,1121.582,555.9000244140625,487.8999938964844,878.0999755859375,456.20001220703125,243.60000610351562,40.000000000190994,323.7556136567678,passive,
1.0,1121.971,1122.005,880.7000122070312,461.70001220703125,663.7000122070312,469.8999938964844,158.8000030517578,34.0000000001055,217.15487491582445,passive,
1.0,1122.338,1122.366,657.0,476.5,841.9000244140625,505.70001220703125,191.60000610351562,28.00000000002001,187.1915055263237,passive,
1.0,1122.477,1122.844,831.2000122070312,516.7999877929688,831.9000244140625,456.70001220703125,519.2999877929688,366.9999999999618,60.10405213061991,passive,
1.0,1122.883,1122.94,824.5,458.8999938964844,823.2000122070312,460.6000061035156,69.0999984741211,57.00000000001637,2.140095737560127,passive,
1.0,1123.026,1123.042,818.7999877929688,463.1000061035156,819.9000244140625,473.29998779296875,69.9000015258789,15.999999999849024,10.259127985990153,passive,
1.0,1123.364,1123.381,815.7000122070312,497.8999938964844,885.7999877929688,454.70001220703125,107.30000305175781,17.00000000005275,82.3422430780102,passive,
1.0,1123.524,1123.571,889.2000122070312,446.0,472.20001220703125,445.5,267.5,47.000000000025466,417.0002997600841,passive,
1.0,1123.829,1123.876,483.6000061035156,450.0,343.0,678.2000122070312,158.39999389648438,47.000000000025466,268.03657826423216,passive,
1.0,1124.039,1124.05,354.0,667.0999755859375,318.79998779296875,689.4000244140625,67.9000015258789,10.999999999967258,41.66932969357568,passive,
1.0,1124.293,1124.348,319.20001220703125,689.9000244140625,777.5,472.70001220703125,286.70001220703125,55.000000000063665,507.1634096755895,passive,
1.0,1124.51,1124.532,770.5999755859375,499.6000061035156,869.5999755859375,449.5,150.1999969482422,21.999999999934516,110.9549936306262,passive,
1.0,1124.881,1124.892,885.2000122070312,454.29998779296875,904.0999755859375,439.1000061035156,45.599998474121094,10.999999999967258,24.253825658722537,passive,
1.0,1125.652,1125.672,907.0,424.5,820.7000122070312,472.3999938964844,120.69999694824219,19.99999999998181,98.70206334393316,passive,
1.0,1126.646,1126.675,828.5,504.3999938964844,664.5999755859375,436.1000061035156,132.3000030517578,28.999999999996362,177.56155646831317,passive,
1.0,1126.939,1126.988,627.5999755859375,416.70001220703125,918.9000244140625,270.5,222.3000030517578,48.99999999997817,325.9296887621686,passive,
1.0,1127.272,1127.298,911.7000122070312,301.70001220703125,729.4000244140625,243.6999969482422,190.89999389648438,26.000000000067303,191.30417486123068,passive,
1.0,1127.711,1127.735,694.5999755859375,226.3000030517578,622.5999755859375,298.3999938964844,105.4000015258789,23.999999999887223,101.89410522601224,passive,
1.0,1128.028,1128.066,610.2000122070312,327.29998779296875,773.7999877929688,490.6000061035156,180.3000030517578,38.000000000010914,231.15329976434316,passive,
1.0,1128.515,1128.519,826.9000244140625,443.0,822.7999877929688,466.5,64.4000015258789,3.9999999999054126,23.854984810188203,,
1.0,1128.631,1128.699,828.9000244140625,453.79998779296875,831.2000122070312,487.8999938964844,74.4000015258789,67.99999999998363,34.17748323249692,,
1.0,1129.39,1129.746,831.5999755859375,512.7999877929688,959.5,573.0999755859375,536.0999755859375,355.99999999999454,141.40192634101547,passive,
1.0,1129.912,1129.916,845.5999755859375,438.1000061035156,832.0,449.1000061035156,54.099998474121094,3.9999999999054126,17.491693341071816,passive,
1.0,1129.961,1129.978,826.2000122070312,466.70001220703125,826.9000244140625,465.8999938964844,49.20000076293945,17.00000000005275,1.0630363997545134,passive,
1.0,1130.034,1130.061,823.4000244140625,492.29998779296875,821.7999877929688,453.20001220703125,76.0,26.999999999816282,39.13269998364219,passive,
1.0,1130.129,1130.184,825.0999755859375,455.6000061035156,585.2999877929688,423.6000061035156,182.39999389648438,55.000000000063665,241.92567897085246,passive,
1.0,1130.407,1130.456,570.4000244140625,438.79998779296875,401.6000061035156,338.5,133.10000610351562,48.99999999997817,196.35053789819534,passive,
1.0,1130.729,1130.763,408.79998779296875,328.70001220703125,379.20001220703125,502.3999938964844,122.30000305175781,33.99999999987813,176.20397893806043,passive,
1.0,1130.959,1130.993,399.70001220703125,531.0999755859375,399.79998779296875,695.5,162.39999389648438,33.99999999987813,164.40005481283188,passive,
1.0,1131.329,1131.366,406.70001220703125,691.5,420.8999938964844,882.5,159.60000610351562,37.00000000003456,191.52712465857363,passive,
1.0,1131.483,1131.529,420.70001220703125,872.7000122070312,812.4000244140625,533.0,320.29998779296875,46.00000000004911,518.4833631433564,passive,
1.0,1131.744,1131.756,821.7000122070312,553.2000122070312,825.5999755859375,524.0,45.29999923706055,12.000000000170985,29.459301200937944,passive,
1.0,1132.449,1132.497,815.5999755859375,507.20001220703125,826.0999755859375,286.29998779296875,107.4000015258789,48.00000000000182,221.14943089715018,passive,
1.0,1132.644,1132.666,814.5,309.6000061035156,728.7000122070312,249.6999969482422,97.19999694824219,21.999999999934516,104.64057053588454,passive,
1.0,1132.906,1132.912,699.4000244140625,239.89999389648438,684.5,223.39999389648438,53.79999923706055,6.0000000000854925,22.231975340478826,passive,
1.0,1133.276,1133.317,671.5999755859375,212.8000030517578,996.0999755859375,246.1999969482422,226.0,40.99999999993997,326.21436141329707,passive,
1.0,1133.504,1133.547,986.9000244140625,247.6999969482422,1244.800048828125,413.6000061035156,211.0,43.00000000012005,306.65165192852595,passive,
1.0,1133.875,1133.911,1249.199951171875,405.8999938964844,946.2000122070312,408.20001220703125,219.3000030517578,36.00000000005821,303.00866835278475,passive,
1.0,1134.142,1134.332,910.4000244140625,415.3999938964844,876.5,489.29998779296875,574.7999877929688,190.00000000005457,81.30449405275493,passive,
1.0,1134.405,1134.415,888.5,473.5,881.5999755859375,508.29998779296875,82.0,9.999999999990905,35.477450405932956,passive,
1.0,1134.54,1134.564,877.4000244140625,552.2999877929688,833.7999877929688,489.5,98.80000305175781,24.000000000114596,76.45130254062215,passive,
1.0,1134.861,1135.117,825.0,486.1000061035156,795.5,473.8999938964844,639.7999877929688,255.99999999985812,31.923193728881692,passive,
1.0,1135.263,1135.328,789.2999877929688,485.6000061035156,1039.0,402.0,269.70001220703125,65.00000000005457,263.323104031339,passive,
1.0,1135.462,1135.484,1031.5999755859375,442.1000061035156,1052.0999755859375,349.1000061035156,118.0999984741211,21.999999999934516,95.23260996108424,passive,
1.0,1135.716,1135.742,1049.9000244140625,365.5,999.0999755859375,475.5,130.89999389648438,26.000000000067303,121.16371140296043,passive,
1.0,1135.963,1135.97,991.9000244140625,502.1000061035156,1003.9000244140625,482.29998779296875,52.099998474121094,7.000000000061846,23.15255331703161,passive,
1.0,1136.214,1136.239,1000.5999755859375,460.8999938964844,848.0,515.9000244140625,176.10000610351562,25.00000000009095,162.2089883630474,passive,
1.0,1136.529,1136.537,837.0,517.7000122070312,812.4000244140625,519.2999877929688,53.70000076293945,8.000000000038199,24.651951661162997,passive,
1.0,1137.163,1137.171,830.5,506.79998779296875,851.7000122070312,491.20001220703125,56.900001525878906,8.000000000038199,26.321089564456106,passive,
1.0,1137.475,1137.491,843.2999877929688,497.5,778.0,497.0,90.4000015258789,16.000000000076398,65.30190200722998,passive,
1.0,1137.778,1137.796,758.5,504.79998779296875,835.7999877929688,497.1000061035156,116.5,18.000000000029104,77.68254521326546,passive,
1.0,1138.121,1138.162,841.2999877929688,491.5,797.0999755859375,302.0,111.30000305175781,40.99999999993997,194.58646170559172,passive,
1.0,1138.317,1138.364,793.7000122070312,310.20001220703125,907.0,582.5,181.6999969482422,47.000000000025466,294.93078948447857,passive,
1.0,1138.719,1138.74,905.7000122070312,567.0,801.5999755859375,576.2000122070312,137.6999969482422,20.999999999958163,104.50577902260996,passive,
1.0,1139.026,1139.476,777.9000244140625,579.5999755859375,824.7999877929688,465.79998779296875,674.0,450.0000000000455,123.0855141217787,passive,
1.0,1139.502,1139.506,847.2000122070312,476.6000061035156,852.2000122070312,465.70001220703125,52.5,4.000000000132786,11.992075172521085,passive,
1.0,1139.568,1139.577,809.7999877929688,478.70001220703125,801.9000244140625,456.0,50.0,9.000000000014552,24.035390065223147,passive,
1.0,1139.667,1139.686,803.9000244140625,448.20001220703125,806.0999755859375,500.1000061035156,114.5,19.000000000005457,51.946599037990445,passive,
1.0,1140.157,1140.173,809.7000122070312,508.79998779296875,862.4000244140625,461.20001220703125,99.30000305175781,16.000000000076398,71.01442784676286,passive,
1.0,1140.559,1140.58,853.2999877929688,456.0,802.2000122070312,399.79998779296875,85.30000305175781,20.999999999958163,75.95820480339086,passive,
1.0,1140.95,1140.975,793.2999877929688,371.5,857.7999877929688,438.29998779296875,96.4000015258789,24.999999999863576,92.85735495447183,passive,
1.0,1141.132,1141.149,866.9000244140625,445.79998779296875,806.5,484.70001220703125,119.5999984741211,16.999999999825377,71.84270908473597,passive,
1.0,1142.014,1142.038,806.4000244140625,498.70001220703125,765.7000122070312,577.7999877929688,84.30000305175781,24.000000000114596,88.95671493118662,passive,
1.0,1142.396,1142.423,756.2999877929688,596.0,917.4000244140625,583.7999877929688,137.89999389648438,27.000000000043656,161.56132611850356,passive,
1.0,1142.77,1142.805,954.2000122070312,566.7000122070312,780.5,686.7999877929688,155.10000610351562,35.000000000081855,211.17693618495744,passive,
1.0,1143.105,1143.171,764.7000122070312,692.0,1079.9000244140625,427.1000061035156,167.10000610351562,66.00000000003092,411.7317748992299,passive,
1.0,1143.235,1143.275,1019.4000244140625,392.0,1012.7000122070312,404.70001220703125,80.80000305175781,40.000000000190994,14.35898581492128,passive,
1.0,1143.485,1143.829,1007.7000122070312,425.1000061035156,796.7999877929688,455.1000061035156,582.2999877929688,344.00000000005093,213.0230510950685,passive,
1.0,1144.08,1144.132,817.2000122070312,457.5,823.5999755859375,491.1000061035156,99.5999984741211,52.000000000134605,34.20409246578,passive,
1.0,1144.309,1144.338,828.5999755859375,494.6000061035156,988.5,473.8999938964844,162.1999969482422,28.999999999996362,161.23432734064116,passive,
1.0,1144.772,1144.812,989.0999755859375,496.70001220703125,687.0999755859375,419.20001220703125,217.60000610351562,39.99999999996362,311.78558337421566,passive,
1.0,1145.178,1145.195,675.7999877929688,421.70001220703125,610.7000122070312,405.20001220703125,102.80000305175781,16.999999999825377,67.15844564378823,passive,
1.0,1145.523,1145.589,607.5999755859375,389.0,679.9000244140625,763.9000244140625,149.1999969482422,66.00000000003092,381.80796922826784,passive,
1.0,1145.751,1145.798,675.2000122070312,759.7999877929688,812.5,486.3999938964844,210.6999969482422,47.000000000025466,305.9392804308513,passive,
1.0,1146.003,1146.009,802.0999755859375,532.5,808.2000122070312,511.29998779296875,56.20000076293945,6.0000000000854925,22.060166915890704,passive,
1.0,1146.892,1146.929,811.0999755859375,495.79998779296875,653.2000122070312,377.3999938964844,139.0,37.00000000003456,197.35996805266126,passive,
1.0,1147.316,1147.339,641.5,387.0,744.7000122070312,361.29998779296875,112.4000015258789,22.99999999991087,106.35193062174731,passive,
1.0,1147.639,1147.664,780.5999755859375,354.79998779296875,883.5,441.3999938964844,141.6999969482422,25.00000000009095,134.4915465058812,passive,
1.0,1148.056,1148.107,884.9000244140625,454.20001220703125,1238.9000244140625,747.2999877929688,250.3000030517578,50.99999999993088,459.59068276943685,passive,
1.0,1148.435,1148.588,1224.5,740.0,789.0999755859375,432.0,275.29998779296875,153.00000000002,533.3265240542291,passive,
1.0,1148.687,1148.729,778.2999877929688,434.8999938964844,815.0,470.6000061035156,121.30000305175781,42.0000000001437,51.199431320849875,passive,
1.0,1148.928,1148.936,815.4000244140625,445.79998779296875,816.2000122070312,476.5,67.0999984741211,7.999999999810825,30.710433568752602,passive,
1.0,1149.528,1149.533,810.0999755859375,476.20001220703125,809.0999755859375,497.5,50.79999923706055,4.999999999881766,21.323449063897186,passive,
1.0,1149.589,1149.613,808.9000244140625,498.0,939.4000244140625,485.8999938964844,135.89999389648438,24.000000000114596,131.05975792631816,passive,
1.0,1149.975,1150.026,977.0,473.3999938964844,493.29998779296875,520.2999877929688,260.3999938964844,51.00000000015825,485.96842617249575,passive,
1.0,1150.372,1150.395,515.0,539.9000244140625,389.5,555.7999877929688,145.6999969482422,22.99999999991087,126.50319693766858,passive,
1.0,1150.648,1150.702,372.29998779296875,550.0999755859375,885.2999877929688,510.1000061035156,289.70001220703125,54.00000000008731,514.5570887264062,passive,
1.0,1151.459,1151.481,874.5,518.7999877929688,766.7999877929688,526.4000244140625,130.39999389648438,21.999999999934516,107.96783403420042,passive,
1.0,1152.038,1152.106,815.2999877929688,457.8999938964844,1358.199951171875,976.2999877929688,425.3999938964844,67.99999999998363,750.6523322475543,,
1.0,1152.272,1152.324,1352.5999755859375,990.2000122070312,844.5999755859375,1071.199951171875,271.5,52.000000000134605,514.4171362934057,,
1.0,1152.516,1152.525,841.5999755859375,1076.300048828125,826.2000122070312,1099.199951171875,55.599998474121094,9.000000000014552,27.596456283822754,passive,
1.0,1152.639,1152.97,821.9000244140625,1060.199951171875,948.5,1014.2999877929688,258.79998779296875,331.00000000013097,134.66387955403968,passive,
1.0,1153.044,1153.054,841.5,454.79998779296875,815.9000244140625,430.3999938964844,78.19999694824219,9.999999999990905,35.36549804751901,passive,
1.0,1153.415,1153.429,797.5,462.29998779296875,798.9000244140625,449.29998779296875,49.20000076293945,14.000000000123691,13.075169917059243,passive,
1.0,1153.459,1153.469,796.2999877929688,477.29998779296875,795.7999877929688,443.29998779296875,62.099998474121094,9.999999999990905,34.00367627183861,passive,
1.0,1153.503,1153.521,798.5,469.0,793.0999755859375,448.0,75.5,18.000000000029104,21.683179279627584,passive,
1.0,1153.549,1153.668,794.0999755859375,441.79998779296875,1020.5,440.0,169.39999389648438,118.99999999991451,226.40717968020124,passive,
1.0,1154.011,1154.085,1020.0,477.3999938964844,666.9000244140625,531.0999755859375,229.0,74.00000000006912,357.16002126811065,passive,
1.0,1154.362,1154.372,676.9000244140625,519.2999877929688,674.2999877929688,542.4000244140625,58.29999923706055,9.999999999990905,23.24590033375565,passive,
1.0,1154.429,1154.541,676.2000122070312,535.5,679.2999877929688,492.29998779296875,107.5,111.99999999985266,43.311094459977085,passive,
1.0,1154.628,1154.651,675.0999755859375,512.5999755859375,806.2999877929688,495.20001220703125,159.1999969482422,23.000000000138243,132.3487889204598,passive,
1.0,1154.898,1154.924,815.5999755859375,489.29998779296875,816.7000122070312,493.0,71.5999984741211,26.000000000067303,3.8600739500594567,passive,
1.0,1154.961,1154.986,817.9000244140625,503.1000061035156,814.7000122070312,461.70001220703125,91.0,25.00000000009095,41.52348218483239,passive,
1.0,1155.708,1155.73,812.5,484.29998779296875,901.7999877929688,562.0,135.89999389648438,21.999999999934516,118.37136358426042,passive,
1.0,1156.224,1156.236,919.2000122070312,588.5999755859375,963.4000244140625,557.9000244140625,89.0,12.000000000170985,53.815686198888336,passive,
1.0,1156.602,1156.618,973.7999877929688,517.0999755859375,914.0999755859375,508.1000061035156,84.9000015258789,15.999999999849024,60.374588265297554,passive,
1.0,1156.811,1156.829,913.2000122070312,505.8999938964844,827.9000244140625,491.8999938964844,119.5999984741211,18.000000000029104,86.44123968037836,passive,
1.0,1157.93,1157.953,813.5999755859375,501.29998779296875,843.4000244140625,430.70001220703125,97.4000015258789,22.99999999991087,76.63158267250915,passive,
1.0,1158.408,1158.422,852.5,397.1000061035156,899.4000244140625,429.29998779296875,102.0999984741211,14.000000000123691,56.889815528271626,passive,
1.0,1158.727,1158.765,908.0,451.20001220703125,669.0,435.79998779296875,174.89999389648438,38.000000000010914,239.49563827333833,passive,
1.0,1159.059,1159.144,672.7000122070312,437.1000061035156,865.7000122070312,453.70001220703125,647.7000122070312,85.00000000003638,193.71257110119817,passive,
1.0,1159.398,1159.419,822.0,466.20001220703125,824.2999877929688,509.29998779296875,92.5,21.000000000185537,43.16130025099121,passive,
1.0,1159.879,1159.922,824.7999877929688,494.70001220703125,490.5,493.8999938964844,206.8000030517578,43.00000000012005,334.3009450595021,passive,
1.0,1160.141,1160.18,488.29998779296875,482.8999938964844,631.2999877929688,625.2999877929688,126.69999694824219,38.99999999998727,201.8087170112302,passive,
1.0,1160.442,1160.462,632.5999755859375,610.5999755859375,713.5,641.9000244140625,144.1999969482422,19.99999999998181,86.74391625260482,passive,
1.0,1161.137,1161.266,700.0,649.9000244140625,1021.7000122070312,318.5,321.0,129.0000000001328,461.86239729560714,passive,
1.0,1161.469,1161.776,1015.2000122070312,287.79998779296875,800.2999877929688,452.1000061035156,529.7999877929688,307.00000000001637,270.5115829498077,passive,
1.0,1161.905,1161.917,794.0,471.20001220703125,826.0,479.29998779296875,61.79999923706055,11.999999999943611,33.00923513946943,passive,
1.0,1161.999,1162.051,812.7000122070312,477.29998779296875,812.4000244140625,495.5,96.30000305175781,51.99999999990723,18.20248436373499,passive,
1.0,1162.635,1162.667,806.0,495.29998779296875,777.2999877929688,631.9000244140625,107.0,31.99999999992542,139.58245128083936,passive,
1.0,1162.832,1162.838,775.0999755859375,645.4000244140625,780.0999755859375,661.9000244140625,44.79999923706055,5.999999999858119,17.240939649566666,passive,
1.0,1162.986,1162.993,786.2999877929688,661.2999877929688,810.7000122070312,661.5,57.400001525878906,6.999999999834472,24.40084417166356,passive,
1.0,1163.199,1163.262,810.4000244140625,666.7000122070312,810.9000244140625,373.3999938964844,158.6999969482422,62.99999999987449,293.30044449500434,passive,
1.0,1163.69,1163.698,809.2999877929688,400.29998779296875,780.4000244140625,398.79998779296875,62.29999923706055,8.000000000038199,28.938864582117287,passive,
1.0,1164.044,1164.575,776.4000244140625,373.20001220703125,824.5,432.29998779296875,613.0,530.9999999999491,76.19983441993946,passive,
1.0,1164.636,1164.641,849.0999755859375,440.0,832.2999877929688,438.79998779296875,58.0,5.000000000109139,16.842791310852338,passive,
1.0,1165.112,1165.145,812.2000122070312,451.0,664.4000244140625,552.2000122070312,144.1999969482422,32.999999999901775,179.1264326175927,passive,
1.0,1165.386,1165.408,656.9000244140625,578.5999755859375,797.2000122070312,575.5,180.39999389648438,21.999999999934516,140.33423111750244,passive,
1.0,1165.753,1165.778,819.2000122070312,579.2000122070312,840.7999877929688,581.0999755859375,63.29999923706055,25.00000000009095,21.683376262802824,passive,
1.0,1165.885,1165.897,841.5999755859375,550.7000122070312,843.7999877929688,581.2000122070312,55.70000076293945,11.999999999943611,30.579242203022076,passive,
1.0,1165.945,1165.965,846.2999877929688,583.7000122070312,842.9000244140625,576.2000122070312,97.0999984741211,19.99999999998181,8.234667630080986,passive,
1.0,1166.004,1166.197,842.0,578.0,950.2000122070312,385.8999938964844,132.39999389648438,192.99999999998363,220.47597371725666,passive,
1.0,1166.248,1166.3,935.0999755859375,403.3999938964844,937.0,433.5,63.0,51.99999999990723,30.159914791088376,passive,
1.0,1166.364,1166.384,938.2000122070312,448.29998779296875,938.2000122070312,456.1000061035156,91.9000015258789,19.99999999998181,7.800018310546875,passive,
1.0,1166.466,1166.499,938.5999755859375,448.5,807.4000244140625,562.7999877929688,181.10000610351562,33.00000000012915,174.0055010537747,passive,
1.0,1166.941,1166.985,823.7999877929688,590.2999877929688,811.9000244140625,456.8999938964844,144.1999969482422,43.99999999986903,133.92971104277564,passive,
1.0,1168.093,1168.115,816.5,495.1000061035156,749.4000244140625,551.7999877929688,91.5999984741211,21.999999999934516,87.84813399963444,passive,
1.0,1168.411,1168.435,731.4000244140625,611.0,610.5999755859375,596.5999755859375,129.3000030517578,23.999999999887223,121.65530198064933,passive,
1.0,1168.81,1168.859,580.7000122070312,597.2999877929688,859.4000244140625,429.20001220703125,179.1999969482422,48.99999999997817,325.47088747873005,passive,
1.0,1169.115,1169.163,857.0,456.0,433.79998779296875,461.3999938964844,234.6999969482422,48.00000000000182,423.23446252179593,passive,
1.0,1169.294,1169.729,434.1000061035156,463.70001220703125,813.0,464.8999938964844,262.20001220703125,434.99999999994543,378.9018940712898,passive,
1.0,1170.126,1170.142,811.0,502.20001220703125,810.5,496.3999938964844,71.19999694824219,16.000000000076398,5.8215300740165405,passive,
1.0,1170.407,1170.447,799.0,500.79998779296875,964.5,512.5999755859375,120.80000305175781,39.99999999996362,165.92013052042302,passive,
1.0,1170.86,1170.925,957.9000244140625,495.70001220703125,493.20001220703125,716.5999755859375,241.39999389648438,65.00000000005457,514.5317241589843,passive,
1.0,1171.137,1171.19,498.3999938964844,712.9000244140625,883.9000244140625,508.0,267.0,53.00000000011096,436.57106355545034,passive,
1.0,1171.219,1171.229,874.0,520.5,871.2000122070312,539.9000244140625,73.30000305175781,9.999999999990905,19.601042801519387,passive,
1.0,1171.7,1171.73,879.9000244140625,568.2999877929688,757.2000122070312,539.5,118.0999984741211,29.999999999972715,126.03464719068629,passive,
1.0,1172.038,1172.046,763.0999755859375,511.70001220703125,763.9000244140625,536.4000244140625,55.900001525878906,8.000000000038199,24.712965851044203,passive,
1.0,1172.134,1172.155,764.4000244140625,533.7999877929688,762.0,533.9000244140625,87.5,20.999999999958163,2.402108347609637,passive,
1.0,1172.18,1172.199,762.7000122070312,525.7999877929688,763.7000122070312,505.20001220703125,69.5,19.000000000005457,20.62423317704736,passive,
1.0,1172.23,1172.736,764.5,505.79998779296875,800.5999755859375,452.79998779296875,571.2999877929688,506.0000000000855,64.12650183274684,passive,
1.0,1173.095,1173.147,805.4000244140625,486.6000061035156,792.2000122070312,436.79998779296875,86.0999984741211,51.99999999990723,51.51972579504454,passive,
1.0,1173.211,1173.254,767.0999755859375,410.1000061035156,774.9000244140625,408.5,82.19999694824219,42.99999999989268,7.962460753587514,passive,
1.0,1173.355,1173.409,774.2000122070312,424.5,874.2999877929688,320.70001220703125,144.10000610351562,54.00000000008731,144.20278283766143,passive,
1.0,1173.684,1173.703,874.7999877929688,333.20001220703125,868.2000122070312,276.6000061035156,82.30000305175781,19.000000000005457,56.983509620354,passive,
1.0,1173.91,1173.929,868.2999877929688,260.70001220703125,805.5999755859375,320.3999938964844,112.0,19.000000000005457,86.57585890121395,passive,
1.0,1174.254,1174.274,808.0999755859375,326.6000061035156,756.7999877929688,373.70001220703125,94.5,19.99999999998181,69.64265447633333,passive,
1.0,1174.732,1175.323,752.5999755859375,366.29998779296875,816.0999755859375,445.70001220703125,678.5999755859375,591.0000000001219,101.6691392554974,passive,
1.0,1175.455,1175.459,810.0999755859375,454.70001220703125,809.5,473.8999938964844,51.599998474121094,4.000000000132786,19.20935364813341,passive,
1.0,1175.646,1175.655,818.2999877929688,445.20001220703125,816.5,473.3999938964844,62.70000076293945,9.000000000014552,28.257369363412582,passive,
1.0,1175.787,1175.823,822.7999877929688,493.6000061035156,784.0999755859375,334.1000061035156,184.39999389648438,36.00000000005821,164.1278189242286,passive,
1.0,1176.014,1176.061,776.9000244140625,369.8999938964844,1220.800048828125,294.6000061035156,273.5,47.000000000025466,450.2414017351431,passive,
1.0,1176.33,1176.337,1210.199951171875,319.8999938964844,1182.699951171875,320.29998779296875,60.20000076293945,7.000000000061846,27.502908848287753,passive,
1.0,1176.611,1176.687,1185.0999755859375,321.0,252.6999969482422,291.1000061035156,325.20001220703125,75.99999999979445,932.8792686079933,passive,
1.0,1176.85,1176.912,280.1000061035156,290.70001220703125,853.4000244140625,442.70001220703125,337.8999938964844,62.00000000012551,593.1078409487379,passive,
1.0,1177.082,1177.093,844.9000244140625,473.8999938964844,817.7999877929688,490.29998779296875,63.900001525878906,10.999999999967258,31.676044334312753,passive,
1.0,1178.081,1178.099,815.5999755859375,487.29998779296875,897.0999755859375,485.70001220703125,119.69999694824219,18.000000000029104,81.51570352929303,passive,
1.0,1178.363,1178.401,908.9000244140625,494.3999938964844,853.7000122070312,676.2999877929688,133.3000030517578,38.000000000010914,190.09116004485176,passive,
1.0,1178.737,1179.028,859.4000244140625,667.7000122070312,872.2000122070312,515.5,517.2999877929688,290.99999999994,152.73730193806819,passive,
1.0,1179.213,1179.233,891.5999755859375,465.29998779296875,821.0,510.8999938964844,108.30000305175781,19.99999999998181,84.04592262195492,passive,
1.0,1179.342,1179.623,825.7999877929688,530.7999877929688,863.7000122070312,479.70001220703125,111.0999984741211,280.99999999994907,63.62090344745147,passive,
1.0,1179.676,1179.68,867.7000122070312,450.0,868.5999755859375,471.1000061035156,59.79999923706055,4.000000000132786,21.119190127743273,passive,
1.0,1180.068,1180.081,861.5,487.20001220703125,810.2000122070312,480.79998779296875,81.69999694824219,12.999999999919964,51.69766977397858,passive,
1.0,1180.973,1181.001,812.2999877929688,491.3999938964844,750.7000122070312,317.70001220703125,213.5,28.00000000002001,184.2993234689277,passive,
1.0,1181.787,1181.797,717.4000244140625,287.0,734.0,300.8999938964844,44.900001525878906,9.999999999990905,21.651074333067722,passive,
1.0,1182.036,1182.042,734.0999755859375,304.20001220703125,734.4000244140625,274.0,62.79999923706055,5.999999999858119,30.20150272095903,passive,
1.0,1183.296,1183.417,736.0999755859375,287.0,835.2999877929688,262.5,213.1999969482422,120.99999999986721,102.18068517031557,passive,
1.0,1183.418,1183.655,100000000.0,100000000.0,826.7999877929688,444.1000061035156,59.900001525878906,237.00000000008004,141420457.57556453,,
1.0,1183.81,1183.819,813.2000122070312,464.70001220703125,813.2000122070312,486.20001220703125,48.29999923706055,9.000000000014552,21.5,,
1.0,1183.943,1183.954,808.7000122070312,459.20001220703125,811.4000244140625,474.5,75.0999984741211,10.999999999967258,15.536398951594624,constant,
1.0,1184.043,1184.06,809.0999755859375,463.20001220703125,815.5999755859375,496.29998779296875,84.0999984741211,17.00000000005275,33.73215652444502,constant,
1.0,1184.912,1184.957,825.9000244140625,502.6000061035156,1071.5999755859375,522.7000122070312,171.3000030517578,45.00000000007276,246.52074203040831,constant,
1.0,1185.113,1185.173,1064.0,532.5,714.7000122070312,569.0,235.1999969482422,59.99999999994543,351.2018386514628,constant,
1.0,1185.472,1185.495,727.4000244140625,588.9000244140625,832.0,594.7000122070312,130.1999969482422,22.99999999991087,104.76065459406651,constant,
1.0,1185.667,1185.696,847.2999877929688,593.9000244140625,1037.5,546.5,173.89999389648438,28.999999999996362,196.01736391965014,constant,
1.0,1186.384,1186.425,1052.800048828125,527.4000244140625,709.7000122070312,570.2000122070312,228.3000030517578,40.99999999993997,345.75927187058073,constant,
1.0,1186.78,1186.801,700.2000122070312,567.5,594.0,571.0,111.5999984741211,20.999999999958163,106.257670747921,constant,
1.0,1187.149,1187.503,571.9000244140625,574.5999755859375,532.9000244140625,553.0999755859375,397.3999938964844,354.00000000004184,44.533695108310965,constant,
1.0,1187.741,1187.815,919.9000244140625,446.3999938964844,1048.0999755859375,505.29998779296875,198.1999969482422,74.00000000006912,141.0830846043459,constant,
1.0,1187.877,1187.918,1054.9000244140625,515.2000122070312,1057.0,517.5,75.80000305175781,40.99999999993997,3.1144568241250044,constant,
1.0,1188.164,1188.185,1048.5,500.8999938964844,1034.300048828125,507.3999938964844,51.5,20.999999999958163,15.616933542908933,constant,
1.0,1188.39,1188.398,1029.5999755859375,487.79998779296875,1031.5,521.5,69.19999694824219,7.999999999810825,33.75353189709321,constant,
1.0,1188.487,1188.541,1025.5999755859375,518.7999877929688,753.0999755859375,531.5999755859375,240.6999969482422,53.99999999985994,272.8004576379962,constant,
1.0,1188.599,1188.611,754.7000122070312,518.2000122070312,754.4000244140625,537.7000122070312,61.79999923706055,12.000000000170985,19.502307367999567,constant,
1.0,1188.644,1188.659,756.9000244140625,536.2999877929688,755.9000244140625,525.2000122070312,69.5999984741211,15.000000000100044,11.144929699572293,constant,
1.0,1189.018,1189.036,767.0999755859375,550.9000244140625,826.4000244140625,553.5,88.9000015258789,18.000000000029104,59.35701865883663,constant,
1.0,1189.125,1189.161,814.9000244140625,535.2000122070312,819.0,570.5999755859375,63.79999923706055,36.00000000005821,35.63659926302154,constant,
1.0,1189.32,1189.365,813.2999877929688,571.2999877929688,1055.800048828125,527.4000244140625,250.60000610351562,45.00000000007276,246.44164905048785,constant,
1.0,1189.392,1189.405,1046.4000244140625,497.3999938964844,1050.4000244140625,538.7999877929688,70.69999694824219,12.999999999919964,41.59278176112946,constant,
1.0,1189.793,1189.802,1034.0,529.2000122070312,1037.5,554.5999755859375,61.900001525878906,9.000000000014552,25.63997152201575,constant,
1.0,1190.327,1190.337,1033.199951171875,550.0,1032.800048828125,535.7000122070312,53.20000076293945,9.999999999990905,14.305578379205505,constant,
1.0,1190.453,1190.497,1035.199951171875,548.7999877929688,753.2000122070312,563.4000244140625,180.0,44.000000000096406,282.37763127682916,constant,
1.0,1190.542,1190.557,751.7000122070312,556.0999755859375,753.2000122070312,568.0,59.400001525878906,15.000000000100044,11.994189470542958,constant,
1.0,1191.55,1191.595,758.2000122070312,603.0,1073.9000244140625,534.2999877929688,203.60000610351562,45.00000000007276,323.08851633068906,constant,
1.0,1191.866,1191.871,1072.0999755859375,517.5999755859375,1076.9000244140625,508.1000061035156,46.29999923706055,5.000000000109139,10.643772306815434,constant,
1.0,1192.156,1192.467,1062.5,520.2999877929688,1053.5999755859375,361.8999938964844,337.8999938964844,311.00000000014916,158.64982981704455,constant,
1.0,1192.506,1192.516,786.5,505.6000061035156,793.9000244140625,525.7000122070312,59.29999923706055,9.999999999990905,21.418931035186755,constant,
1.0,1192.671,1192.689,786.2999877929688,521.2000122070312,723.9000244140625,544.4000244140625,97.9000015258789,18.000000000029104,66.57323783695097,constant,
1.0,1193.109,1193.179,742.2000122070312,534.9000244140625,744.2000122070312,562.7000122070312,81.5999984741211,70.00000000016371,27.87183742219396,constant,
1.0,1193.291,1193.362,739.0999755859375,593.0,1025.4000244140625,530.0,262.8999938964844,71.00000000014006,293.14965113229584,constant,
1.0,1193.626,1193.643,1019.4000244140625,545.5,1016.2000122070312,542.7999877929688,84.69999694824219,17.00000000005275,4.186901484781648,constant,
1.0,1193.946,1193.963,1033.699951171875,546.5,1034.4000244140625,546.2000122070312,68.69999694824219,17.00000000005275,0.7616398232479573,constant,
1.0,1194.266,1194.283,1028.0,543.5999755859375,1030.0999755859375,547.2999877929688,73.80000305175781,16.999999999825377,4.254408042690994,constant,
1.0,1194.336,1194.341,1028.9000244140625,551.2999877929688,1021.5,532.0,55.900001525878906,4.999999999881766,20.670023951061687,constant,
1.0,1194.39,1194.437,1030.9000244140625,545.2000122070312,725.5,535.0999755859375,275.29998779296875,46.99999999979809,305.5669904486697,constant,
1.0,1194.525,1194.544,725.7000122070312,579.7000122070312,727.7999877929688,573.0,86.0999984741211,19.000000000005457,7.021400219037604,constant,
1.0,1194.837,1194.886,724.0,588.5,578.2999877929688,563.2999877929688,139.3000030517578,48.99999999997817,147.86322792487516,constant,
1.0,1195.675,1195.686,588.5999755859375,605.0999755859375,588.7999877929688,597.7000122070312,55.900001525878906,10.999999999967258,7.402665931413838,constant,
1.0,1196.069,1196.125,600.2999877929688,599.7999877929688,1028.0999755859375,506.29998779296875,239.60000610351562,56.00000000004002,437.8984808784614,constant,
1.0,1196.657,1196.676,1018.0999755859375,536.9000244140625,1017.2999877929688,537.9000244140625,110.5,19.000000000005457,1.280617221850078,constant,
1.0,1196.87,1196.885,1015.0,493.79998779296875,1048.199951171875,540.7999877929688,91.0,15.000000000100044,57.54334677280149,constant,
1.0,1196.921,1196.925,1040.199951171875,525.5,1042.5,541.7000122070312,47.79999923706055,3.9999999999054126,16.362475977666726,constant,
1.0,1197.392,1197.434,1036.199951171875,538.0999755859375,749.4000244140625,557.4000244140625,227.89999389648438,41.99999999991633,287.4485864864439,constant,
1.0,1197.953,1197.958,738.2999877929688,575.2000122070312,725.0,581.2000122070312,50.79999923706055,5.000000000109139,14.59073936759607,constant,
1.0,1198.226,1198.813,732.5,593.4000244140625,705.5999755859375,564.5,580.5999755859375,586.9999999999891,39.48192908927535,constant,
1.0,1198.883,1198.894,700.5999755859375,588.5999755859375,699.4000244140625,537.0,98.4000015258789,10.999999999967258,51.61392605958425,constant,
1.0,1198.946,1199.156,700.2000122070312,536.7000122070312,573.4000244140625,564.0,174.8000030517578,210.00000000003638,129.7055366504964,constant,
1.0,1199.189,1199.309,575.0,531.7000122070312,572.0,583.4000244140625,131.3000030517578,119.99999999989086,51.78697965905311,constant,
1.0,1199.369,1199.401,572.0999755859375,582.5,571.0999755859375,589.2000122070312,114.19999694824219,32.000000000152795,6.774227895071715,constant,
1.0,1199.436,1199.499,572.0,562.7999877929688,742.2000122070312,546.5,228.60000610351562,63.00000000010186,170.9787523563221,constant,
1.0,1199.541,1199.594,760.4000244140625,563.2999877929688,759.7000122070312,572.0999755859375,110.0,53.00000000011096,8.827785806553747,constant,
1.0,1199.671,1199.722,763.7000122070312,585.9000244140625,760.7999877929688,578.0,109.0,50.99999999993088,8.41549329183632,constant,
1.0,1199.829,1199.933,762.9000244140625,583.7999877929688,1020.0999755859375,504.20001220703125,273.0,104.00000000004184,269.23590213063477,constant,
1.0,1200.204,1200.218,1016.2999877929688,460.70001220703125,1021.5,504.29998779296875,76.0,14.000000000123691,43.90897400358633,constant,
1.0,1200.365,1200.403,1034.4000244140625,522.7000122070312,1036.0,497.70001220703125,54.70000076293945,38.000000000010914,25.05114611900214,constant,
1.0,1200.485,1200.493,1033.300048828125,499.79998779296875,1037.300048828125,523.4000244140625,54.70000076293945,8.000000000038199,23.93661898675262,constant,
1.0,1200.689,1200.899,1028.0999755859375,519.0,738.5,552.2999877929688,234.89999389648438,209.999999999809,291.5082075111908,constant,
1.0,1200.924,1200.966,739.5999755859375,540.2999877929688,739.9000244140625,524.7999877929688,107.19999694824219,41.99999999991633,15.502903898923556,constant,
1.0,1201.094,1201.308,743.0999755859375,543.4000244140625,740.7999877929688,564.5,120.9000015258789,213.9999999999418,21.22495968370644,constant,
1.0,1201.338,1201.357,735.5,559.4000244140625,740.0,582.0,109.4000015258789,19.000000000005457,23.04363028007894,constant,
1.0,1201.542,1201.898,740.2999877929688,579.5999755859375,623.2000122070312,567.9000244140625,159.89999389648438,355.99999999999454,117.68301975923042,constant,
1.0,1201.92,1202.226,623.5,542.7999877929688,612.0,594.7999877929688,150.10000610351562,306.00000000004,53.25645500782041,constant,
1.0,1202.353,1202.858,606.7999877929688,572.2999877929688,1053.800048828125,503.1000061035156,536.2999877929688,504.99999999988177,452.3247638934376,constant,
1.0,1203.038,1203.227,1053.5,479.20001220703125,1029.5,516.7999877929688,127.5,189.00000000007822,44.6067053710885,constant,
1.0,1203.358,1203.451,1029.5,551.5999755859375,1033.0999755859375,552.4000244140625,129.3000030517578,93.00000000007458,3.6878045429130637,constant,
1.0,1203.534,1203.589,1032.0999755859375,542.4000244140625,1030.4000244140625,526.5999755859375,107.0,54.99999999983629,15.89123585369915,constant,
1.0,1203.614,1203.656,1032.4000244140625,536.7000122070312,1036.199951171875,514.7000122070312,109.19999694824219,41.99999999991633,22.32575739733681,constant,
1.0,1203.69,1203.957,1033.699951171875,511.5,1031.0999755859375,514.7999877929688,146.3000030517578,267.00000000005275,4.201165609829468,constant,
1.0,1204.005,1204.051,1034.0999755859375,517.0,685.4000244140625,540.7000122070312,271.1000061035156,45.99999999982174,349.5044299088088,constant,
1.0,1204.324,1204.345,689.0,507.3999938964844,590.5,523.7999877929688,136.0,20.999999999958163,99.85594524015445,constant,
1.0,1204.47,1204.668,575.5999755859375,521.2999877929688,849.0,987.4000244140625,311.70001220703125,197.9999999998654,540.3672986846955,constant,
1.0,1204.817,1204.841,862.0999755859375,999.0999755859375,852.0999755859375,1110.199951171875,146.6999969482422,23.999999999887223,111.5491128391253,constant,
1.0,1205.056,1205.172,845.0,1111.0999755859375,55.599998474121094,1006.4000244140625,322.20001220703125,115.99999999998545,796.3130302741822,constant,
1.0,1205.362,1205.378,55.79999923706055,1024.0,13.100000381469727,998.7000122070312,60.20000076293945,15.999999999849024,49.63244185602624,constant,
1.0,1205.541,1205.809,3.700000047683716,968.2000122070312,62.900001525878906,1041.800048828125,169.60000610351562,268.0000000000291,94.45425117825377,constant,
1.0,1206.321,1208.194,69.19999694824219,1045.699951171875,803.4000244140625,577.4000244140625,311.79998779296875,1873.0000000000473,870.8355193331195,constant,
1.0,1208.238,1208.301,803.4000244140625,554.4000244140625,798.7000122070312,639.7000122070312,185.0,62.99999999987449,85.42937452789211,constant,
1.0,1208.346,1208.354,794.9000244140625,600.2999877929688,802.5999755859375,642.5999755859375,122.80000305175781,8.000000000038199,42.99509524741821,constant,
1.0,1208.491,1208.508,803.0999755859375,644.7000122070312,806.2999877929688,620.7999877929688,75.69999694824219,17.00000000005275,24.11330017060984,constant,
1.0,1208.644,1208.752,807.5,614.9000244140625,959.2000122070312,580.7999877929688,247.3000030517578,107.99999999994725,155.48538902795133,constant,
1.0,1209.02,1209.76,958.2999877929688,593.2999877929688,952.9000244140625,592.7999877929688,208.10000610351562,740.0000000000091,5.423062280070975,constant,
1.0,1209.852,1209.936,992.4000244140625,472.0,995.5999755859375,530.7000122070312,128.60000610351562,83.99999999983265,58.787167992751634,constant,
1.0,1209.96,1210.059,991.7000122070312,494.70001220703125,1003.9000244140625,524.5,118.80000305175781,98.9999999999327,32.200614439988534,constant,
1.0,1210.175,1210.218,1010.5999755859375,539.7000122070312,728.7999877929688,540.9000244140625,240.39999389648438,43.00000000012005,281.80254283702686,constant,
1.0,1210.377,1211.515,730.4000244140625,519.5,1030.300048828125,511.3999938964844,784.2000122070312,1138.0000000001473,300.0093910903995,constant,
1.0,1211.672,1211.688,1026.0999755859375,506.29998779296875,1027.9000244140625,520.2999877929688,124.4000015258789,16.000000000076398,14.115246217605776,constant,
1.0,1211.752,1211.784,1018.9000244140625,493.6000061035156,905.0,426.6000061035156,119.19999694824219,32.000000000152795,132.1446766295337,constant,
1.0,1211.894,1211.944,878.0999755859375,409.3999938964844,880.5,418.79998779296875,60.0,49.999999999954525,9.701546394366186,constant,
1.0,1211.984,1212.649,891.2000122070312,395.5,751.2000122070312,479.70001220703125,554.0999755859375,664.9999999999636,163.36964851423355,constant,
1.0,1212.68,1212.699,757.0,487.1000061035156,761.2000122070312,477.79998779296875,90.19999694824219,19.000000000005457,10.20443252296367,constant,
1.0,1212.734,1212.77,763.5999755859375,480.6000061035156,761.0,475.1000061035156,65.69999694824219,36.00000000005821,6.083574035669415,constant,
1.0,1213.103,1213.151,754.9000244140625,523.9000244140625,755.5,494.79998779296875,72.69999694824219,48.00000000000182,29.106221019787476,constant,
1.0,1213.395,1213.399,757.2000122070312,477.5,756.2999877929688,481.0,25.0,3.9999999999054126,3.613868280099393,constant,
1.0,1214.025,1214.814,752.2000122070312,508.5,747.0,579.7000122070312,174.5,788.9999999999873,71.38964816578573,constant,
1.0,1214.892,1214.991,740.2000122070312,574.5,745.0,570.5999755859375,133.8000030517578,98.9999999999327,6.184664359763799,constant,
1.0,1215.139,1215.177,746.0,581.7000122070312,747.0999755859375,571.7000122070312,77.4000015258789,38.000000000010914,10.060315417006494,constant,
1.0,1215.343,1215.384,748.7999877929688,550.0,752.5999755859375,567.4000244140625,119.9000015258789,40.99999999993997,17.81013073609182,constant,
1.0,1215.468,1215.602,752.4000244140625,574.9000244140625,748.7000122070312,559.0,88.9000015258789,134.00000000001455,16.32485426274807,constant,
1.0,1215.647,1215.662,751.0999755859375,561.0,753.5999755859375,573.5,75.30000305175781,15.000000000100044,12.747548783981962,constant,
1.0,1215.792,1215.819,755.2000122070312,569.2999877929688,756.5999755859375,573.7999877929688,81.19999694824219,27.000000000043656,4.712737788406926,constant,
1.0,1215.843,1215.862,753.5999755859375,571.0,753.5,563.5999755859375,100.4000015258789,19.000000000005457,7.400699726816687,constant,
1.0,1215.96,1216.095,754.0999755859375,568.7999877929688,755.2000122070312,564.0,104.30000305175781,134.9999999999909,4.9244251827392365,constant,
1.0,1216.275,1216.308,763.2999877929688,571.2000122070312,763.9000244140625,572.5,101.5999984741211,32.999999999901775,1.4317863697218822,constant,
1.0,1216.342,1216.362,763.4000244140625,568.0,762.7999877929688,570.0999755859375,118.80000305175781,19.99999999998181,2.184019553068871,constant,
1.0,1216.43,1216.447,763.2999877929688,571.0999755859375,764.4000244140625,568.9000244140625,84.80000305175781,16.999999999825377,2.459647480103915,constant,
1.0,1216.597,1216.64,761.7999877929688,578.4000244140625,762.7000122070312,583.2000122070312,123.0999984741211,43.00000000012005,4.883638680180748,constant,
1.0,1216.874,1216.906,766.2999877929688,583.5,766.7999877929688,573.9000244140625,93.0999984741211,31.99999999992542,9.612987633956264,constant,
1.0,1217.03,1217.035,763.7000122070312,562.0,767.2999877929688,571.0999755859375,58.29999923706055,5.000000000109139,9.786183111101314,constant,
1.0,1217.074,1217.093,765.7999877929688,583.7999877929688,766.5,576.0999755859375,48.099998474121094,19.000000000005457,7.7317659741111555,constant,
1.0,1217.151,1217.204,762.7000122070312,582.0,765.0,566.7999877929688,116.9000015258789,52.999999999883585,15.37303857217903,constant,
1.0,1217.316,1217.341,764.0,577.5,762.4000244140625,569.7000122070312,97.4000015258789,24.999999999863576,7.962394831083017,constant,
1.0,1217.374,1217.378,757.0999755859375,547.9000244140625,761.0,560.2999877929688,50.79999923706055,3.9999999999054126,12.998818493559314,constant,
1.0,1217.669,1217.682,770.0999755859375,580.4000244140625,765.0999755859375,568.2000122070312,69.30000305175781,12.999999999919964,13.184851074309163,constant,
1.0,1217.724,1217.738,766.5,565.2999877929688,768.0,572.9000244140625,79.9000015258789,14.000000000123691,7.746648090752935,constant,
1.0,1217.795,1217.805,758.5,553.4000244140625,768.7999877929688,577.5999755859375,84.4000015258789,9.999999999990905,26.300710736716592,constant,
1.0,1217.885,1217.901,769.0999755859375,570.7999877929688,767.0,567.7000122070312,70.30000305175781,16.000000000076398,3.7442951399351645,constant,
1.0,1218.172,1218.218,772.2000122070312,541.5,777.2999877929688,572.5,102.0999984741211,46.00000000004911,31.416711332938057,constant,
1.0,1218.298,1218.335,780.2000122070312,578.2000122070312,778.4000244140625,573.7999877929688,80.80000305175781,37.00000000003456,4.753963704024523,constant,
1.0,1219.039,1219.059,769.5,577.9000244140625,769.2999877929688,574.4000244140625,115.4000015258789,19.99999999998181,3.50571032502138,constant,
1.0,1219.887,1220.187,769.0999755859375,572.4000244140625,777.2999877929688,493.6000061035156,296.6000061035156,299.9999999999545,79.22552042074564,constant,
1.0,1220.305,1220.429,773.4000244140625,486.79998779296875,774.5,557.0,142.10000610351562,124.00000000002365,70.20862952769407,constant,
1.0,1220.451,1220.472,774.2000122070312,546.2999877929688,775.0999755859375,554.7000122070312,113.80000305175781,20.999999999958163,8.448097078053637,constant,
1.0,1220.548,1220.555,772.9000244140625,541.7999877929688,776.7000122070312,568.0,86.69999694824219,7.000000000061846,26.474148652511907,constant,
1.0,1220.873,1220.878,771.0999755859375,541.5,769.0,552.7999877929688,55.900001525878906,4.999999999881766,11.493459948282602,constant,
1.0,1221.397,1221.401,773.7000122070312,545.0999755859375,772.0,562.2000122070312,57.70000076293945,4.000000000132786,17.184332804819704,constant,
1.0,1221.834,1221.845,760.4000244140625,573.2999877929688,759.9000244140625,558.2999877929688,61.20000076293945,10.999999999967258,15.008331019803634,constant,
1.0,1222.304,1222.319,769.0,574.0,768.2999877929688,563.7000122070312,77.5999984741211,14.99999999987267,10.32374765408851,constant,
1.0,1222.425,1222.432,769.7000122070312,547.5,767.5999755859375,561.7999877929688,52.400001525878906,7.000000000061846,14.453366552087099,constant,
1.0,1223.165,1223.179,775.5999755859375,540.0,773.9000244140625,571.4000244140625,69.0999984741211,14.000000000123691,31.44600717405121,constant,
1.0,1223.209,1223.235,771.4000244140625,552.0999755859375,771.2000122070312,559.7999877929688,59.5,25.99999999983993,7.702609484544298,constant,
1.0,1223.86,1223.868,786.5,529.4000244140625,784.0,552.4000244140625,60.5,8.000000000038199,23.13547060251855,constant,
1.0,1224.0,1224.018,784.0999755859375,549.7000122070312,786.0999755859375,540.2999877929688,61.900001525878906,18.000000000029104,9.610434900927796,constant,
1.0,1224.307,1224.334,785.2000122070312,549.0999755859375,785.2000122070312,545.4000244140625,51.900001525878906,27.000000000043656,3.699951171875,constant,
1.0,1224.498,1224.557,774.0,553.2999877929688,772.0,542.2000122070312,83.4000015258789,58.99999999996908,11.278717037341107,constant,
1.0,1224.74,1224.744,773.9000244140625,537.7999877929688,768.0999755859375,552.4000244140625,52.099998474121094,3.9999999999054126,15.709921570329776,constant,
1.0,1224.962,1224.991,775.0,562.7999877929688,777.5,560.7000122070312,94.9000015258789,28.999999999996362,3.2649498405846216,constant,
1.0,1225.203,1225.415,792.5999755859375,517.7999877929688,794.2000122070312,545.4000244140625,127.0999984741211,211.9999999999891,27.646376592142364,constant,
1.0,1225.464,1225.515,796.9000244140625,557.7000122070312,795.2000122070312,557.9000244140625,79.5999984741211,51.00000000015825,1.711737826601017,constant,
1.0,1225.648,1225.878,798.7000122070312,557.2000122070312,874.7999877929688,898.9000244140625,349.79998779296875,230.0000000000182,350.07157072013945,constant,
1.0,1226.068,1226.489,902.4000244140625,526.7999877929688,745.9000244140625,498.79998779296875,637.0999755859375,421.0000000000491,158.98506219138955,constant,
1.0,1226.894,1227.055,721.5999755859375,527.4000244140625,727.7000122070312,589.0,155.1999969482422,161.0000000000582,61.901271707185316,constant,
1.0,1227.099,1227.266,720.9000244140625,589.5,643.5999755859375,627.2000122070312,265.8999938964844,167.0000000001437,86.0034212647428,constant,
1.0,1227.49,1227.589,644.7000122070312,639.5,679.2000122070312,625.9000244140625,208.8000030517578,98.9999999999327,37.08381501326551,constant,
1.0,1227.649,1227.986,680.0999755859375,619.5,633.4000244140625,598.7999877929688,167.89999389648438,337.00000000021646,51.082051102385776,constant,
1.0,1228.032,1228.148,638.0,599.7999877929688,557.5999755859375,609.9000244140625,123.5,115.99999999998545,81.03193608404825,constant,
1.0,1228.18,1228.195,553.7000122070312,608.0999755859375,559.0,608.7000122070312,118.5,14.99999999987267,5.333846131289444,constant,
1.0,1228.303,1229.08,563.0,559.4000244140625,713.0,474.70001220703125,130.6999969482422,776.9999999998163,172.2616964617243,constant,
1.0,1229.11,1229.129,563.0,559.4000244140625,713.0,474.70001220703125,0.0,19.000000000005457,172.2616964617243,constant,
1.0,1229.463,1229.47,604.2000122070312,565.5999755859375,579.5999755859375,575.5,60.20000076293945,7.000000000061846,26.517395896999147,constant,
1.0,1229.71,1229.719,557.4000244140625,532.9000244140625,552.5,566.5,72.9000015258789,9.000000000014552,33.955391304386474,constant,
1.0,1230.124,1230.15,564.2999877929688,552.9000244140625,454.1000061035156,575.2000122070312,123.80000305175781,26.000000000067303,112.43364896650094,constant,
1.0,1230.2,1230.212,438.70001220703125,585.7999877929688,436.0,580.0999755859375,57.5,11.999999999943611,6.307155070110693,constant,
1.0,1230.317,1230.463,441.1000061035156,562.0999755859375,466.5,551.5,123.30000305175781,145.99999999995816,27.52306618754376,constant,
1.0,1230.575,1230.615,468.6000061035156,547.0999755859375,468.29998779296875,589.0,98.5999984741211,39.99999999996362,41.901098516455356,constant,
1.0,1230.689,1230.732,464.3999938964844,549.4000244140625,467.5,558.7000122070312,88.80000305175781,42.99999999989268,9.803051096021171,constant,
1.0,1230.83,1230.875,468.5,542.0,662.0999755859375,564.2000122070312,160.39999389648438,45.00000000007276,194.86865086223574,constant,
1.0,1230.984,1231.169,656.5999755859375,552.7000122070312,768.5999755859375,532.4000244140625,149.10000610351562,185.0000000001728,113.82481936904043,constant,
1.0,1231.201,1231.302,765.9000244140625,520.2999877929688,770.5,551.0999755859375,125.0,100.9999999998854,31.14159635340239,constant,
1.0,1231.584,1231.648,758.7000122070312,530.2000122070312,1017.2000122070312,527.7999877929688,249.10000610351562,63.99999999985084,258.5111411858067,constant,
1.0,1231.698,1231.712,1014.0999755859375,538.5,1011.7999877929688,530.0999755859375,52.900001525878906,13.999999999896318,8.709210871522822,constant,
1.0,1231.95,1231.959,1002.2000122070312,534.0999755859375,1005.5,552.0,47.400001525878906,9.000000000014552,18.20167007331405,constant,
1.0,1232.261,1232.363,997.2999877929688,540.2999877929688,688.4000244140625,514.2000122070312,301.20001220703125,102.00000000008913,310.00063887204516,constant,
1.0,1232.399,1232.549,691.9000244140625,520.9000244140625,692.0,498.5,120.80000305175781,150.00000000009095,22.40024751801595,constant,
1.0,1232.619,1232.832,694.2999877929688,505.79998779296875,735.5,580.7999877929688,165.0,213.0000000001928,85.57126273381458,constant,
1.0,1232.912,1232.921,727.5999755859375,531.9000244140625,738.2999877929688,584.0,111.30000305175781,9.000000000014552,53.1873830648388,constant,
1.0,1232.968,1233.74,736.2000122070312,543.2000122070312,735.2999877929688,499.6000061035156,177.0,771.9999999999345,43.60929460760067,constant,
1.0,1233.789,1233.808,733.0,493.29998779296875,731.4000244140625,492.6000061035156,110.19999694824219,19.000000000005457,1.746395213336803,constant,
1.0,1233.896,1233.968,731.5999755859375,500.8999938964844,674.5999755859375,539.5,111.80000305175781,72.00000000011642,68.84010801263638,constant,
1.0,1234.006,1235.101,678.7000122070312,528.5,689.7000122070312,600.9000244140625,182.8000030517578,1095.0000000000273,73.23089194565942,constant,
1.0,1235.13,1235.484,689.4000244140625,594.5,700.5,615.4000244140625,166.6999969482422,353.99999999981446,23.664751816083285,constant,
1.0,1235.535,1235.555,693.0999755859375,604.7000122070312,694.2000122070312,604.2999877929688,105.5,19.99999999998181,1.1705127507179924,constant,
1.0,1235.729,1236.442,690.2999877929688,598.4000244140625,761.0999755859375,503.5,185.6999969482422,712.9999999999654,118.40039233581189,constant,
1.0,1236.471,1236.618,762.5,483.0,772.2000122070312,473.20001220703125,112.5,146.99999999993452,13.7887634528587,constant,
1.0,1236.66,1236.717,754.7000122070312,452.29998779296875,729.4000244140625,517.7999877929688,93.69999694824219,57.00000000001637,70.21637545704256,constant,
1.0,1236.761,1236.886,728.0999755859375,533.5,1010.0,548.5999755859375,186.6999969482422,125.0,282.3041498585257,constant,
1.0,1236.925,1236.952,1009.5999755859375,558.0999755859375,1011.0999755859375,549.2000122070312,75.5999984741211,27.000000000043656,9.02548326384091,constant,
1.0,1236.991,1237.008,1010.0999755859375,516.0999755859375,1010.7999877929688,552.2000122070312,84.19999694824219,17.00000000005275,36.10682291664974,constant,
1.0,1237.107,1237.219,1011.5999755859375,555.2000122070312,674.9000244140625,596.7000122070312,290.8999938964844,112.00000000008004,339.24785499564035,constant,
1.0,1237.354,1237.388,675.2999877929688,589.5999755859375,675.7999877929688,568.0,118.0,33.99999999987813,21.605761854493725,constant,
1.0,1237.443,1237.471,681.7999877929688,595.4000244140625,570.7000122070312,586.4000244140625,160.3000030517578,28.00000000002001,111.46391602306062,constant,
1.0,1237.521,1237.536,567.5,571.0,571.9000244140625,600.7000122070312,105.80000305175781,15.000000000100044,30.024172593797672,constant,
1.0,1237.562,1237.603,571.0999755859375,610.0999755859375,574.0999755859375,607.2999877929688,100.0,41.00000000016735,4.103648576666137,constant,
1.0,1237.71,1237.805,577.7999877929688,569.2999877929688,577.0,598.7999877929688,114.19999694824219,95.00000000002728,29.510845133084533,constant,
1.0,1237.832,1237.885,579.0999755859375,608.0999755859375,576.0,595.0,173.6999969482422,52.999999999883585,13.46176841969758,constant,
1.0,1237.92,1237.973,577.9000244140625,607.9000244140625,576.5,596.2000122070312,98.0999984741211,52.999999999883585,11.783478009681662,constant,
1.0,1238.0,1238.052,577.9000244140625,608.7999877929688,577.4000244140625,601.2000122070312,80.69999694824219,51.99999999990723,7.61640524833376,constant,
1.0,1238.443,1238.598,587.9000244140625,601.2999877929688,475.3999938964844,583.4000244140625,147.39999389648438,154.99999999997272,113.91516824120568,constant,
1.0,1238.638,1238.71,474.1000061035156,617.4000244140625,472.79998779296875,581.9000244140625,151.1999969482422,72.00000000011642,35.52379551241333,constant,
1.0,1238.767,1238.856,794.0999755859375,527.7000122070312,1601.800048828125,1016.2999877929688,371.5,88.99999999994179,943.9858814929457,,
1.0,1238.999,1239.273,1590.5999755859375,1016.5,1653.199951171875,629.0999755859375,480.6000061035156,273.9999999998872,392.4251977885418,,
1.0,1239.296,1239.312,821.9000244140625,417.79998779296875,814.2999877929688,466.70001220703125,118.0999984741211,15.999999999849024,49.48709876662679,constant,
1.0,1239.417,1239.45,812.2000122070312,442.8999938964844,817.7000122070312,486.1000061035156,110.9000015258789,33.00000000012915,43.54872047130259,constant,
1.0,1239.519,1239.525,808.9000244140625,500.70001220703125,789.7000122070312,500.70001220703125,48.099998474121094,6.0000000000854925,19.20001220703125,constant,
1.0,1239.923,1240.338,800.5,498.6000061035156,779.2000122070312,798.7999877929688,920.9000244140625,414.9999999999636,300.95467845894774,constant,
1.0,1240.397,1240.408,792.7000122070312,426.3999938964844,791.7999877929688,456.79998779296875,115.0,10.999999999967258,30.413314072165758,constant,
1.0,1240.519,1240.549,791.7999877929688,480.8999938964844,751.7999877929688,529.0999755859375,65.80000305175781,29.999999999972715,62.63575843608518,constant,
1.0,1240.946,1240.982,764.0999755859375,501.0,997.5999755859375,514.5,188.5,36.00000000005821,233.88993137798815,constant,
1.0,1241.147,1241.37,980.5999755859375,524.2999877929688,878.0999755859375,491.6000061035156,173.5,222.99999999995634,107.58967795513922,constant,
1.0,1241.51,1241.956,882.5999755859375,505.8999938964844,767.5999755859375,485.1000061035156,243.1999969482422,445.9999999999127,116.86590389068853,constant,
1.0,1242.02,1242.039,778.5999755859375,506.1000061035156,779.7999877929688,500.6000061035156,54.79999923706055,19.000000000005457,5.629389780164811,constant,
1.0,1242.101,1242.131,783.7999877929688,481.70001220703125,778.7999877929688,472.79998779296875,79.19999694824219,29.999999999972715,10.208351217062848,constant,
1.0,1242.17,1242.477,782.0999755859375,504.3999938964844,942.7999877929688,537.5,504.70001220703125,307.00000000001637,164.0734723451441,constant,
1.0,1242.736,1242.776,750.9000244140625,494.29998779296875,989.7000122070312,525.7000122070312,261.0,39.99999999996362,240.85554945470065,constant,
1.0,1243.189,1243.215,978.2000122070312,508.0,828.0,498.79998779296875,168.10000610351562,25.99999999983993,150.48150680931482,constant,
1.0,1243.497,1243.518,824.5999755859375,467.3999938964844,736.7999877929688,482.8999938964844,103.9000015258789,20.999999999958163,89.15765730684865,constant,
1.0,1243.899,1243.938,737.7000122070312,473.1000061035156,871.5,465.8999938964844,123.0,39.00000000021464,133.99357040238903,constant,
1.0,1244.103,1244.126,854.2999877929688,453.1000061035156,952.7999877929688,435.6000061035156,145.1999969482422,22.99999999991087,100.04249097258624,constant,
1.0,1244.495,1244.52,938.0999755859375,434.8999938964844,1009.5999755859375,525.2000122070312,131.8000030517578,25.00000000009095,115.17961324333878,constant,
1.0,1244.568,1244.68,1004.7000122070312,520.5999755859375,1005.0999755859375,558.4000244140625,93.0999984741211,112.00000000008004,37.8021647807781,constant,
1.0,1244.869,1244.911,1005.2999877929688,524.0,739.7999877929688,493.6000061035156,230.60000610351562,42.0000000001437,267.2347462979062,constant,
1.0,1245.199,1245.207,738.9000244140625,499.8999938964844,758.0999755859375,477.5,61.599998474121094,8.000000000038199,29.50250585229874,constant,
1.0,1245.54,1245.582,753.9000244140625,466.8999938964844,990.0999755859375,488.8999938964844,211.1999969482422,42.0000000001437,237.2222943435042,constant,
1.0,1245.8,1246.083,991.4000244140625,517.5999755859375,985.2999877929688,469.79998779296875,205.3000030517578,283.00000000012915,48.187646547498524,constant,
1.0,1246.139,1246.144,723.5,423.6000061035156,719.7999877929688,441.0,52.900001525878906,5.000000000109139,17.789038139536206,constant,
1.0,1246.318,1246.344,719.5999755859375,442.0,844.2000122070312,441.1000061035156,153.39999389648438,26.000000000067303,124.6032869349425,constant,
1.0,1246.419,1246.423,831.2999877929688,474.1000061035156,830.2999877929688,499.5,46.0,3.9999999999054126,25.419671318517153,constant,
1.0,1246.632,1246.654,819.9000244140625,490.79998779296875,935.4000244140625,465.0,195.89999389648438,21.999999999934516,118.34648017629141,constant,
1.0,1247.064,1247.097,933.5,440.79998779296875,818.0,497.3999938964844,125.69999694824219,32.999999999901775,128.62274562035287,constant,
1.0,1247.264,1247.284,827.7999877929688,487.5,746.5,512.4000244140625,121.69999694824219,20.000000000209184,85.02763804174367,constant,
1.0,1247.616,1247.634,755.5999755859375,505.70001220703125,821.7999877929688,578.7000122070312,146.39999389648438,18.000000000029104,98.54664690496114,constant,
1.0,1247.973,1248.007,827.4000244140625,562.2999877929688,1049.0999755859375,524.2000122070312,177.10000610351562,34.0000000001055,224.9499421855022,constant,
1.0,1248.316,1248.351,1054.5,495.70001220703125,1060.5,498.6000061035156,105.30000305175781,35.000000000081855,6.664080176562001,constant,
1.0,1248.495,1248.512,1057.800048828125,516.4000244140625,1056.699951171875,515.7000122070312,84.19999694824219,17.00000000005275,1.3039294241942332,constant,
1.0,1248.569,1248.615,1057.699951171875,516.9000244140625,790.0999755859375,510.29998779296875,171.8000030517578,46.00000000004911,267.6813542572477,constant,
1.0,1248.762,1248.766,785.0,505.70001220703125,786.0999755859375,523.5999755859375,46.599998474121094,4.000000000132786,17.933728983561767,constant,
1.0,1248.851,1248.9,788.0999755859375,518.9000244140625,448.6000061035156,478.5,190.89999389648438,48.99999999997817,341.89529281817005,constant,
1.0,1249.196,1249.258,459.20001220703125,475.5,868.0999755859375,440.8999938964844,179.10000610351562,62.00000000012551,410.36123168939116,constant,
1.0,1249.483,1249.832,862.5,462.3999938964844,1100.300048828125,403.29998779296875,369.79998779296875,349.00000000016007,245.0340260945288,constant,
1.0,1249.881,1249.929,1098.9000244140625,425.5,746.4000244140625,457.20001220703125,229.39999389648438,48.00000000000182,353.92250673548006,constant,
1.0,1250.166,1250.432,743.0999755859375,441.29998779296875,242.1999969482422,495.0,243.60000610351562,266.0000000000764,503.77026501201806,constant,
1.0,1250.68,1250.707,240.0,499.6000061035156,235.89999389648438,501.8999938964844,80.69999694824219,27.000000000043656,4.701063060273776,constant,
1.0,1250.774,1250.825,238.8000030517578,509.79998779296875,632.2999877929688,502.5,250.8000030517578,51.00000000015825,393.56769152600765,constant,
1.0,1251.058,1251.08,630.2999877929688,500.29998779296875,523.5,491.5,117.5,21.999999999934516,107.16192037162583,constant,
1.0,1251.338,1251.39,509.79998779296875,483.79998779296875,841.5,491.5,265.6000061035156,52.000000000134605,331.78937337734783,constant,
1.0,1251.79,1251.812,847.5,489.29998779296875,816.9000244140625,433.1000061035156,67.4000015258789,21.999999999934516,63.99059655726642,constant,
1.0,1252.125,1252.167,801.2000122070312,428.29998779296875,1039.0999755859375,469.20001220703125,161.1999969482422,41.99999999991633,241.39015011544245,constant,
1.0,1252.289,1252.772,1040.4000244140625,476.8999938964844,799.5999755859375,478.20001220703125,452.6000061035156,482.99999999994725,240.8035580369093,constant,
1.0,1252.965,1252.978,782.4000244140625,457.29998779296875,779.5,461.6000061035156,52.900001525878906,13.000000000147338,5.186549823649335,constant,
1.0,1253.041,1253.054,781.2999877929688,459.6000061035156,790.2000122070312,428.1000061035156,54.20000076293945,13.000000000147338,32.733170249319095,constant,
1.0,1253.403,1253.445,767.2000122070312,446.3999938964844,1058.5,521.4000244140625,197.6999969482422,41.99999999991633,300.80007889929385,constant,
1.0,1253.824,1253.841,1058.9000244140625,511.70001220703125,983.0,509.0,95.0999984741211,16.999999999825377,75.94803336475147,constant,
1.0,1254.297,1254.34,980.9000244140625,507.79998779296875,660.7000122070312,474.6000061035156,206.1999969482422,42.99999999989268,321.91658329692024,constant,
1.0,1254.566,1254.589,654.2000122070312,466.29998779296875,529.9000244140625,518.4000244140625,155.39999389648438,22.99999999991087,134.7772264933935,constant,
1.0,1255.226,1255.261,525.4000244140625,515.7999877929688,743.4000244140625,496.29998779296875,168.0,34.99999999985448,218.8703954398584,constant,
1.0,1255.488,1256.098,744.7000122070312,528.5,1443.0,463.29998779296875,717.7000122070312,609.9999999999,701.3372331079089,constant,
1.0,1256.213,1256.272,1443.0,470.1000061035156,1008.2000122070312,464.8999938964844,284.8999938964844,58.99999999996908,434.8310815842389,constant,
1.0,1256.745,1256.777,1007.0999755859375,501.3999938964844,873.2999877929688,408.6000061035156,171.60000610351562,32.000000000152795,162.83204373763087,constant,
1.0,1256.924,1256.941,857.4000244140625,446.20001220703125,858.7999877929688,439.3999938964844,48.0,17.00000000005275,6.942632532840218,constant,
1.0,1257.174,1257.191,866.0,425.20001220703125,791.2000122070312,458.29998779296875,112.0999984741211,17.00000000005275,81.79637252114505,constant,
1.0,1257.677,1257.689,777.9000244140625,447.8999938964844,797.7000122070312,472.3999938964844,54.29999923706055,12.000000000170985,31.500627241401265,constant,
1.0,1257.799,1259.051,1007.5999755859375,382.1000061035156,1251.300048828125,403.5,1040.4000244140625,1251.9999999999527,244.63786591003674,constant,
1.0,1259.084,1259.128,514.7999877929688,361.1000061035156,503.5,435.3999938964844,78.30000305175781,43.99999999986903,75.15436055317448,constant,
1.0,1259.313,1259.39,515.4000244140625,453.0,923.5,425.5,254.39999389648438,76.99999999999818,409.0254760687197,constant,
1.0,1259.552,1259.564,931.7000122070312,451.3999938964844,968.0999755859375,440.29998779296875,63.099998474121094,12.000000000170985,38.05479561742252,constant,
1.0,1262.301,1262.355,842.0,438.0,846.4000244140625,450.3999938964844,68.5999984741211,54.00000000008731,13.157509774923057,,
1.0,1262.482,1262.496,848.0,452.1000061035156,848.4000244140625,418.3999938964844,82.0999984741211,14.000000000123691,33.70238629957679,constant,
1.0,1262.519,1262.534,845.4000244140625,424.1000061035156,848.2000122070312,443.5,71.5999984741211,15.000000000100044,19.601012596914604,constant,
1.0,1263.219,1263.229,845.0999755859375,427.20001220703125,844.2000122070312,398.6000061035156,51.900001525878906,9.999999999990905,28.614162283815045,constant,
1.0,1263.401,1263.406,848.5999755859375,426.29998779296875,847.0,404.5,52.70000076293945,4.999999999881766,21.85862277567328,constant,
1.0,1263.481,1263.541,847.5999755859375,414.8999938964844,938.2000122070312,523.7000122070312,138.5,59.99999999994543,141.58322859759508,constant,
1.0,1263.746,1263.775,945.5,539.0,792.4000244140625,498.79998779296875,133.6999969482422,28.999999999996362,158.28974542231128,constant,
1.0,1263.996,1264.052,769.5999755859375,535.2999877929688,688.5,413.3999938964844,119.69999694824219,55.999999999812644,146.4131638617327,constant,
1.0,1264.541,1264.596,665.5999755859375,398.20001220703125,1037.300048828125,566.0999755859375,204.39999389648438,55.000000000063665,407.86191554358885,constant,
1.0,1264.909,1264.938,1070.0999755859375,549.5,881.9000244140625,604.2999877929688,200.5,28.999999999996362,196.015969459648,constant,
1.0,1265.009,1265.101,857.0,646.0,857.4000244140625,619.5999755859375,79.0999984741211,92.00000000009823,26.403054910273966,constant,
1.0,1265.132,1265.358,854.7000122070312,608.2999877929688,364.0,465.20001220703125,567.7999877929688,225.9999999998854,511.1400052751462,constant,
1.0,1265.413,1265.422,374.20001220703125,441.5,365.5,479.20001220703125,80.5999984741211,9.000000000014552,38.69084042525825,constant,
1.0,1265.572,1265.597,355.79998779296875,508.6000061035156,355.3999938964844,511.6000061035156,69.5,25.00000000009095,3.0265483834270275,constant,
1.0,1265.622,1265.675,351.8999938964844,515.9000244140625,830.0,400.8999938964844,263.0,52.999999999883585,491.7363346908845,constant,
1.0,1265.737,1265.768,816.4000244140625,414.70001220703125,817.5999755859375,392.1000061035156,59.599998474121094,30.99999999994907,22.631839489838818,constant,
1.0,1266.02,1266.081,818.7000122070312,385.6000061035156,1295.9000244140625,420.3999938964844,373.1000061035156,60.99999999992178,478.46723064467176,constant,
1.0,1266.124,1266.181,1291.5,440.79998779296875,1286.800048828125,431.6000061035156,75.4000015258789,57.00000000001637,10.330982726937547,constant,
1.0,1266.446,1266.456,1285.5999755859375,465.20001220703125,1286.800048828125,437.0,69.69999694824219,9.999999999990905,28.225535677172292,constant,
1.0,1266.497,1266.811,1279.300048828125,464.5,1178.0999755859375,466.29998779296875,545.7000122070312,313.99999999985084,101.21607965278517,constant,
1.0,1267.002,1267.233,691.5,324.70001220703125,633.7000122070312,367.20001220703125,80.19999694824219,230.99999999999454,71.74321284182453,constant,
1.0,1267.399,1267.564,630.0999755859375,387.1000061035156,999.5,373.3999938964844,448.1000061035156,165.000000000191,369.6539846553568,constant,
1.0,1267.673,1268.156,998.2999877929688,380.70001220703125,422.29998779296875,342.1000061035156,327.0,482.99999999994725,577.2919196309537,constant,
1.0,1268.36,1268.489,409.0,399.3999938964844,885.4000244140625,548.5,298.20001220703125,129.0000000001328,499.1871343311922,constant,
1.0,1268.568,1268.644,876.7000122070312,519.9000244140625,880.7999877929688,553.4000244140625,108.80000305175781,76.00000000002183,33.74995999709161,constant,
1.0,1268.68,1268.757,882.0,554.2000122070312,875.7999877929688,507.20001220703125,103.19999694824219,76.99999999999818,47.40717404958174,constant,
1.0,1268.939,1269.032,808.5999755859375,438.5,808.2999877929688,407.1000061035156,63.400001525878906,92.9999999998472,31.40142686845912,constant,
1.0,1269.074,1269.1,808.2999877929688,435.70001220703125,681.7999877929688,426.20001220703125,127.30000305175781,25.99999999983993,126.85621782159517,constant,
1.0,1269.333,1269.37,655.9000244140625,397.8999938964844,371.70001220703125,418.29998779296875,225.0,36.99999999980719,284.9312315093825,constant,
1.0,1269.527,1269.547,369.79998779296875,427.3999938964844,368.6000061035156,428.6000061035156,88.80000305175781,19.99999999998181,1.6970519591476236,constant,
1.0,1269.594,1269.604,368.8999938964844,426.8999938964844,371.5,409.8999938964844,51.0,9.999999999990905,17.197675184114814,constant,
1.0,1269.716,1270.128,366.6000061035156,409.0,709.5,251.39999389648438,1172.5,412.00000000003456,377.38331671927045,constant,
1.0,1270.166,1270.17,693.4000244140625,234.89999389648438,691.4000244140625,249.8000030517578,53.099998474121094,4.000000000132786,15.03363804364174,constant,
1.0,1270.52,1270.532,698.0,259.29998779296875,729.7000122070312,245.89999389648438,58.400001525878906,11.999999999943611,34.41584824396674,constant,
1.0,1270.812,1270.822,736.7999877929688,234.8000030517578,767.7999877929688,227.8000030517578,59.79999923706055,9.999999999990905,31.78049716414141,constant,
1.0,1271.092,1271.135,767.2999877929688,210.60000610351562,1051.800048828125,163.60000610351562,197.5,42.99999999989268,288.35617685253015,constant,
1.0,1271.343,1271.408,1039.300048828125,172.3000030517578,850.9000244140625,471.6000061035156,155.0,64.9999999998272,353.6595269832294,constant,
1.0,1271.674,1271.696,860.4000244140625,447.8999938964844,751.2999877929688,476.79998779296875,139.1999969482422,21.999999999934516,112.86287094496946,constant,
1.0,1271.972,1271.996,750.2000122070312,476.70001220703125,847.2000122070312,398.0,124.5,24.000000000114596,124.91073581316726,constant,
1.0,1272.354,1272.391,868.9000244140625,369.3999938964844,641.5,310.79998779296875,164.5,37.00000000003456,234.82915453335067,constant,
1.0,1272.65,1272.693,603.4000244140625,288.3999938964844,333.70001220703125,411.3999938964844,220.6999969482422,42.99999999989268,296.4238461805541,constant,
1.0,1273.149,1273.48,357.29998779296875,426.20001220703125,961.9000244140625,320.5,815.5,331.00000000013097,613.7700683992292,constant,
1.0,1273.559,1273.59,958.0999755859375,338.70001220703125,803.5,339.8999938964844,128.39999389648438,30.99999999994907,154.60463255422684,constant,
1.0,1273.854,1273.906,761.2999877929688,316.6000061035156,1139.0999755859375,463.70001220703125,245.39999389648438,51.99999999990723,405.42723462049474,constant,
1.0,1274.136,1274.243,1125.199951171875,452.70001220703125,1306.5,369.70001220703125,258.79998779296875,106.9999999999709,199.39585679015627,constant,
1.0,1274.274,1274.694,1299.0,408.5,877.5,566.2000122070312,292.1000061035156,420.00000000007276,450.0350473575339,constant,
1.0,1274.896,1275.533,865.5,573.7000122070312,953.7999877929688,545.0,175.8000030517578,636.9999999999436,92.84707073958862,constant,
1.0,1275.97,1275.995,988.5,547.0,1011.7000122070312,581.0999755859375,59.0,24.999999999863576,41.243774092193995,constant,
1.0,1276.558,1276.598,1013.7999877929688,560.7000122070312,767.2999877929688,468.70001220703125,200.3000030517578,39.99999999996362,263.1088177921827,constant,
1.0,1276.846,1276.855,726.7999877929688,455.5,724.9000244140625,478.6000061035156,50.400001525878906,9.000000000014552,23.17800989782436,constant,
1.0,1277.058,1277.076,733.0999755859375,469.20001220703125,731.7000122070312,471.20001220703125,56.099998474121094,18.000000000029104,2.4412901225128087,constant,
1.0,1277.113,1277.125,731.0999755859375,453.0,734.5,470.0,85.5999984741211,11.999999999943611,17.33667113422358,constant,
1.0,1277.303,1277.352,737.5999755859375,449.5,734.7000122070312,469.20001220703125,65.0,48.99999999997817,19.912314495210687,constant,
1.0,1277.545,1277.562,728.4000244140625,484.6000061035156,662.7000122070312,458.5,83.80000305175781,16.999999999825377,70.6944263899751,constant,
1.0,1278.008,1278.046,628.2000122070312,398.29998779296875,395.5,494.70001220703125,156.89999389648438,38.000000000010914,251.87747098179372,constant,
1.0,1278.12,1278.132,386.29998779296875,462.3999938964844,384.20001220703125,482.3999938964844,61.900001525878906,12.000000000170985,20.109945237656255,constant,
1.0,1278.254,1278.262,382.20001220703125,503.0,385.79998779296875,465.0,75.4000015258789,8.000000000038199,38.170143099277816,constant,
1.0,1278.368,1278.749,387.79998779296875,478.20001220703125,765.7999877929688,483.3999938964844,1037.0999755859375,381.0000000000855,378.03576525187486,constant,
1.0,1279.419,1279.424,736.5,503.0,745.2000122070312,530.2999877929688,53.70000076293945,4.999999999881766,28.65274063503761,constant,
1.0,1279.556,1279.579,759.2000122070312,542.5999755859375,760.2000122070312,523.9000244140625,54.29999923706055,22.99999999991087,18.726670121260458,constant,
1.0,1279.653,1279.668,755.0999755859375,539.0,756.2999877929688,536.9000244140625,57.0,14.99999999987267,2.418662183637384,constant,
1.0,1279.992,1280.489,767.2999877929688,492.1000061035156,806.2000122070312,431.70001220703125,1139.0999755859375,497.00000000007094,71.84268342782032,constant,
1.0,1280.523,1280.599,802.9000244140625,445.1000061035156,784.0,468.3999938964844,549.2999877929688,76.00000000002183,30.001672520122128,constant,
1.0,1280.918,1280.966,767.5,502.8999938964844,881.2999877929688,630.4000244140625,157.89999389648438,48.00000000000182,170.89966355631947,constant,
1.0,1281.182,1281.199,872.2999877929688,617.0999755859375,871.0,611.5999755859375,92.69999694824219,17.00000000005275,5.651545652462498,constant,
1.0,1281.226,1281.314,867.5,609.0,867.9000244140625,621.2000122070312,79.0999984741211,87.99999999996544,12.20656861626385,constant,
1.0,1281.321,1281.719,175.60000610351562,925.9000244140625,338.8999938964844,425.79998779296875,223.6999969482422,398.00000000013824,526.0864307712213,constant,
1.0,1281.746,1281.765,342.3999938964844,393.3999938964844,341.6000061035156,405.1000061035156,73.0999984741211,19.000000000005457,11.727329879967531,constant,
1.0,1282.225,1282.243,319.1000061035156,458.1000061035156,281.6000061035156,408.6000061035156,73.30000305175781,18.000000000029104,62.10072463345335,constant,
1.0,1282.765,1282.781,245.3000030517578,407.6000061035156,227.60000610351562,358.29998779296875,63.900001525878906,15.999999999849024,52.38111966527672,constant,
1.0,1283.217,1285.334,226.5,352.8999938964844,762.2000122070312,403.5,659.0,2116.999999999962,538.084439188023,constant,
1.0,1285.75,1285.91,758.2999877929688,390.8999938964844,1259.4000244140625,394.6000061035156,561.0999755859375,160.00000000008185,501.11369647216156,constant,
1.0,1285.989,1286.075,1266.0999755859375,442.3999938964844,1266.9000244140625,425.8999938964844,331.0,86.00000000001273,16.519384919765752,constant,
1.0,1286.097,1286.109,1267.4000244140625,452.1000061035156,1266.800048828125,446.1000061035156,54.79999923706055,11.999999999943611,6.029922943431454,constant,
1.0,1286.134,1286.215,1265.0999755859375,426.8999938964844,1268.5,419.0,126.4000015258789,80.9999999999036,8.600585420813598,constant,
1.0,1286.252,1286.372,1270.300048828125,447.6000061035156,847.0999755859375,601.0,553.2999877929688,120.00000000011823,450.14426589665044,constant,
1.0,1286.404,1286.416,848.2999877929688,622.0,849.0,610.5,60.099998474121094,11.999999999943611,11.521285392263866,constant,
1.0,1286.44,1286.49,851.4000244140625,616.0999755859375,852.2000122070312,571.5,87.5,49.999999999954525,44.60714968180684,constant,
1.0,1286.684,1286.689,856.2999877929688,596.5,854.2999877929688,583.0,61.79999923706055,5.000000000109139,13.647344063956181,constant,
1.0,1286.726,1286.777,852.5999755859375,603.2999877929688,853.9000244140625,588.9000244140625,66.69999694824219,50.99999999993088,14.458529395113125,constant,
1.0,1287.053,1287.076,846.7000122070312,571.7999877929688,840.7000122070312,558.4000244140625,51.20000076293945,22.99999999991087,14.681928298286591,constant,
1.0,1287.122,1287.229,842.9000244140625,558.0999755859375,715.0,424.3999938964844,112.30000305175781,106.9999999999709,185.02459660509433,constant,
1.0,1288.038,1289.24,739.5999755859375,481.29998779296875,738.0,478.79998779296875,17.700000762939453,1201.9999999999982,2.9681512555117617,constant,
1.0,1289.276,1289.346,737.7000122070312,483.6000061035156,735.5999755859375,478.29998779296875,13.5,69.99999999993634,5.700907638443812,constant,
