eye,stime,etime,sx,sy,ex,ey,pv,duration_ms,amplitude,block_type,triplet
1.0,0.284,0.322,831.9000244140625,449.6000061035156,560.5,535.7000122070312,218.3000030517578,38.000000000000036,284.73002002419616,,
1.0,0.432,0.545,563.7999877929688,551.5,700.2000122070312,722.0999755859375,1511.0,113.00000000000004,218.42462848790498,,
1.0,0.722,0.752,689.2999877929688,713.4000244140625,852.2999877929688,572.4000244140625,210.8000030517578,30.00000000000003,215.52262062252305,,
1.0,1.661,1.798,859.0,518.7999877929688,853.5999755859375,502.29998779296875,250.39999389648438,137.0,17.36117114921891,,
1.0,2.785,2.907,857.5999755859375,546.2999877929688,855.4000244140625,576.7999877929688,760.2999877929688,121.99999999999989,30.57923781193106,,
1.0,3.041,3.11,844.2000122070312,557.5,1644.9000244140625,1104.199951171875,444.5,68.99999999999994,969.5366657118598,,
1.0,3.288,3.354,1609.9000244140625,1087.4000244140625,819.0,494.5,459.6000061035156,66.00000000000028,988.460058661128,,
1.0,3.556,3.573,827.2000122070312,522.0,873.7999877929688,507.6000061035156,84.30000305175781,16.999999999999904,48.774148366001825,,
1.0,3.826,3.836,874.5999755859375,504.20001220703125,834.4000244140625,508.3999938964844,74.9000015258789,9.999999999999787,40.41875703696089,,
1.0,3.972,4.003,818.0999755859375,519.7000122070312,650.2999877929688,641.9000244140625,197.60000610351562,31.00000000000014,207.5805359052699,,
1.0,4.13,4.155,619.4000244140625,661.5999755859375,495.5,726.0,141.5,25.000000000000355,139.63731304467703,,
1.0,4.221,4.256,461.8999938964844,759.5,230.1999969482422,918.5,242.6999969482422,35.00000000000014,281.00869841664235,,
1.0,4.536,4.547,168.1999969482422,945.7000122070312,129.6999969482422,956.5999755859375,65.5,11.00000000000012,40.01323783026684,,
1.0,5.323,5.452,140.60000610351562,934.7000122070312,165.89999389648438,926.0999755859375,892.7999877929688,128.99999999999955,26.721714245319692,,
1.0,6.214,6.364,147.10000610351562,936.5999755859375,157.6999969482422,933.0999755859375,2388.199951171875,149.99999999999946,11.16287623815148,,
1.0,7.053,7.231,161.1999969482422,910.2999877929688,145.6999969482422,924.7999877929688,466.8999938964844,177.99999999999994,21.224985276791124,,
1.0,7.625,7.77,144.1999969482422,923.9000244140625,137.3000030517578,914.9000244140625,503.70001220703125,144.99999999999957,11.34063118929108,,
1.0,7.884,7.909,140.3000030517578,908.4000244140625,282.70001220703125,836.0,190.3000030517578,24.999999999999467,159.7483212512069,,
1.0,8.024,8.051,306.3999938964844,812.5999755859375,518.7000122070312,681.9000244140625,270.6000061035156,27.000000000001023,249.3065883826359,,
1.0,8.112,8.145,560.2999877929688,642.2999877929688,812.7999877929688,516.7999877929688,263.8999938964844,32.999999999999474,281.9689699239971,,
1.0,8.222,8.246,849.9000244140625,499.8999938964844,974.5,418.79998779296875,177.60000610351562,24.00000000000091,148.66864130006198,,
1.0,8.309,8.344,999.0999755859375,386.29998779296875,1254.5,252.5,213.5,35.00000000000014,288.32552645248444,,
1.0,8.469,8.504,1267.199951171875,245.1999969482422,1472.5,137.5,164.1999969482422,35.00000000000014,231.83485370297944,,
1.0,8.64,8.654,1497.0,120.0999984741211,1521.9000244140625,84.5,59.400001525878906,13.999999999999346,43.44388457744465,,
1.0,10.156,10.309,1522.300048828125,71.0999984741211,1552.800048828125,88.9000015258789,722.7999877929688,152.9999999999987,35.31416300356823,,
1.0,10.463,10.473,1555.5999755859375,98.19999694824219,1524.0,83.69999694824219,62.599998474121094,10.000000000001563,34.76792281733043,,
1.0,10.931,11.088,1501.9000244140625,82.69999694824219,1490.800048828125,59.70000076293945,760.9000244140625,157.00000000000003,25.53838840906663,,
1.0,11.243,11.254,1500.699951171875,78.0999984741211,1534.0,59.099998474121094,64.9000015258789,10.999999999999233,38.33918689742271,,
1.0,11.901,11.911,1514.0,49.70000076293945,1480.300048828125,48.0,61.400001525878906,9.999999999999787,33.74280236703457,,
1.0,12.066,12.087,1376.5,68.5,1251.199951171875,63.5,130.89999389648438,20.99999999999902,125.39976968212704,,
1.0,12.598,12.613,782.7999877929688,52.599998474121094,837.5999755859375,47.5,75.0,14.999999999998792,55.036793570715595,,
1.0,12.766,12.772,836.0,44.0,852.5,48.5,45.79999923706055,6.000000000000227,17.10263137648707,,
1.0,13.122,13.254,856.0,71.0,848.4000244140625,46.599998474121094,821.5999755859375,131.99999999999966,25.556206748454258,,
1.0,13.451,13.597,851.0999755859375,55.900001525878906,852.4000244140625,44.79999923706055,894.5999755859375,145.99999999999903,11.17587480993242,,
1.0,14.015,14.151,854.4000244140625,58.900001525878906,839.2000122070312,55.29999923706055,697.0,135.99999999999923,15.620511757730489,,
1.0,15.91,15.924,843.2000122070312,49.5,837.9000244140625,95.69999694824219,68.5999984741211,13.999999999999346,46.50300623210509,,
1.0,15.981,16.001,838.7000122070312,113.5,847.0,190.1999969482422,106.30000305175781,20.00000000000135,77.14777591884157,,
1.0,16.099,16.132,851.4000244140625,238.6999969482422,815.0,442.20001220703125,160.3000030517578,33.00000000000125,206.72981881594083,,
1.0,16.313,16.335,813.0,522.0999755859375,841.4000244140625,638.0,146.89999389648438,22.000000000002018,119.32886090925209,,
1.0,16.397,16.422,837.0999755859375,682.7000122070312,820.4000244140625,828.2000122070312,161.0,25.00000000000213,146.45524356998288,,
1.0,16.68,16.878,853.2999877929688,785.0,840.2999877929688,899.5,234.5,198.0000000000004,115.235628171152,,
1.0,17.583,17.758,830.4000244140625,854.0,837.0999755859375,844.0,936.0999755859375,175.0000000000007,12.036999032379674,,
1.0,19.964,19.983,839.7999877929688,847.2999877929688,803.0999755859375,811.0,68.5,19.000000000001904,51.61957002693768,,
1.0,20.072,20.096,778.5999755859375,781.0999755859375,700.7000122070312,691.7000122070312,124.9000015258789,24.00000000000091,118.57806604336534,,
1.0,20.155,20.185,655.0,653.5999755859375,540.4000244140625,500.20001220703125,168.5,29.999999999997584,191.48029446642087,,
1.0,20.346,20.383,407.0,401.20001220703125,318.3999938964844,219.0,121.5999984741211,36.999999999999034,202.60011236370366,,
1.0,20.568,20.592,238.60000610351562,150.0,144.3000030517578,89.4000015258789,99.4000015258789,23.999999999997357,112.09304345330717,,
1.0,20.74,20.754,118.0999984741211,55.900001525878906,174.39999389648438,55.79999923706055,87.69999694824219,14.000000000002899,56.30008423631261,,
1.0,20.912,21.069,163.1999969482422,48.599998474121094,156.5,39.20000076293945,1132.5999755859375,157.00000000000003,11.543392745491886,,
1.0,23.978,23.993,179.8000030517578,46.400001525878906,235.6999969482422,63.79999923706055,90.30000305175781,14.999999999997016,58.54544592003819,,
1.0,24.051,24.073,245.8000030517578,82.4000015258789,351.1000061035156,141.60000610351562,141.0,22.000000000002018,120.8003774194949,,
1.0,24.134,24.164,382.29998779296875,173.89999389648438,583.5999755859375,306.3999938964844,239.6999969482422,30.000000000001137,240.99364117222962,,
1.0,24.238,24.277,665.4000244140625,383.3999938964844,975.7000122070312,594.2000122070312,279.6000061035156,39.00000000000148,375.1302842267516,,
1.0,24.436,24.478,1097.0999755859375,670.7999877929688,1443.5999755859375,713.2000122070312,242.3000030517578,42.00000000000159,349.08453427545754,,
1.0,24.649,24.671,1459.5999755859375,737.5,1496.800048828125,828.2000122070312,129.60000610351562,21.999999999998465,98.03232968556716,,
1.0,24.828,25.053,1482.0,839.0,1500.5,812.7999877929688,590.2999877929688,225.00000000000142,32.07320750484096,,
1.0,25.429,25.602,1495.9000244140625,836.2000122070312,1490.9000244140625,847.2000122070312,778.2999877929688,173.00000000000182,12.083045973594572,,
1.0,25.996,26.161,1502.9000244140625,859.9000244140625,1491.199951171875,845.7999877929688,541.7000122070312,165.0000000000027,18.322192734188143,,
1.0,26.701,26.891,1500.199951171875,840.7999877929688,1509.0,841.0,226.10000610351562,189.99999999999773,8.802321526753365,,
1.0,28.032,28.039,1464.199951171875,834.9000244140625,1439.699951171875,836.4000244140625,56.400001525878906,7.0000000000014495,24.545875417267155,,
1.0,28.201,28.24,1319.5,789.9000244140625,998.7000122070312,726.5,214.1999969482422,38.999999999997925,327.00488568777166,,
1.0,28.392,28.436,766.0,691.5999755859375,425.79998779296875,557.7000122070312,184.3000030517578,44.00000000000048,365.6025827295762,,
1.0,28.865,29.068,99.30000305175781,486.29998779296875,94.30000305175781,477.70001220703125,1389.300048828125,203.00000000000296,9.947842986231791,,
1.0,29.204,29.21,96.69999694824219,480.20001220703125,111.4000015258789,476.8999938964844,41.29999923706055,6.000000000000227,15.065863912583477,,
1.0,29.52,29.682,116.69999694824219,473.6000061035156,120.19999694824219,477.29998779296875,1453.9000244140625,161.99999999999903,5.093119329280279,,
1.0,30.32,30.457,126.80000305175781,468.5,126.30000305175781,468.3999938964844,1283.800048828125,137.00000000000045,0.509903148392298,,
1.0,32.078,32.091,172.60000610351562,473.0,227.1999969482422,475.5,88.0,12.999999999998124,54.6571953199597,,
1.0,32.227,32.264,316.20001220703125,467.29998779296875,609.4000244140625,460.79998779296875,216.39999389648438,37.00000000000614,293.2720531489546,,
1.0,32.407,32.435,755.2999877929688,460.0,1000.4000244140625,445.3999938964844,225.60000610351562,28.000000000005798,245.53449478613834,,
1.0,32.496,32.527,1093.0999755859375,445.0,1330.5999755859375,445.70001220703125,200.89999389648438,30.999999999998806,237.50103161268584,,
1.0,32.797,32.809,1440.300048828125,441.1000061035156,1482.0999755859375,442.20001220703125,67.80000305175781,12.000000000000455,41.81439812297029,,
1.0,32.991,33.149,1480.9000244140625,450.20001220703125,1515.9000244140625,408.5,1054.0999755859375,158.00000000000125,54.44162945822393,,
1.0,33.279,33.285,1507.5999755859375,436.20001220703125,1490.300048828125,440.70001220703125,47.20000076293945,5.999999999993122,17.875610921746897,,
1.0,34.582,34.647,1477.699951171875,437.29998779296875,1486.300048828125,389.70001220703125,345.79998779296875,64.99999999999773,48.37064559708587,,
1.0,36.012,36.159,842.0,509.79998779296875,838.5,537.2000122070312,122.9000015258789,146.99999999999847,27.622659862714542,,
1.0,36.533,36.653,840.0999755859375,542.2000122070312,838.9000244140625,531.5,603.0999755859375,119.99999999999744,10.76708614461229,,
1.0,37.221,37.348,844.0,556.0,842.0999755859375,545.2000122070312,597.9000244140625,127.00000000000244,10.96584830746384,,
1.0,37.664,37.695,841.4000244140625,544.2999877929688,739.5,399.29998779296875,137.10000610351562,30.999999999998806,177.2247583595095,,
1.0,37.94,37.964,711.4000244140625,365.0,861.9000244140625,394.8999938964844,175.39999389648438,24.00000000000091,153.44138827255767,,
1.0,38.21,38.232,860.5,404.8999938964844,747.0,442.0,113.4000015258789,21.999999999998465,119.40963299868606,,
1.0,38.405,38.453,733.4000244140625,451.79998779296875,411.1000061035156,636.9000244140625,246.6999969482422,48.00000000000182,371.6709907433039,,
1.0,38.529,38.554,403.6000061035156,646.2000122070312,267.0,607.2000122070312,135.5,24.99999999999858,142.05830376109841,,
1.0,38.735,38.785,244.3000030517578,558.4000244140625,740.2999877929688,730.5999755859375,301.70001220703125,49.99999999999716,525.0417202917095,,
1.0,38.875,38.936,713.0999755859375,726.5999755859375,1396.199951171875,650.7999877929688,336.0,60.99999999999994,687.2926704068091,,
1.0,39.092,39.117,1351.800048828125,664.5,1443.5999755859375,591.0999755859375,125.0,24.99999999999858,117.53633538920937,,
1.0,39.284,39.307,1467.9000244140625,537.7000122070312,1427.800048828125,461.6000061035156,81.9000015258789,23.00000000000324,86.01871291148164,,
1.0,39.406,39.438,1418.4000244140625,433.6000061035156,1396.199951171875,278.79998779296875,111.0,32.00000000000358,156.38378726998567,,
1.0,39.558,39.622,1390.800048828125,257.3999938964844,477.70001220703125,213.1999969482422,405.70001220703125,64.00000000000006,914.1691947378599,,
1.0,39.894,39.932,516.7999877929688,226.10000610351562,803.5,338.20001220703125,215.10000610351562,38.00000000000381,307.83649615976356,,
1.0,40.164,40.215,790.7999877929688,346.1000061035156,910.4000244140625,702.7000122070312,184.5,51.00000000000193,376.12196574089415,,
1.0,40.404,40.458,899.2999877929688,706.0999755859375,1448.0,664.9000244140625,287.1000061035156,53.99999999999494,550.2446177588301,,
1.0,40.658,40.719,1425.4000244140625,687.9000244140625,987.7000122070312,498.29998779296875,221.39999389648438,60.99999999999994,477.000497455459,,
1.0,40.939,41.003,989.7999877929688,521.4000244140625,1568.9000244140625,910.5999755859375,305.6000061035156,64.00000000000006,697.7345157054666,,
1.0,41.251,41.328,1527.9000244140625,911.9000244140625,674.2000122070312,388.3999938964844,392.0,77.00000000000529,1001.4269782636129,,
1.0,41.504,41.548,699.5999755859375,412.29998779296875,420.1000061035156,274.6000061035156,174.10000610351562,44.000000000004036,311.57907166231576,,
1.0,41.818,42.116,699.5999755859375,412.29998779296875,420.1000061035156,274.6000061035156,0.0,298.0000000000018,311.57907166231576,,
1.0,42.252,43.001,699.5999755859375,412.29998779296875,420.1000061035156,274.6000061035156,0.0,748.9999999999952,311.57907166231576,,
1.0,43.113,43.135,1343.5999755859375,593.0999755859375,1252.699951171875,596.2000122070312,99.0,21.999999999998465,90.95287057333199,,
1.0,43.282,43.339,1226.5999755859375,607.9000244140625,715.0999755859375,317.79998779296875,293.0,57.00000000000216,588.0393534854278,,
1.0,43.541,43.67,730.5,336.0,780.2000122070312,384.20001220703125,156.60000610351562,129.0000000000049,69.23389625130899,,
1.0,43.742,43.765,781.2000122070312,387.70001220703125,886.2000122070312,411.70001220703125,143.10000610351562,23.00000000000324,107.70793842609746,,
1.0,44.038,44.06,881.9000244140625,433.5,841.7999877929688,522.0,101.69999694824219,22.00000000000557,97.16101552069668,,
1.0,44.528,44.646,835.0,552.9000244140625,840.9000244140625,531.4000244140625,302.1000061035156,118.0000000000021,22.294848913740896,,
1.0,44.863,44.946,836.4000244140625,532.4000244140625,810.2000122070312,445.3999938964844,153.10000610351562,82.99999999999841,90.85948464364142,,
1.0,44.991,45.021,805.0,429.20001220703125,635.5999755859375,396.3999938964844,150.6999969482422,30.000000000001137,172.54625314001223,,
1.0,45.163,45.32,702.2999877929688,396.5,692.7999877929688,458.0,129.3000030517578,157.00000000000358,62.22941426688829,,
1.0,45.496,45.518,691.0999755859375,452.8999938964844,686.2999877929688,550.2000122070312,115.9000015258789,21.999999999998465,97.4183424517447,,
1.0,45.655,45.663,681.5999755859375,575.2999877929688,657.4000244140625,579.0999755859375,53.70000076293945,7.999999999995566,24.49648023590013,,
1.0,45.742,45.768,641.2999877929688,581.9000244140625,717.2999877929688,472.6000061035156,124.30000305175781,26.000000000003354,133.12585775380333,,
1.0,45.885,45.901,712.7000122070312,448.20001220703125,670.9000244140625,433.29998779296875,60.400001525878906,16.000000000005343,44.376229076297086,,
1.0,46.223,46.237,650.5,423.0,704.4000244140625,424.8999938964844,91.19999694824219,14.000000000002899,53.93350172799103,,
1.0,46.425,46.437,705.0999755859375,435.6000061035156,671.7999877929688,430.6000061035156,57.79999923706055,12.000000000000455,33.673271106500295,,
1.0,46.76,46.784,670.0,437.20001220703125,655.5,557.9000244140625,127.0999984741211,24.00000000000091,121.56785326219055,,
1.0,46.988,47.006,650.7000122070312,587.2000122070312,709.0,580.0999755859375,83.9000015258789,18.000000000000682,58.73073383400873,,
1.0,47.177,47.201,722.0999755859375,576.5,669.7000122070312,469.79998779296875,102.30000305175781,24.00000000000091,118.87240540634876,,
1.0,47.293,47.339,653.7000122070312,434.79998779296875,212.60000610351562,466.8999938964844,278.70001220703125,45.999999999999375,442.2664646752761,,
1.0,47.463,47.529,219.60000610351562,467.1000061035156,1283.699951171875,351.0,478.5,66.0000000000025,1070.4148282379695,,
1.0,47.688,47.71,1231.4000244140625,361.8999938964844,1123.5999755859375,372.29998779296875,117.4000015258789,21.999999999998465,108.30055586373066,,
1.0,47.799,47.848,1109.199951171875,375.5,630.7000122070312,432.8999938964844,258.20001220703125,48.99999999999949,481.930441960949,,
1.0,48.076,48.1,647.2999877929688,436.70001220703125,723.2000122070312,374.1000061035156,108.30000305175781,24.00000000000091,98.38482845548636,,
1.0,48.416,48.446,725.4000244140625,352.20001220703125,848.4000244140625,479.6000061035156,151.60000610351562,30.000000000001137,177.0868669462088,,
1.0,48.509,48.672,850.7999877929688,531.7999877929688,840.5,520.5,822.2000122070312,162.9999999999967,15.289848679975483,,
1.0,48.848,48.855,836.7999877929688,525.2999877929688,854.2000122070312,533.0,45.900001525878906,6.999999999997897,19.027638781477886,,
1.0,49.077,49.217,853.2999877929688,545.5999755859375,860.2999877929688,540.2999877929688,861.9000244140625,140.00000000000057,8.780083747073132,,
1.0,49.449,49.468,863.5999755859375,538.9000244140625,814.0,614.0999755859375,104.80000305175781,19.000000000005457,90.08435066302016,,
1.0,49.547,49.712,800.0999755859375,639.0,800.0999755859375,637.7999877929688,426.1000061035156,165.00000000000625,1.20001220703125,,
1.0,49.835,49.868,789.2999877929688,632.5999755859375,1027.5999755859375,666.0,187.60000610351562,33.00000000000125,240.62927048260156,,
1.0,50.037,50.048,1024.199951171875,671.2000122070312,995.2000122070312,692.0,63.29999923706055,11.000000000002785,35.688036541007854,,
1.0,50.186,50.19,978.9000244140625,698.2999877929688,969.2000122070312,702.0999755859375,37.5,3.999999999997783,10.417780187893522,,
1.0,50.288,50.32,967.7000122070312,711.2000122070312,876.0999755859375,539.0,155.10000610351562,32.00000000000358,195.04720175661947,,
1.0,50.611,51.159,967.7000122070312,711.2000122070312,876.0999755859375,539.0,0.0,548.0000000000018,195.04720175661947,,
1.0,51.332,51.434,836.5999755859375,541.2999877929688,838.2999877929688,530.0,644.4000244140625,101.99999999999676,11.42715037204368,,
1.0,51.601,51.606,832.2000122070312,531.5999755859375,844.4000244140625,541.5999755859375,47.70000076293945,5.000000000002558,15.774672670192288,,
1.0,51.726,51.844,843.0999755859375,554.5,830.4000244140625,524.5,385.1000061035156,118.0000000000021,32.57742715083573,,
1.0,52.002,52.007,829.7000122070312,529.2999877929688,840.0999755859375,537.0999755859375,37.900001525878906,4.9999999999954525,12.999963378911982,active,
1.0,52.735,52.861,832.2000122070312,544.7000122070312,845.2000122070312,536.5,585.4000244140625,125.99999999999767,15.370107357967983,active,
1.0,52.962,53.004,842.7999877929688,533.4000244140625,577.9000244140625,413.70001220703125,177.39999389648438,41.999999999994486,290.68898073458047,active,
1.0,53.053,53.09,571.5,408.79998779296875,885.5999755859375,513.5,260.1000061035156,37.00000000000614,331.0904517186188,active,
1.0,53.257,53.27,862.5999755859375,511.8999938964844,850.9000244140625,561.0999755859375,87.5999984741211,13.00000000000523,50.57199873118307,active,
1.0,53.378,53.429,847.5,560.7999877929688,1236.5999755859375,611.5999755859375,204.6999969482422,51.00000000000193,392.4021276200512,active,
1.0,53.564,53.597,1224.5999755859375,599.4000244140625,1080.800048828125,462.1000061035156,138.89999389648438,33.00000000000125,198.82080867864096,active,
1.0,53.751,53.808,1052.5,448.0,382.29998779296875,334.5,322.20001220703125,57.00000000000216,679.7428236931265,active,
1.0,54.041,54.076,408.20001220703125,347.29998779296875,295.79998779296875,197.0,113.4000015258789,35.000000000003695,187.68018493929614,active,
1.0,54.284,54.327,290.1000061035156,175.10000610351562,684.9000244140625,166.89999389648438,265.5,42.99999999999926,394.88516641956,active,
1.0,54.384,54.44,668.0999755859375,173.5,1288.199951171875,238.5,316.1000061035156,55.999999999997385,623.4973774777889,active,
1.0,54.553,54.604,1249.800048828125,238.10000610351562,1312.300048828125,682.2999877929688,243.89999389648438,51.00000000000193,448.5753824419152,active,
1.0,54.885,54.921,1315.0,687.4000244140625,1034.5999755859375,723.7000122070312,207.0,36.000000000001364,282.7399207844137,active,
1.0,55.067,55.118,1032.5999755859375,728.5,409.6000061035156,769.0999755859375,342.8999938964844,51.00000000000193,624.3214876909791,active,
1.0,55.317,55.377,422.20001220703125,782.0,988.4000244140625,491.20001220703125,296.8999938964844,60.000000000002274,636.5116548215226,active,
1.0,55.598,55.623,959.7999877929688,501.8999938964844,846.7999877929688,495.79998779296875,106.0,24.99999999999858,113.16452657287498,active,
1.0,55.794,55.833,828.7999877929688,502.3999938964844,547.2999877929688,484.8999938964844,189.60000610351562,39.00000000000148,282.0434363710668,active,
1.0,55.926,55.973,542.7000122070312,489.20001220703125,1052.0999755859375,497.6000061035156,315.3999938964844,46.999999999997044,509.4692165262706,active,
1.0,56.184,56.213,1018.2000122070312,505.0,933.5,370.6000061035156,121.5,29.000000000003467,158.86299262964386,active,
1.0,56.473,56.497,909.5999755859375,351.6000061035156,848.5,436.5,117.69999694824219,24.00000000000091,104.60026759155659,active,
1.0,56.658,56.67,845.5999755859375,469.20001220703125,838.9000244140625,513.4000244140625,74.9000015258789,12.000000000000455,44.70492618053653,active,
1.0,56.932,57.022,845.0999755859375,526.4000244140625,840.9000244140625,503.20001220703125,441.5,89.9999999999963,23.57711085465166,active,
1.0,57.285,57.443,846.9000244140625,537.4000244140625,846.2999877929688,520.9000244140625,794.0,158.00000000000125,16.510906817817535,active,
1.0,57.565,57.585,849.7999877929688,528.5999755859375,817.2999877929688,473.8999938964844,73.30000305175781,20.000000000003126,63.626551036705635,active,
1.0,58.169,58.186,825.2000122070312,477.79998779296875,871.2000122070312,496.5,57.5,17.000000000003013,49.655719273243015,active,
1.0,58.319,58.37,881.2999877929688,500.79998779296875,320.8999938964844,496.79998779296875,297.3999938964844,50.99999999999483,560.4142692323062,active,
1.0,58.54,58.588,330.3999938964844,504.20001220703125,849.0999755859375,458.20001220703125,306.29998779296875,48.00000000000182,520.7357016804581,active,
1.0,58.808,58.871,820.4000244140625,461.1000061035156,1318.800048828125,827.0,248.1999969482422,63.00000000000239,618.2923174918037,active,
1.0,59.035,59.071,1294.199951171875,823.9000244140625,1012.0,815.0999755859375,198.10000610351562,36.000000000001364,282.3371270321812,active,
1.0,59.23,59.276,1006.0,823.9000244140625,800.5,456.6000061035156,231.10000610351562,46.00000000000648,420.87949991764634,active,
1.0,59.598,59.616,793.0999755859375,457.5,849.2000122070312,500.1000061035156,101.0999984741211,18.000000000000682,70.44128497484716,active,
1.0,59.684,59.967,858.5,408.3999938964844,845.0999755859375,452.3999938964844,393.29998779296875,283.00000000000125,45.995224255323194,active,
1.0,60.124,60.143,817.7000122070312,444.70001220703125,863.7999877929688,509.5,120.5,18.99999999999835,79.52512915420466,active,
1.0,60.361,60.492,858.5999755859375,536.0,858.5,493.29998779296875,891.2999877929688,131.00000000000023,42.700129245687314,active,
1.0,60.753,60.786,868.0,501.8999938964844,714.0999755859375,611.0,138.8000030517578,33.00000000000125,188.6478964802846,active,
1.0,60.87,61.037,835.4000244140625,493.20001220703125,830.0999755859375,532.0,139.89999389648438,167.0000000000016,39.160306054920376,active,
1.0,61.206,61.25,815.0,532.5,1213.0,570.9000244140625,251.60000610351562,43.99999999999693,399.8481735296544,active,
1.0,61.491,61.514,1189.5999755859375,570.9000244140625,1240.300048828125,651.4000244140625,109.19999694824219,23.00000000000324,95.13541625894732,active,
1.0,61.673,61.719,1245.699951171875,673.7999877929688,797.2000122070312,780.7999877929688,272.6000061035156,45.999999999999375,461.0869714614246,active,
1.0,61.909,61.957,799.2999877929688,794.0999755859375,910.0,384.6000061035156,257.6000061035156,48.00000000000182,424.19891290377126,active,
1.0,62.343,62.381,902.4000244140625,401.20001220703125,636.0999755859375,395.6000061035156,196.5,37.9999999999967,266.3589233989002,active,
1.0,62.713,62.746,624.7000122070312,399.5,843.7999877929688,494.5,193.39999389648438,33.00000000000125,238.8091273418133,active,
1.0,62.872,63.005,841.0999755859375,525.0,843.9000244140625,531.7000122070312,478.6000061035156,133.00000000000267,7.2615726267973075,active,
1.0,63.805,63.821,847.0999755859375,522.5,822.7000122070312,570.7999877929688,64.9000015258789,15.999999999998238,54.113279642735534,active,
1.0,63.954,63.978,828.4000244140625,585.4000244140625,937.4000244140625,635.7000122070312,125.9000015258789,24.00000000000091,120.046194325238,active,
1.0,64.094,64.275,774.7000122070312,554.9000244140625,762.4000244140625,626.9000244140625,344.8999938964844,181.0000000000116,73.04306743084645,active,
1.0,64.385,64.518,761.9000244140625,639.2000122070312,1127.0,617.2000122070312,610.4000244140625,132.99999999999557,365.76220714126845,active,
1.0,64.763,64.79,1118.800048828125,606.5999755859375,1283.199951171875,595.5999755859375,140.89999389648438,27.000000000001023,164.76749646284773,active,
1.0,64.966,65.005,1303.5999755859375,596.4000244140625,1056.199951171875,547.0999755859375,152.5,39.00000000000148,252.26427986247722,active,
1.0,65.094,65.154,1054.300048828125,547.5999755859375,380.3999938964844,394.79998779296875,306.1000061035156,60.000000000002274,691.0058757394178,active,
1.0,65.412,65.463,392.3999938964844,396.3999938964844,929.9000244140625,358.29998779296875,293.79998779296875,50.99999999998772,538.8486738143515,active,
1.0,65.739,65.775,897.5999755859375,370.8999938964844,1071.5999755859375,440.0,142.6999969482422,36.000000000001364,187.2186177801393,active,
1.0,65.877,65.901,1062.800048828125,447.8999938964844,1152.0999755859375,536.5999755859375,159.39999389648438,24.00000000000091,125.86565723286077,active,
1.0,66.153,66.162,1166.5,573.2999877929688,1179.5999755859375,597.4000244140625,53.599998474121094,9.000000000000341,27.430295760166686,active,
1.0,66.441,66.491,1186.199951171875,618.7000122070312,762.5,397.20001220703125,254.10000610351562,49.99999999999716,478.10448504803765,active,
1.0,66.737,66.855,792.7000122070312,351.70001220703125,815.2999877929688,380.29998779296875,325.1000061035156,118.00000000000921,36.45157746931115,active,
1.0,67.132,67.156,820.0,390.1000061035156,925.9000244140625,420.29998779296875,112.69999694824219,24.00000000000091,110.12199628113513,active,
1.0,67.353,67.585,660.5,451.5,652.4000244140625,484.0,496.1000061035156,231.99999999999932,33.49417269455664,active,
1.0,67.712,67.746,639.4000244140625,471.29998779296875,863.9000244140625,525.7000122070312,178.89999389648438,33.999999999991815,230.99699707193295,active,
1.0,67.818,67.888,863.7999877929688,533.2999877929688,78.0999984741211,284.79998779296875,315.5,70.00000000000739,824.0611161895927,active,
1.0,68.098,68.145,77.5999984741211,292.70001220703125,594.0999755859375,273.70001220703125,323.70001220703125,46.999999999997044,516.8493265512753,active,
1.0,68.259,68.303,560.0,285.0,988.0999755859375,339.29998779296875,286.5,43.99999999999693,431.52992685443826,active,
1.0,68.526,68.549,964.5,341.0,854.2999877929688,367.6000061035156,101.0999984741211,23.000000000010346,113.36491086370997,active,
1.0,68.661,68.708,842.0,381.3999938964844,492.6000061035156,719.2000122070312,297.29998779296875,46.999999999997044,485.99301240395334,active,
1.0,68.873,68.881,507.20001220703125,726.7999877929688,524.0999755859375,751.4000244140625,61.79999923706055,7.999999999995566,29.84577966761006,active,
1.0,69.151,69.208,517.9000244140625,758.9000244140625,989.0999755859375,326.0,317.79998779296875,57.00000000000216,639.8685998875654,active,
1.0,69.412,69.436,966.0,319.29998779296875,1113.0,319.3999938964844,162.39999389648438,24.00000000000091,147.00003401775368,active,
1.0,69.697,69.792,1138.9000244140625,333.29998779296875,1132.5,303.5,653.7999877929688,94.99999999999886,30.479494499772837,active,
1.0,69.939,69.968,1133.699951171875,333.6000061035156,955.7999877929688,348.1000061035156,156.1999969482422,29.000000000010573,178.48990719426178,active,
1.0,70.162,70.168,954.0999755859375,354.79998779296875,966.2000122070312,364.20001220703125,42.29999923706055,6.000000000000227,15.322250005034538,active,
1.0,70.512,70.728,962.5,388.8999938964844,899.4000244140625,412.29998779296875,208.10000610351562,215.99999999999397,67.2990834506787,active,
1.0,71.265,71.298,858.9000244140625,408.79998779296875,803.0999755859375,578.9000244140625,132.39999389648438,33.00000000000125,179.0186244716414,active,
1.0,71.383,71.528,804.0,628.9000244140625,805.2999877929688,602.5999755859375,345.20001220703125,145.00000000001023,26.33215784214478,active,
1.0,71.595,71.642,797.7999877929688,609.0,1278.199951171875,587.4000244140625,293.20001220703125,46.999999999997044,480.8853124808113,active,
1.0,71.887,71.92,1248.800048828125,588.2999877929688,1032.5999755859375,573.4000244140625,150.39999389648438,33.00000000000125,216.7128989668589,active,
1.0,72.075,72.13,1023.5,580.7999877929688,402.5,692.0999755859375,313.20001220703125,54.99999999999261,630.8951476138607,active,
1.0,72.361,72.405,412.6000061035156,707.5,859.9000244140625,719.7999877929688,294.6000061035156,43.99999999999693,447.46910069894517,active,
1.0,72.592,72.703,825.2000122070312,736.5,831.4000244140625,404.29998779296875,616.5,111.0000000000042,332.2578641081638,active,
1.0,72.901,72.935,826.2000122070312,409.1000061035156,954.5,319.20001220703125,108.5,34.000000000006025,156.661724011527,active,
1.0,73.316,73.531,957.4000244140625,333.1000061035156,857.2999877929688,505.3999938964844,624.2000122070312,215.0000000000034,199.2669142758062,active,
1.0,73.688,73.695,848.2999877929688,501.79998779296875,855.7000122070312,522.2000122070312,50.29999923706055,6.999999999990791,21.700722509240727,active,
1.0,73.967,74.103,857.0,538.7999877929688,861.7999877929688,513.5999755859375,697.2999877929688,135.99999999999568,25.653079699076542,active,
1.0,74.339,74.362,857.2999877929688,513.7999877929688,749.0999755859375,537.7000122070312,119.0,22.999999999996135,110.808184754532,active,
1.0,74.547,74.585,724.2999877929688,539.4000244140625,1059.199951171875,584.5999755859375,233.0,37.9999999999967,337.9364157014343,active,
1.0,75.091,75.211,1070.4000244140625,608.7999877929688,664.4000244140625,542.5,240.39999389648438,120.00000000000455,411.37779276639105,active,
1.0,75.376,75.399,676.0999755859375,553.9000244140625,789.4000244140625,553.4000244140625,120.5999984741211,22.999999999996135,113.3011520879444,active,
1.0,75.613,75.625,807.4000244140625,549.0,851.7999877929688,543.5,75.69999694824219,12.000000000000455,44.73931993278637,active,
1.0,75.94,75.956,861.0999755859375,527.4000244140625,845.7999877929688,485.20001220703125,59.0,16.000000000005343,44.88797897810258,active,
1.0,76.291,76.308,840.5999755859375,470.70001220703125,860.2000122070312,437.8999938964844,45.0,17.000000000010118,38.20998085213373,active,
1.0,76.786,77.036,860.2999877929688,402.79998779296875,859.7999877929688,458.29998779296875,114.0999984741211,250.0,55.502252206554644,active,
1.0,77.377,77.505,832.0999755859375,449.8999938964844,833.9000244140625,471.29998779296875,385.70001220703125,128.0000000000001,21.475565523478135,active,
1.0,77.623,77.938,658.0,367.79998779296875,652.7999877929688,433.1000061035156,128.5,314.9999999999977,65.50673643459145,active,
1.0,78.096,78.217,641.2999877929688,466.5,681.0999755859375,514.2999877929688,634.7000122070312,120.99999999999511,62.20030435077005,active,
1.0,78.511,78.535,671.0999755859375,527.5999755859375,772.2999877929688,524.9000244140625,100.80000305175781,24.00000000000091,101.23602227978824,active,
1.0,78.687,78.696,794.0,522.0,805.5,497.8999938964844,54.20000076293945,9.000000000000341,26.70318883934071,active,
1.0,78.796,78.911,711.4000244140625,459.8999938964844,717.0999755859375,470.6000061035156,454.8999938964844,114.99999999999488,12.12351865558745,active,
1.0,79.076,79.111,724.7000122070312,480.0,485.8999938964844,472.70001220703125,183.0,35.0000000000108,238.91157060070367,active,
1.0,79.262,79.305,472.1000061035156,472.0,886.2000122070312,451.70001220703125,260.8999938964844,43.00000000000637,414.5972799709694,active,
1.0,79.397,79.446,867.0,449.5,1349.9000244140625,433.79998779296875,277.79998779296875,48.99999999999238,483.1551758621686,active,
1.0,79.732,79.741,1316.699951171875,438.8999938964844,1313.5,411.29998779296875,56.599998474121094,9.000000000000341,27.78488841828385,active,
1.0,79.955,80.007,1309.300048828125,398.1000061035156,766.9000244140625,510.79998779296875,292.1000061035156,52.00000000000671,553.9847221333623,active,
1.0,80.196,80.224,771.5999755859375,525.4000244140625,619.2000122070312,503.0,138.8000030517578,28.000000000005798,154.0373653749069,active,
1.0,80.436,80.477,583.7999877929688,481.6000061035156,816.5,648.5,181.0,40.99999999999682,286.3649832709981,active,
1.0,80.6,80.641,797.2999877929688,643.9000244140625,667.0,419.1000061035156,173.1999969482422,41.00000000001103,259.8328983236534,active,
1.0,81.058,81.241,803.5,476.5,815.7999877929688,454.3999938964844,393.29998779296875,182.99999999999272,25.292290712440582,active,
1.0,81.376,81.386,801.4000244140625,481.29998779296875,840.7999877929688,500.20001220703125,81.5,9.999999999990905,43.69860452132667,active,
1.0,81.893,81.901,845.7000122070312,513.4000244140625,817.7999877929688,517.7999877929688,61.20000076293945,7.999999999995566,28.244840945578,active,
1.0,81.954,81.987,819.7999877929688,510.8999938964844,828.2999877929688,332.79998779296875,134.5,33.00000000000125,178.30272621043207,active,
1.0,82.651,82.695,831.2999877929688,297.6000061035156,1077.4000244140625,460.79998779296875,166.8000030517578,43.99999999999693,295.29555033617004,active,
1.0,82.84,82.853,1075.800048828125,465.20001220703125,1098.199951171875,509.70001220703125,87.4000015258789,12.999999999991019,49.81973128198843,active,
1.0,83.021,83.06,1102.0999755859375,527.4000244140625,824.2000122070312,417.0,207.89999389648438,39.00000000000148,299.02601063556835,active,
1.0,83.227,83.243,808.4000244140625,410.6000061035156,802.2999877929688,367.1000061035156,109.5999984741211,15.999999999991132,43.92562403402694,active,
1.0,83.44,83.553,798.4000244140625,351.1000061035156,828.7000122070312,302.6000061035156,489.8999938964844,112.99999999999955,57.186880140938406,active,
1.0,83.952,84.108,819.2000122070312,309.6000061035156,850.0,433.6000061035156,570.2000122070312,156.0000000000059,127.7679116525234,active,
1.0,84.728,84.757,839.4000244140625,438.5,710.0,349.1000061035156,115.69999694824219,29.000000000010573,157.27913156884932,active,
1.0,84.828,84.977,665.0999755859375,353.20001220703125,640.0,338.70001220703125,284.29998779296875,149.0000000000009,28.987217431389624,active,
1.0,85.275,85.284,628.0,344.8999938964844,659.2999877929688,343.6000061035156,62.70000076293945,9.000000000000341,31.326972469452908,active,
1.0,85.486,85.5,661.7000122070312,341.20001220703125,613.7000122070312,354.70001220703125,75.0,13.999999999995794,49.86231041578399,active,
1.0,85.73,85.773,602.7999877929688,363.3999938964844,972.4000244140625,448.79998779296875,231.3000030517578,42.999999999992156,379.3380366214722,active,
1.0,85.918,85.96,961.7000122070312,456.5,1213.0,559.5,190.8000030517578,41.99999999998738,271.5891821570702,active,
1.0,86.136,86.205,1202.5999755859375,565.5,782.0999755859375,317.3999938964844,234.0,69.00000000000261,488.2354585940727,active,
1.0,86.356,86.378,791.9000244140625,325.0,684.5,330.8999938964844,131.6999969482422,22.00000000000557,107.561959688915,active,
1.0,86.779,86.952,656.5999755859375,338.29998779296875,814.9000244140625,470.20001220703125,560.4000244140625,173.00000000000182,206.04980441489636,active,
1.0,87.125,87.137,812.9000244140625,465.1000061035156,838.5,497.5,72.0,12.000000000000455,41.2930787722691,active,
1.0,87.361,87.468,832.7999877929688,517.0,817.7000122070312,368.79998779296875,331.1000061035156,106.99999999999932,148.96728795564522,active,
1.0,87.745,87.785,805.9000244140625,359.79998779296875,1015.7999877929688,502.8999938964844,153.5,39.99999999999204,254.03859229119578,active,
1.0,87.827,87.867,1016.7000122070312,507.8999938964844,664.9000244140625,463.3999938964844,242.6999969482422,40.00000000000625,354.6032732662418,active,
1.0,87.997,88.007,669.4000244140625,461.20001220703125,647.5999755859375,444.8999938964844,48.0,10.000000000005116,27.22007946044239,active,
1.0,88.259,88.311,636.2000122070312,416.5,1246.300048828125,546.2999877929688,362.1000061035156,52.00000000000671,623.7548328599264,active,
1.0,88.512,88.553,1217.699951171875,546.5,1027.300048828125,813.4000244140625,223.8000030517578,40.99999999999682,327.8532382709323,active,
1.0,88.914,89.78,1185.800048828125,700.0,1019.5,881.5,195.0,865.9999999999997,246.16652136356146,active,
1.0,90.089,90.146,1022.0999755859375,887.0999755859375,537.0,400.6000061035156,380.1000061035156,57.00000000000216,687.0256229718616,active,
1.0,90.385,90.423,534.2999877929688,420.20001220703125,849.2999877929688,466.6000061035156,241.3000030517578,37.9999999999967,318.399056898091,active,
1.0,90.503,90.656,836.5999755859375,498.29998779296875,828.5,512.5999755859375,425.29998779296875,153.0000000000058,16.434696692419937,active,
1.0,90.827,90.832,831.5999755859375,510.79998779296875,843.7000122070312,511.20001220703125,38.599998474121094,4.9999999999954525,12.106647172675675,active,
1.0,91.058,91.109,845.5,513.5999755859375,576.5999755859375,449.79998779296875,155.1999969482422,50.99999999998772,276.3650874699378,active,
1.0,91.259,91.276,578.5999755859375,453.6000061035156,525.7000122070312,455.1000061035156,78.9000015258789,16.999999999995907,52.92122566125639,active,
1.0,91.431,91.542,512.5999755859375,466.3999938964844,515.7000122070312,446.70001220703125,231.3000030517578,111.0000000000042,19.942404709986977,active,
1.0,91.909,91.966,520.7000122070312,439.3999938964844,1201.5,647.7999877929688,350.70001220703125,56.99999999998795,711.9825705977368,active,
1.0,92.28,92.297,1170.199951171875,649.9000244140625,1117.199951171875,682.5999755859375,79.30000305175781,16.999999999995907,62.27589266034658,active,
1.0,92.647,92.66,1097.199951171875,696.0999755859375,1047.300048828125,695.9000244140625,83.5999984741211,12.999999999991019,49.90030294884913,active,
1.0,92.877,92.932,1031.800048828125,703.7000122070312,529.2999877929688,452.70001220703125,292.1000061035156,55.00000000000682,561.7003750580337,active,
1.0,93.112,93.145,525.2999877929688,450.8999938964844,542.2999877929688,282.70001220703125,128.5,33.00000000000125,169.056895275917,active,
1.0,93.668,93.707,538.0999755859375,260.1000061035156,842.2999877929688,442.70001220703125,257.70001220703125,38.99999999998727,354.7962931821046,active,
1.0,93.857,93.866,831.4000244140625,471.8999938964844,844.7999877929688,500.5,63.5,9.000000000000341,31.58353000658982,active,
1.0,94.576,94.611,837.7000122070312,521.0999755859375,828.0999755859375,307.70001220703125,142.0,35.0000000000108,213.61578844562231,active,
1.0,94.775,94.82,828.2999877929688,292.29998779296875,450.1000061035156,431.1000061035156,244.5,44.999999999987494,402.86557464359106,active,
1.0,95.015,95.034,450.70001220703125,450.20001220703125,513.5,504.1000061035156,122.0999984741211,19.000000000005457,82.75897418913598,active,
1.0,95.167,95.21,503.20001220703125,515.5999755859375,874.0,439.1000061035156,249.60000610351562,42.999999999992156,378.6091339073547,active,
1.0,95.419,95.475,864.5999755859375,438.20001220703125,855.0,338.5,125.5,55.999999999997385,100.16113001225963,active,
1.0,95.527,95.549,864.5999755859375,438.20001220703125,855.0,338.5,0.0,22.00000000000557,100.16113001225963,active,
1.0,95.626,95.666,836.4000244140625,250.8000030517578,568.9000244140625,368.79998779296875,187.0,39.99999999999204,292.37005044793153,active,
1.0,95.767,95.93,569.0999755859375,383.6000061035156,598.2999877929688,406.3999938964844,644.9000244140625,163.0000000000109,37.04699928807052,active,
1.0,96.019,96.059,592.9000244140625,405.0,920.2000122070312,435.20001220703125,219.39999389648438,39.99999999999204,328.6903143486013,active,
1.0,96.314,96.348,906.0999755859375,441.29998779296875,1038.0999755859375,605.2000122070312,151.3000030517578,34.000000000006025,210.44528505749489,active,
1.0,96.606,96.666,1030.9000244140625,647.0999755859375,569.2000122070312,390.29998779296875,229.10000610351562,60.000000000002274,528.3115889344485,active,
1.0,96.835,96.856,585.5,404.20001220703125,491.20001220703125,431.79998779296875,118.0,21.000000000000796,98.25602449772941,active,
1.0,96.969,97.017,462.8999938964844,457.1000061035156,848.0999755859375,256.6000061035156,258.3999938964844,48.00000000000182,434.25715410751155,active,
1.0,97.426,97.46,825.0,272.79998779296875,821.5,460.6000061035156,136.60000610351562,33.999999999991815,187.8326299593384,active,
1.0,97.521,97.695,817.5,513.9000244140625,870.2000122070312,532.7999877929688,707.7000122070312,173.99999999999238,55.986604668842354,active,
1.0,97.827,97.835,857.9000244140625,521.4000244140625,834.0999755859375,533.5999755859375,57.0,7.999999999995566,26.744740283227063,active,
1.0,98.416,98.439,829.5999755859375,531.9000244140625,776.7000122070312,457.8999938964844,90.80000305175781,22.999999999996135,90.96378753158928,active,
1.0,98.899,98.973,71.19999694824219,105.0999984741211,921.7999877929688,495.6000061035156,332.8999938964844,73.99999999999807,935.9543794350268,active,
1.0,99.087,99.19,881.4000244140625,490.5,940.7000122070312,656.7999877929688,825.7000122070312,102.99999999999443,176.5564342984639,active,
1.0,99.917,100.032,754.5999755859375,332.1000061035156,765.2999877929688,361.3999938964844,168.1999969482422,114.99999999999488,31.19262005505045,active,
1.0,100.424,100.447,760.0,366.5,821.0999755859375,463.1000061035156,126.9000015258789,22.999999999996135,114.30121694803347,active,
1.0,100.594,100.603,820.0,499.3999938964844,841.2000122070312,525.4000244140625,66.5,9.000000000000341,33.547609519804354,active,
1.0,100.853,100.977,831.2999877929688,545.2000122070312,830.0,458.70001220703125,420.0,124.00000000000944,86.50976805113899,active,
1.0,101.178,101.189,834.4000244140625,463.0,822.5,431.0,61.29999923706055,10.99999999999568,34.14103954268651,active,
1.0,101.321,101.342,813.5,421.8999938964844,793.7000122070312,499.1000061035156,92.9000015258789,21.000000000000796,79.69869134036948,active,
1.0,101.542,101.581,791.0999755859375,513.0999755859375,497.20001220703125,548.7999877929688,200.39999389648438,39.00000000000148,296.06026303052664,active,
1.0,101.682,101.809,491.29998779296875,559.9000244140625,826.7000122070312,531.2000122070312,540.2999877929688,126.99999999999534,336.6257076897685,active,
1.0,101.845,102.128,818.9000244140625,532.7999877929688,848.7000122070312,451.20001220703125,547.2999877929688,283.00000000000125,86.87114186015216,active,
1.0,102.258,102.3,841.5,445.6000061035156,1212.5999755859375,422.20001220703125,242.5,42.00000000000159,371.83699599991246,active,
1.0,102.463,102.505,1195.300048828125,415.6000061035156,892.0999755859375,333.6000061035156,205.3000030517578,42.00000000000159,314.0927958646423,active,
1.0,102.633,102.655,898.2999877929688,339.1000061035156,802.2999877929688,340.20001220703125,107.30000305175781,22.00000000000557,96.00630194642314,active,
1.0,102.785,102.838,784.5,339.1000061035156,551.2000122070312,815.4000244140625,259.20001220703125,52.99999999999727,530.3683547750815,active,
1.0,102.997,103.036,560.4000244140625,797.0,909.0,842.0999755859375,254.3000030517578,39.00000000000148,351.50526422283974,active,
1.0,103.187,103.237,889.9000244140625,850.2999877929688,785.2999877929688,372.29998779296875,258.29998779296875,49.99999999999716,489.31091103830306,active,
1.0,103.785,103.946,770.0,410.29998779296875,830.7000122070312,442.79998779296875,288.3999938964844,161.00000000000136,68.85304264833721,active,
1.0,104.593,104.614,826.2000122070312,446.5,827.7000122070312,371.20001220703125,82.5999984741211,21.000000000000796,75.3149265525848,active,
1.0,104.718,104.732,825.2000122070312,346.79998779296875,819.2000122070312,300.8999938964844,70.9000015258789,13.999999999995794,46.29048973274427,active,
1.0,104.812,104.823,811.5,285.70001220703125,796.9000244140625,246.39999389648438,74.5,10.99999999999568,41.92434527001335,active,
1.0,105.193,105.21,777.0999755859375,214.39999389648438,845.7999877929688,208.0,91.9000015258789,16.999999999995907,68.99747530976246,active,
1.0,105.501,105.52,854.0,204.8000030517578,785.7999877929688,225.10000610351562,87.30000305175781,18.999999999991246,71.15709233056525,active,
1.0,105.794,105.812,769.0999755859375,229.6999969482422,848.5,225.8000030517578,97.4000015258789,18.000000000000682,79.49574724063129,active,
1.0,106.152,106.169,839.2999877929688,227.3000030517578,899.9000244140625,229.39999389648438,94.0,16.999999999995907,60.63641150353341,active,
1.0,106.331,106.354,909.0,232.6999969482422,803.2000122070312,247.60000610351562,107.69999694824219,22.999999999996135,106.84403441381072,active,
1.0,106.57,106.586,792.2000122070312,266.20001220703125,857.0999755859375,268.0,90.0999984741211,16.000000000005343,64.92491973532357,active,
1.0,106.772,106.781,864.7999877929688,270.79998779296875,895.5999755859375,273.0,63.5,9.000000000000341,30.87846015846824,active,
1.0,106.929,106.951,903.5,271.3999938964844,817.4000244140625,272.79998779296875,102.0999984741211,21.99999999999136,86.11135685151656,active,
1.0,107.027,107.072,790.4000244140625,270.1000061035156,1250.800048828125,255.10000610351562,288.5,45.000000000001705,460.6443123283618,active,
1.0,107.251,107.26,1233.5999755859375,259.0,1264.699951171875,247.1999969482422,66.0,9.000000000000341,33.26332144370736,active,
1.0,107.481,107.494,1259.0,244.5,1260.5,279.3999938964844,60.70000076293945,13.00000000000523,34.93221398615677,active,
1.0,107.652,107.667,1264.199951171875,297.70001220703125,1235.5,343.8999938964844,76.80000305175781,15.000000000000568,54.38865235850042,active,
1.0,107.816,107.873,1233.300048828125,355.6000061035156,668.0999755859375,409.79998779296875,258.8999938964844,57.00000000000216,567.7928854856418,active,
1.0,107.993,108.026,668.4000244140625,412.29998779296875,846.7000122070312,298.20001220703125,162.10000610351562,33.00000000000125,211.68299429969414,active,
1.0,108.261,108.484,858.0,285.29998779296875,797.5999755859375,393.6000061035156,112.0999984741211,222.99999999999898,124.00426168194436,active,
1.0,109.129,109.139,792.2000122070312,403.3999938964844,826.7000122070312,414.6000061035156,68.9000015258789,9.999999999990905,36.27244509869233,active,
1.0,109.173,109.352,746.5,618.2999877929688,715.7999877929688,735.0999755859375,223.1999969482422,179.00000000000205,120.76724679295093,active,
1.0,109.479,109.522,715.0,740.2000122070312,1005.9000244140625,700.9000244140625,192.10000610351562,43.00000000000637,293.54269407469445,active,
1.0,109.734,109.783,994.7000122070312,708.5999755859375,730.5999755859375,490.70001220703125,158.8000030517578,49.000000000006594,342.38753391996,active,
1.0,109.907,110.057,647.7000122070312,251.10000610351562,654.5,302.1000061035156,215.39999389648438,150.00000000000568,51.45133461810805,active,
1.0,110.21,110.264,636.7999877929688,310.3999938964844,1225.199951171875,613.5999755859375,356.5,54.000000000002046,661.9250303476844,active,
1.0,110.425,110.451,1187.4000244140625,615.2000122070312,1373.699951171875,660.4000244140625,196.3000030517578,25.99999999999625,191.70473080621164,active,
1.0,110.646,110.679,1400.0999755859375,679.0999755859375,1265.699951171875,565.7000122070312,117.69999694824219,33.00000000000125,175.84913493343626,active,
1.0,110.784,110.839,1254.699951171875,553.5,631.2999877929688,372.1000061035156,316.0,54.99999999999261,649.2560913279646,active,
1.0,111.113,111.152,639.5,375.8999938964844,896.7999877929688,391.20001220703125,179.10000610351562,39.00000000000148,257.7544844974864,active,
1.0,111.375,111.413,883.0,396.8999938964844,655.9000244140625,379.6000061035156,154.6999969482422,37.9999999999967,227.75796031921755,active,
1.0,111.628,111.662,652.0,372.20001220703125,871.7999877929688,404.79998779296875,180.60000610351562,34.000000000006025,222.20439474050224,active,
1.0,111.796,111.845,860.2999877929688,410.0,1307.699951171875,572.4000244140625,262.20001220703125,48.99999999999238,475.9627035400303,active,
1.0,112.008,112.034,1276.0,585.7000122070312,1334.9000244140625,734.5999755859375,168.6999969482422,26.00000000001046,160.12623760713538,active,
1.0,112.197,112.252,1337.0999755859375,785.2999877929688,662.0999755859375,762.7999877929688,371.20001220703125,54.99999999999261,675.3748958911635,active,
1.0,112.411,112.467,679.2999877929688,783.2000122070312,653.9000244140625,383.6000061035156,186.5,55.999999999997385,400.40644727274247,active,
1.0,112.93,113.161,641.5,399.3999938964844,857.0,438.6000061035156,536.2000122070312,230.99999999999454,219.03627771908333,active,
1.0,113.611,113.63,852.0999755859375,439.5,773.9000244140625,429.79998779296875,93.5,18.999999999991246,78.79925507325682,active,
1.0,113.87,113.89,753.4000244140625,426.8999938964844,805.7999877929688,477.1000061035156,100.0999984741211,19.99999999999602,72.56581418062366,active,
1.0,114.03,114.036,811.2999877929688,499.1000061035156,800.0,488.8999938964844,39.099998474121094,6.000000000000227,15.222679565202352,active,
1.0,114.796,114.838,773.7999877929688,454.6000061035156,812.9000244140625,753.2000122070312,183.0,41.99999999998738,301.14909348824284,active,
1.0,115.005,115.023,807.5,768.0,875.7999877929688,774.2000122070312,95.4000015258789,18.000000000000682,68.58081717132727,active,
1.0,115.233,115.367,884.7000122070312,774.7000122070312,796.7000122070312,443.6000061035156,265.70001220703125,134.00000000000034,342.5948248904938,active,
1.0,116.532,116.658,845.5,498.70001220703125,840.4000244140625,520.2999877929688,285.5,126.00000000000477,22.19388871492003,active,
1.0,116.819,116.975,835.5999755859375,443.79998779296875,827.5999755859375,507.20001220703125,131.0,155.9999999999917,63.90276281745353,active,
1.0,117.3,117.43,835.7000122070312,526.0,827.0,516.0999755859375,431.3999938964844,130.00000000000966,13.179555978921533,active,
1.0,117.722,117.731,826.2999877929688,511.6000061035156,838.9000244140625,490.79998779296875,51.20000076293945,9.000000000000341,24.318751706697217,active,
1.0,117.889,117.916,837.2999877929688,480.6000061035156,953.9000244140625,400.70001220703125,117.5,27.000000000001023,141.3491335831198,active,
1.0,118.165,118.187,981.4000244140625,382.0,922.2999877929688,450.1000061035156,110.80000305175781,21.99999999999136,90.16887023753534,active,
1.0,118.569,118.606,923.7000122070312,470.1000061035156,684.2999877929688,475.5,163.3000030517578,36.99999999999193,239.4609187811986,active,
1.0,118.71,118.841,675.0,491.29998779296875,938.4000244140625,452.20001220703125,148.89999389648438,131.00000000000023,266.2862763120729,active,
1.0,119.021,119.044,933.4000244140625,448.29998779296875,832.0999755859375,484.1000061035156,110.5,22.999999999996135,107.43994231018556,active,
1.0,119.279,119.317,810.0999755859375,495.8999938964844,1062.699951171875,583.2000122070312,183.3000030517578,37.9999999999967,267.2602493133576,active,
1.0,119.648,119.68,1058.0,594.4000244140625,968.2999877929688,457.6000061035156,130.1999969482422,32.00000000001069,163.58587102713827,active,
1.0,119.981,120.122,945.7000122070312,447.70001220703125,913.5,474.6000061035156,150.10000610351562,141.00000000000534,41.957722266155706,active,
1.0,120.313,120.433,915.0999755859375,491.79998779296875,947.7999877929688,461.70001220703125,285.6000061035156,120.00000000000455,44.44433966900652,active,
1.0,120.627,120.661,944.9000244140625,454.5,1163.199951171875,422.70001220703125,150.60000610351562,34.000000000006025,220.6039375126819,active,
1.0,120.849,120.884,1177.5,422.6000061035156,919.5999755859375,441.1000061035156,206.3000030517578,34.99999999999659,258.5627053400665,active,
1.0,121.146,121.169,909.7000122070312,442.3999938964844,800.5999755859375,449.29998779296875,103.5999984741211,22.999999999996135,109.31801272661116,active,
1.0,121.412,121.436,771.2999877929688,456.8999938964844,916.7000122070312,448.8999938964844,163.3000030517578,24.00000000000091,145.61994059746752,active,
1.0,121.64,121.66,931.7000122070312,452.0,852.5,457.8999938964844,89.5999984741211,19.99999999999602,79.41946777442199,active,
1.0,121.901,121.933,836.0,462.8999938964844,1024.5,496.1000061035156,153.39999389648438,32.00000000001069,191.40138664739874,active,
1.0,122.183,122.2,1025.300048828125,502.29998779296875,1013.7999877929688,553.5999755859375,67.9000015258789,16.999999999995907,52.57318852201245,active,
1.0,122.532,122.566,1019.4000244140625,559.4000244140625,789.9000244140625,555.4000244140625,169.39999389648438,34.000000000006025,229.5348557409092,active,
1.0,122.706,122.842,769.4000244140625,569.2000122070312,222.60000610351562,506.3999938964844,525.2000122070312,135.99999999999568,550.3944969966718,active,
1.0,123.123,123.181,209.3000030517578,507.5,794.4000244140625,380.1000061035156,274.0,57.999999999992724,598.8094800877769,active,
1.0,123.336,123.364,779.9000244140625,390.6000061035156,951.5,371.70001220703125,169.89999389648438,28.000000000005798,172.63765924728443,active,
1.0,123.583,123.62,954.2999877929688,373.6000061035156,1242.800048828125,396.79998779296875,202.39999389648438,37.00000000000614,289.43138110384615,active,
1.0,123.883,123.917,1236.199951171875,401.6000061035156,1216.0,591.5999755859375,130.5,34.000000000006025,191.070736719853,active,
1.0,124.085,124.128,1215.4000244140625,617.2999877929688,901.7999877929688,541.5999755859375,221.3000030517578,43.00000000000637,322.6073074449741,active,
1.0,124.322,124.343,908.0,538.0999755859375,879.5999755859375,478.1000061035156,101.80000305175781,21.000000000000796,66.38190811215735,active,
1.0,124.549,124.669,879.0,472.6000061035156,926.2000122070312,413.0,612.2999877929688,119.99999999999034,76.02632359836295,active,
1.0,124.796,124.94,918.5999755859375,428.6000061035156,941.7999877929688,415.29998779296875,160.8000030517578,143.99999999999125,26.741934362855677,active,
1.0,125.137,125.16,939.4000244140625,416.70001220703125,810.9000244140625,422.3999938964844,122.19999694824219,22.999999999996135,128.62635729608493,active,
1.0,125.414,125.436,788.7000122070312,427.5,838.2999877929688,498.20001220703125,115.0,22.00000000000557,86.36347204808271,active,
1.0,125.777,125.946,841.2000122070312,547.0999755859375,875.7999877929688,456.3999938964844,346.0,168.99999999999693,97.07546028227011,active,
1.0,126.1,126.234,734.5999755859375,613.2999877929688,823.5999755859375,531.7999877929688,679.7999877929688,134.00000000000034,120.67829133692605,active,
1.0,126.432,126.484,835.7000122070312,530.9000244140625,520.2999877929688,527.9000244140625,159.60000610351562,51.9999999999925,315.4142916869672,active,
1.0,126.561,126.765,508.20001220703125,533.7999877929688,842.2999877929688,491.70001220703125,106.4000015258789,203.99999999999352,336.7420401893125,active,
1.0,126.88,127.003,810.0999755859375,512.7999877929688,734.2999877929688,488.20001220703125,156.5,123.00000000000466,79.691887593675,active,
1.0,127.151,127.19,733.5,488.29998779296875,1043.800048828125,464.1000061035156,228.10000610351562,39.00000000000148,311.24228410758496,active,
1.0,127.38,127.426,1028.199951171875,461.5,1433.0,466.79998779296875,230.8000030517578,46.00000000000648,404.83474332356656,active,
1.0,127.705,127.758,1416.0999755859375,477.20001220703125,844.9000244140625,456.8999938964844,304.70001220703125,52.99999999999727,571.560561062571,active,
1.0,127.911,127.956,860.2999877929688,463.5,493.0,539.2999877929688,229.6999969482422,45.000000000001705,375.0398901212099,active,
1.0,128.129,128.142,496.79998779296875,545.7999877929688,455.5,564.5999755859375,80.9000015258789,13.00000000000523,45.377621496891415,active,
1.0,128.262,128.309,449.6000061035156,567.7999877929688,798.9000244140625,412.5,243.5,46.999999999997044,382.2676928544245,active,
1.0,128.57,128.598,767.2000122070312,423.3999938964844,942.2000122070312,435.8999938964844,174.1999969482422,28.00000000002001,175.4458605952275,active,
1.0,128.976,128.999,943.7999877929688,436.1000061035156,847.0999755859375,489.29998779296875,132.3000030517578,22.999999999996135,110.36815850868466,active,
1.0,129.164,129.323,833.9000244140625,539.7000122070312,841.4000244140625,515.7000122070312,239.10000610351562,159.00000000002024,25.144581921360317,active,
1.0,129.704,129.726,837.0,510.8999938964844,813.7999877929688,455.1000061035156,56.0,21.99999999999136,60.43078027050338,active,
1.0,130.014,130.03,795.5999755859375,432.8999938964844,845.2000122070312,409.0,77.0,15.999999999991132,55.05790897832782,active,
1.0,130.167,130.176,858.9000244140625,392.1000061035156,869.0,368.0,50.70000076293945,8.99999999998613,26.130820902260684,active,
1.0,130.377,130.502,868.5999755859375,293.6000061035156,884.2999877929688,354.6000061035156,214.3000030517578,125.0,62.98801777561293,active,
1.0,130.748,130.766,882.5,347.20001220703125,866.2999877929688,296.0,70.4000015258789,18.000000000000682,53.701784379181575,active,
1.0,131.308,131.334,866.0999755859375,272.79998779296875,1008.2000122070312,284.0,133.10000610351562,26.00000000001046,142.54073341032674,active,
1.0,131.506,131.559,1031.699951171875,291.0,1359.4000244140625,470.29998779296875,165.39999389648438,52.99999999999727,373.5449419085926,active,
1.0,131.717,131.769,1357.300048828125,485.1000061035156,902.5999755859375,673.7000122070312,264.20001220703125,51.9999999999925,492.26224607285985,active,
1.0,131.927,131.949,902.5,686.7999877929688,820.7000122070312,667.5999755859375,102.0,22.00000000001978,84.02308296938399,active,
1.0,132.105,132.132,797.7000122070312,667.0,937.7999877929688,729.5999755859375,167.3000030517578,27.000000000015234,153.44953601278908,active,
1.0,132.287,132.335,956.0999755859375,750.9000244140625,854.5999755859375,346.70001220703125,236.60000610351562,48.00000000000182,416.7492050000386,active,
1.0,132.537,132.542,857.0,348.3999938964844,868.0999755859375,347.8999938964844,37.099998474121094,4.9999999999954525,11.111231165285355,active,
1.0,133.027,133.284,871.0999755859375,355.3999938964844,820.0,419.3999938964844,497.0,257.000000000005,81.89754272799281,active,
1.0,133.66,133.679,806.4000244140625,421.0,878.7000122070312,417.1000061035156,103.5999984741211,19.000000000005457,72.40509779881556,active,
1.0,133.886,133.906,885.7000122070312,415.1000061035156,834.2000122070312,473.29998779296875,84.4000015258789,20.000000000010232,77.71414201194452,active,
1.0,134.157,134.319,871.0999755859375,304.3999938964844,867.7999877929688,354.20001220703125,126.80000305175781,161.99999999997772,49.90923504888195,active,
1.0,134.443,134.552,858.0999755859375,369.5,1300.0,367.29998779296875,286.8999938964844,108.99999999998045,441.90550079271486,active,
1.0,134.799,134.849,1297.0,376.79998779296875,828.9000244140625,567.4000244140625,270.5,49.99999999998295,505.4166213170255,active,
1.0,135.084,135.125,833.5999755859375,570.2000122070312,604.0,379.6000061035156,172.10000610351562,40.99999999999682,298.40326927787385,active,
1.0,135.307,135.355,575.9000244140625,353.0,901.7999877929688,283.70001220703125,181.0,48.00000000000182,333.18654600460394,active,
1.0,135.582,135.603,883.0,293.1000061035156,890.2000122070312,368.3999938964844,80.4000015258789,21.000000000015007,75.64342891092815,active,
1.0,135.717,135.748,894.0999755859375,389.70001220703125,751.7000122070312,509.70001220703125,157.60000610351562,30.99999999997749,186.21962724244145,active,
1.0,135.998,136.14,744.7000122070312,539.5,826.4000244140625,487.0,461.0,141.9999999999959,97.11406692456585,active,
1.0,136.292,136.297,822.4000244140625,486.0,830.2999877929688,495.0,39.79999923706055,4.9999999999954525,11.975367275706406,active,
1.0,136.601,136.624,829.5,506.79998779296875,791.2999877929688,439.79998779296875,69.30000305175781,22.999999999996135,77.12483991955729,active,
1.0,136.956,137.016,783.0,401.20001220703125,586.4000244140625,524.0999755859375,153.0,60.000000000002274,231.85329714914067,active,
1.0,137.184,137.224,579.9000244140625,527.5999755859375,827.9000244140625,592.2000122070312,164.1999969482422,39.99999999999204,256.27556405448934,active,
1.0,137.35,137.664,818.0999755859375,601.9000244140625,583.5999755859375,404.70001220703125,670.9000244140625,313.99999999999295,306.39532440044394,active,
1.0,137.88,137.887,599.5,408.5,621.7000122070312,413.70001220703125,54.0,7.000000000005002,22.80089184539961,active,
1.0,138.228,138.259,619.5,411.8999938964844,836.5999755859375,401.8999938964844,186.8000030517578,30.99999999997749,217.33016219433202,active,
1.0,138.498,138.653,844.5999755859375,422.29998779296875,849.9000244140625,464.20001220703125,505.29998779296875,155.00000000000114,42.23390301025401,active,
1.0,139.283,139.319,848.0,455.3999938964844,610.7000122070312,455.70001220703125,155.3000030517578,36.000000000001364,237.3001774494275,active,
1.0,139.435,139.452,600.5,462.1000061035156,663.2000122070312,473.79998779296875,95.9000015258789,16.999999999995907,63.78229458317885,active,
1.0,139.501,139.681,758.2999877929688,365.79998779296875,746.0,437.20001220703125,235.6999969482422,180.00000000000682,72.45173004170364,active,
1.0,139.787,139.808,738.5,440.0,660.0999755859375,455.1000061035156,103.0999984741211,20.999999999986585,79.84092943128734,active,
1.0,140.091,140.132,651.0,476.3999938964844,324.70001220703125,455.70001220703125,218.1999969482422,40.99999999999682,326.9559164102024,active,
1.0,140.311,140.483,310.70001220703125,465.20001220703125,304.70001220703125,441.3999938964844,103.5,171.99999999999704,24.54467094060066,active,
1.0,140.642,140.779,286.70001220703125,453.0,776.0999755859375,452.6000061035156,132.10000610351562,137.00000000000045,489.40012683937056,active,
1.0,140.86,140.883,775.0,446.1000061035156,668.9000244140625,468.79998779296875,119.0,22.999999999996135,108.50112436301313,active,
1.0,141.029,141.087,652.0,474.8999938964844,1386.5,410.3999938964844,348.20001220703125,57.999999999992724,737.3265897823027,active,
1.0,141.328,141.366,1360.5,417.20001220703125,1070.199951171875,378.79998779296875,214.0,38.000000000010914,292.828755802111,active,
1.0,141.443,141.483,1067.0,380.70001220703125,1256.699951171875,370.8999938964844,145.3000030517578,39.99999999999204,189.95292004467532,active,
1.0,141.616,141.635,1236.0,372.0,1318.5999755859375,361.1000061035156,112.5,18.999999999977035,83.3160598788785,active,
1.0,141.979,142.033,1327.4000244140625,355.6000061035156,666.2999877929688,445.5,345.79998779296875,53.999999999973625,667.1845826478602,active,
1.0,142.252,142.26,670.7000122070312,456.20001220703125,645.7999877929688,458.5,55.79999923706055,7.999999999981355,25.006022467971867,active,
1.0,142.333,142.376,651.7000122070312,467.6000061035156,1015.2000122070312,415.5,253.89999389648438,43.00000000000637,367.21473368587266,active,
1.0,142.635,142.871,1004.9000244140625,432.79998779296875,871.0999755859375,487.3999938964844,91.0,236.00000000001842,144.5116387455093,active,
1.0,142.948,143.107,850.0,447.79998779296875,845.7000122070312,483.8999938964844,212.10000610351562,158.99999999999181,36.35519681824795,active,
1.0,143.159,143.286,833.9000244140625,507.29998779296875,870.5999755859375,424.1000061035156,620.5,127.00000000000955,90.93472037205231,active,
1.0,143.582,143.625,858.5999755859375,471.8999938964844,1181.300048828125,487.29998779296875,182.3000030517578,43.00000000000637,323.06732592839677,active,
1.0,143.812,143.868,1172.699951171875,495.5,487.3999938964844,425.6000061035156,326.3999938964844,55.999999999983174,688.8556021318117,active,
1.0,144.024,144.058,502.79998779296875,433.1000061035156,333.79998779296875,321.8999938964844,137.60000610351562,33.999999999991815,202.30284900328,active,
1.0,144.495,144.504,296.3999938964844,279.6000061035156,323.70001220703125,283.29998779296875,54.5,8.99999999998613,27.54960733401627,active,
1.0,144.822,144.86,348.6000061035156,288.3999938964844,607.0999755859375,416.29998779296875,210.5,38.000000000010914,288.4105453362165,active,
1.0,145.022,145.066,600.2999877929688,428.20001220703125,984.7000122070312,508.8999938964844,234.6999969482422,44.00000000001114,392.7796657341237,active,
1.0,145.261,145.306,968.0,508.3999938964844,509.0,601.2000122070312,295.3999938964844,45.000000000015916,468.28713776745764,active,
1.0,145.44,145.492,506.79998779296875,599.7000122070312,1115.5999755859375,532.2999877929688,331.1000061035156,51.9999999999925,612.5195412619381,active,
1.0,145.549,145.661,1083.0999755859375,546.7999877929688,1127.5,478.29998779296875,544.7000122070312,111.99999999999477,81.63095104168116,active,
1.0,145.941,146.102,1111.0999755859375,484.3999938964844,843.4000244140625,496.29998779296875,433.5,161.00000000000136,267.9643142512835,active,
1.0,146.21,146.331,834.5,519.0999755859375,839.0999755859375,491.1000061035156,382.3999938964844,120.9999999999809,28.37530733591757,active,
1.0,146.731,146.744,848.0999755859375,481.8999938964844,847.5,439.3999938964844,69.4000015258789,13.00000000000523,42.50423473847896,active,
1.0,146.857,146.89,845.0,433.8999938964844,1081.300048828125,448.79998779296875,195.89999389648438,32.99999999998704,236.76934534328876,active,
1.0,147.108,147.116,1067.800048828125,437.1000061035156,1047.5999755859375,451.5,54.79999923706055,8.000000000009777,24.80731309933679,active,
1.0,147.28,147.39,1039.800048828125,455.6000061035156,931.0999755859375,455.20001220703125,505.5,109.99999999998522,108.7008091873016,active,
1.0,147.673,147.695,929.4000244140625,446.6000061035156,835.9000244140625,431.3999938964844,88.0999984741211,21.99999999999136,94.72745310148426,active,
1.0,147.881,147.905,808.5999755859375,411.79998779296875,928.7000122070312,407.79998779296875,112.5999984741211,24.00000000000091,120.16662929610725,active,
1.0,148.331,148.353,947.7999877929688,410.8999938964844,850.4000244140625,460.0,124.19999694824219,22.00000000001978,109.07595273742766,active,
1.0,148.478,148.606,860.5,403.1000061035156,839.0999755859375,473.70001220703125,99.0999984741211,127.9999999999859,73.77209436324087,active,
1.0,149.296,149.322,836.5,514.9000244140625,892.0999755859375,379.3999938964844,130.3000030517578,26.00000000001046,146.4637004701897,active,
1.0,149.457,149.467,894.5,334.5,912.7000122070312,312.6000061035156,50.70000076293945,10.000000000019327,28.475431111787216,active,
1.0,149.606,149.744,920.0,322.3999938964844,918.0999755859375,314.5,445.0,138.00000000000523,8.125269000994608,active,
1.0,150.082,150.274,1031.5999755859375,377.0,1028.0999755859375,419.6000061035156,251.0,192.00000000000728,42.743543606252025,active,
1.0,150.375,150.488,1002.2000122070312,428.29998779296875,929.0999755859375,364.6000061035156,410.70001220703125,112.99999999999955,96.96031673443477,active,
1.0,150.618,150.626,921.7999877929688,373.70001220703125,917.0,351.6000061035156,48.29999923706055,8.000000000009777,22.61526370812591,active,
1.0,150.788,150.956,909.7999877929688,348.29998779296875,921.4000244140625,325.20001220703125,292.3999938964844,167.99999999997794,25.848979122619614,active,
1.0,151.068,151.115,922.0,321.3999938964844,1210.199951171875,642.9000244140625,278.5,46.999999999997044,431.765539938373,active,
1.0,151.293,151.328,1198.4000244140625,637.0999755859375,941.0999755859375,586.2000122070312,188.1999969482422,34.99999999999659,262.2863347544616,active,
1.0,151.445,151.494,945.0,598.0999755859375,410.0,494.6000061035156,301.5,49.000000000006594,544.919483669709,active,
1.0,151.617,151.807,821.2000122070312,466.20001220703125,814.2000122070312,487.6000061035156,107.30000305175781,189.99999999999773,22.51576644863702,,
1.0,151.887,152.018,820.5,410.1000061035156,832.2999877929688,510.5,288.6000061035156,131.00000000000023,101.09104058386337,,
1.0,153.083,153.109,836.7000122070312,495.29998779296875,842.5,367.0,127.9000015258789,26.00000000001046,128.43101932973403,active,
1.0,153.331,153.351,846.0999755859375,344.5,831.0999755859375,425.1000061035156,78.30000305175781,20.000000000010232,81.98390685913154,active,
1.0,153.534,153.67,835.5999755859375,444.29998779296875,815.9000244140625,500.0,516.9000244140625,135.99999999999568,59.08112588667966,active,
1.0,153.795,153.806,815.2000122070312,498.70001220703125,810.4000244140625,536.4000244140625,69.0999984741211,11.000000000024102,38.00435242472833,active,
1.0,154.073,154.097,811.5999755859375,540.0999755859375,872.7999877929688,454.29998779296875,109.30000305175781,24.00000000000091,105.39012951607167,active,
1.0,154.347,154.373,879.5,433.1000061035156,753.2999877929688,420.20001220703125,99.9000015258789,25.999999999982037,126.85760885175225,active,
1.0,154.54,154.574,715.9000244140625,422.20001220703125,934.5,396.5,166.5,34.000000000020236,220.1055200434874,active,
1.0,154.861,155.18,933.4000244140625,404.20001220703125,766.2999877929688,452.70001220703125,385.29998779296875,319.0000000000168,173.99618455233687,active,
1.0,155.35,155.368,767.7999877929688,457.20001220703125,834.5,479.79998779296875,114.9000015258789,18.000000000000682,70.4247862964673,active,
1.0,155.616,155.646,840.5,502.6000061035156,994.5,410.5,144.89999389648438,29.999999999972715,179.43915716550725,active,
1.0,155.762,155.775,1015.5999755859375,390.5,994.5999755859375,353.0,71.19999694824219,13.00000000000523,42.97964634568321,active,
1.0,156.061,156.084,971.5999755859375,348.6000061035156,982.5,474.6000061035156,138.60000610351562,22.999999999996135,126.4705915706381,active,
1.0,156.263,156.418,948.9000244140625,504.20001220703125,985.2000122070312,508.5,505.0,155.00000000000114,36.55378241426406,active,
1.0,156.444,156.597,980.5999755859375,531.2999877929688,983.4000244140625,496.70001220703125,343.79998779296875,153.00000000002,34.71308951947889,active,
1.0,156.835,156.85,982.4000244140625,527.0999755859375,994.2999877929688,571.7000122070312,69.9000015258789,14.999999999986358,46.16029023979608,active,
1.0,157.021,157.041,996.0,580.2000122070312,965.7000122070312,660.7999877929688,111.0,20.000000000010232,86.10717347995913,active,
1.0,157.268,157.299,945.2000122070312,684.2999877929688,779.9000244140625,780.2999877929688,160.3000030517578,31.00000000000591,191.1546127205818,active,
1.0,157.412,157.462,769.4000244140625,791.5,1018.0,370.3999938964844,286.29998779296875,49.99999999998295,489.0063015971365,active,
1.0,157.599,157.606,998.2000122070312,379.6000061035156,991.9000244140625,362.1000061035156,43.599998474121094,7.000000000005002,18.599458223065405,active,
1.0,158.092,158.12,974.2000122070312,346.5,993.0,500.5,131.60000610351562,27.999999999991587,155.1432871284342,active,
1.0,158.529,158.553,971.0999755859375,513.7999877929688,857.7000122070312,500.1000061035156,110.4000015258789,24.00000000000091,114.22452097789086,active,
1.0,158.634,158.815,863.7000122070312,354.6000061035156,855.5,377.8999938964844,89.19999694824219,181.0000000000116,24.700802240979023,active,
1.0,158.934,159.062,829.0999755859375,396.79998779296875,877.9000244140625,438.6000061035156,109.30000305175781,128.00000000001432,64.25485426323398,active,
1.0,159.585,159.604,882.4000244140625,447.6000061035156,853.0999755859375,515.0999755859375,90.30000305175781,19.000000000005457,73.58490838112387,active,
1.0,159.698,159.739,858.5999755859375,526.4000244140625,555.4000244140625,487.6000061035156,207.39999389648438,40.99999999999682,305.67245837910576,active,
1.0,159.931,159.967,534.4000244140625,482.1000061035156,747.2000122070312,577.2999877929688,190.3000030517578,36.000000000001364,233.12415430057834,active,
1.0,160.202,160.247,737.2999877929688,580.5,577.5,402.3999938964844,133.0,45.000000000015916,239.28152513870614,active,
1.0,160.374,160.415,545.0,372.3999938964844,928.5999755859375,329.8999938964844,252.60000610351562,40.99999999999682,385.94713533012765,active,
1.0,160.649,160.673,919.9000244140625,333.8999938964844,787.4000244140625,299.29998779296875,121.5,24.00000000000091,136.9430919117986,active,
1.0,161.054,161.231,754.2999877929688,317.0,830.0999755859375,411.5,379.5,176.9999999999925,121.14408012533758,active,
1.0,161.592,161.604,818.9000244140625,442.29998779296875,803.5,411.8999938964844,54.79999923706055,12.000000000000455,34.07815107748671,active,
1.0,161.933,161.954,797.5,404.20001220703125,852.2000122070312,477.1000061035156,86.69999694824219,21.000000000015007,91.14000463877993,active,
1.0,162.255,162.28,861.7999877929688,498.79998779296875,1007.2999877929688,443.6000061035156,148.8000030517578,25.000000000005684,155.6190476083052,active,
1.0,162.469,162.514,1035.0,410.29998779296875,675.5999755859375,360.1000061035156,199.10000610351562,45.000000000015916,362.8889853804468,active,
1.0,162.651,162.7,677.0999755859375,361.6000061035156,887.0999755859375,188.89999389648438,125.30000305175781,48.99999999997817,271.8920635404953,active,
1.0,162.817,162.861,877.0,188.39999389648438,1285.0999755859375,213.3000030517578,250.39999389648438,43.99999999998272,408.8589005135824,active,
1.0,162.987,163.041,1266.800048828125,214.6999969482422,772.0999755859375,554.2999877929688,332.1000061035156,54.000000000002046,600.0469283710767,active,
1.0,163.192,163.223,788.4000244140625,560.7000122070312,686.0,450.1000061035156,129.8000030517578,31.00000000000591,150.72533413496978,active,
1.0,163.412,163.457,664.9000244140625,407.20001220703125,1079.300048828125,398.70001220703125,245.3000030517578,44.999999999987494,414.4871894695608,active,
1.0,163.689,163.912,1052.0999755859375,407.20001220703125,881.0999755859375,382.8999938964844,234.6999969482422,223.0000000000132,172.71795184604557,active,
1.0,164.222,164.24,875.7000122070312,391.1000061035156,803.9000244140625,401.20001220703125,111.5,18.000000000000682,72.50688498592058,active,
1.0,164.577,164.599,793.7000122070312,417.0,869.4000244140625,481.70001220703125,114.9000015258789,21.99999999999136,99.5820437013354,active,
1.0,164.78,164.8,862.5999755859375,498.5,953.5999755859375,518.7000122070312,126.69999694824219,20.000000000010232,93.21502289418918,active,
1.0,165.068,165.113,967.5999755859375,511.3999938964844,633.7999877929688,430.6000061035156,195.8000030517578,44.999999999987494,343.4400528155241,active,
1.0,165.334,165.376,629.5999755859375,431.6000061035156,957.0,387.6000061035156,204.0,42.00000000000159,330.3434212850753,active,
1.0,165.63,165.737,941.2999877929688,394.3999938964844,908.2999877929688,390.29998779296875,93.0999984741211,106.99999999999932,33.25372234876669,active,
1.0,166.055,166.256,901.2999877929688,434.5,818.2000122070312,461.3999938964844,100.5,200.9999999999934,87.34538118306145,active,
1.0,166.463,166.473,815.5999755859375,466.0,846.4000244140625,482.3999938964844,68.19999694824219,10.000000000019327,34.89416581062813,active,
1.0,166.974,167.094,843.7000122070312,498.0,883.2999877929688,344.79998779296875,291.79998779296875,120.00000000000455,158.23527358538414,active,
1.0,167.193,167.214,882.9000244140625,337.29998779296875,916.4000244140625,258.0,103.0,20.999999999986585,86.08564377388946,active,
1.0,167.384,167.562,925.2999877929688,220.6999969482422,935.0,217.60000610351562,332.6000061035156,178.0000000000257,10.183328535107947,active,
1.0,167.699,167.832,934.0,243.3000030517578,924.5,223.1999969482422,520.5,132.99999999998136,22.23196449622402,active,
1.0,168.114,168.164,935.2000122070312,247.60000610351562,757.2000122070312,676.7000122070312,259.1000061035156,49.99999999998295,464.55442656166474,active,
1.0,168.32,168.335,764.5999755859375,662.9000244140625,819.7999877929688,699.5,104.30000305175781,15.00000000001478,66.2314091692727,active,
1.0,168.574,168.639,820.0999755859375,708.5,341.3999938964844,228.6999969482422,280.5,64.99999999999773,677.7622853168724,active,
1.0,168.816,168.837,348.5,236.1999969482422,274.0,199.60000610351562,82.4000015258789,20.999999999986585,83.00487533774186,active,
1.0,168.97,169.021,249.10000610351562,181.3000030517578,970.5999755859375,202.5,389.8999938964844,50.99999999998772,721.8113644393119,active,
1.0,169.594,169.814,925.5,236.39999389648438,833.7999877929688,369.0,490.79998779296875,219.99999999999886,161.2192725992214,active,
1.0,169.915,170.037,818.4000244140625,379.70001220703125,818.2999877929688,409.6000061035156,367.0,122.0000000000141,29.900161242631498,active,
1.0,170.578,170.601,819.0999755859375,399.5,817.5999755859375,516.5,133.60000610351562,22.999999999996135,117.00961498953836,active,
1.0,170.725,170.741,815.2000122070312,541.0999755859375,866.2999877929688,567.7000122070312,87.19999694824219,16.000000000019554,57.60876194752789,active,
1.0,170.978,170.986,872.2999877929688,565.2000122070312,897.2999877929688,552.4000244140625,59.70000076293945,7.999999999981355,28.086290027345175,active,
1.0,171.297,171.43,899.2000122070312,559.2999877929688,881.4000244140625,548.4000244140625,300.5,133.00000000000978,20.87220082050127,active,
1.0,171.805,171.823,878.4000244140625,552.2999877929688,827.4000244140625,547.7000122070312,67.19999694824219,18.000000000000682,51.20702857412468,active,
1.0,171.996,172.014,809.0999755859375,550.4000244140625,882.5,561.0,97.9000015258789,18.000000000000682,74.16146618296757,active,
1.0,172.296,172.441,891.7000122070312,576.0,871.5999755859375,478.8999938964844,281.79998779296875,145.00000000001023,99.15857329284282,active,
1.0,172.696,172.719,860.0999755859375,477.5,785.2999877929688,425.6000061035156,81.80000305175781,22.999999999996135,91.04200975529588,active,
1.0,172.95,172.969,747.9000244140625,408.29998779296875,821.7000122070312,429.1000061035156,116.69999694824219,19.000000000005457,76.67515216784001,active,
1.0,173.152,173.166,831.5,451.20001220703125,844.9000244140625,499.5,76.5999984741211,14.000000000010004,50.12434014626428,active,
1.0,173.284,173.307,850.5999755859375,509.5,751.7999877929688,485.29998779296875,100.0,22.999999999996135,101.72058876506385,active,
1.0,173.413,173.588,797.5999755859375,382.3999938964844,787.7000122070312,440.8999938964844,132.89999389648438,174.99999999998295,59.33177289533564,active,
1.0,173.673,173.797,809.4000244140625,392.3999938964844,798.9000244140625,467.1000061035156,193.8000030517578,123.99999999999523,75.434354399906,active,
1.0,174.333,174.353,803.2999877929688,478.6000061035156,865.0999755859375,491.3999938964844,71.0999984741211,20.000000000010232,63.11163267347182,active,
1.0,174.44,174.484,861.9000244140625,496.0,1049.800048828125,770.7000122070312,208.0,44.00000000001114,332.8160390987015,active,
1.0,174.694,174.736,1038.4000244140625,779.0999755859375,1351.5999755859375,813.2999877929688,190.10000610351562,42.00000000000159,315.0616610268948,active,
1.0,174.926,174.982,1345.0,813.2000122070312,791.2999877929688,439.3999938964844,355.6000061035156,56.000000000011596,668.0644858148289,active,
1.0,175.479,175.649,788.5,462.5,872.9000244140625,454.5,369.8999938964844,169.9999999999875,84.77832341521237,active,
1.0,176.103,176.118,864.4000244140625,464.5,818.0999755859375,443.29998779296875,67.69999694824219,14.999999999986358,50.922834161749414,active,
1.0,176.53,176.551,796.7000122070312,429.29998779296875,840.9000244140625,475.3999938964844,87.0,20.999999999986585,63.86588793593877,active,
1.0,176.72,176.752,854.2000122070312,475.5,1063.9000244140625,553.2000122070312,178.39999389648438,32.00000000001069,223.63225844363745,active,
1.0,176.994,177.04,1077.0999755859375,570.5999755859375,743.2000122070312,406.5,214.0,45.99999999999227,372.0456793617421,active,
1.0,177.144,177.241,739.5999755859375,415.5,717.4000244140625,350.8999938964844,455.0,97.00000000000841,68.30811533491384,active,
1.0,177.315,177.422,713.4000244140625,356.8999938964844,487.70001220703125,309.5,210.39999389648438,106.99999999999932,230.6236217988973,active,
1.0,177.575,177.638,476.70001220703125,317.3999938964844,1321.5,455.70001220703125,387.5,63.0000000000166,856.045509561085,active,
1.0,177.817,177.833,1286.0,469.29998779296875,1335.699951171875,506.8999938964844,103.0,15.999999999991132,62.32050710216639,active,
1.0,178.084,178.138,1341.199951171875,518.2000122070312,721.5999755859375,472.0,319.6000061035156,54.000000000002046,621.3200229141373,active,
1.0,178.4,178.436,727.0999755859375,487.5,946.2000122070312,546.7000122070312,152.39999389648438,36.000000000001364,226.95697277827193,active,
1.0,178.507,178.555,943.0999755859375,558.2000122070312,1293.9000244140625,583.4000244140625,212.89999389648438,48.00000000000182,351.7040160035842,active,
1.0,178.61,178.632,1275.800048828125,583.9000244140625,1380.0,574.9000244140625,137.8000030517578,21.99999999999136,104.5879047702034,active,
1.0,178.889,178.894,1374.4000244140625,578.7000122070312,1388.0999755859375,578.2999877929688,42.400001525878906,4.9999999999954525,13.705790077321527,active,
1.0,179.055,179.076,1389.9000244140625,580.4000244140625,1359.800048828125,675.9000244140625,110.9000015258789,20.999999999986585,100.13120657554283,active,
1.0,179.29,179.34,1358.0999755859375,712.2999877929688,954.7000122070312,594.9000244140625,210.5,50.00000000001137,420.1360277998918,active,
1.0,179.384,179.55,933.5,593.0,812.2000122070312,401.8999938964844,578.0,166.00000000002524,226.3468563319095,active,
1.0,180.286,180.308,797.0999755859375,410.20001220703125,759.9000244140625,500.5,109.5,21.99999999999136,97.66229652532337,active,
1.0,180.447,180.607,756.5999755859375,537.4000244140625,724.7000122070312,448.5,104.0,159.9999999999966,94.45010325243942,active,
1.0,180.795,180.987,720.7999877929688,385.6000061035156,716.5,443.6000061035156,112.80000305175781,192.00000000000728,58.15917722096557,active,
1.0,181.052,181.175,716.4000244140625,426.6000061035156,721.7000122070312,448.8999938964844,311.3999938964844,123.00000000001887,22.9211545558284,active,
1.0,181.409,181.431,720.9000244140625,443.8999938964844,719.0,561.5,120.0,22.00000000001978,117.61535413508282,active,
1.0,181.644,181.662,718.2000122070312,583.2999877929688,688.2000122070312,647.5999755859375,87.80000305175781,18.000000000000682,70.95412905656676,active,
1.0,181.98,181.996,686.0,660.9000244140625,703.2000122070312,631.5999755859375,54.599998474121094,16.000000000019554,33.97548058898554,active,
1.0,182.134,182.16,701.5,631.4000244140625,715.7000122070312,476.1000061035156,150.39999389648438,26.00000000001046,155.94786319131157,active,
1.0,182.356,182.364,710.0999755859375,442.5,721.9000244140625,419.5,56.79999923706055,8.000000000009777,25.850360777871828,active,
1.0,182.579,182.731,720.2999877929688,430.20001220703125,800.0,464.6000061035156,190.5,151.9999999999868,86.80697855517776,active,
1.0,182.906,182.915,802.0999755859375,470.70001220703125,832.4000244140625,490.1000061035156,72.69999694824219,8.99999999998613,35.9785036121625,active,
1.0,183.189,183.207,833.7000122070312,507.3999938964844,799.7999877929688,466.70001220703125,57.0,18.000000000000682,52.968860331291374,active,
1.0,183.446,183.463,796.7999877929688,447.70001220703125,847.7000122070312,487.1000061035156,90.19999694824219,16.999999999995907,64.36747629350684,active,
1.0,183.603,183.649,848.7000122070312,496.5,1232.0999755859375,536.4000244140625,228.89999389648438,45.99999999999227,385.47054863788156,active,
1.0,183.89,183.912,1218.699951171875,541.5,1326.300048828125,605.0,168.3000030517578,22.00000000001978,124.94010971515327,active,
1.0,184.094,184.107,1346.5,627.5,1389.9000244140625,629.7999877929688,63.79999923706055,13.00000000000523,43.46092570331454,active,
1.0,184.225,184.251,1405.0999755859375,635.0,1304.0999755859375,741.0,134.89999389648438,26.00000000001046,146.4137971640651,active,
1.0,184.444,184.501,1284.5999755859375,781.5,537.0999755859375,727.2999877929688,360.70001220703125,57.00000000001637,749.4624015407593,active,
1.0,184.695,184.741,544.0,745.9000244140625,795.5999755859375,459.1000061035156,254.6999969482422,46.00000000002069,381.51906665037643,active,
1.0,185.006,185.028,772.7000122070312,475.29998779296875,865.2000122070312,436.70001220703125,124.0999984741211,21.99999999999136,100.23077429230491,active,
1.0,185.218,185.233,878.0999755859375,428.20001220703125,830.4000244140625,424.1000061035156,68.0,15.00000000001478,47.8758330668838,active,
1.0,185.336,185.384,826.5999755859375,425.5,424.1000061035156,418.1000061035156,226.6999969482422,47.9999999999734,402.56798847277776,active,
1.0,185.55,185.593,423.3999938964844,418.5,866.0,421.20001220703125,289.0,42.999999999977945,442.60824152827314,active,
1.0,185.761,185.807,840.5999755859375,429.20001220703125,933.0,740.2999877929688,181.60000610351562,45.99999999999227,324.5319080172091,active,
1.0,185.962,186.008,928.5999755859375,736.7000122070312,1301.800048828125,830.7000122070312,212.6999969482422,46.00000000002069,384.8561999864029,active,
1.0,186.156,186.205,1281.699951171875,836.5,810.7000122070312,655.9000244140625,292.8999938964844,49.000000000006594,504.4376013805154,active,
1.0,186.472,186.478,805.5,658.2999877929688,784.9000244140625,654.0999755859375,52.29999923706055,6.000000000000227,21.023774558352564,active,
1.0,186.53,186.545,782.2999877929688,662.2000122070312,751.4000244140625,617.4000244140625,86.9000015258789,14.999999999986358,54.42285037617835,active,
1.0,186.918,187.1,734.2000122070312,631.0999755859375,855.7999877929688,490.70001220703125,141.60000610351562,181.99999999998795,185.73826686845877,active,
1.0,187.244,187.252,851.4000244140625,478.6000061035156,853.2999877929688,507.1000061035156,61.400001525878906,8.000000000009777,28.563260682932977,active,
1.0,187.653,187.674,847.0,510.0,797.7999877929688,465.70001220703125,77.30000305175781,21.000000000015007,66.20521217871901,active,
1.0,187.836,187.879,786.7999877929688,439.1000061035156,1091.699951171875,608.2999877929688,218.1999969482422,42.999999999977945,348.7013356329018,active,
1.0,187.924,188.145,1087.5999755859375,608.4000244140625,941.2000122070312,592.5999755859375,386.1000061035156,221.00000000000364,147.25009616403048,active,
1.0,188.27,188.367,923.2000122070312,605.9000244140625,649.9000244140625,512.4000244140625,287.1000061035156,96.99999999997999,288.8514035410541,active,
1.0,188.571,188.875,42.900001525878906,139.39999389648438,900.7000122070312,354.3999938964844,333.3999938964844,304.00000000000205,884.3335673401666,active,
1.0,188.968,189.092,1201.4000244140625,695.5999755859375,1201.0999755859375,755.7999877929688,593.2999877929688,124.00000000002365,60.2007599538907,active,
1.0,189.243,189.278,1196.699951171875,752.5,934.9000244140625,655.4000244140625,213.8000030517578,34.99999999999659,279.22680191769854,active,
1.0,189.401,189.447,927.5,664.5,715.4000244140625,436.1000061035156,224.10000610351562,45.99999999999227,311.69369075338915,active,
1.0,219.964,219.99,806.0999755859375,847.7999877929688,957.2999877929688,852.0999755859375,158.5,26.00000000001046,151.26114367684147,passive,
1.0,220.133,220.177,968.5,847.9000244140625,1246.4000244140625,607.5,220.1999969482422,43.99999999998272,367.4514870123924,passive,
1.0,220.513,220.636,1230.5999755859375,628.7999877929688,647.2999877929688,520.5999755859375,350.79998779296875,122.99999999999045,593.2504685214157,passive,
1.0,220.748,220.768,657.0,518.7999877929688,590.7000122070312,564.5,106.4000015258789,20.000000000010232,80.52440311527066,passive,
1.0,221.38,221.417,584.7000122070312,578.5999755859375,846.9000244140625,513.2999877929688,193.1999969482422,37.00000000000614,270.20905759639,passive,
1.0,221.509,221.646,840.7000122070312,519.7000122070312,854.5,426.8999938964844,302.79998779296875,137.00000000000045,93.82048316611848,passive,
1.0,222.367,222.389,850.2999877929688,442.20001220703125,788.0999755859375,492.8999938964844,72.19999694824219,22.00000000001978,80.24543390041404,passive,
1.0,222.622,222.655,773.0,493.29998779296875,587.2000122070312,588.0999755859375,138.1999969482422,32.99999999998704,208.58732739410215,passive,
1.0,222.874,222.902,555.0999755859375,591.5,409.20001220703125,604.9000244140625,109.5,27.999999999991587,146.51402652396,passive,
1.0,223.059,223.109,373.1000061035156,605.0,816.4000244140625,366.6000061035156,262.6000061035156,50.00000000001137,503.3383189505593,passive,
1.0,223.247,223.35,811.0,378.8999938964844,910.2999877929688,245.39999389648438,392.5,102.99999999998022,166.3813017609964,passive,
1.0,223.628,223.679,936.4000244140625,272.3999938964844,1281.0,290.3999938964844,162.3000030517578,51.00000000001614,345.0697656617118,passive,
1.0,223.854,224.038,1279.800048828125,294.6000061035156,650.5999755859375,418.0,379.20001220703125,183.9999999999975,641.1866270140282,passive,
1.0,224.194,224.219,649.0,414.1000061035156,794.2000122070312,412.70001220703125,154.89999389648438,25.000000000005684,145.20676130205584,passive,
1.0,224.487,224.513,810.2000122070312,409.70001220703125,931.2999877929688,382.5,104.5,26.00000000001046,124.11706067651339,passive,
1.0,224.833,224.867,952.4000244140625,362.70001220703125,711.7000122070312,363.0,170.89999389648438,33.999999999991815,240.70019914645047,passive,
1.0,225.412,225.428,693.0999755859375,373.6000061035156,756.2999877929688,389.0,95.5,15.999999999991132,65.04922255477506,passive,
1.0,225.65,225.785,843.7999877929688,516.7000122070312,843.4000244140625,519.4000244140625,455.0,134.9999999999909,2.7294755215212807,,
1.0,226.211,226.345,828.7000122070312,523.0,832.5,504.20001220703125,578.2000122070312,133.99999999998613,19.1801837384965,passive,
1.0,226.55,226.669,831.5,507.29998779296875,833.7999877929688,441.79998779296875,517.0,118.99999999999977,65.54036881073988,passive,
1.0,226.696,226.842,828.5999755859375,440.29998779296875,826.0999755859375,519.4000244140625,412.3999938964844,146.000000000015,79.13953369497682,passive,
1.0,226.991,227.03,822.9000244140625,516.5,890.2999877929688,294.5,155.60000610351562,38.99999999998727,232.00593756082603,passive,
1.0,227.111,227.13,882.0,287.1000061035156,831.4000244140625,242.0,87.4000015258789,19.000000000005457,67.78176804889806,passive,
1.0,227.207,227.218,824.4000244140625,232.3000030517578,822.7999877929688,197.89999389648438,66.4000015258789,10.99999999999568,34.437200046922186,passive,
1.0,227.555,227.607,830.4000244140625,192.3000030517578,847.4000244140625,642.9000244140625,227.89999389648438,51.9999999999925,450.92059084910886,passive,
1.0,227.723,227.739,851.4000244140625,642.7999877929688,859.0999755859375,600.7000122070312,51.5,15.999999999991132,42.79833165423382,passive,
1.0,227.925,227.942,861.0,600.2000122070312,878.7999877929688,552.7999877929688,74.0,16.999999999995907,50.632024252280864,passive,
1.0,228.086,228.133,883.5,549.2999877929688,542.7000122070312,244.8000030517578,292.79998779296875,46.999999999997044,457.017365520267,passive,
1.0,228.325,228.33,543.4000244140625,229.8000030517578,531.5999755859375,226.8000030517578,39.20000076293945,5.000000000023874,12.175432326867666,passive,
1.0,228.384,228.419,524.7999877929688,219.5,831.2999877929688,187.0,265.79998779296875,35.00000000002501,308.21826681752657,passive,
1.0,228.587,228.635,816.5,199.8000030517578,874.7000122070312,585.5999755859375,228.89999389648438,48.00000000000182,390.16517044486733,passive,
1.0,228.823,228.832,872.9000244140625,577.7999877929688,880.4000244140625,550.2999877929688,54.79999923706055,8.99999999998613,28.50438562747845,passive,
1.0,229.036,229.048,885.2000122070312,553.2999877929688,850.4000244140625,528.0999755859375,71.5999984741211,12.000000000000455,42.966030368481775,passive,
1.0,229.502,229.548,846.2999877929688,508.6000061035156,845.0999755859375,286.5,122.0999984741211,45.99999999999227,222.10324792870253,passive,
1.0,229.964,229.989,839.7000122070312,276.29998779296875,844.4000244140625,411.70001220703125,132.39999389648438,25.000000000005684,135.48157338204692,passive,
1.0,230.045,230.066,850.5,471.79998779296875,805.9000244140625,569.0,144.1999969482422,21.000000000015007,106.94391144573517,passive,
1.0,230.141,230.294,807.4000244140625,602.7000122070312,693.9000244140625,535.5,269.20001220703125,153.00000000002,131.90182576683748,passive,
1.0,230.394,230.419,699.7999877929688,523.2000122070312,600.0999755859375,564.2999877929688,102.80000305175781,25.000000000005684,107.83923417405578,passive,
1.0,230.596,230.641,577.7999877929688,576.0,1088.0999755859375,691.7999877929688,340.5,44.999999999987494,523.2740340532442,passive,
1.0,230.834,230.971,1058.9000244140625,700.5999755859375,1134.9000244140625,488.6000061035156,491.20001220703125,137.00000000000045,225.2109834367494,passive,
1.0,231.015,231.148,1128.9000244140625,502.1000061035156,1033.5999755859375,478.79998779296875,540.7000122070312,133.00000000000978,98.10703420201239,passive,
1.0,231.262,231.308,1034.9000244140625,478.0,633.7000122070312,443.29998779296875,224.1999969482422,45.99999999999227,402.697827957999,passive,
1.0,231.503,231.639,734.4000244140625,374.79998779296875,715.2999877929688,455.79998779296875,288.3999938964844,136.0000000000241,83.22145996632793,passive,
1.0,231.773,231.815,707.5,454.70001220703125,1069.800048828125,479.8999938964844,255.5,42.00000000000159,363.1753907659638,passive,
1.0,232.048,232.069,1055.0999755859375,482.20001220703125,1144.699951171875,500.5,119.69999694824219,20.999999999986585,91.44968659445149,passive,
1.0,232.676,232.688,1155.699951171875,519.2999877929688,1200.0999755859375,540.7000122070312,84.19999694824219,12.000000000000455,49.28816503879828,passive,
1.0,233.174,233.308,1191.800048828125,558.0999755859375,877.4000244140625,535.4000244140625,755.7999877929688,133.99999999998613,315.2184371745546,passive,
1.0,233.41,233.418,871.5,540.0999755859375,846.0,527.2999877929688,62.599998474121094,8.000000000009777,28.532256964708367,passive,
1.0,233.594,233.756,825.7999877929688,532.7999877929688,816.5999755859375,493.8999938964844,576.7000122070312,162.00000000000614,39.97311283545535,passive,
1.0,233.897,233.905,816.5999755859375,486.8999938964844,832.7999877929688,504.6000061035156,53.20000076293945,8.000000000009777,23.99439158714004,passive,
1.0,234.34,234.365,827.2000122070312,492.3999938964844,747.7000122070312,617.9000244140625,141.60000610351562,25.000000000005684,148.56146088374683,passive,
1.0,234.856,234.992,714.7999877929688,649.2999877929688,705.2000122070312,637.0999755859375,332.70001220703125,135.99999999999568,15.524169192014996,passive,
1.0,236.183,236.208,716.9000244140625,635.0,814.4000244140625,553.7000122070312,128.5,25.000000000005684,126.94856444693208,passive,
1.0,237.204,237.234,823.7000122070312,509.79998779296875,928.2999877929688,387.1000061035156,134.6999969482422,30.000000000001137,161.2341167345511,passive,
1.0,237.39,237.434,958.0,330.20001220703125,588.7000122070312,291.8999938964844,221.10000610351562,44.00000000001114,371.28071911489707,passive,
1.0,237.51,237.646,581.5,310.29998779296875,747.9000244140625,277.3999938964844,473.70001220703125,135.99999999999568,169.62127733096844,passive,
1.0,237.795,237.947,909.2000122070312,316.8999938964844,912.9000244140625,302.79998779296875,455.0,152.00000000001523,14.57738873911779,passive,
1.0,238.173,238.184,906.9000244140625,303.5,870.0999755859375,308.6000061035156,65.69999694824219,10.99999999999568,37.15176518024791,passive,
1.0,238.419,238.451,862.9000244140625,313.6000061035156,702.5,419.6000061035156,152.6999969482422,31.999999999982265,192.2606767699309,passive,
1.0,238.67,238.683,681.2000122070312,440.5,694.7999877929688,484.8999938964844,74.4000015258789,13.00000000000523,46.43617979491795,passive,
1.0,238.847,238.888,690.7000122070312,484.8999938964844,947.5999755859375,346.3999938964844,181.0,40.99999999999682,291.8558568610254,passive,
1.0,239.156,239.176,947.5999755859375,338.0,874.5999755859375,346.0,95.4000015258789,19.99999999998181,73.43704787094863,passive,
1.0,239.959,239.975,864.4000244140625,359.79998779296875,903.0999755859375,385.5,56.0,15.999999999991132,46.45618202292419,passive,
1.0,240.322,240.34,905.0999755859375,409.6000061035156,857.4000244140625,388.6000061035156,64.0,18.000000000000682,52.117994414590235,passive,
1.0,240.714,240.734,835.0999755859375,381.20001220703125,836.5999755859375,460.20001220703125,80.0,20.000000000010232,79.01423922306662,passive,
1.0,241.138,241.156,830.0,494.3999938964844,820.5,444.79998779296875,66.4000015258789,18.000000000000682,50.501590128121585,passive,
1.0,241.72,241.739,826.2000122070312,435.6000061035156,855.5,496.1000061035156,81.30000305175781,19.000000000005457,67.22156859720039,passive,
1.0,242.001,242.045,856.0,519.7999877929688,533.7000122070312,529.5,216.89999389648438,43.99999999998272,322.44592161812864,passive,
1.0,242.154,242.312,517.9000244140625,541.7999877929688,516.4000244140625,529.7999877929688,216.39999389648438,158.00000000001546,12.093386622447824,passive,
1.0,242.422,242.573,513.0999755859375,536.5999755859375,513.7999877929688,522.2000122070312,241.10000610351562,151.00000000001046,14.416967864423984,passive,
1.0,242.779,242.823,514.7000122070312,518.0999755859375,916.7999877929688,524.9000244140625,259.6000061035156,44.00000000001114,402.157470439474,passive,
1.0,242.989,243.032,903.4000244140625,528.5999755859375,1245.0,485.0,212.39999389648438,43.00000000000637,344.3711677701945,passive,
1.0,243.129,243.287,1225.300048828125,493.29998779296875,693.2999877929688,557.5999755859375,299.29998779296875,158.00000000001546,535.871769522883,passive,
1.0,243.482,243.514,687.4000244140625,554.7000122070312,894.9000244140625,501.8999938964844,195.3000030517578,32.00000000001069,214.11233484690715,passive,
1.0,243.826,243.844,912.2999877929688,492.79998779296875,839.7000122070312,498.0,103.9000015258789,18.000000000000682,72.78596418288346,passive,
1.0,243.929,244.155,826.4000244140625,453.1000061035156,827.5999755859375,473.20001220703125,377.0,225.9999999999991,20.135792216256345,passive,
1.0,244.36,244.369,825.9000244140625,474.0,843.7999877929688,493.0,51.0,8.99999999998613,26.103806024528012,passive,
1.0,244.684,244.704,845.0999755859375,493.79998779296875,816.2000122070312,425.5,78.19999694824219,20.000000000010232,74.16263355505792,passive,
1.0,244.811,244.947,807.2000122070312,423.70001220703125,832.7999877929688,456.3999938964844,520.5,135.99999999999568,41.52887612843822,passive,
1.0,245.063,245.302,806.2999877929688,404.3999938964844,802.2999877929688,424.3999938964844,255.3000030517578,239.00000000000432,20.396078054371138,passive,
1.0,245.369,245.502,840.4000244140625,471.20001220703125,850.9000244140625,468.6000061035156,381.6000061035156,133.00000000000978,10.81711753372027,passive,
1.0,245.819,245.838,861.2000122070312,469.3999938964844,797.2000122070312,474.0,63.900001525878906,19.000000000005457,64.16509998552469,passive,
1.0,246.033,246.057,717.7999877929688,481.6000061035156,838.0999755859375,458.6000061035156,146.8000030517578,24.00000000000091,122.47892497482344,passive,
1.0,246.346,246.483,848.5,459.29998779296875,699.2999877929688,517.4000244140625,142.10000610351562,137.00000000000045,160.11326584000062,passive,
1.0,246.645,246.671,709.4000244140625,516.5999755859375,597.9000244140625,504.6000061035156,102.19999694824219,25.999999999982037,112.1438775305146,passive,
1.0,246.776,246.812,592.0,500.79998779296875,884.9000244140625,478.5,227.6999969482422,36.000000000001364,293.7477042588162,passive,
1.0,247.026,247.044,861.5,488.70001220703125,819.5,458.3999938964844,69.5,18.000000000000682,51.788909137183765,passive,
1.0,247.661,247.675,798.9000244140625,452.0,855.0999755859375,459.1000061035156,91.30000305175781,14.000000000010004,56.64666449484112,passive,
1.0,247.769,247.907,858.2000122070312,473.29998779296875,884.9000244140625,345.5,444.0,138.00000000000523,130.55928742046112,passive,
1.0,248.316,248.334,889.0,340.8999938964844,928.7000122070312,337.3999938964844,47.099998474121094,18.000000000000682,39.85399564960119,passive,
1.0,248.443,248.613,953.4000244140625,492.1000061035156,956.2000122070312,495.29998779296875,408.3999938964844,169.9999999999875,4.252036506617657,passive,
1.0,248.677,248.821,947.2999877929688,531.2999877929688,778.7000122070312,672.2000122070312,342.70001220703125,144.00000000000546,219.72430144948038,passive,
1.0,248.956,248.976,780.0999755859375,669.5999755859375,860.9000244140625,656.4000244140625,112.19999694824219,20.000000000010232,81.87115854540761,passive,
1.0,249.139,249.15,877.0999755859375,653.4000244140625,875.2000122070312,624.0999755859375,48.900001525878906,10.99999999999568,29.361585825218878,passive,
1.0,249.391,249.433,879.4000244140625,618.0999755859375,885.4000244140625,319.3999938964844,166.89999389648438,42.00000000000159,298.76023674726133,passive,
1.0,249.661,249.67,873.2000122070312,287.3999938964844,898.7999877929688,303.3999938964844,58.900001525878906,8.99999999998613,30.18871891950031,passive,
1.0,249.794,250.009,869.0999755859375,337.79998779296875,873.4000244140625,374.20001220703125,192.6999969482422,214.999999999975,36.6531335259157,passive,
1.0,250.101,250.2,839.9000244140625,387.29998779296875,853.7000122070312,413.3999938964844,420.3999938964844,98.99999999998954,29.5237189678001,passive,
1.0,250.657,250.678,857.0,441.29998779296875,821.7999877929688,529.7999877929688,110.4000015258789,20.999999999986585,95.24332448720565,passive,
1.0,250.843,250.85,824.2000122070312,564.2999877929688,818.2000122070312,583.0,49.599998474121094,7.000000000005002,19.639003450865772,passive,
1.0,251.279,251.317,824.0,564.2999877929688,954.0999755859375,738.5,165.3000030517578,38.000000000010914,217.4204403923223,passive,
1.0,251.606,251.662,954.4000244140625,747.7999877929688,431.79998779296875,524.9000244140625,283.3999938964844,56.000000000011596,568.150677154121,passive,
1.0,251.893,251.899,425.3999938964844,532.2999877929688,416.5,547.0999755859375,47.79999923706055,6.000000000000227,17.26990243254093,passive,
1.0,251.958,252.015,409.5,553.7000122070312,1201.4000244140625,555.0,401.3999938964844,56.99999999998795,791.9010914471925,passive,
1.0,252.255,252.281,1155.5999755859375,566.2000122070312,1260.5,489.79998779296875,143.5,26.00000000001046,129.77279704368036,passive,
1.0,252.46,252.467,1264.300048828125,443.29998779296875,1247.5999755859375,437.29998779296875,41.29999923706055,7.000000000005002,17.745209108219235,passive,
1.0,252.761,252.769,1247.4000244140625,422.6000061035156,1273.699951171875,422.3999938964844,53.79999923706055,8.000000000009777,26.300687298039637,passive,
1.0,253.021,253.033,1274.5,422.1000061035156,1243.800048828125,437.1000061035156,51.79999923706055,12.000000000000455,34.16850892203974,passive,
1.0,253.292,253.304,1240.5,443.3999938964844,1288.800048828125,445.8999938964844,80.30000305175781,12.000000000000455,48.36470527977255,passive,
1.0,253.542,253.915,1287.5999755859375,455.8999938964844,885.4000244140625,454.29998779296875,489.8999938964844,372.99999999999045,402.20313368022124,passive,
1.0,254.304,254.343,886.7000122070312,437.8999938964844,666.5999755859375,519.7999877929688,159.39999389648438,38.99999999998727,234.8438526358546,passive,
1.0,254.543,254.557,653.2000122070312,518.9000244140625,602.2999877929688,535.2999877929688,81.9000015258789,13.999999999981583,53.47682941407077,passive,
1.0,254.661,254.669,589.4000244140625,537.9000244140625,568.2999877929688,544.7000122070312,47.29999923706055,8.000000000009777,22.168702699887998,passive,
1.0,255.117,255.143,539.4000244140625,538.5999755859375,623.7999877929688,448.1000061035156,94.69999694824219,26.00000000001046,123.74812440873602,passive,
1.0,255.322,255.366,623.7999877929688,423.5,977.5999755859375,459.79998779296875,223.5,44.00000000001114,355.6573076376676,passive,
1.0,255.44,255.556,966.7999877929688,466.29998779296875,1058.4000244140625,412.8999938964844,506.70001220703125,116.00000000001387,106.02889255825643,passive,
1.0,255.593,255.74,1046.4000244140625,424.8999938964844,986.2999877929688,447.70001220703125,458.0,147.00000000001978,64.27950868525741,passive,
1.0,255.866,255.907,985.0999755859375,450.29998779296875,620.7999877929688,433.79998779296875,234.6999969482422,40.99999999999682,364.6734581868513,passive,
1.0,256.119,256.164,603.4000244140625,440.29998779296875,973.2999877929688,460.1000061035156,240.0,44.99999999995907,370.42951236748695,passive,
1.0,257.0,257.02,960.7999877929688,466.0,879.5,472.20001220703125,86.5,19.99999999998181,81.53605439622525,passive,
1.0,257.055,257.25,829.0999755859375,369.0,827.9000244140625,421.5,251.8000030517578,194.99999999999318,52.5137113791711,passive,
1.0,257.321,257.441,833.4000244140625,415.1000061035156,826.9000244140625,444.8999938964844,396.8999938964844,119.9999999999477,30.50064380404267,passive,
1.0,257.987,257.999,849.2999877929688,448.1000061035156,899.0999755859375,432.79998779296875,86.69999694824219,12.000000000000455,52.09730649930864,passive,
1.0,258.136,258.176,900.2000122070312,423.0,589.0999755859375,427.70001220703125,212.5,39.99999999996362,311.1355378294034,passive,
1.0,258.405,258.61,850.7000122070312,328.3999938964844,862.2999877929688,339.0,204.89999389648438,205.00000000004093,15.713674394899321,passive,
1.0,258.759,258.793,869.2999877929688,380.3999938964844,1127.4000244140625,390.0,227.3000030517578,33.999999999991815,258.27851056756055,passive,
1.0,258.957,259.091,1103.5,407.79998779296875,639.7000122070312,439.70001220703125,190.5,134.00000000001455,464.89573049703927,passive,
1.0,259.291,259.322,641.9000244140625,434.6000061035156,883.4000244140625,423.79998779296875,240.8000030517578,31.00000000000591,241.74137088117158,passive,
1.0,259.605,259.644,869.7999877929688,425.6000061035156,1130.699951171875,390.8999938964844,170.5,38.99999999998727,263.19741970293467,passive,
1.0,259.963,260.005,1116.5,393.5,801.0,411.70001220703125,229.89999389648438,41.99999999997317,316.02450924625464,passive,
1.0,260.219,260.238,799.7999877929688,421.1000061035156,890.5,420.29998779296875,123.30000305175781,19.000000000005457,90.70354041410306,passive,
1.0,261.227,261.236,886.2999877929688,429.0,866.5,432.5,41.400001525878906,9.000000000014552,20.106951947068247,passive,
1.0,261.549,261.702,851.2999877929688,453.5,842.7000122070312,509.3999938964844,592.9000244140625,153.00000000002,56.55765993838245,passive,
1.0,262.509,262.551,838.5,497.3999938964844,520.0,427.79998779296875,184.6999969482422,41.99999999997317,326.0159671697222,passive,
1.0,262.685,262.865,496.0,435.5,316.0,327.0,597.0999755859375,180.00000000000682,210.17195340958318,passive,
1.0,263.097,263.16,328.3999938964844,338.29998779296875,348.20001220703125,505.79998779296875,114.5,63.00000000004502,168.66621097628888,passive,
1.0,263.365,263.396,363.1000061035156,516.0999755859375,573.9000244140625,491.3999938964844,191.10000610351562,31.00000000000591,212.24216549777807,passive,
1.0,263.552,263.725,592.2999877929688,496.0,457.1000061035156,746.4000244140625,1362.0,173.00000000000182,284.5684579769718,passive,
1.0,263.807,263.82,455.29998779296875,746.9000244140625,434.29998779296875,724.0,45.20000076293945,12.999999999976808,31.07106561038193,passive,
1.0,263.984,264.009,415.8999938964844,715.9000244140625,552.7999877929688,701.5,141.10000610351562,25.000000000034106,137.65525428396498,passive,
1.0,264.193,264.218,579.0999755859375,693.5999755859375,466.29998779296875,826.0,195.3000030517578,25.000000000034106,173.93563094127163,passive,
1.0,264.468,264.52,455.79998779296875,853.7999877929688,440.3999938964844,415.20001220703125,252.3000030517578,51.999999999964075,438.87025234799944,passive,
1.0,264.589,264.745,432.29998779296875,408.0,923.5999755859375,449.8999938964844,615.5999755859375,156.0000000000059,493.0834488135823,passive,
1.0,264.863,264.885,923.7000122070312,448.20001220703125,822.7000122070312,487.5,140.5,21.99999999999136,108.37660744149308,passive,
1.0,265.819,265.835,805.7000122070312,485.3999938964844,810.7000122070312,531.0,59.20000076293945,15.99999999996271,45.87330985050743,passive,
1.0,265.922,266.066,793.5,575.0,440.8999938964844,617.4000244140625,206.8000030517578,143.9999999999486,355.1401503273213,passive,
1.0,266.153,266.354,435.6000061035156,622.7000122070312,764.2000122070312,579.5,325.1000061035156,200.99999999996498,331.4275261138069,passive,
1.0,266.532,266.656,1309.4000244140625,512.2000122070312,1303.800048828125,494.79998779296875,339.5,124.00000000002365,18.278965402151925,passive,
1.0,266.797,266.993,851.7000122070312,397.6000061035156,844.0,454.1000061035156,104.5999984741211,195.99999999996953,57.02227799718659,passive,
1.0,267.04,267.179,572.9000244140625,412.79998779296875,556.7000122070312,500.6000061035156,211.3000030517578,138.99999999995316,89.28204528817834,passive,
1.0,267.352,267.371,556.5,501.1000061035156,512.7000122070312,548.0999755859375,93.9000015258789,19.000000000005457,64.24512481124773,passive,
1.0,267.453,267.498,509.79998779296875,558.0,963.9000244140625,579.2000122070312,304.29998779296875,45.000000000015916,454.59463676649,passive,
1.0,267.771,267.906,938.7000122070312,593.7999877929688,1167.199951171875,486.1000061035156,584.7000122070312,134.9999999999909,252.6093984056133,passive,
1.0,268.055,268.091,1165.4000244140625,483.70001220703125,863.2000122070312,481.3999938964844,235.60000610351562,36.000000000001364,302.2087647010898,passive,
1.0,268.964,268.99,832.0999755859375,491.79998779296875,972.5,455.3999938964844,138.6999969482422,26.00000000001046,145.04180918319187,passive,
1.0,269.124,269.172,1008.7000122070312,445.5,590.4000244140625,349.3999938964844,240.8000030517578,48.00000000000182,429.1970304658381,passive,
1.0,269.268,269.368,590.7000122070312,367.0,619.2999877929688,345.29998779296875,154.60000610351562,100.00000000002274,35.900545027917424,passive,
1.0,269.503,269.538,613.7000122070312,349.1000061035156,872.2000122070312,392.70001220703125,190.8000030517578,35.00000000002501,262.1511215543939,passive,
1.0,269.685,269.961,865.7999877929688,413.29998779296875,822.7999877929688,407.29998779296875,498.20001220703125,276.00000000001046,43.41658669218482,passive,
1.0,270.173,270.195,820.2999877929688,407.6000061035156,945.4000244140625,412.79998779296875,140.1999969482422,21.99999999999136,125.20806272828298,passive,
1.0,270.499,270.545,960.7000122070312,416.20001220703125,605.7999877929688,392.70001220703125,187.8000030517578,45.99999999999227,355.67720945978834,passive,
1.0,270.824,270.868,597.9000244140625,388.8999938964844,897.0,398.6000061035156,201.60000610351562,43.99999999998272,299.257223191563,passive,
1.0,271.034,271.051,873.2999877929688,400.79998779296875,938.2000122070312,402.6000061035156,108.19999694824219,16.999999999995907,64.92498159309876,passive,
1.0,271.361,271.402,948.4000244140625,405.3999938964844,675.4000244140625,393.8999938964844,172.3000030517578,40.99999999999682,273.2421087607106,passive,
1.0,271.823,271.844,671.7000122070312,385.29998779296875,775.2999877929688,403.79998779296875,114.30000305175781,21.000000000015007,105.23879960075013,passive,
1.0,272.021,272.047,780.5999755859375,412.70001220703125,948.7000122070312,433.3999938964844,167.8000030517578,26.00000000001046,169.36974804833582,passive,
1.0,272.246,272.265,982.4000244140625,440.6000061035156,1022.9000244140625,503.3999938964844,104.19999694824219,19.000000000005457,74.72675870661743,passive,
1.0,272.482,272.497,1022.5,532.5999755859375,966.4000244140625,530.5999755859375,78.0,14.999999999986358,56.135614904824756,passive,
1.0,272.751,272.915,959.9000244140625,557.2000122070312,846.0,490.6000061035156,491.5,164.0000000000441,131.94232215067444,passive,
1.0,272.948,273.101,838.9000244140625,498.3999938964844,865.5999755859375,431.20001220703125,498.79998779296875,153.00000000002,72.30992277442526,passive,
1.0,273.629,273.654,865.0,425.5,1001.7000122070312,455.20001220703125,137.1999969482422,24.999999999977263,139.88918493757942,passive,
1.0,273.87,273.915,1033.699951171875,495.70001220703125,1043.800048828125,248.89999389648438,121.80000305175781,45.000000000015916,247.00660114813138,passive,
1.0,274.055,274.167,1040.5,271.6000061035156,1042.800048828125,267.20001220703125,604.7999877929688,111.99999999996635,4.9648938458801855,passive,
1.0,274.229,274.355,1033.0999755859375,308.20001220703125,980.0999755859375,340.29998779296875,555.5,126.0000000000332,61.962960166681704,passive,
1.0,274.43,274.542,980.0999755859375,349.20001220703125,1040.5,278.6000061035156,437.6000061035156,111.99999999996635,92.91137611205524,passive,
1.0,274.581,274.72,1036.9000244140625,306.1000061035156,1040.5999755859375,335.8999938964844,295.0,139.00000000001,30.028801360283193,passive,
1.0,274.839,275.114,1030.699951171875,346.70001220703125,1048.9000244140625,299.0,556.5,274.99999999997726,51.05422441455672,passive,
1.0,275.318,275.347,1049.4000244140625,339.79998779296875,1013.7000122070312,509.1000061035156,153.6999969482422,28.999999999996362,173.02308248188646,passive,
1.0,275.687,275.713,1015.0,526.5999755859375,923.0,434.0,135.0,26.00000000001046,130.53258397241748,passive,
1.0,276.065,276.079,898.2999877929688,385.79998779296875,958.5,398.5,87.69999694824219,14.000000000010004,61.525050018553046,passive,
1.0,276.408,276.425,959.4000244140625,407.20001220703125,897.5,412.1000061035156,86.30000305175781,16.999999999995907,62.09366282195887,passive,
1.0,277.005,277.022,876.2999877929688,415.3999938964844,931.7999877929688,416.3999938964844,83.19999694824219,16.999999999995907,55.509008277936296,passive,
1.0,277.182,277.209,947.9000244140625,415.0,829.2999877929688,499.79998779296875,133.8000030517578,26.999999999986812,145.79782788578308,passive,
1.0,277.321,277.437,827.7999877929688,530.5,841.4000244140625,493.6000061035156,563.5999755859375,115.99999999998545,39.326461138216786,passive,
1.0,278.013,278.045,832.4000244140625,487.20001220703125,743.7000122070312,339.0,119.69999694824219,32.00000000003911,172.71634486548083,passive,
1.0,278.147,278.265,669.7000122070312,195.39999389648438,654.7000122070312,238.8000030517578,329.8999938964844,117.999999999995,45.91906787683977,passive,
1.0,278.5,278.667,659.7000122070312,204.89999389648438,657.2999877929688,246.0,93.5999984741211,166.99999999997317,41.1700208755973,passive,
1.0,278.745,278.865,638.9000244140625,307.79998779296875,641.7999877929688,309.5,435.8999938964844,120.00000000000455,3.3615218433103506,passive,
1.0,278.982,279.025,643.9000244140625,314.20001220703125,524.5,629.5999755859375,203.6999969482422,42.99999999994952,337.2439810129962,passive,
1.0,279.14,279.35,520.7000122070312,650.2999877929688,653.2000122070312,208.89999389648438,117.0,210.00000000003638,460.85811765858745,passive,
1.0,279.407,279.53,654.5,191.39999389648438,646.2999877929688,236.0,208.3000030517578,122.99999999999045,45.34755500166566,passive,
1.0,279.625,280.316,645.0999755859375,243.39999389648438,646.5999755859375,236.6999969482422,314.6000061035156,690.9999999999741,6.865854579471854,passive,
1.0,280.363,280.728,645.0999755859375,243.39999389648438,646.5999755859375,236.6999969482422,0.0,365.0000000000091,6.865854579471854,passive,
1.0,281.225,281.249,838.2999877929688,496.6000061035156,835.2000122070312,420.70001220703125,77.0,24.00000000000091,75.96327350845127,passive,
1.0,281.719,281.737,823.7000122070312,404.1000061035156,765.0,421.3999938964844,77.0,18.000000000029104,61.196249972874035,passive,
1.0,281.998,282.144,751.5,446.5,937.9000244140625,447.70001220703125,454.8999938964844,146.000000000015,186.40388711306457,passive,
1.0,282.609,282.624,957.0999755859375,455.1000061035156,909.9000244140625,483.8999938964844,93.0,15.000000000043201,55.292627786193464,passive,
1.0,282.973,283.108,909.0999755859375,507.1000061035156,795.0999755859375,410.0,216.6999969482422,134.9999999999909,149.74782531076292,passive,
1.0,283.292,283.429,786.0999755859375,420.79998779296875,824.7000122070312,409.79998779296875,242.5,137.00000000000045,40.136801406561766,passive,
1.0,283.486,283.628,814.5,417.5,817.5999755859375,379.3999938964844,442.70001220703125,141.9999999999959,38.225911548599285,passive,
1.0,283.786,283.794,822.7999877929688,378.20001220703125,847.0999755859375,380.0,52.400001525878906,7.999999999981355,24.36656239179558,passive,
1.0,285.18,285.198,845.2000122070312,400.8999938964844,789.7000122070312,437.3999938964844,85.0,17.99999999997226,66.42665127793211,passive,
1.0,285.228,285.264,782.0999755859375,450.20001220703125,533.5999755859375,383.79998779296875,165.8000030517578,36.000000000001364,257.2182210540072,passive,
1.0,285.41,285.428,510.5,378.20001220703125,465.70001220703125,349.79998779296875,58.79999923706055,17.99999999997226,53.04338123620604,passive,
1.0,286.181,286.189,451.29998779296875,304.0,450.6000061035156,329.20001220703125,56.20000076293945,8.000000000038199,25.209732041417926,passive,
1.0,286.348,286.359,454.29998779296875,339.6000061035156,459.79998779296875,374.20001220703125,61.29999923706055,10.999999999967258,35.03441768266341,passive,
1.0,286.546,286.59,469.0,369.3999938964844,850.7000122070312,504.5,244.5,43.99999999998272,404.90358231067523,passive,
1.0,286.764,286.896,842.9000244140625,530.0,826.5999755859375,543.5999755859375,217.89999389648438,132.000000000005,21.228540405250552,passive,
1.0,286.953,287.007,823.4000244140625,536.2999877929688,1341.699951171875,291.29998779296875,289.29998779296875,54.00000000003047,573.2885958024577,passive,
1.0,287.163,287.314,1315.9000244140625,303.6000061035156,1056.699951171875,548.9000244140625,545.0,151.00000000001046,356.8708126926465,passive,
1.0,287.491,287.517,1047.4000244140625,543.5,887.2000122070312,521.2999877929688,159.3000030517578,26.00000000001046,161.73090135507593,passive,
1.0,287.726,287.868,840.0999755859375,529.0,848.5,491.3999938964844,546.7999877929688,141.9999999999959,38.52688501736493,passive,
1.0,288.496,288.52,855.0999755859375,506.79998779296875,763.9000244140625,490.0,90.9000015258789,24.00000000000091,92.73440938290534,passive,
1.0,288.65,288.773,737.0999755859375,497.6000061035156,752.2999877929688,490.29998779296875,450.3999938964844,123.0000000000473,16.86210658334891,passive,
1.0,288.897,289.144,825.5999755859375,438.20001220703125,822.2000122070312,472.1000061035156,347.20001220703125,247.0000000000141,34.07006511821751,passive,
1.0,289.236,289.424,792.0,447.29998779296875,783.2000122070312,482.29998779296875,83.0999984741211,187.99999999998818,36.08933062771322,passive,
1.0,289.497,289.623,767.2000122070312,493.8999938964844,774.0999755859375,459.79998779296875,305.1000061035156,125.99999999997635,34.791089532954416,passive,
1.0,289.833,289.878,769.9000244140625,488.6000061035156,1170.5,432.3999938964844,235.89999389648438,44.99999999995907,404.5229064113974,passive,
1.0,290.106,290.245,1154.0,430.29998779296875,1154.0,430.29998779296875,17.299999237060547,139.00000000001,0.0,passive,
1.0,290.539,290.65,836.5999755859375,506.8999938964844,830.7000122070312,482.3999938964844,162.60000610351562,110.99999999999,25.200388248446387,,
1.0,290.778,290.784,828.2999877929688,478.8999938964844,838.0,495.0,47.29999923706055,5.999999999971806,18.796287754495452,passive,
1.0,291.279,291.404,836.0999755859375,480.8999938964844,827.2000122070312,499.29998779296875,375.29998779296875,125.0,20.439401251908887,passive,
1.0,292.072,292.097,825.4000244140625,492.70001220703125,761.2000122070312,405.20001220703125,107.5,24.999999999977263,108.52599489238955,passive,
1.0,292.464,292.478,734.0999755859375,378.3999938964844,700.5999755859375,391.20001220703125,57.900001525878906,14.000000000010004,35.862103518203384,passive,
1.0,292.858,292.986,703.0999755859375,412.5,710.7000122070312,382.3999938964844,400.20001220703125,127.9999999999859,31.044660153940224,passive,
1.0,293.192,293.212,712.4000244140625,379.8999938964844,813.0999755859375,380.79998779296875,108.9000015258789,19.99999999998181,100.70397288603722,passive,
1.0,293.555,293.571,828.4000244140625,389.3999938964844,773.0999755859375,394.70001220703125,80.4000015258789,16.000000000019554,55.55344808817128,passive,
1.0,293.829,293.877,756.2999877929688,401.1000061035156,1160.5,421.5,220.5,48.00000000000182,404.71447913206765,passive,
1.0,294.174,294.211,1150.4000244140625,421.5,1415.300048828125,455.3999938964844,174.8000030517578,37.00000000003456,267.06035370446244,passive,
1.0,294.331,294.379,1412.5,463.20001220703125,990.0999755859375,396.3999938964844,253.39999389648438,48.00000000000182,427.64941607734016,passive,
1.0,294.592,294.616,992.5,407.8999938964844,873.9000244140625,440.1000061035156,146.89999389648438,24.00000000000091,122.89342942207257,passive,
1.0,294.694,294.872,842.4000244140625,473.6000061035156,848.5999755859375,456.70001220703125,430.70001220703125,177.99999999999727,18.00136628800279,passive,
1.0,295.581,295.601,856.7999877929688,469.20001220703125,942.5999755859375,475.1000061035156,95.0999984741211,19.99999999998181,86.00260364228596,passive,
1.0,295.68,295.822,942.4000244140625,487.20001220703125,800.7999877929688,441.5,431.20001220703125,141.9999999999959,148.79200746954757,passive,
1.0,296.1,296.266,804.7999877929688,454.6000061035156,855.4000244140625,461.79998779296875,591.2000122070312,165.99999999999682,51.10971964689778,passive,
1.0,296.319,296.456,845.7000122070312,472.20001220703125,864.9000244140625,469.8999938964844,266.20001220703125,137.00000000000045,19.337284012471862,passive,
1.0,296.502,296.653,864.2999877929688,478.8999938964844,799.0,458.3999938964844,127.5999984741211,151.00000000001046,68.44222677384093,passive,
1.0,296.82,296.85,802.5,452.5,628.5,437.3999938964844,141.8000030517578,30.00000000002956,174.65397271269327,passive,
1.0,297.079,297.116,586.9000244140625,446.8999938964844,863.4000244140625,420.5,211.5,36.99999999997772,277.75746556615616,passive,
1.0,297.511,297.524,852.5999755859375,422.1000061035156,835.5,456.20001220703125,56.70000076293945,12.999999999976808,38.14734042236053,passive,
1.0,298.303,298.351,834.7999877929688,457.70001220703125,504.20001220703125,383.6000061035156,166.3000030517578,48.00000000000182,338.8025306309909,passive,
1.0,298.448,298.539,492.79998779296875,395.29998779296875,304.1000061035156,312.5,471.79998779296875,91.00000000000819,206.06678788226822,passive,
1.0,298.715,298.722,309.29998779296875,308.6000061035156,329.70001220703125,318.20001220703125,50.400001525878906,7.000000000005002,22.545977762826862,passive,
1.0,298.846,298.97,325.0,334.5,337.5,316.70001220703125,338.6000061035156,124.00000000002365,21.750622184890172,passive,
1.0,299.049,299.175,334.20001220703125,329.0,323.5,314.5,551.5999755859375,126.0000000000332,18.020551080103456,passive,
1.0,299.233,299.385,314.5,327.5,347.3999938964844,329.5,655.2000122070312,151.9999999999868,32.96072812285416,passive,
1.0,299.447,299.662,279.3999938964844,308.3999938964844,341.0,329.0,627.5,214.999999999975,64.9532216554194,passive,
1.0,299.928,299.977,333.79998779296875,350.1000061035156,812.7999877929688,415.79998779296875,288.0,48.99999999997817,483.48473356869755,passive,
1.0,300.103,300.123,784.0999755859375,412.20001220703125,815.4000244140625,498.3999938964844,122.9000015258789,19.99999999998181,91.70676038278238,passive,
1.0,300.784,300.975,732.0999755859375,285.6000061035156,734.2000122070312,321.20001220703125,85.0,191.00000000003092,35.66189266402282,passive,
1.0,301.027,301.156,734.0999755859375,336.8999938964844,809.5999755859375,322.79998779296875,549.4000244140625,129.0000000000191,76.80533947662218,passive,
1.0,301.325,301.342,815.5,375.29998779296875,872.4000244140625,346.20001220703125,88.5,16.999999999995907,63.90947783719616,passive,
1.0,302.021,302.046,876.9000244140625,314.0,803.5999755859375,448.70001220703125,156.60000610351562,24.999999999977263,153.3525038816774,passive,
1.0,302.216,302.247,787.9000244140625,491.29998779296875,982.0,477.8999938964844,157.3000030517578,31.00000000000591,194.56197048469505,passive,
1.0,302.426,302.453,977.0,480.29998779296875,879.4000244140625,414.1000061035156,123.4000015258789,26.999999999986812,117.93300136119458,passive,
1.0,302.697,302.848,842.2000122070312,392.8999938964844,830.0999755859375,449.1000061035156,336.0,151.00000000001046,57.48784443951844,passive,
1.0,303.717,303.726,822.2999877929688,444.8999938964844,819.5,425.1000061035156,38.70000076293945,9.000000000014552,19.996985978954065,passive,
1.0,303.852,303.947,809.9000244140625,424.29998779296875,646.4000244140625,331.29998779296875,250.89999389648438,95.00000000002728,188.09904305976679,passive,
1.0,304.08,304.087,651.9000244140625,327.1000061035156,670.2000122070312,328.79998779296875,42.900001525878906,7.000000000005002,18.378778277330657,passive,
1.0,304.345,304.488,672.0999755859375,338.79998779296875,674.7000122070312,348.5,193.10000610351562,142.99999999997226,10.042431341442363,passive,
1.0,304.542,304.565,673.7000122070312,349.8999938964844,791.4000244140625,385.6000061035156,145.6999969482422,23.000000000024556,122.99505577508994,passive,
1.0,304.782,304.787,816.2999877929688,407.0,828.4000244140625,410.6000061035156,37.400001525878906,4.9999999999954525,12.624219982920117,passive,
1.0,304.903,304.931,830.4000244140625,416.6000061035156,684.9000244140625,371.3999938964844,126.5999984741211,27.999999999963165,152.35908605500288,passive,
1.0,305.148,305.156,674.2000122070312,361.3999938964844,700.7999877929688,362.79998779296875,57.900001525878906,7.999999999981355,26.636791925505303,passive,
1.0,305.253,305.276,696.9000244140625,359.3999938964844,830.5,395.1000061035156,170.5,23.000000000024556,138.28754227386239,passive,
1.0,305.933,306.11,819.2000122070312,427.20001220703125,844.7000122070312,445.6000061035156,379.0,177.00000000002092,31.445345846256203,passive,
1.0,307.577,307.724,834.9000244140625,404.8999938964844,836.9000244140625,442.70001220703125,292.70001220703125,146.99999999999136,37.852891359547144,passive,
1.0,307.789,307.904,834.5,454.70001220703125,847.5999755859375,482.5,123.30000305175781,115.0000000000091,30.731883795845807,passive,
1.0,308.082,308.092,852.0,478.79998779296875,843.2999877929688,513.5,66.69999694824219,9.999999999990905,35.77402772362389,passive,
1.0,308.188,308.197,844.7000122070312,521.9000244140625,840.9000244140625,550.5,58.70000076293945,9.000000000014552,28.851317313823515,passive,
1.0,308.387,308.427,840.2000122070312,548.0999755859375,898.5,786.0999755859375,159.89999389648438,40.000000000020464,245.03650457974686,passive,
1.0,308.609,308.655,892.5999755859375,787.7999877929688,827.9000244140625,464.70001220703125,170.10000610351562,45.99999999999227,329.5143060707326,passive,
1.0,309.065,309.08,806.5999755859375,419.6000061035156,849.0,396.1000061035156,69.19999694824219,14.999999999986358,48.47692306977719,passive,
1.0,309.636,309.651,840.0999755859375,399.70001220703125,862.4000244140625,451.79998779296875,86.19999694824219,14.999999999986358,56.67185927594085,passive,
1.0,309.806,309.813,872.2000122070312,462.79998779296875,890.2999877929688,467.1000061035156,45.29999923706055,7.000000000005002,18.60374353947538,passive,
1.0,309.911,310.038,908.5999755859375,395.20001220703125,892.5,464.3999938964844,274.5,127.00000000000955,71.04819969350689,passive,
1.0,310.31,310.317,890.5999755859375,459.29998779296875,907.9000244140625,456.8999938964844,45.29999923706055,7.000000000005002,17.465728159990107,passive,
1.0,310.474,310.506,913.7999877929688,451.1000061035156,808.7000122070312,605.0,134.8000030517578,31.999999999982265,186.36312132367442,passive,
1.0,310.774,310.783,801.7999877929688,631.5,828.7999877929688,633.2000122070312,55.20000076293945,9.000000000014552,27.05346634914009,passive,
1.0,310.912,310.951,828.5999755859375,630.7999877929688,881.5999755859375,432.0,157.1999969482422,39.00000000004411,205.74361508072255,passive,
1.0,311.455,311.61,882.2999877929688,449.3999938964844,883.2000122070312,429.0,442.79998779296875,155.00000000002956,20.419838268764725,passive,
1.0,312.102,312.125,883.7999877929688,437.29998779296875,840.7000122070312,543.0999755859375,130.39999389648438,23.000000000024556,114.2420470426749,passive,
1.0,312.205,312.344,819.2999877929688,497.6000061035156,820.2999877929688,544.9000244140625,261.20001220703125,139.00000000001,47.31058795003577,passive,
1.0,312.45,312.49,819.5999755859375,546.5,600.5999755859375,421.3999938964844,146.39999389648438,40.000000000020464,252.21223508604743,passive,
1.0,312.834,312.882,584.5,418.6000061035156,1048.5,389.79998779296875,269.70001220703125,48.00000000000182,464.8929350449282,passive,
1.0,313.094,313.136,1028.699951171875,399.20001220703125,1316.4000244140625,413.6000061035156,179.39999389648438,42.00000000003001,288.06022281422133,passive,
1.0,313.319,313.37,1307.699951171875,417.70001220703125,827.7999877929688,495.79998779296875,269.6000061035156,50.99999999998772,486.2135138368735,passive,
1.0,313.689,313.738,836.0,499.70001220703125,1046.699951171875,376.70001220703125,131.10000610351562,48.99999999997817,243.9743212385896,passive,
1.0,314.172,314.318,1060.800048828125,383.79998779296875,977.4000244140625,474.0,459.29998779296875,145.99999999995816,122.84789894180041,passive,
1.0,314.408,314.595,966.0,483.0,870.7999877929688,492.29998779296875,430.3999938964844,187.00000000001182,95.65318654999564,passive,
1.0,315.256,315.281,863.0,485.0,748.5999755859375,559.0999755859375,132.89999389648438,25.000000000034106,136.30176802879203,passive,
1.0,315.467,315.655,553.2000122070312,462.70001220703125,538.2999877929688,547.0,201.60000610351562,187.99999999998818,85.6066508481341,passive,
1.0,315.886,316.005,932.5999755859375,501.70001220703125,942.7000122070312,510.20001220703125,325.5,118.99999999997135,13.200785573117793,passive,
1.0,316.158,316.207,940.9000244140625,504.29998779296875,452.8999938964844,480.6000061035156,275.79998779296875,48.99999999997817,488.5751926952878,passive,
1.0,316.474,316.534,444.70001220703125,475.29998779296875,965.5999755859375,425.70001220703125,236.6999969482422,60.000000000002274,523.2560839840006,passive,
1.0,316.747,316.755,949.9000244140625,427.1000061035156,931.0,440.20001220703125,50.099998474121094,7.999999999981355,22.99611016594557,passive,
1.0,317.029,317.074,929.2999877929688,447.79998779296875,667.5,461.6000061035156,137.6999969482422,45.000000000015916,262.1634492330501,passive,
1.0,317.309,317.334,660.0999755859375,459.6000061035156,521.7999877929688,472.29998779296875,119.30000305175781,24.999999999977263,138.88187843792923,passive,
1.0,318.103,318.237,498.0,500.29998779296875,847.5999755859375,490.0,329.79998779296875,134.00000000001455,349.75167287408846,passive,
1.0,318.843,318.865,864.7999877929688,497.8999938964844,793.0,462.70001220703125,83.80000305175781,21.99999999999136,79.9642229875855,passive,
1.0,319.133,319.153,773.7999877929688,447.79998779296875,829.0999755859375,502.8999938964844,112.4000015258789,20.000000000038654,78.06471240265958,passive,
1.0,319.248,319.29,834.2000122070312,517.2000122070312,1153.0999755859375,539.5,212.39999389648438,42.00000000003001,319.6787076091154,passive,
1.0,319.475,319.613,1133.300048828125,553.7000122070312,1122.699951171875,563.0,551.7000122070312,137.9999999999768,14.101483725885178,passive,
1.0,319.759,319.907,1118.199951171875,566.5999755859375,1089.0999755859375,542.2999877929688,519.0,147.9999999999677,37.911713042812885,passive,
1.0,319.972,320.101,1073.9000244140625,549.5,773.2999877929688,502.29998779296875,301.1000061035156,129.0000000000191,304.28312994470593,passive,
1.0,320.372,320.403,769.0999755859375,503.70001220703125,977.7000122070312,503.29998779296875,177.89999389648438,31.00000000000591,208.60042017659865,passive,
1.0,320.621,320.742,971.2000122070312,518.0999755859375,1017.0,511.70001220703125,542.0,121.00000000003774,46.24498257203075,passive,
1.0,320.99,321.028,1016.5999755859375,510.29998779296875,761.2000122070312,492.5,194.89999389648438,38.000000000010914,256.0194931238176,passive,
1.0,321.216,321.25,766.5,494.29998779296875,1014.2999877929688,496.20001220703125,200.0,33.999999999991815,247.80727197354298,passive,
1.0,321.609,321.81,996.0999755859375,515.5999755859375,891.9000244140625,508.5,803.7999877929688,201.00000000002183,104.44156010679869,passive,
1.0,321.976,321.988,894.5,510.3999938964844,854.2000122070312,521.0999755859375,72.4000015258789,12.000000000000455,41.69626631088283,passive,
1.0,322.136,322.275,844.7000122070312,540.7000122070312,828.7999877929688,506.0,516.2000122070312,138.99999999995316,38.169380706737975,passive,
1.0,322.478,322.484,826.2999877929688,497.0,848.2999877929688,499.29998779296875,52.70000076293945,5.999999999971806,22.11989927300315,passive,
1.0,322.685,322.69,837.2999877929688,492.29998779296875,825.5,491.29998779296875,38.0,4.9999999999954525,11.842284911038558,passive,
1.0,322.902,322.926,821.0999755859375,492.5,706.7999877929688,511.29998779296875,103.5,24.00000000000091,115.83577491642458,passive,
1.0,323.032,323.056,664.5999755859375,533.7000122070312,768.7999877929688,594.2000122070312,144.6999969482422,24.00000000000091,120.49021762759607,passive,
1.0,323.182,323.201,779.0999755859375,602.7999877929688,863.7999877929688,615.7000122070312,109.9000015258789,19.000000000005457,85.67673370148194,passive,
1.0,323.45,323.478,868.7000122070312,622.0999755859375,1007.9000244140625,552.4000244140625,150.10000610351562,28.00000000002001,155.67506734156055,passive,
1.0,323.645,323.688,1035.199951171875,515.7000122070312,655.9000244140625,533.0,242.0,43.00000000000637,379.6942507019547,passive,
1.0,324.132,324.159,664.0,568.5,690.7000122070312,465.8999938964844,94.9000015258789,26.999999999986812,106.01722456420495,passive,
1.0,324.421,324.544,673.4000244140625,468.5,846.0999755859375,481.79998779296875,280.5,122.99999999999045,173.21132413921765,passive,
1.0,325.146,325.413,837.0,498.1000061035156,1002.0999755859375,514.4000244140625,89.4000015258789,266.9999999999959,165.90265982015273,passive,
1.0,325.546,325.673,981.9000244140625,557.4000244140625,904.0999755859375,572.2999877929688,412.8999938964844,127.00000000000955,79.21399185971744,passive,
1.0,325.754,325.793,902.2000122070312,567.5999755859375,1271.699951171875,557.2000122070312,253.10000610351562,38.99999999998727,369.64626892923707,passive,
1.0,325.975,325.989,1264.800048828125,557.7000122070312,1224.0,553.7000122070312,55.0,13.999999999953161,40.99565811616377,passive,
1.0,326.243,326.296,1216.0999755859375,551.4000244140625,607.4000244140625,537.5999755859375,310.20001220703125,52.99999999999727,608.8563639351252,passive,
1.0,326.489,326.537,610.5999755859375,540.5,1111.4000244140625,530.7000122070312,286.29998779296875,48.00000000000182,500.89592598362657,passive,
1.0,326.671,326.694,1086.199951171875,533.5,1222.699951171875,527.5,166.6999969482422,23.000000000024556,136.63180449661053,passive,
1.0,326.885,326.893,1239.5999755859375,528.5999755859375,1265.199951171875,527.4000244140625,55.20000076293945,7.999999999981355,25.628082893877963,passive,
1.0,327.424,327.465,1283.800048828125,531.2999877929688,925.9000244140625,532.5,240.39999389648438,40.99999999999682,357.90203618432173,passive,
1.0,328.041,328.142,913.7000122070312,554.5,882.7999877929688,564.7999877929688,620.9000244140625,100.99999999999909,32.571479200751135,passive,
1.0,328.327,328.351,875.7000122070312,560.2999877929688,734.7999877929688,558.5,146.8000030517578,24.00000000000091,140.91152130304408,passive,
1.0,343.113,343.275,407.70001220703125,538.5,545.2000122070312,508.0,1107.199951171875,161.99999999997772,140.84211018015884,constant,
1.0,343.427,343.462,537.0,501.29998779296875,736.2999877929688,419.70001220703125,178.10000610351562,34.99999999996817,215.35793728094418,constant,
1.0,343.742,343.764,724.2000122070312,417.8999938964844,739.2000122070312,342.70001220703125,84.30000305175781,21.99999999999136,76.68140091374235,constant,
1.0,343.919,343.94,735.9000244140625,282.79998779296875,795.0,219.1999969482422,79.4000015258789,21.000000000015007,86.82030839445176,constant,
1.0,344.091,344.135,810.2000122070312,189.89999389648438,1158.300048828125,192.10000610351562,208.1999969482422,43.99999999998272,348.1069886533706,constant,
1.0,344.341,344.363,1154.5,192.0,1279.9000244140625,246.89999389648438,177.89999389648438,21.99999999999136,136.89110801246915,constant,
1.0,344.488,344.63,1289.9000244140625,289.3999938964844,1312.4000244140625,342.79998779296875,570.2999877929688,141.9999999999959,57.946607736299526,constant,
1.0,344.74,344.791,1310.5,344.29998779296875,836.7999877929688,658.2000122070312,320.6000061035156,50.99999999998772,568.2648386906325,constant,
1.0,344.968,344.991,834.2999877929688,658.2000122070312,959.0,690.2000122070312,160.39999389648438,22.999999999967713,128.74040952410297,constant,
1.0,345.223,345.279,981.7000122070312,691.2999877929688,317.6000061035156,597.4000244140625,323.5,55.999999999983174,670.7056144309882,constant,
1.0,345.458,345.587,316.79998779296875,621.7000122070312,328.0,527.5999755859375,358.0,128.99999999996226,94.76421880398125,constant,
1.0,345.798,345.846,321.6000061035156,532.0,744.5999755859375,356.70001220703125,269.1000061035156,48.00000000000182,457.8854222426663,constant,
1.0,346.07,346.119,735.0999755859375,370.70001220703125,1301.300048828125,416.8999938964844,320.20001220703125,49.000000000035016,568.0818261901751,constant,
1.0,346.539,346.559,1287.5,420.8999938964844,1341.0,390.8999938964844,73.5,20.000000000038654,61.33718285020922,constant,
1.0,346.74,346.806,1333.4000244140625,372.5,358.79998779296875,547.0999755859375,406.0,65.99999999997408,990.1163481411905,constant,
1.0,347.016,347.035,384.1000061035156,552.0999755859375,305.5,620.4000244140625,169.1999969482422,19.000000000005457,104.12904315990305,constant,
1.0,347.139,347.186,293.6000061035156,631.7000122070312,913.5999755859375,661.7999877929688,384.20001220703125,46.99999999996862,620.73019153935,constant,
1.0,347.406,347.457,891.5999755859375,667.7999877929688,299.1000061035156,655.0,317.6000061035156,50.99999999998772,592.6382147011539,constant,
1.0,347.636,347.693,312.1000061035156,659.4000244140625,929.2999877929688,676.2000122070312,378.5,56.99999999995953,617.4285845239959,constant,
1.0,347.791,347.842,917.0999755859375,698.2999877929688,1252.0999755859375,374.6000061035156,267.79998779296875,50.99999999998772,465.8397558664914,constant,
1.0,347.976,348.188,1250.5,389.6000061035156,836.7999877929688,326.20001220703125,154.1999969482422,211.9999999999891,418.5298786540479,constant,
1.0,348.285,348.397,824.9000244140625,358.20001220703125,842.4000244140625,324.20001220703125,400.0,111.99999999996635,38.23937760999779,constant,
1.0,348.577,348.622,842.0999755859375,318.1000061035156,1286.800048828125,351.20001220703125,271.8999938964844,45.000000000015916,445.9302249743335,constant,
1.0,348.809,348.925,1260.300048828125,370.20001220703125,510.79998779296875,403.8999938964844,175.5,115.99999999998545,750.2573093663083,constant,
1.0,349.119,349.163,505.1000061035156,404.5,781.4000244140625,371.79998779296875,240.6999969482422,43.99999999998272,278.2283071808987,constant,
1.0,349.406,349.531,759.2000122070312,391.20001220703125,779.5,336.29998779296875,146.3000030517578,125.0,58.53291539859721,constant,
1.0,349.738,349.76,778.0999755859375,341.1000061035156,812.2000122070312,266.8999938964844,71.69999694824219,21.99999999999136,81.66060438842908,constant,
1.0,349.93,351.372,817.2999877929688,233.8000030517578,817.2999877929688,233.5,5.300000190734863,1442.0000000000073,0.3000030517578125,constant,
1.0,351.475,351.681,866.0,246.39999389648438,755.2000122070312,372.8999938964844,172.89999389648438,205.99999999996044,168.16327570228293,constant,
1.0,352.016,352.27,750.5999755859375,383.8999938964844,750.4000244140625,387.70001220703125,42.20000076293945,253.99999999996226,3.805275237302252,constant,
1.0,352.304,352.423,722.9000244140625,287.1000061035156,712.2000122070312,335.6000061035156,244.89999389648438,119.0000000000282,49.66628898186996,constant,
1.0,352.699,352.742,717.2000122070312,342.70001220703125,375.70001220703125,494.5,220.3000030517578,43.00000000000637,373.7184585940939,constant,
1.0,353.041,353.083,372.0,499.3999938964844,765.0999755859375,488.5,259.29998779296875,42.00000000003001,393.2510656979941,constant,
1.0,353.186,353.312,742.5999755859375,507.3999938964844,827.7000122070312,400.70001220703125,487.6000061035156,126.0000000000332,136.48041004276448,constant,
1.0,353.336,353.471,827.5,402.8999938964844,791.5,385.29998779296875,114.0999984741211,134.9999999999909,40.0719379971045,constant,
1.0,353.758,353.804,791.2999877929688,378.79998779296875,361.3999938964844,502.3999938964844,257.29998779296875,45.99999999999227,447.31528730973014,constant,
1.0,354.217,354.336,352.20001220703125,507.5,342.20001220703125,461.0,1067.4000244140625,119.0000000000282,47.563115961845895,constant,
1.0,354.502,354.644,340.5,468.79998779296875,486.1000061035156,447.8999938964844,695.7999877929688,141.9999999999959,147.09239110918304,constant,
1.0,354.829,354.875,480.3999938964844,446.79998779296875,885.7000122070312,393.70001220703125,235.8000030517578,45.99999999999227,408.76363861008576,constant,
1.0,354.98,355.026,862.5999755859375,395.70001220703125,1330.0999755859375,414.5,288.29998779296875,45.99999999999227,467.8778575023783,constant,
1.0,355.205,355.379,1295.699951171875,433.5,790.2000122070312,746.4000244140625,578.7000122070312,174.00000000003502,594.5053520127314,constant,
1.0,355.48,355.644,780.5,759.7000122070312,815.0,528.4000244140625,629.2000122070312,163.99999999998727,233.85879148115748,constant,
1.0,355.759,355.904,799.2999877929688,545.7999877929688,408.79998779296875,501.0,124.80000305175781,144.9999999999818,393.06143146618973,constant,
1.0,356.115,356.156,410.20001220703125,505.1000061035156,780.0999755859375,412.6000061035156,267.70001220703125,40.99999999999682,381.2902213638794,constant,
1.0,356.25,356.433,761.0999755859375,431.3999938964844,544.5,410.0,106.0999984741211,182.99999999999272,217.65456384509443,constant,
1.0,356.493,356.639,526.7999877929688,436.29998779296875,534.0,452.0,469.0,146.000000000015,17.272248234735663,constant,
1.0,356.888,356.922,529.2999877929688,458.70001220703125,345.1000061035156,480.29998779296875,125.9000015258789,34.00000000004866,185.46210448419905,constant,
1.0,357.282,357.344,342.5,475.0,1198.5,429.3999938964844,387.0,62.00000000001182,857.2137193002925,constant,
1.0,357.608,357.721,1162.199951171875,458.1000061035156,658.9000244140625,373.20001220703125,457.20001220703125,112.99999999999955,510.41044781434726,constant,
1.0,357.983,358.03,670.5999755859375,380.5,322.70001220703125,501.6000061035156,217.39999389648438,46.99999999996862,368.3742607692832,constant,
1.0,358.382,358.501,325.70001220703125,510.6000061035156,361.1000061035156,518.2999877929688,122.0999984741211,118.99999999997135,36.22774193748548,constant,
1.0,358.543,358.667,354.20001220703125,522.0999755859375,434.8999938964844,523.2999877929688,459.5,123.9999999999668,80.7089033129251,constant,
1.0,358.748,358.886,427.79998779296875,531.9000244140625,413.79998779296875,517.4000244140625,829.7000122070312,138.00000000003365,20.155644370746373,constant,
1.0,358.93,359.069,408.3999938964844,524.5,692.7999877929688,410.29998779296875,215.1999969482422,139.00000000001,306.4718572991759,constant,
1.0,359.342,359.378,691.4000244140625,400.5,877.0999755859375,431.1000061035156,136.8000030517578,36.000000000001364,188.20423012985643,constant,
1.0,359.536,359.585,861.5999755859375,432.1000061035156,1310.300048828125,447.6000061035156,261.3999938964844,48.99999999997817,448.9677112304897,constant,
1.0,359.929,360.071,1282.199951171875,461.6000061035156,860.0999755859375,673.5,669.0999755859375,142.00000000005275,472.30286554601713,constant,
1.0,360.22,360.397,787.5,721.7000122070312,784.5999755859375,698.5999755859375,637.7000122070312,176.99999999996407,23.28136236344495,constant,
1.0,360.619,360.64,791.7000122070312,701.7999877929688,754.2000122070312,618.5999755859375,99.0999984741211,20.999999999958163,91.26057216153178,constant,
1.0,360.793,361.031,753.2000122070312,597.9000244140625,356.20001220703125,406.20001220703125,393.0,237.99999999999955,440.860402712895,constant,
1.0,361.236,361.363,342.79998779296875,436.6000061035156,397.8999938964844,401.6000061035156,555.7999877929688,127.00000000000955,65.27641743085675,constant,
1.0,361.47,361.515,397.3999938964844,404.8999938964844,772.4000244140625,644.2000122070312,300.20001220703125,44.99999999995907,444.8477510920029,constant,
1.0,361.73,361.75,761.9000244140625,647.7999877929688,719.0,608.5,82.19999694824219,19.99999999998181,58.17990319048882,constant,
1.0,362.037,362.059,707.9000244140625,589.5999755859375,822.7000122070312,583.2000122070312,138.1999969482422,22.000000000048203,114.97824458790939,constant,
1.0,362.162,362.297,818.5999755859375,590.7000122070312,323.29998779296875,496.6000061035156,158.39999389648438,135.00000000004775,504.15958689327397,constant,
1.0,362.529,362.55,310.29998779296875,489.79998779296875,390.20001220703125,446.79998779296875,97.69999694824219,21.000000000015007,90.73595704773155,constant,
1.0,362.72,362.739,390.3999938964844,434.20001220703125,481.3999938964844,422.1000061035156,112.80000305175781,18.999999999948614,91.80092672574234,constant,
1.0,362.962,363.096,491.79998779296875,444.29998779296875,443.1000061035156,421.5,274.6000061035156,134.00000000001455,53.77292683044688,constant,
1.0,363.28,363.299,435.0,424.8999938964844,369.29998779296875,457.8999938964844,83.5,19.000000000005457,73.52204842089246,constant,
1.0,363.542,363.561,365.6000061035156,469.1000061035156,445.29998779296875,458.3999938964844,109.0,19.000000000005457,80.41503181949119,constant,
1.0,363.773,363.79,458.70001220703125,458.8999938964844,528.5999755859375,451.5,84.4000015258789,16.999999999995907,70.29057397717308,constant,
1.0,363.909,364.037,525.2000122070312,467.70001220703125,517.2000122070312,449.29998779296875,102.0,127.9999999999859,20.063920315783157,constant,
1.0,365.148,365.282,830.4000244140625,506.6000061035156,814.2000122070312,508.70001220703125,453.0,133.9999999999577,16.335556958450006,constant,
1.0,365.994,366.025,825.7999877929688,494.3999938964844,1024.699951171875,491.29998779296875,165.89999389648438,30.99999999994907,198.92411987984786,constant,
1.0,366.36,366.386,1032.4000244140625,496.6000061035156,949.2999877929688,400.1000061035156,105.69999694824219,26.00000000001046,127.34938588947779,constant,
1.0,366.594,366.714,903.0,372.5,864.4000244140625,344.8999938964844,455.20001220703125,120.00000000000455,47.452275521296876,constant,
1.0,366.965,367.009,863.2999877929688,345.29998779296875,1275.4000244140625,337.20001220703125,251.1999969482422,44.00000000003956,412.1796329121559,constant,
1.0,367.19,367.328,1261.9000244140625,346.8999938964844,866.0,426.5,474.1000061035156,137.9999999999768,403.82296901332273,constant,
1.0,367.359,367.51,861.0999755859375,439.20001220703125,779.5999755859375,463.6000061035156,377.6000061035156,151.00000000001046,85.0741423826798,constant,
1.0,367.639,367.677,778.0999755859375,460.1000061035156,1086.5999755859375,496.70001220703125,250.0,38.000000000010914,310.6635003452729,constant,
1.0,367.95,368.156,1069.199951171875,515.7000122070312,455.1000061035156,437.3999938964844,293.70001220703125,206.00000000001728,619.071591498426,constant,
1.0,368.531,368.828,446.79998779296875,442.1000061035156,1213.5,376.1000061035156,793.5,296.9999999999686,769.5355149167983,constant,
1.0,369.091,369.135,1222.9000244140625,376.29998779296875,876.7000122070312,356.5,227.10000610351562,43.99999999998272,346.76575374271073,constant,
1.0,369.507,369.523,865.0999755859375,362.79998779296875,806.5999755859375,356.3999938964844,79.9000015258789,16.000000000019554,58.84904350858251,constant,
1.0,369.726,369.765,789.7999877929688,354.70001220703125,1080.199951171875,423.20001220703125,229.1999969482422,38.99999999998727,298.3695506087545,constant,
1.0,369.971,369.991,1063.4000244140625,428.29998779296875,1107.4000244140625,499.3999938964844,103.30000305175781,19.99999999998181,83.61346104497744,constant,
1.0,370.223,370.251,1107.699951171875,512.4000244140625,987.5,413.3999938964844,132.39999389648438,27.999999999963165,155.72101433076568,constant,
1.0,370.331,370.448,967.7000122070312,384.79998779296875,741.5999755859375,258.29998779296875,488.5,116.9999999999618,259.08198810426774,constant,
1.0,370.576,370.917,537.5,305.20001220703125,487.6000061035156,308.8999938964844,98.5999984741211,340.99999999995134,50.03697887933949,constant,
1.0,371.178,371.345,463.8999938964844,306.20001220703125,521.7000122070312,241.6999969482422,635.7000122070312,167.00000000003,86.60885685126883,constant,
1.0,371.533,372.65,1122.0999755859375,253.60000610351562,557.7999877929688,365.29998779296875,529.2999877929688,1116.9999999999618,575.2489566549154,constant,
1.0,372.808,372.842,551.2999877929688,361.1000061035156,778.4000244140625,374.5,195.89999389648438,33.999999999991815,227.49502515379967,constant,
1.0,373.046,373.08,765.7000122070312,380.79998779296875,1016.0,406.79998779296875,210.10000610351562,33.999999999991815,251.64674424510304,constant,
1.0,373.314,373.336,1014.9000244140625,422.0,931.5999755859375,367.70001220703125,118.5,21.99999999999136,99.43533983994104,constant,
1.0,373.444,373.59,914.0,364.5,779.2999877929688,326.0,552.0,145.99999999995816,140.0940515816941,constant,
1.0,373.891,373.91,773.5999755859375,333.5,838.0999755859375,343.3999938964844,92.5,19.000000000005457,65.255343682724,constant,
1.0,374.321,374.478,842.0999755859375,372.6000061035156,340.0,571.9000244140625,179.10000610351562,156.99999999998226,540.2081846677106,constant,
1.0,374.694,374.716,334.1000061035156,566.5999755859375,287.6000061035156,656.7000122070312,122.69999694824219,21.99999999999136,101.39164955321732,constant,
1.0,374.922,374.947,289.1000061035156,653.7000122070312,278.29998779296875,538.7999877929688,102.5999984741211,24.999999999977263,115.40648164579105,constant,
1.0,375.226,375.363,286.5,505.20001220703125,199.0,220.10000610351562,576.7000122070312,137.00000000000045,298.2251892114827,constant,
1.0,375.571,375.886,193.60000610351562,241.0,224.8000030517578,214.5,564.2000122070312,314.9999999999977,40.93519035707934,constant,
1.0,376.028,376.072,216.0,211.5,381.0,472.20001220703125,196.8000030517578,43.99999999998272,308.52795070260044,constant,
1.0,376.251,376.453,368.8999938964844,486.1000061035156,1344.800048828125,627.5,808.7000122070312,201.99999999999818,986.0907034799106,constant,
1.0,376.656,376.675,1353.699951171875,638.2999877929688,1277.800048828125,671.5,108.9000015258789,19.000000000005457,82.8434426272702,constant,
1.0,376.907,377.101,1267.5,678.7999877929688,977.5,274.79998779296875,294.1000061035156,194.00000000001683,497.30875721225743,constant,
1.0,377.332,377.372,977.5999755859375,300.6000061035156,1248.699951171875,241.8000030517578,194.0,40.000000000020464,277.403383399667,constant,
1.0,377.638,377.765,1240.0999755859375,249.10000610351562,1216.5,251.8000030517578,669.4000244140625,127.00000000000955,23.753922437723062,constant,
1.0,377.917,377.964,1221.5,251.3000030517578,1010.5999755859375,516.2000122070312,196.0,47.000000000025466,338.60129230160373,constant,
1.0,378.203,378.22,1019.7999877929688,520.0,942.4000244140625,517.2000122070312,110.0999984741211,17.00000000005275,77.45059239732646,constant,
1.0,378.45,378.475,939.4000244140625,518.7000122070312,843.2999877929688,461.6000061035156,132.5,25.000000000034106,111.78384380400006,constant,
1.0,378.641,378.679,794.4000244140625,443.8999938964844,571.5999755859375,606.0,195.0,37.99999999995407,275.5290796568934,constant,
1.0,378.9,379.16,559.2000122070312,624.0999755859375,419.8999938964844,530.2999877929688,215.0,260.00000000004775,167.93728832894672,constant,
1.0,379.337,379.643,418.20001220703125,542.9000244140625,1112.699951171875,512.2999877929688,792.9000244140625,305.9999999999832,695.173739049012,constant,
1.0,379.837,380.004,1103.9000244140625,520.9000244140625,925.0999755859375,522.2000122070312,740.4000244140625,167.00000000003,178.80477462641133,constant,
1.0,380.046,380.352,912.2000122070312,533.2999877929688,937.0999755859375,527.0,708.2999877929688,305.9999999999832,25.684587255052936,constant,
1.0,380.707,380.736,935.9000244140625,529.0,1112.0,560.5999755859375,165.89999389648438,28.999999999996362,178.91271575379886,constant,
1.0,381.043,381.068,1120.199951171875,565.7999877929688,1256.0999755859375,537.2999877929688,149.89999389648438,24.999999999977263,138.8562805052144,constant,
1.0,381.334,381.365,1275.300048828125,534.9000244140625,1129.4000244140625,451.8999938964844,110.5999984741211,31.00000000000591,167.85655241885237,constant,
1.0,381.456,381.721,1094.699951171875,448.70001220703125,1000.0,412.8999938964844,546.2000122070312,264.99999999998636,101.24091101422883,constant,
1.0,381.944,381.984,990.7000122070312,438.6000061035156,1290.5999755859375,404.70001220703125,205.0,39.99999999996362,301.8098699858091,constant,
1.0,382.419,382.443,1277.300048828125,418.3999938964844,1280.199951171875,295.1000061035156,108.30000305175781,24.00000000000091,123.33408459687666,constant,
1.0,382.539,382.667,1267.0999755859375,267.1000061035156,700.5,287.79998779296875,443.1000061035156,127.9999999999859,566.9779727431469,constant,
1.0,382.886,382.908,693.7000122070312,287.29998779296875,815.0,313.79998779296875,149.60000610351562,21.99999999999136,124.16093201395665,constant,
1.0,383.189,383.228,817.0,326.20001220703125,539.4000244140625,319.20001220703125,177.3000030517578,38.99999999998727,277.68821805275263,constant,
1.0,383.546,383.738,532.5,345.79998779296875,1051.800048828125,456.70001220703125,697.7999877929688,192.00000000000728,531.009751443354,constant,
1.0,384.14,384.152,1030.0,523.9000244140625,989.2999877929688,524.9000244140625,68.80000305175781,12.000000000000455,40.71229536211994,constant,
1.0,384.485,384.756,965.7000122070312,529.2000122070312,420.79998779296875,433.79998779296875,93.0,270.99999999995816,553.1882150449787,constant,
1.0,385.071,385.105,421.29998779296875,439.20001220703125,622.0,454.6000061035156,158.89999389648438,33.999999999991815,201.289976680197,constant,
1.0,385.303,385.525,615.5,463.79998779296875,191.0,204.60000610351562,544.7000122070312,221.99999999998,497.3780056534595,constant,
1.0,385.823,385.891,183.10000610351562,216.6999969482422,1198.699951171875,216.10000610351562,408.20001220703125,68.00000000004047,1015.6001222980767,constant,
1.0,386.077,386.216,1163.4000244140625,249.3000030517578,634.0999755859375,482.79998779296875,515.7000122070312,139.00000000001,578.5160192800207,constant,
1.0,386.395,386.441,631.2000122070312,483.20001220703125,1029.0,483.0,257.79998779296875,45.99999999999227,397.8000380756254,constant,
1.0,386.675,386.794,1001.7999877929688,505.20001220703125,1018.2000122070312,274.8999938964844,451.8999938964844,118.99999999997135,230.88321557579727,constant,
1.0,386.932,388.957,1001.7999877929688,505.20001220703125,1018.2000122070312,274.8999938964844,0.0,2024.9999999999773,230.88321557579727,constant,
1.0,389.148,389.316,772.2999877929688,227.5,620.5,242.60000610351562,596.5999755859375,167.99999999994952,152.5491608573173,constant,
1.0,389.649,389.777,620.5,271.29998779296875,642.7999877929688,274.3999938964844,95.0,127.9999999999859,22.514428560556215,constant,
1.0,389.84,389.876,620.5,271.29998779296875,642.7999877929688,274.3999938964844,0.0,36.000000000001364,22.514428560556215,constant,
1.0,389.918,389.964,620.5,271.29998779296875,642.7999877929688,274.3999938964844,0.0,45.99999999999227,22.514428560556215,constant,
1.0,390.103,390.29,787.7000122070312,281.29998779296875,800.2000122070312,285.5,607.2999877929688,187.00000000001182,13.18673964781331,constant,
1.0,390.5,391.535,907.2999877929688,446.70001220703125,952.9000244140625,321.1000061035156,571.7000122070312,1035.000000000025,133.6215733818767,constant,
1.0,391.834,391.861,958.4000244140625,323.79998779296875,815.9000244140625,328.3999938964844,118.19999694824219,26.999999999986812,142.57422647923565,constant,
1.0,392.222,392.232,762.2999877929688,327.79998779296875,733.7999877929688,336.1000061035156,55.099998474121094,10.000000000047748,29.68400754540083,constant,
1.0,392.644,392.673,719.5,346.20001220703125,911.5,351.5,157.8000030517578,28.999999999996362,192.07313677504624,constant,
1.0,392.827,392.944,926.7999877929688,371.0,932.2000122070312,364.1000061035156,532.7999877929688,117.00000000001864,8.761859359975636,constant,
1.0,393.252,393.307,931.0999755859375,358.29998779296875,452.3999938964844,356.0,230.8000030517578,55.00000000000682,478.7055069803674,constant,
1.0,393.582,393.65,435.79998779296875,356.0,458.20001220703125,351.8999938964844,75.0,67.99999999998363,22.772157205663706,constant,
1.0,393.761,394.022,823.0,226.10000610351562,816.7999877929688,205.3000030517578,611.5999755859375,260.99999999996726,21.704383850284046,constant,
1.0,394.048,395.093,823.0,226.10000610351562,816.7999877929688,205.3000030517578,0.0,1045.000000000016,21.704383850284046,constant,
1.0,395.173,396.249,1189.5999755859375,675.7999877929688,1203.4000244140625,473.20001220703125,470.3999938964844,1076.0000000000218,203.06942520990478,constant,
1.0,396.514,396.694,1203.5,482.0,844.0,408.79998779296875,400.8999938964844,180.00000000000682,366.8766710859516,constant,
1.0,397.012,397.03,834.0,406.79998779296875,897.2000122070312,407.1000061035156,90.80000305175781,17.99999999997226,63.200724315118116,constant,
1.0,397.269,397.435,904.9000244140625,412.5,681.9000244140625,465.5,402.70001220703125,165.99999999999682,229.21169254643183,constant,
1.0,397.789,397.819,669.4000244140625,462.70001220703125,880.0,494.0,168.8000030517578,30.00000000002956,212.91321929987689,constant,
1.0,398.011,398.034,907.2999877929688,503.6000061035156,1023.0999755859375,498.1000061035156,138.89999389648438,22.999999999967713,115.93052735518678,constant,
1.0,398.268,398.48,1060.5999755859375,488.0,601.4000244140625,306.8999938964844,346.20001220703125,212.00000000004593,493.6211172214432,constant,
1.0,398.701,398.82,587.5999755859375,331.79998779296875,739.9000244140625,266.0,583.4000244140625,118.99999999997135,165.90642925035814,constant,
1.0,398.983,400.108,587.5999755859375,331.79998779296875,739.9000244140625,266.0,0.0,1125.0,165.90642925035814,constant,
1.0,400.187,401.331,638.7000122070312,411.5,646.5999755859375,344.79998779296875,529.4000244140625,1144.0000000000055,67.1662195586902,constant,
1.0,401.699,401.721,648.4000244140625,367.0,541.9000244140625,319.20001220703125,125.0,21.99999999999136,116.7351225339142,constant,
1.0,401.901,402.32,648.4000244140625,367.0,541.9000244140625,319.20001220703125,0.0,418.9999999999827,116.7351225339142,constant,
1.0,402.802,403.386,819.9000244140625,503.70001220703125,833.5999755859375,500.6000061035156,356.8999938964844,584.0000000000032,14.046305562445712,,
1.0,403.412,403.539,831.2000122070312,501.3999938964844,827.4000244140625,504.29998779296875,410.8999938964844,127.00000000000955,4.780153954252744,constant,
1.0,403.679,403.799,824.2000122070312,514.5999755859375,838.5,502.70001220703125,524.0,120.00000000000455,18.603730252246862,constant,
1.0,403.853,403.969,831.2000122070312,512.5,708.2000122070312,379.79998779296875,308.29998779296875,115.99999999998545,180.9372632703011,constant,
1.0,404.022,404.045,708.5,379.29998779296875,658.5999755859375,286.8999938964844,142.89999389648438,23.000000000024556,105.01319587839608,constant,
1.0,404.193,405.068,708.5,379.29998779296875,658.5999755859375,286.8999938964844,0.0,875.0,105.01319587839608,constant,
1.0,405.115,405.19,1372.4000244140625,424.0,655.0,255.39999389648438,395.3999938964844,74.99999999998863,736.9455591069146,constant,
1.0,405.4,405.413,670.5999755859375,279.6000061035156,715.2000122070312,294.6000061035156,78.80000305175781,13.000000000033651,47.05489630849168,constant,
1.0,405.951,406.1,710.5,302.1000061035156,719.5999755859375,323.29998779296875,386.5,149.0000000000009,23.07051753424284,constant,
1.0,406.154,406.267,715.5,335.8999938964844,725.2999877929688,338.0,693.0,112.99999999999955,10.022464087096516,constant,
1.0,406.469,406.536,718.4000244140625,359.20001220703125,1224.4000244140625,722.5,345.0,67.00000000000728,622.9148265456291,constant,
1.0,406.758,406.775,1210.5999755859375,739.4000244140625,1178.9000244140625,799.7999877929688,108.9000015258789,16.999999999995907,68.21321338620895,constant,
1.0,406.909,406.948,1180.5999755859375,811.5999755859375,877.7000122070312,832.2000122070312,212.0,38.99999999998727,303.5996530362529,constant,
1.0,407.141,407.166,871.4000244140625,840.2999877929688,1026.199951171875,830.2999877929688,157.60000610351562,24.999999999977263,155.12258805288195,constant,
1.0,407.374,407.394,1043.4000244140625,824.7000122070312,1145.800048828125,833.7999877929688,140.39999389648438,19.99999999998181,102.80357267948062,constant,
1.0,407.555,407.766,1147.5999755859375,841.2000122070312,637.7000122070312,235.10000610351562,100.0999984741211,211.00000000001273,792.0575673854089,constant,
1.0,407.89,408.029,625.7000122070312,265.8999938964844,689.2000122070312,268.8999938964844,673.4000244140625,139.00000000001,63.57082664241515,constant,
1.0,408.44,408.447,680.4000244140625,269.20001220703125,661.7999877929688,261.8999938964844,47.79999923706055,7.000000000005002,19.98128198190367,constant,
1.0,408.741,408.759,652.5,253.39999389648438,726.9000244140625,258.3999938964844,105.5999984741211,18.000000000029104,74.56784583728496,constant,
1.0,408.969,408.986,724.9000244140625,253.8000030517578,664.5,251.1999969482422,74.80000305175781,16.999999999995907,60.455959019418955,constant,
1.0,409.14,409.409,655.2000122070312,256.79998779296875,674.2999877929688,211.89999389648438,588.7000122070312,269.00000000000546,48.79363195425959,constant,
1.0,409.748,409.759,672.9000244140625,271.0,703.7999877929688,265.20001220703125,56.0,11.000000000024102,31.43958643519876,constant,
1.0,409.942,409.956,697.0,248.5,656.2999877929688,248.1999969482422,60.400001525878906,14.000000000010004,40.701117865281745,constant,
1.0,410.178,410.19,648.9000244140625,257.20001220703125,684.0,269.29998779296875,60.900001525878906,12.000000000000455,37.127048028542376,constant,
1.0,410.345,410.472,684.4000244140625,299.70001220703125,689.7999877929688,234.89999389648438,563.0,126.9999999999527,65.02462593157102,constant,
1.0,410.504,410.66,683.2999877929688,250.3000030517578,682.5,308.3999938964844,591.2999877929688,156.0000000000059,58.105498161759265,constant,
1.0,410.892,410.994,684.0999755859375,302.29998779296875,717.0999755859375,309.79998779296875,172.60000610351562,102.00000000003229,33.84154251803543,constant,
1.0,411.018,411.071,684.0999755859375,302.29998779296875,717.0999755859375,309.79998779296875,0.0,53.000000000054115,33.84154251803543,constant,
1.0,411.113,411.154,684.0999755859375,302.29998779296875,717.0999755859375,309.79998779296875,0.0,40.99999999999682,33.84154251803543,constant,
1.0,411.203,411.343,1145.800048828125,366.8999938964844,696.0999755859375,276.70001220703125,497.6000061035156,140.0000000000432,458.6569443176528,constant,
1.0,411.927,412.166,695.0999755859375,277.3999938964844,693.7999877929688,269.29998779296875,582.9000244140625,238.9999999999759,8.203661812803972,constant,
1.0,413.169,413.297,607.5,262.1000061035156,665.5999755859375,268.3999938964844,572.5,128.00000000004275,58.440542513550376,constant,
1.0,413.414,413.472,666.2999877929688,267.70001220703125,1217.5999755859375,354.79998779296875,334.1000061035156,57.999999999992724,558.1380494891908,constant,
1.0,413.672,413.682,1203.199951171875,376.6000061035156,1169.699951171875,384.70001220703125,65.0,9.999999999990905,34.46534634784613,constant,
1.0,413.785,413.907,1162.4000244140625,400.1000061035156,687.7000122070312,259.5,327.0,121.99999999995725,495.08429919122284,constant,
1.0,413.966,414.109,682.4000244140625,270.79998779296875,698.7000122070312,251.0,523.7000122070312,142.99999999997226,25.646230106053437,constant,
1.0,414.293,414.302,696.4000244140625,256.29998779296875,670.7999877929688,249.10000610351562,53.400001525878906,9.000000000014552,26.59326251759647,constant,
1.0,414.551,414.567,649.2999877929688,246.89999389648438,720.7999877929688,250.60000610351562,107.69999694824219,16.000000000019554,71.59567089099858,constant,
1.0,414.792,414.806,710.4000244140625,249.1999969482422,662.2999877929688,248.3000030517578,72.30000305175781,14.000000000010004,48.10845572208974,constant,
1.0,415.09,415.221,647.2000122070312,264.79998779296875,678.7000122070312,303.29998779296875,564.0999755859375,131.00000000002865,49.74434641243163,constant,
1.0,415.434,415.44,685.7000122070312,301.79998779296875,702.0999755859375,308.70001220703125,46.900001525878906,5.999999999971806,17.79238982666816,constant,
1.0,415.66,415.666,693.0999755859375,287.5,692.2000122070312,266.3999938964844,51.599998474121094,5.999999999971806,21.119190127743273,constant,
1.0,415.807,415.815,682.4000244140625,268.29998779296875,659.2000122070312,264.8999938964844,50.599998474121094,7.999999999981355,23.447825590074018,constant,
1.0,416.051,416.067,653.0999755859375,264.3999938964844,712.5,257.79998779296875,76.80000305175781,16.000000000019554,59.7655668504672,constant,
1.0,416.201,416.376,718.2000122070312,266.29998779296875,684.0999755859375,262.29998779296875,494.70001220703125,174.99999999995453,34.333838957505684,constant,
1.0,416.572,416.578,686.0999755859375,267.3999938964844,670.7999877929688,269.5,39.599998474121094,5.999999999971806,15.443433947791393,constant,
1.0,416.741,416.819,660.2999877929688,267.3999938964844,706.7000122070312,271.0,222.39999389648438,78.00000000003138,46.53947044789987,constant,
1.0,417.091,417.2,660.2999877929688,267.3999938964844,706.7000122070312,271.0,0.0,108.99999999998045,46.53947044789987,constant,
1.0,417.28,417.423,1362.199951171875,348.1000061035156,676.5999755859375,249.5,612.2000122070312,143.0000000000291,692.6538007742768,constant,
1.0,417.792,417.807,683.7000122070312,276.1000061035156,744.0999755859375,273.5,90.0,15.000000000043201,60.45589804073325,constant,
1.0,418.003,418.016,737.2000122070312,271.1000061035156,699.0999755859375,277.29998779296875,62.20000076293945,13.000000000033651,38.60119899016401,constant,
1.0,418.11,418.286,690.9000244140625,279.29998779296875,675.2000122070312,283.1000061035156,296.29998779296875,175.99999999998772,16.15334400244797,constant,
1.0,418.876,419.138,690.9000244140625,279.29998779296875,675.2000122070312,283.1000061035156,0.0,262.00000000000045,16.15334400244797,constant,
1.0,419.261,419.455,663.9000244140625,263.1000061035156,681.4000244140625,244.1999969482422,505.8999938964844,193.99999999995998,25.7577240079441,constant,
1.0,419.655,419.662,682.4000244140625,256.3999938964844,666.0999755859375,250.5,44.0,7.000000000005002,17.3349796589962,constant,
1.0,419.811,420.007,652.2000122070312,284.0,674.2999877929688,245.5,476.79998779296875,196.00000000002638,44.3921042630222,constant,
1.0,420.164,420.213,677.9000244140625,251.10000610351562,1238.699951171875,353.70001220703125,327.5,49.000000000035016,570.1081643898896,constant,
1.0,420.395,420.406,1209.0,358.3999938964844,1168.5999755859375,362.79998779296875,69.19999694824219,11.000000000024102,40.638921232556676,constant,
1.0,420.597,420.627,1167.4000244140625,370.0,1363.9000244140625,391.0,158.10000610351562,30.00000000002956,197.6189515203438,constant,
1.0,420.849,421.148,1392.5,400.70001220703125,669.9000244140625,709.2999877929688,199.8000030517578,299.000000000035,785.7382959029289,constant,
1.0,421.25,421.3,666.2999877929688,703.7999877929688,1124.5,796.7999877929688,307.3999938964844,50.00000000001137,467.5427800603102,constant,
1.0,421.776,421.806,-26.600000381469727,212.60000610351562,262.3999938964844,199.60000610351562,314.70001220703125,29.999999999972715,289.2922340690422,constant,
1.0,422.035,422.155,259.8999938964844,224.5,188.6999969482422,153.6999969482422,705.5,119.9999999999477,100.40956128555992,constant,
1.0,422.222,424.354,665.2000122070312,260.29998779296875,1338.5999755859375,337.8999938964844,675.5999755859375,2132.000000000005,677.8563797929307,constant,
1.0,424.473,424.495,665.2000122070312,260.29998779296875,1338.5999755859375,337.8999938964844,0.0,21.99999999999136,677.8563797929307,constant,
1.0,424.772,425.035,665.2000122070312,260.29998779296875,1338.5999755859375,337.8999938964844,0.0,263.00000000003365,677.8563797929307,constant,
1.0,425.19,425.241,1157.5,372.20001220703125,644.2999877929688,272.5,275.0,50.99999999998772,522.7947445827848,constant,
1.0,425.399,425.412,638.2999877929688,292.6000061035156,682.7999877929688,293.29998779296875,77.19999694824219,12.999999999976808,44.505504989445626,constant,
1.0,425.51,425.633,675.0999755859375,292.29998779296875,671.9000244140625,259.70001220703125,629.7999877929688,122.99999999999045,32.75664964104396,constant,
1.0,425.718,425.778,671.5,259.70001220703125,678.9000244140625,841.4000244140625,245.39999389648438,60.000000000002274,581.7470795483111,constant,
1.0,425.97,426.005,686.5999755859375,833.5999755859375,964.0999755859375,807.0,211.89999389648438,34.99999999996817,278.771965414696,constant,
1.0,426.228,426.252,974.9000244140625,811.5999755859375,1129.0,792.9000244140625,177.10000610351562,24.00000000000091,155.2304436939386,constant,
1.0,426.395,426.561,1150.199951171875,792.0999755859375,659.5,469.0,199.10000610351562,165.99999999999682,587.5202433139763,constant,
1.0,426.653,426.799,653.5,488.70001220703125,659.2000122070312,297.3999938964844,439.3999938964844,145.99999999995816,191.3849188018112,constant,
1.0,427.002,427.058,660.2999877929688,305.5,548.2000122070312,816.0,260.5,55.999999999983174,522.6630410947074,constant,
1.0,427.522,427.565,547.0999755859375,830.5999755859375,221.8000030517578,849.2000122070312,193.5,43.00000000000637,325.83129606138834,constant,
1.0,427.822,427.993,209.5,868.2000122070312,886.5999755859375,682.5999755859375,412.3999938964844,170.99999999999227,702.07674119873,constant,
1.0,428.148,428.168,884.7999877929688,684.2000122070312,868.0,767.9000244140625,99.9000015258789,19.99999999998181,85.36938346562589,constant,
1.0,428.26,428.28,865.9000244140625,787.4000244140625,914.7000122070312,862.9000244140625,127.4000015258789,19.99999999998181,89.8982136006823,constant,
1.0,428.412,428.437,914.0,857.2999877929688,1046.5999755859375,830.7000122070312,148.89999389648438,25.000000000034106,135.24168080352925,constant,
1.0,428.612,428.63,1071.5999755859375,833.2000122070312,1137.5,822.2000122070312,98.19999694824219,17.99999999997226,66.81177454441719,constant,
1.0,428.792,428.799,1141.9000244140625,825.9000244140625,1149.199951171875,847.0,52.099998474121094,7.000000000005002,22.327066542575302,constant,
1.0,429.347,429.364,1157.300048828125,850.7999877929688,1135.199951171875,823.5,46.599998474121094,16.999999999995907,35.12411778126291,constant,
1.0,429.476,429.499,1142.300048828125,814.5999755859375,1167.800048828125,714.4000244140625,123.4000015258789,23.000000000024556,103.39381129857887,constant,
1.0,429.687,429.737,1160.300048828125,644.2999877929688,1187.800048828125,356.1000061035156,152.5,50.00000000001137,289.5090317171489,constant,
1.0,429.857,429.907,1180.5999755859375,358.0,696.7999877929688,258.0,262.6000061035156,49.999999999954525,494.0267484544503,constant,
1.0,430.191,430.318,679.0,281.5,676.9000244140625,270.20001220703125,430.20001220703125,127.00000000000955,11.493459948282602,constant,
1.0,430.655,430.728,678.4000244140625,283.5,685.7000122070312,282.5,65.0999984741211,73.00000000003593,7.368162713831228,constant,
1.0,430.801,430.988,742.7999877929688,277.70001220703125,701.4000244140625,286.0,530.2999877929688,187.00000000001182,42.22377014358392,constant,
1.0,431.688,431.835,711.2999877929688,318.70001220703125,689.4000244140625,270.20001220703125,451.20001220703125,146.99999999999136,53.21520831489279,constant,
1.0,432.005,432.576,724.0,248.39999389648438,692.2999877929688,246.60000610351562,289.79998779296875,571.0000000000264,31.751074469705223,constant,
1.0,432.718,433.024,682.7000122070312,258.0,657.2000122070312,250.60000610351562,597.5,305.9999999999832,26.552022703892185,constant,
1.0,433.094,434.139,682.7000122070312,258.0,657.2000122070312,250.60000610351562,0.0,1045.000000000016,26.552022703892185,constant,
1.0,434.207,435.272,682.7000122070312,258.0,657.2000122070312,250.60000610351562,0.0,1064.9999999999977,26.552022703892185,constant,
1.0,435.396,436.443,682.7000122070312,258.0,657.2000122070312,250.60000610351562,0.0,1046.9999999999686,26.552022703892185,constant,
1.0,436.482,436.642,678.5,287.70001220703125,685.0999755859375,278.8999938964844,541.5,159.99999999996817,11.000000000042332,constant,
1.0,436.806,436.834,678.5,287.70001220703125,685.0999755859375,278.8999938964844,0.0,28.00000000002001,11.000000000042332,constant,
1.0,436.87,437.534,673.2000122070312,291.0,709.0,264.20001220703125,570.0999755859375,663.9999999999873,44.720000801430956,constant,
1.0,437.62,438.142,650.5999755859375,263.0,657.7999877929688,235.1999969482422,550.5999755859375,521.9999999999914,28.71724822226431,constant,
1.0,438.382,438.452,654.5999755859375,246.89999389648438,654.5999755859375,246.89999389648438,41.900001525878906,69.99999999999318,0.0,constant,
1.0,438.527,438.576,654.5999755859375,246.89999389648438,654.5999755859375,246.89999389648438,0.0,49.000000000035016,0.0,constant,
1.0,438.624,438.934,727.5,253.0,688.0,275.8999938964844,324.6000061035156,310.0000000000023,45.658073989810624,constant,
1.0,439.113,439.319,683.9000244140625,302.70001220703125,700.0,255.6999969482422,295.0,206.00000000001728,49.68108944250506,constant,
1.0,439.604,439.913,135.0,155.1999969482422,188.8000030517578,132.39999389648438,570.0,309.0000000000259,58.43184463568915,constant,
1.0,440.011,440.065,266.79998779296875,216.39999389648438,516.9000244140625,231.60000610351562,278.8999938964844,53.999999999973625,250.5615067981639,constant,
1.0,440.224,440.497,674.2000122070312,232.5,671.5999755859375,247.3000030517578,611.2999877929688,273.00000000002456,15.026652347181962,constant,
1.0,440.776,440.793,674.7000122070312,267.70001220703125,662.7000122070312,344.70001220703125,112.80000305175781,16.999999999995907,77.92945527847606,constant,
1.0,440.972,441.11,657.5,361.8999938964844,652.7000122070312,300.79998779296875,559.7000122070312,138.00000000003365,61.28825848939008,constant,
1.0,441.345,441.356,647.7999877929688,353.5,685.7999877929688,350.3999938964844,71.5,10.999999999967258,38.12623818109825,constant,
1.0,441.571,441.587,683.0,338.3999938964844,698.4000244140625,290.3999938964844,68.0999984741211,15.99999999996271,50.40992711712368,constant,
1.0,441.733,441.742,690.9000244140625,270.8999938964844,664.5999755859375,260.79998779296875,55.599998474121094,9.000000000014552,28.172729574054625,constant,
1.0,441.946,441.962,649.7999877929688,260.8999938964844,713.4000244140625,261.6000061035156,84.69999694824219,15.99999999996271,63.603888837825465,constant,
1.0,442.062,442.212,712.7999877929688,257.3999938964844,712.7999877929688,255.10000610351562,458.0,149.99999999997726,2.29998779296875,constant,
1.0,442.267,443.112,712.7999877929688,257.3999938964844,712.7999877929688,255.10000610351562,0.0,845.0000000000273,2.29998779296875,constant,
1.0,443.198,443.349,650.5999755859375,289.1000061035156,656.2000122070312,253.1999969482422,574.4000244140625,151.00000000001046,36.33415841197244,constant,
1.0,443.378,446.061,688.5999755859375,268.79998779296875,688.2999877929688,267.8999938964844,22.5,2682.9999999999927,0.9486736475940446,constant,
1.0,446.142,446.866,1342.0,398.1000061035156,1277.4000244140625,322.5,799.2000122070312,723.9999999999895,99.44102658639099,constant,
1.0,447.05,447.187,1274.5999755859375,371.79998779296875,685.7000122070312,283.3999938964844,474.8999938964844,137.00000000000045,595.4978805911702,constant,
1.0,447.483,447.644,689.2000122070312,308.3999938964844,690.5,272.70001220703125,474.6000061035156,161.00000000000136,35.72364288379835,constant,
1.0,447.823,448.392,693.4000244140625,294.8999938964844,727.5,230.5,373.79998779296875,569.0000000000168,72.87089644589778,constant,
1.0,448.627,448.638,707.2999877929688,286.8999938964844,673.5999755859375,281.5,57.79999923706055,10.999999999967258,34.12991000334053,constant,
1.0,448.814,449.028,646.9000244140625,294.8999938964844,693.2999877929688,268.29998779296875,613.2999877929688,213.99999999999864,53.48380059673125,constant,
1.0,449.265,449.882,700.0,328.70001220703125,685.7999877929688,321.3999938964844,564.7999877929688,617.0000000000186,15.966546715371992,constant,
1.0,449.99,450.398,697.0999755859375,337.0,745.2999877929688,857.5,346.0,408.00000000001546,522.7269757500161,constant,
1.0,450.525,450.778,751.2999877929688,867.4000244140625,861.5,770.2999877929688,725.7000122070312,253.00000000004275,146.87566102744043,constant,
1.0,450.888,450.909,854.5,800.0999755859375,757.7999877929688,838.7000122070312,123.5999984741211,21.000000000015007,104.11942752430869,constant,
1.0,451.122,451.204,752.0999755859375,836.7000122070312,1193.800048828125,831.0999755859375,223.3000030517578,81.99999999999363,441.73557148175354,constant,
1.0,451.317,451.851,1177.9000244140625,837.7999877929688,669.0,237.0,52.20000076293945,533.9999999999918,787.3625976515933,constant,
1.0,451.938,451.956,628.4000244140625,261.70001220703125,625.7000122070312,238.89999389648438,89.30000305175781,18.000000000029104,22.95933145541025,constant,
1.0,451.982,452.1,624.7999877929688,267.79998779296875,1200.4000244140625,268.29998779296875,728.7000122070312,117.999999999995,575.6002537857366,constant,
1.0,452.458,452.48,1191.0,303.3999938964844,1306.0999755859375,292.5,148.39999389648438,21.99999999999136,115.61493954860161,constant,
1.0,452.694,452.828,1292.0999755859375,298.1000061035156,1350.0999755859375,344.6000061035156,848.4000244140625,133.9999999999577,74.33875167098248,constant,
1.0,452.897,453.027,1340.0999755859375,374.0,1261.5,342.0,779.0,129.99999999999545,84.86433975534112,constant,
1.0,453.221,453.243,1262.800048828125,384.6000061035156,1366.5,396.0,123.30000305175781,21.99999999999136,104.32468420220184,constant,
1.0,453.361,454.091,1368.9000244140625,408.5,1367.4000244140625,409.79998779296875,19.399999618530273,730.0000000000182,1.984935329391807,constant,
1.0,454.208,454.343,642.5999755859375,212.0,747.5,298.3999938964844,507.79998779296875,134.9999999999909,135.90060363141677,constant,
1.0,454.559,454.572,736.0,304.3999938964844,686.9000244140625,303.0,80.4000015258789,12.999999999976808,49.1199306336018,constant,
1.0,454.723,455.06,684.0,301.0,1183.4000244140625,262.6000061035156,721.0999755859375,336.9999999999891,500.87417972582324,constant,
1.0,455.187,455.625,1306.199951171875,308.1000061035156,1306.699951171875,308.0,6.099999904632568,437.9999999999882,0.509903148392298,constant,
1.0,455.681,455.81,1359.199951171875,335.3999938964844,1343.0,279.8999938964844,721.7000122070312,129.0000000000191,57.81598756374515,constant,
1.0,456.053,456.102,1364.4000244140625,368.5,1366.300048828125,371.70001220703125,96.5999984741211,48.99999999997817,3.7215817738137313,constant,
1.0,456.371,456.504,1372.199951171875,399.6000061035156,1504.800048828125,163.3000030517578,686.5999755859375,133.0000000000382,270.96213266932295,constant,
1.0,456.597,457.052,1372.199951171875,399.6000061035156,1504.800048828125,163.3000030517578,0.0,455.0000000000409,270.96213266932295,constant,
1.0,457.081,457.227,1305.5,184.89999389648438,679.4000244140625,255.6999969482422,595.5999755859375,145.99999999995816,630.0903267475549,constant,
1.0,457.703,457.718,665.7000122070312,252.3000030517578,723.0,254.39999389648438,85.0,15.000000000043201,57.33845622810491,constant,
1.0,457.943,458.074,725.5999755859375,248.8000030517578,684.9000244140625,285.0,516.5999755859375,131.00000000002865,54.4694942554615,constant,
1.0,458.154,460.082,686.0999755859375,325.3999938964844,673.7999877929688,299.1000061035156,574.2999877929688,1927.9999999999973,29.034101632691954,constant,
1.0,460.165,462.288,656.0999755859375,253.89999389648438,687.7000122070312,270.0,230.3000030517578,2122.9999999999905,35.4650886223016,constant,
1.0,462.465,462.656,685.2000122070312,296.79998779296875,660.5999755859375,283.20001220703125,573.2000122070312,191.00000000003092,28.109093505434316,constant,
1.0,462.862,462.871,658.0999755859375,294.70001220703125,691.0999755859375,303.3999938964844,68.30000305175781,8.999999999957708,34.127550181588184,constant,
1.0,463.167,463.336,684.5999755859375,314.29998779296875,688.7999877929688,302.20001220703125,485.6000061035156,169.00000000003956,12.808181436858828,constant,
1.0,463.499,463.648,684.9000244140625,324.70001220703125,696.2000122070312,263.6000061035156,169.39999389648438,149.0000000000009,62.13614463394788,constant,
1.0,463.682,463.853,686.2000122070312,273.79998779296875,679.0999755859375,269.29998779296875,560.7000122070312,170.99999999999227,8.405981205122478,constant,
1.0,464.135,464.145,676.5999755859375,289.3999938964844,709.0999755859375,295.70001220703125,61.5,9.999999999990905,33.10498800352035,constant,
1.0,464.461,464.469,711.0999755859375,315.20001220703125,689.5,312.20001220703125,46.79999923706055,7.999999999981355,21.807314032523493,constant,
1.0,464.647,464.904,678.7000122070312,293.79998779296875,708.7999877929688,269.1000061035156,354.5,257.000000000005,38.93709832195195,constant,
1.0,465.243,465.366,694.5,314.79998779296875,678.9000244140625,269.1000061035156,444.6000061035156,122.99999999999045,48.28920753851938,constant,
1.0,465.392,465.537,674.0,276.0,686.4000244140625,267.8999938964844,418.70001220703125,144.9999999999818,14.811168230302984,constant,
1.0,465.809,465.83,674.0,276.0,686.4000244140625,267.8999938964844,0.0,20.999999999958163,14.811168230302984,constant,
1.0,465.89,466.329,1197.800048828125,343.70001220703125,1054.5,667.7000122070312,554.5999755859375,439.0000000000214,354.2751811715619,constant,
1.0,466.461,466.484,1051.699951171875,664.5,1193.5,733.9000244140625,217.5,22.999999999967713,157.87215472125254,constant,
1.0,466.71,466.724,1190.199951171875,751.7000122070312,1149.4000244140625,778.7999877929688,76.0,14.000000000010004,48.98002348102003,constant,
1.0,466.932,466.943,1152.9000244140625,799.7999877929688,1149.5,838.0,62.400001525878906,10.999999999967258,38.35102474033201,constant,
1.0,467.5,467.512,841.2999877929688,467.0,868.5999755859375,508.8999938964844,84.19999694824219,12.000000000000455,50.00898741248088,,
1.0,467.694,467.829,859.4000244140625,519.2999877929688,847.7000122070312,515.7999877929688,635.2000122070312,134.9999999999909,12.212300587714022,active,
1.0,468.056,468.185,832.4000244140625,530.7000122070312,854.5,507.0,504.5,129.0000000000191,32.405238766478234,active,
1.0,468.899,468.926,848.2999877929688,518.7000122070312,771.0,423.29998779296875,109.69999694824219,26.999999999986812,122.78620757640834,active,
1.0,469.059,469.094,777.2000122070312,380.20001220703125,632.4000244140625,205.10000610351562,147.8000030517578,34.99999999996817,227.21586344772476,active,
1.0,469.358,469.381,558.0,181.10000610351562,691.5,164.60000610351562,143.5,22.999999999967713,134.51579832867216,active,
1.0,469.615,469.625,697.7999877929688,168.6999969482422,726.5999755859375,170.60000610351562,54.20000076293945,9.999999999990905,28.862593987118895,active,
1.0,469.791,469.818,730.7999877929688,171.3000030517578,883.7999877929688,170.3000030517578,119.69999694824219,26.999999999986812,153.00326793895613,active,
1.0,469.937,469.96,922.5,172.0,1054.5999755859375,179.60000610351562,147.60000610351562,22.999999999967713,132.31841762422476,active,
1.0,470.138,470.185,1082.0,179.60000610351562,647.0999755859375,207.8000030517578,264.79998779296875,47.000000000025466,435.8133442922934,active,
1.0,470.328,470.345,646.9000244140625,212.39999389648438,578.7999877929688,218.1999969482422,90.5,17.00000000005275,68.34658018653684,active,
1.0,470.628,470.652,566.0,220.0,679.7000122070312,217.1999969482422,135.5,24.00000000000091,113.73448374599899,active,
1.0,470.761,470.787,665.5,215.89999389648438,824.2999877929688,208.39999389648438,167.6999969482422,25.999999999953616,158.9769987232336,active,
1.0,470.991,471.006,839.2000122070312,217.8000030517578,889.5999755859375,221.39999389648438,67.80000305175781,14.999999999986358,50.528370671111155,active,
1.0,471.13,471.239,901.9000244140625,236.89999389648438,920.4000244140625,215.8000030517578,545.0999755859375,108.99999999998045,28.06171081113097,active,
1.0,471.294,471.318,918.5,211.89999389648438,1054.0999755859375,218.0,153.6999969482422,24.00000000000091,135.73711155527724,active,
1.0,471.449,471.554,1064.5,225.89999389648438,1073.5,361.20001220703125,705.5999755859375,104.99999999996135,135.59902269129495,active,
1.0,471.634,471.767,1070.9000244140625,403.20001220703125,1115.300048828125,314.6000061035156,547.5999755859375,132.99999999998136,99.1025895197111,active,
1.0,471.854,472.001,1110.800048828125,353.8999938964844,1183.0999755859375,334.6000061035156,818.5,146.99999999999136,74.83160387158486,active,
1.0,472.098,472.133,1179.800048828125,358.79998779296875,1047.0999755859375,542.9000244140625,163.60000610351562,34.99999999996817,226.9408136990127,active,
1.0,472.406,472.575,1037.4000244140625,551.0999755859375,714.0,515.9000244140625,751.9000244140625,168.99999999998272,325.3100249815837,active,
1.0,472.74,472.79,706.9000244140625,524.2000122070312,963.5999755859375,416.8999938964844,135.1999969482422,50.00000000001137,278.22321768875923,active,
1.0,472.868,472.892,954.2000122070312,417.29998779296875,1086.199951171875,350.5,173.60000610351562,24.00000000000091,147.93992786216725,active,
1.0,473.118,473.127,1107.0999755859375,331.29998779296875,1135.199951171875,337.29998779296875,59.29999923706055,9.000000000014552,28.733406131718592,active,
1.0,473.149,473.201,1131.800048828125,341.3999938964844,597.2999877929688,546.7999877929688,321.8999938964844,52.00000000002092,572.6076079998078,active,
1.0,473.478,473.522,605.4000244140625,558.7000122070312,1075.199951171875,547.2000122070312,283.70001220703125,43.99999999998272,469.94065708517496,active,
1.0,473.702,473.708,1058.800048828125,557.7999877929688,1057.199951171875,539.0,49.5,6.000000000028649,18.867958382541307,active,
1.0,473.799,473.85,1061.0999755859375,540.0999755859375,676.0,302.20001220703125,258.3999938964844,51.000000000044565,452.6570266459746,active,
1.0,474.205,474.383,843.5,522.9000244140625,835.2000122070312,517.4000244140625,513.9000244140625,177.99999999999727,9.956896974631718,active,
1.0,474.766,474.954,807.0,402.29998779296875,808.2999877929688,466.79998779296875,355.29998779296875,187.99999999998818,64.51309919901436,active,
1.0,475.151,475.175,809.4000244140625,474.20001220703125,656.0999755859375,475.29998779296875,154.0,24.00000000000091,153.3039951110054,active,
1.0,475.32,475.491,602.0,487.20001220703125,474.1000061035156,472.20001220703125,125.5999984741211,170.99999999999227,128.77658342540673,active,
1.0,475.661,475.703,478.6000061035156,477.6000061035156,836.4000244140625,435.0,226.6999969482422,41.99999999997317,360.32709254654617,active,
1.0,475.828,475.872,828.7000122070312,447.5,1226.199951171875,425.1000061035156,248.0,44.00000000003956,398.1305831051127,active,
1.0,476.107,476.116,1212.9000244140625,423.29998779296875,1223.0999755859375,398.3999938964844,52.599998474121094,8.999999999957708,26.908153038690585,active,
1.0,476.244,476.297,1222.4000244140625,387.29998779296875,916.0999755859375,804.0999755859375,271.3999938964844,52.99999999999727,517.2445743904238,active,
1.0,476.453,476.49,917.9000244140625,800.4000244140625,698.5,807.5999755859375,165.8000030517578,37.00000000003456,219.5181313918479,active,
1.0,476.61,476.656,694.0999755859375,810.2000122070312,653.7999877929688,372.6000061035156,259.3999938964844,45.99999999999227,439.45176567845346,active,
1.0,476.818,476.835,633.5,387.0,694.4000244140625,416.20001220703125,96.0,16.999999999995907,67.53853482660239,active,
1.0,477.124,477.143,698.2999877929688,428.1000061035156,610.2999877929688,455.5,125.5999984741211,18.999999999948614,92.16702048741394,active,
1.0,477.221,477.27,565.7000122070312,469.79998779296875,963.5,240.6999969482422,258.20001220703125,48.99999999997817,459.05515582894816,active,
1.0,477.461,477.487,951.7000122070312,246.60000610351562,1100.300048828125,257.70001220703125,178.10000610351562,26.00000000001046,149.01402960556595,active,
1.0,477.625,477.755,1100.0999755859375,273.8999938964844,754.4000244140625,424.8999938964844,606.0,129.99999999999545,377.23925596395287,active,
1.0,478.042,478.193,752.5,433.8999938964844,801.5999755859375,422.5,627.2999877929688,151.00000000001046,50.40602606216383,active,
1.0,478.785,478.81,808.0999755859375,421.79998779296875,876.5999755859375,496.79998779296875,114.19999694824219,24.999999999977263,101.573864748763,active,
1.0,478.984,479.02,873.0,512.7999877929688,1094.300048828125,532.5999755859375,153.60000610351562,36.000000000001364,222.184047870076,active,
1.0,479.39,479.399,1089.199951171875,539.2000122070312,1104.199951171875,555.2000122070312,44.400001525878906,9.000000000014552,21.93171219946131,active,
1.0,479.505,479.553,1105.0,569.2000122070312,637.0999755859375,583.9000244140625,269.29998779296875,48.00000000000182,468.13088255910566,active,
1.0,480.034,480.063,625.4000244140625,606.0,831.2000122070312,582.2999877929688,188.10000610351562,28.999999999996362,207.16014470500718,active,
1.0,480.243,480.389,839.7000122070312,587.7000122070312,798.7999877929688,553.0999755859375,410.29998779296875,146.000000000015,53.5721432392987,active,
1.0,480.719,480.743,798.2000122070312,538.7000122070312,687.2999877929688,558.2999877929688,104.0,24.00000000000091,112.61871273464727,active,
1.0,480.924,480.972,648.9000244140625,565.7000122070312,1065.699951171875,547.2999877929688,250.6999969482422,48.00000000000182,417.2058722546412,active,
1.0,481.324,481.5,1044.9000244140625,562.0,1027.300048828125,570.0,832.2000122070312,175.99999999998772,19.332851332009877,active,
1.0,481.713,481.754,1024.4000244140625,588.7999877929688,691.2999877929688,599.5999755859375,221.8000030517578,40.99999999999682,333.2750727751811,active,
1.0,481.978,482.024,683.0,603.7000122070312,1058.5999755859375,593.9000244140625,218.89999389648438,45.99999999999227,375.7278022996158,active,
1.0,482.218,482.238,1035.5999755859375,588.4000244140625,1110.9000244140625,565.4000244140625,112.19999694824219,19.99999999998181,78.73434672058954,active,
1.0,482.49,482.616,1128.699951171875,549.7000122070312,730.5999755859375,240.3000030517578,427.70001220703125,125.99999999997635,504.1943635412908,active,
1.0,482.777,482.819,729.7999877929688,245.60000610351562,1126.0999755859375,223.5,258.6000061035156,42.00000000003001,396.9157222817995,active,
1.0,482.995,483.144,1115.4000244140625,241.6999969482422,598.7000122070312,369.5,275.5,149.0000000000009,532.2703668200735,active,
1.0,483.241,483.274,599.5,368.5,613.0999755859375,575.7999877929688,178.6999969482422,33.00000000001546,207.7456239608986,active,
1.0,483.5,483.534,613.5999755859375,579.5999755859375,866.0999755859375,518.5,216.8000030517578,33.999999999991815,259.7873303619754,active,
1.0,483.591,483.805,863.9000244140625,527.7999877929688,845.2999877929688,414.0,141.1999969482422,213.99999999999864,115.31001077090343,active,
1.0,484.131,484.264,822.7000122070312,447.1000061035156,846.2000122070312,379.29998779296875,705.2999877929688,133.0000000000382,71.75717722228552,active,
1.0,484.454,484.477,836.7000122070312,427.29998779296875,913.2000122070312,482.5,132.1999969482422,22.999999999967713,94.33605539588986,active,
1.0,484.554,484.59,908.0999755859375,505.8999938964844,965.5999755859375,715.2000122070312,168.5,36.000000000001364,217.05471122460176,active,
1.0,484.751,484.942,321.8999938964844,300.29998779296875,345.70001220703125,375.6000061035156,385.20001220703125,191.00000000003092,78.97172677073144,active,
1.0,485.141,485.189,329.70001220703125,387.1000061035156,826.5,365.20001220703125,269.8999938964844,48.00000000000182,497.2824525395602,active,
1.0,485.277,485.378,802.7000122070312,388.6000061035156,1190.300048828125,352.20001220703125,754.0999755859375,100.99999999999909,389.30546868023487,active,
1.0,485.596,485.62,1178.5999755859375,372.0,1226.0,460.79998779296875,125.19999694824219,24.00000000000091,100.6588304446516,active,
1.0,485.741,485.779,1228.699951171875,479.8999938964844,989.2999877929688,593.2000122070312,212.60000610351562,38.000000000010914,264.85701164022805,active,
1.0,485.996,486.014,990.5,598.2000122070312,1005.2000122070312,652.5,90.4000015258789,18.000000000029104,56.254591218881174,active,
1.0,486.113,486.155,1000.2999877929688,650.2000122070312,1342.9000244140625,835.4000244140625,249.0,41.99999999997317,389.4532444520899,active,
1.0,486.622,486.638,1324.5999755859375,842.0999755859375,1384.0,850.0,83.19999694824219,15.99999999996271,59.92306138820016,active,
1.0,487.011,487.034,1402.800048828125,859.0,1287.5999755859375,837.0999755859375,156.39999389648438,22.999999999967713,117.26324208524126,active,
1.0,487.362,487.382,1264.0,830.0999755859375,1313.9000244140625,807.0999755859375,60.79999923706055,19.99999999998181,54.94554064274947,active,
1.0,487.9,487.906,1328.800048828125,806.0,1315.4000244140625,803.5,39.70000076293945,6.000000000028649,13.631238179177673,active,
1.0,488.001,488.136,1308.800048828125,801.7000122070312,702.2000122070312,434.5,599.2000122070312,135.00000000004775,709.083530617907,active,
1.0,488.345,488.38,702.7000122070312,435.3999938964844,940.4000244140625,516.7000122070312,205.10000610351562,34.99999999996817,251.21900561167354,active,
1.0,488.504,488.539,926.0,519.7000122070312,854.7000122070312,348.79998779296875,135.0,34.99999999996817,185.17696024075093,active,
1.0,488.704,488.745,849.9000244140625,306.79998779296875,575.9000244140625,337.5,185.0,40.99999999999682,275.71450950124455,active,
1.0,489.033,489.201,571.0,351.20001220703125,789.0999755859375,397.29998779296875,433.70001220703125,168.00000000000637,222.91883522845387,active,
1.0,489.449,489.471,786.5,402.1000061035156,851.0,451.1000061035156,111.0,21.99999999999136,81.00154319517623,active,
1.0,489.997,490.019,851.7000122070312,470.3999938964844,835.5,397.20001220703125,64.0,21.99999999999136,74.97117922804892,active,
1.0,490.759,490.805,826.9000244140625,362.20001220703125,670.5,674.2999877929688,190.8000030517578,45.99999999999227,349.0950621212826,active,
1.0,490.994,491.009,669.7999877929688,681.0999755859375,643.5,730.0999755859375,82.30000305175781,14.999999999986358,55.61195337254667,active,
1.0,491.193,491.204,642.5,742.0,678.0999755859375,755.5,63.900001525878906,11.000000000024102,38.0737214062317,active,
1.0,491.323,491.361,678.5999755859375,765.7999877929688,456.3999938964844,681.5,157.8000030517578,38.000000000010914,237.65378138099967,active,
1.0,491.595,491.654,452.0,690.7000122070312,1075.699951171875,675.0999755859375,319.70001220703125,58.99999999996908,623.8950153947206,active,
1.0,491.736,491.779,1052.0999755859375,688.2999877929688,1389.0,789.0999755859375,260.20001220703125,43.00000000000637,351.65645734048246,active,
1.0,492.002,492.138,1379.0,797.0,336.6000061035156,471.0,501.29998779296875,135.99999999996726,1092.1875971074708,active,
1.0,492.77,492.789,327.0,454.3999938964844,415.70001220703125,447.6000061035156,109.19999694824219,19.000000000005457,88.96028327018759,active,
1.0,493.011,493.034,418.79998779296875,452.0,324.5,461.29998779296875,81.30000305175781,22.999999999967713,94.75746656967684,active,
1.0,493.234,493.286,299.6000061035156,467.29998779296875,841.4000244140625,361.3999938964844,323.1000061035156,52.00000000002092,552.0525958172684,active,
1.0,493.448,493.566,813.2999877929688,384.3999938964844,847.4000244140625,376.79998779296875,615.7999877929688,117.999999999995,34.936694038409094,active,
1.0,493.694,493.836,846.2999877929688,386.1000061035156,911.7000122070312,355.5,848.5,141.9999999999959,72.20473368758564,active,
1.0,494.09,494.273,906.5999755859375,369.3999938964844,822.0,405.29998779296875,369.6000061035156,183.00000000004957,91.90193377132408,active,
1.0,494.463,494.484,807.0999755859375,400.3999938964844,870.5999755859375,460.8999938964844,120.0999984741211,20.999999999958163,87.70689824637512,active,
1.0,494.581,494.766,840.2000122070312,338.3999938964844,840.2000122070312,393.70001220703125,157.6999969482422,185.00000000000227,55.300018310546875,active,
1.0,495.087,495.206,951.0,414.20001220703125,964.2000122070312,293.70001220703125,619.7000122070312,119.0000000000282,121.2208328723482,active,
1.0,495.466,495.492,957.5,288.3999938964844,1088.4000244140625,312.70001220703125,113.80000305175781,26.00000000001046,133.13642357182002,active,
1.0,495.658,495.927,957.5,288.3999938964844,1088.4000244140625,312.70001220703125,0.0,269.00000000000546,133.13642357182002,active,
1.0,495.966,496.022,1261.199951171875,357.8999938964844,874.2999877929688,572.2999877929688,311.6000061035156,55.999999999983174,442.33351562527065,active,
1.0,496.303,496.317,883.7000122070312,582.7999877929688,940.7999877929688,588.5,95.9000015258789,14.000000000010004,57.383772541328824,active,
1.0,496.474,496.517,940.7000122070312,586.5,1282.800048828125,577.7999877929688,195.3000030517578,43.00000000000637,342.2106445868629,active,
1.0,496.735,496.742,1284.300048828125,578.0,1306.9000244140625,580.5,51.599998474121094,7.000000000005002,22.73782963444337,active,
1.0,496.96,497.021,1308.9000244140625,577.5,930.2999877929688,529.2999877929688,235.6999969482422,61.00000000003547,381.65590380112224,active,
1.0,497.172,497.179,916.9000244140625,527.0,901.2000122070312,519.0999755859375,43.400001525878906,6.999999999948159,17.575573078671255,active,
1.0,497.361,497.393,891.4000244140625,509.3999938964844,1011.5999755859375,507.79998779296875,113.4000015258789,31.999999999982265,120.21059970423748,active,
1.0,497.49,497.53,1025.5999755859375,510.3999938964844,1334.800048828125,507.0,203.5,39.99999999996362,309.2187660079353,active,
1.0,497.757,497.798,1328.0,508.0,1028.4000244140625,782.2999877929688,279.3999938964844,40.99999999999682,406.20269407565127,active,
1.0,497.955,497.963,996.2000122070312,796.0,969.4000244140625,788.0,61.79999923706055,8.000000000038199,27.96854207325212,active,
1.0,498.005,498.026,959.2999877929688,787.4000244140625,1062.0,782.7999877929688,128.5,21.000000000015007,102.80298071670768,active,
1.0,498.198,498.204,1079.5,777.2999877929688,1096.699951171875,779.2999877929688,43.79999923706055,6.000000000028649,17.315840156194678,active,
1.0,498.38,498.407,1103.5999755859375,777.4000244140625,1258.0999755859375,775.4000244140625,136.1999969482422,26.999999999986812,154.51294444155803,active,
1.0,498.55,498.663,1288.9000244140625,777.9000244140625,217.3000030517578,364.8999938964844,1107.0999755859375,112.99999999999955,1148.4318138188319,active,
1.0,498.772,498.839,229.5,366.3999938964844,1023.2999877929688,799.9000244140625,439.6000061035156,67.00000000000728,904.4560227445326,active,
1.0,499.001,499.021,997.0,791.0,1092.4000244140625,776.9000244140625,140.0,20.000000000038654,96.43637264916052,active,
1.0,499.57,499.65,1113.0,779.7000122070312,236.1999969482422,352.6000061035156,347.3999938964844,79.99999999998408,975.2910645367288,active,
1.0,499.844,499.862,248.60000610351562,359.0,176.89999389648438,381.79998779296875,103.4000015258789,18.000000000029104,75.23783086883854,active,
1.0,499.945,499.991,165.60000610351562,387.79998779296875,726.7999877929688,318.5,364.6000061035156,45.99999999999227,565.4625608794522,active,
1.0,500.156,500.335,703.0999755859375,339.5,836.2000122070312,404.6000061035156,536.0,178.99999999997362,148.16757588357268,active,
1.0,500.742,500.763,841.5999755859375,420.79998779296875,773.5,390.1000061035156,88.9000015258789,20.999999999958163,74.70003715218648,active,
1.0,501.092,501.124,748.2000122070312,376.79998779296875,834.9000244140625,530.2999877929688,175.6999969482422,32.00000000003911,176.2927738641019,active,
1.0,501.292,501.305,831.0,571.2000122070312,791.0999755859375,564.5,63.79999923706055,13.000000000033651,40.4586469350762,active,
1.0,501.603,501.627,749.2000122070312,552.0,875.7000122070312,547.0,148.0,24.00000000000091,126.5987756654858,active,
1.0,501.731,501.754,879.7999877929688,541.9000244140625,885.7999877929688,657.9000244140625,147.1999969482422,23.000000000024556,116.15506876585283,active,
1.0,501.867,502.005,885.4000244140625,680.7000122070312,910.5999755859375,619.7999877929688,560.2000122070312,137.9999999999768,65.90789416070197,active,
1.0,502.116,502.315,886.7999877929688,550.2000122070312,877.0999755859375,616.2000122070312,226.6999969482422,199.00000000001228,66.70899667073816,active,
1.0,502.392,502.588,843.5,485.70001220703125,830.5999755859375,549.7000122070312,309.6000061035156,196.00000000002638,65.28713985068889,active,
1.0,502.741,502.848,831.5999755859375,574.0,258.29998779296875,298.0,601.0,107.00000000002774,636.2773577642207,active,
1.0,503.006,503.063,255.60000610351562,303.8999938964844,1040.199951171875,268.1000061035156,391.3999938964844,57.00000000001637,785.4162672922233,active,
1.0,503.811,503.931,665.2999877929688,418.1000061035156,835.4000244140625,442.70001220703125,558.0999755859375,120.00000000000455,171.8696679428643,active,
1.0,504.369,504.585,308.79998779296875,241.0,425.70001220703125,302.5,212.8000030517578,215.99999999995134,132.0903694748728,active,
1.0,504.684,504.798,564.9000244140625,282.3999938964844,575.4000244140625,293.79998779296875,521.7000122070312,113.9999999999759,15.498705134296896,active,
1.0,504.968,505.244,564.9000244140625,282.3999938964844,575.4000244140625,293.79998779296875,0.0,276.00000000001046,15.498705134296896,active,
1.0,505.342,505.39,1136.9000244140625,428.0,1326.9000244140625,324.1000061035156,211.8000030517578,48.00000000000182,216.55301598382206,active,
1.0,505.487,505.514,1136.9000244140625,428.0,1326.9000244140625,324.1000061035156,0.0,26.999999999986812,216.55301598382206,active,
1.0,505.547,505.594,1414.0,271.1000061035156,1020.5,237.6999969482422,229.1999969482422,46.99999999996862,394.9149409829569,active,
1.0,505.725,505.777,1035.4000244140625,241.5,513.2000122070312,234.1999969482422,259.79998779296875,51.999999999964075,522.2510342676013,active,
1.0,506.001,506.051,532.7000122070312,232.1999969482422,375.0,638.5999755859375,234.3000030517578,50.00000000001137,435.9245766033581,active,
1.0,506.197,506.244,369.8999938964844,644.5999755859375,876.5,493.70001220703125,342.3999938964844,47.000000000025466,528.596599621902,active,
1.0,506.416,506.461,855.7999877929688,493.6000061035156,401.79998779296875,538.7999877929688,276.29998779296875,45.000000000015916,456.2444940431905,active,
1.0,506.741,506.764,408.8999938964844,543.2000122070312,521.0,499.0,149.39999389648438,23.000000000024556,120.49918027733612,active,
1.0,506.921,507.042,515.2999877929688,503.6000061035156,888.9000244140625,381.1000061035156,558.0,120.9999999999809,393.170748356592,active,
1.0,507.696,507.734,888.0999755859375,383.70001220703125,800.2000122070312,569.5999755859375,145.10000610351562,37.99999999995407,205.6336547024629,active,
1.0,507.973,507.998,811.2999877929688,590.2000122070312,736.0999755859375,495.29998779296875,112.9000015258789,24.999999999977263,121.08284961020412,active,
1.0,508.191,508.229,691.0,457.79998779296875,427.79998779296875,421.6000061035156,168.6999969482422,38.000000000010914,265.6777843555952,active,
1.0,508.385,508.435,419.0,420.8999938964844,804.0999755859375,713.4000244140625,286.6000061035156,50.00000000001137,483.5889360283936,active,
1.0,508.527,508.548,782.5,721.9000244140625,787.7999877929688,819.0,128.10000610351562,21.000000000015007,97.2445120785501,active,
1.0,508.68,508.733,781.0999755859375,828.5,985.5,448.70001220703125,218.89999389648438,52.99999999999727,431.30893882228844,active,
1.0,508.92,508.951,976.5999755859375,450.29998779296875,820.2999877929688,340.1000061035156,158.39999389648438,31.00000000000591,191.242574100115,active,
1.0,509.419,509.653,803.5999755859375,365.0,839.7000122070312,403.79998779296875,436.3999938964844,234.0000000000373,52.9967140186902,active,
1.0,510.488,510.514,842.5999755859375,419.6000061035156,810.2999877929688,545.5,123.80000305175781,26.00000000001046,129.97729676586113,active,
1.0,510.666,510.716,805.0,571.2000122070312,416.3999938964844,547.2000122070312,190.8000030517578,50.00000000001137,389.340422694141,active,
1.0,510.925,510.947,419.29998779296875,539.0,322.6000061035156,564.5999755859375,99.5,21.99999999999136,100.03122116989859,active,
1.0,511.165,511.214,300.0,572.2000122070312,793.5999755859375,435.79998779296875,292.8999938964844,48.99999999997817,512.0995045482811,active,
1.0,511.326,511.455,842.5,544.0999755859375,858.0999755859375,394.29998779296875,618.9000244140625,128.99999999996226,150.610077953155,active,
1.0,511.585,511.631,853.4000244140625,395.20001220703125,1227.4000244140625,373.8999938964844,233.0,45.99999999999227,374.60604744188214,active,
1.0,512.014,512.037,1202.4000244140625,379.6000061035156,1291.5,370.29998779296875,99.5,23.000000000024556,89.58401637564128,active,
1.0,512.285,512.305,1308.300048828125,367.0,1349.0,432.6000061035156,83.4000015258789,19.99999999998181,77.20004421096077,active,
1.0,512.475,512.482,1353.0,464.5,1354.5999755859375,483.29998779296875,45.099998474121094,6.999999999948159,18.867948030757614,active,
1.0,512.607,512.736,1353.4000244140625,489.1000061035156,516.7999877929688,418.8999938964844,420.20001220703125,129.0000000000191,839.5401497178576,active,
1.0,512.98,513.031,518.7000122070312,422.3999938964844,1005.0999755859375,391.8999938964844,264.5,50.99999999993088,487.3552855720366,active,
1.0,513.113,513.299,788.4000244140625,463.0,768.5999755859375,492.3999938964844,493.1000061035156,185.99999999992178,35.44575538353574,active,
1.0,513.476,513.526,763.9000244140625,489.1000061035156,290.8999938964844,631.2000122070312,258.29998779296875,49.999999999954525,493.8840355835052,active,
1.0,513.712,513.726,303.8999938964844,624.5999755859375,299.6000061035156,579.4000244140625,65.9000015258789,14.000000000010004,45.40402494228419,active,
1.0,513.932,513.997,288.70001220703125,559.7000122070312,1323.9000244140625,510.0,441.3999938964844,64.99999999994088,1036.3923757374987,active,
1.0,514.195,514.219,1284.199951171875,528.5999755859375,1305.5,437.1000061035156,87.4000015258789,24.00000000000091,93.94645546993587,active,
1.0,514.379,514.425,1299.699951171875,392.8999938964844,873.5999755859375,666.5,328.29998779296875,45.999999999935426,506.3774802794654,active,
1.0,514.665,514.685,878.9000244140625,661.5,954.5999755859375,704.0,118.69999694824219,19.99999999998181,86.81435715032542,active,
1.0,514.926,515.133,961.0999755859375,728.2999877929688,865.0999755859375,379.6000061035156,392.5,206.99999999999363,361.673440039803,active,
1.0,515.36,515.484,846.4000244140625,420.1000061035156,871.9000244140625,470.3999938964844,550.2999877929688,124.00000000002365,56.394492390417035,active,
1.0,515.888,515.925,884.9000244140625,467.79998779296875,861.2000122070312,665.0,133.89999389648438,36.999999999920874,198.61907107089868,active,
1.0,516.173,516.183,863.7000122070312,681.7999877929688,883.5,714.7999877929688,74.19999694824219,9.999999999990905,38.48427622551464,active,
1.0,516.404,516.527,876.7999877929688,734.9000244140625,874.2000122070312,591.5999755859375,724.7000122070312,123.0000000000473,143.3236333170161,active,
1.0,516.733,516.743,875.2000122070312,596.4000244140625,861.5999755859375,569.9000244140625,57.599998474121094,10.000000000104592,29.78608729079889,active,
1.0,516.89,516.927,849.7999877929688,551.7000122070312,838.5999755859375,765.5,137.60000610351562,37.00000000003456,214.09314574201397,active,
1.0,517.248,517.284,835.9000244140625,761.2999877929688,882.7000122070312,537.9000244140625,166.1999969482422,35.99999999994452,228.24938662594184,active,
1.0,517.588,517.715,876.4000244140625,527.5999755859375,864.7999877929688,731.5,414.8999938964844,127.0000000000664,204.2297255682091,active,
1.0,518.002,518.031,864.0,724.4000244140625,887.2999877929688,564.2999877929688,113.5999984741211,28.999999999996362,161.78662230613523,active,
1.0,518.452,518.683,860.7999877929688,419.3999938964844,849.4000244140625,463.1000061035156,217.8000030517578,230.99999999999454,45.16248699900265,active,
1.0,518.911,519.072,825.0999755859375,466.79998779296875,850.2999877929688,412.70001220703125,207.39999389648438,161.0000000000582,59.681219605781834,active,
1.0,519.148,519.262,826.4000244140625,448.1000061035156,835.4000244140625,447.5,303.1000061035156,113.99999999991905,9.01997823302562,active,
1.0,519.472,519.503,837.7999877929688,444.79998779296875,1024.5,369.79998779296875,185.39999389648438,31.000000000062755,201.20112961438764,active,
1.0,519.785,519.809,1021.0999755859375,357.0,925.5,430.1000061035156,139.10000610351562,24.00000000000091,120.34519610007649,active,
1.0,520.024,520.177,930.7000122070312,402.70001220703125,924.4000244140625,433.20001220703125,213.3000030517578,153.00000000002,31.14385727862808,active,
1.0,520.245,520.389,924.7999877929688,439.70001220703125,1118.5999755859375,763.2000122070312,465.5,144.00000000000546,377.1083203385399,active,
1.0,520.52,520.568,1125.0999755859375,770.5,640.5,800.5999755859375,287.29998779296875,48.00000000000182,485.5338761282937,active,
1.0,520.699,520.735,652.7999877929688,803.0,377.0,807.2999877929688,229.60000610351562,36.00000000005821,275.8335062345062,active,
1.0,520.902,520.918,366.0,813.4000244140625,344.6000061035156,748.0,98.80000305175781,15.99999999996271,68.81222952447871,active,
1.0,521.048,521.087,339.8999938964844,734.9000244140625,726.4000244140625,679.0,309.20001220703125,38.99999999998727,390.52155679242804,active,
1.0,521.256,521.285,709.2999877929688,684.9000244140625,752.4000244140625,592.4000244140625,101.69999694824219,28.999999999996362,102.04833735411677,active,
1.0,521.386,521.424,763.7000122070312,566.5,916.9000244140625,435.5,176.8000030517578,38.000000000010914,201.5719319256392,active,
1.0,521.673,521.697,907.7999877929688,449.29998779296875,1035.4000244140625,380.20001220703125,164.10000610351562,24.00000000000091,145.10884181083392,active,
1.0,522.462,522.646,1021.0999755859375,371.29998779296875,923.5,414.20001220703125,569.5,183.99999999996908,106.61222879718234,active,
1.0,523.311,523.489,565.4000244140625,441.6000061035156,556.5,509.79998779296875,138.60000610351562,177.99999999999727,68.77825191884895,active,
1.0,523.585,523.61,552.5,506.8999938964844,503.0,654.7000122070312,165.0,24.999999999977263,155.8688404159022,active,
1.0,523.705,523.906,531.0,609.7999877929688,518.5999755859375,691.2000122070312,404.6000061035156,200.99999999990814,82.33908294412392,active,
1.0,523.974,524.11,505.6000061035156,708.0999755859375,502.29998779296875,698.0999755859375,133.10000610351562,135.99999999996726,10.530437828027125,active,
1.0,524.31,524.316,503.3999938964844,699.7000122070312,484.79998779296875,703.7999877929688,49.900001525878906,6.0000000000854925,19.046522697230117,active,
1.0,524.497,524.536,470.3999938964844,706.2000122070312,810.0999755859375,630.9000244140625,238.8000030517578,38.99999999998727,347.9456361580585,active,
1.0,524.68,524.731,800.0,629.7000122070312,1231.800048828125,398.8999938964844,243.3000030517578,51.000000000044565,489.6120205020705,active,
1.0,525.027,525.087,1213.300048828125,394.8999938964844,465.20001220703125,699.7999877929688,380.29998779296875,59.99999999994543,807.8475543507933,active,
1.0,525.303,525.356,483.70001220703125,702.0999755859375,819.2999877929688,506.20001220703125,196.6999969482422,52.99999999999727,388.5925105623353,active,
1.0,525.436,525.484,807.0999755859375,508.0,1217.800048828125,339.70001220703125,257.1000061035156,48.00000000000182,443.8461851275187,active,
1.0,525.772,525.82,1207.5,345.3999938964844,666.7000122070312,374.3999938964844,312.1000061035156,48.00000000000182,541.576981413423,active,
1.0,526.012,526.05,664.7999877929688,379.1000061035156,503.5,599.0999755859375,222.5,38.000000000010914,272.79602752657235,active,
1.0,526.218,526.228,506.3999938964844,601.0999755859375,490.70001220703125,630.7999877929688,61.900001525878906,9.999999999990905,33.594346996882805,active,
1.0,526.421,526.65,497.79998779296875,640.7000122070312,889.7000122070312,454.3999938964844,615.9000244140625,228.99999999992815,433.927788875353,active,
1.0,527.022,527.175,877.5,457.29998779296875,834.5,400.1000061035156,305.20001220703125,152.99999999990632,71.56003008156,active,
1.0,527.517,527.533,827.2000122070312,411.70001220703125,854.4000244140625,447.6000061035156,66.30000305175781,15.99999999996271,45.040539803939566,active,
1.0,527.589,527.761,901.5999755859375,266.8999938964844,902.9000244140625,298.79998779296875,152.89999389648438,171.99999999991178,31.926473929190013,active,
1.0,527.901,527.912,899.9000244140625,297.1000061035156,907.2000122070312,262.0,65.30000305175781,11.000000000080945,35.85108436636648,active,
1.0,528.046,528.169,902.0,274.5,900.7000122070312,223.3000030517578,463.29998779296875,122.9999999999336,51.21649788653923,active,
1.0,528.33,528.375,898.5,245.10000610351562,615.5,532.0999755859375,242.6999969482422,44.99999999995907,403.06076772976934,active,
1.0,528.745,528.791,615.0,545.0,1057.0,634.5,269.5,46.00000000004911,450.970342705593,active,
1.0,529.04,529.101,1048.5999755859375,641.9000244140625,365.8999938964844,472.5,316.0,61.00000000003547,703.4028954093554,active,
1.0,529.371,529.415,368.20001220703125,471.3999938964844,817.7000122070312,451.70001220703125,290.1000061035156,43.99999999998272,449.9314828710754,active,
1.0,529.811,529.94,792.9000244140625,478.79998779296875,868.5999755859375,477.6000061035156,503.79998779296875,129.0000000000191,75.70946151888337,active,
1.0,530.459,530.481,851.4000244140625,474.20001220703125,788.5999755859375,423.5,73.4000015258789,22.000000000048203,80.71144510295923,active,
1.0,530.748,530.797,753.5,374.3999938964844,985.2000122070312,656.7999877929688,186.89999389648438,48.99999999997817,365.2870819088362,active,
1.0,530.95,531.163,972.7999877929688,675.9000244140625,841.0,726.2000122070312,224.10000610351562,212.99999999996544,141.07205802071337,active,
1.0,531.324,531.531,864.2999877929688,639.5999755859375,857.7000122070312,697.5,284.70001220703125,206.99999999999363,58.27497322937184,active,
1.0,531.581,531.733,843.7999877929688,733.9000244140625,858.2999877929688,732.4000244140625,671.5999755859375,151.99999999992997,14.577379737113251,active,
1.0,531.851,531.894,858.5,731.2999877929688,1245.0999755859375,692.7999877929688,238.5,43.00000000000637,388.5122792435877,active,
1.0,532.308,532.34,1238.699951171875,693.4000244140625,1078.800048828125,706.0,110.9000015258789,32.00000000003911,160.39556775144072,active,
1.0,532.538,532.568,1073.9000244140625,709.9000244140625,913.0999755859375,713.7000122070312,119.69999694824219,29.999999999972715,160.84494275653833,active,
1.0,532.701,532.839,898.7000122070312,720.9000244140625,893.5999755859375,716.7999877929688,478.3999938964844,138.00000000003365,6.543750746384463,active,
1.0,533.085,533.105,891.7999877929688,716.0999755859375,977.0,716.4000244140625,95.0,19.99999999998181,85.20054054627549,active,
1.0,533.405,533.466,991.5,723.5999755859375,387.5,580.0,257.3999938964844,61.00000000003547,620.835689203095,active,
1.0,533.614,533.672,380.8999938964844,573.0,810.7999877929688,287.79998779296875,230.60000610351562,57.999999999992724,515.9002342653937,active,
1.0,534.101,534.276,787.9000244140625,304.8999938964844,845.2000122070312,382.1000061035156,413.1000061035156,174.99999999995453,96.14120077178224,active,
1.0,535.215,535.447,945.9000244140625,367.79998779296875,947.7000122070312,386.70001220703125,342.8999938964844,231.9999999999709,18.98554394551273,active,
1.0,535.618,535.654,934.5999755859375,404.29998779296875,711.5,552.5,222.60000610351562,35.99999999994452,267.83734378277074,active,
1.0,535.746,535.866,688.2000122070312,636.0999755859375,682.7999877929688,564.0,474.3999938964844,120.00000000000455,72.30191382781824,active,
1.0,536.113,536.154,684.5,560.0,950.9000244140625,403.3999938964844,204.60000610351562,40.99999999993997,309.01866435449205,active,
1.0,536.252,536.305,946.5999755859375,403.3999938964844,545.9000244140625,216.5,220.1999969482422,52.99999999999727,442.1448389245869,active,
1.0,536.438,536.541,557.4000244140625,230.0,922.0999755859375,393.5,354.79998779296875,103.00000000006548,399.67274661248547,active,
1.0,536.83,537.059,933.7999877929688,366.0,942.2999877929688,380.1000061035156,354.5,228.99999999992815,16.46390512968226,active,
1.0,537.127,537.266,897.0,442.3999938964844,835.4000244140625,449.1000061035156,611.5,139.00000000001,61.963272635993526,active,
1.0,537.853,537.874,837.5999755859375,457.29998779296875,907.2000122070312,426.79998779296875,70.19999694824219,21.00000000007185,75.98957229553007,active,
1.0,537.925,537.943,920.7999877929688,417.5,836.7000122070312,401.79998779296875,109.30000305175781,18.000000000029104,85.55288584762184,active,
1.0,538.171,538.351,1157.699951171875,328.20001220703125,1152.300048828125,328.8999938964844,364.29998779296875,179.99999999994998,5.445082156185193,active,
1.0,538.411,538.527,1132.5,358.29998779296875,1146.5,332.70001220703125,535.4000244140625,116.00000000009913,29.17805253954753,active,
1.0,538.66,538.668,1144.199951171875,359.3999938964844,1125.5,365.1000061035156,41.0,8.000000000038199,19.54938139662773,active,
1.0,538.953,539.005,1123.199951171875,369.3999938964844,675.4000244140625,558.2999877929688,252.1999969482422,52.00000000002092,486.0123271053874,active,
1.0,539.151,539.177,676.2000122070312,559.9000244140625,811.4000244140625,464.29998779296875,186.89999389648438,26.000000000067303,165.58505458747135,active,
1.0,539.334,539.344,828.0,418.1000061035156,821.9000244140625,384.1000061035156,65.9000015258789,10.000000000104592,34.54286760170663,active,
1.0,540.606,540.742,713.4000244140625,338.29998779296875,733.0999755859375,440.70001220703125,533.4000244140625,135.99999999996726,104.27776884923678,active,
1.0,541.066,541.114,739.0,436.79998779296875,557.0999755859375,705.2999877929688,181.6999969482422,48.00000000000182,324.31445987164454,active,
1.0,541.38,541.417,570.9000244140625,702.2999877929688,805.2000122070312,808.2999877929688,195.1999969482422,37.00000000003456,257.16236948625533,active,
1.0,541.545,541.588,795.9000244140625,815.5,1072.0,758.7000122070312,179.8000030517578,43.00000000000637,281.88195247627453,active,
1.0,541.758,541.784,1059.300048828125,764.2999877929688,941.5999755859375,795.2999877929688,117.5999984741211,25.999999999953616,121.71403880085609,active,
1.0,541.956,541.976,913.2000122070312,808.7000122070312,824.2999877929688,881.7000122070312,166.60000610351562,19.99999999998181,115.03136242269284,active,
1.0,542.338,542.357,818.0,902.5999755859375,755.7999877929688,932.2000122070312,93.0999984741211,19.000000000005457,68.88398715612307,active,
1.0,542.666,542.686,730.2000122070312,938.5999755859375,817.5,927.0,101.69999694824219,19.99999999998181,88.06728849150994,active,
1.0,542.79,542.837,829.0,919.7999877929688,747.4000244140625,484.8999938964844,256.8999938964844,47.000000000025466,442.4890515106422,active,
1.0,543.011,543.022,731.5999755859375,485.8999938964844,745.2000122070312,448.0,73.19999694824219,11.000000000080945,40.2662455842191,active,
1.0,543.486,543.531,743.7000122070312,456.1000061035156,1212.4000244140625,454.6000061035156,294.1000061035156,44.99999999995907,468.7024124568501,active,
1.0,543.733,543.758,1198.4000244140625,460.0,1245.9000244140625,545.0,113.5,25.00000000009095,97.37171047075223,active,
1.0,543.866,543.894,1254.199951171875,571.2999877929688,1097.699951171875,723.9000244140625,209.39999389648438,28.00000000002001,218.58412837340032,active,
1.0,544.158,544.199,1066.199951171875,731.2000122070312,814.7000122070312,856.5999755859375,186.0,40.99999999993997,281.0291268085057,active,
1.0,544.531,544.538,807.2000122070312,874.4000244140625,796.2000122070312,885.5,38.099998474121094,7.000000000061846,15.627202501036727,active,
1.0,544.564,544.611,793.2000122070312,886.0999755859375,728.2999877929688,444.0,242.1999969482422,47.000000000025466,446.8382275298662,active,
1.0,544.873,544.883,718.2000122070312,447.6000061035156,746.7999877929688,432.79998779296875,61.099998474121094,9.999999999990905,32.20247110873238,active,
1.0,544.99,545.039,739.2999877929688,429.6000061035156,1249.199951171875,416.3999938964844,278.20001220703125,48.99999999997817,510.07079212210897,active,
1.0,545.257,545.265,845.4000244140625,539.7999877929688,846.9000244140625,517.7999877929688,47.70000076293945,8.000000000038199,22.051077071199945,,
1.0,545.505,545.641,827.7000122070312,513.5999755859375,828.7000122070312,482.1000061035156,368.3999938964844,135.99999999996726,31.51583851642709,,
1.0,546.021,546.146,830.0999755859375,505.0,820.0,495.8999938964844,253.89999389648438,125.0,13.594837914464268,active,
1.0,546.313,546.318,824.0999755859375,494.79998779296875,839.9000244140625,498.20001220703125,42.099998474121094,4.9999999999954525,16.161735952160438,active,
1.0,546.631,546.79,835.9000244140625,506.8999938964844,830.7999877929688,587.7999877929688,412.70001220703125,158.99999999999181,81.0605908317211,active,
1.0,546.944,546.98,832.0,573.7000122070312,1086.4000244140625,543.7999877929688,174.39999389648438,36.00000000005821,256.1510958044824,active,
1.0,547.47,547.515,1073.699951171875,566.0999755859375,696.2000122070312,589.7000122070312,225.0,44.99999999995907,378.2369173507231,active,
1.0,547.716,547.724,695.0999755859375,590.0,724.4000244140625,589.9000244140625,62.20000076293945,8.000000000038199,29.300219392494192,active,
1.0,547.948,547.984,746.5,599.0999755859375,558.5999755859375,616.2999877929688,136.3000030517578,36.00000000005821,188.68561046017078,active,
1.0,548.24,548.267,553.2000122070312,627.7999877929688,721.2999877929688,604.2999877929688,162.5,27.000000000043656,169.73465112343084,active,
1.0,548.405,548.441,752.2000122070312,603.2999877929688,1052.5,569.5,230.8000030517578,36.00000000005821,302.1961645078607,active,
1.0,548.667,548.677,1064.0999755859375,573.5999755859375,1092.5999755859375,570.4000244140625,56.099998474121094,9.999999999990905,28.679081008679205,active,
1.0,548.776,548.83,1096.300048828125,565.5,662.5,368.70001220703125,249.3000030517578,54.00000000008731,476.35356360438436,active,
1.0,549.207,549.335,643.9000244140625,385.3999938964844,810.5,448.0,310.29998779296875,128.00000000004275,177.97278620450703,active,
1.0,549.819,549.837,812.5,458.79998779296875,820.4000244140625,424.1000061035156,40.20000076293945,18.000000000029104,35.587906864427495,active,
1.0,550.088,550.111,819.7000122070312,394.8999938964844,776.5999755859375,485.20001220703125,116.4000015258789,23.000000000024556,100.05851519798165,active,
1.0,550.248,550.376,753.4000244140625,539.0999755859375,870.7999877929688,388.3999938964844,598.9000244140625,127.99999999992906,191.03202842081228,active,
1.0,550.482,550.512,859.7999877929688,390.3999938964844,980.7000122070312,273.70001220703125,140.89999389648438,29.999999999972715,168.0348226697062,active,
1.0,550.662,550.805,989.0999755859375,252.3000030517578,782.4000244140625,542.2999877929688,131.8000030517578,142.99999999991542,356.1247828561754,active,
1.0,551.098,551.11,791.5999755859375,543.2999877929688,754.0999755859375,535.0,64.9000015258789,12.000000000057298,38.40754870287129,active,
1.0,551.591,551.63,727.2000122070312,524.7999877929688,556.5999755859375,420.70001220703125,107.30000305175781,38.99999999998727,199.85288942647617,active,
1.0,551.822,551.896,504.8999938964844,397.3999938964844,945.7999877929688,232.6999969482422,202.6999969482422,73.99999999995543,470.657936948556,active,
1.0,552.03,552.042,935.4000244140625,243.10000610351562,985.2000122070312,240.6999969482422,85.69999694824219,12.000000000057298,49.8577860331286,active,
1.0,552.328,552.373,998.7000122070312,242.39999389648438,712.0999755859375,545.4000244140625,249.10000610351562,45.00000000007276,417.0714560897995,active,
1.0,552.63,552.684,717.2000122070312,562.5,975.9000244140625,321.20001220703125,159.6999969482422,53.999999999973625,353.7674100659994,active,
1.0,553.037,553.26,954.2999877929688,333.3999938964844,856.5,376.0,602.5999755859375,222.99999999995634,106.67519923733165,active,
1.0,553.882,553.902,851.0999755859375,389.0,861.4000244140625,478.79998779296875,108.80000305175781,20.000000000095497,90.3887648631128,active,
1.0,553.968,554.145,858.7999877929688,425.6000061035156,850.5999755859375,491.0,321.6000061035156,177.00000000002092,65.91205809148775,active,
1.0,554.699,554.819,747.2999877929688,396.5,877.5,441.70001220703125,834.2000122070312,120.00000000000455,137.82265518493998,active,
1.0,555.025,555.066,870.7999877929688,481.0,1150.4000244140625,399.6000061035156,223.1999969482422,41.00000000005366,291.20806905864515,active,
1.0,555.216,555.24,1130.300048828125,396.29998779296875,1263.699951171875,375.1000061035156,156.0,24.00000000000091,135.07395444331667,active,
1.0,555.536,555.58,1289.800048828125,370.1000061035156,856.0,478.3999938964844,287.79998779296875,44.000000000096406,447.1144928530508,active,
1.0,555.672,555.806,855.2000122070312,495.6000061035156,820.0999755859375,476.70001220703125,562.7000122070312,134.00000000001455,39.86505161277568,active,
1.0,555.906,556.039,819.4000244140625,493.6000061035156,777.7999877929688,472.29998779296875,679.0999755859375,133.0000000000382,46.73600140048326,active,
1.0,556.338,556.364,773.4000244140625,478.0,902.7000122070312,529.0999755859375,144.39999389648438,26.000000000067303,139.03127111605244,active,
1.0,556.571,556.59,893.5999755859375,538.0999755859375,806.5999755859375,538.7999877929688,119.80000305175781,19.000000000005457,87.00281614459381,active,
1.0,556.791,556.815,795.0,540.9000244140625,736.7999877929688,475.0,81.19999694824219,24.00000000000091,87.92072928878957,active,
1.0,557.108,557.266,710.7999877929688,463.1000061035156,844.0999755859375,412.70001220703125,431.3999938964844,158.00000000001546,142.5098106460439,active,
1.0,558.083,558.102,846.9000244140625,416.8999938964844,885.2000122070312,470.3999938964844,69.19999694824219,19.000000000005457,65.79619339248704,active,
1.0,558.256,558.373,879.5,493.1000061035156,1150.300048828125,540.2000122070312,410.79998779296875,117.00000000007549,274.86556172111864,active,
1.0,558.416,558.56,1148.800048828125,542.7000122070312,1120.0999755859375,546.5999755859375,715.5999755859375,143.99999999989177,28.963838116930166,active,
1.0,558.596,558.711,1120.9000244140625,552.0999755859375,1087.5999755859375,464.5,838.5999755859375,115.0000000000091,93.71578828891296,active,
1.0,558.749,558.895,1075.9000244140625,483.70001220703125,1063.0,533.0999755859375,603.0,145.99999999995816,51.05650802513512,active,
1.0,559.073,559.118,1065.699951171875,527.7000122070312,723.9000244140625,552.2999877929688,185.89999389648438,45.00000000007276,342.684036293602,active,
1.0,559.373,559.417,718.2000122070312,553.2999877929688,1024.699951171875,435.8999938964844,202.89999389648438,43.99999999998272,328.2148246992319,active,
1.0,559.616,559.659,1013.5999755859375,433.79998779296875,668.7000122070312,435.6000061035156,207.3000030517578,43.00000000000637,344.90466045660963,active,
1.0,560.05,560.199,660.0999755859375,454.8999938964844,857.5999755859375,426.29998779296875,442.70001220703125,149.0000000000009,199.56004196512168,active,
1.0,560.789,560.797,842.5,432.79998779296875,818.5,443.5,56.29999923706055,8.000000000038199,26.277181379109475,active,
1.0,560.913,561.0,808.2000122070312,466.70001220703125,811.5999755859375,464.5,431.29998779296875,86.99999999998909,4.049667231883395,active,
1.0,561.086,561.198,805.4000244140625,470.5,785.5,473.3999938964844,393.20001220703125,111.99999999996635,20.110219697455573,active,
1.0,561.245,561.361,781.2999877929688,481.20001220703125,752.0,458.20001220703125,319.0,115.99999999998545,37.24901723090312,active,
1.0,561.406,561.59,738.0999755859375,420.79998779296875,743.0,467.1000061035156,272.1000061035156,184.00000000008276,46.55858604828313,active,
1.0,561.674,561.869,739.5999755859375,478.5,747.2000122070312,466.79998779296875,283.0,195.00000000005002,13.951732590852162,active,
1.0,561.933,562.091,729.7999877929688,500.8999938964844,750.7000122070312,483.6000061035156,787.7999877929688,158.00000000001546,27.131173917567157,active,
1.0,562.371,562.409,752.4000244140625,476.8999938964844,985.4000244140625,403.3999938964844,155.3000030517578,38.000000000010914,244.3179281182615,active,
1.0,562.648,562.662,981.9000244140625,413.1000061035156,994.0,462.8999938964844,80.69999694824219,14.000000000010004,51.248884801136114,active,
1.0,562.807,562.842,988.9000244140625,463.8999938964844,726.4000244140625,470.29998779296875,194.1999969482422,34.99999999996817,262.5780073080665,active,
1.0,563.095,563.117,706.5,474.1000061035156,796.9000244140625,450.3999938964844,89.4000015258789,21.999999999934516,93.45509613004808,active,
1.0,563.244,563.279,808.7000122070312,439.29998779296875,943.5,279.0,164.39999389648438,34.99999999996817,209.44479653457722,active,
1.0,563.618,563.765,954.0,257.29998779296875,860.2000122070312,371.29998779296875,232.60000610351562,146.99999999993452,147.62939310977706,active,
1.0,564.021,564.042,853.0999755859375,377.1000061035156,818.2999877929688,442.79998779296875,91.9000015258789,21.00000000007185,74.34733851581541,active,
1.0,564.6,564.644,810.2999877929688,464.20001220703125,443.0,516.9000244140625,212.60000610351562,43.99999999998272,371.06141313714664,active,
1.0,564.815,564.823,430.70001220703125,523.5,406.6000061035156,530.2999877929688,50.70000076293945,7.999999999924512,25.04096899431039,active,
1.0,565.003,565.052,409.20001220703125,539.2000122070312,849.4000244140625,436.79998779296875,270.0,48.99999999997817,451.9533335943779,active,
1.0,565.153,565.252,832.5999755859375,449.1000061035156,895.4000244140625,338.3999938964844,440.5,98.9999999999327,127.27269477563422,active,
1.0,565.407,565.454,892.7000122070312,377.79998779296875,1280.9000244140625,552.0,247.8000030517578,46.99999999991178,425.493705864692,active,
1.0,565.679,565.717,1259.5999755859375,557.5999755859375,1045.0999755859375,575.7999877929688,173.5,38.000000000010914,215.27073754771243,active,
1.0,565.884,565.937,1053.5,585.5,559.5,521.9000244140625,249.3000030517578,52.99999999999727,498.07725996529075,active,
1.0,566.095,566.14,565.7000122070312,519.7000122070312,850.5999755859375,366.70001220703125,237.10000610351562,44.99999999995907,323.38365625569594,active,
1.0,566.46,566.528,833.4000244140625,393.79998779296875,441.1000061035156,535.5999755859375,219.5,67.99999999998363,417.14091252781895,active,
1.0,566.737,566.789,450.70001220703125,538.5999755859375,1074.0,520.7999877929688,325.0,52.00000000002092,623.5540989746959,active,
1.0,566.929,566.953,1039.0,521.5999755859375,1205.199951171875,538.5999755859375,193.0,24.00000000000091,167.0671235448005,active,
1.0,567.056,567.104,1220.4000244140625,539.2999877929688,864.2000122070312,303.8999938964844,239.0,48.00000000000182,426.95621066188284,active,
1.0,567.439,567.698,841.5999755859375,320.29998779296875,834.5,438.3999938964844,465.79998779296875,259.00000000001455,118.31323296644098,active,
1.0,568.023,568.035,835.0,435.0,834.2000122070312,407.1000061035156,39.900001525878906,11.999999999943611,27.911460726604123,active,
1.0,568.167,568.206,827.5,397.5,1116.699951171875,378.70001220703125,198.89999389648438,38.99999999998727,289.8103712754784,active,
1.0,568.362,568.533,1104.0999755859375,392.5,1026.199951171875,481.79998779296875,624.5999755859375,171.0000000000491,118.50274943450005,active,
1.0,568.693,568.7,1031.5999755859375,485.20001220703125,1044.0,472.5,43.79999923706055,7.000000000061846,17.749673673847887,active,
1.0,568.847,568.876,1047.5,465.20001220703125,984.4000244140625,656.5,169.8000030517578,28.999999999996362,201.43806057579064,active,
1.0,569.112,569.15,976.0999755859375,698.5,716.2999877929688,785.7000122070312,189.5,38.000000000010914,274.0435654893818,active,
1.0,569.3,569.314,704.4000244140625,797.2999877929688,654.7000122070312,816.7999877929688,79.0999984741211,14.000000000010004,53.38858692060556,active,
1.0,569.426,569.479,646.0,818.9000244140625,1041.0,491.3999938964844,284.8999938964844,52.99999999999727,513.1094132726612,active,
1.0,569.669,569.679,1021.0,500.29998779296875,1036.5999755859375,483.6000061035156,46.099998474121094,9.999999999990905,22.852759717590253,active,
1.0,569.81,569.838,1040.699951171875,467.70001220703125,1082.699951171875,339.70001220703125,119.19999694824219,28.00000000002001,134.7145129523913,active,
1.0,570.162,570.189,1076.300048828125,364.20001220703125,1060.0,476.3999938964844,109.30000305175781,26.99999999992997,113.37780859988817,active,
1.0,570.361,570.369,1051.800048828125,513.2999877929688,1048.800048828125,495.20001220703125,42.29999923706055,8.000000000038199,18.34691026335316,active,
1.0,571.109,571.282,1027.9000244140625,477.79998779296875,853.7999877929688,510.5,622.0,173.00000000000182,177.14432971395436,active,
1.0,571.637,571.659,844.5,495.20001220703125,865.7999877929688,427.3999938964844,73.0,22.000000000048203,71.06709479703747,active,
1.0,572.171,572.198,858.0,394.29998779296875,814.0999755859375,529.5999755859375,120.0,26.99999999992997,142.24380070967163,active,
1.0,572.274,572.468,835.7999877929688,596.2999877929688,837.4000244140625,608.0999755859375,383.20001220703125,193.99999999995998,11.90797334154946,active,
1.0,572.492,572.637,829.5,619.5,679.0999755859375,644.4000244140625,600.0999755859375,144.9999999999818,152.44729764601112,active,
1.0,572.917,572.947,684.9000244140625,639.4000244140625,861.7000122070312,655.0,151.0,29.999999999972715,177.48688661947887,active,
1.0,573.076,573.114,853.2999877929688,656.4000244140625,1164.9000244140625,701.7999877929688,230.0,38.000000000010914,314.8900435026058,active,
1.0,573.284,573.31,1157.199951171875,706.0,1322.199951171875,757.9000244140625,173.60000610351562,25.999999999953616,172.96997581713504,active,
1.0,573.513,573.525,1357.0999755859375,782.5,1340.9000244140625,824.0,70.69999694824219,11.999999999943611,44.54984195225763,active,
1.0,573.723,573.785,1333.300048828125,835.9000244140625,761.7000122070312,531.2999877929688,306.3999938964844,62.00000000001182,647.6942057597917,active,
1.0,574.045,574.085,761.7999877929688,538.2999877929688,1009.5999755859375,493.6000061035156,184.3000030517578,40.00000000007731,251.79936916766275,active,
1.0,574.437,574.675,995.0999755859375,501.29998779296875,872.4000244140625,457.1000061035156,515.9000244140625,237.9999999999427,130.41823645076826,active,
1.0,574.872,575.025,755.0,330.6000061035156,764.4000244140625,374.6000061035156,89.9000015258789,153.00000000002,44.99289342757333,active,
1.0,575.263,575.299,766.5999755859375,386.8999938964844,969.0999755859375,523.0999755859375,181.89999389648438,35.99999999994452,244.04238363900515,active,
1.0,575.435,575.456,964.5999755859375,535.7000122070312,1069.4000244140625,530.0,132.3000030517578,21.00000000007185,104.95494449304277,active,
1.0,575.546,575.696,1081.699951171875,535.7999877929688,434.1000061035156,646.5999755859375,179.10000610351562,149.99999999997726,657.010141586463,active,
1.0,575.812,575.837,434.8999938964844,651.0999755859375,335.5,723.2999877929688,140.8000030517578,24.999999999977263,122.85438758675488,active,
1.0,576.165,576.222,336.70001220703125,770.0999755859375,1122.0999755859375,561.2000122070312,432.1000061035156,57.00000000001637,812.7067719511729,active,
1.0,576.389,576.397,1089.5,577.5999755859375,1113.800048828125,589.5,57.79999923706055,8.000000000038199,27.057401096641613,active,
1.0,576.725,576.747,1097.0,596.2000122070312,1168.699951171875,518.5999755859375,126.69999694824219,21.999999999934516,105.65343667692193,active,
1.0,577.065,577.119,1192.5,486.0,533.4000244140625,547.0999755859375,354.1000061035156,53.999999999973625,661.9259662786961,active,
1.0,577.272,577.286,538.2000122070312,554.0999755859375,479.3999938964844,560.2000122070312,91.5999984741211,13.999999999896318,59.115586777933046,active,
1.0,577.432,577.45,472.70001220703125,564.2999877929688,408.29998779296875,600.4000244140625,115.5999984741211,18.000000000029104,73.82801493048662,active,
1.0,577.557,577.613,401.6000061035156,609.4000244140625,1185.5,476.29998779296875,415.8999938964844,56.00000000004002,795.1193747981775,active,
1.0,577.758,577.768,1159.4000244140625,488.20001220703125,1195.0,484.1000061035156,64.19999694824219,9.999999999990905,35.835294219082556,active,
1.0,578.382,578.581,1191.699951171875,485.70001220703125,453.8999938964844,404.70001220703125,167.89999389648438,199.00000000006912,742.2329667668826,active,
1.0,578.786,578.83,444.1000061035156,415.8999938964844,834.7999877929688,426.20001220703125,254.6999969482422,44.000000000096406,390.83572772884594,active,
1.0,579.121,579.276,785.5999755859375,272.79998779296875,791.5999755859375,317.1000061035156,167.6999969482422,154.99999999997272,44.704492193903604,active,
1.0,579.457,579.486,781.9000244140625,315.3999938964844,857.2999877929688,481.8999938964844,181.60000610351562,28.999999999996362,182.7769254516018,active,
1.0,579.578,579.7,850.5999755859375,532.0,1023.5,520.7999877929688,530.4000244140625,122.00000000007094,173.26239844761776,active,
1.0,579.896,579.919,1018.9000244140625,529.0,937.2999877929688,468.0,102.69999694824219,23.000000000024556,101.88015496927673,active,
1.0,580.079,580.109,913.2000122070312,469.6000061035156,1104.0999755859375,415.8999938964844,174.10000610351562,30.000000000086402,198.30907021390385,active,
1.0,580.371,580.382,1104.0999755859375,418.70001220703125,1147.699951171875,415.1000061035156,78.80000305175781,10.999999999967258,43.74834756924764,active,
1.0,580.507,580.549,1149.4000244140625,408.20001220703125,764.2999877929688,337.5,252.6999969482422,42.00000000003001,391.536115743672,active,
1.0,580.998,581.253,894.0999755859375,293.8999938964844,897.7999877929688,334.6000061035156,390.3999938964844,254.99999999999545,40.86784902566653,active,
1.0,581.336,581.445,860.4000244140625,393.20001220703125,856.5,392.70001220703125,188.6999969482422,109.00000000003729,3.93194486612968,active,
1.0,581.961,581.985,853.4000244140625,432.6000061035156,742.5999755859375,502.0,151.89999389648438,24.00000000000091,130.74023853866473,active,
1.0,582.113,582.219,709.4000244140625,523.7999877929688,715.0,478.1000061035156,460.6000061035156,105.99999999999454,46.04180766411596,active,
1.0,582.272,582.309,711.0999755859375,470.1000061035156,849.7000122070312,373.70001220703125,138.6999969482422,36.999999999920874,168.82810481258963,active,
1.0,582.595,582.629,839.5,369.6000061035156,613.7000122070312,419.1000061035156,160.10000610351562,33.999999999991815,231.16203080805644,active,
1.0,582.784,582.828,593.5,419.70001220703125,1050.300048828125,468.79998779296875,300.8999938964844,43.99999999998272,459.43127038972546,active,
1.0,583.285,583.447,1030.9000244140625,479.79998779296875,667.7000122070312,399.8999938964844,417.70001220703125,162.00000000003456,371.8847373741572,active,
1.0,583.667,583.691,661.2000122070312,403.79998779296875,787.9000244140625,406.79998779296875,130.1999969482422,24.00000000000091,126.73552419610638,active,
1.0,584.205,584.23,807.0999755859375,429.3999938964844,891.4000244140625,494.20001220703125,118.80000305175781,24.999999999977263,106.32751574955313,active,
1.0,584.429,584.471,835.0999755859375,570.7999877929688,1126.0999755859375,418.79998779296875,199.60000610351562,42.00000000003001,328.3062594590606,active,
1.0,585.034,585.177,1130.300048828125,432.1000061035156,1302.9000244140625,444.8999938964844,451.70001220703125,143.0000000000291,173.0739473744283,active,
1.0,585.276,585.322,1299.0,444.5,841.7000122070312,575.7999877929688,296.29998779296875,46.00000000004911,475.77617177606015,active,
1.0,586.094,586.107,832.7999877929688,437.29998779296875,808.9000244140625,415.29998779296875,44.400001525878906,12.999999999919964,32.483969115750924,active,
1.0,586.848,586.861,807.0999755859375,399.70001220703125,847.7999877929688,392.0,66.5,13.000000000033651,41.42198910773025,active,
1.0,587.254,587.276,851.2000122070312,394.1000061035156,811.2999877929688,484.70001220703125,94.5,21.999999999934516,98.99683355643175,active,
1.0,587.431,587.44,816.0,520.7999877929688,838.0,539.2000122070312,57.20000076293945,9.000000000014552,28.68032249536424,active,
1.0,587.651,587.788,834.9000244140625,564.2000122070312,838.2000122070312,569.9000244140625,552.7999877929688,137.0000000000573,6.5863539681714665,active,
1.0,589.299,589.56,851.4000244140625,569.7000122070312,836.0,529.0,581.0999755859375,260.99999999996726,43.516109035691755,active,
1.0,589.758,589.768,818.0999755859375,522.5,858.2999877929688,513.0999755859375,79.5999984741211,9.999999999990905,41.28439705785265,active,
1.0,590.01,590.03,845.7999877929688,507.70001220703125,808.2000122070312,469.20001220703125,60.20000076293945,19.99999999998181,53.81457204199524,active,
1.0,590.341,590.392,804.0999755859375,455.8999938964844,422.1000061035156,380.3999938964844,178.6999969482422,51.000000000044565,389.3895564657214,active,
1.0,590.486,590.534,398.3999938964844,363.1000061035156,931.2000122070312,513.2000122070312,328.3999938964844,48.00000000000182,553.5394036055559,active,
1.0,590.639,591.085,907.7000122070312,529.4000244140625,781.0999755859375,589.2999877929688,558.0,446.0000000000264,140.055613544251,active,
1.0,591.242,591.539,778.7999877929688,602.2999877929688,805.2999877929688,564.2999877929688,515.0,297.00000000002547,46.32763753959401,active,
1.0,591.592,591.737,788.7999877929688,598.7999877929688,802.9000244140625,590.5999755859375,662.7000122070312,144.9999999999818,16.311077000359184,active,
1.0,591.845,591.879,798.4000244140625,589.7999877929688,1036.0999755859375,556.2000122070312,181.8000030517578,33.999999999991815,240.06296079671964,active,
1.0,592.009,592.055,1035.800048828125,561.0999755859375,1181.199951171875,290.20001220703125,187.39999389648438,45.999999999935426,307.4539343710937,active,
1.0,592.19,592.246,1177.5,283.20001220703125,447.0,260.20001220703125,347.1000061035156,55.99999999992633,730.8619910762907,active,
1.0,592.404,592.454,445.20001220703125,268.1000061035156,1048.5999755859375,281.1000061035156,349.8999938964844,49.999999999954525,603.5399869152543,active,
1.0,592.558,592.602,1019.0999755859375,292.70001220703125,844.2999877929688,541.7999877929688,189.3000030517578,43.99999999998272,304.3120660922545,active,
1.0,592.728,592.748,855.4000244140625,536.0,791.0999755859375,579.5999755859375,109.30000305175781,20.000000000095497,77.68818539773989,active,
1.0,593.026,593.033,781.5,600.9000244140625,778.5999755859375,619.0999755859375,44.79999923706055,7.000000000061846,18.42955138522891,active,
1.0,593.083,593.113,777.9000244140625,624.0,998.4000244140625,597.5,210.3000030517578,30.000000000086402,222.08669478381634,active,
1.0,593.292,593.333,1017.9000244140625,590.7999877929688,1245.0999755859375,479.6000061035156,154.0,40.99999999993997,252.95306627957112,active,
1.0,593.47,593.508,1262.699951171875,466.3999938964844,993.0,587.0,221.0,38.000000000010914,295.4359916027155,active,
1.0,593.691,593.708,985.0,590.0,1047.4000244140625,567.5,85.69999694824219,16.999999999939064,66.33259415156019,active,
1.0,593.883,593.888,1057.300048828125,566.2999877929688,1063.0999755859375,551.7000122070312,40.20000076293945,4.9999999999954525,15.709819779550639,active,
1.0,593.991,594.021,1063.5999755859375,550.5,954.2000122070312,401.0,153.6999969482422,29.999999999972715,185.25280561250895,active,
1.0,594.317,594.361,921.0,374.3999938964844,1221.199951171875,279.6000061035156,181.3000030517578,43.99999999998272,314.8127195161326,active,
1.0,594.62,595.052,1217.4000244140625,279.3999938964844,668.9000244140625,301.20001220703125,460.5,432.00000000001637,548.9330476463775,active,
1.0,595.147,595.283,631.2999877929688,344.70001220703125,848.4000244140625,472.8999938964844,520.5999755859375,135.99999999996726,252.1262802764844,active,
1.0,595.611,595.632,852.9000244140625,464.6000061035156,964.2999877929688,438.8999938964844,148.89999389648438,20.999999999958163,114.32603582851637,active,
1.0,595.788,596.122,912.7000122070312,438.6000061035156,915.7000122070312,378.8999938964844,572.7999877929688,333.99999999994634,59.77534155084085,active,
1.0,596.769,596.777,908.0,431.29998779296875,928.5999755859375,429.5,45.400001525878906,8.000000000038199,20.678465856926078,active,
1.0,597.105,597.117,929.7000122070312,424.20001220703125,974.4000244140625,426.8999938964844,74.9000015258789,11.999999999943611,44.78148046271053,active,
1.0,597.203,597.246,978.0999755859375,418.79998779296875,1141.5999755859375,675.7000122070312,196.5,43.00000000000637,304.5158001548457,active,
1.0,597.474,597.497,1134.5999755859375,672.7999877929688,1017.7000122070312,660.5999755859375,132.89999389648438,22.99999999991087,117.53485328123456,active,
1.0,597.726,597.776,981.2000122070312,659.7000122070312,536.9000244140625,711.0,235.1999969482422,49.999999999954525,447.251794742504,active,
1.0,598.038,598.088,531.9000244140625,716.2000122070312,899.7999877929688,450.5,256.0,49.999999999954525,453.81370576594213,active,
1.0,598.279,598.293,886.5,441.79998779296875,932.9000244140625,423.20001220703125,70.30000305175781,14.000000000010004,49.9892124105098,active,
1.0,598.564,598.687,932.5999755859375,426.1000061035156,951.5,419.1000061035156,479.3999938964844,123.0000000000473,20.154674962701794,active,
1.0,598.873,598.884,946.2999877929688,404.20001220703125,915.2000122070312,401.6000061035156,56.900001525878906,10.999999999967258,31.208468613250268,active,
1.0,599.171,599.22,905.0999755859375,418.0,1357.800048828125,424.29998779296875,254.8000030517578,48.99999999997817,452.74390792110444,active,
1.0,599.336,599.395,1345.9000244140625,423.79998779296875,648.7999877929688,387.0,317.0,58.99999999996908,698.0706985389753,active,
1.0,599.606,599.9,659.5999755859375,407.29998779296875,798.5,400.79998779296875,450.70001220703125,293.9999999999827,139.05202904750135,active,
1.0,600.007,600.159,883.7000122070312,477.8999938964844,897.2999877929688,434.3999938964844,472.70001220703125,152.00000000004366,45.57641205643656,active,
1.0,600.261,600.467,860.0,347.70001220703125,862.4000244140625,360.29998779296875,181.89999389648438,206.00000000001728,12.826515581182486,active,
1.0,600.532,600.658,802.4000244140625,561.0,844.0,404.20001220703125,542.5,125.99999999997635,162.22451769268955,active,
1.0,600.778,600.822,849.7999877929688,435.79998779296875,415.0,500.29998779296875,273.5,43.99999999998272,439.55805007389614,active,
1.0,601.055,601.097,413.70001220703125,505.5,828.7999877929688,464.0,274.20001220703125,42.00000000003001,417.16931782124857,active,
1.0,601.33,601.353,810.7000122070312,468.6000061035156,917.2999877929688,441.29998779296875,137.89999389648438,22.99999999991087,110.04020081169729,active,
1.0,601.589,601.599,916.2999877929688,436.20001220703125,884.5999755859375,425.6000061035156,65.30000305175781,9.999999999990905,33.42530333924434,active,
1.0,601.789,601.837,867.2999877929688,411.8999938964844,1158.5999755859375,209.3000030517578,199.39999389648438,48.00000000000182,354.8273371352143,active,
1.0,602.08,602.402,1176.5,195.39999389648438,765.5999755859375,441.5,593.0999755859375,322.00000000000273,478.96142127276556,active,
1.0,602.609,602.628,753.5999755859375,472.3999938964844,838.0,486.3999938964844,121.0,19.000000000005457,85.55328235137648,active,
1.0,602.897,602.922,844.7000122070312,501.70001220703125,882.0,409.0,96.80000305175781,24.999999999977263,99.92287702292884,active,
1.0,603.093,603.123,880.4000244140625,365.29998779296875,679.5999755859375,375.5,185.6999969482422,30.000000000086402,201.0589462282168,active,
1.0,603.287,603.308,670.9000244140625,368.29998779296875,676.5,458.3999938964844,117.5,20.999999999958163,90.27386568889497,active,
1.0,603.64,603.674,680.0,466.20001220703125,572.0,580.5,114.9000015258789,33.999999999991815,157.25294022520788,active,
1.0,603.893,603.952,567.5999755859375,589.7000122070312,1214.800048828125,550.0,292.3999938964844,58.99999999996908,648.4165526680603,active,
1.0,604.238,604.292,1200.5999755859375,556.7999877929688,690.0,409.6000061035156,273.3999938964844,53.999999999973625,531.394551795307,active,
1.0,604.524,604.554,700.2999877929688,413.5,617.7000122070312,294.20001220703125,122.0999984741211,29.999999999972715,145.10424891849294,active,
1.0,604.828,605.142,583.9000244140625,276.79998779296875,848.0999755859375,424.5,442.6000061035156,314.0000000000782,302.68285019997137,active,
1.0,605.467,605.487,853.0,434.3999938964844,798.7000122070312,386.0,84.5,19.99999999998181,72.73959089447975,active,
1.0,605.847,605.872,781.2000122070312,360.6000061035156,926.4000244140625,336.0,152.89999389648438,24.999999999977263,147.26915442554503,active,
1.0,606.007,606.019,955.9000244140625,320.70001220703125,944.9000244140625,285.29998779296875,63.400001525878906,12.000000000057298,37.069687461809295,active,
1.0,606.159,606.211,943.2999877929688,277.6000061035156,819.9000244140625,759.2999877929688,244.5,52.00000000002092,497.25488767988486,active,
1.0,606.376,606.553,936.9000244140625,248.0,932.2000122070312,247.6999969482422,325.1000061035156,177.00000000002092,4.709577112364417,active,
1.0,606.6,606.72,919.2999877929688,283.0,915.7999877929688,256.3999938964844,485.1000061035156,120.00000000000455,26.829281106788315,active,
1.0,606.991,607.034,931.5999755859375,265.29998779296875,1013.5999755859375,556.9000244140625,193.0,43.00000000000637,302.91018694890937,active,
1.0,607.323,607.341,1008.7000122070312,559.0999755859375,946.0,573.7000122070312,85.19999694824219,18.000000000029104,64.37742306196441,active,
1.0,607.441,607.476,936.4000244140625,578.2000122070312,707.2999877929688,749.0999755859375,239.39999389648438,34.99999999996817,285.82096540089213,active,
1.0,607.653,607.706,685.2999877929688,758.7000122070312,486.20001220703125,300.1000061035156,239.89999389648438,52.99999999999727,499.95476383015443,active,
1.0,607.827,607.871,465.29998779296875,258.3999938964844,961.5,258.8999938964844,318.20001220703125,43.99999999998272,496.2002641215117,active,
1.0,608.306,608.701,924.0999755859375,279.0,780.7000122070312,303.70001220703125,150.5,394.9999999999818,145.51164936217012,active,
1.0,608.842,608.961,753.2000122070312,369.29998779296875,899.4000244140625,395.8999938964844,342.1000061035156,119.0000000000282,148.60014769186185,active,
1.0,609.209,609.231,895.2999877929688,396.20001220703125,923.0999755859375,503.6000061035156,125.80000305175781,22.000000000048203,110.93961425142099,active,
1.0,609.365,609.403,925.5,517.2000122070312,1146.699951171875,544.9000244140625,172.10000610351562,38.000000000010914,222.92758706519382,active,
1.0,609.576,609.586,1140.300048828125,533.2000122070312,1175.0,542.2000122070312,66.80000305175781,9.999999999990905,35.84810471043775,active,
1.0,609.787,609.897,1183.800048828125,545.2999877929688,1090.199951171875,387.6000061035156,292.79998779296875,110.00000000001364,183.38555697249822,active,
1.0,609.987,610.033,1089.699951171875,384.8999938964844,599.5,446.70001220703125,280.29998779296875,46.00000000004911,494.0801902445519,active,
1.0,610.202,610.254,601.2000122070312,449.79998779296875,1069.199951171875,405.0,227.39999389648438,52.00000000002092,470.1393216668306,active,
1.0,610.502,610.655,1045.0,416.70001220703125,900.7999877929688,456.3999938964844,80.4000015258789,153.00000000002,149.5651432207748,active,
1.0,610.946,610.969,899.5,468.0,822.9000244140625,419.1000061035156,111.69999694824219,23.000000000024556,90.87775119820269,active,
1.0,611.319,611.358,801.0999755859375,395.70001220703125,974.5,619.0999755859375,207.6999969482422,38.99999999998727,282.79871305310803,active,
1.0,611.428,611.462,967.0999755859375,629.5999755859375,727.2999877929688,619.4000244140625,190.6999969482422,33.999999999991815,240.01681847199083,active,
1.0,611.562,611.596,729.9000244140625,620.7999877929688,563.5999755859375,530.0,150.89999389648438,33.999999999991815,189.47386105592517,active,
1.0,612.872,613.036,504.5,542.5,933.9000244140625,433.20001220703125,259.70001220703125,163.99999999998727,443.0923925078613,active,
1.0,613.703,613.726,937.4000244140625,437.0,1048.0999755859375,427.6000061035156,115.30000305175781,23.000000000024556,111.09833065671803,active,
1.0,613.939,613.948,1059.5,410.29998779296875,1082.300048828125,407.8999938964844,45.400001525878906,9.000000000014552,22.926015730345437,active,
1.0,614.139,614.145,1076.5999755859375,404.5,1069.0999755859375,418.1000061035156,42.400001525878906,5.999999999971806,15.530942212746213,active,
1.0,614.628,614.663,1075.5999755859375,454.20001220703125,886.0,586.2999877929688,176.39999389648438,34.99999999996817,231.08127204945316,active,
1.0,614.849,614.862,877.7000122070312,609.7999877929688,827.2999877929688,617.5999755859375,84.9000015258789,12.999999999919964,51.00002225988296,active,
1.0,614.963,615.007,812.2999877929688,615.2000122070312,1092.300048828125,419.0,225.3000030517578,43.99999999998272,341.8983459593369,active,
1.0,615.18,615.289,1080.800048828125,422.70001220703125,1068.5,407.6000061035156,505.3999938964844,109.00000000003729,19.47566136233808,active,
1.0,615.489,615.496,1066.699951171875,408.8999938964844,1055.5,391.70001220703125,48.5,6.999999999948159,20.525064588690263,active,
1.0,615.55,615.799,827.7999877929688,363.70001220703125,826.4000244140625,441.6000061035156,165.3000030517578,249.00000000002365,77.91257245486496,,
1.0,615.965,615.982,812.7999877929688,460.1000061035156,857.5,492.5,88.4000015258789,16.999999999939064,55.20734277069462,,
1.0,616.139,616.269,847.0999755859375,520.9000244140625,849.9000244140625,500.6000061035156,423.79998779296875,129.99999999999545,20.492218446240088,constant,
1.0,617.014,617.128,842.9000244140625,523.2000122070312,826.7999877929688,426.3999938964844,351.79998779296875,114.00000000003274,98.12978510178635,constant,
1.0,617.252,617.299,833.7000122070312,425.3999938964844,449.5,562.9000244140625,238.89999389648438,47.000000000025466,408.06360750772404,constant,
1.0,617.545,617.564,441.8999938964844,569.5999755859375,510.70001220703125,599.7999877929688,102.19999694824219,19.000000000005457,75.13643095620408,constant,
1.0,617.932,617.96,509.20001220703125,603.2000122070312,701.4000244140625,655.5,188.8000030517578,28.00000000002001,199.18868797079728,constant,
1.0,618.089,618.379,719.5999755859375,670.7000122070312,589.0,597.2999877929688,618.2000122070312,289.9999999999636,149.81294071952678,constant,
1.0,618.47,618.525,590.7999877929688,589.0,1200.5,299.0,349.3999938964844,54.99999999994998,675.1548747400511,constant,
1.0,618.747,618.772,1184.699951171875,292.29998779296875,1337.0,267.29998779296875,158.8000030517578,25.00000000009095,154.33828064692588,constant,
1.0,619.124,619.258,1358.5,262.79998779296875,1310.9000244140625,281.6000061035156,250.10000610351562,134.00000000001455,51.17810434413084,constant,
1.0,619.393,619.433,1303.4000244140625,291.20001220703125,959.4000244140625,303.3999938964844,228.3000030517578,39.99999999996362,344.2162685772173,constant,
1.0,619.758,619.766,952.9000244140625,308.29998779296875,975.5,312.5,52.29999923706055,7.999999999924512,22.986931048406234,constant,
1.0,620.001,620.15,975.4000244140625,336.1000061035156,443.70001220703125,611.7000122070312,139.5,149.0000000000009,598.8825146430768,constant,
1.0,620.384,620.406,447.0,605.5,545.9000244140625,599.9000244140625,121.80000305175781,21.999999999934516,99.0584401031293,constant,
1.0,620.575,620.581,552.7000122070312,594.5999755859375,533.7999877929688,593.7000122070312,49.29999923706055,5.999999999971806,18.92143908204476,constant,
1.0,620.8,620.949,518.2000122070312,607.5,467.79998779296875,557.0999755859375,181.6999969482422,149.0000000000009,71.27639807030229,constant,
1.0,621.616,621.623,463.8999938964844,559.5999755859375,452.79998779296875,551.9000244140625,34.400001525878906,7.000000000061846,13.50923327015058,constant,
1.0,621.782,621.831,439.1000061035156,546.0999755859375,854.2000122070312,399.70001220703125,228.8000030517578,48.99999999997817,440.1601576068463,constant,
1.0,621.948,622.061,845.2999877929688,409.70001220703125,913.0999755859375,284.20001220703125,394.70001220703125,113.00000000005639,142.64322046535094,constant,
1.0,622.158,622.207,904.0,304.3999938964844,1383.5,269.5,266.8999938964844,48.99999999997817,480.76840534084045,constant,
1.0,622.488,622.499,1346.199951171875,282.3999938964844,1307.199951171875,278.29998779296875,67.0999984741211,10.999999999967258,39.21492126791619,constant,
1.0,622.733,622.755,1291.699951171875,281.0,1379.4000244140625,248.3000030517578,94.19999694824219,22.000000000048203,93.59803762419435,constant,
1.0,622.889,623.038,1385.5,241.3000030517578,1395.300048828125,211.5,236.0,149.0000000000009,31.370067563178903,constant,
1.0,623.172,623.515,1388.9000244140625,249.5,1354.0999755859375,246.0,272.79998779296875,342.9999999999609,34.97561148057149,constant,
1.0,623.633,624.229,1388.9000244140625,249.5,1354.0999755859375,246.0,0.0,596.0000000000036,34.97561148057149,constant,
1.0,624.253,624.374,1385.300048828125,259.1000061035156,1339.0999755859375,255.1999969482422,295.8999938964844,120.9999999999809,46.364391929526114,constant,
1.0,624.509,625.393,1385.300048828125,259.1000061035156,1339.0999755859375,255.1999969482422,0.0,884.0000000000146,46.364391929526114,constant,
1.0,625.423,625.536,1357.0999755859375,274.3999938964844,1363.0999755859375,278.0,287.3999938964844,112.9999999999427,6.9971454140492,constant,
1.0,625.701,628.092,1350.699951171875,292.8999938964844,1252.300048828125,294.20001220703125,194.8000030517578,2390.9999999999627,98.40848961785407,constant,
1.0,628.199,628.224,731.2999877929688,655.4000244140625,855.5999755859375,664.2000122070312,135.1999969482422,25.00000000009095,124.61110203544699,constant,
1.0,628.462,628.637,866.5,669.0,451.29998779296875,570.0999755859375,172.89999389648438,174.99999999995453,426.8164300560852,constant,
1.0,628.781,628.995,533.7999877929688,480.1000061035156,506.20001220703125,575.2000122070312,134.6999969482422,214.00000000005548,99.0240870355948,constant,
1.0,629.237,629.258,513.0999755859375,574.0,599.5999755859375,616.0999755859375,137.1999969482422,21.00000000007185,96.20113276015275,constant,
1.0,629.355,629.758,609.0,643.2999877929688,505.79998779296875,573.5,487.6000061035156,403.00000000002,124.58844575413077,constant,
1.0,629.963,629.972,502.20001220703125,575.7999877929688,479.0,571.0999755859375,46.5,9.000000000014552,23.67130501583387,constant,
1.0,630.314,630.366,464.5,566.5999755859375,847.5999755859375,420.8999938964844,197.39999389648438,52.00000000002092,409.87080398371006,constant,
1.0,630.581,630.609,833.5999755859375,417.1000061035156,957.2000122070312,346.6000061035156,140.39999389648438,28.00000000002001,142.29272311940522,constant,
1.0,630.779,630.938,964.0,326.1000061035156,1289.5999755859375,377.0,444.79998779296875,158.99999999999181,329.55447725713765,constant,
1.0,631.107,631.131,1287.800048828125,376.6000061035156,1372.199951171875,482.3999938964844,160.6999969482422,24.00000000000091,135.34024136459516,constant,
1.0,631.472,631.694,1384.699951171875,535.0,524.2000122070312,606.0999755859375,481.20001220703125,221.99999999998,863.4323085724907,constant,
1.0,631.996,632.017,516.9000244140625,603.0999755859375,608.4000244140625,636.5999755859375,120.5,21.00000000007185,97.43972495856092,constant,
1.0,632.317,632.351,614.5,651.5,837.4000244140625,668.0999755859375,174.6999969482422,33.999999999991815,223.51729255975562,constant,
1.0,632.526,632.629,829.7000122070312,676.0999755859375,431.6000061035156,571.0,532.5999755859375,103.00000000006548,411.73974756851425,constant,
1.0,632.843,632.859,434.70001220703125,562.9000244140625,495.1000061035156,575.9000244140625,95.80000305175781,16.000000000076398,61.78316326229461,constant,
1.0,633.027,633.233,500.79998779296875,536.2000122070312,485.70001220703125,603.7000122070312,298.70001220703125,205.9999999999036,69.16834003137497,constant,
1.0,633.454,633.503,481.20001220703125,607.9000244140625,971.9000244140625,667.0999755859375,277.8999938964844,49.00000000009186,494.2581675589519,constant,
1.0,633.648,633.671,959.2000122070312,674.0999755859375,855.2000122070312,659.2000122070312,115.0999984741211,23.000000000024556,105.06192892143541,constant,
1.0,633.817,633.868,832.5999755859375,655.2000122070312,1370.300048828125,752.4000244140625,289.5,51.000000000044565,546.4148708972889,constant,
1.0,634.037,634.06,1342.0,751.2000122070312,1447.9000244140625,796.7999877929688,135.89999389648438,22.99999999991087,115.30035968867196,constant,
1.0,634.515,634.658,1456.5,825.2999877929688,518.9000244140625,570.7999877929688,250.0,143.0000000000291,971.5266152909815,constant,
1.0,634.894,634.91,514.9000244140625,575.5999755859375,450.1000061035156,559.2999877929688,92.5999984741211,15.99999999996271,66.81864990478437,constant,
1.0,635.055,635.271,467.0,444.1000061035156,452.79998779296875,512.9000244140625,169.0,216.00000000000819,70.25014495509188,constant,
1.0,635.347,635.473,422.3999938964844,457.70001220703125,401.6000061035156,549.7999877929688,168.1999969482422,125.99999999997635,94.4195159652809,constant,
1.0,635.705,635.712,403.79998779296875,555.9000244140625,382.1000061035156,552.7000122070312,51.5,6.999999999948159,21.934659410343027,constant,
1.0,636.114,636.251,369.5,568.4000244140625,412.1000061035156,553.0,137.10000610351562,136.9999999999436,45.298137621466175,constant,
1.0,636.316,636.421,409.3999938964844,560.5999755859375,1280.0999755859375,309.29998779296875,428.70001220703125,105.00000000001819,906.2395610316073,constant,
1.0,636.475,636.609,1259.0,336.29998779296875,1263.699951171875,264.1000061035156,458.29998779296875,134.00000000001455,72.35279467287616,constant,
1.0,636.866,637.332,1264.9000244140625,287.0,767.0,280.1000061035156,629.0,466.0000000000082,497.9478328372316,constant,
1.0,637.394,638.071,1264.9000244140625,287.0,767.0,280.1000061035156,0.0,677.0000000000209,497.9478328372316,constant,
1.0,638.148,638.289,823.5,365.70001220703125,826.0,364.3999938964844,31.5,140.9999999999627,2.817809008388814,constant,
1.0,638.324,638.454,821.0,377.8999938964844,817.9000244140625,388.8999938964844,391.79998779296875,129.99999999999545,11.428466591516491,constant,
1.0,638.613,638.638,816.4000244140625,417.8999938964844,779.7000122070312,520.2000122070312,99.0999984741211,24.999999999977263,108.68387480364541,constant,
1.0,638.738,638.763,773.5999755859375,569.7999877929688,874.7000122070312,665.7000122070312,140.5,24.999999999977263,139.3485991583851,constant,
1.0,638.927,638.934,881.5999755859375,686.2999877929688,871.2999877929688,674.7000122070312,39.20000076293945,6.999999999948159,15.512871498521843,constant,
1.0,639.149,639.288,846.9000244140625,677.5999755859375,469.6000061035156,605.9000244140625,567.4000244140625,139.00000000001,384.05232301756524,constant,
1.0,639.477,639.49,470.8999938964844,601.7999877929688,521.0999755859375,597.4000244140625,80.19999694824219,13.000000000033651,50.39243831525862,constant,
1.0,639.682,639.83,525.5,587.2000122070312,515.2000122070312,582.2999877929688,432.5,148.00000000002456,11.406138163011782,constant,
1.0,640.043,640.093,512.2000122070312,583.5999755859375,903.4000244140625,404.20001220703125,240.10000610351562,49.999999999954525,430.37401921019153,constant,
1.0,640.256,640.31,891.2000122070312,401.29998779296875,1329.699951171875,313.0,215.6999969482422,53.999999999973625,447.3020057147186,constant,
1.0,640.705,640.832,1302.9000244140625,331.0,597.4000244140625,547.7999877929688,404.0,126.9999999999527,738.0599465538226,constant,
1.0,640.863,641.031,591.7000122070312,552.7000122070312,679.9000244140625,504.5,341.1000061035156,167.99999999989268,100.51111048077433,constant,
1.0,641.138,641.271,675.5999755859375,509.29998779296875,1000.5,389.5,450.8999938964844,132.9999999999245,346.2832120381435,constant,
1.0,641.624,641.811,1011.5999755859375,430.29998779296875,522.5,660.5,535.9000244140625,187.00000000001182,540.5652890616285,constant,
1.0,641.975,642.187,513.9000244140625,669.5,785.5,552.0999755859375,720.9000244140625,211.9999999999891,295.8873307032667,constant,
1.0,642.421,642.442,778.9000244140625,574.4000244140625,860.5,638.2000122070312,138.89999389648438,20.999999999958163,103.58085951568735,constant,
1.0,642.582,642.78,863.4000244140625,659.5,682.9000244140625,349.8999938964844,157.60000610351562,197.99999999997908,358.3746835077736,constant,
1.0,642.836,642.971,924.0999755859375,541.5,995.2000122070312,335.29998779296875,633.2999877929688,134.9999999999909,218.11386989758518,constant,
1.0,643.293,643.328,988.0,354.20001220703125,825.2999877929688,574.0999755859375,194.8000030517578,34.99999999996817,273.54576923471586,constant,
1.0,643.494,643.512,808.0999755859375,609.7999877929688,869.5,657.5999755859375,113.0,17.999999999915417,77.81260714727037,constant,
1.0,643.748,643.949,697.0,469.0,696.7000122070312,500.1000061035156,262.3999938964844,200.99999999990814,31.101452897166066,constant,
1.0,644.003,644.127,670.2999877929688,520.7000122070312,750.0999755859375,442.0,296.8999938964844,123.99999999990996,112.07912371688506,constant,
1.0,644.259,646.505,670.2999877929688,520.7000122070312,750.0999755859375,442.0,0.0,2245.999999999981,112.07912371688506,constant,
1.0,646.543,646.698,831.7999877929688,682.0999755859375,846.4000244140625,620.2999877929688,413.6000061035156,154.99999999997272,63.50117763119331,constant,
1.0,646.882,646.922,840.0,626.5999755859375,1007.0,838.0999755859375,168.5,40.00000000007731,269.4833018945701,constant,
1.0,647.062,647.113,997.5999755859375,856.0,1436.699951171875,580.4000244140625,265.29998779296875,51.000000000044565,518.4246667574183,constant,
1.0,647.24,647.39,1419.9000244140625,582.5,1418.0,478.79998779296875,658.0999755859375,149.99999999997726,103.71741717046595,constant,
1.0,647.595,647.618,1414.699951171875,483.3999938964844,1287.0,507.79998779296875,159.10000610351562,23.000000000024556,130.0101428021973,constant,
1.0,647.793,647.798,1285.199951171875,518.5,1291.5,532.4000244140625,39.900001525878906,4.9999999999954525,15.261103955752766,constant,
1.0,648.222,648.228,1288.0,547.5,1305.699951171875,551.4000244140625,47.0,5.999999999971806,18.12452652945844,constant,
1.0,648.312,648.464,1305.300048828125,556.4000244140625,608.0999755859375,509.1000061035156,442.20001220703125,152.00000000004366,698.8027145490275,constant,
1.0,648.533,648.833,600.5,522.4000244140625,728.0999755859375,504.79998779296875,509.70001220703125,299.9999999999545,128.80805509981,constant,
1.0,648.999,649.016,726.5999755859375,502.70001220703125,658.2999877929688,507.6000061035156,83.30000305175781,16.999999999939064,68.47553046676794,constant,
1.0,649.095,649.303,335.20001220703125,307.29998779296875,335.20001220703125,307.29998779296875,15.5,207.99999999997,0.0,constant,
1.0,649.333,650.138,323.20001220703125,338.6000061035156,1155.4000244140625,255.60000610351562,684.0,805.0000000000637,836.3287991677573,constant,
1.0,650.198,650.312,1131.5999755859375,281.79998779296875,1289.9000244140625,239.5,277.29998779296875,114.00000000003274,163.8541864777097,constant,
1.0,650.378,651.253,1131.5999755859375,281.79998779296875,1289.9000244140625,239.5,0.0,875.0,163.8541864777097,constant,
1.0,651.434,651.453,554.7999877929688,652.4000244140625,493.20001220703125,611.4000244140625,78.19999694824219,19.000000000005457,73.99700664343185,constant,
1.0,651.712,651.752,486.8999938964844,604.9000244140625,812.5999755859375,610.2999877929688,230.0,39.99999999996362,325.744743130267,constant,
1.0,651.927,651.938,811.4000244140625,619.9000244140625,849.4000244140625,639.0999755859375,76.30000305175781,10.999999999967258,42.57508807979596,constant,
1.0,652.094,652.673,842.2999877929688,655.2999877929688,657.4000244140625,627.0999755859375,456.0,578.9999999999509,187.03806336143876,constant,
1.0,652.828,652.861,658.7999877929688,625.5,480.20001220703125,698.4000244140625,143.6999969482422,33.00000000001546,192.9050669082292,constant,
1.0,653.21,653.252,454.29998779296875,706.7999877929688,750.9000244140625,728.5999755859375,198.89999389648438,41.99999999991633,297.4001028772649,constant,
1.0,653.429,653.611,537.5,574.2000122070312,537.7999877929688,581.7000122070312,453.3999938964844,182.00000000001637,7.5059971140369,constant,
1.0,653.897,654.138,287.8999938964844,423.5,269.3999938964844,482.6000061035156,130.0,240.99999999998545,61.92786708288591,constant,
1.0,654.479,654.722,261.0,507.29998779296875,335.70001220703125,300.1000061035156,396.20001220703125,242.99999999993815,220.2542263745246,constant,
1.0,654.778,654.888,348.3999938964844,358.70001220703125,1194.0,354.29998779296875,651.0,110.00000000001364,845.611453645887,constant,
1.0,655.211,655.743,637.2000122070312,341.8999938964844,953.0,288.70001220703125,466.1000061035156,532.0000000000391,320.24969998705285,constant,
1.0,655.862,656.254,939.5,323.1000061035156,1309.300048828125,247.1999969482422,304.1000061035156,392.00000000005275,377.5087912924072,constant,
1.0,656.508,656.519,1294.300048828125,283.1000061035156,1331.199951171875,281.79998779296875,60.900001525878906,10.999999999967258,36.92279567673667,constant,
1.0,656.65,656.815,1342.0,277.79998779296875,286.0,316.1000061035156,239.0,165.0000000000773,1056.6943225940927,constant,
1.0,657.143,657.391,297.29998779296875,360.20001220703125,353.3999938964844,379.79998779296875,147.89999389648438,247.9999999999336,59.42532900862928,constant,
1.0,657.602,657.675,256.29998779296875,365.1000061035156,255.6999969482422,363.79998779296875,42.5,72.99999999997908,1.4317948950575445,constant,
1.0,657.829,657.963,237.89999389648438,275.3999938964844,619.5,563.4000244140625,424.5,134.00000000001455,478.08219192554026,constant,
1.0,657.999,658.293,618.2000122070312,568.7000122070312,607.0,577.9000244140625,609.7000122070312,293.9999999999827,14.494153926572363,constant,
1.0,658.399,658.418,600.9000244140625,578.4000244140625,633.0,652.0999755859375,124.69999694824219,19.000000000005457,80.38713351870773,constant,
1.0,658.564,658.762,622.0999755859375,674.0999755859375,747.2999877929688,588.5,470.5,197.99999999997908,151.66541753792745,constant,
1.0,658.874,659.052,721.4000244140625,640.0,367.3999938964844,440.79998779296875,117.0999984741211,177.99999999999727,406.1978169189584,constant,
1.0,659.412,659.43,348.5,460.20001220703125,374.79998779296875,413.20001220703125,75.30000305175781,17.999999999915417,53.858048218537455,constant,
1.0,659.587,659.787,372.5,421.5,364.6000061035156,320.0,238.39999389648438,200.00000000004547,101.80697374720698,constant,
1.0,659.992,660.021,348.3999938964844,326.20001220703125,220.5,239.5,114.0,28.999999999996362,154.5163439750634,constant,
1.0,660.199,660.304,171.0,194.6999969482422,1033.0999755859375,314.79998779296875,614.7000122070312,105.00000000001819,870.4253992768005,constant,
1.0,660.37,660.472,1008.2999877929688,351.29998779296875,910.9000244140625,280.70001220703125,616.4000244140625,101.99999999997544,120.29592436548816,constant,
1.0,660.621,661.301,417.20001220703125,517.4000244140625,429.5,467.79998779296875,651.4000244140625,680.0000000000637,51.10238088896663,constant,
1.0,661.427,661.756,423.5,489.29998779296875,1234.4000244140625,446.70001220703125,620.7999877929688,328.9999999999509,812.018231023571,constant,
1.0,662.018,662.03,1236.5999755859375,453.3999938964844,1224.300048828125,488.0,63.79999923706055,11.999999999943611,36.72122847360734,constant,
1.0,662.255,662.303,1215.0999755859375,502.1000061035156,1336.5999755859375,812.5,158.89999389648438,48.00000000000182,333.332275981396,constant,
1.0,662.466,662.599,1340.9000244140625,837.7999877929688,490.6000061035156,618.7000122070312,528.7999877929688,133.0000000000382,878.0745528943854,constant,
1.0,662.888,662.91,481.70001220703125,622.5,612.5,652.9000244140625,162.60000610351562,21.999999999934516,134.2862550338506,constant,
1.0,663.126,663.25,614.5999755859375,680.2999877929688,353.1000061035156,370.79998779296875,430.0,124.00000000002365,405.1820381499007,constant,
1.0,663.594,663.619,347.20001220703125,400.1000061035156,503.70001220703125,401.1000061035156,178.10000610351562,24.999999999977263,156.50319485556835,constant,
1.0,663.835,663.876,525.0,398.70001220703125,271.3999938964844,346.6000061035156,162.6999969482422,40.99999999993997,258.89645368697023,constant,
1.0,664.151,664.251,249.10000610351562,366.79998779296875,382.8999938964844,372.79998779296875,224.8000030517578,100.00000000002274,133.9344493899855,constant,
1.0,664.277,664.407,845.7000122070312,327.70001220703125,989.7000122070312,264.6000061035156,598.5999755859375,129.99999999999545,157.21835379580753,constant,
1.0,664.468,664.596,973.5999755859375,301.79998779296875,703.2000122070312,332.6000061035156,596.5,128.00000000004275,272.1484545670687,constant,
1.0,664.822,665.823,384.29998779296875,499.29998779296875,384.5,503.3999938964844,9.399999618530273,1000.9999999999764,4.10488184139652,constant,
1.0,666.032,666.047,446.20001220703125,581.4000244140625,494.5,610.7000122070312,83.19999694824219,14.999999999986358,56.49228359226637,constant,
1.0,666.434,666.447,502.79998779296875,594.9000244140625,549.7000122070312,616.4000244140625,81.19999694824219,13.000000000033651,51.59323880160712,constant,
1.0,666.6,666.611,560.7999877929688,623.7000122070312,602.2999877929688,637.2999877929688,76.4000015258789,10.999999999967258,43.67160789274991,constant,
1.0,666.854,666.982,612.4000244140625,652.5999755859375,1365.199951171875,235.1999969482422,496.1000061035156,127.99999999992906,860.7731826057991,constant,
1.0,667.058,668.041,738.2999877929688,330.0,760.2000122070312,311.1000061035156,48.79999923706055,983.0000000000609,28.92785575571892,constant,
1.0,668.076,668.322,759.5,322.79998779296875,409.29998779296875,286.1000061035156,641.2000122070312,245.9999999999809,352.11778882330134,constant,
1.0,668.382,668.671,397.6000061035156,343.8999938964844,441.20001220703125,313.29998779296875,399.79998779296875,289.00000000010095,53.26650829331498,constant,
1.0,668.835,668.87,438.1000061035156,326.8999938964844,252.10000610351562,369.20001220703125,119.5,34.99999999996817,190.74928977344214,constant,
1.0,668.997,669.38,247.6999969482422,230.10000610351562,247.1999969482422,316.70001220703125,374.3999938964844,383.0000000000382,86.60144950939876,constant,
1.0,669.432,670.55,425.0,322.3999938964844,421.29998779296875,303.6000061035156,473.29998779296875,1117.9999999999382,19.16062711259614,constant,
1.0,670.606,670.714,411.70001220703125,297.79998779296875,418.29998779296875,302.70001220703125,531.0,108.00000000006094,8.220092274018558,constant,
1.0,670.753,671.868,411.70001220703125,297.79998779296875,418.29998779296875,302.70001220703125,0.0,1115.000000000009,8.220092274018558,constant,
1.0,671.918,672.287,990.4000244140625,307.20001220703125,896.2000122070312,672.9000244140625,711.5999755859375,369.0000000000282,377.6375792052847,constant,
1.0,672.441,672.615,878.7999877929688,679.5,1437.699951171875,609.0999755859375,448.0,173.99999999997817,563.3163698157931,constant,
1.0,672.902,672.912,1426.699951171875,605.5,1422.199951171875,578.0999755859375,49.900001525878906,9.999999999990905,27.767090915168286,constant,
1.0,673.102,673.141,1414.0,557.2999877929688,1493.5999755859375,779.9000244140625,145.5,38.99999999998727,236.4041717419431,constant,
1.0,673.228,673.37,1489.800048828125,797.2999877929688,794.0,698.5999755859375,559.0,142.00000000005275,702.7655372589703,constant,
1.0,673.555,673.573,785.5999755859375,686.4000244140625,842.4000244140625,661.0,97.19999694824219,18.000000000029104,62.22062991574704,constant,
1.0,673.948,674.073,842.9000244140625,664.5,917.7999877929688,496.0,406.6000061035156,125.0,184.39700245438237,constant,
1.0,674.387,674.532,892.9000244140625,528.9000244140625,857.5,431.0,260.79998779296875,145.0000000000955,104.10368153331684,constant,
1.0,674.557,674.872,845.5,433.6000061035156,911.9000244140625,348.1000061035156,461.20001220703125,314.9999999999409,108.25531507592639,constant,
1.0,674.967,675.143,716.5,487.1000061035156,752.2000122070312,392.0,503.70001220703125,176.00000000004457,101.58002772430656,constant,
1.0,675.48,675.997,716.5,487.1000061035156,752.2000122070312,392.0,0.0,516.9999999999391,101.58002772430656,constant,
1.0,676.027,676.13,847.0999755859375,465.79998779296875,841.0,476.6000061035156,272.6000061035156,102.9999999999518,12.403632438007074,constant,
1.0,676.232,676.344,840.5,485.20001220703125,836.5,738.7000122070312,130.10000610351562,112.00000000008004,253.53155622131143,constant,
1.0,676.577,676.725,827.4000244140625,789.7999877929688,944.9000244140625,734.2000122070312,431.5,148.00000000002456,129.99079692484713,constant,
1.0,676.824,676.95,930.4000244140625,739.7999877929688,1495.300048828125,761.4000244140625,683.2999877929688,126.00000000009004,565.3128330093357,constant,
1.0,677.097,677.118,1495.5999755859375,757.4000244140625,1504.699951171875,857.2000122070312,118.5,21.00000000007185,100.21400660157926,constant,
1.0,677.364,677.54,1503.699951171875,877.2000122070312,631.5999755859375,845.2000122070312,230.1999969482422,175.99999999993088,872.6868667609206,constant,
1.0,677.786,677.82,601.7999877929688,863.9000244140625,885.9000244140625,859.2999877929688,241.8000030517578,34.0000000001055,284.1372751770211,constant,
1.0,677.935,677.993,879.2999877929688,867.7000122070312,354.8999938964844,894.7000122070312,248.8000030517578,58.00000000010641,525.0946139493652,constant,
1.0,678.071,678.202,356.0,909.0,340.3999938964844,851.4000244140625,157.6999969482422,130.9999999999718,59.675098474408244,constant,
1.0,678.352,678.395,338.29998779296875,850.2000122070312,84.0999984741211,925.7000122070312,183.5,43.00000000000637,265.1751959925782,constant,
1.0,680.194,680.339,111.5999984741211,939.5999755859375,118.4000015258789,931.9000244140625,120.19999694824219,145.0000000000955,10.272744986281648,constant,
1.0,680.804,680.94,119.5,938.7000122070312,1275.0,299.79998779296875,391.6000061035156,136.00000000008095,1320.3686951743023,constant,
1.0,681.128,681.147,1262.4000244140625,335.20001220703125,1355.699951171875,313.29998779296875,138.6999969482422,19.000000000005457,95.8357313445758,constant,
1.0,681.303,681.521,1354.5999755859375,264.8999938964844,424.0,308.1000061035156,191.6999969482422,217.9999999999609,931.6021444883191,constant,
1.0,681.71,681.758,456.8999938964844,312.20001220703125,797.2999877929688,376.29998779296875,219.8000030517578,48.00000000000182,346.38268246961246,constant,
1.0,681.87,682.338,257.1000061035156,196.39999389648438,1099.9000244140625,240.6999969482422,694.0999755859375,467.9999999999609,843.9634832945344,constant,
1.0,682.397,684.162,257.1000061035156,196.39999389648438,1099.9000244140625,240.6999969482422,0.0,1764.9999999999864,843.9634832945344,constant,
1.0,684.202,684.793,857.5999755859375,359.1000061035156,457.3999938964844,329.6000061035156,628.0999755859375,591.0000000000082,401.2857776500914,constant,
1.0,684.856,685.62,789.9000244140625,379.6000061035156,788.5999755859375,321.6000061035156,345.70001220703125,764.00000000001,58.014568230363565,constant,
1.0,685.685,685.795,783.7000122070312,336.70001220703125,834.2000122070312,301.29998779296875,399.1000061035156,110.00000000001364,61.671806593582296,constant,
1.0,685.902,686.83,783.7000122070312,336.70001220703125,834.2000122070312,301.29998779296875,0.0,927.9999999999973,61.671806593582296,constant,
1.0,686.868,686.988,1357.699951171875,316.1000061035156,693.5999755859375,428.8999938964844,439.20001220703125,120.00000000000455,673.6116201635307,constant,
1.0,687.361,687.402,689.5999755859375,452.20001220703125,422.3999938964844,578.5,199.1999969482422,41.00000000005366,295.54613367687307,constant,
1.0,687.658,687.679,427.29998779296875,579.7999877929688,534.7000122070312,606.7999877929688,147.10000610351562,20.999999999958163,110.74188568080832,constant,
1.0,687.956,688.086,537.5,626.2000122070312,547.5,569.7999877929688,599.0,129.99999999999545,57.279688842615464,constant,
1.0,688.226,688.276,543.4000244140625,568.7000122070312,1066.5,396.5,296.29998779296875,49.999999999954525,550.7144710847084,constant,
1.0,688.543,688.586,1052.5,395.8999938964844,1357.0999755859375,315.8999938964844,218.3000030517578,43.00000000000637,314.930381397149,constant,
1.0,688.87,688.982,1352.800048828125,328.6000061035156,1373.9000244140625,301.70001220703125,454.0,111.99999999996635,34.18798972384974,constant,
1.0,689.385,689.397,1359.699951171875,331.79998779296875,1312.0999755859375,327.3999938964844,81.30000305175781,12.000000000057298,47.802903908350025,constant,
1.0,689.739,689.88,1316.0,322.79998779296875,712.5,387.20001220703125,368.6000061035156,140.9999999999627,606.9263655045246,constant,
1.0,690.108,690.147,700.7999877929688,392.79998779296875,1025.4000244140625,350.70001220703125,234.3000030517578,39.000000000100954,327.31879218699305,constant,
1.0,690.397,690.518,1013.7000122070312,369.20001220703125,932.0999755859375,377.0,594.7999877929688,120.9999999999809,81.9719817140851,constant,
1.0,690.585,690.705,923.0999755859375,410.6000061035156,825.0999755859375,450.29998779296875,567.4000244140625,120.00000000000455,105.73593781748433,constant,
1.0,690.811,690.851,826.0,452.20001220703125,525.7000122070312,609.0,246.3000030517578,39.99999999996362,338.7717798759695,constant,
1.0,691.161,691.184,524.5,606.9000244140625,644.5999755859375,647.5999755859375,148.8000030517578,23.000000000024556,126.80887256472157,constant,
1.0,691.315,691.433,650.7999877929688,675.0,955.2000122070312,431.0,636.7999877929688,117.99999999993815,390.12225630343346,constant,
1.0,691.46,691.579,949.0999755859375,441.0,983.9000244140625,367.70001220703125,602.5,118.99999999991451,81.1414296699858,constant,
1.0,692.131,692.179,972.7000122070312,396.0,1347.0,341.29998779296875,197.60000610351562,48.00000000000182,378.27578854225646,constant,
1.0,692.342,692.524,1334.5999755859375,356.70001220703125,204.60000610351562,228.3000030517578,722.2999877929688,182.00000000001637,1137.2715126043336,constant,
1.0,692.861,693.083,1334.5999755859375,356.70001220703125,204.60000610351562,228.3000030517578,0.0,221.99999999998,1137.2715126043336,constant,
1.0,693.144,693.511,1334.5999755859375,356.70001220703125,204.60000610351562,228.3000030517578,0.0,366.9999999999618,1137.2715126043336,constant,
1.0,693.729,693.972,826.0,418.0,821.2999877929688,477.5,156.89999389648438,242.99999999993815,59.68534254527022,,
1.0,694.098,694.226,845.9000244140625,500.70001220703125,843.7000122070312,525.5999755859375,288.20001220703125,128.00000000004275,24.996964415343694,constant,
1.0,695.057,695.089,852.2000122070312,516.7000122070312,795.9000244140625,362.1000061035156,119.19999694824219,32.00000000003911,164.5322172484632,constant,
1.0,695.192,695.228,791.0,359.1000061035156,568.0999755859375,416.5,155.5,35.99999999994452,230.17206647007822,constant,
1.0,695.369,695.379,573.5999755859375,419.8999938964844,602.2999877929688,413.3999938964844,56.900001525878906,9.999999999990905,29.42687038547835,constant,
1.0,695.58,695.633,598.2999877929688,417.6000061035156,292.3999938964844,320.20001220703125,143.89999389648438,52.99999999999727,321.03203123193856,constant,
1.0,695.797,695.816,284.20001220703125,320.20001220703125,354.8999938964844,319.8999938964844,99.69999694824219,19.000000000005457,70.70061825667206,constant,
1.0,695.916,695.951,347.3999938964844,321.29998779296875,573.7999877929688,424.3999938964844,237.8000030517578,34.99999999996817,248.77011173947952,constant,
1.0,696.021,696.148,567.4000244140625,366.1000061035156,556.0,418.29998779296875,231.89999389648438,127.0000000000664,53.43031578626934,constant,
1.0,696.225,696.281,556.7000122070312,418.20001220703125,1262.5999755859375,361.79998779296875,367.70001220703125,55.99999999992633,708.1495047320502,constant,
1.0,696.603,696.651,1238.800048828125,357.1000061035156,718.0999755859375,376.6000061035156,304.29998779296875,48.00000000000182,521.0650787324165,constant,
1.0,696.805,696.827,701.5999755859375,411.1000061035156,811.9000244140625,427.3999938964844,151.8000030517578,22.000000000048203,111.49793887573747,constant,
1.0,696.957,696.993,802.5999755859375,426.79998779296875,570.2999877929688,429.3999938964844,172.3000030517578,36.00000000005821,232.31453755706238,constant,
1.0,697.398,697.58,571.0999755859375,416.0,256.79998779296875,324.29998779296875,519.0999755859375,182.00000000001637,327.4039928978112,constant,
1.0,697.637,697.852,294.5,207.39999389648438,299.8999938964844,261.8999938964844,143.0,215.00000000003183,54.766868945394975,constant,
1.0,698.021,698.031,294.79998779296875,281.29998779296875,264.6000061035156,293.1000061035156,59.29999923706055,9.999999999990905,32.42343791414701,constant,
1.0,698.132,698.17,271.0,300.3999938964844,608.7999877929688,422.3999938964844,276.79998779296875,38.000000000010914,359.155720757626,constant,
1.0,698.258,698.362,591.9000244140625,447.0,565.5,403.8999938964844,251.39999389648438,103.99999999992815,50.54277213594621,constant,
1.0,698.779,698.808,566.4000244140625,393.1000061035156,780.5999755859375,370.29998779296875,184.3000030517578,28.999999999996362,215.4099810059759,constant,
1.0,699.184,699.233,805.5,375.79998779296875,1225.0,375.3999938964844,225.89999389648438,48.99999999997817,419.50019069735504,constant,
1.0,699.342,699.382,1208.0999755859375,379.1000061035156,1511.199951171875,388.3999938964844,206.89999389648438,39.99999999996362,303.2426173431849,constant,
1.0,699.563,699.567,1503.699951171875,387.5,1514.9000244140625,388.79998779296875,40.599998474121094,4.000000000019099,11.275265357951989,constant,
1.0,699.919,699.942,1516.800048828125,394.5,1511.699951171875,498.3999938964844,103.5,23.000000000024556,104.02509181823767,constant,
1.0,700.304,700.327,1495.300048828125,547.2999877929688,1516.4000244140625,426.6000061035156,128.60000610351562,23.000000000024556,122.53038214892452,constant,
1.0,700.786,700.858,1503.5,419.70001220703125,787.2000122070312,406.79998779296875,301.3999938964844,72.00000000000273,716.4161382479393,constant,
1.0,700.917,701.055,776.5,424.29998779296875,820.0,404.70001220703125,523.0,137.99999999991996,47.71172856823934,constant,
1.0,701.428,701.446,794.5,406.8999938964844,791.7999877929688,491.5,118.0999984741211,18.000000000029104,84.64308063056896,constant,
1.0,701.715,701.726,794.7000122070312,505.8999938964844,810.7999877929688,474.20001220703125,60.900001525878906,10.999999999967258,35.55415662028066,constant,
1.0,701.944,701.958,805.5999755859375,463.0,803.4000244140625,417.3999938964844,85.19999694824219,14.000000000010004,45.65304307271637,constant,
1.0,702.565,702.696,805.5999755859375,409.3999938964844,808.0,404.3999938964844,516.7000122070312,130.9999999999718,5.546180414311821,constant,
1.0,702.837,702.964,809.7999877929688,415.5,809.0,436.70001220703125,561.4000244140625,127.0000000000664,21.215100707919653,constant,
1.0,703.028,703.064,808.0,435.0,602.5999755859375,548.2999877929688,189.1999969482422,35.99999999994452,234.57633568453647,constant,
1.0,703.25,703.264,601.0999755859375,558.5,594.7999877929688,602.0,78.4000015258789,14.000000000010004,43.953837673081004,constant,
1.0,703.436,703.443,589.7999877929688,605.2999877929688,576.0999755859375,621.7000122070312,53.29999923706055,6.999999999948159,21.369397166383784,constant,
1.0,703.567,703.603,573.2000122070312,627.7999877929688,583.0,413.79998779296875,167.8000030517578,35.99999999994452,214.2242744432627,constant,
1.0,704.206,704.225,579.5999755859375,406.29998779296875,572.2000122070312,477.70001220703125,91.5999984741211,19.000000000005457,71.78246961715566,constant,
1.0,704.343,704.47,571.5,501.70001220703125,581.7999877929688,514.2999877929688,217.89999389648438,127.0000000000664,16.274186102583634,constant,
1.0,704.608,704.617,590.7999877929688,517.7999877929688,620.0999755859375,517.7000122070312,58.79999923706055,9.000000000014552,29.300158357693245,constant,
1.0,704.895,704.905,630.0,516.4000244140625,661.0999755859375,522.0999755859375,61.79999923706055,9.999999999990905,31.618000012772278,constant,
1.0,704.989,705.142,664.4000244140625,544.9000244140625,673.0999755859375,560.7999877929688,410.5,153.00000000002,18.12451339604926,constant,
1.0,705.164,705.18,672.9000244140625,563.7000122070312,618.5,605.0999755859375,100.9000015258789,15.99999999996271,68.36168242535707,constant,
1.0,705.335,705.497,607.0999755859375,620.7999877929688,607.7999877929688,677.0999755859375,278.79998779296875,161.99999999992087,56.30433946489758,constant,
1.0,705.634,705.671,610.5,665.5,623.5999755859375,932.5,184.39999389648438,37.00000000003456,267.32117267502804,constant,
1.0,705.835,705.841,619.5999755859375,935.5,615.5999755859375,919.5,43.400001525878906,5.999999999971806,16.492422502470642,constant,
1.0,705.96,705.996,617.7999877929688,911.0,656.9000244140625,664.0999755859375,195.0,35.99999999994452,249.97686876876335,constant,
1.0,706.219,706.23,622.2000122070312,640.0,585.5,655.0,72.0999984741211,10.999999999967258,39.64707928708296,constant,
1.0,706.5,706.505,586.7999877929688,662.2000122070312,599.0999755859375,664.0999755859375,38.29999923706055,4.9999999999954525,12.445865198866855,constant,
1.0,707.264,707.309,577.0,640.7000122070312,823.0,480.20001220703125,155.89999389648438,44.99999999995907,293.7281906797507,constant,
1.0,707.452,707.552,820.2000122070312,476.8999938964844,834.5,482.3999938964844,431.79998779296875,100.00000000002274,15.321215711524175,constant,
1.0,707.608,707.687,832.2999877929688,482.1000061035156,1231.4000244140625,358.0,238.39999389648438,79.00000000006457,417.9493399275216,constant,
1.0,707.728,707.862,1225.9000244140625,361.1000061035156,1226.199951171875,339.5,391.8999938964844,134.00000000001455,21.602088318770576,constant,
1.0,708.266,708.388,1227.9000244140625,349.20001220703125,1215.699951171875,352.70001220703125,247.1999969482422,122.00000000007094,12.692193944103574,constant,
1.0,708.463,708.483,1219.199951171875,349.79998779296875,1144.0999755859375,384.5,104.0,19.99999999998181,82.7290588619049,constant,
1.0,708.684,708.754,1140.699951171875,400.3999938964844,200.60000610351562,300.70001220703125,351.1000061035156,70.00000000005002,945.371880831247,constant,
1.0,708.886,708.902,208.39999389648438,303.5,270.1000061035156,297.20001220703125,103.19999694824219,16.000000000076398,62.02081386550293,constant,
1.0,709.04,709.436,262.3999938964844,305.1000061035156,323.1000061035156,317.5,519.2000122070312,396.00000000007185,61.953622416825574,constant,
1.0,709.524,709.651,320.20001220703125,363.5,286.1000061035156,307.79998779296875,738.2999877929688,126.9999999999527,65.30927787170238,constant,
1.0,709.778,709.826,293.6000061035156,300.6000061035156,830.5,369.79998779296875,364.1000061035156,48.00000000000182,541.3411502110897,constant,
1.0,710.104,710.146,799.9000244140625,379.3999938964844,1186.699951171875,372.79998779296875,279.8999938964844,41.99999999991633,386.8562309442819,constant,
1.0,710.59,710.61,1149.5,389.70001220703125,1221.800048828125,352.8999938964844,115.5999984741211,19.99999999998181,81.12668123500335,constant,
1.0,710.779,710.903,1229.300048828125,344.3999938964844,1217.5999755859375,339.70001220703125,242.1999969482422,124.00000000002365,12.608788274602226,constant,
1.0,710.997,711.036,1218.4000244140625,338.5,855.9000244140625,373.1000061035156,245.6999969482422,38.99999999998727,364.14751189917985,constant,
1.0,711.221,711.26,842.5,383.5,561.5999755859375,421.79998779296875,194.3000030517578,38.99999999998727,283.4990525218073,constant,
1.0,711.41,711.418,561.2000122070312,422.20001220703125,584.2000122070312,408.0,58.0,8.000000000038199,27.030359721613706,constant,
1.0,711.9,711.919,582.0999755859375,403.20001220703125,572.4000244140625,482.3999938964844,106.69999694824219,19.000000000005457,79.79176744719013,constant,
1.0,712.087,712.092,573.2999877929688,497.70001220703125,577.4000244140625,509.70001220703125,40.20000076293945,4.9999999999954525,12.6811001216105,constant,
1.0,712.369,712.388,579.5999755859375,518.5999755859375,662.0999755859375,517.4000244140625,120.5999984741211,19.000000000005457,82.50872610103058,constant,
1.0,712.598,712.721,654.9000244140625,538.2000122070312,571.4000244140625,396.8999938964844,560.2000122070312,123.0000000000473,164.1278318097235,constant,
1.0,713.271,713.341,574.0999755859375,406.3999938964844,1519.0,403.79998779296875,380.20001220703125,70.00000000005002,944.9036015220993,constant,
1.0,713.779,713.87,1511.0999755859375,407.20001220703125,841.2999877929688,348.0,543.7999877929688,91.00000000000819,672.4110834101218,constant,
1.0,714.016,714.027,833.9000244140625,379.0,792.2000122070312,383.70001220703125,77.4000015258789,11.000000000080945,41.96404571550267,constant,
1.0,714.35,714.362,796.2000122070312,391.0,805.0,434.3999938964844,74.0,11.999999999943611,44.28317124338861,constant,
1.0,714.782,714.815,805.7999877929688,440.8999938964844,597.2999877929688,486.8999938964844,161.10000610351562,33.00000000001546,213.51405105987754,constant,
1.0,715.076,715.085,579.2999877929688,498.6000061035156,598.9000244140625,521.9000244140625,60.599998474121094,9.000000000014552,30.44753337825637,constant,
1.0,715.315,715.326,587.0999755859375,524.2999877929688,551.7000122070312,538.4000244140625,66.0,10.999999999967258,38.10470364592918,constant,
1.0,715.625,715.747,554.9000244140625,565.2999877929688,590.5,594.2999877929688,416.1000061035156,121.99999999995725,45.91686249864363,constant,
1.0,715.96,716.379,577.9000244140625,608.2000122070312,242.1999969482422,318.70001220703125,836.0,418.9999999999827,443.2885724226968,constant,
1.0,716.58,716.806,354.29998779296875,207.6999969482422,355.1000061035156,289.79998779296875,161.8000030517578,225.9999999999991,82.1038886168091,constant,
1.0,716.975,716.994,370.6000061035156,303.0,299.79998779296875,298.6000061035156,82.69999694824219,19.000000000005457,70.93660930057817,constant,
1.0,717.169,717.234,289.3999938964844,303.79998779296875,1208.800048828125,382.0,389.79998779296875,65.00000000005457,922.7197315097817,constant,
1.0,717.327,717.428,1169.800048828125,410.29998779296875,1169.699951171875,393.20001220703125,502.29998779296875,100.99999999999909,17.10026855287499,constant,
1.0,717.457,717.591,1163.199951171875,414.5,1234.9000244140625,428.1000061035156,548.0,134.00000000001455,72.97849456484228,constant,
1.0,717.694,717.735,1230.199951171875,423.8999938964844,1542.699951171875,447.5,228.8000030517578,41.00000000005366,313.3898694726522,constant,
1.0,717.898,717.914,1521.9000244140625,449.79998779296875,1500.5,505.5,78.19999694824219,15.99999999996271,59.66952660098705,constant,
1.0,718.029,718.047,1504.0999755859375,516.7999877929688,1508.4000244140625,589.2999877929688,94.30000305175781,18.000000000029104,72.62740818674627,constant,
1.0,718.304,718.325,1506.5,582.2999877929688,1516.0999755859375,683.5,114.80000305175781,21.00000000007185,101.65432603659261,constant,
1.0,718.456,718.471,1521.0999755859375,703.4000244140625,1513.199951171875,761.5999755859375,83.69999694824219,14.999999999986358,58.7336760483406,constant,
1.0,718.746,718.882,1501.699951171875,761.7999877929688,1527.199951171875,329.6000061035156,526.5999755859375,135.99999999996726,432.95158409730254,constant,
1.0,718.98,718.989,1525.5,360.0,1519.9000244140625,385.29998779296875,51.20000076293945,9.000000000014552,25.91233507207453,constant,
1.0,719.298,719.448,1513.800048828125,415.79998779296875,898.2000122070312,382.3999938964844,371.3999938964844,149.99999999997726,616.5054457830662,constant,
1.0,719.503,719.675,887.7000122070312,418.70001220703125,966.2999877929688,297.1000061035156,508.20001220703125,171.99999999991178,144.7912899537987,constant,
1.0,719.792,720.019,867.5999755859375,271.6000061035156,884.0999755859375,362.5,385.0,226.99999999997544,92.38538244971927,constant,
1.0,720.103,720.229,793.0,440.20001220703125,818.2999877929688,343.79998779296875,502.79998779296875,126.00000000009004,99.66470834430919,constant,
1.0,720.368,720.402,819.9000244140625,376.20001220703125,586.0999755859375,400.1000061035156,212.10000610351562,33.999999999991815,235.01845148899613,constant,
1.0,720.809,720.845,573.9000244140625,400.8999938964844,290.3999938964844,309.70001220703125,198.6999969482422,36.00000000005821,297.80816638168994,constant,
1.0,721.264,721.377,258.3999938964844,301.5,253.3000030517578,284.1000061035156,372.79998779296875,112.9999999999427,18.13200745129971,constant,
1.0,721.655,721.686,265.29998779296875,290.29998779296875,461.70001220703125,294.70001220703125,160.0,31.000000000062755,196.44930594096965,constant,
1.0,721.766,721.822,456.5,301.3999938964844,1167.9000244140625,355.5,373.3999938964844,56.00000000004002,713.4541368558522,constant,
1.0,721.949,721.969,1145.699951171875,363.3999938964844,1226.199951171875,359.6000061035156,114.0999984741211,20.000000000095497,80.58963895704404,constant,
1.0,722.077,722.096,1211.0999755859375,357.79998779296875,1139.300048828125,406.29998779296875,124.19999694824219,19.000000000005457,86.6457124295671,constant,
1.0,722.274,722.312,1129.9000244140625,411.29998779296875,823.9000244140625,390.3999938964844,221.89999389648438,38.000000000010914,306.7129109523645,constant,
1.0,722.398,722.53,813.2000122070312,396.5,800.5,358.3999938964844,468.6000061035156,131.99999999994816,40.16093593464513,constant,
1.0,722.646,722.696,801.0,409.1000061035156,264.5,522.0,297.70001220703125,50.00000000006821,548.2505436584867,constant,
1.0,722.903,722.917,282.5,527.9000244140625,251.60000610351562,563.5999755859375,79.80000305175781,14.000000000010004,47.215422654859616,constant,
1.0,723.269,723.312,246.39999389648438,560.5,275.6000061035156,291.29998779296875,158.10000610351562,43.00000000000637,270.77903775062896,constant,
1.0,723.439,723.477,268.6000061035156,301.6000061035156,576.7999877929688,439.79998779296875,273.5,38.000000000010914,337.7668776720779,constant,
1.0,723.719,723.727,838.5999755859375,519.7000122070312,808.5,519.0999755859375,66.30000305175781,7.999999999924512,30.105955793176324,,
1.0,723.761,724.072,795.5,534.5,844.9000244140625,524.2999877929688,215.8000030517578,311.00000000003547,50.44207233186953,,
1.0,724.588,724.715,814.5,517.9000244140625,838.0999755859375,447.3999938964844,466.79998779296875,127.0000000000664,74.34522950826296,constant,
1.0,724.779,724.894,826.2999877929688,480.8999938964844,821.0,450.70001220703125,339.79998779296875,115.0000000000091,30.661519281485738,constant,
1.0,725.107,725.116,821.7999877929688,473.6000061035156,840.2999877929688,493.70001220703125,56.400001525878906,9.000000000014552,27.317764281898427,constant,
1.0,725.378,725.39,840.0999755859375,502.29998779296875,803.9000244140625,523.2000122070312,69.80000305175781,11.999999999943611,41.80008953763787,constant,
1.0,725.576,725.619,799.2999877929688,516.2999877929688,1183.800048828125,580.4000244140625,237.39999389648438,43.00000000000637,389.80650537268417,constant,
1.0,725.808,725.859,1173.199951171875,582.5999755859375,840.5,419.6000061035156,195.60000610351562,51.000000000044565,370.48380202248853,constant,
1.0,725.949,726.071,778.2999877929688,586.2999877929688,783.7999877929688,578.7000122070312,139.60000610351562,122.00000000007094,9.381344728067829,constant,
1.0,726.162,726.207,778.5,598.4000244140625,1024.199951171875,805.2999877929688,195.10000610351562,44.99999999995907,321.210306266867,constant,
1.0,726.415,726.439,1022.0999755859375,812.2999877929688,1143.800048828125,801.9000244140625,120.0,24.00000000000091,122.1436329304004,constant,
1.0,726.657,726.715,1179.4000244140625,812.5,578.2000122070312,629.5999755859375,295.8999938964844,57.999999999992724,628.4058192031637,constant,
1.0,726.864,726.902,583.2000122070312,631.2999877929688,303.0,635.4000244140625,184.8000030517578,38.000000000010914,280.2300075672032,constant,
1.0,727.15,727.172,294.3999938964844,646.9000244140625,234.5,598.0,88.9000015258789,22.000000000048203,77.32542697259922,constant,
1.0,727.402,727.441,224.8000030517578,584.2000122070312,534.4000244140625,665.4000244140625,219.5,38.99999999998727,320.071265829911,constant,
1.0,727.558,727.605,523.0999755859375,668.0,935.7999877929688,709.7999877929688,256.6000061035156,47.000000000025466,414.81145000491017,constant,
1.0,727.714,727.851,915.0,723.9000244140625,932.2999877929688,774.0,676.4000244140625,136.9999999999436,53.00280305180473,constant,
1.0,727.997,728.008,919.4000244140625,778.7999877929688,895.5999755859375,754.0999755859375,58.400001525878906,11.000000000080945,34.300625755933766,constant,
1.0,728.262,728.301,894.0999755859375,754.4000244140625,1188.0999755859375,774.4000244140625,203.60000610351562,39.000000000100954,294.6794869005985,constant,
1.0,728.46,728.585,1177.5999755859375,788.2999877929688,1203.5,723.2999877929688,467.3999938964844,125.0,69.9700740649103,constant,
1.0,728.724,728.736,1196.5,745.5,1158.199951171875,725.2999877929688,73.0999984741211,11.999999999943611,43.3005107752896,constant,
1.0,728.82,729.017,483.0,583.9000244140625,472.29998779296875,669.5,200.10000610351562,197.00000000000273,86.26613519535759,constant,
1.0,729.092,729.204,457.1000061035156,692.7000122070312,453.20001220703125,686.2999877929688,204.1999969482422,111.99999999996635,7.494682441118598,constant,
1.0,729.494,729.513,451.70001220703125,683.0,533.0999755859375,693.2999877929688,107.5999984741211,19.000000000005457,82.04903281954385,constant,
1.0,729.866,729.871,524.5999755859375,692.2000122070312,522.0,677.4000244140625,40.79999923706055,4.9999999999954525,15.026626757842063,constant,
1.0,729.989,730.035,512.2999877929688,669.2000122070312,955.4000244140625,668.7000122070312,271.70001220703125,45.999999999935426,443.1003187243433,constant,
1.0,730.281,730.329,943.9000244140625,670.5,1386.9000244140625,716.5,233.1999969482422,48.00000000000182,445.3818586336898,constant,
1.0,730.509,730.522,1372.0,717.5,1419.5,732.5999755859375,72.69999694824219,13.000000000033651,49.84234407304605,constant,
1.0,730.692,730.821,1420.5,740.4000244140625,671.0999755859375,488.8999938964844,190.39999389648438,129.0000000000191,790.4762247798096,constant,
1.0,730.954,731.166,842.9000244140625,336.5,845.7999877929688,341.79998779296875,211.6999969482422,212.00000000010277,6.041494699543741,constant,
1.0,731.272,731.423,772.2000122070312,346.70001220703125,674.2999877929688,360.29998779296875,104.5,150.99999999995362,98.84014425430655,constant,
1.0,731.922,731.952,662.0,364.3999938964844,858.5,378.0,174.5,29.999999999972715,196.97007429052684,constant,
1.0,732.255,732.383,869.0999755859375,384.8999938964844,729.7000122070312,606.2999877929688,368.6000061035156,128.00000000004275,261.63009591292,constant,
1.0,732.651,732.67,739.2000122070312,609.7000122070312,769.5999755859375,576.0999755859375,65.5,19.000000000005457,45.311369813521225,constant,
1.0,732.885,732.923,772.0999755859375,551.2000122070312,1083.300048828125,582.4000244140625,216.60000610351562,38.000000000010914,312.760173851566,constant,
1.0,733.063,733.322,1072.0999755859375,597.5,990.5999755859375,600.2000122070312,534.2000122070312,259.00000000001455,81.54471206594648,constant,
1.0,733.384,733.525,990.0999755859375,608.5999755859375,943.0,595.7000122070312,643.9000244140625,140.9999999999627,48.83458564760257,constant,
1.0,733.744,733.757,941.0,596.7000122070312,898.7000122070312,590.5,74.19999694824219,12.999999999919964,42.751948711756306,constant,
1.0,734.186,734.192,863.5999755859375,581.2999877929688,846.7999877929688,583.2000122070312,43.20000076293945,5.999999999971806,16.907089714611814,constant,
1.0,734.333,734.468,831.0,595.0999755859375,871.7000122070312,568.9000244140625,499.3999938964844,134.9999999999909,48.40380599768088,constant,
1.0,734.735,734.758,872.7999877929688,574.2000122070312,995.0,590.9000244140625,137.6999969482422,23.000000000024556,123.3358560642994,constant,
1.0,735.309,735.319,1011.5,589.2000122070312,1042.4000244140625,573.7000122070312,65.19999694824219,9.999999999990905,34.569661681735596,constant,
1.0,735.715,735.735,1053.199951171875,548.4000244140625,1132.9000244140625,570.2999877929688,105.5,19.99999999998181,82.65415942835234,constant,
1.0,735.987,736.185,1149.699951171875,577.5,768.2000122070312,470.0,388.3999938964844,197.99999999997908,396.3564726735007,constant,
1.0,736.243,736.445,746.9000244140625,499.70001220703125,935.5999755859375,312.1000061035156,394.8999938964844,201.99999999999818,266.0853882916293,constant,
1.0,736.532,736.659,893.4000244140625,360.70001220703125,850.7999877929688,343.1000061035156,416.0,126.9999999999527,46.09255183825599,constant,
1.0,737.077,737.104,878.9000244140625,384.29998779296875,715.9000244140625,361.70001220703125,132.0,27.000000000043656,164.55928687401683,constant,
1.0,737.4,737.427,651.7000122070312,347.0,840.5999755859375,360.8999938964844,172.60000610351562,27.000000000043656,189.4106807835145,constant,
1.0,737.528,737.66,863.5999755859375,364.79998779296875,850.2000122070312,331.1000061035156,446.6000061035156,131.99999999994816,36.266345065714916,constant,
1.0,738.611,738.717,812.2000122070312,455.79998779296875,837.2000122070312,355.5,459.5,105.99999999999454,103.36869715377901,constant,
1.0,738.848,738.871,825.7000122070312,386.1000061035156,720.5,399.20001220703125,103.80000305175781,23.000000000024556,106.01251213074649,constant,
1.0,739.04,739.058,697.9000244140625,407.6000061035156,656.0999755859375,378.1000061035156,58.5,18.000000000029104,51.16145113299304,constant,
1.0,739.319,739.337,649.0999755859375,368.29998779296875,695.9000244140625,394.8999938964844,63.0,18.000000000029104,53.83126317505426,constant,
1.0,739.544,739.723,774.7000122070312,562.2000122070312,796.4000244140625,501.20001220703125,294.5,178.99999999997362,64.74481083287915,constant,
1.0,739.924,739.94,790.7999877929688,528.2999877929688,852.2000122070312,527.7000122070312,82.0,16.000000000076398,61.4029557004481,constant,
1.0,740.131,740.157,859.0,527.0,881.5999755859375,407.0,120.4000015258789,26.000000000067303,122.10961836188406,constant,
1.0,740.588,740.714,861.5,383.79998779296875,666.2999877929688,366.6000061035156,439.0,126.00000000009004,195.95633221649837,constant,
1.0,741.014,741.058,683.7999877929688,368.5,942.5999755859375,507.5,161.6999969482422,43.99999999998272,293.7659505144202,constant,
1.0,741.227,741.351,929.2000122070312,519.2999877929688,198.3000030517578,620.9000244140625,135.5,124.00000000002365,737.9277680265097,constant,
1.0,741.46,741.591,190.5,630.2000122070312,219.10000610351562,553.2000122070312,133.89999389648438,130.9999999999718,82.13988281657778,constant,
1.0,741.717,741.753,217.39999389648438,552.2999877929688,546.2000122070312,629.5999755859375,269.5,36.00000000005821,337.76432634872657,constant,
1.0,741.856,742.039,904.7999877929688,775.0999755859375,988.5999755859375,713.9000244140625,530.2999877929688,182.99999999999272,103.7683573038602,constant,
1.0,742.187,742.235,982.2000122070312,741.0999755859375,1357.0,730.2999877929688,191.0,48.00000000000182,374.9555581478128,constant,
1.0,742.458,742.477,1350.199951171875,727.7000122070312,1431.0,731.4000244140625,95.69999694824219,19.000000000005457,80.88472031823788,constant,
1.0,742.623,742.633,1443.699951171875,724.0999755859375,1428.9000244140625,692.0,64.0999984741211,9.999999999990905,35.347507191517735,constant,
1.0,742.849,743.011,1411.699951171875,690.7999877929688,1389.0999755859375,698.9000244140625,470.6000061035156,161.99999999992087,24.007696469008245,constant,
1.0,743.142,743.184,1390.699951171875,698.9000244140625,1028.199951171875,666.2000122070312,234.8000030517578,41.99999999991633,363.97189561604887,constant,
1.0,743.378,743.398,1013.9000244140625,675.9000244140625,918.2000122070312,673.5999755859375,126.0,19.99999999998181,95.72764784030625,constant,
1.0,743.693,743.702,892.5999755859375,662.9000244140625,862.9000244140625,670.0999755859375,61.20000076293945,9.000000000014552,30.560209365924564,constant,
1.0,743.823,744.098,588.5999755859375,706.9000244140625,562.7000122070312,712.2000122070312,478.5,274.99999999997726,26.436678566610873,constant,
1.0,744.276,744.293,558.7999877929688,701.5999755859375,604.5,755.2000122070312,122.5,17.00000000005275,70.43759678967899,constant,
1.0,744.612,744.658,593.2999877929688,755.2999877929688,970.5999755859375,781.2999877929688,213.8000030517578,46.00000000004911,378.19476568108973,constant,
1.0,744.879,744.898,957.5999755859375,793.4000244140625,938.7999877929688,717.7000122070312,86.0999984741211,19.000000000005457,77.99956018568601,constant,
1.0,745.066,745.094,931.7999877929688,709.0,1113.699951171875,704.0,158.10000610351562,28.00000000002001,181.96866949353517,constant,
1.0,745.419,745.655,1128.9000244140625,734.0999755859375,1188.800048828125,691.2999877929688,599.2999877929688,235.99999999999,73.6196433017952,constant,
1.0,745.978,745.998,1172.5999755859375,743.7000122070312,1201.4000244140625,674.2999877929688,84.5,20.000000000095497,75.13857997842956,constant,
1.0,746.262,746.285,1200.0,660.9000244140625,1313.4000244140625,704.5999755859375,129.0,23.000000000024556,121.52880839345966,constant,
1.0,746.482,746.506,1330.699951171875,717.9000244140625,1265.5,640.0,102.0,24.00000000000091,101.58468111150627,constant,
1.0,746.666,746.909,1246.5999755859375,627.9000244140625,386.6000061035156,685.2999877929688,153.60000610351562,242.99999999993815,861.9133966389352,constant,
1.0,747.036,747.321,1246.5999755859375,627.9000244140625,386.6000061035156,685.2999877929688,0.0,285.00000000008185,861.9133966389352,constant,
1.0,747.348,747.387,1246.5999755859375,627.9000244140625,386.6000061035156,685.2999877929688,0.0,38.99999999998727,861.9133966389352,constant,
1.0,747.42,747.465,-36.70000076293945,390.20001220703125,500.0,413.5,405.70001220703125,45.00000000007276,537.2055288714848,constant,
1.0,747.656,747.701,472.79998779296875,426.79998779296875,864.0999755859375,438.6000061035156,302.0,45.00000000007276,391.47786767441494,constant,
1.0,747.725,748.133,363.5,413.1000061035156,1036.300048828125,429.1000061035156,449.79998779296875,408.00000000001546,672.9902716259184,constant,
1.0,748.442,748.475,1014.0,466.6000061035156,775.2000122070312,428.79998779296875,180.6999969482422,33.00000000001546,241.77319031315218,constant,
1.0,748.608,749.072,739.2000122070312,435.79998779296875,692.4000244140625,567.2999877929688,468.6000061035156,464.0000000000555,139.579686406805,constant,
1.0,749.216,749.239,682.2000122070312,568.2000122070312,700.0,454.29998779296875,115.30000305175781,23.000000000024556,115.28250139094776,constant,
1.0,749.632,749.644,689.0999755859375,411.3999938964844,667.7999877929688,384.3999938964844,54.0,12.000000000057298,34.390252688525244,constant,
1.0,749.995,750.009,656.9000244140625,355.70001220703125,701.0999755859375,392.6000061035156,90.69999694824219,14.000000000010004,57.5781662885917,constant,
1.0,750.158,750.278,696.9000244140625,421.5,703.7000122070312,410.79998779296875,128.39999389648438,120.00000000000455,12.677937340716817,constant,
1.0,750.308,750.408,697.5999755859375,389.5,690.9000244140625,410.20001220703125,160.8000030517578,100.00000000002274,21.75729420393887,constant,
1.0,750.435,750.554,686.2999877929688,416.1000061035156,273.20001220703125,401.29998779296875,535.7000122070312,119.0000000000282,413.3650086438071,constant,
1.0,750.73,750.769,280.5,403.1000061035156,513.7000122070312,660.9000244140625,224.1999969482422,38.99999999998727,347.6249345692536,constant,
1.0,750.862,750.986,518.7999877929688,714.5,1132.199951171875,647.5,601.2999877929688,124.00000000002365,617.0482275100087,constant,
1.0,751.223,751.261,1103.800048828125,705.5999755859375,969.7000122070312,826.9000244140625,156.3000030517578,38.000000000010914,180.82179533309636,constant,
1.0,751.545,751.89,549.0,680.0,498.1000061035156,726.9000244140625,424.79998779296875,345.0000000000273,69.2128721315754,constant,
1.0,752.147,752.162,506.20001220703125,735.0,534.2999877929688,784.7999877929688,76.0999984741211,14.999999999986358,57.18083080989747,constant,
1.0,752.365,752.678,500.1000061035156,889.5,547.0999755859375,797.0,170.89999389648438,312.9999999999882,103.755708909672,constant,
1.0,752.805,752.817,546.2999877929688,805.0999755859375,513.4000244140625,837.7000122070312,78.30000305175781,12.000000000057298,46.31597972654822,constant,
1.0,753.236,753.284,528.7000122070312,849.2000122070312,1032.0,838.7999877929688,283.1000061035156,48.00000000000182,503.40742765697803,constant,
1.0,753.537,753.576,1007.2000122070312,835.2999877929688,1253.9000244140625,830.7000122070312,166.0,38.99999999998727,246.74289411924428,constant,
1.0,754.106,754.146,-11.0,474.5,330.8999938964844,508.5,259.79998779296875,39.99999999996362,343.5863877199096,constant,
1.0,754.242,754.357,317.5,547.4000244140625,1048.0999755859375,551.5999755859375,573.0,115.0000000000091,730.6120474752785,constant,
1.0,754.683,754.727,1031.9000244140625,590.7999877929688,611.9000244140625,592.0999755859375,256.79998779296875,43.99999999998272,420.00201186215986,constant,
1.0,754.999,755.024,611.0,592.9000244140625,534.4000244140625,637.0,88.0999984741211,24.999999999977263,88.38757891494994,constant,
1.0,755.179,755.301,494.0,655.9000244140625,991.2999877929688,482.29998779296875,593.0,122.00000000007094,526.7297699710278,constant,
1.0,755.56,755.59,980.4000244140625,529.4000244140625,891.2000122070312,425.20001220703125,111.9000015258789,30.000000000086402,137.16517313691543,constant,
1.0,755.934,756.089,869.7000122070312,383.70001220703125,1123.199951171875,484.5,537.0,155.0000000000864,272.80552889236344,constant,
1.0,756.136,756.44,1098.9000244140625,536.5,869.0999755859375,538.5,406.70001220703125,304.0000000000873,229.80875188166493,constant,
1.0,756.718,757.234,682.7999877929688,580.7000122070312,711.5999755859375,546.0999755859375,409.1000061035156,516.0000000000764,45.01779460453586,constant,
1.0,757.535,757.58,714.4000244140625,565.7000122070312,1162.699951171875,592.0999755859375,265.1000061035156,45.00000000007276,449.07658856532214,constant,
1.0,758.434,758.451,1224.5,622.4000244140625,1167.4000244140625,651.0999755859375,102.5,17.00000000005275,63.90691988495978,constant,
1.0,758.944,759.071,1172.5,644.9000244140625,604.2999877929688,563.0,283.79998779296875,127.0000000000664,574.0721800184141,constant,
1.0,759.27,759.294,608.0,563.7000122070312,499.3999938964844,540.5,111.80000305175781,24.00000000000091,111.05044750963424,constant,
1.0,759.692,760.099,457.29998779296875,547.4000244140625,404.0,511.3999938964844,638.4000244140625,407.0000000000391,64.31866677720531,constant,
1.0,760.133,760.285,397.5,512.5,310.29998779296875,502.1000061035156,205.1999969482422,151.99999999992997,87.81800499870918,constant,
1.0,760.537,760.559,300.8999938964844,510.70001220703125,191.8000030517578,512.2999877929688,98.80000305175781,21.999999999934516,109.11172221257905,constant,
1.0,760.898,760.957,145.5,487.0,747.2000122070312,488.79998779296875,273.6000061035156,58.99999999996908,601.7027045360494,constant,
1.0,761.047,761.19,719.2000122070312,491.5,897.7000122070312,386.29998779296875,502.5,143.0000000000291,207.1938526316829,constant,
1.0,761.23,761.485,877.7000122070312,414.5,1038.4000244140625,398.5,260.3999938964844,254.99999999999545,161.49456313863942,constant,
1.0,761.545,761.689,1030.800048828125,447.3999938964844,1318.0999755859375,441.79998779296875,185.10000610351562,144.00000000000546,287.3544988048801,constant,
1.0,762.011,762.035,1312.800048828125,443.1000061035156,1435.199951171875,493.1000061035156,126.5,24.00000000000091,132.2185164557504,constant,
1.0,762.223,762.243,1457.5999755859375,504.70001220703125,1404.800048828125,446.3999938964844,94.19999694824219,20.000000000095497,78.65573342510045,constant,
1.0,762.422,762.433,1383.5,425.70001220703125,1346.699951171875,416.6000061035156,69.4000015258789,10.999999999967258,37.90849119704457,constant,
1.0,762.586,762.758,1323.199951171875,424.6000061035156,617.0,632.2999877929688,191.6999969482422,172.00000000002547,736.1098107136991,constant,
1.0,762.82,763.084,677.7000122070312,599.7999877929688,741.4000244140625,501.0,292.1000061035156,263.9999999998963,117.55479208890935,constant,
1.0,763.145,763.274,730.0999755859375,537.2000122070312,769.7000122070312,480.3999938964844,328.5,129.0000000000191,69.24164195388802,constant,
1.0,763.339,763.667,850.5999755859375,635.4000244140625,843.5999755859375,662.0999755859375,154.10000610351562,327.99999999997453,27.602307740123997,constant,
1.0,763.893,763.919,827.7999877929688,663.7999877929688,839.7000122070312,813.9000244140625,156.60000610351562,25.999999999953616,150.5710183757451,constant,
1.0,764.685,764.803,813.2000122070312,479.70001220703125,822.7000122070312,488.5,360.3999938964844,118.00000000005184,12.949509070092155,passive,
1.0,764.93,765.142,807.5,408.6000061035156,805.7000122070312,434.20001220703125,100.69999694824219,212.00000000010277,25.663208461820858,passive,
1.0,765.334,765.349,800.7000122070312,473.0,850.2000122070312,500.29998779296875,97.9000015258789,15.000000000100044,56.52910165124016,passive,
1.0,765.62,765.927,847.7999877929688,532.7999877929688,847.7999877929688,532.7999877929688,23.200000762939453,307.00000000001637,0.0,passive,
1.0,765.97,766.096,792.9000244140625,476.3999938964844,790.0,485.8999938964844,230.6999969482422,125.99999999997635,9.932781161495432,passive,
1.0,766.209,766.23,788.4000244140625,519.0,707.2999877929688,507.70001220703125,97.5999984741211,21.00000000007185,81.88348834816449,passive,
1.0,766.636,766.654,675.2999877929688,482.0,652.0,453.79998779296875,54.70000076293945,18.000000000029104,36.58046089962788,passive,
1.0,766.761,766.88,645.0,442.20001220703125,642.7000122070312,357.1000061035156,354.1000061035156,119.0000000000282,85.13108117876926,passive,
1.0,767.077,767.207,645.0,442.20001220703125,642.7000122070312,357.1000061035156,0.0,129.99999999999545,85.13108117876926,passive,
1.0,767.345,767.353,785.5,463.6000061035156,810.7000122070312,478.6000061035156,65.4000015258789,7.999999999924512,29.326449073055606,passive,
1.0,768.075,768.099,834.4000244140625,501.20001220703125,897.2999877929688,462.70001220703125,68.5,24.00000000000091,73.74723990135324,passive,
1.0,768.181,768.299,840.5,412.8999938964844,847.5,391.8999938964844,389.29998779296875,117.99999999993815,22.135943621178654,passive,
1.0,768.386,768.43,848.0999755859375,416.8999938964844,423.1000061035156,432.20001220703125,261.0,43.99999999998272,425.27528098910545,passive,
1.0,768.625,768.647,417.20001220703125,436.70001220703125,517.7999877929688,446.3999938964844,115.30000305175781,22.000000000048203,101.06653616636392,passive,
1.0,768.924,768.938,519.0,454.29998779296875,569.7000122070312,448.3999938964844,77.5999984741211,14.000000000010004,51.04215087328972,passive,
1.0,769.211,769.224,581.0999755859375,448.29998779296875,624.0,444.6000061035156,67.69999694824219,13.000000000033651,43.059284239632305,passive,
1.0,769.383,769.423,633.5999755859375,443.70001220703125,900.5,431.70001220703125,180.5,39.99999999996362,267.1696521542579,passive,
1.0,769.572,769.583,889.9000244140625,430.0,926.7000122070312,424.29998779296875,63.29999923706055,10.999999999967258,37.23881363205539,passive,
1.0,770.024,770.14,916.2000122070312,430.5,663.2000122070312,402.6000061035156,386.6000061035156,115.99999999998545,254.53371026137947,passive,
1.0,770.353,770.366,655.9000244140625,401.8999938964844,606.0999755859375,412.5,83.5999984741211,13.000000000033651,50.91566549381637,passive,
1.0,770.405,770.605,556.2000122070312,319.79998779296875,556.0999755859375,389.8999938964844,143.89999389648438,200.00000000004547,70.10007748240002,passive,
1.0,770.66,770.788,569.0999755859375,392.79998779296875,561.2000122070312,404.3999938964844,502.8999938964844,128.00000000004275,14.034584532135591,passive,
1.0,771.046,771.057,563.5,415.5,594.5,438.3999938964844,67.0999984741211,10.999999999967258,38.54101348510469,passive,
1.0,771.353,771.363,597.7000122070312,442.79998779296875,636.2999877929688,441.70001220703125,72.0999984741211,10.000000000104592,38.61564529468114,passive,
1.0,771.779,771.819,608.5999755859375,430.5,904.4000244140625,428.0,200.0,39.99999999996362,295.81061320838563,passive,
1.0,772.252,772.392,833.0999755859375,390.8999938964844,821.0,442.1000061035156,313.5,140.00000000010004,52.610366461187404,passive,
1.0,772.442,772.572,807.2000122070312,453.6000061035156,817.5999755859375,456.29998779296875,268.8999938964844,129.99999999999545,10.744726120565998,passive,
1.0,772.78,772.792,824.0,456.0,863.7999877929688,468.8999938964844,79.5999984741211,12.000000000057298,41.83836601553406,passive,
1.0,773.209,773.22,866.5999755859375,446.79998779296875,897.0999755859375,439.6000061035156,53.70000076293945,11.000000000080945,31.33831099993202,passive,
1.0,773.392,773.494,882.9000244140625,437.6000061035156,879.0,367.0,478.1000061035156,101.99999999997544,70.70764493494835,passive,
1.0,773.569,773.691,863.5,420.8999938964844,877.2000122070312,387.8999938964844,178.1999969482422,122.00000000007094,35.73080371993898,passive,
1.0,774.011,774.024,875.9000244140625,415.70001220703125,918.7000122070312,411.1000061035156,70.5,13.000000000033651,43.046475015158386,passive,
1.0,774.201,774.33,745.5,392.6000061035156,749.4000244140625,376.79998779296875,173.0,129.0000000000191,16.274236358241208,passive,
1.0,774.469,774.495,742.0999755859375,407.29998779296875,606.5,408.6000061035156,116.0999984741211,25.999999999953616,135.60620718283732,passive,
1.0,774.642,774.679,565.2000122070312,413.70001220703125,864.7999877929688,376.29998779296875,207.89999389648438,36.999999999920874,301.92533381163435,passive,
1.0,774.978,774.995,871.9000244140625,388.79998779296875,847.2000122070312,450.3999938964844,84.80000305175781,17.00000000005275,66.3675474534102,passive,
1.0,775.15,775.299,808.7999877929688,400.1000061035156,813.0999755859375,450.70001220703125,303.79998779296875,149.0000000000009,50.78238388157353,passive,
1.0,775.563,775.737,827.7000122070312,377.1000061035156,820.9000244140625,410.0,147.5,173.99999999997817,33.59537814005422,passive,
1.0,775.826,775.961,807.2999877929688,438.29998779296875,833.9000244140625,403.3999938964844,417.0,134.9999999999909,43.88133455375047,passive,
1.0,776.052,776.091,828.7000122070312,444.29998779296875,830.9000244140625,667.4000244140625,130.6999969482422,38.99999999998727,223.1108836297424,passive,
1.0,776.324,776.366,827.7999877929688,659.4000244140625,511.0,622.9000244140625,180.60000610351562,42.00000000003001,318.8957231849075,passive,
1.0,776.623,776.648,455.1000061035156,609.7999877929688,597.7000122070312,576.7000122070312,153.1999969482422,24.999999999977263,146.39115452961067,passive,
1.0,776.896,776.922,597.2000122070312,571.0,737.5,568.0,138.39999389648438,26.000000000067303,140.33205825721782,passive,
1.0,777.254,777.267,763.5999755859375,572.7999877929688,803.0,588.9000244140625,63.0,13.000000000033651,42.562578669874796,passive,
1.0,777.466,777.593,792.5,555.0,782.7999877929688,586.5,235.8000030517578,126.9999999999527,32.95967592098798,passive,
1.0,777.796,777.925,1082.0999755859375,649.0,1155.5999755859375,519.2999877929688,507.29998779296875,128.9999999999054,149.07831219363888,passive,
1.0,777.993,778.029,1148.5999755859375,544.5999755859375,1215.5,394.6000061035156,126.0,35.99999999994452,164.242516150142,passive,
1.0,778.196,779.585,1217.5999755859375,382.70001220703125,1274.0,371.70001220703125,122.80000305175781,1389.00000000001,57.462707505884595,passive,
1.0,779.682,779.811,749.2999877929688,385.70001220703125,749.9000244140625,396.20001220703125,228.60000610351562,129.0000000000191,10.517130975064141,passive,
1.0,780.105,780.129,757.2999877929688,418.29998779296875,874.5999755859375,440.70001220703125,112.9000015258789,24.00000000000091,119.41963084008096,passive,
1.0,780.367,780.386,899.2000122070312,436.8999938964844,839.0999755859375,486.3999938964844,100.4000015258789,19.000000000005457,77.8605445771914,passive,
1.0,781.443,781.466,833.4000244140625,497.6000061035156,738.5,447.8999938964844,100.19999694824219,23.000000000024556,107.1265879563459,passive,
1.0,781.572,781.591,726.5,425.5,673.0,380.8999938964844,93.5999984741211,19.000000000005457,69.65206776854245,passive,
1.0,781.942,781.96,601.2000122070312,376.3999938964844,677.4000244140625,397.1000061035156,111.5,18.000000000029104,78.9615879128767,passive,
1.0,782.093,782.235,688.7000122070312,431.8999938964844,691.7999877929688,411.79998779296875,410.5,142.00000000005275,20.33765212591596,passive,
1.0,783.103,783.238,698.5999755859375,424.0,701.9000244140625,411.1000061035156,510.5,135.0000000001046,13.31541080092324,passive,
1.0,783.791,783.816,699.0999755859375,438.1000061035156,823.7000122070312,500.1000061035156,157.60000610351562,24.999999999977263,139.17316237686742,passive,
1.0,784.614,784.732,829.7000122070312,408.20001220703125,853.4000244140625,366.70001220703125,289.70001220703125,117.99999999993815,47.79059090044222,passive,
1.0,784.943,785.178,836.4000244140625,405.70001220703125,853.2999877929688,463.3999938964844,460.70001220703125,235.00000000001364,60.12401058788076,passive,
1.0,785.253,785.451,794.2999877929688,527.0,791.2000122070312,534.9000244140625,181.1999969482422,197.99999999997908,8.48647361253142,passive,
1.0,785.563,785.744,848.0999755859375,422.8999938964844,843.9000244140625,453.29998779296875,145.8000030517578,181.00000000004002,30.68874742886098,passive,
1.0,785.785,785.912,848.2000122070312,497.6000061035156,855.0999755859375,479.20001220703125,383.70001220703125,127.0000000000664,19.65119004083238,passive,
1.0,786.212,786.221,856.2999877929688,498.70001220703125,827.5999755859375,500.3999938964844,58.79999923706055,9.000000000014552,28.750315449194964,passive,
1.0,787.018,787.027,821.2000122070312,496.0,806.7999877929688,477.1000061035156,48.0,9.000000000014552,23.760691749457603,passive,
1.0,787.249,787.284,795.5999755859375,442.8999938964844,572.7000122070312,427.3999938964844,147.89999389648438,34.99999999996817,223.43823234692346,passive,
1.0,787.395,787.502,556.5999755859375,444.29998779296875,571.0999755859375,447.1000061035156,530.5999755859375,106.9999999999709,14.767874002015246,passive,
1.0,788.095,788.112,584.0,460.79998779296875,569.2999877929688,420.29998779296875,50.099998474121094,16.999999999939064,43.085268467155544,passive,
1.0,788.411,788.446,553.5999755859375,398.29998779296875,767.7000122070312,478.29998779296875,183.6999969482422,35.000000000081855,228.55814507725094,passive,
1.0,788.577,788.604,760.0,484.79998779296875,610.5999755859375,452.8999938964844,134.10000610351562,27.000000000043656,152.76772206692817,passive,
1.0,788.96,789.019,578.0,441.1000061035156,1095.0,708.2999877929688,250.1999969482422,58.99999999996908,581.966348008924,passive,
1.0,789.151,789.175,1087.699951171875,728.2999877929688,1165.5999755859375,802.0999755859375,124.5,24.00000000000091,107.30727842021653,passive,
1.0,789.287,789.343,1182.699951171875,818.2000122070312,731.9000244140625,509.3999938964844,266.29998779296875,55.99999999992633,546.4229362622356,passive,
1.0,789.414,789.597,824.0999755859375,439.29998779296875,818.2000122070312,445.6000061035156,273.70001220703125,182.99999999999272,8.631326583188748,passive,
1.0,789.776,789.783,815.2000122070312,476.29998779296875,835.7999877929688,484.6000061035156,52.79999923706055,7.000000000061846,22.20921651244443,passive,
1.0,790.091,790.101,831.9000244140625,502.1000061035156,800.2000122070312,490.1000061035156,63.099998474121094,9.999999999990905,33.895291323809715,passive,
1.0,790.277,790.284,792.4000244140625,491.0,778.4000244140625,473.8999938964844,49.900001525878906,6.999999999948159,22.100004722630075,passive,
1.0,790.387,790.568,762.2999877929688,444.6000061035156,762.2000122070312,454.0,71.4000015258789,181.00000000004002,9.400525536996698,passive,
1.0,790.64,790.769,766.9000244140625,446.79998779296875,764.0999755859375,480.6000061035156,389.1000061035156,129.0000000000191,33.91580031833523,passive,
1.0,791.077,791.556,512.4000244140625,209.5,628.7000122070312,234.39999389648438,264.3999938964844,479.00000000004184,118.93568369791144,passive,
1.0,791.606,791.723,610.7000122070312,281.0,1116.0,396.6000061035156,502.6000061035156,116.9999999999618,518.3545495842659,passive,
1.0,791.928,791.964,1097.300048828125,425.8999938964844,1320.0999755859375,399.0,155.10000610351562,36.00000000005821,224.41795167703833,passive,
1.0,792.058,792.104,1306.4000244140625,402.3999938964844,800.9000244140625,446.20001220703125,339.79998779296875,46.00000000004911,507.39402007119105,passive,
1.0,792.209,792.327,797.0999755859375,466.1000061035156,822.9000244140625,479.70001220703125,290.29998779296875,118.00000000005184,29.16509361461568,passive,
1.0,792.53,792.536,814.5999755859375,499.29998779296875,833.0,495.5,51.29999923706055,5.999999999971806,18.78831566864916,passive,
1.0,792.896,792.907,832.7999877929688,491.3999938964844,819.7999877929688,465.6000061035156,50.20000076293945,11.000000000080945,28.890125823840513,passive,
1.0,792.996,793.049,821.2000122070312,460.6000061035156,317.5,388.3999938964844,250.3000030517578,52.99999999999727,508.84825248796807,passive,
1.0,793.143,793.186,312.79998779296875,383.79998779296875,575.2999877929688,640.2000122070312,231.6999969482422,43.00000000000637,366.94307803735967,passive,
1.0,793.389,793.538,566.5999755859375,647.0999755859375,768.9000244140625,650.9000244140625,341.8999938964844,149.0000000000009,202.3357361588849,passive,
1.0,793.704,793.755,766.5,648.7999877929688,1224.9000244140625,668.7000122070312,224.3000030517578,51.000000000044565,458.83177021049164,passive,
1.0,793.925,793.948,1215.0999755859375,673.7000122070312,1298.9000244140625,663.4000244140625,97.0999984741211,23.000000000024556,84.43066938104565,passive,
1.0,794.147,794.293,1315.800048828125,664.5,695.0999755859375,594.7000122070312,212.6999969482422,145.99999999995816,624.612375172599,passive,
1.0,794.93,795.051,816.0999755859375,508.0,825.5,487.70001220703125,239.8000030517578,121.00000000009459,22.370738999408385,passive,
1.0,795.223,795.228,823.7000122070312,488.0,836.4000244140625,490.1000061035156,37.099998474121094,4.9999999999954525,12.87246424324207,passive,
1.0,795.467,795.566,813.9000244140625,507.0,847.2999877929688,493.79998779296875,348.3999938964844,99.00000000004638,35.91375608284453,passive,
1.0,795.748,795.753,833.0999755859375,503.8999938964844,821.4000244140625,497.0,41.20000076293945,4.9999999999954525,13.58303254784368,passive,
1.0,796.143,796.166,827.9000244140625,500.5,867.7000122070312,414.20001220703125,103.69999694824219,23.000000000024556,95.03539825447683,passive,
1.0,796.271,796.36,852.2000122070312,405.1000061035156,929.7999877929688,402.20001220703125,414.3999938964844,89.00000000005548,77.65414461274905,passive,
1.0,796.519,796.57,911.2999877929688,434.5,1209.0,697.0,203.39999389648438,51.000000000044565,396.9024404914469,passive,
1.0,796.853,796.877,1205.0999755859375,700.7000122070312,1255.0,778.0,107.0999984741211,24.00000000000091,92.00706793131249,passive,
1.0,797.227,797.284,1243.199951171875,818.2000122070312,735.7999877929688,521.0999755859375,271.79998779296875,57.00000000001637,587.9822740501372,passive,
1.0,797.491,797.515,737.7000122070312,523.0999755859375,658.2999877929688,418.1000061035156,142.89999389648438,24.00000000000091,131.64101742338232,passive,
1.0,797.694,797.723,624.2999877929688,361.3999938964844,810.0999755859375,316.79998779296875,182.3000030517578,28.999999999996362,191.07798410152063,passive,
1.0,797.91,797.926,827.5,311.70001220703125,893.4000244140625,314.3999938964844,94.30000305175781,16.000000000076398,65.95531152907562,passive,
1.0,798.045,798.16,891.5,320.0,658.2999877929688,384.1000061035156,417.6000061035156,115.0000000000091,241.8492432814919,passive,
1.0,798.439,798.455,664.9000244140625,393.5,612.2999877929688,376.20001220703125,75.80000305175781,16.000000000076398,55.371955267782184,passive,
1.0,798.652,798.691,608.7000122070312,352.70001220703125,889.7999877929688,483.1000061035156,213.0,38.99999999998727,309.8731267512848,passive,
1.0,798.881,798.892,883.5,490.1000061035156,850.2000122070312,496.70001220703125,61.29999923706055,11.000000000080945,33.94774318829326,passive,
1.0,799.124,799.157,842.2000122070312,503.5,850.0,321.3999938964844,179.60000610351562,33.00000000001546,182.2669800936826,passive,
1.0,799.39,799.399,859.5,310.20001220703125,888.7999877929688,312.3999938964844,59.79999923706055,9.000000000014552,29.38246422786977,passive,
1.0,799.661,799.851,712.2999877929688,290.6000061035156,715.7000122070312,285.29998779296875,305.1000061035156,190.00000000005457,6.296853190948094,passive,
1.0,800.347,800.563,704.7000122070312,338.3999938964844,682.5,265.79998779296875,212.8000030517578,216.00000000000819,75.91838662816039,passive,
1.0,800.621,800.748,672.2000122070312,326.8999938964844,706.9000244140625,329.29998779296875,241.39999389648438,127.0000000000664,34.782909853421984,passive,
1.0,800.966,801.007,672.2000122070312,326.8999938964844,706.9000244140625,329.29998779296875,0.0,40.99999999993997,34.782909853421984,passive,
1.0,801.032,801.07,704.7999877929688,349.1000061035156,860.7999877929688,450.1000061035156,137.3000030517578,38.000000000010914,185.84133017173548,passive,
1.0,801.226,801.236,865.0,470.79998779296875,886.9000244140625,495.6000061035156,65.5999984741211,9.999999999990905,33.085525196677686,passive,
1.0,801.37,801.384,884.7999877929688,501.79998779296875,835.2000122070312,497.0,78.0999984741211,14.000000000010004,49.83169133130286,passive,
1.0,801.53,801.655,817.0999755859375,508.6000061035156,800.2999877929688,417.0,178.89999389648438,125.0,93.1278728845881,passive,
1.0,802.325,802.345,786.2999877929688,426.8999938964844,862.9000244140625,389.1000061035156,109.69999694824219,19.99999999998181,85.41899488697752,passive,
1.0,802.477,802.482,878.5,365.5,875.5999755859375,351.29998779296875,44.400001525878906,4.9999999999954525,14.493118652726025,passive,
1.0,803.148,803.166,874.5,338.5,864.7999877929688,402.29998779296875,77.4000015258789,18.000000000029104,64.53315953213136,passive,
1.0,803.363,803.369,868.5,425.0,882.0999755859375,437.6000061035156,48.400001525878906,5.999999999971806,18.53967339913859,passive,
1.0,803.536,803.618,882.4000244140625,446.1000061035156,875.2000122070312,317.5,480.20001220703125,82.00000000010732,128.8014042842921,passive,
1.0,804.105,804.252,847.5,721.7999877929688,868.0999755859375,610.2999877929688,416.20001220703125,146.99999999993452,113.38698776376953,passive,
1.0,804.425,804.44,866.4000244140625,643.5,854.9000244140625,695.2999877929688,80.80000305175781,15.000000000100044,53.061179174154354,passive,
1.0,804.571,804.612,855.7999877929688,705.5,879.7000122070312,376.5,206.5,40.99999999993997,329.8669597989359,passive,
1.0,804.779,804.794,867.9000244140625,361.8999938964844,874.4000244140625,305.29998779296875,90.5,14.999999999986358,56.972016735569454,passive,
1.0,804.932,805.13,860.0,318.6000061035156,1016.2000122070312,427.79998779296875,380.0,197.99999999997908,190.5861480130537,passive,
1.0,805.267,805.293,1004.4000244140625,440.3999938964844,913.0,375.3999938964844,119.9000015258789,25.999999999953616,112.1559827333844,passive,
1.0,805.454,805.673,826.5999755859375,266.0,833.9000244140625,270.5,188.8000030517578,219.00000000005093,8.575588195162428,passive,
1.0,805.736,805.863,822.5,324.1000061035156,849.5999755859375,291.6000061035156,309.79998779296875,127.0000000000664,42.316175119667996,passive,
1.0,806.18,806.562,473.3999938964844,387.70001220703125,495.8999938964844,387.1000061035156,11.100000381469727,382.00000000006185,22.507998740986636,passive,
1.0,806.588,806.646,473.3999938964844,387.70001220703125,495.8999938964844,387.1000061035156,0.0,57.999999999992724,22.507998740986636,passive,
1.0,806.769,806.869,501.1000061035156,385.8999938964844,501.6000061035156,383.8999938964844,62.0,100.00000000002274,2.0615528128088303,passive,
1.0,806.972,807.031,885.2999877929688,372.70001220703125,1173.5999755859375,698.2000122070312,204.0,58.99999999996908,434.8185057715758,passive,
1.0,807.332,807.494,1154.4000244140625,719.7999877929688,816.2000122070312,505.5,412.0,162.00000000003456,400.379486268843,passive,
1.0,807.542,807.776,791.0999755859375,530.9000244140625,842.7999877929688,447.79998779296875,319.20001220703125,233.9999999999236,97.8698490273399,passive,
1.0,808.267,808.284,820.9000244140625,488.0,866.9000244140625,444.6000061035156,79.4000015258789,16.999999999939064,63.24207041372761,passive,
1.0,808.443,808.495,868.0,408.20001220703125,494.8999938964844,385.70001220703125,173.39999389648438,52.00000000002092,373.7778277994073,passive,
1.0,808.652,808.66,504.29998779296875,386.5,530.2000122070312,378.6000061035156,59.20000076293945,7.999999999924512,27.07805695048158,passive,
1.0,808.699,808.899,524.4000244140625,372.5,987.7000122070312,446.5,365.20001220703125,200.00000000004547,469.1725468193605,passive,
1.0,808.936,809.066,970.0,472.6000061035156,970.0,432.0,447.1000061035156,129.99999999999545,40.600006103515625,passive,
1.0,809.232,809.251,969.0999755859375,467.20001220703125,1034.5,500.79998779296875,119.69999694824219,19.000000000005457,73.5263323764729,passive,
1.0,809.519,809.528,1021.5,517.2999877929688,997.0999755859375,499.29998779296875,58.70000076293945,9.000000000014552,30.320969499784237,passive,
1.0,809.653,809.675,992.5999755859375,507.29998779296875,949.4000244140625,439.6000061035156,94.5,21.999999999934516,80.30892417412073,passive,
1.0,810.059,810.101,920.0,421.3999938964844,553.7999877929688,373.0,228.0,42.00000000003001,369.38463469615186,passive,
1.0,810.594,810.634,535.2999877929688,392.20001220703125,935.7999877929688,404.70001220703125,270.29998779296875,39.99999999996362,400.69502118194583,passive,
1.0,811.17,811.194,926.2999877929688,428.5,1017.2999877929688,487.79998779296875,123.4000015258789,24.00000000000091,108.61624442157003,passive,
1.0,811.472,811.498,1034.800048828125,513.7000122070312,872.2000122070312,514.4000244140625,174.1999969482422,26.000000000067303,162.60154343139249,passive,
1.0,811.621,811.745,823.7000122070312,514.0999755859375,817.7999877929688,440.20001220703125,484.3999938964844,124.00000000002365,74.13511229835845,passive,
1.0,812.528,812.695,603.5,401.8999938964844,589.4000244140625,444.20001220703125,366.1000061035156,167.00000000003,44.5881246588891,passive,
1.0,812.836,812.883,581.4000244140625,441.5,1031.9000244140625,429.29998779296875,262.70001220703125,47.000000000025466,450.6651642825876,passive,
1.0,813.14,813.297,779.7000122070312,417.5,784.4000244140625,419.70001220703125,136.1999969482422,157.0000000000391,5.189428528974002,passive,
1.0,813.335,813.464,768.0,455.0,772.7000122070312,402.20001220703125,377.70001220703125,129.0000000000191,53.00876178221758,passive,
1.0,813.606,813.63,768.9000244140625,431.6000061035156,897.2000122070312,465.6000061035156,153.6999969482422,24.00000000000091,132.7286211322785,passive,
1.0,814.061,814.098,923.2999877929688,491.70001220703125,641.4000244140625,448.0,184.60000610351562,36.999999999920874,285.26703353160764,passive,
1.0,814.333,814.384,614.5,439.29998779296875,1084.800048828125,430.70001220703125,252.5,51.000000000044565,470.37867246274624,passive,
1.0,814.657,814.686,1062.0,424.20001220703125,1229.699951171875,420.1000061035156,148.1999969482422,28.999999999996362,167.75006310907344,passive,
1.0,814.911,814.922,1257.300048828125,416.6000061035156,1292.0,403.1000061035156,62.900001525878906,11.000000000080945,37.23354148251962,passive,
1.0,815.001,815.044,1304.4000244140625,396.70001220703125,1203.4000244140625,697.7999877929688,196.1999969482422,43.00000000000637,317.58809061086055,passive,
1.0,815.241,815.251,1201.699951171875,711.7000122070312,1215.0,733.0999755859375,45.099998474121094,9.999999999990905,25.19622454751977,passive,
1.0,815.344,815.397,1214.0999755859375,738.0,791.9000244140625,424.70001220703125,269.5,52.99999999999727,525.7467842227929,passive,
1.0,815.584,815.603,785.0,428.1000061035156,827.5,477.5,101.5,19.000000000005457,65.16601412525316,passive,
1.0,815.774,815.895,808.5999755859375,495.1000061035156,811.2999877929688,368.0,337.3999938964844,120.9999999999809,127.12868133285984,passive,
1.0,816.5,816.521,811.0,390.8999938964844,813.2999877929688,483.0,97.4000015258789,20.999999999958163,92.12872010462004,passive,
1.0,816.58,816.742,764.5999755859375,581.2000122070312,788.9000244140625,553.2999877929688,403.29998779296875,161.99999999992087,36.998699103543395,passive,
1.0,816.84,816.858,785.2999877929688,546.5999755859375,846.7999877929688,496.0,129.1999969482422,17.999999999915417,79.64048925827535,passive,
1.0,817.35,817.392,852.7999877929688,474.0,585.5999755859375,599.4000244140625,173.5,42.00000000003001,295.1626884389101,passive,
1.0,817.554,817.601,581.9000244140625,609.9000244140625,1043.9000244140625,675.2000122070312,263.8999938964844,47.000000000025466,466.5919935079918,passive,
1.0,817.723,817.845,1016.0,675.0,651.2000122070312,690.7000122070312,132.3000030517578,122.00000000007094,365.13767468867286,passive,
1.0,818.046,818.063,646.7999877929688,701.2000122070312,720.0,716.0999755859375,92.0999984741211,16.999999999939064,74.70107560003585,passive,
1.0,818.212,818.244,725.4000244140625,715.5999755859375,786.0999755859375,522.2000122070312,177.1999969482422,32.00000000003911,202.7018251206197,passive,
1.0,818.35,818.567,805.0999755859375,339.79998779296875,817.7999877929688,339.0,342.70001220703125,216.99999999998454,12.725183320001397,passive,
1.0,818.677,818.777,793.9000244140625,391.79998779296875,831.0999755859375,401.1000061035156,390.5,100.00000000002274,38.34483938897634,passive,
1.0,819.16,819.186,837.7999877929688,419.5,922.0999755859375,530.2999877929688,127.9000015258789,26.000000000067303,139.22329272365565,passive,
1.0,819.29,819.681,370.70001220703125,275.0,842.7000122070312,552.9000244140625,374.70001220703125,391.0000000000764,547.7338985030382,passive,
1.0,819.73,819.845,781.7000122070312,559.2999877929688,789.2999877929688,588.9000244140625,271.8999938964844,115.0000000000091,30.560134110912163,passive,
1.0,819.929,819.97,778.4000244140625,607.7999877929688,1169.300048828125,651.9000244140625,324.1000061035156,41.00000000005366,393.3797685658179,passive,
1.0,820.133,820.153,1153.199951171875,664.5999755859375,1082.300048828125,709.0,111.30000305175781,19.99999999998181,83.65499578819326,passive,
1.0,820.422,820.656,1081.300048828125,719.5999755859375,807.4000244140625,417.6000061035156,176.60000610351562,233.9999999999236,407.7072539720231,passive,
1.0,820.719,820.838,773.4000244140625,470.3999938964844,795.5999755859375,487.1000061035156,413.1000061035156,118.99999999991451,27.77999711570588,passive,
1.0,821.04,821.077,795.0999755859375,506.5,1066.0,572.5,222.8000030517578,37.00000000003456,278.8240004510725,passive,
1.0,821.206,821.244,1052.0,577.0999755859375,765.0,491.5,200.1999969482422,38.000000000010914,299.4934987947369,passive,
1.0,821.395,821.53,743.0999755859375,502.79998779296875,748.5,476.3999938964844,374.0,134.9999999999909,26.94661280025531,passive,
1.0,821.755,821.776,734.2999877929688,478.20001220703125,830.0999755859375,494.20001220703125,126.0,20.999999999958163,97.1269152250444,passive,
1.0,822.301,822.319,817.4000244140625,489.5,834.5999755859375,455.70001220703125,42.099998474121094,17.999999999915417,37.9246291362186,passive,
1.0,822.74,822.878,811.5,451.0,777.2000122070312,448.8999938964844,442.8999938964844,138.00000000003365,34.364213772944204,passive,
1.0,823.215,823.235,779.5999755859375,473.3999938964844,738.5999755859375,443.1000061035156,62.0,19.99999999998181,50.98126381577898,passive,
1.0,823.434,823.727,729.0999755859375,435.3999938964844,833.2000122070312,391.0,487.5,293.00000000000637,113.1732171607793,passive,
1.0,824.162,824.177,829.2000122070312,429.6000061035156,791.7000122070312,456.29998779296875,65.5999984741211,14.999999999986358,46.03410716215893,passive,
1.0,824.463,824.514,779.5,456.79998779296875,1293.199951171875,432.1000061035156,296.70001220703125,51.000000000044565,514.2934268775424,passive,
1.0,824.689,824.74,1277.199951171875,427.5,710.9000244140625,435.79998779296875,290.8999938964844,51.000000000044565,566.3607479718798,passive,
1.0,824.981,825.143,841.9000244140625,345.3999938964844,838.9000244140625,348.8999938964844,279.29998779296875,162.00000000003456,4.6097722286464435,passive,
1.0,825.408,825.528,835.7999877929688,394.20001220703125,844.2000122070312,368.79998779296875,504.70001220703125,120.00000000000455,26.752974608290142,passive,
1.0,825.705,825.724,838.7999877929688,414.1000061035156,852.2999877929688,494.70001220703125,103.30000305175781,19.000000000005457,81.72276906644045,passive,
1.0,826.476,826.512,847.4000244140625,517.7000122070312,740.2999877929688,326.0,141.89999389648438,35.99999999994452,219.58896266528413,passive,
1.0,826.642,826.659,718.0999755859375,300.3999938964844,725.9000244140625,231.0,126.0999984741211,16.999999999939064,69.83695235728148,passive,
1.0,827.008,827.123,706.5,265.8999938964844,578.4000244140625,585.2999877929688,514.4000244140625,115.0000000000091,344.1307307495104,passive,
1.0,827.294,827.307,583.0,582.2999877929688,587.4000244140625,634.0,79.19999694824219,13.000000000033651,51.88691045968652,passive,
1.0,827.526,827.758,577.0,628.2999877929688,723.5999755859375,394.5,106.4000015258789,232.00000000008458,275.9601187378166,passive,
1.0,827.835,827.938,683.4000244140625,450.1000061035156,703.0,410.5,354.0,102.9999999999518,44.185059990542285,passive,
1.0,828.141,828.15,700.0999755859375,437.20001220703125,723.0999755859375,451.3999938964844,53.79999923706055,9.000000000014552,27.030343689653744,passive,
1.0,828.298,828.325,725.5999755859375,460.6000061035156,726.5,273.1000061035156,198.39999389648438,27.000000000043656,187.50216010474628,passive,
1.0,828.782,828.923,694.7000122070312,292.5,1141.0,299.79998779296875,461.79998779296875,140.9999999999627,446.3596855964722,passive,
1.0,829.09,829.133,1125.9000244140625,312.79998779296875,733.7999877929688,422.0,252.10000610351562,43.00000000000637,407.02221239666864,passive,
1.0,829.404,829.424,730.4000244140625,418.0,763.5999755859375,367.79998779296875,67.80000305175781,19.99999999998181,60.1853635313518,passive,
1.0,829.678,829.793,758.0999755859375,355.1000061035156,762.9000244140625,291.1000061035156,476.29998779296875,115.0000000000091,64.17975123629246,passive,
1.0,830.012,830.05,757.0999755859375,323.29998779296875,995.0,351.70001220703125,171.0,38.000000000010914,239.5891963401749,passive,
1.0,830.259,830.27,980.2999877929688,356.5,1019.2999877929688,363.20001220703125,72.19999694824219,10.999999999967258,39.571330070827386,passive,
1.0,830.494,830.529,1006.4000244140625,361.20001220703125,762.4000244140625,309.20001220703125,175.60000610351562,34.99999999996817,249.47945807220282,passive,
1.0,830.719,830.726,717.7000122070312,296.20001220703125,711.4000244140625,278.0,45.79999923706055,6.999999999948159,19.25955063150856,passive,
1.0,831.147,831.172,709.5,278.20001220703125,763.7000122070312,366.8999938964844,106.5999984741211,24.999999999977263,103.9486800058166,passive,
1.0,831.289,831.405,755.7999877929688,426.8999938964844,831.2999877929688,422.1000061035156,359.5,115.99999999998545,75.65242813560349,passive,
1.0,831.773,831.792,823.5,457.8999938964844,806.2000122070312,409.79998779296875,60.20000076293945,19.000000000005457,51.116535140745874,passive,
1.0,832.202,832.224,791.2999877929688,384.1000061035156,849.0999755859375,487.79998779296875,144.3000030517578,22.000000000048203,118.72036384403583,passive,
1.0,832.266,832.497,960.7000122070312,691.7000122070312,1012.2999877929688,541.5999755859375,578.0,230.99999999999454,158.72170133325508,passive,
1.0,832.692,832.938,960.7000122070312,691.7000122070312,1012.2999877929688,541.5999755859375,0.0,245.9999999999809,158.72170133325508,passive,
1.0,833.005,833.074,81.4000015258789,288.6000061035156,972.2000122070312,420.20001220703125,386.79998779296875,68.99999999995998,900.4683340551107,passive,
1.0,833.127,833.173,940.7000122070312,413.20001220703125,1352.9000244140625,524.2999877929688,301.8999938964844,46.00000000004911,426.90989053742084,passive,
1.0,833.271,833.376,1316.5999755859375,532.0,1325.5,503.5,572.0999755859375,105.00000000001819,29.857334686319685,passive,
1.0,833.63,833.681,1320.4000244140625,531.7999877929688,878.0,594.9000244140625,264.0,51.000000000044565,446.87738387967954,passive,
1.0,833.876,833.996,875.2999877929688,605.7999877929688,826.9000244140625,431.8999938964844,488.20001220703125,120.00000000000455,180.5097347299496,passive,
1.0,834.185,834.204,804.2000122070312,481.1000061035156,849.5999755859375,507.29998779296875,95.69999694824219,19.000000000005457,52.41751344096463,passive,
1.0,834.348,834.354,834.7999877929688,509.29998779296875,825.0,518.7999877929688,37.900001525878906,6.0000000000854925,13.648800707107439,passive,
1.0,834.627,834.651,824.0,507.20001220703125,770.2000122070312,428.29998779296875,85.30000305175781,24.00000000000091,95.49687188103726,passive,
1.0,835.076,835.099,746.9000244140625,390.29998779296875,828.5999755859375,451.20001220703125,131.6999969482422,23.000000000024556,101.90041705076662,passive,
1.0,835.166,835.299,825.2999877929688,492.8999938964844,602.5,544.7000122070312,384.20001220703125,132.9999999999245,228.7423801081033,passive,
1.0,835.692,835.736,579.9000244140625,553.5999755859375,904.5,572.2999877929688,193.1999969482422,43.99999999998272,325.13817771362125,passive,
1.0,835.895,835.936,891.9000244140625,573.0,1153.699951171875,629.0,191.10000610351562,41.00000000005366,267.7222472085501,passive,
1.0,836.07,836.231,1143.4000244140625,622.0,777.9000244140625,573.4000244140625,492.6000061035156,160.99999999994452,368.7169749644756,passive,
1.0,836.397,836.588,868.0,384.1000061035156,873.7000122070312,411.1000061035156,242.39999389648438,190.99999999991724,27.595110783620804,passive,
1.0,836.814,836.852,856.4000244140625,433.79998779296875,1151.800048828125,411.20001220703125,213.8000030517578,38.000000000010914,296.26328378709655,passive,
1.0,837.064,837.234,1134.5999755859375,419.3999938964844,734.5999755859375,359.70001220703125,130.8000030517578,170.00000000007276,404.43057230348086,passive,
1.0,837.566,837.678,729.0999755859375,426.70001220703125,820.0,412.79998779296875,311.3999938964844,111.99999999996635,91.95664803149738,passive,
1.0,837.857,837.902,822.9000244140625,449.20001220703125,442.5,516.9000244140625,258.6000061035156,45.00000000007276,386.37736764341093,passive,
1.0,838.301,838.353,442.70001220703125,520.0,1042.199951171875,501.20001220703125,327.29998779296875,51.99999999990723,599.7946451577133,passive,
1.0,838.78,838.823,1020.9000244140625,509.1000061035156,1288.9000244140625,482.70001220703125,160.1999969482422,43.00000000000637,269.29715868856545,passive,
1.0,839.129,839.247,1268.199951171875,500.1000061035156,767.2000122070312,457.79998779296875,371.1000061035156,117.99999999993815,502.7824881515363,passive,
1.0,839.448,839.469,755.7999877929688,496.3999938964844,852.5999755859375,506.6000061035156,119.69999694824219,21.00000000007185,97.335902347194,passive,
1.0,839.728,839.869,833.9000244140625,458.20001220703125,827.7000122070312,483.29998779296875,358.6000061035156,141.0000000000764,25.85437923799361,passive,
1.0,840.629,840.646,833.2999877929688,509.70001220703125,789.4000244140625,478.1000061035156,61.5,16.999999999939064,54.090361159928804,passive,
1.0,840.808,840.931,774.7999877929688,481.6000061035156,739.7000122070312,475.3999938964844,311.1000061035156,123.0000000000473,35.64335053696194,passive,
1.0,840.972,841.3,729.5999755859375,500.1000061035156,743.4000244140625,477.1000061035156,415.8999938964844,327.99999999997453,26.82240383818412,passive,
1.0,841.606,841.619,748.5999755859375,539.4000244140625,774.9000244140625,571.0,64.0,13.000000000033651,41.112662591878006,passive,
1.0,841.819,841.831,766.0999755859375,594.4000244140625,752.7000122070312,629.7999877929688,65.0,12.000000000057298,37.851240742991926,passive,
1.0,842.019,842.035,756.7000122070312,627.7000122070312,758.7000122070312,684.9000244140625,74.4000015258789,15.99999999996271,57.23496655441081,passive,
1.0,842.467,842.492,752.5,681.7999877929688,743.5999755859375,576.9000244140625,104.0999984741211,24.999999999977263,105.27683862781396,passive,
1.0,842.67,842.722,738.5,562.5999755859375,1240.4000244140625,601.4000244140625,284.6000061035156,52.00000000002092,503.3975350514754,passive,
1.0,842.901,842.951,1223.5999755859375,609.7000122070312,769.0999755859375,495.20001220703125,258.5,50.00000000006821,468.7008640913733,passive,
1.0,843.203,843.217,760.9000244140625,505.1000061035156,766.0999755859375,455.20001220703125,76.69999694824219,14.000000000010004,50.170199153073554,passive,
1.0,843.366,843.474,759.2000122070312,456.1000061035156,771.7999877929688,460.3999938964844,360.29998779296875,108.00000000006094,13.313499907458644,passive,
1.0,843.793,843.803,781.2999877929688,470.3999938964844,811.5,483.70001220703125,60.29999923706055,9.999999999990905,32.9989579284819,passive,
1.0,844.045,844.057,806.4000244140625,488.6000061035156,765.5,499.0,74.9000015258789,12.000000000057298,42.201562413230874,passive,
1.0,844.317,844.414,753.9000244140625,517.7999877929688,770.0,440.6000061035156,456.5,96.99999999997999,78.86093067368455,passive,
1.0,844.608,844.708,754.5,485.70001220703125,777.4000244140625,416.0,368.8999938964844,100.00000000002274,73.36554245573983,passive,
1.0,844.885,845.005,771.2999877929688,483.29998779296875,792.7999877929688,414.70001220703125,421.70001220703125,120.00000000000455,71.89024029999636,passive,
1.0,845.156,845.173,791.5,454.20001220703125,843.0,506.3999938964844,102.5,17.00000000005275,73.3286307548371,passive,
1.0,845.237,845.422,833.0999755859375,469.0,829.2000122070312,491.70001220703125,353.70001220703125,185.00000000005912,23.03259144247945,passive,
1.0,845.668,845.673,820.2999877929688,498.79998779296875,832.9000244140625,498.70001220703125,42.70000076293945,4.9999999999954525,12.600433245356571,passive,
1.0,846.124,846.147,826.4000244140625,498.20001220703125,816.5999755859375,419.6000061035156,82.69999694824219,23.000000000024556,79.20859749109516,passive,
1.0,846.212,846.332,811.0,396.8999938964844,824.0,363.20001220703125,432.3999938964844,120.00000000000455,36.12047571488332,passive,
1.0,846.499,846.505,824.5999755859375,395.3999938964844,838.0,392.3999938964844,39.79999923706055,5.999999999971806,13.731738939313951,passive,
1.0,846.596,846.924,326.8999938964844,131.0,346.20001220703125,169.6999969482422,283.79998779296875,327.99999999997453,43.24558324940709,passive,
1.0,846.989,847.004,325.5,181.3000030517578,293.29998779296875,213.0,67.5999984741211,14.999999999986358,45.185513083858254,passive,
1.0,847.106,847.159,293.70001220703125,243.89999389648438,766.2000122070312,510.5,356.3999938964844,52.99999999999727,542.5235600915361,passive,
1.0,847.257,847.376,796.5,476.0,804.4000244140625,465.29998779296875,259.3999938964844,119.0000000000282,13.3004002561352,passive,
1.0,847.569,847.578,800.7999877929688,488.0,773.5,488.3999938964844,53.79999923706055,9.000000000014552,27.302917950531725,passive,
1.0,847.724,847.747,770.2999877929688,488.20001220703125,771.2999877929688,604.2000122070312,146.3000030517578,22.99999999991087,116.00431026474836,passive,
1.0,847.923,847.949,765.0999755859375,622.0,839.4000244140625,465.0,173.3000030517578,25.999999999953616,173.6936880138762,passive,
1.0,848.129,848.137,835.7000122070312,414.5,847.5,392.1000061035156,52.79999923706055,7.999999999924512,25.317966712924417,passive,
1.0,848.441,848.478,844.5,397.70001220703125,1101.0999755859375,433.29998779296875,183.39999389648438,36.999999999920874,259.0577266410386,passive,
1.0,848.633,848.751,1101.800048828125,451.29998779296875,1117.800048828125,440.29998779296875,347.3999938964844,117.99999999993815,19.4164878389476,passive,
1.0,848.903,848.923,1106.5,466.5,1155.9000244140625,549.0,103.19999694824219,19.99999999998181,96.15930746480015,passive,
1.0,849.128,849.153,1159.4000244140625,566.2999877929688,1053.0999755859375,598.9000244140625,133.5,24.999999999977263,111.18661236209337,passive,
1.0,849.347,849.366,1027.5,595.2999877929688,949.0,586.9000244140625,110.9000015258789,19.000000000005457,78.94814364357762,passive,
1.0,849.565,849.589,923.5,576.5999755859375,1010.0999755859375,525.9000244140625,93.19999694824219,24.00000000000091,100.3495930251612,passive,
1.0,849.745,849.767,1073.0999755859375,497.79998779296875,1133.300048828125,414.3999938964844,140.8000030517578,22.000000000048203,102.85722045777034,passive,
1.0,849.986,849.994,1134.199951171875,392.6000061035156,1133.4000244140625,418.1000061035156,54.20000076293945,8.000000000038199,25.51254363676551,passive,
1.0,850.225,850.393,1125.9000244140625,434.70001220703125,909.7999877929688,481.20001220703125,273.8999938964844,168.00000000000637,221.04632054761296,passive,
1.0,850.557,850.57,898.4000244140625,513.2999877929688,847.7999877929688,519.7000122070312,83.0999984741211,13.000000000033651,51.003176553589526,passive,
1.0,851.044,851.063,846.7999877929688,539.9000244140625,845.2999877929688,488.70001220703125,53.599998474121094,19.000000000005457,51.22198014524769,passive,
1.0,851.136,851.159,841.9000244140625,473.3999938964844,967.5999755859375,446.20001220703125,154.1999969482422,23.000000000024556,128.60916269270376,passive,
1.0,851.874,852.011,929.7999877929688,510.70001220703125,815.0,863.5999755859375,344.79998779296875,136.9999999999436,371.10297944115075,passive,
1.0,852.141,852.162,823.7000122070312,861.5999755859375,898.5999755859375,844.5999755859375,123.19999694824219,21.00000000007185,76.8049771444631,passive,
1.0,852.357,852.364,887.5,843.4000244140625,912.2000122070312,835.9000244140625,57.400001525878906,7.000000000061846,25.813574007244576,passive,
1.0,852.518,852.535,909.2999877929688,840.5999755859375,842.5999755859375,850.5999755859375,108.5999984741211,16.999999999939064,67.44547151898426,passive,
1.0,852.708,852.757,835.0,855.0,952.2000122070312,435.8999938964844,264.0,48.99999999997817,435.1788804357297,passive,
1.0,852.846,853.073,943.2999877929688,450.29998779296875,960.0,398.29998779296875,461.20001220703125,226.99999999997544,54.61584392568692,passive,
1.0,853.158,853.261,951.7999877929688,413.79998779296875,957.7000122070312,362.29998779296875,443.8999938964844,102.9999999999518,51.83686225155351,passive,
1.0,853.299,853.412,948.9000244140625,388.79998779296875,940.0999755859375,393.29998779296875,369.79998779296875,113.00000000005639,9.883868644280144,passive,
1.0,853.557,853.582,949.5,423.79998779296875,842.0999755859375,492.79998779296875,134.60000610351562,24.999999999977263,127.65486768682666,passive,
1.0,853.735,853.745,821.0,519.5999755859375,856.4000244140625,524.2000122070312,69.19999694824219,9.999999999990905,35.69764789774845,passive,
1.0,854.398,854.416,834.4000244140625,501.3999938964844,848.5,454.79998779296875,50.099998474121094,18.000000000029104,48.68644452382744,passive,
1.0,854.575,854.717,842.5,452.1000061035156,804.4000244140625,373.5,158.8000030517578,141.99999999993906,87.3474046501768,passive,
1.0,854.793,854.916,711.5999755859375,369.8999938964844,725.9000244140625,341.20001220703125,346.29998779296875,123.0000000000473,32.06525137063023,passive,
1.0,854.98,855.115,748.2000122070312,371.3999938964844,761.0,366.29998779296875,326.1000061035156,134.9999999999909,13.778597525003974,passive,
1.0,855.232,855.294,757.5999755859375,363.8999938964844,1422.300048828125,765.2000122070312,353.8999938964844,62.00000000001182,776.4456787594446,passive,
1.0,855.564,855.733,1373.800048828125,793.4000244140625,711.7999877929688,430.29998779296875,316.70001220703125,168.99999999998272,755.0402091311364,passive,
1.0,855.829,855.962,806.2000122070312,472.0,825.2999877929688,369.5,436.5,133.0000000000382,104.26437103528419,passive,
1.0,856.532,856.544,822.0,402.8999938964844,865.2000122070312,403.79998779296875,73.9000015258789,11.999999999943611,43.20938606022259,passive,
1.0,856.722,856.828,850.0,405.5,828.9000244140625,332.6000061035156,255.39999389648438,105.99999999999454,75.89214768231703,passive,
1.0,857.156,857.167,826.0999755859375,364.6000061035156,861.0999755859375,373.1000061035156,62.0,11.000000000080945,36.01735692690401,passive,
1.0,858.187,858.196,859.7999877929688,373.29998779296875,828.7999877929688,370.1000061035156,63.29999923706055,9.000000000014552,31.164721766972914,passive,
1.0,858.521,858.632,815.7000122070312,389.8999938964844,846.9000244140625,357.29998779296875,359.3999938964844,110.99999999999,45.12428569704073,passive,
1.0,859.03,859.051,847.4000244140625,392.8999938964844,836.2999877929688,478.6000061035156,98.5999984741211,21.00000000007185,86.41587183657252,passive,
1.0,859.175,859.184,835.5999755859375,485.70001220703125,835.2000122070312,509.79998779296875,51.29999923706055,9.000000000014552,24.10329425508575,passive,
1.0,860.029,860.034,816.5999755859375,486.8999938964844,822.2999877929688,471.8999938964844,43.900001525878906,4.9999999999954525,16.046499280537958,passive,
1.0,860.145,860.271,599.2000122070312,444.5,620.2999877929688,426.8999938964844,478.79998779296875,125.99999999997635,27.476702578201515,passive,
1.0,860.406,860.424,619.2000122070312,427.6000061035156,681.5,437.1000061035156,81.4000015258789,18.000000000029104,63.02014343845986,passive,
1.0,861.025,861.039,679.7999877929688,462.1000061035156,729.5,462.29998779296875,73.5999984741211,14.000000000010004,49.70041454610989,passive,
1.0,861.198,861.24,737.0999755859375,458.70001220703125,423.1000061035156,612.5999755859375,225.3000030517578,42.00000000003001,349.68725965209336,passive,
1.0,861.411,861.419,411.1000061035156,623.2999877929688,380.29998779296875,622.2000122070312,66.0999984741211,8.000000000038199,30.819654024983496,passive,
1.0,861.528,861.72,503.3999938964844,519.2999877929688,486.79998779296875,589.5999755859375,124.19999694824219,192.00000000000728,72.2332920911702,passive,
1.0,861.785,861.906,473.5,609.2000122070312,469.70001220703125,600.4000244140625,366.0,120.9999999999809,9.585389526936844,passive,
1.0,862.154,862.212,476.5,629.5999755859375,1176.300048828125,489.5,370.5,57.999999999992724,713.6862836702317,passive,
1.0,862.428,862.464,1161.800048828125,496.5,856.7000122070312,486.0,245.39999389648438,36.00000000005821,305.2806615987864,passive,
1.0,862.596,862.709,848.2999877929688,487.5,787.0,504.1000061035156,352.1000061035156,112.9999999999427,63.507863340336634,passive,
1.0,862.853,862.865,780.7999877929688,502.70001220703125,821.7000122070312,513.9000244140625,79.80000305175781,12.000000000057298,42.40580467941338,passive,
1.0,863.371,863.394,828.4000244140625,515.2999877929688,766.2000122070312,421.29998779296875,124.5,23.000000000024556,112.71575541402736,passive,
1.0,863.491,863.523,755.5,411.20001220703125,615.7999877929688,559.2999877929688,171.3000030517578,32.00000000003911,203.59198456520818,passive,
1.0,863.64,863.68,596.4000244140625,589.2000122070312,909.7999877929688,576.9000244140625,246.0,39.99999999996362,313.64123891096807,passive,
1.0,863.807,863.851,900.4000244140625,578.0999755859375,547.0,568.2999877929688,204.39999389648438,43.99999999998272,353.5358779764825,passive,
1.0,863.964,864.137,547.4000244140625,589.2999877929688,520.4000244140625,566.0,427.70001220703125,172.99999999988813,35.6635588682971,passive,
1.0,864.221,864.448,518.0,566.2000122070312,846.2000122070312,286.0,232.8000030517578,226.99999999997544,431.5406062626273,passive,
1.0,864.578,864.686,800.5,364.0,861.7999877929688,387.0,409.70001220703125,108.00000000006094,65.47280735861352,passive,
1.0,864.794,864.82,858.7999877929688,422.29998779296875,964.7000122070312,547.0999755859375,193.39999389648438,26.000000000067303,163.67605849367274,passive,
1.0,865.022,865.413,787.4000244140625,383.70001220703125,793.5999755859375,367.0,532.0,390.9999999999627,17.813753176931215,passive,
1.0,865.452,865.635,787.4000244140625,383.70001220703125,793.5999755859375,367.0,0.0,182.99999999999272,17.813753176931215,passive,
1.0,865.879,865.897,787.9000244140625,553.2999877929688,851.0999755859375,535.2000122070312,95.9000015258789,18.000000000029104,65.74072515829832,passive,
1.0,866.073,866.079,838.5,542.9000244140625,822.2000122070312,537.2000122070312,45.29999923706055,5.999999999971806,17.267881781250285,passive,
1.0,866.264,866.281,810.7000122070312,502.0,808.2000122070312,434.3999938964844,92.19999694824219,16.999999999939064,67.64621811450623,passive,
1.0,866.754,866.777,799.0,402.5,699.5999755859375,393.8999938964844,107.19999694824219,23.000000000024556,99.7713634190529,passive,
1.0,866.869,866.982,665.7000122070312,380.8999938964844,670.0,369.8999938964844,207.6999969482422,112.9999999999427,11.810584025342704,passive,
1.0,867.358,867.384,665.7000122070312,380.8999938964844,670.0,369.8999938964844,0.0,26.000000000067303,11.810584025342704,passive,
1.0,867.406,867.515,654.9000244140625,397.5,667.7999877929688,329.20001220703125,256.20001220703125,109.00000000003729,69.50753475485088,passive,
1.0,867.554,867.811,659.7000122070312,356.20001220703125,665.7999877929688,375.20001220703125,293.6000061035156,257.00000000006185,19.955192360612152,passive,
1.0,867.87,867.991,656.7000122070312,387.6000061035156,666.5,368.5,391.8999938964844,120.9999999999809,21.467417028992347,passive,
1.0,868.157,868.389,656.7000122070312,387.6000061035156,666.5,368.5,0.0,231.9999999999709,21.467417028992347,passive,
1.0,868.471,868.643,656.7000122070312,387.6000061035156,666.5,368.5,0.0,172.00000000002547,21.467417028992347,passive,
1.0,868.9,869.018,812.2000122070312,505.3999938964844,747.5999755859375,369.8999938964844,164.8000030517578,118.00000000005184,150.1113411153423,passive,
1.0,869.159,869.386,731.0999755859375,418.70001220703125,738.0,412.6000061035156,19.399999618530273,226.99999999997544,9.209799746877584,passive,
1.0,869.492,869.515,935.9000244140625,541.9000244140625,1065.5999755859375,579.5,162.60000610351562,23.000000000024556,135.040125511086,passive,
1.0,869.694,869.72,1085.199951171875,566.9000244140625,1241.9000244140625,619.2999877929688,162.1999969482422,26.000000000067303,165.2291412439635,passive,
1.0,870.005,870.071,1270.5999755859375,614.2000122070312,489.5,591.0999755859375,318.6000061035156,66.00000000003092,781.441478008589,passive,
1.0,870.249,870.264,498.29998779296875,591.7000122070312,438.5,566.2000122070312,105.0,14.999999999986358,65.00991109084222,passive,
1.0,870.402,870.456,411.3999938964844,554.9000244140625,1096.4000244140625,525.7000122070312,344.0,53.999999999973625,685.6221135012885,passive,
1.0,870.696,870.819,1059.800048828125,546.5999755859375,479.8999938964844,594.7000122070312,532.4000244140625,122.9999999999336,581.891473758355,passive,
1.0,870.983,871.008,487.8999938964844,614.5,624.9000244140625,627.5,183.8000030517578,25.00000000009095,137.61543649539226,passive,
1.0,871.168,871.177,629.5999755859375,630.2000122070312,604.0,623.5999755859375,52.099998474121094,9.000000000014552,26.437080652000414,passive,
1.0,871.277,871.322,599.7000122070312,624.2000122070312,1038.199951171875,542.9000244140625,279.0,44.99999999995907,445.9729638524162,passive,
1.0,871.543,871.555,1024.9000244140625,555.7000122070312,1070.5999755859375,558.7999877929688,74.69999694824219,11.999999999943611,45.80497119031042,passive,
1.0,871.7,871.833,1051.699951171875,565.2000122070312,517.7999877929688,545.5999755859375,464.29998779296875,132.9999999999245,534.2596113609428,passive,
1.0,872.02,872.04,513.5999755859375,557.2000122070312,435.29998779296875,550.0999755859375,100.80000305175781,19.99999999998181,78.621235098413,passive,
1.0,872.217,872.267,410.0,548.9000244140625,1002.7000122070312,533.5999755859375,331.5,50.00000000006821,592.897458220524,passive,
1.0,872.404,872.59,975.2000122070312,546.9000244140625,990.7000122070312,506.0,292.6000061035156,186.00000000003547,43.73856418620653,passive,
1.0,872.767,872.982,803.5,516.7999877929688,832.7999877929688,495.70001220703125,297.3999938964844,214.99999999991815,36.106761892965096,,
1.0,873.075,873.285,834.9000244140625,464.1000061035156,841.7000122070312,465.20001220703125,346.29998779296875,209.9999999999227,6.888384964002494,,
1.0,873.367,873.513,815.0999755859375,474.0,810.0999755859375,472.3999938964844,218.89999389648438,146.00000000007185,5.249763759569306,passive,
1.0,873.668,873.681,806.9000244140625,489.8999938964844,849.2000122070312,506.70001220703125,68.30000305175781,13.000000000033651,45.51405917428169,passive,
1.0,874.345,874.458,769.2000122070312,427.0,779.5,392.8999938964844,320.8999938964844,112.9999999999427,35.62162496005914,passive,
1.0,874.488,874.516,777.7999877929688,425.20001220703125,594.2999877929688,400.0,194.0,27.999999999906322,185.22227353975148,passive,
1.0,874.649,874.663,598.7999877929688,404.8999938964844,646.2000122070312,413.0,82.4000015258789,14.000000000010004,48.08713355286122,passive,
1.0,875.018,875.054,631.0,418.5,932.7000122070312,400.6000061035156,261.8999938964844,35.99999999994452,302.2305529677914,passive,
1.0,875.413,875.531,934.2999877929688,433.3999938964844,852.2999877929688,561.0999755859375,310.6000061035156,117.99999999993815,151.76061848676903,passive,
1.0,875.647,875.665,844.2999877929688,600.2000122070312,806.0,669.2999877929688,123.5999984741211,17.999999999915417,79.00440298438255,passive,
1.0,875.794,875.809,803.2000122070312,672.0999755859375,743.7000122070312,692.2999877929688,96.19999694824219,14.999999999986358,62.83542387192285,passive,
1.0,875.93,875.97,739.2000122070312,689.9000244140625,651.5,430.6000061035156,200.1999969482422,40.00000000007731,273.7294131746959,passive,
1.0,876.371,876.41,633.0999755859375,414.29998779296875,933.2999877929688,399.70001220703125,222.8000030517578,38.99999999998727,300.55483129740514,passive,
1.0,876.61,876.618,924.2000122070312,407.70001220703125,947.0999755859375,414.79998779296875,52.79999923706055,8.000000000038199,23.9753618549576,passive,
1.0,876.778,876.818,944.7999877929688,417.5,605.9000244140625,373.3999938964844,228.5,39.99999999996362,341.757217504699,passive,
1.0,876.949,876.965,583.2000122070312,379.29998779296875,640.7999877929688,418.79998779296875,105.5,16.000000000076398,69.84273181584892,passive,
1.0,877.228,877.285,638.5,415.20001220703125,1252.0999755859375,296.5,313.0,57.00000000001637,624.9756978771354,passive,
1.0,877.474,877.516,1232.0999755859375,305.6000061035156,884.4000244140625,460.79998779296875,250.39999389648438,41.99999999991633,380.76540068831207,passive,
1.0,877.63,877.766,855.2000122070312,495.6000061035156,771.7000122070312,441.70001220703125,131.1999969482422,135.99999999996726,99.38540809415159,passive,
1.0,877.953,877.973,760.2999877929688,440.70001220703125,841.5999755859375,477.0,126.5,19.99999999998181,89.03581935887684,passive,
1.0,878.216,878.222,836.5,491.3999938964844,843.7000122070312,479.6000061035156,40.0,5.999999999971806,13.823164894321797,passive,
1.0,878.343,878.381,863.0999755859375,484.0,657.7000122070312,384.0,157.60000610351562,38.000000000010914,228.44943632247384,passive,
1.0,878.499,878.541,651.5,381.0,971.9000244140625,242.60000610351562,226.60000610351562,42.00000000003001,349.0139452157732,passive,
1.0,878.764,878.904,970.4000244140625,236.6999969482422,929.7000122070312,360.3999938964844,527.2000122070312,139.99999999998636,130.22357789067087,passive,
1.0,879.07,879.103,933.2999877929688,370.6000061035156,719.4000244140625,389.1000061035156,161.89999389648438,32.999999999901775,214.69849634661495,passive,
1.0,879.618,879.657,691.4000244140625,397.29998779296875,929.7000122070312,339.29998779296875,148.89999389648438,38.99999999998727,245.25677193938816,passive,
1.0,879.845,879.88,928.7999877929688,340.70001220703125,759.5,414.1000061035156,128.39999389648438,34.99999999996817,184.52654272679393,passive,
1.0,880.049,880.087,756.2999877929688,413.0,1063.800048828125,444.79998779296875,214.3000030517578,38.000000000010914,309.1399792331263,passive,
1.0,880.278,880.302,1077.800048828125,443.29998779296875,932.5,519.0999755859375,183.5,24.00000000000091,163.88331928195046,passive,
1.0,880.462,880.503,886.5999755859375,539.9000244140625,625.5999755859375,615.4000244140625,174.0,41.00000000005366,271.70066249459165,passive,
1.0,880.645,880.687,635.5,619.0,562.0,357.3999938964844,151.1999969482422,42.00000000003001,271.7293013154073,passive,
1.0,880.895,880.944,548.4000244140625,324.1000061035156,1083.699951171875,387.8999938964844,304.0,48.99999999997817,539.0885363549315,passive,
1.0,881.035,881.228,824.2000122070312,322.5,826.4000244140625,338.70001220703125,366.79998779296875,192.99999999998363,16.3487139928206,passive,
1.0,881.386,881.505,821.4000244140625,392.29998779296875,809.9000244140625,365.70001220703125,350.8999938964844,119.0000000000282,28.979453086151764,passive,
1.0,882.097,882.122,818.5,401.8999938964844,671.0999755859375,394.20001220703125,148.60000610351562,24.999999999977263,147.60100580715613,passive,
1.0,882.797,882.841,666.9000244140625,398.29998779296875,610.5999755859375,668.5999755859375,155.8000030517578,43.99999999998272,276.1010302388028,passive,
1.0,883.073,883.087,614.9000244140625,672.2000122070312,624.2000122070312,628.5,67.69999694824219,14.000000000010004,44.678639637348496,passive,
1.0,883.279,883.293,607.2999877929688,605.4000244140625,558.5,610.2999877929688,72.80000305175781,14.000000000010004,49.045371338267195,passive,
1.0,883.713,883.736,549.4000244140625,616.7000122070312,605.2999877929688,699.5999755859375,113.0999984741211,23.000000000024556,99.9860481966712,passive,
1.0,884.282,884.289,614.0,692.2999877929688,609.5,677.0,39.79999923706055,6.999999999948159,15.94802892099813,passive,
1.0,884.445,884.485,601.2999877929688,672.2999877929688,823.5999755859375,554.7999877929688,180.3000030517578,39.99999999996362,251.4429051947063,passive,
1.0,884.545,884.68,816.7999877929688,546.5,880.5,353.29998779296875,480.6000061035156,134.9999999999909,203.4304212058092,passive,
1.0,885.104,885.124,868.4000244140625,385.5,789.0,373.0,100.0999984741211,19.99999999998181,80.37794397067968,passive,
1.0,885.322,885.346,774.0999755859375,373.0,653.7000122070312,332.20001220703125,126.0,24.00000000000091,127.12509659995686,passive,
1.0,885.688,885.73,626.5999755859375,320.5,618.5999755859375,574.7000122070312,161.0,42.00000000003001,254.32586617576837,passive,
1.0,885.918,886.015,614.5999755859375,581.0999755859375,643.9000244140625,299.3999938964844,580.7999877929688,96.99999999997999,283.2196542353103,passive,
1.0,886.549,886.555,639.2999877929688,311.6000061035156,656.0999755859375,306.20001220703125,46.20000076293945,5.999999999971806,17.6465159146492,passive,
1.0,887.025,887.06,630.0,317.70001220703125,845.7000122070312,383.20001220703125,159.0,34.99999999996817,225.42569788316823,passive,
1.0,887.118,887.145,840.5,390.6000061035156,682.0999755859375,336.5,148.89999389648438,26.99999999992997,167.38392513851508,passive,
1.0,887.381,887.406,632.5999755859375,321.20001220703125,764.0999755859375,374.3999938964844,156.1999969482422,24.999999999977263,141.85375586059803,passive,
1.0,887.484,887.613,773.7000122070312,405.6000061035156,872.7000122070312,360.20001220703125,410.70001220703125,129.0000000000191,108.91354114985344,passive,
1.0,888.263,888.288,852.2999877929688,403.70001220703125,762.0,505.8999938964844,150.39999389648438,24.999999999977263,136.37787229875255,passive,
1.0,888.414,888.538,744.9000244140625,564.2000122070312,704.2999877929688,244.10000610351562,609.2000122070312,124.00000000002365,322.6644958484043,passive,
1.0,888.783,889.113,682.2999877929688,215.3000030517578,826.9000244140625,532.0999755859375,184.89999389648438,330.0000000000409,348.2404244031394,passive,
1.0,889.28,889.295,832.2999877929688,574.0,778.4000244140625,561.9000244140625,79.19999694824219,14.999999999986358,55.2414288503449,passive,
1.0,889.41,889.577,752.5999755859375,407.79998779296875,753.5999755859375,410.20001220703125,193.10000610351562,167.00000000003,2.6000225360746483,passive,
1.0,889.623,889.736,744.4000244140625,442.79998779296875,715.5,216.5,448.79998779296875,112.9999999999427,228.13788787974525,passive,
1.0,889.791,890.581,711.0,265.5,729.0999755859375,258.1000061035156,43.400001525878906,789.9999999999636,19.554258510092872,passive,
1.0,890.767,890.8,817.5,445.0,607.0,462.1000061035156,171.39999389648438,32.999999999901775,211.19341895224926,passive,
1.0,890.876,891.009,594.0,475.20001220703125,597.5999755859375,468.70001220703125,401.0,133.0000000000382,7.430331366725581,passive,
1.0,891.304,891.531,546.0999755859375,311.1000061035156,546.2000122070312,331.1000061035156,197.10000610351562,226.99999999997544,20.000250181574227,passive,
1.0,891.612,891.731,533.7999877929688,388.3999938964844,552.5999755859375,454.3999938964844,437.29998779296875,119.0000000000282,68.62535639991806,passive,
1.0,891.876,891.887,560.5999755859375,454.8999938964844,598.5999755859375,458.70001220703125,65.5999984741211,10.999999999967258,38.18952918223124,passive,
1.0,892.18,892.217,606.5999755859375,460.70001220703125,867.7999877929688,508.20001220703125,220.0,37.00000000003456,265.4838909933205,passive,
1.0,892.856,893.0,831.5,513.0,678.2999877929688,469.5,358.3999938964844,144.00000000000546,159.25606343318464,passive,
1.0,893.103,893.135,681.7999877929688,466.1000061035156,922.9000244140625,500.3999938964844,202.60000610351562,32.00000000003911,243.52765104047333,passive,
1.0,893.342,893.383,925.0999755859375,502.6000061035156,637.2999877929688,536.2000122070312,201.1999969482422,41.00000000005366,289.7547124444903,passive,
1.0,893.642,893.68,621.7999877929688,532.2999877929688,891.5999755859375,520.7999877929688,194.39999389648438,37.99999999989723,270.044965539234,passive,
1.0,893.843,893.954,883.2000122070312,518.7000122070312,796.0,480.70001220703125,316.8999938964844,110.99999999999,95.12014575738621,passive,
1.0,894.217,894.243,774.2000122070312,493.3999938964844,923.5,490.6000061035156,133.39999389648438,26.000000000067303,149.32624111863726,passive,
1.0,894.433,894.485,951.7000122070312,477.3999938964844,1412.4000244140625,477.5,223.5,52.00000000002092,460.70002306140543,passive,
1.0,894.851,894.902,1406.699951171875,472.5,865.5999755859375,517.7999877929688,277.6000061035156,51.000000000044565,542.992884366955,passive,
1.0,895.252,895.273,856.4000244140625,522.4000244140625,928.0999755859375,513.0,91.30000305175781,21.00000000007185,72.3135081228551,passive,
1.0,895.668,895.779,882.2999877929688,529.2000122070312,889.9000244140625,489.29998779296875,413.79998779296875,110.99999999999,40.61739165535805,passive,
1.0,896.087,896.101,885.9000244140625,503.79998779296875,835.2000122070312,497.3999938964844,83.80000305175781,14.000000000010004,51.1023596291615,passive,
1.0,896.204,896.439,852.2999877929688,426.5,853.4000244140625,437.6000061035156,138.5,235.00000000001364,11.154381025670205,passive,
1.0,896.533,896.652,822.7000122070312,509.8999938964844,850.0,477.20001220703125,365.29998779296875,119.0000000000282,42.597865392373976,passive,
1.0,897.219,897.257,856.2999877929688,500.29998779296875,1154.5999755859375,548.5999755859375,219.6999969482422,37.99999999989723,302.18499555419066,passive,
1.0,897.466,897.506,1146.199951171875,552.5999755859375,985.2999877929688,731.2999877929688,197.60000610351562,39.99999999996362,240.46307944906323,passive,
1.0,897.659,898.008,976.7999877929688,740.7999877929688,837.2999877929688,392.1000061035156,267.79998779296875,349.0000000000464,375.5688049215815,passive,
1.0,898.201,898.475,806.2999877929688,423.0,942.2999877929688,412.8999938964844,420.5,274.0000000000009,136.37452153276672,passive,
1.0,898.729,898.75,932.9000244140625,439.79998779296875,851.7999877929688,478.79998779296875,117.69999694824219,20.999999999958163,89.99008800941772,passive,
1.0,898.912,899.049,779.7000122070312,424.6000061035156,801.9000244140625,413.1000061035156,355.20001220703125,136.9999999999436,25.001810774268662,passive,
1.0,899.316,899.335,788.0,438.1000061035156,872.7999877929688,430.79998779296875,105.0999984741211,19.000000000005457,85.1136193392219,passive,
1.0,899.515,899.542,890.0,430.1000061035156,767.7000122070312,543.0999755859375,155.39999389648438,27.000000000043656,166.5121020142037,passive,
1.0,899.587,899.799,1047.5999755859375,628.9000244140625,1125.199951171875,606.7999877929688,410.20001220703125,211.9999999999891,80.68561104429823,passive,
1.0,900.078,900.121,1217.699951171875,603.2000122070312,847.2000122070312,581.7999877929688,214.6999969482422,43.00000000000637,371.11745555534765,passive,
1.0,900.171,900.328,727.2999877929688,456.20001220703125,720.0,479.70001220703125,282.70001220703125,156.99999999992542,24.60771874387166,passive,
1.0,900.421,900.458,717.0999755859375,479.29998779296875,613.9000244140625,300.20001220703125,122.4000015258789,36.999999999920874,206.70517936607393,passive,
1.0,900.64,900.69,585.0,276.70001220703125,1129.800048828125,305.5,150.5,50.00000000006821,545.5607505127202,passive,
1.0,900.869,900.984,1118.300048828125,295.70001220703125,766.7000122070312,516.5,338.79998779296875,115.0000000000091,415.18094893832694,passive,
1.0,901.157,901.175,769.2000122070312,544.0999755859375,840.9000244140625,575.7000122070312,117.5999984741211,17.999999999915417,78.35466843106987,passive,
1.0,901.347,901.367,835.5,574.9000244140625,923.0999755859375,586.9000244140625,128.89999389648438,19.99999999998181,88.41807350681673,passive,
1.0,901.613,901.654,936.9000244140625,581.2000122070312,1248.5999755859375,542.2999877929688,202.10000610351562,40.99999999993997,314.1179260404664,passive,
1.0,902.424,902.478,1244.0,555.5999755859375,825.2999877929688,506.20001220703125,205.5,53.999999999973625,421.60414680598836,passive,
1.0,902.548,902.815,777.5999755859375,350.79998779296875,780.9000244140625,367.8999938964844,129.6999969482422,267.00000000005275,17.415525573702357,passive,
1.0,903.206,903.34,774.0,442.6000061035156,817.2999877929688,347.79998779296875,413.8999938964844,134.00000000001455,104.22059496352564,passive,
1.0,903.547,903.571,817.5999755859375,394.20001220703125,878.5,489.70001220703125,133.10000610351562,24.00000000000091,113.26545357536608,passive,
1.0,903.749,903.775,876.5999755859375,514.5,806.0999755859375,605.4000244140625,130.39999389648438,25.999999999953616,115.03505743240692,passive,
1.0,904.092,904.104,753.5,620.0,717.7000122070312,589.7000122070312,82.80000305175781,12.000000000057298,46.90126209635266,passive,
1.0,904.43,904.461,710.9000244140625,563.7999877929688,922.7000122070312,579.5,176.8000030517578,31.000000000062755,212.38108487434243,passive,
1.0,904.817,904.857,947.9000244140625,588.7999877929688,686.0999755859375,596.4000244140625,178.39999389648438,39.99999999996362,261.9103398551699,passive,
1.0,905.176,905.2,680.7000122070312,601.7999877929688,619.2000122070312,496.5,108.5999984741211,24.00000000000091,121.9439930017029,passive,
1.0,905.347,905.394,617.7000122070312,410.0,981.5999755859375,325.8999938964844,215.89999389648438,47.000000000025466,373.4916255738282,passive,
1.0,905.594,905.619,970.7000122070312,334.0,880.7000122070312,235.89999389648438,125.0999984741211,24.999999999977263,133.1300536975397,passive,
1.0,905.879,905.912,839.7999877929688,207.5,691.2000122070312,281.3999938964844,104.0999984741211,33.00000000001546,165.96132634454827,passive,
1.0,906.304,906.603,692.7000122070312,304.3999938964844,841.0,380.6000061035156,228.8000030517578,298.9999999999782,166.7313055180292,passive,
1.0,907.236,907.273,841.4000244140625,436.6000061035156,608.7000122070312,348.5,160.0,37.00000000003456,248.8190241050551,passive,
1.0,907.515,907.54,588.2000122070312,335.8999938964844,732.2000122070312,307.1000061035156,151.60000610351562,24.999999999977263,146.8517595974769,passive,
1.0,907.793,907.897,734.2000122070312,305.3999938964844,950.2000122070312,264.79998779296875,455.3999938964844,104.00000000004184,219.78253000547042,passive,
1.0,908.042,908.087,950.7999877929688,300.79998779296875,593.0,370.5,214.5,44.99999999995907,364.5256135943109,passive,
1.0,908.346,908.357,589.9000244140625,373.0,557.0,394.0,66.4000015258789,10.999999999967258,39.03090578561954,passive,
1.0,908.871,908.877,507.0,400.6000061035156,524.7999877929688,399.3999938964844,42.20000076293945,5.999999999971806,17.840392224580167,passive,
1.0,909.073,909.082,527.7999877929688,398.79998779296875,548.5999755859375,396.5,40.599998474121094,9.000000000014552,20.9267636302285,passive,
1.0,909.403,909.416,564.5999755859375,393.29998779296875,619.9000244140625,394.0,87.0,13.000000000033651,55.30447918101211,passive,
1.0,909.7,909.709,623.7999877929688,390.6000061035156,655.0,389.70001220703125,61.29999923706055,8.999999999900865,31.212990095993817,passive,
1.0,909.88,909.887,659.4000244140625,383.29998779296875,681.2999877929688,388.70001220703125,50.79999923706055,6.999999999948159,22.55590077274472,passive,
1.0,910.142,910.328,683.9000244140625,395.20001220703125,905.2999877929688,366.0,159.8000030517578,185.99999999992178,223.31722839286672,passive,
1.0,910.906,910.924,890.7999877929688,383.3999938964844,835.4000244140625,374.6000061035156,80.5,18.000000000029104,56.09452493372729,passive,
1.0,911.605,911.747,791.5999755859375,580.0999755859375,802.7000122070312,624.2000122070312,220.0,141.99999999993906,45.47553235500858,passive,
1.0,912.229,912.357,795.0,623.2000122070312,794.0,531.0999755859375,296.70001220703125,127.99999999992906,92.105465340591,passive,
1.0,912.451,912.575,782.2999877929688,576.7000122070312,799.7000122070312,529.4000244140625,201.10000610351562,124.00000000002365,50.39890569074852,passive,
1.0,912.958,913.005,800.2000122070312,602.9000244140625,786.5999755859375,350.5,127.30000305175781,47.000000000025466,252.7661633215855,passive,
1.0,913.173,913.21,780.9000244140625,363.1000061035156,1049.5,348.6000061035156,196.89999389648438,37.00000000003456,268.99107212836304,passive,
1.0,913.672,913.797,827.9000244140625,549.5,835.4000244140625,522.2999877929688,394.20001220703125,125.0,28.215078664831843,,
1.0,914.153,914.158,833.0999755859375,517.5999755859375,817.9000244140625,514.0999755859375,43.29999923706055,4.9999999999954525,15.597708665935013,active,
1.0,914.369,914.55,804.7000122070312,529.5999755859375,835.5,506.3999938964844,372.1000061035156,180.99999999992633,38.56006222035935,active,
1.0,914.745,914.869,811.0,557.2999877929688,825.9000244140625,517.9000244140625,422.3999938964844,124.00000000002365,42.123245860199475,active,
1.0,915.084,915.116,826.2999877929688,545.0,910.5,335.3999938964844,177.6999969482422,32.00000000003911,225.88006688120578,active,
1.0,915.282,915.288,925.5999755859375,311.0,910.5,319.70001220703125,44.70000076293945,5.999999999971806,17.426975500596807,active,
1.0,915.437,915.486,905.2999877929688,319.0,426.3999938964844,249.1999969482422,264.6000061035156,48.99999999997817,483.9599617531167,active,
1.0,915.669,915.679,422.20001220703125,250.10000610351562,453.79998779296875,251.10000610351562,58.400001525878906,9.999999999990905,31.615794423544795,active,
1.0,916.039,916.082,452.29998779296875,244.39999389648438,899.7000122070312,291.29998779296875,289.70001220703125,43.00000000000637,449.85152136365394,active,
1.0,916.303,916.324,888.0,303.8999938964844,937.5999755859375,350.29998779296875,76.30000305175781,20.999999999958163,67.91993088718056,active,
1.0,916.43,916.444,961.2000122070312,380.0,983.2000122070312,437.20001220703125,95.30000305175781,14.000000000010004,61.284919812989266,active,
1.0,916.554,916.591,985.0,445.29998779296875,696.2999877929688,592.0999755859375,236.89999389648438,37.00000000003456,323.8795045450634,active,
1.0,916.841,916.858,685.2000122070312,603.7000122070312,681.7999877929688,535.7999877929688,86.5999984741211,16.999999999939064,67.98509749530778,active,
1.0,917.104,917.138,673.2999877929688,525.5,913.4000244140625,606.0,212.3000030517578,33.999999999991815,253.23561673953085,active,
1.0,917.39,917.431,893.4000244140625,615.0,1172.0,614.2000122070312,178.1999969482422,41.00000000005366,278.6011241487619,active,
1.0,917.473,917.586,1188.0999755859375,577.2000122070312,430.79998779296875,264.6000061035156,542.4000244140625,113.00000000005639,819.281414000799,active,
1.0,917.87,918.118,738.5999755859375,206.39999389648438,796.2999877929688,267.8999938964844,207.10000610351562,248.0000000000473,84.3299555833605,active,
1.0,918.262,918.379,807.7000122070312,342.8999938964844,856.2999877929688,365.70001220703125,485.1000061035156,117.00000000007549,53.68238502446584,active,
1.0,918.81,918.857,862.0999755859375,377.79998779296875,835.2000122070312,708.9000244140625,193.39999389648438,47.000000000025466,332.1909726050305,active,
1.0,919.107,919.131,836.2000122070312,709.0999755859375,913.4000244140625,661.0,81.30000305175781,24.00000000000091,90.95850447392787,active,
1.0,919.315,919.328,913.4000244140625,668.2999877929688,918.5,709.5999755859375,74.4000015258789,12.999999999919964,41.61368456020839,active,
1.0,919.611,919.656,910.2000122070312,717.0999755859375,720.9000244140625,892.7000122070312,146.0,44.99999999995907,258.20507012788806,active,
1.0,919.871,919.893,722.0999755859375,896.5,826.7999877929688,913.4000244140625,135.0,22.000000000048203,106.05519026124276,active,
1.0,920.078,920.104,845.0,908.9000244140625,930.0,799.2000122070312,146.89999389648438,26.000000000067303,138.7771331243833,active,
1.0,920.206,920.464,932.4000244140625,755.4000244140625,595.7999877929688,406.0,581.2000122070312,258.0000000000382,485.1597280420842,active,
1.0,920.593,920.656,598.4000244140625,400.3999938964844,1362.4000244140625,359.20001220703125,340.5,62.99999999998818,765.1100825967537,active,
1.0,920.806,920.814,1339.199951171875,364.6000061035156,1318.0999755859375,374.6000061035156,48.70000076293945,7.999999999924512,23.349710270732665,active,
1.0,920.965,921.136,1310.5999755859375,389.70001220703125,1307.0999755859375,371.3999938964844,446.29998779296875,170.99999999993543,18.631711412705783,active,
1.0,921.188,921.297,1301.199951171875,400.70001220703125,1329.5999755859375,383.5,776.7000122070312,109.00000000003729,33.202436757584074,active,
1.0,921.543,921.587,1327.699951171875,395.8999938964844,945.9000244140625,661.4000244140625,286.20001220703125,43.99999999998272,465.0391921947073,active,
1.0,921.802,921.823,936.7000122070312,662.0,845.2000122070312,652.7000122070312,112.80000305175781,20.999999999958163,91.97140736636233,active,
1.0,922.041,922.089,824.7999877929688,657.2000122070312,672.2000122070312,281.1000061035156,243.60000610351562,48.00000000000182,405.87925192092933,active,
1.0,922.178,922.23,659.4000244140625,293.79998779296875,1341.300048828125,381.1000061035156,375.6000061035156,52.00000000002092,687.4655893155095,active,
1.0,922.502,922.843,1314.5999755859375,395.6000061035156,859.5999755859375,311.1000061035156,290.29998779296875,341.0000000000082,462.7799152945166,active,
1.0,923.334,923.369,829.9000244140625,311.79998779296875,847.2000122070312,558.9000244140625,174.6999969482422,35.000000000081855,247.7049003870992,active,
1.0,923.463,923.59,826.2000122070312,605.0,643.2999877929688,695.5,221.3000030517578,127.0000000000664,204.06535455746686,active,
1.0,923.765,924.032,648.7999877929688,707.4000244140625,736.2000122070312,589.2000122070312,175.89999389648438,267.00000000005275,147.00342565165295,active,
1.0,924.127,924.254,717.7000122070312,623.7000122070312,751.0,643.2999877929688,766.7999877929688,127.0000000000664,38.63998227200957,active,
1.0,924.42,924.44,754.0,635.5,850.9000244140625,664.2000122070312,134.8000030517578,20.000000000095497,101.06089962062306,active,
1.0,924.658,924.698,850.9000244140625,669.0,931.0,447.8999938964844,167.5,39.99999999996362,235.1621117183685,active,
1.0,924.943,925.088,921.5,473.20001220703125,876.7999877929688,436.1000061035156,325.8999938964844,144.9999999999818,58.0904600101397,active,
1.0,925.348,925.474,869.2000122070312,450.1000061035156,890.5,443.70001220703125,380.1000061035156,126.00000000009004,22.24071495828439,active,
1.0,925.499,925.618,886.0,441.3999938964844,878.7999877929688,418.20001220703125,385.1000061035156,119.0000000000282,24.291548451516203,active,
1.0,925.812,925.858,881.4000244140625,435.6000061035156,467.70001220703125,465.8999938964844,237.89999389648438,45.999999999935426,414.8081356004868,active,
1.0,926.007,926.055,462.5,472.79998779296875,826.7000122070312,709.7999877929688,259.8999938964844,48.00000000000182,434.5234733493712,active,
1.0,926.235,926.277,808.4000244140625,712.7999877929688,1039.199951171875,667.2999877929688,142.3000030517578,42.00000000003001,235.24212248534832,active,
1.0,926.431,926.468,1031.5,674.4000244140625,1256.5999755859375,632.2999877929688,157.0,36.999999999920874,229.00308315017747,active,
1.0,926.519,926.569,1250.5,636.9000244140625,667.7999877929688,683.7999877929688,316.20001220703125,49.999999999954525,584.5843915047827,active,
1.0,926.868,926.893,688.0999755859375,687.2999877929688,827.7999877929688,706.5999755859375,165.1999969482422,24.999999999977263,141.02688729264864,active,
1.0,927.122,927.132,833.2999877929688,714.0999755859375,816.2999877929688,746.2999877929688,65.5999984741211,9.999999999990905,36.41209670058786,active,
1.0,927.509,927.743,818.2000122070312,758.0,847.7999877929688,347.29998779296875,244.6999969482422,234.0000000000373,411.7652955040574,active,
1.0,928.457,928.689,781.4000244140625,418.3999938964844,790.2000122070312,465.29998779296875,98.5,231.9999999999709,47.71843682107232,active,
1.0,928.759,928.883,809.7999877929688,457.0,816.5999755859375,453.3999938964844,338.1000061035156,124.00000000002365,7.694145692009852,active,
1.0,929.051,929.067,817.7999877929688,451.5,841.7999877929688,412.79998779296875,60.20000076293945,15.99999999996271,45.53779688153971,active,
1.0,929.379,929.557,782.0,379.6000061035156,789.9000244140625,410.20001220703125,400.3999938964844,177.99999999999727,31.60333462275741,active,
1.0,930.137,930.253,677.0,375.5,557.0,540.0,155.89999389648438,116.00000000009913,203.61790196345703,active,
1.0,930.332,930.384,557.5999755859375,537.2999877929688,855.2999877929688,794.7000122070312,240.3000030517578,52.00000000002092,393.5480527666558,active,
1.0,930.592,930.633,827.7000122070312,791.4000244140625,828.2999877929688,479.5,187.39999389648438,41.00000000005366,311.9006014745667,active,
1.0,930.749,930.77,826.5,473.1000061035156,837.2000122070312,410.6000061035156,81.0,20.999999999958163,63.40930737068982,active,
1.0,931.484,931.598,623.5999755859375,360.70001220703125,807.9000244140625,345.6000061035156,493.79998779296875,113.99999999991905,184.9175983576887,active,
1.0,931.95,931.967,815.5,391.5,839.5999755859375,448.5,84.69999694824219,16.999999999939064,61.885449204500276,active,
1.0,932.128,932.171,837.5999755859375,462.29998779296875,1130.5999755859375,473.8999938964844,191.1999969482422,43.00000000000637,293.2295349067034,active,
1.0,932.342,932.455,1108.800048828125,478.5,764.9000244140625,394.0,300.20001220703125,113.00000000005639,354.1291809382457,active,
1.0,932.662,932.68,763.7999877929688,392.70001220703125,735.5,354.29998779296875,57.5,17.999999999915417,47.70168953069457,active,
1.0,932.896,932.904,725.5,333.1000061035156,715.5,320.6000061035156,36.900001525878906,8.000000000038199,16.00781059358212,active,
1.0,932.941,932.985,708.0999755859375,313.8999938964844,429.0,260.79998779296875,150.8000030517578,43.99999999998272,284.1063304825577,active,
1.0,933.074,933.132,425.20001220703125,253.3000030517578,1103.300048828125,230.1999969482422,330.8999938964844,57.999999999992724,678.4933823903599,active,
1.0,933.264,933.306,1082.4000244140625,208.3000030517578,755.7999877929688,430.79998779296875,285.3999938964844,42.00000000003001,395.18834387003227,active,
1.0,933.562,933.803,833.4000244140625,260.79998779296875,868.2000122070312,326.0,135.6999969482422,240.99999999998545,73.90589111963807,active,
1.0,933.905,934.027,845.7000122070312,390.70001220703125,826.5,411.20001220703125,324.8999938964844,122.00000000007094,28.08719403482927,active,
1.0,934.423,934.438,833.5999755859375,422.79998779296875,822.2999877929688,479.79998779296875,92.0,14.999999999986358,58.10929120305326,active,
1.0,934.574,934.703,819.7000122070312,497.79998779296875,809.5,473.79998779296875,464.5,129.0000000000191,26.077581349189316,active,
1.0,935.029,935.049,808.0999755859375,495.20001220703125,878.4000244140625,462.29998779296875,91.0,19.99999999998181,77.61770720449469,active,
1.0,935.27,935.287,889.4000244140625,454.5,831.5,449.20001220703125,83.9000015258789,17.00000000005275,58.142090586378565,active,
1.0,935.483,935.509,814.7999877929688,453.0,937.2999877929688,367.5,154.89999389648438,26.000000000067303,149.38708110141252,active,
1.0,935.758,935.901,850.5,314.8999938964844,854.0999755859375,354.5,177.10000610351562,142.99999999991542,39.763303529986295,active,
1.0,936.002,936.126,842.5999755859375,379.8999938964844,847.4000244140625,423.70001220703125,447.70001220703125,124.00000000002365,44.062252243350265,active,
1.0,936.302,936.317,846.5,424.1000061035156,825.4000244140625,464.3999938964844,70.0,14.999999999986358,45.489537102949164,active,
1.0,936.666,936.678,828.5999755859375,484.3999938964844,801.5,510.70001220703125,64.0999984741211,11.999999999943611,37.76373445375218,active,
1.0,936.94,936.975,788.5999755859375,514.5999755859375,1014.2000122070312,545.2999877929688,196.5,34.99999999996817,227.67930795957437,active,
1.0,937.177,937.203,1007.4000244140625,548.5,898.5999755859375,486.1000061035156,126.80000305175781,25.999999999953616,125.42411994223309,active,
1.0,937.411,937.424,866.7999877929688,463.29998779296875,839.4000244140625,503.29998779296875,77.5999984741211,13.000000000033651,48.484616046385305,active,
1.0,937.683,937.691,828.2999877929688,516.7000122070312,820.4000244140625,540.4000244140625,50.70000076293945,8.000000000038199,24.98199351536002,active,
1.0,937.921,937.95,820.0,542.0,658.0999755859375,555.5,132.1999969482422,28.999999999996362,162.46189677974965,active,
1.0,938.146,938.159,628.9000244140625,566.2000122070312,674.5,575.5,76.0999984741211,13.000000000033651,46.538667217567195,active,
1.0,938.308,938.339,675.2999877929688,579.0999755859375,820.0999755859375,559.0,117.5,31.000000000062755,146.18839038514372,active,
1.0,938.444,938.487,813.2999877929688,558.7000122070312,893.9000244140625,278.0,169.3000030517578,43.00000000000637,292.04257010982,active,
1.0,938.906,939.111,857.0,359.0,858.4000244140625,416.8999938964844,110.5,205.00000000004093,57.91691774924576,active,
1.0,939.994,940.129,836.5,443.79998779296875,864.2000122070312,519.2999877929688,535.2000122070312,134.9999999999909,80.42102135803599,active,
1.0,940.259,940.375,860.4000244140625,521.0,486.79998779296875,566.7000122070312,162.8000030517578,115.99999999998545,376.3847479362114,active,
1.0,940.572,940.64,495.3999938964844,567.5,1274.5,609.5999755859375,334.6000061035156,67.99999999998363,780.2366483669135,active,
1.0,940.875,940.925,1247.0999755859375,620.0,755.0999755859375,657.4000244140625,256.8999938964844,49.999999999954525,493.41945829706845,active,
1.0,941.013,941.131,752.5999755859375,672.9000244140625,794.7999877929688,538.0999755859375,547.2000122070312,117.99999999993815,141.25117413437124,active,
1.0,941.293,941.309,789.0,532.9000244140625,845.9000244140625,517.2000122070312,90.0999984741211,15.99999999996271,59.02629212157781,active,
1.0,941.509,941.769,919.7000122070312,346.6000061035156,924.7000122070312,353.6000061035156,330.8999938964844,259.9999999999909,8.602325267042627,active,
1.0,942.417,942.447,890.2999877929688,387.20001220703125,722.7000122070312,515.2999877929688,189.60000610351562,29.999999999972715,210.9487036260821,active,
1.0,942.528,942.775,711.9000244140625,533.7999877929688,925.9000244140625,386.0,406.3999938964844,246.99999999995725,260.07851966589186,active,
1.0,942.823,942.94,893.7000122070312,445.70001220703125,872.0999755859375,437.29998779296875,170.60000610351562,117.00000000007549,23.175892478811623,active,
1.0,943.41,943.423,872.5999755859375,469.5,832.7999877929688,479.79998779296875,67.9000015258789,13.000000000033651,41.111175814561264,active,
1.0,943.572,943.696,832.4000244140625,452.8999938964844,831.0,498.0,130.1999969482422,124.00000000002365,45.12173111591706,active,
1.0,943.74,943.858,820.7000122070312,501.0,769.7999877929688,452.6000061035156,271.70001220703125,117.99999999993815,70.23796619017298,active,
1.0,943.972,944.016,764.0999755859375,448.79998779296875,1165.5999755859375,447.3999938964844,248.89999389648438,43.99999999998272,401.5024408181228,active,
1.0,944.147,944.182,1153.300048828125,458.8999938964844,885.5999755859375,456.79998779296875,210.1999969482422,34.99999999996817,267.708309993372,active,
1.0,944.642,944.884,683.0999755859375,357.8999938964844,877.7999877929688,425.3999938964844,329.8999938964844,241.9999999999618,206.06878646077897,active,
1.0,944.96,945.071,845.4000244140625,482.29998779296875,846.5,460.6000061035156,273.0,110.99999999999,21.727842774013702,active,
1.0,945.468,945.51,842.7999877929688,505.70001220703125,589.7000122070312,377.1000061035156,162.6999969482422,42.00000000003001,283.8970926434901,active,
1.0,945.618,945.642,562.0999755859375,364.8999938964844,558.0,256.29998779296875,124.19999694824219,24.00000000000091,108.67737172700173,active,
1.0,946.012,946.051,567.0,245.60000610351562,886.7000122070312,323.20001220703125,222.60000610351562,39.000000000100954,328.98306757710435,active,
1.0,946.285,946.296,894.2000122070312,342.29998779296875,920.0,373.70001220703125,74.19999694824219,11.000000000080945,40.63989300331704,active,
1.0,946.552,946.602,926.5,389.0,993.2000122070312,719.2000122070312,202.60000610351562,49.999999999954525,336.869321384334,active,
1.0,946.848,946.861,986.0,724.5999755859375,945.7999877929688,695.0999755859375,83.5,13.000000000033651,49.86272136020518,active,
1.0,947.061,947.122,936.0999755859375,675.0999755859375,561.2999877929688,282.29998779296875,233.60000610351562,60.99999999992178,542.9243605326307,active,
1.0,947.272,947.286,541.4000244140625,275.1000061035156,581.4000244140625,236.1999969482422,88.80000305175781,13.999999999896318,55.796153203248316,active,
1.0,947.516,947.718,838.5,457.20001220703125,848.5,466.70001220703125,336.0,201.99999999999818,13.793114224133722,active,
1.0,947.765,947.89,838.0999755859375,483.29998779296875,833.5,463.1000061035156,443.20001220703125,125.0,20.717119385799332,active,
1.0,948.691,948.713,826.7000122070312,511.6000061035156,766.7999877929688,440.79998779296875,96.0,21.999999999934516,92.73971920153228,active,
1.0,948.976,949.018,741.5999755859375,404.1000061035156,1083.699951171875,431.29998779296875,205.60000610351562,42.00000000003001,343.1795919045968,active,
1.0,949.21,949.262,1076.4000244140625,434.5,1420.9000244140625,443.79998779296875,167.10000610351562,51.99999999990723,344.62550656175955,active,
1.0,949.476,949.517,1411.0,447.0,1130.0999755859375,337.20001220703125,168.60000610351562,41.00000000005366,301.5971834005699,active,
1.0,949.715,949.727,1104.0999755859375,341.8999938964844,1087.9000244140625,382.70001220703125,78.19999694824219,11.999999999943611,43.89851833618185,active,
1.0,950.016,950.065,1063.300048828125,407.0,635.5,380.6000061035156,232.8000030517578,49.00000000009186,428.61386054942335,active,
1.0,950.286,950.574,627.9000244140625,401.20001220703125,870.5999755859375,399.0,356.79998779296875,288.0000000000109,242.7099222375171,active,
1.0,950.606,950.763,852.4000244140625,431.20001220703125,828.7999877929688,441.70001220703125,489.3999938964844,157.0000000000391,25.830441895503185,active,
1.0,951.25,951.274,835.4000244140625,449.0,875.2000122070312,569.7999877929688,129.39999389648438,24.00000000000091,127.18756259596243,active,
1.0,951.413,951.68,874.2999877929688,610.2999877929688,901.7000122070312,655.0,430.29998779296875,266.99999999993906,52.429499608521574,active,
1.0,951.757,951.782,901.0999755859375,649.5999755859375,879.7000122070312,776.7000122070312,119.0999984741211,25.00000000009095,128.88901326995216,active,
1.0,952.01,952.02,888.2000122070312,803.0999755859375,922.7999877929688,810.7000122070312,66.5999984741211,9.999999999990905,35.42483404603947,active,
1.0,952.296,952.309,927.2000122070312,808.9000244140625,944.0,782.0,44.400001525878906,12.999999999919964,31.71515258233921,active,
1.0,952.602,952.636,944.4000244140625,778.0999755859375,835.7999877929688,638.2000122070312,120.80000305175781,33.999999999991815,177.10439776448865,active,
1.0,952.807,952.848,826.9000244140625,602.5,668.9000244140625,414.1000061035156,155.39999389648438,40.99999999993997,245.88321963931443,active,
1.0,953.007,953.034,641.9000244140625,384.29998779296875,503.70001220703125,317.5,124.0999984741211,27.000000000043656,153.49749751433853,active,
1.0,953.182,953.237,470.0,291.8999938964844,1157.300048828125,278.0,351.3999938964844,54.99999999994998,687.440591578258,active,
1.0,953.507,953.548,1138.5999755859375,290.70001220703125,845.2000122070312,253.0,193.0,41.00000000005366,295.8121522709198,active,
1.0,953.728,953.853,843.0999755859375,270.29998779296875,824.7999877929688,298.1000061035156,594.5999755859375,125.0,33.282586607557214,active,
1.0,953.953,953.995,828.5,296.0,780.0999755859375,581.0999755859375,176.0,42.00000000003001,289.1791113520892,active,
1.0,954.14,954.182,774.9000244140625,593.5999755859375,1145.199951171875,584.5,236.89999389648438,42.00000000003001,370.4117240483972,active,
1.0,954.303,954.344,1129.300048828125,591.7000122070312,822.7999877929688,443.79998779296875,221.8000030517578,41.00000000005366,340.3185340768774,active,
1.0,954.639,954.908,792.7000122070312,436.29998779296875,804.7000122070312,359.29998779296875,265.29998779296875,269.00000000000546,77.92945527847606,active,
1.0,955.135,955.234,774.9000244140625,429.6000061035156,873.7000122070312,405.70001220703125,434.8999938964844,99.00000000004638,101.64963008364941,active,
1.0,955.484,955.503,878.5,438.29998779296875,857.0999755859375,528.0,126.9000015258789,19.000000000005457,92.21742370541494,active,
1.0,955.939,955.961,850.0,514.0999755859375,936.7999877929688,482.79998779296875,97.5,22.000000000048203,92.27094405445041,active,
1.0,956.09,956.313,990.5999755859375,380.1000061035156,992.9000244140625,399.3999938964844,229.39999389648438,222.99999999995634,19.436557139074345,active,
1.0,956.385,956.487,968.5,440.8999938964844,958.5999755859375,421.8999938964844,178.8000030517578,101.99999999997544,21.424529945812896,active,
1.0,956.741,956.797,956.0999755859375,440.3999938964844,412.0,397.29998779296875,241.5,56.00000000004002,545.8043550199475,active,
1.0,956.89,956.932,403.3999938964844,404.79998779296875,828.5999755859375,498.29998779296875,309.8999938964844,42.00000000003001,435.3587881606518,active,
1.0,957.37,957.388,823.2000122070312,513.2000122070312,783.0999755859375,488.29998779296875,68.0999984741211,18.000000000029104,47.20195073123534,,
1.0,957.602,957.622,758.4000244140625,463.3999938964844,821.5999755859375,501.3999938964844,98.9000015258789,19.99999999998181,73.74438167160523,active,
1.0,957.821,957.92,807.0,410.8999938964844,817.9000244140625,393.70001220703125,210.1999969482422,98.9999999999327,20.36295416546139,active,
1.0,958.424,958.444,820.2999877929688,438.6000061035156,846.0999755859375,516.0,85.9000015258789,19.99999999998181,81.58675398183921,active,
1.0,958.838,958.851,854.9000244140625,544.9000244140625,860.7999877929688,592.5,80.9000015258789,13.000000000033651,47.96422879244783,active,
1.0,959.085,959.107,855.2999877929688,608.7000122070312,772.5999755859375,636.5,89.9000015258789,21.999999999934516,87.24752913597227,active,
1.0,959.246,959.343,747.4000244140625,646.5,731.0999755859375,636.5999755859375,399.29998779296875,96.99999999997999,19.070974678770163,active,
1.0,959.395,959.512,727.2999877929688,637.4000244140625,838.7000122070312,741.5999755859375,479.70001220703125,116.9999999999618,152.53719305033397,active,
1.0,959.648,959.694,846.0,734.5999755859375,814.5,358.20001220703125,212.5,45.999999999935426,377.71574289621816,active,
1.0,959.84,959.888,809.0999755859375,356.79998779296875,1278.5999755859375,353.0,277.8999938964844,48.00000000000182,469.51537771113175,active,
1.0,960.04,960.09,1258.9000244140625,351.0,679.5,386.70001220703125,311.5,50.00000000006821,580.4988192602965,active,
1.0,960.847,960.964,725.5,376.0,845.9000244140625,484.20001220703125,482.6000061035156,117.00000000007549,161.87466917497795,active,
1.0,961.374,961.396,847.2000122070312,487.5,828.5,592.4000244140625,136.6999969482422,21.999999999934516,106.55376848621557,active,
1.0,961.535,961.573,831.5999755859375,583.5999755859375,561.2000122070312,537.5,186.39999389648438,38.000000000010914,274.30156387512244,active,
1.0,961.739,961.784,563.7999877929688,541.2000122070312,1035.300048828125,572.2000122070312,291.8999938964844,44.99999999995907,472.5180499792109,active,
1.0,961.886,962.018,1001.9000244140625,591.7000122070312,991.7000122070312,550.0,659.9000244140625,132.00000000006185,42.92937534008784,active,
1.0,962.151,962.192,994.9000244140625,550.2999877929688,634.5999755859375,536.5999755859375,228.3000030517578,41.00000000005366,360.56041868183763,active,
1.0,962.41,962.46,638.4000244140625,538.2999877929688,1177.5,486.3999938964844,291.5,50.00000000006821,541.59246029022,active,
1.0,962.649,962.69,1148.800048828125,495.70001220703125,806.7000122070312,487.79998779296875,226.89999389648438,41.00000000005366,342.19124103620254,active,
1.0,963.108,963.391,800.2999877929688,498.3999938964844,851.4000244140625,398.29998779296875,169.5,283.00000000001546,112.38872258639203,active,
1.0,963.483,963.594,808.2000122070312,452.29998779296875,835.7999877929688,535.9000244140625,194.39999389648438,111.00000000010368,88.03820065967138,active,
1.0,964.104,964.142,828.7999877929688,522.4000244140625,559.7000122070312,486.70001220703125,175.3000030517578,38.000000000010914,271.45770891970324,active,
1.0,964.247,964.369,552.5999755859375,495.3999938964844,564.7999877929688,465.29998779296875,154.60000610351562,122.00000000007094,32.478464638640006,active,
1.0,964.437,964.563,557.2000122070312,468.0,911.9000244140625,507.6000061035156,516.5,125.99999999997635,356.90371130469714,active,
1.0,964.592,964.717,910.4000244140625,517.5,893.0999755859375,484.3999938964844,317.1000061035156,125.0,37.3483880978588,active,
1.0,965.107,965.118,884.2999877929688,475.6000061035156,855.4000244140625,493.5,56.70000076293945,11.000000000080945,33.99437695849566,active,
1.0,965.332,965.341,839.2000122070312,497.0,864.0999755859375,505.3999938964844,53.5,9.000000000014552,26.278661947135877,active,
1.0,965.462,965.505,874.7999877929688,507.20001220703125,531.2000122070312,461.29998779296875,208.60000610351562,43.00000000000637,346.6522111048311,active,
1.0,965.683,966.024,517.4000244140625,455.5,818.0,371.6000061035156,508.0,341.0000000000082,312.0890166252192,active,
1.0,966.098,966.22,855.0,467.79998779296875,860.7999877929688,447.6000061035156,272.70001220703125,122.00000000007094,21.016163271463896,active,
1.0,966.424,966.446,857.7000122070312,477.1000061035156,767.7999877929688,455.79998779296875,115.0,22.000000000048203,92.38888011919327,active,
1.0,966.543,966.568,749.4000244140625,440.3999938964844,865.0999755859375,320.1000061035156,174.39999389648438,24.999999999977263,166.90885466074798,active,
1.0,966.698,966.71,880.4000244140625,301.20001220703125,866.9000244140625,266.1000061035156,64.0999984741211,12.000000000057298,37.60665404508668,active,
1.0,967.779,967.92,845.5999755859375,278.70001220703125,826.7999877929688,288.6000061035156,166.8000030517578,140.9999999999627,21.24733913143483,active,
1.0,968.179,968.193,823.2000122070312,322.3999938964844,867.9000244140625,349.20001220703125,91.5999984741211,14.000000000010004,52.11844273147837,active,
1.0,968.549,968.567,869.9000244140625,369.6000061035156,851.5,446.0,98.30000305175781,18.000000000029104,78.58447662115556,active,
1.0,968.731,968.764,849.2999877929688,456.3999938964844,1078.199951171875,415.79998779296875,175.5,33.00000000001546,232.47269459115006,active,
1.0,969.132,969.167,1077.4000244140625,390.29998779296875,1149.9000244140625,188.60000610351562,157.6999969482422,35.000000000081855,214.33416109786543,active,
1.0,969.38,969.426,1152.0999755859375,183.60000610351562,719.0999755859375,424.29998779296875,302.20001220703125,46.00000000004911,495.4043612901516,active,
1.0,969.711,969.937,874.7000122070312,282.0,872.0999755859375,335.3999938964844,197.39999389648438,225.9999999999991,53.46325409639407,active,
1.0,969.961,970.093,860.2999877929688,357.6000061035156,857.2000122070312,385.79998779296875,360.0,131.99999999994816,28.369857523768076,active,
1.0,970.791,970.826,868.2999877929688,381.5,812.5,581.0999755859375,134.89999389648438,34.99999999996817,207.2529587040974,active,
1.0,971.055,971.08,820.9000244140625,608.4000244140625,787.2999877929688,519.4000244140625,77.5,25.00000000009095,95.13129065107253,active,
1.0,971.287,971.31,773.0,472.5,794.7999877929688,374.6000061035156,97.69999694824219,22.99999999991087,100.29779794544477,active,
1.0,971.641,971.657,800.9000244140625,347.1000061035156,820.5,384.6000061035156,55.70000076293945,16.000000000076398,42.313225390761055,active,
1.0,971.854,971.879,813.7000122070312,386.6000061035156,715.0,486.5,132.89999389648438,24.999999999977263,140.4339744868945,active,
1.0,972.195,972.463,695.2999877929688,519.7000122070312,826.2000122070312,328.1000061035156,187.8000030517578,267.9999999999154,232.04607027586005,active,
1.0,972.527,972.644,814.5999755859375,398.1000061035156,817.5999755859375,415.3999938964844,290.8999938964844,116.9999999999618,17.558176945140623,active,
1.0,972.911,972.924,809.5999755859375,417.1000061035156,832.4000244140625,448.1000061035156,61.5,13.000000000033651,38.48171288501701,active,
1.0,972.947,972.962,798.5,458.8999938964844,726.2000122070312,470.1000061035156,110.4000015258789,14.999999999986358,73.16234351291024,active,
1.0,973.095,973.106,725.4000244140625,469.29998779296875,686.9000244140625,465.0,72.19999694824219,10.999999999967258,38.739384288081816,active,
1.0,973.312,973.343,676.2000122070312,454.70001220703125,894.7000122070312,469.70001220703125,202.60000610351562,30.99999999994907,219.01426894154636,active,
1.0,974.004,974.042,902.9000244140625,506.3999938964844,619.9000244140625,424.20001220703125,200.5,38.000000000010914,294.6961774264241,active,
1.0,974.247,974.27,567.0999755859375,404.1000061035156,689.2000122070312,450.79998779296875,147.5,23.000000000024556,130.72607709507577,active,
1.0,974.683,974.716,679.9000244140625,471.29998779296875,913.0,499.8999938964844,197.89999389648438,33.00000000001546,234.84794861204512,active,
1.0,975.135,975.35,828.7999877929688,410.1000061035156,845.7999877929688,366.1000061035156,429.5,215.00000000003183,47.16990566028302,active,
1.0,975.4,975.504,821.7999877929688,407.79998779296875,781.2999877929688,353.3999938964844,395.5,104.00000000004184,67.82041975642393,active,
1.0,976.089,976.123,786.0999755859375,366.20001220703125,775.2999877929688,561.2000122070312,139.6999969482422,33.999999999991815,195.2988472478224,active,
1.0,976.293,976.308,772.2999877929688,608.0999755859375,802.2000122070312,569.7999877929688,70.5,14.999999999986358,48.589098827855295,active,
1.0,976.462,976.48,801.0999755859375,537.7999877929688,738.2999877929688,517.2999877929688,100.0,18.000000000029104,66.06124784468595,active,
1.0,976.624,976.721,716.5,528.7999877929688,724.0,514.0999755859375,368.70001220703125,96.99999999997999,16.502737920928993,active,
1.0,976.81,976.917,720.5999755859375,525.0999755859375,740.0,460.20001220703125,400.8999938964844,107.00000000008458,67.73747997858787,active,
1.0,977.011,977.044,724.4000244140625,500.70001220703125,678.7999877929688,351.3999938964844,115.19999694824219,33.00000000001546,156.10848409799746,active,
1.0,977.344,977.642,834.5,315.6000061035156,842.0999755859375,316.29998779296875,436.29998779296875,298.0000000000018,7.632142770704418,active,
1.0,977.675,977.802,821.0,357.70001220703125,830.2999877929688,381.29998779296875,152.89999389648438,127.0000000000664,25.366289058634766,active,
1.0,978.196,978.232,829.7000122070312,426.79998779296875,775.9000244140625,626.2999877929688,143.8000030517578,35.99999999994452,206.6269311743355,active,
1.0,978.374,978.399,774.2000122070312,640.5999755859375,695.5999755859375,561.5,98.30000305175781,24.999999999977263,111.51130837064547,active,
1.0,978.484,978.504,685.2000122070312,530.4000244140625,723.7000122070312,457.20001220703125,126.30000305175781,19.99999999998181,82.70726562466882,active,
1.0,978.601,978.613,713.2999877929688,453.29998779296875,705.5999755859375,424.20001220703125,48.70000076293945,12.000000000057298,30.101474500273053,active,
1.0,978.643,978.676,701.2999877929688,431.29998779296875,467.6000061035156,406.20001220703125,178.5,33.00000000001546,235.04401761386183,active,
1.0,978.84,978.857,448.8999938964844,407.0,511.1000061035156,398.79998779296875,103.0,16.999999999939064,62.73819983670474,active,
1.0,978.997,979.055,502.79998779296875,402.20001220703125,1279.9000244140625,579.0999755859375,414.6000061035156,57.999999999992724,796.980591959405,active,
1.0,979.349,979.395,1262.0,602.5,711.2999877929688,573.2000122070312,325.70001220703125,45.999999999935426,551.4789141295363,active,
1.0,979.827,979.868,692.2000122070312,584.5999755859375,1076.199951171875,608.0999755859375,249.89999389648438,41.00000000005366,384.71834258974934,active,
1.0,980.059,980.068,1065.800048828125,618.2999877929688,1066.9000244140625,648.5999755859375,59.900001525878906,9.000000000014552,30.319947337416565,active,
1.0,980.156,980.177,1063.800048828125,651.0,988.0,707.7999877929688,123.0999984741211,21.00000000007185,94.72004020072802,active,
1.0,980.467,980.694,969.2000122070312,722.7000122070312,813.7999877929688,412.6000061035156,245.39999389648438,226.99999999997544,346.85902233226057,active,
1.0,980.764,980.862,795.0999755859375,427.8999938964844,800.9000244140625,393.6000061035156,246.5,97.99999999995634,34.78691893523253,active,
1.0,981.507,981.541,789.7000122070312,438.20001220703125,988.0999755859375,525.2999877929688,158.89999389648438,34.0000000001055,216.67706665870813,active,
1.0,981.645,981.826,611.7000122070312,326.3999938964844,611.7999877929688,380.0,116.5,181.00000000004002,53.600099341462936,active,
1.0,981.921,982.032,1192.199951171875,456.1000061035156,1169.699951171875,401.5,472.1000061035156,110.99999999999,59.0543026925553,active,
1.0,982.266,982.307,1152.300048828125,401.1000061035156,802.2999877929688,408.79998779296875,212.89999389648438,41.00000000005366,350.0847503714365,active,
1.0,982.53,982.555,797.0999755859375,412.6000061035156,657.9000244140625,381.1000061035156,130.3000030517578,24.999999999977263,142.71957261095054,active,
1.0,982.716,982.968,609.5,366.1000061035156,805.0999755859375,331.70001220703125,82.5999984741211,251.9999999999527,198.60188828230588,active,
1.0,983.025,983.157,782.7000122070312,396.79998779296875,777.0,433.20001220703125,283.8999938964844,132.00000000006185,36.843614324664884,active,
1.0,983.504,983.516,781.9000244140625,440.70001220703125,829.2999877929688,432.79998779296875,79.69999694824219,11.999999999943611,48.05379188018816,active,
1.0,983.845,983.861,836.0,435.29998779296875,901.0,455.1000061035156,104.5,15.99999999996271,67.94880959294277,active,
1.0,983.926,984.151,896.2000122070312,456.79998779296875,495.8999938964844,419.0,134.3000030517578,224.99999999990905,402.0807676780534,active,
1.0,984.203,984.327,675.0999755859375,439.70001220703125,668.2000122070312,461.5,365.79998779296875,124.00000000002365,22.865890807135283,active,
1.0,984.432,984.482,662.7000122070312,455.79998779296875,1257.699951171875,412.8999938964844,328.3999938964844,49.999999999954525,596.5444969526466,active,
1.0,984.789,984.794,1229.5999755859375,427.5,1227.800048828125,440.0,42.599998474121094,4.9999999999954525,12.628924591329596,active,
1.0,984.959,985.007,1228.0999755859375,439.29998779296875,714.5999755859375,543.2999877929688,307.6000061035156,48.00000000000182,523.9258058160525,active,
1.0,985.227,985.262,709.0,538.7000122070312,535.5,624.2999877929688,130.6999969482422,34.99999999996817,193.46732494225762,active,
1.0,985.38,985.417,538.2999877929688,615.0,338.29998779296875,749.0,188.39999389648438,37.00000000003456,240.74052421642685,active,
1.0,985.596,985.611,351.29998779296875,754.7000122070312,389.8999938964844,799.0999755859375,91.5999984741211,14.999999999986358,58.83296031341326,active,
1.0,985.748,985.771,398.0,801.2999877929688,475.6000061035156,830.0999755859375,78.9000015258789,22.99999999991087,82.77197740866659,active,
1.0,986.234,986.433,478.79998779296875,836.9000244140625,958.2999877929688,318.1000061035156,374.6000061035156,198.99999999995543,706.4514909029663,active,
1.0,986.485,986.594,903.2999877929688,379.29998779296875,854.2999877929688,382.6000061035156,100.0,109.00000000003729,49.11099796226854,active,
1.0,987.204,987.323,843.0999755859375,429.5,738.7999877929688,494.5,493.8999938964844,119.0000000000282,122.89624670271029,active,
1.0,987.437,987.479,729.4000244140625,482.6000061035156,1003.0999755859375,562.9000244140625,199.8000030517578,42.00000000003001,285.23631643281493,active,
1.0,987.606,987.627,987.0999755859375,563.2999877929688,901.2999877929688,553.9000244140625,116.5999984741211,20.999999999958163,86.31336638550465,active,
1.0,987.763,987.77,889.9000244140625,553.4000244140625,901.2999877929688,539.5,44.599998474121094,6.999999999948159,17.97692531418922,active,
1.0,988.053,988.087,901.5,545.2000122070312,1113.5999755859375,419.79998779296875,187.39999389648438,33.999999999991815,246.39717077637633,active,
1.0,988.344,988.613,1130.5,405.3999938964844,834.0999755859375,389.1000061035156,112.0999984741211,269.00000000000546,296.8478803608134,active,
1.0,988.661,988.782,810.2000122070312,453.20001220703125,791.7999877929688,447.70001220703125,138.5,121.00000000009459,19.20444996447688,active,
1.0,989.442,989.458,791.2999877929688,479.20001220703125,810.5,451.79998779296875,46.099998474121094,15.99999999996271,33.45746264499701,active,
1.0,989.505,989.541,808.4000244140625,437.6000061035156,568.4000244140625,395.6000061035156,167.8000030517578,36.00000000005821,243.64728605096343,active,
1.0,989.898,989.947,548.2000122070312,398.1000061035156,1025.699951171875,400.70001220703125,264.29998779296875,48.99999999997817,477.5070174805474,active,
1.0,990.069,990.115,1013.5,406.8999938964844,620.7000122070312,471.3999938964844,218.60000610351562,46.00000000004911,398.06039794251876,active,
1.0,990.277,990.298,621.7000122070312,477.3999938964844,707.7000122070312,473.3999938964844,119.0999984741211,20.999999999958163,86.09297300012354,active,
1.0,990.533,990.68,839.4000244140625,430.8999938964844,832.5,439.29998779296875,61.29999923706055,146.99999999993452,10.870613339441032,active,
1.0,991.035,991.056,829.7999877929688,497.0,795.2000122070312,432.70001220703125,72.4000015258789,21.00000000007185,73.01812611073638,active,
1.0,991.341,991.36,776.0999755859375,404.70001220703125,842.0,448.8999938964844,100.0,19.000000000005457,79.35018335909518,active,
1.0,991.557,991.579,835.2999877929688,454.8999938964844,734.0,486.3999938964844,118.0999984741211,21.999999999934516,106.08457723371299,active,
1.0,991.949,992.004,689.7999877929688,485.79998779296875,1161.800048828125,439.6000061035156,224.5,55.000000000063665,474.25572840535835,active,
1.0,992.173,992.198,1151.699951171875,447.29998779296875,1275.199951171875,414.6000061035156,137.39999389648438,24.999999999977263,127.75577796127489,active,
1.0,992.38,992.406,1304.0,400.70001220703125,1146.199951171875,407.0,148.89999389648438,25.999999999953616,157.9257586853715,active,
1.0,992.87,993.078,1102.800048828125,436.20001220703125,845.2999877929688,384.0,335.3999938964844,207.99999999997,262.7377451138747,active,
1.0,993.889,993.904,831.7999877929688,423.3999938964844,815.7999877929688,474.79998779296875,80.5,14.999999999986358,53.83269798699143,active,
1.0,994.023,994.076,812.0999755859375,489.6000061035156,822.0,428.70001220703125,278.3999938964844,52.99999999999727,61.69943062938967,active,
1.0,994.288,994.409,811.0999755859375,496.6000061035156,763.4000244140625,465.5,244.39999389648438,120.9999999999809,56.94291634117424,active,
1.0,994.528,994.641,756.4000244140625,472.1000061035156,768.0,348.70001220703125,398.70001220703125,112.9999999999427,123.94401126011182,active,
1.0,994.872,994.921,766.5999755859375,346.3999938964844,1168.5999755859375,431.5,223.39999389648438,49.00000000009186,410.9087624264277,active,
1.0,995.258,995.478,1142.0,448.20001220703125,854.2999877929688,414.3999938964844,186.5,219.9999999999136,289.67868106182624,active,
1.0,995.653,995.783,835.0999755859375,476.70001220703125,785.7999877929688,404.0,152.1999969482422,129.99999999999545,87.83951600099672,active,
1.0,996.209,996.235,771.2999877929688,419.3999938964844,826.9000244140625,540.9000244140625,127.4000015258789,26.000000000067303,133.61744454987672,active,
1.0,996.566,996.61,829.0999755859375,533.5999755859375,619.2999877929688,353.70001220703125,146.60000610351562,43.99999999998272,276.3693754772074,active,
1.0,996.752,996.786,600.5999755859375,345.5,572.7999877929688,147.89999389648438,165.6999969482422,33.999999999991815,199.5459890185684,active,
1.0,996.975,997.062,600.5999755859375,345.5,572.7999877929688,147.89999389648438,0.0,86.99999999998909,199.5459890185684,active,
1.0,997.101,997.155,850.5,477.20001220703125,842.9000244140625,525.4000244140625,132.39999389648438,53.999999999973625,48.79549985054777,active,
1.0,997.324,997.331,820.7000122070312,520.0999755859375,809.9000244140625,507.5,42.29999923706055,7.000000000061846,16.595153542359743,active,
1.0,997.595,997.769,801.2000122070312,389.3999938964844,789.7999877929688,458.70001220703125,103.0,173.99999999997817,70.23142526307831,active,
1.0,997.91,997.915,785.7000122070312,466.6000061035156,793.0999755859375,476.5,39.20000076293945,4.9999999999954525,12.359989367292412,active,
1.0,998.516,998.54,808.0,509.29998779296875,710.7000122070312,460.20001220703125,111.5,24.00000000000091,108.98667453891565,active,
1.0,998.791,998.828,683.2999877929688,449.8999938964844,957.5,467.20001220703125,192.6999969482422,36.999999999920874,274.745222575173,active,
1.0,999.025,999.051,962.7999877929688,474.0,1023.5,373.1000061035156,117.4000015258789,26.000000000067303,117.75100955084983,active,
1.0,999.278,999.392,1021.2999877929688,342.6000061035156,666.2999877929688,660.2000122070312,383.20001220703125,114.00000000003274,476.3347183199574,active,
1.0,999.655,999.838,980.7999877929688,433.20001220703125,972.4000244140625,484.3999938964844,96.0,182.99999999999272,51.88446308643177,active,
1.0,1000.177,1000.419,804.7999877929688,352.20001220703125,804.5999755859375,429.1000061035156,135.10000610351562,241.9999999999618,76.9002540058373,active,
1.0,1001.023,1001.15,763.2999877929688,477.1000061035156,772.7000122070312,506.0,202.10000610351562,126.9999999999527,30.39029625064233,active,
1.0,1001.282,1001.575,770.7000122070312,512.9000244140625,848.7000122070312,382.79998779296875,200.0,293.00000000000637,151.69053869246406,active,
1.0,1001.65,1001.77,828.7000122070312,428.20001220703125,830.9000244140625,457.1000061035156,389.0,120.00000000000455,28.983610902161942,active,
1.0,1001.949,1001.992,822.5,462.8999938964844,1189.0999755859375,467.8999938964844,221.8000030517578,43.00000000000637,366.63407111125116,active,
1.0,1002.187,1002.224,1178.300048828125,474.3999938964844,953.7000122070312,427.3999938964844,156.0,37.00000000003456,229.4649787008829,active,
1.0,1002.369,1002.406,949.7999877929688,428.1000061035156,697.0,502.70001220703125,193.3000030517578,36.999999999920874,263.5773031555823,active,
1.0,1002.576,1002.591,693.7999877929688,503.29998779296875,738.2000122070312,524.9000244140625,81.0,14.999999999986358,49.37533544191813,active,
1.0,1002.808,1002.932,724.5999755859375,531.5,724.5999755859375,531.5,45.400001525878906,124.00000000002365,0.0,active,
1.0,1003.263,1003.273,825.9000244140625,484.6000061035156,795.4000244140625,494.70001220703125,56.79999923706055,9.999999999990905,32.12880519551035,,
1.0,1003.805,1003.827,816.5,504.0,807.2000122070312,441.79998779296875,69.0,22.000000000048203,62.8914246261301,active,
1.0,1003.973,1004.067,785.0999755859375,423.6000061035156,795.9000244140625,397.0,256.79998779296875,94.00000000005093,28.708907666383837,active,
1.0,1004.31,1004.432,783.5,456.70001220703125,801.5999755859375,447.0,101.5,122.00000000007094,20.535319647575218,active,
1.0,1004.691,1004.7,801.2999877929688,450.20001220703125,791.2999877929688,470.70001220703125,47.20000076293945,9.000000000014552,22.808989455914087,active,
1.0,1004.843,1004.868,790.9000244140625,472.70001220703125,650.5999755859375,477.70001220703125,131.89999389648438,25.00000000009095,140.3891153229988,active,
1.0,1005.033,1005.083,609.5999755859375,481.8999938964844,1121.9000244140625,555.4000244140625,288.3999938964844,49.999999999954525,517.5457414715961,active,
1.0,1005.288,1005.31,1100.800048828125,558.4000244140625,1073.699951171875,635.4000244140625,92.19999694824219,21.999999999934516,81.62974514831151,active,
1.0,1005.475,1005.511,1068.300048828125,662.2000122070312,1268.300048828125,747.2999877929688,173.1999969482422,35.99999999994452,217.3522621109041,active,
1.0,1005.714,1005.731,1267.800048828125,747.4000244140625,1217.300048828125,719.4000244140625,83.4000015258789,16.999999999939064,57.74296493946254,active,
1.0,1005.888,1005.937,1170.4000244140625,714.4000244140625,822.9000244140625,379.6000061035156,254.60000610351562,48.99999999997817,482.54253932761463,active,
1.0,1006.311,1006.562,793.4000244140625,394.29998779296875,807.5,341.70001220703125,102.0,250.99999999997635,54.457017391381754,active,
1.0,1006.646,1006.757,769.5,500.3999938964844,787.5999755859375,429.3999938964844,325.70001220703125,110.99999999999,73.27079306389098,active,
1.0,1007.249,1007.291,786.5999755859375,469.29998779296875,1036.300048828125,421.29998779296875,148.5,42.00000000003001,254.27175733288547,active,
1.0,1007.461,1007.498,1034.199951171875,422.20001220703125,807.5999755859375,332.0,160.0,37.00000000003456,243.8925811452576,active,
1.0,1007.69,1007.73,803.0,325.20001220703125,1079.0999755859375,412.70001220703125,202.8000030517578,39.99999999996362,289.6332966330965,active,
1.0,1007.857,1007.878,1069.4000244140625,419.6000061035156,1158.5999755859375,459.29998779296875,126.30000305175781,21.00000000007185,97.63564838319965,active,
1.0,1008.0,1008.047,1176.699951171875,478.5,745.0,356.20001220703125,263.0,47.000000000025466,448.6893522872585,active,
1.0,1008.458,1008.604,740.5999755859375,378.6000061035156,842.7999877929688,387.29998779296875,305.5,146.00000000007185,102.56964549277801,active,
1.0,1009.385,1009.425,821.7999877929688,435.3999938964844,1085.5,522.5,192.39999389648438,39.99999999996362,277.71227466790316,active,
1.0,1009.568,1009.578,1078.5999755859375,525.5999755859375,1108.199951171875,547.2999877929688,72.69999694824219,9.999999999990905,36.70216729940347,active,
1.0,1010.103,1010.16,1123.0,559.0,468.29998779296875,466.0,309.5,57.00000000001637,661.2723387409206,active,
1.0,1010.32,1010.328,466.5,465.29998779296875,452.29998779296875,448.20001220703125,50.900001525878906,7.999999999924512,22.227224561773227,active,
1.0,1010.711,1010.765,445.6000061035156,436.20001220703125,1111.300048828125,521.0999755859375,363.0,53.999999999973625,671.0920582642044,active,
1.0,1011.097,1011.393,1093.9000244140625,544.4000244140625,849.0,343.1000061035156,242.1999969482422,296.0000000000491,317.01375258785686,active,
1.0,1011.712,1011.805,816.2999877929688,420.5,816.0,415.5,377.20001220703125,92.99999999996089,5.008991183455034,active,
1.0,1011.965,1011.983,808.2999877929688,450.1000061035156,758.4000244140625,407.29998779296875,84.69999694824219,17.999999999915417,65.74076294506577,active,
1.0,1012.212,1012.253,740.0999755859375,377.20001220703125,770.9000244140625,646.5,176.89999389648438,41.00000000005366,271.05557812579326,active,
1.0,1012.367,1012.411,766.9000244140625,637.2000122070312,365.20001220703125,593.7000122070312,256.29998779296875,43.99999999998272,404.0484498264151,active,
1.0,1012.674,1012.719,366.79998779296875,605.7999877929688,730.7999877929688,384.20001220703125,255.39999389648438,45.00000000007276,426.1485060160227,active,
1.0,1013.066,1013.121,718.5999755859375,369.20001220703125,1218.9000244140625,578.2999877929688,292.70001220703125,54.99999999994998,542.2388206754141,active,
1.0,1013.269,1013.419,1195.0,585.7000122070312,839.0999755859375,462.20001220703125,103.80000305175781,149.99999999997726,376.7188306654318,active,
1.0,1014.254,1014.28,822.7999877929688,468.8999938964844,706.7000122070312,540.5999755859375,127.5,25.999999999953616,136.45545685432737,active,
1.0,1014.337,1014.36,706.5999755859375,577.9000244140625,812.5,605.2999877929688,148.8000030517578,23.000000000024556,109.38726234833943,active,
1.0,1014.568,1014.589,803.5999755859375,601.2000122070312,757.5,668.0999755859375,91.0,21.00000000007185,81.24538663286077,active,
1.0,1014.676,1014.691,745.4000244140625,690.7999877929688,767.2000122070312,741.5999755859375,79.0999984741211,14.999999999986358,55.279998440117204,active,
1.0,1014.971,1015.003,758.4000244140625,746.2000122070312,792.5,546.4000244140625,154.39999389648438,32.00000000003911,202.689031417667,active,
1.0,1015.367,1015.415,771.0999755859375,542.0,1232.800048828125,659.4000244140625,282.1000061035156,48.00000000000182,476.3924048137877,active,
1.0,1015.616,1015.665,1224.199951171875,663.7000122070312,726.5999755859375,529.2000122070312,279.8999938964844,48.99999999997817,515.4570648493681,active,
1.0,1015.839,1015.859,710.7000122070312,526.5999755859375,772.7000122070312,503.70001220703125,95.9000015258789,19.99999999998181,66.09393559741504,active,
1.0,1015.958,1016.286,771.4000244140625,506.29998779296875,781.4000244140625,438.70001220703125,356.1000061035156,327.99999999997453,68.33561808617338,active,
1.0,1016.411,1016.559,778.0999755859375,424.1000061035156,786.4000244140625,467.20001220703125,373.29998779296875,148.00000000002456,43.891927921570534,active,
1.0,1016.937,1016.974,794.2000122070312,475.3999938964844,585.0999755859375,416.6000061035156,144.60000610351562,37.00000000003456,217.21018364569377,active,
1.0,1017.095,1017.116,574.7000122070312,421.1000061035156,685.0,407.3999938964844,155.3000030517578,20.999999999958163,111.14754896803555,active,
1.0,1017.528,1017.545,649.5,391.1000061035156,682.4000244140625,445.1000061035156,86.5,16.999999999939064,63.232994602864636,active,
1.0,1017.726,1017.736,688.5999755859375,468.29998779296875,664.4000244140625,481.6000061035156,48.70000076293945,9.999999999990905,27.613911779789845,active,
1.0,1017.881,1017.905,654.0,488.6000061035156,562.4000244140625,427.20001220703125,104.19999694824219,24.00000000000091,110.27472411134232,active,
1.0,1018.243,1018.265,518.2000122070312,401.5,642.5,396.20001220703125,154.89999389648438,21.999999999934516,124.41292873306134,active,
1.0,1018.799,1018.936,655.2999877929688,416.20001220703125,787.7999877929688,418.5,440.79998779296875,137.0000000000573,132.51996054877094,active,
1.0,1019.579,1019.599,780.9000244140625,429.1000061035156,824.0,501.5,99.69999694824219,20.000000000095497,84.25774155363638,active,
1.0,1019.778,1019.812,811.5999755859375,513.0,1016.5,596.0,177.5,33.999999999991815,221.07243158042888,active,
1.0,1019.995,1020.004,1039.800048828125,605.0999755859375,1067.199951171875,616.9000244140625,61.29999923706055,9.000000000014552,29.832797401403223,active,
1.0,1020.154,1020.17,1065.199951171875,618.2000122070312,1122.0,633.9000244140625,88.80000305175781,15.99999999996271,58.92992389421791,active,
1.0,1020.346,1020.357,1133.0,641.2000122070312,1105.300048828125,659.9000244140625,58.20000076293945,10.999999999967258,33.42121708536924,active,
1.0,1020.602,1020.647,1100.9000244140625,673.0,732.4000244140625,592.4000244140625,215.8000030517578,45.00000000007276,377.2116197367914,active,
1.0,1020.882,1020.988,714.7000122070312,598.9000244140625,808.4000244140625,438.6000061035156,338.6000061035156,106.00000000010823,185.67656868317948,active,
1.0,1021.23,1021.369,735.7999877929688,412.6000061035156,728.7999877929688,483.5,266.79998779296875,139.00000000001,71.24471302855757,active,
1.0,1021.429,1021.544,705.0999755859375,511.29998779296875,690.5999755859375,537.2999877929688,307.70001220703125,115.0000000000091,29.769951293208393,active,
1.0,1022.342,1022.44,754.5999755859375,388.1000061035156,830.2999877929688,382.29998779296875,340.70001220703125,98.00000000007003,75.92188130274012,active,
1.0,1022.869,1022.906,830.0,406.70001220703125,586.0,340.70001220703125,172.5,36.999999999920874,252.76866894455097,active,
1.0,1022.996,1023.02,577.0999755859375,346.3999938964844,703.5999755859375,409.29998779296875,190.1999969482422,24.00000000000091,141.2751189423593,active,
1.0,1023.153,1023.178,691.5,406.6000061035156,838.7000122070312,478.5,207.3000030517578,24.999999999977263,163.82140493862406,active,
1.0,1023.344,1023.427,821.2000122070312,408.79998779296875,823.0999755859375,429.3999938964844,77.19999694824219,82.99999999996999,20.68743851485886,active,
1.0,1023.721,1023.963,717.2999877929688,286.6000061035156,738.5999755859375,308.3999938964844,355.29998779296875,241.9999999999618,30.47833571168551,active,
1.0,1024.018,1024.131,731.9000244140625,396.5,737.9000244140625,410.79998779296875,310.29998779296875,113.00000000005639,15.507728746630026,active,
1.0,1024.397,1024.414,730.9000244140625,427.3999938964844,808.5999755859375,423.79998779296875,104.9000015258789,17.00000000005275,77.78330448147024,active,
1.0,1024.569,1024.598,818.4000244140625,411.8999938964844,782.5999755859375,558.4000244140625,136.8000030517578,28.999999999996362,150.81081671334937,active,
1.0,1024.777,1024.815,764.9000244140625,587.7999877929688,1024.0999755859375,597.5,179.3000030517578,38.000000000010914,259.3813889320491,active,
1.0,1024.941,1025.071,1008.5,595.7000122070312,1031.4000244140625,586.5,363.20001220703125,129.99999999988177,24.678965593682864,active,
1.0,1025.193,1025.256,1029.5,587.7000122070312,396.20001220703125,704.5999755859375,258.20001220703125,63.00000000010186,643.9988167509036,active,
1.0,1025.555,1025.6,407.20001220703125,713.5999755859375,840.9000244140625,773.2000122070312,263.79998779296875,44.999999999845386,437.77604428933154,active,
1.0,1025.927,1025.97,825.0,783.9000244140625,454.3999938964844,693.0999755859375,213.0,43.00000000012005,381.56128392581405,active,
1.0,1026.051,1026.107,416.29998779296875,686.2000122070312,998.2000122070312,496.1000061035156,341.0,56.00000000004002,612.1647251627974,active,
1.0,1026.284,1026.299,977.0,498.6000061035156,1034.300048828125,501.0,80.4000015258789,14.99999999987267,57.35028828531441,active,
1.0,1026.74,1026.748,811.5,547.0999755859375,834.5999755859375,545.0,49.900001525878906,8.000000000038199,23.195231611959432,,
1.0,1027.455,1027.581,784.2999877929688,486.5,780.2999877929688,532.5,285.79998779296875,125.99999999997635,46.17358552246078,passive,
1.0,1027.722,1027.732,781.7999877929688,529.7999877929688,817.2000122070312,530.0,68.5,9.999999999990905,35.40058944988321,passive,
1.0,1028.058,1028.078,812.0,539.5999755859375,774.0999755859375,462.6000061035156,85.80000305175781,19.99999999998181,85.82195028592879,passive,
1.0,1028.181,1028.205,769.0999755859375,449.8999938964844,734.9000244140625,604.0,169.39999389648438,23.999999999887223,157.84944897357795,passive,
1.0,1028.466,1028.505,728.7000122070312,651.2000122070312,438.8999938964844,646.0999755859375,185.0,39.00000000021464,289.8448912544946,passive,
1.0,1028.71,1028.718,434.79998779296875,645.4000244140625,439.29998779296875,626.7000122070312,42.599998474121094,8.000000000038199,19.233836240935343,passive,
1.0,1028.822,1028.876,453.5,622.2000122070312,968.5,343.20001220703125,303.1000061035156,54.00000000008731,585.718362355151,passive,
1.0,1029.042,1029.056,952.5999755859375,343.29998779296875,913.5999755859375,373.1000061035156,73.19999694824219,14.000000000123691,49.081983367717825,passive,
1.0,1029.237,1029.337,906.5999755859375,381.5,935.0,313.1000061035156,461.8999938964844,99.99999999990905,74.06159971104084,passive,
1.0,1029.429,1029.447,934.5999755859375,365.79998779296875,1026.199951171875,377.20001220703125,126.0,17.99999999980173,92.30664160278808,passive,
1.0,1029.604,1029.624,1034.9000244140625,378.70001220703125,976.0999755859375,331.0,93.0,19.99999999998181,75.71483940906707,passive,
1.0,1030.022,1030.159,946.5,326.6000061035156,762.2000122070312,504.79998779296875,337.6000061035156,137.00000000017099,256.36247575378474,passive,
1.0,1030.284,1030.3,755.2000122070312,504.5,817.5999755859375,524.7999877929688,97.4000015258789,15.999999999849024,65.61893731297026,passive,
1.0,1030.611,1030.734,801.0,535.9000244140625,888.2000122070312,438.3999938964844,389.79998779296875,122.99999999981992,130.80557358092608,passive,
1.0,1030.824,1030.869,879.4000244140625,450.29998779296875,1157.0,517.9000244140625,167.8000030517578,44.999999999845386,285.71228779400843,passive,
1.0,1030.981,1031.03,1139.5999755859375,516.5,677.0999755859375,661.0,266.6000061035156,48.99999999997817,484.54772726739725,passive,
1.0,1031.21,1031.354,725.0,551.5999755859375,705.7000122070312,671.9000244140625,306.1000061035156,144.00000000000546,121.83838178857269,passive,
1.0,1031.405,1031.562,697.5,676.2000122070312,1005.2000122070312,584.4000244140625,388.70001220703125,156.99999999992542,321.10206363553067,passive,
1.0,1031.808,1031.831,997.0,577.9000244140625,1085.0,538.2000122070312,113.30000305175781,22.99999999991087,96.54061823521968,passive,
1.0,1031.998,1032.047,1101.5,519.2999877929688,674.2999877929688,688.2999877929688,255.1999969482422,48.99999999997817,459.41359408455435,passive,
1.0,1032.251,1032.3,672.9000244140625,684.2999877929688,1041.0999755859375,528.0,222.89999389648438,48.99999999997817,400.00111278226876,passive,
1.0,1032.464,1032.511,1028.300048828125,521.5999755859375,622.7000122070312,558.7000122070312,222.8000030517578,47.000000000025466,407.293263416324,passive,
1.0,1032.713,1032.862,802.5999755859375,465.79998779296875,795.4000244140625,575.2000122070312,222.89999389648438,149.0000000001146,109.63669385144216,passive,
1.0,1033.047,1033.08,792.5999755859375,577.9000244140625,566.0999755859375,570.5,175.3000030517578,32.999999999901775,226.6208515590053,passive,
1.0,1033.317,1033.351,541.4000244140625,572.7000122070312,770.9000244140625,523.2000122070312,165.8000030517578,34.0000000001055,234.77755429342048,passive,
1.0,1033.463,1033.672,770.5999755859375,427.70001220703125,772.7999877929688,495.1000061035156,311.8999938964844,209.00000000006003,67.43588978398088,passive,
1.0,1033.835,1033.844,768.2999877929688,503.29998779296875,799.5999755859375,512.5,64.5999984741211,9.000000000014552,32.62406259878614,passive,
1.0,1034.33,1034.356,806.5,509.70001220703125,753.7000122070312,421.29998779296875,94.4000015258789,26.000000000067303,102.96797088097101,passive,
1.0,1034.592,1034.633,724.7999877929688,392.1000061035156,1017.0,388.70001220703125,179.8000030517578,40.99999999993997,292.2197924376194,passive,
1.0,1034.941,1034.968,1021.7999877929688,388.5,1104.800048828125,505.3999938964844,132.10000610351562,27.000000000043656,143.368820546302,passive,
1.0,1035.225,1035.239,1125.5999755859375,528.5999755859375,1143.9000244140625,495.3999938964844,49.900001525878906,14.000000000123691,37.90950502567637,passive,
1.0,1035.831,1035.877,1139.9000244140625,476.79998779296875,766.4000244140625,390.3999938964844,226.10000610351562,46.00000000004911,383.3630250106452,passive,
1.0,1036.174,1036.19,747.2999877929688,384.6000061035156,799.0999755859375,392.3999938964844,73.0999984741211,16.000000000076398,52.38395312423618,passive,
1.0,1036.334,1036.441,807.2999877929688,407.1000061035156,838.2000122070312,363.5,293.5,106.9999999999709,53.43942403335068,passive,
1.0,1036.482,1038.177,807.2999877929688,407.1000061035156,838.2000122070312,363.5,0.0,1694.9999999999363,53.43942403335068,passive,
1.0,1038.585,1038.606,807.2999877929688,407.1000061035156,838.2000122070312,363.5,0.0,20.999999999958163,53.43942403335068,passive,
1.0,1038.629,1038.716,807.2999877929688,407.1000061035156,838.2000122070312,363.5,0.0,86.99999999998909,53.43942403335068,passive,
1.0,1038.993,1039.02,820.2000122070312,557.7000122070312,751.9000244140625,660.4000244140625,94.80000305175781,27.000000000043656,123.33766999519672,passive,
1.0,1039.121,1039.258,691.7000122070312,472.79998779296875,809.2000122070312,520.5999755859375,251.1999969482422,136.9999999999436,126.85065562703238,passive,
1.0,1039.321,1039.478,798.2000122070312,525.0999755859375,777.2000122070312,480.29998779296875,257.8999938964844,157.0000000001528,49.47766067883716,passive,
1.0,1039.505,1039.626,771.4000244140625,487.3999938964844,777.9000244140625,437.6000061035156,75.5,120.99999999986721,50.22239325420321,passive,
1.0,1039.663,1039.795,762.0999755859375,490.29998779296875,779.5,447.6000061035156,216.89999389648438,132.00000000006185,46.10910198528706,passive,
1.0,1039.882,1040.007,777.0,455.8999938964844,780.5,515.2000122070312,87.5,125.0,59.40321684581732,passive,
1.0,1040.298,1040.316,783.2999877929688,512.7000122070312,850.2000122070312,530.5999755859375,92.5,18.000000000029104,69.25331728927029,passive,
1.0,1040.652,1040.687,859.7999877929688,544.7000122070312,687.2000122070312,593.2999877929688,125.9000015258789,34.99999999985448,179.31176536752946,passive,
1.0,1040.811,1040.823,676.2000122070312,587.5999755859375,670.7999877929688,563.7999877929688,50.599998474121094,12.000000000170985,24.404911034829293,passive,
1.0,1040.851,1040.981,930.7999877929688,489.8999938964844,939.5,444.6000061035156,420.70001220703125,129.99999999988177,46.127856079007294,passive,
1.0,1041.209,1042.115,941.4000244140625,452.70001220703125,792.7000122070312,485.0,143.10000610351562,905.9999999999491,152.1676143001433,passive,
1.0,1042.139,1042.276,799.0,554.7000122070312,799.0,552.2000122070312,4.800000190734863,137.00000000017099,2.5,passive,
1.0,1042.298,1042.338,817.2000122070312,485.8999938964844,1070.4000244140625,475.6000061035156,176.3000030517578,39.99999999996362,253.40942352283602,passive,
1.0,1042.458,1042.56,1071.5,475.8999938964844,689.2999877929688,411.5,440.8999938964844,101.99999999986176,387.5876785256751,passive,
1.0,1042.771,1042.973,1071.5,475.8999938964844,689.2999877929688,411.5,0.0,201.99999999999818,387.5876785256751,passive,
1.0,1043.01,1043.238,545.0,441.70001220703125,607.0,372.20001220703125,601.7999877929688,228.00000000006548,93.13565375300696,passive,
1.0,1043.339,1043.526,607.0999755859375,376.3999938964844,611.0,386.20001220703125,396.79998779296875,187.0000000001255,10.54753759497152,passive,
1.0,1043.565,1043.705,623.5999755859375,428.6000061035156,644.0,405.1000061035156,458.79998779296875,139.99999999987267,31.119302628663547,passive,
1.0,1043.919,1043.944,658.2999877929688,458.70001220703125,780.5,525.7000122070312,143.39999389648438,24.999999999863576,139.36227245348215,passive,
1.0,1043.991,1044.184,800.2000122070312,525.0,795.0999755859375,543.9000244140625,61.29999923706055,192.99999999998363,19.576038832936963,passive,
1.0,1044.242,1044.375,800.7999877929688,466.0,808.2000122070312,397.29998779296875,71.9000015258789,133.0000000000382,69.09740978195177,passive,
1.0,1044.596,1044.615,795.0999755859375,460.29998779296875,853.0999755859375,496.79998779296875,80.0,19.000000000005457,68.52919086053767,passive,
1.0,1044.801,1044.867,795.0999755859375,460.29998779296875,853.0999755859375,496.79998779296875,0.0,66.00000000003092,68.52919086053767,passive,
1.0,1045.012,1045.6,868.7999877929688,618.2000122070312,933.2000122070312,403.6000061035156,488.0,587.9999999999654,224.054738321154,passive,
1.0,1046.041,1046.174,912.7000122070312,465.70001220703125,751.2000122070312,485.6000061035156,96.30000305175781,133.0000000000382,162.72141763480343,passive,
1.0,1046.271,1046.385,748.9000244140625,368.5,753.9000244140625,382.79998779296875,180.89999389648438,114.00000000003274,15.148915831803121,passive,
1.0,1046.479,1046.599,737.2999877929688,427.6000061035156,771.0,449.3999938964844,87.4000015258789,119.99999999989086,40.136396082952466,passive,
1.0,1046.813,1046.823,778.0,468.6000061035156,804.0999755859375,478.6000061035156,55.5,9.999999999990905,27.95011136984133,passive,
1.0,1047.355,1047.39,813.2000122070312,493.0,685.0,639.0,150.8000030517578,35.000000000081855,194.29679135251556,passive,
1.0,1047.652,1047.761,677.5999755859375,658.9000244140625,781.5,540.7999877929688,297.70001220703125,108.9999999999236,157.29854965366485,passive,
1.0,1047.797,1047.928,776.4000244140625,545.2999877929688,830.0999755859375,513.4000244140625,252.1999969482422,131.0000000000855,62.46032676377317,passive,
1.0,1048.142,1048.178,822.0,511.0,922.0999755859375,670.0,154.39999389648438,36.00000000005821,187.885617098024,passive,
1.0,1048.297,1048.333,913.2000122070312,678.5999755859375,676.0999755859375,689.7999877929688,183.89999389648438,36.00000000005821,237.36441948860332,passive,
1.0,1048.535,1048.566,677.0,688.5,809.2000122070312,587.9000244140625,153.39999389648438,30.99999999994907,166.12404496469026,passive,
1.0,1048.982,1049.008,825.0,553.5,697.2000122070312,627.7999877929688,148.3000030517578,26.000000000067303,147.8287017663291,passive,
1.0,1049.289,1049.3,675.2999877929688,658.9000244140625,677.0999755859375,700.5,71.5,10.999999999967258,41.6388991785978,passive,
1.0,1049.683,1049.723,657.4000244140625,711.4000244140625,924.0,647.5,187.6999969482422,39.99999999996362,274.1509804880155,passive,
1.0,1049.96,1049.997,908.7000122070312,658.2999877929688,826.0,452.29998779296875,168.89999389648438,37.00000000003456,221.9803865638654,passive,
1.0,1050.232,1050.252,805.5,448.0,798.2000122070312,377.70001220703125,75.19999694824219,19.99999999998181,70.67798883293898,passive,
1.0,1050.438,1050.443,796.0999755859375,351.70001220703125,783.7000122070312,349.20001220703125,42.0,4.999999999881766,12.649470020448133,passive,
1.0,1050.809,1051.027,773.5,358.20001220703125,807.4000244140625,398.8999938964844,215.89999389648438,218.00000000007458,52.968860331291374,passive,
1.0,1051.209,1051.224,797.0999755859375,432.0,792.5999755859375,479.70001220703125,71.5,14.99999999987267,47.91180610821231,passive,
1.0,1051.646,1051.697,803.0,497.0,402.3999938964844,440.5,200.89999389648438,50.99999999993088,404.5647227454919,passive,
1.0,1051.82,1051.832,399.8999938964844,451.0,433.79998779296875,471.79998779296875,62.29999923706055,12.000000000170985,39.77246633500778,passive,
1.0,1052.043,1052.053,433.5,484.6000061035156,459.6000061035156,481.5,46.0,10.000000000218279,26.283461652632194,passive,
1.0,1052.183,1052.236,464.3999938964844,490.8999938964844,1006.4000244140625,302.29998779296875,289.6000061035156,53.00000000011096,573.8762892673836,passive,
1.0,1052.519,1052.566,977.5,333.1000061035156,585.9000244140625,673.5999755859375,306.0,47.000000000025466,518.932336722657,passive,
1.0,1052.775,1052.78,579.5,672.5999755859375,567.2000122070312,666.7999877929688,41.0,4.999999999881766,13.598880766657482,passive,
1.0,1052.959,1052.967,561.9000244140625,659.4000244140625,547.0,638.7999877929688,56.0,8.000000000038199,25.423851720973794,passive,
1.0,1053.133,1053.157,544.5999755859375,638.7999877929688,491.70001220703125,532.2999877929688,134.10000610351562,23.999999999887223,118.91449081373398,passive,
1.0,1053.299,1053.34,473.70001220703125,518.5,819.0999755859375,507.79998779296875,254.39999389648438,40.99999999993997,345.5656594098731,passive,
1.0,1053.81,1053.831,793.2999877929688,503.0,768.9000244140625,458.20001220703125,57.400001525878906,20.999999999958163,51.01369540762671,passive,
1.0,1054.157,1054.313,766.9000244140625,505.3999938964844,782.4000244140625,514.0999755859375,270.6000061035156,156.00000000017644,17.774692160395343,passive,
1.0,1054.455,1054.476,785.9000244140625,514.5,848.2999877929688,566.0,101.30000305175781,21.000000000185537,80.90738797964522,passive,
1.0,1054.74,1054.784,854.4000244140625,586.4000244140625,759.9000244140625,316.29998779296875,170.1999969482422,44.000000000096406,286.1542936646525,passive,
1.0,1054.981,1055.358,718.5999755859375,292.8999938964844,858.5999755859375,629.2000122070312,227.6999969482422,376.9999999999527,364.27695825521846,passive,
1.0,1055.647,1055.667,847.7999877929688,662.2000122070312,761.5999755859375,716.7000122070312,144.1999969482422,19.99999999998181,101.98378353685618,passive,
1.0,1055.801,1055.841,739.0999755859375,729.0,664.7999877929688,444.20001220703125,194.0,39.99999999996362,294.33233127352906,passive,
1.0,1056.061,1056.1,644.9000244140625,421.5,971.7000122070312,447.5,217.39999389648438,38.99999999998727,327.8326280611564,passive,
1.0,1056.265,1056.288,969.2000122070312,458.1000061035156,961.2000122070312,562.4000244140625,106.5,22.99999999991087,104.60637561630942,passive,
1.0,1056.623,1056.755,947.2000122070312,599.4000244140625,835.7000122070312,411.8999938964844,381.8999938964844,132.00000000006185,218.1479118490313,passive,
1.0,1057.146,1057.259,822.5,460.5,805.0,392.20001220703125,227.3000030517578,113.00000000005639,70.50629994915121,passive,
1.0,1057.452,1057.484,787.7000122070312,371.6000061035156,630.0999755859375,343.1000061035156,105.19999694824219,31.99999999992542,160.1562410365893,passive,
1.0,1057.72,1057.768,587.0999755859375,332.8999938964844,271.0,326.79998779296875,154.8000030517578,48.00000000000182,316.1588281859186,passive,
1.0,1057.987,1058.048,270.0,327.29998779296875,948.2000122070312,291.20001220703125,317.29998779296875,60.99999999992178,679.1601171998564,passive,
1.0,1058.113,1058.282,923.7999877929688,304.6000061035156,1111.0999755859375,250.8000030517578,466.0,168.99999999986903,194.87361482667527,passive,
1.0,1058.335,1058.667,1061.699951171875,295.3999938964844,785.0,421.8999938964844,343.79998779296875,331.99999999987995,304.24515276092404,passive,
1.0,1058.84,1058.856,778.5999755859375,427.20001220703125,821.7999877929688,469.0,87.80000305175781,16.000000000076398,60.11222865757004,passive,
1.0,1059.055,1059.061,813.9000244140625,489.3999938964844,799.2000122070312,488.5,39.20000076293945,5.999999999858119,14.727537061592372,passive,
1.0,1059.299,1059.318,788.2999877929688,479.3999938964844,760.7999877929688,437.6000061035156,52.0,19.000000000005457,50.03487763043232,passive,
1.0,1059.444,1059.488,751.7999877929688,432.20001220703125,1072.300048828125,392.8999938964844,203.60000610351562,44.000000000096406,322.9005738036837,passive,
1.0,1059.612,1059.728,1060.199951171875,402.6000061035156,361.79998779296875,331.6000061035156,152.89999389648438,115.99999999998545,701.9996501763071,passive,
1.0,1059.98,1059.992,355.1000061035156,342.5,314.70001220703125,346.3999938964844,66.69999694824219,11.999999999943611,40.58779938883839,passive,
1.0,1060.163,1060.214,304.79998779296875,341.0,852.2000122070312,367.20001220703125,293.1000061035156,50.99999999993088,548.0266666578962,passive,
1.0,1060.384,1060.435,833.0,371.1000061035156,915.2999877929688,736.9000244140625,189.39999389648438,50.99999999993088,374.9439176553198,passive,
1.0,1060.626,1060.645,914.7999877929688,737.0,840.5,728.0999755859375,99.5,19.000000000005457,74.83113403260847,passive,
1.0,1061.02,1061.06,789.2000122070312,698.0999755859375,1117.5,787.5,219.10000610351562,39.99999999996362,340.2546786601154,passive,
1.0,1061.189,1061.252,1122.5999755859375,789.2000122070312,1342.0999755859375,375.20001220703125,242.8000030517578,62.99999999987449,468.58963923672064,passive,
1.0,1061.359,1061.485,1327.0999755859375,389.0,632.7999877929688,346.70001220703125,351.1000061035156,125.99999999997635,695.5873503857024,passive,
1.0,1061.606,1061.786,833.5999755859375,316.20001220703125,835.0999755859375,345.20001220703125,159.39999389648438,180.00000000006366,29.038767191463208,passive,
1.0,1061.971,1061.984,833.0,375.29998779296875,792.0,385.3999938964844,64.9000015258789,12.999999999919964,42.22570453279676,passive,
1.0,1062.167,1062.425,671.4000244140625,271.6000061035156,686.2999877929688,381.1000061035156,284.5,258.0000000000382,110.50908971072356,passive,
1.0,1062.647,1062.667,691.2000122070312,408.79998779296875,770.0999755859375,416.8999938964844,112.4000015258789,19.99999999998181,79.31465387978275,passive,
1.0,1063.072,1063.096,777.0999755859375,425.1000061035156,708.9000244140625,350.5,109.4000015258789,24.000000000114596,101.07618043085473,passive,
1.0,1063.184,1063.219,689.9000244140625,300.5,450.6000061035156,263.5,175.5,35.000000000081855,242.14354991084952,passive,
1.0,1063.333,1063.749,853.4000244140625,759.0,848.4000244140625,742.7000122070312,86.19999694824219,415.99999999994,17.04962175682881,passive,
1.0,1064.054,1064.094,836.4000244140625,705.4000244140625,1063.199951171875,709.9000244140625,170.10000610351562,39.99999999996362,226.84456523652736,passive,
1.0,1064.25,1064.286,1054.4000244140625,714.4000244140625,968.7999877929688,461.79998779296875,198.5,36.00000000005821,266.7098512813325,passive,
1.0,1064.4,1064.446,958.0999755859375,418.79998779296875,1129.5,379.8999938964844,179.10000610351562,45.99999999982174,175.75886291816906,passive,
1.0,1064.489,1065.295,1245.9000244140625,297.3999938964844,815.2999877929688,349.1000061035156,270.0,806.00000000004,433.69261326461907,passive,
1.0,1065.317,1065.443,816.4000244140625,379.8999938964844,763.5999755859375,392.70001220703125,295.79998779296875,125.99999999997635,54.32941767590298,passive,
1.0,1065.685,1066.337,816.4000244140625,379.8999938964844,763.5999755859375,392.70001220703125,0.0,652.0000000000437,54.32941767590298,passive,
1.0,1066.387,1066.503,762.5,464.20001220703125,755.5,508.0,270.6000061035156,115.99999999998545,44.355821835067054,passive,
1.0,1066.727,1066.925,832.0,380.3999938964844,839.4000244140625,364.3999938964844,388.6000061035156,197.9999999998654,17.62839644802445,passive,
1.0,1067.013,1067.14,814.5999755859375,439.70001220703125,802.7999877929688,384.70001220703125,117.0,127.00000000018008,56.251575194959756,passive,
1.0,1067.536,1067.549,793.5,475.3999938964844,788.4000244140625,501.5,46.0,12.999999999919964,26.593609562838804,passive,
1.0,1067.782,1067.889,800.7999877929688,460.8999938964844,803.7000122070312,468.70001220703125,113.0999984741211,106.9999999999709,8.321684159292822,passive,
1.0,1068.341,1068.364,798.5,498.0,691.0,530.2999877929688,121.9000015258789,23.000000000138243,112.24766906900976,passive,
1.0,1068.413,1068.446,681.7999877929688,537.9000244140625,461.29998779296875,508.5,166.10000610351562,32.999999999901775,222.4513686978515,passive,
1.0,1068.674,1068.684,433.70001220703125,487.5,407.0,470.20001220703125,57.900001525878906,9.999999999990905,31.814780047840745,passive,
1.0,1068.799,1068.926,385.20001220703125,470.6000061035156,926.5999755859375,682.7999877929688,336.70001220703125,126.9999999999527,581.500432137144,passive,
1.0,1069.102,1069.128,928.0999755859375,669.7000122070312,1092.699951171875,695.2000122070312,176.3000030517578,25.99999999983993,166.56350729644,passive,
1.0,1069.556,1069.592,1117.5999755859375,700.7999877929688,1334.5999755859375,759.0999755859375,159.60000610351562,36.00000000005821,224.69510136329254,passive,
1.0,1069.866,1069.995,1327.5999755859375,768.7000122070312,987.7000122070312,499.79998779296875,220.60000610351562,128.9999999999054,433.4042088338151,passive,
1.0,1070.18,1070.193,972.7000122070312,519.7999877929688,953.2999877929688,636.0,10.100000381469727,12.999999999919964,117.80833495207558,passive,
1.0,1070.324,1070.435,785.2000122070312,486.20001220703125,794.7000122070312,482.70001220703125,203.5,110.99999999987631,10.124228365658293,,
1.0,1070.67,1070.975,782.7000122070312,526.2000122070312,805.7000122070312,465.3999938964844,341.3999938964844,304.9999999998363,65.00494001660824,,
1.0,1071.018,1071.146,799.7000122070312,486.0,817.7999877929688,484.8999938964844,405.70001220703125,127.99999999992906,18.133370608888608,passive,
1.0,1071.339,1071.346,825.5,519.7000122070312,805.2999877929688,520.7999877929688,47.5,7.000000000061846,20.229939185619667,passive,
1.0,1071.75,1071.777,811.7000122070312,510.79998779296875,958.2000122070312,475.79998779296875,137.60000610351562,27.000000000043656,150.62287342897162,passive,
1.0,1072.153,1072.382,921.9000244140625,443.6000061035156,924.7999877929688,455.79998779296875,125.30000305175781,229.00000000004184,12.539909920808398,passive,
1.0,1072.457,1072.562,907.2999877929688,502.0,958.7999877929688,459.3999938964844,516.5999755859375,104.99999999979082,66.83569794667793,passive,
1.0,1072.918,1072.934,969.2999877929688,476.20001220703125,1019.7999877929688,472.3999938964844,73.5999984741211,16.000000000076398,50.642769860667094,passive,
1.0,1073.146,1073.182,1028.699951171875,471.6000061035156,808.5999755859375,512.0,171.3000030517578,36.00000000005821,223.77702911551546,passive,
1.0,1073.347,1073.37,808.7000122070312,514.2999877929688,932.7999877929688,502.1000061035156,149.89999389648438,22.99999999991087,124.69820966498787,passive,
1.0,1073.586,1073.607,954.5,498.8999938964844,848.0999755859375,504.0,121.80000305175781,20.999999999958163,106.52218199778389,passive,
1.0,1073.707,1073.89,837.2000122070312,395.20001220703125,842.0999755859375,414.6000061035156,198.6999969482422,182.99999999999272,20.00923297626007,passive,
1.0,1073.982,1074.097,822.4000244140625,488.79998779296875,836.4000244140625,523.7000122070312,345.5,115.0000000000091,37.60334698005164,passive,
1.0,1074.308,1074.355,837.9000244140625,530.5999755859375,977.4000244140625,358.1000061035156,129.10000610351562,47.000000000025466,221.8478971535148,passive,
1.0,1074.418,1074.44,972.4000244140625,358.5,1084.4000244140625,344.6000061035156,144.39999389648438,22.00000000016189,112.85924787239325,passive,
1.0,1074.626,1074.633,1078.300048828125,338.8999938964844,1097.0999755859375,338.1000061035156,43.099998474121094,7.000000000061846,18.816939883201343,passive,
1.0,1075.748,1075.779,1068.199951171875,339.8999938964844,885.0,434.29998779296875,164.0,30.99999999994907,206.09119572905988,passive,
1.0,1075.844,1075.958,858.5999755859375,466.3999938964844,841.0999755859375,501.20001220703125,241.0,114.00000000003274,38.95242321620566,passive,
1.0,1076.347,1076.373,842.0,527.2999877929688,813.5999755859375,432.5,86.80000305175781,26.000000000067303,98.962614518142,passive,
1.0,1076.821,1076.841,799.2000122070312,376.0,846.0999755859375,445.3999938964844,97.0,19.99999999998181,83.76136172349884,passive,
1.0,1076.872,1077.005,843.2000122070312,473.70001220703125,866.0999755859375,488.20001220703125,206.39999389648438,133.0000000000382,27.10458121342677,passive,
1.0,1077.119,1077.137,862.7000122070312,488.6000061035156,827.0,545.7999877929688,97.5999984741211,18.000000000029104,67.42646940820758,passive,
1.0,1077.308,1077.333,821.5,572.2999877929688,777.2999877929688,472.79998779296875,104.4000015258789,25.00000000009095,108.8755761367154,passive,
1.0,1077.557,1077.569,755.2999877929688,417.1000061035156,715.9000244140625,410.8999938964844,69.19999694824219,11.999999999943611,39.88479993213568,passive,
1.0,1077.653,1077.703,686.4000244140625,409.6000061035156,1127.199951171875,344.6000061035156,219.3000030517578,49.999999999954525,445.5665779989483,passive,
1.0,1077.78,1077.987,1120.0999755859375,351.0,803.4000244140625,211.8000030517578,267.1000061035156,207.00000000010732,345.94146646890806,passive,
1.0,1078.068,1078.182,833.5999755859375,299.6000061035156,916.0999755859375,514.2000122070312,448.70001220703125,114.00000000003274,229.91174963369954,passive,
1.0,1078.25,1078.274,923.7999877929688,558.7000122070312,822.5,584.0999755859375,117.19999694824219,23.999999999887223,104.43584473975109,passive,
1.0,1078.4,1078.415,832.9000244140625,587.0999755859375,832.0999755859375,633.0,84.0,14.99999999987267,45.90699640946811,passive,
1.0,1078.594,1078.824,748.2000122070312,260.29998779296875,856.7999877929688,299.29998779296875,262.3999938964844,230.0000000000182,115.39044456655074,passive,
1.0,1078.963,1079.088,866.0,400.79998779296875,808.0999755859375,410.1000061035156,416.5,125.0,58.64216203147306,passive,
1.0,1079.479,1079.493,786.5999755859375,449.8999938964844,751.4000244140625,485.6000061035156,77.19999694824219,13.999999999896318,50.13509184278577,passive,
1.0,1079.761,1079.781,733.2999877929688,496.5,653.0,479.79998779296875,102.80000305175781,19.99999999998181,82.01815925309421,passive,
1.0,1079.98,1079.988,622.2999877929688,469.8999938964844,609.5,457.8999938964844,38.400001525878906,8.000000000038199,17.545360854087583,passive,
1.0,1080.217,1080.276,596.9000244140625,417.3999938964844,875.2999877929688,396.8999938964844,292.8999938964844,58.99999999996908,279.15370248194154,passive,
1.0,1080.523,1080.574,1248.800048828125,347.1000061035156,695.2000122070312,419.1000061035156,278.79998779296875,51.00000000015825,558.2624835566835,passive,
1.0,1080.746,1080.766,691.5,427.79998779296875,616.5,413.8999938964844,94.0999984741211,19.99999999998181,76.27719076055635,passive,
1.0,1080.901,1080.958,600.4000244140625,414.3999938964844,1286.0,296.8999938964844,337.5,57.00000000001637,695.5958428020097,passive,
1.0,1081.163,1081.215,1270.199951171875,303.79998779296875,829.4000244140625,440.8999938964844,220.60000610351562,51.99999999990723,461.6286246576103,passive,
1.0,1081.284,1081.398,821.5,467.79998779296875,757.4000244140625,469.3999938964844,487.29998779296875,113.99999999980537,64.11994143516563,passive,
1.0,1081.663,1081.679,751.0,468.79998779296875,813.0,453.5,91.5999984741211,16.000000000076398,63.859921910890186,passive,
1.0,1082.004,1082.023,819.5,435.79998779296875,868.4000244140625,492.79998779296875,103.19999694824219,19.000000000005457,75.1013474426119,passive,
1.0,1082.207,1082.223,870.7999877929688,504.8999938964844,837.7000122070312,542.7999877929688,63.79999923706055,15.999999999849024,50.319160576694955,passive,
1.0,1082.447,1082.473,838.0,541.2999877929688,749.7000122070312,627.2999877929688,128.5,26.000000000067303,123.25943308420021,passive,
1.0,1082.631,1082.76,1052.5999755859375,798.4000244140625,1125.199951171875,580.9000244140625,593.7000122070312,128.9999999999054,229.29676503404647,passive,
1.0,1082.829,1082.945,1112.800048828125,572.2999877929688,851.2999877929688,454.29998779296875,496.70001220703125,115.99999999998545,286.8907142474124,passive,
1.0,1083.008,1083.133,782.2000122070312,482.6000061035156,780.5999755859375,440.6000061035156,290.8999938964844,125.0,42.030466535464974,passive,
1.0,1083.3,1083.317,785.2000122070312,469.29998779296875,851.7000122070312,476.8999938964844,96.5,17.00000000005275,66.93287751750611,passive,
1.0,1083.791,1083.83,867.7999877929688,488.0,1082.699951171875,448.29998779296875,141.3000030517578,38.99999999998727,218.53623321887306,passive,
1.0,1084.308,1084.332,1069.5999755859375,443.3999938964844,904.2999877929688,464.20001220703125,180.89999389648438,24.000000000114596,166.60350154205855,passive,
1.0,1084.394,1084.53,853.4000244140625,491.29998779296875,673.0999755859375,480.70001220703125,414.79998779296875,135.99999999996726,180.611370322709,passive,
1.0,1084.816,1084.836,664.2000122070312,474.1000061035156,757.5,466.0,121.9000015258789,19.99999999998181,93.65093603934297,passive,
1.0,1085.313,1085.341,780.9000244140625,459.29998779296875,937.9000244140625,461.79998779296875,157.8000030517578,27.999999999792635,157.0199031970151,passive,
1.0,1085.367,1085.489,949.5,481.3999938964844,945.5999755859375,465.8999938964844,544.2999877929688,122.00000000007094,15.983122048907827,passive,
1.0,1085.541,1085.667,937.9000244140625,498.79998779296875,426.5,535.9000244140625,306.79998779296875,125.99999999997635,512.7439884464666,passive,
1.0,1085.964,1086.748,432.5,544.9000244140625,833.2999877929688,439.5,63.79999923706055,784.0000000001055,414.4270688086492,passive,
1.0,1087.088,1087.108,804.7000122070312,518.4000244140625,742.7999877929688,481.70001220703125,70.5,19.99999999998181,71.96182264546789,passive,
1.0,1087.224,1087.318,726.7999877929688,491.79998779296875,735.7000122070312,457.0,411.3999938964844,94.00000000005093,35.92004433407178,passive,
1.0,1087.346,1087.466,729.2000122070312,476.70001220703125,737.7000122070312,438.29998779296875,225.8000030517578,119.99999999989086,39.32952930052171,passive,
1.0,1087.511,1087.626,724.2999877929688,474.1000061035156,733.0999755859375,432.6000061035156,173.8000030517578,115.0000000000091,42.4227507966704,passive,
1.0,1087.997,1088.008,748.7000122070312,479.8999938964844,709.5,481.5,73.19999694824219,10.999999999967258,39.23265191855741,passive,
1.0,1088.127,1088.202,698.2000122070312,475.1000061035156,693.7000122070312,470.29998779296875,43.79999923706055,75.00000000004547,6.579527018075485,passive,
1.0,1088.374,1088.395,689.7000122070312,466.1000061035156,778.7000122070312,473.70001220703125,92.9000015258789,20.999999999958163,89.32390549440544,passive,
1.0,1088.986,1089.212,793.7999877929688,479.29998779296875,832.2000122070312,363.0,324.79998779296875,225.9999999998854,122.47550381870359,passive,
1.0,1089.798,1089.815,823.7000122070312,439.20001220703125,804.9000244140625,473.3999938964844,51.900001525878906,17.00000000005275,39.026635629717084,passive,
1.0,1089.851,1089.99,560.5999755859375,564.2000122070312,478.1000061035156,534.2000122070312,461.70001220703125,138.99999999989632,87.78522065017859,passive,
1.0,1090.102,1090.303,1226.300048828125,515.0999755859375,1256.9000244140625,474.20001220703125,396.5,201.00000000002183,51.07999129067901,passive,
1.0,1090.59,1090.792,1208.800048828125,519.2000122070312,558.5,374.70001220703125,262.6000061035156,201.99999999999818,666.1609441462789,passive,
1.0,1090.846,1090.985,574.9000244140625,461.8999938964844,724.9000244140625,471.20001220703125,416.0,138.99999999989632,150.28802460800563,passive,
1.0,1091.147,1091.164,745.0999755859375,470.8999938964844,809.9000244140625,496.5,110.5999984741211,17.00000000005275,69.67357203866773,passive,
1.0,1091.937,1091.963,810.7999877929688,505.0,853.2000122070312,403.3999938964844,95.4000015258789,26.000000000067303,110.09233992675198,passive,
1.0,1092.044,1092.148,841.0,417.3999938964844,837.2999877929688,380.1000061035156,414.0,103.99999999981446,37.48305189932909,passive,
1.0,1092.709,1092.739,824.0,427.70001220703125,933.5,584.2000122070312,152.6999969482422,29.999999999972715,191.0039266612077,passive,
1.0,1093.228,1093.236,941.0,604.5,947.7000122070312,624.2999877929688,44.0,8.000000000038199,20.902862966016862,passive,
1.0,1093.314,1093.345,943.9000244140625,627.5,866.0,424.29998779296875,212.60000610351562,30.99999999994907,217.62044656844444,passive,
1.0,1094.801,1094.928,794.9000244140625,538.5999755859375,830.9000244140625,483.6000061035156,600.9000244140625,127.00000000018008,65.7342881840774,passive,
1.0,1095.055,1095.178,801.7000122070312,434.70001220703125,792.5,469.8999938964844,370.0,123.0000000000473,36.38239870524426,passive,
1.0,1095.33,1095.48,782.2999877929688,473.3999938964844,830.5999755859375,496.0,85.4000015258789,150.00000000009095,53.325876426739335,passive,
1.0,1095.528,1095.673,822.0,504.70001220703125,815.2000122070312,454.29998779296875,378.20001220703125,144.9999999999818,50.85668387658224,passive,
1.0,1095.819,1095.848,814.2000122070312,468.8999938964844,662.7000122070312,439.79998779296875,133.60000610351562,28.999999999996362,154.2694407691447,passive,
1.0,1096.015,1096.075,658.9000244140625,447.79998779296875,1087.5999755859375,517.9000244140625,214.5,59.99999999994543,434.39344293974636,passive,
1.0,1096.209,1096.219,1097.300048828125,494.1000061035156,1131.9000244140625,501.70001220703125,65.5,9.999999999990905,35.424827498817066,passive,
1.0,1096.371,1096.417,1140.800048828125,488.0,805.5,757.5999755859375,260.0,45.99999999982174,430.24443003957776,passive,
1.0,1096.573,1096.622,808.0999755859375,772.9000244140625,646.9000244140625,376.6000061035156,225.89999389648438,48.99999999997817,427.83072443520774,passive,
1.0,1096.775,1096.798,637.0,379.6000061035156,737.9000244140625,389.8999938964844,132.0,22.99999999991087,101.42437909740298,passive,
1.0,1096.931,1096.947,735.0,388.6000061035156,802.5999755859375,400.1000061035156,94.69999694824219,15.999999999849024,68.5711798004041,passive,
1.0,1097.184,1097.292,793.4000244140625,412.3999938964844,792.0999755859375,453.29998779296875,162.8000030517578,107.99999999994725,40.920650382025556,passive,
1.0,1097.723,1097.738,779.0,460.6000061035156,837.0,459.8999938964844,91.5999984741211,15.000000000100044,58.00422413143713,passive,
1.0,1098.073,1098.088,845.7999877929688,446.8999938964844,805.0,474.70001220703125,83.0999984741211,14.99999999987267,49.3708418195714,passive,
1.0,1098.18,1098.212,793.7000122070312,487.70001220703125,960.0999755859375,559.7000122070312,163.0,31.99999999992542,181.30898436785017,passive,
1.0,1098.294,1098.42,953.5,573.9000244140625,960.2999877929688,488.1000061035156,276.5,125.99999999997635,86.06905934233686,passive,
1.0,1098.811,1098.86,954.2000122070312,535.0,693.7999877929688,743.4000244140625,176.1999969482422,48.99999999997817,333.5247260558446,passive,
1.0,1099.008,1099.031,699.5,743.0,610.9000244140625,822.2999877929688,148.5,22.99999999991087,118.90518801883168,passive,
1.0,1099.297,1099.346,582.9000244140625,846.2999877929688,826.0,479.29998779296875,255.60000610351562,48.99999999997817,440.2119922604147,passive,
1.0,1099.426,1099.506,817.9000244140625,486.20001220703125,823.2000122070312,437.79998779296875,330.6000061035156,80.00000000015461,48.689344151338325,passive,
1.0,1099.545,1099.665,813.2000122070312,468.3999938964844,815.5,471.70001220703125,220.89999389648438,119.99999999989086,4.022445114324111,passive,
1.0,1099.845,1099.853,801.9000244140625,528.5,828.2999877929688,529.5999755859375,58.70000076293945,8.000000000038199,26.422869123114726,passive,
1.0,1100.032,1100.072,828.2999877929688,534.0999755859375,661.0999755859375,383.29998779296875,139.39999389648438,39.99999999996362,225.15878930299596,passive,
1.0,1100.274,1100.285,657.2999877929688,387.3999938964844,678.2999877929688,364.1000061035156,55.29999923706055,11.000000000194632,31.36701183014558,passive,
1.0,1100.453,1100.459,674.7000122070312,357.5,675.2000122070312,343.1000061035156,41.29999923706055,6.0000000000854925,14.40867184090148,passive,
1.0,1100.66,1100.665,669.7999877929688,330.29998779296875,663.2999877929688,319.6000061035156,42.599998474121094,4.999999999881766,12.519569008341787,passive,
1.0,1100.927,1101.036,652.2999877929688,336.6000061035156,659.4000244140625,347.6000061035156,455.8999938964844,109.00000000015098,13.092384046493303,passive,
1.0,1101.287,1101.292,671.5,354.5,684.7000122070312,356.29998779296875,41.900001525878906,4.999999999881766,13.322172432475513,passive,
1.0,1101.58,1101.739,694.2000122070312,361.29998779296875,684.9000244140625,360.3999938964844,429.5,159.0000000001055,9.343434163254798,passive,
1.0,1101.823,1101.907,607.4000244140625,665.0999755859375,607.4000244140625,665.0999755859375,36.20000076293945,83.99999999983265,0.0,passive,
1.0,1102.057,1102.11,609.2999877929688,635.7999877929688,1177.0,662.5999755859375,292.8999938964844,52.999999999883585,568.3322471983854,passive,
1.0,1102.33,1102.511,1156.5,653.9000244140625,826.4000244140625,457.6000061035156,95.0999984741211,181.00000000004002,384.056885201343,passive,
1.0,1103.264,1103.28,795.2000122070312,420.0,749.2000122070312,383.20001220703125,75.5,16.000000000076398,58.90873535871101,passive,
1.0,1103.6,1103.633,723.4000244140625,431.20001220703125,716.7999877929688,526.5999755859375,146.39999389648438,33.00000000012915,95.6279953575125,passive,
1.0,1104.091,1104.103,709.9000244140625,587.0999755859375,751.2000122070312,574.2999877929688,72.30000305175781,12.000000000170985,43.23804666262708,passive,
1.0,1104.429,1104.47,762.7999877929688,557.0,746.2000122070312,291.0,191.39999389648438,40.99999999993997,266.5174650739679,passive,
1.0,1104.813,1104.906,737.9000244140625,326.0,820.7000122070312,325.29998779296875,467.0,92.9999999998472,82.80294678093145,passive,
1.0,1105.684,1105.719,828.2000122070312,384.6000061035156,772.7999877929688,537.5999755859375,123.5,35.000000000081855,162.7210907248988,passive,
1.0,1105.777,1105.887,773.7000122070312,559.7999877929688,966.5,544.5,572.4000244140625,109.99999999989996,193.40611396601167,passive,
1.0,1106.053,1106.189,941.0999755859375,613.0999755859375,939.4000244140625,512.4000244140625,472.3999938964844,135.99999999996726,100.71429888553446,passive,
1.0,1106.335,1106.379,928.2999877929688,543.5999755859375,1285.0,610.7999877929688,216.8000030517578,43.99999999986903,362.9748480943568,passive,
1.0,1106.595,1106.646,1261.0999755859375,614.0999755859375,765.2999877929688,668.0,261.29998779296875,50.99999999993088,498.7212052112327,passive,
1.0,1106.845,1106.894,769.9000244140625,667.4000244140625,1045.199951171875,635.5,156.5,48.99999999997817,277.14195140843384,passive,
1.0,1107.048,1107.162,1023.2999877929688,629.7999877929688,977.9000244140625,540.7000122070312,106.5999984741211,114.00000000003274,99.999811620926,passive,
1.0,1107.322,1107.346,968.5999755859375,580.2000122070312,844.2000122070312,553.4000244140625,144.3000030517578,24.000000000114596,127.25403818494912,passive,
1.0,1108.182,1108.391,888.7000122070312,290.0,906.0999755859375,293.79998779296875,270.79998779296875,209.00000000006003,17.810071106370973,passive,
1.0,1108.495,1108.587,907.0,372.1000061035156,941.2000122070312,343.79998779296875,360.70001220703125,92.00000000009823,44.390673247185326,passive,
1.0,1108.683,1108.704,931.5,370.0,1012.5,410.5,117.30000305175781,20.999999999958163,90.56075308874148,passive,
1.0,1108.858,1108.903,1018.7999877929688,435.20001220703125,629.4000244140625,376.1000061035156,277.6000061035156,45.00000000007276,393.8592923887021,passive,
1.0,1109.079,1109.346,614.2000122070312,383.79998779296875,614.2000122070312,383.79998779296875,14.899999618530273,267.00000000005275,0.0,passive,
1.0,1109.508,1109.721,1005.9000244140625,439.70001220703125,863.0,453.70001220703125,172.5,212.99999999996544,143.58418080533684,passive,
1.0,1109.792,1109.906,828.7000122070312,468.6000061035156,775.0999755859375,396.20001220703125,214.39999389648438,114.00000000003274,90.08175754276537,passive,
1.0,1110.445,1110.485,775.5999755859375,416.70001220703125,797.7000122070312,434.5,159.60000610351562,39.99999999996362,28.37694811080856,passive,
1.0,1110.527,1110.534,1005.2999877929688,551.5999755859375,1014.0999755859375,536.2000122070312,43.20000076293945,7.000000000061846,17.736929193861396,passive,
1.0,1110.565,1110.698,1008.5,536.4000244140625,826.2999877929688,544.2999877929688,393.5,133.0000000000382,182.3711980265261,passive,
1.0,1110.83,1110.879,823.9000244140625,566.4000244140625,511.20001220703125,642.5,172.1999969482422,48.99999999997817,321.8268228697816,passive,
1.0,1111.065,1111.105,510.0,655.2999877929688,239.0,618.5,157.10000610351562,39.99999999996362,273.4871827006938,passive,
1.0,1111.256,1111.27,225.1999969482422,615.5,208.89999389648438,579.5999755859375,59.599998474121094,13.999999999896318,39.42717149907659,passive,
1.0,1111.403,1111.473,197.3000030517578,568.7999877929688,1200.0999755859375,565.2999877929688,409.70001220703125,69.99999999993634,1002.8060804136319,passive,
1.0,1111.64,1111.671,1179.5,577.7000122070312,1357.0999755859375,595.0,185.5,30.99999999994907,178.4405808827198,passive,
1.0,1111.872,1111.884,1360.699951171875,607.0,1317.0999755859375,593.9000244140625,77.9000015258789,11.999999999943611,45.5254569603261,passive,
1.0,1111.972,1112.11,1304.0,596.4000244140625,811.0,457.0,249.1999969482422,137.99999999991996,512.3293538405165,passive,
1.0,1112.728,1112.879,793.5999755859375,508.79998779296875,786.2999877929688,502.20001220703125,298.0,150.99999999983993,9.841214331192255,passive,
1.0,1113.033,1113.042,781.4000244140625,489.20001220703125,814.4000244140625,500.0,72.5,9.000000000014552,34.72232331409109,passive,
1.0,1113.471,1113.516,809.0,510.20001220703125,525.0,411.29998779296875,164.5,45.00000000007276,300.72780853971943,passive,
1.0,1113.657,1113.714,519.5,411.0,1260.0,546.0999755859375,360.29998779296875,57.00000000001637,752.72322496607,passive,
1.0,1113.784,1113.819,1228.5999755859375,544.9000244140625,1346.699951171875,561.0999755859375,218.39999389648438,34.99999999985448,119.20588345954309,passive,
1.0,1113.92,1114.139,1345.800048828125,572.9000244140625,862.5,469.3999938964844,291.20001220703125,218.99999999982356,494.2582255404634,passive,
1.0,1114.212,1114.321,759.7999877929688,451.20001220703125,779.0999755859375,423.0,319.3999938964844,108.9999999999236,34.17206779352772,passive,
1.0,1114.454,1114.475,773.5999755859375,464.6000061035156,852.0999755859375,398.3999938964844,138.0,20.999999999958163,102.6873488615374,passive,
1.0,1114.658,1114.663,852.0,391.29998779296875,847.2000122070312,381.6000061035156,37.599998474121094,5.000000000109139,10.822639585072345,passive,
1.0,1114.74,1114.791,835.9000244140625,373.3999938964844,1172.300048828125,183.39999389648438,249.8000030517578,50.99999999993088,386.34825795618883,passive,
1.0,1115.097,1115.202,1159.4000244140625,225.6999969482422,978.9000244140625,470.0,418.70001220703125,105.00000000001819,303.7478254919513,passive,
1.0,1115.405,1115.439,960.4000244140625,500.8999938964844,825.5,385.5,134.5,34.0000000001055,177.5251395668323,passive,
1.0,1115.922,1116.049,824.7000122070312,391.79998779296875,773.7000122070312,463.5,456.8999938964844,126.9999999999527,87.98802049420381,passive,
1.0,1116.292,1116.311,778.2000122070312,461.29998779296875,845.7999877929688,472.8999938964844,93.9000015258789,19.000000000005457,68.5880225755266,passive,
1.0,1116.6,1116.632,839.5,481.70001220703125,945.2000122070312,319.3999938964844,162.5,32.000000000152795,193.68476585464953,passive,
1.0,1116.791,1116.989,950.2000122070312,249.10000610351562,954.5,255.6999969482422,225.89999389648438,198.00000000009277,7.87716790287948,passive,
1.0,1117.091,1117.198,939.0,295.8999938964844,992.7999877929688,266.6000061035156,308.1000061035156,107.00000000019827,61.26114568951273,passive,
1.0,1117.377,1117.401,995.4000244140625,319.29998779296875,887.5,366.20001220703125,128.8000030517578,24.000000000114596,117.65214642578749,passive,
1.0,1117.467,1117.493,871.2999877929688,385.79998779296875,962.0,482.5,163.3000030517578,25.99999999983993,132.57972912627181,passive,
1.0,1117.677,1117.686,955.7000122070312,493.20001220703125,950.0,523.9000244140625,63.20000076293945,9.000000000014552,31.224683964328175,passive,
1.0,1117.772,1117.81,950.4000244140625,525.5999755859375,975.7999877929688,257.79998779296875,246.1999969482422,38.000000000010914,269.0018431192693,passive,
1.0,1117.994,1118.018,967.7000122070312,270.70001220703125,1089.300048828125,368.6000061035156,228.3000030517578,24.000000000114596,156.11206779484735,passive,
1.0,1118.256,1118.275,1104.5999755859375,410.0,1032.5,425.1000061035156,96.9000015258789,19.000000000005457,73.66421562617084,passive,
1.0,1118.434,1118.561,1020.2000122070312,441.70001220703125,647.0999755859375,447.20001220703125,234.0,126.9999999999527,373.14057314457443,passive,
1.0,1119.089,1119.114,623.4000244140625,453.3999938964844,737.0,449.70001220703125,121.19999694824219,25.00000000009095,113.66021431278354,passive,
1.0,1119.422,1119.437,761.2999877929688,438.5,823.2999877929688,445.3999938964844,85.80000305175781,14.99999999987267,62.382769382029856,passive,
1.0,1119.508,1119.677,689.4000244140625,508.6000061035156,665.2999877929688,543.2999877929688,459.5,168.99999999986903,42.248082730302,passive,
1.0,1119.772,1120.038,791.0,507.1000061035156,824.5999755859375,459.3999938964844,302.6000061035156,266.0000000000764,58.34594693658272,passive,
1.0,1120.325,1120.359,815.2000122070312,534.9000244140625,593.2999877929688,535.5999755859375,169.5,33.99999999987813,221.90112835811482,passive,
1.0,1120.589,1120.624,566.5999755859375,531.0,825.7000122070312,489.29998779296875,188.10000610351562,35.000000000081855,262.4342203202903,passive,
1.0,1121.494,1121.655,806.2000122070312,392.1000061035156,807.0999755859375,397.20001220703125,308.3999938964844,161.0000000000582,5.178802597055518,passive,
1.0,1121.819,1121.832,799.9000244140625,451.0,800.7000122070312,499.1000061035156,76.0999984741211,13.000000000147338,48.10665824630868,passive,
1.0,1121.921,1122.372,671.2000122070312,358.70001220703125,904.5,417.1000061035156,285.5,451.0000000000218,240.49832346881087,passive,
1.0,1122.561,1122.572,893.2000122070312,468.6000061035156,924.5999755859375,484.20001220703125,61.20000076293945,10.999999999967258,35.061629891184154,passive,
1.0,1123.049,1123.067,923.7000122070312,505.1000061035156,852.7999877929688,506.79998779296875,83.19999694824219,18.000000000029104,70.92040185771042,passive,
1.0,1123.155,1123.289,770.5,423.0,814.2000122070312,515.2000122070312,261.79998779296875,134.00000000001455,102.03202104178565,passive,
1.0,1124.09,1124.119,806.2999877929688,521.2999877929688,825.7999877929688,368.0,142.1999969482422,28.999999999996362,154.53522659032913,passive,
1.0,1124.279,1124.324,819.5999755859375,386.29998779296875,1138.5,455.6000061035156,204.5,45.00000000007276,326.34294554828637,passive,
1.0,1124.467,1124.483,1125.5999755859375,453.1000061035156,1177.5,459.8999938964844,80.9000015258789,15.999999999849024,52.343599113595616,passive,
1.0,1124.525,1124.67,1176.5,487.1000061035156,832.7000122070312,723.0,418.70001220703125,144.9999999999818,416.9499235241647,passive,
1.0,1124.749,1124.771,840.0999755859375,720.9000244140625,778.7999877929688,827.4000244140625,149.60000610351562,21.999999999934516,122.88180704814735,passive,
1.0,1124.952,1125.001,770.0,840.5999755859375,852.2000122070312,423.29998779296875,252.10000610351562,48.99999999997817,425.3188472415112,passive,
1.0,1125.153,1125.192,837.5,437.8999938964844,1155.300048828125,493.70001220703125,237.10000610351562,38.99999999998727,322.66160769235626,passive,
1.0,1125.216,1125.664,802.7000122070312,404.3999938964844,817.7999877929688,437.6000061035156,249.39999389648438,448.00000000009277,36.47259345375556,passive,
1.0,1125.757,1125.866,790.5,501.3999938964844,799.2000122070312,508.70001220703125,299.0,108.9999999999236,11.356957327418836,passive,
1.0,1126.379,1126.405,803.7000122070312,535.5999755859375,679.2999877929688,523.0999755859375,132.6999969482422,26.000000000067303,125.0264614960343,passive,
1.0,1126.528,1126.822,645.9000244140625,525.9000244140625,594.0999755859375,447.29998779296875,478.0,293.99999999986903,94.13400456494674,passive,
1.0,1126.847,1126.979,587.7000122070312,455.79998779296875,592.7999877929688,445.6000061035156,540.4000244140625,132.00000000006185,11.403919389505417,passive,
1.0,1128.361,1128.381,625.2000122070312,445.1000061035156,691.9000244140625,437.6000061035156,83.4000015258789,19.99999999998181,67.12035181983269,passive,
1.0,1128.623,1128.64,703.0999755859375,425.70001220703125,641.4000244140625,412.70001220703125,90.5,17.00000000005275,63.05461104956369,passive,
1.0,1128.901,1128.926,629.4000244140625,407.20001220703125,766.5,467.1000061035156,156.8000030517578,24.999999999863576,149.61421247482983,passive,
1.0,1129.181,1129.309,786.5,478.20001220703125,802.7999877929688,517.2999877929688,270.6000061035156,127.99999999992906,42.361511928540025,passive,
1.0,1129.623,1129.913,786.5,478.20001220703125,802.7999877929688,517.2999877929688,0.0,289.9999999999636,42.361511928540025,passive,
1.0,1129.994,1130.004,727.2999877929688,583.7999877929688,709.4000244140625,556.0999755859375,65.5999984741211,9.999999999990905,32.98028752506359,passive,
1.0,1130.029,1130.293,652.4000244140625,437.0,647.7000122070312,490.1000061035156,296.3999938964844,263.9999999998963,53.30760511352615,passive,
1.0,1130.904,1130.929,609.0,501.6000061035156,745.4000244140625,501.20001220703125,141.89999389648438,25.00000000009095,136.40061090506182,passive,
1.0,1131.035,1131.144,740.5999755859375,516.4000244140625,793.0999755859375,502.20001220703125,337.6000061035156,108.9999999999236,54.386490479528426,passive,
1.0,1131.889,1132.016,507.6000061035156,476.79998779296875,500.79998779296875,447.20001220703125,516.5999755859375,127.00000000018008,30.371019141804723,passive,
1.0,1132.085,1132.222,535.9000244140625,407.5,538.4000244140625,430.6000061035156,404.20001220703125,136.9999999999436,23.23489362967817,passive,
1.0,1132.253,1132.357,531.2999877929688,442.5,632.0,364.20001220703125,472.0,104.00000000004184,127.55932167770138,passive,
1.0,1132.385,1132.506,633.0,399.29998779296875,1012.4000244140625,453.1000061035156,142.3000030517578,121.00000000009459,383.1955381989806,passive,
1.0,1132.591,1132.712,992.9000244140625,496.0,697.9000244140625,461.0,360.5,121.00000000009459,297.06901555025894,passive,
1.0,1133.068,1133.281,699.2999877929688,507.29998779296875,813.2999877929688,488.79998779296875,249.8000030517578,212.99999999996544,115.49134166681068,passive,
1.0,1133.311,1133.439,787.0999755859375,517.4000244140625,787.2000122070312,486.5,308.29998779296875,128.00000000015643,30.900186344344565,passive,
1.0,1134.064,1134.109,800.5,517.5,765.2000122070312,405.5,116.4000015258789,44.999999999845386,117.43121023894687,passive,
1.0,1134.289,1134.296,760.9000244140625,349.20001220703125,782.0,352.6000061035156,49.20000076293945,7.000000000061846,21.372153102186253,passive,
1.0,1134.614,1134.639,796.2999877929688,361.1000061035156,660.0999755859375,368.29998779296875,147.10000610351562,24.999999999863576,136.39018682267402,passive,
1.0,1135.062,1135.112,647.7999877929688,377.1000061035156,1131.300048828125,524.7999877929688,290.20001220703125,50.0000000001819,505.5567165136515,passive,
1.0,1135.277,1135.285,1109.5,535.4000244140625,1130.199951171875,553.5,61.70000076293945,8.000000000038199,27.497219763633247,passive,
1.0,1135.383,1135.429,1125.800048828125,563.7999877929688,780.7999877929688,421.29998779296875,214.60000610351562,46.00000000004911,373.2710705563204,passive,
1.0,1135.518,1135.637,778.0,444.8999938964844,805.5999755859375,453.0,300.1000061035156,118.99999999991451,28.764018342737447,passive,
1.0,1136.329,1136.368,784.9000244140625,457.0,1048.5999755859375,403.3999938964844,188.60000610351562,38.99999999998727,269.09222378646723,passive,
1.0,1136.489,1136.85,1044.4000244140625,388.5,1044.4000244140625,387.0,39.400001525878906,360.9999999998763,1.5,passive,
1.0,1137.048,1137.055,1049.699951171875,572.2000122070312,1055.699951171875,550.5999755859375,53.29999923706055,7.000000000061846,22.417885315805126,passive,
1.0,1137.235,1137.282,1053.0,526.7999877929688,1056.0,477.20001220703125,107.4000015258789,47.000000000025466,49.69061861282868,passive,
1.0,1137.312,1137.748,1014.7999877929688,341.20001220703125,826.7999877929688,357.8999938964844,374.0,436.00000000014916,188.74026965231366,passive,
1.0,1138.485,1138.493,811.5999755859375,407.20001220703125,812.2000122070312,428.0,48.70000076293945,8.000000000038199,20.808640900700425,passive,
1.0,1138.561,1138.707,808.2999877929688,439.1000061035156,863.7000122070312,456.0,317.20001220703125,146.00000000018554,57.92039795080771,passive,
1.0,1138.745,1139.041,852.5999755859375,517.7000122070312,727.2000122070312,407.20001220703125,438.3999938964844,296.0000000000491,167.1388668605571,passive,
1.0,1139.068,1139.227,723.0999755859375,410.79998779296875,754.5,457.8999938964844,442.6000061035156,159.0000000001055,56.60717364570439,passive,
1.0,1139.273,1139.418,751.0,475.5,572.7000122070312,405.20001220703125,386.29998779296875,144.9999999999818,191.65848254294502,passive,
1.0,1140.25,1140.508,812.5,542.4000244140625,820.0,461.3999938964844,235.89999389648438,258.0000000000382,81.34651156533135,,
1.0,1141.014,1141.155,808.5,524.0999755859375,814.5999755859375,497.79998779296875,325.70001220703125,141.0000000000764,26.99813067712909,constant,
1.0,1141.513,1141.548,816.2000122070312,514.7000122070312,608.7999877929688,380.3999938964844,162.6999969482422,35.000000000081855,247.08554195898824,constant,
1.0,1141.651,1141.702,568.7000122070312,374.70001220703125,1020.4000244140625,536.2999877929688,260.0,50.99999999993088,479.73685822251326,constant,
1.0,1141.784,1142.052,996.0,539.5,483.1000061035156,302.79998779296875,140.1999969482422,267.99999999980173,564.8834388772807,constant,
1.0,1142.113,1142.254,518.4000244140625,286.79998779296875,510.8999938964844,301.0,332.29998779296875,140.99999999984902,16.058978935300953,constant,
1.0,1142.274,1142.279,493.8999938964844,347.79998779296875,493.3999938964844,356.70001220703125,42.599998474121094,5.000000000109139,8.914058254852755,constant,
1.0,1142.319,1143.489,492.6000061035156,280.6000061035156,799.7999877929688,309.1000061035156,427.3999938964844,1170.0000000000728,308.5191707981861,constant,
1.0,1143.521,1143.626,789.0999755859375,331.29998779296875,744.7000122070312,350.6000061035156,383.79998779296875,105.00000000001819,48.41329832634481,constant,
1.0,1143.788,1143.837,742.5,393.1000061035156,1117.0999755859375,603.5,210.60000610351562,48.99999999997817,429.6432230823915,constant,
1.0,1144.07,1144.089,1105.5,563.5999755859375,1177.5999755859375,584.7999877929688,82.4000015258789,19.000000000005457,75.15215896480325,constant,
1.0,1144.213,1144.339,1183.699951171875,589.5,1183.9000244140625,523.5999755859375,76.80000305175781,125.99999999997635,65.90032812571022,constant,
1.0,1144.622,1144.641,1180.0999755859375,590.0999755859375,1186.300048828125,671.2000122070312,88.69999694824219,19.000000000005457,81.3366882049622,constant,
1.0,1144.982,1145.005,1174.199951171875,693.7999877929688,1097.4000244140625,645.4000244140625,108.30000305175781,23.000000000138243,90.77877067401184,constant,
1.0,1145.151,1145.297,1052.699951171875,631.5,1015.4000244140625,590.9000244140625,119.4000015258789,145.99999999995816,55.13295342820751,constant,
1.0,1145.468,1145.482,1012.7999877929688,590.5999755859375,1054.5999755859375,594.2999877929688,68.0999984741211,13.999999999896318,41.963425382403145,constant,
1.0,1145.577,1145.761,1054.199951171875,605.9000244140625,480.70001220703125,365.0,328.79998779296875,183.99999999996908,622.0409968445612,constant,
1.0,1146.048,1146.061,482.0,363.6000061035156,433.79998779296875,377.1000061035156,81.5999984741211,12.999999999919964,50.054881647627155,constant,
1.0,1146.103,1148.212,413.70001220703125,383.20001220703125,359.0,263.0,401.3999938964844,2108.9999999999236,132.0611005179793,constant,
1.0,1148.295,1148.591,1130.0,573.0,1148.4000244140625,544.7000122070312,409.70001220703125,295.99999999982174,33.75574332643671,constant,
1.0,1148.663,1148.804,1130.9000244140625,538.7000122070312,1090.300048828125,545.9000244140625,496.0,141.0000000000764,41.23345963365335,constant,
1.0,1148.862,1149.068,1078.0,559.4000244140625,1137.199951171875,543.7999877929688,555.9000244140625,205.9999999999036,61.220873575373375,constant,
1.0,1149.151,1149.305,1124.0999755859375,565.5999755859375,1164.4000244140625,575.5,104.19999694824219,153.99999999999636,41.49824597435767,constant,
1.0,1149.59,1149.602,1167.9000244140625,576.2999877929688,1124.0,567.5,72.30000305175781,12.000000000170985,44.773339485811,constant,
1.0,1149.75,1149.757,1110.199951171875,566.0,1087.0,575.0,55.70000076293945,7.000000000061846,24.884487826302237,constant,
1.0,1149.973,1150.014,1086.699951171875,579.0,1365.4000244140625,530.4000244140625,177.3000030517578,40.99999999993997,282.9057943064341,constant,
1.0,1150.26,1150.266,1378.5,520.2000122070312,1392.9000244140625,527.0999755859375,40.79999923706055,6.0000000000854925,15.967786250944224,constant,
1.0,1150.357,1150.502,1389.4000244140625,535.2999877929688,1117.0999755859375,458.1000061035156,541.7999877929688,144.9999999999818,283.0320719718017,constant,
1.0,1150.67,1150.708,1114.9000244140625,454.0,1372.699951171875,479.8999938964844,174.39999389648438,38.000000000010914,259.09768798692784,constant,
1.0,1151.003,1151.185,1377.4000244140625,504.3999938964844,609.5,758.9000244140625,489.6000061035156,182.00000000001637,808.9751003761278,constant,
1.0,1151.442,1151.508,605.0,770.0999755859375,365.29998779296875,710.7000122070312,164.10000610351562,66.00000000003092,246.95030168328674,constant,
1.0,1151.702,1151.709,365.29998779296875,716.7999877929688,342.6000061035156,724.5999755859375,56.20000076293945,7.000000000061846,24.0026868969282,constant,
1.0,1151.813,1151.846,341.8999938964844,716.0999755859375,250.6999969482422,558.2999877929688,126.69999694824219,32.999999999901775,182.25881485080623,constant,
1.0,1152.131,1152.355,190.8000030517578,517.5999755859375,634.2000122070312,320.20001220703125,532.5,223.9999999999327,485.3558629097727,constant,
1.0,1152.419,1152.539,628.7000122070312,349.20001220703125,845.4000244140625,354.20001220703125,372.29998779296875,119.99999999989086,216.75768796175947,constant,
1.0,1152.619,1152.755,849.7999877929688,407.5,1133.5,554.4000244140625,441.3999938964844,136.00000000019463,319.47662527816,constant,
1.0,1153.083,1153.091,1144.9000244140625,561.5,1166.5,566.2999877929688,47.5,7.999999999810825,22.12688021673514,constant,
1.0,1153.474,1153.608,1153.199951171875,569.9000244140625,628.5999755859375,390.3999938964844,408.8999938964844,134.00000000001455,554.4595524838378,constant,
1.0,1153.802,1153.828,616.0999755859375,397.6000061035156,480.70001220703125,388.5,131.3000030517578,26.000000000067303,135.70541696665308,constant,
1.0,1154.189,1154.197,462.20001220703125,418.0,444.20001220703125,429.8999938964844,47.5,7.999999999810825,21.57799468755995,constant,
1.0,1154.32,1154.478,436.3999938964844,432.1000061035156,505.1000061035156,409.8999938964844,188.6999969482422,158.00000000012915,72.19786852282122,constant,
1.0,1154.537,1154.676,492.20001220703125,425.6000061035156,495.20001220703125,393.8999938964844,537.2999877929688,138.99999999989632,31.84165155776205,constant,
1.0,1154.89,1154.909,489.29998779296875,404.20001220703125,557.5999755859375,444.70001220703125,110.4000015258789,19.000000000005457,79.4049011870154,constant,
1.0,1155.445,1155.502,564.4000244140625,485.6000061035156,1154.199951171875,569.7000122070312,190.1999969482422,57.00000000001637,595.7656960837309,constant,
1.0,1155.684,1155.693,1146.5999755859375,546.2000122070312,1174.5,560.2999877929688,62.20000076293945,9.000000000014552,31.26052900750909,constant,
1.0,1155.983,1156.495,1161.800048828125,569.5,1065.199951171875,495.8999938964844,536.7000122070312,511.9999999999436,121.44356617637088,constant,
1.0,1156.743,1156.761,1073.300048828125,511.70001220703125,1137.5999755859375,538.5999755859375,80.5,18.000000000029104,69.6999900347665,constant,
1.0,1156.989,1156.997,1137.5999755859375,540.2999877929688,1163.800048828125,542.5,55.099998474121094,8.000000000038199,26.29227817453398,constant,
1.0,1157.124,1157.598,1155.800048828125,568.9000244140625,1067.5999755859375,384.29998779296875,533.4000244140625,473.9999999999327,204.5884318343449,constant,
1.0,1157.726,1158.191,1037.4000244140625,425.70001220703125,662.2999877929688,215.3000030517578,606.9000244140625,464.99999999991815,430.07929655551317,constant,
1.0,1158.249,1158.397,659.2999877929688,270.5,1149.5999755859375,371.8999938964844,423.70001220703125,147.99999999991087,500.6755803831383,constant,
1.0,1158.435,1159.16,1294.5,582.7000122070312,1296.300048828125,582.4000244140625,21.899999618530273,725.0000000001364,1.824874916142048,constant,
1.0,1159.206,1159.215,1302.699951171875,573.0,1271.9000244140625,588.9000244140625,66.4000015258789,9.000000000014552,34.661884897598945,constant,
1.0,1159.37,1159.653,1237.699951171875,575.7999877929688,1113.699951171875,516.0999755859375,539.7999877929688,283.00000000012915,137.6230048266629,constant,
1.0,1159.98,1160.105,1094.5999755859375,549.4000244140625,1057.4000244140625,421.20001220703125,424.5,125.0,133.48812492904696,constant,
1.0,1160.148,1160.269,1038.9000244140625,428.5,530.7999877929688,322.3999938964844,482.6000061035156,121.00000000009459,519.0595905187794,constant,
1.0,1160.305,1162.49,1038.9000244140625,428.5,530.7999877929688,322.3999938964844,0.0,2184.9999999999454,519.0595905187794,constant,
1.0,1163.621,1163.628,1268.300048828125,564.0999755859375,1248.699951171875,560.0999755859375,47.900001525878906,6.999999999834472,20.004095284079625,constant,
1.0,1163.736,1163.971,1235.0999755859375,564.4000244140625,1241.4000244140625,552.2000122070312,384.5,234.99999999989996,13.730655959875723,constant,
1.0,1164.326,1164.457,1222.4000244140625,567.4000244140625,455.29998779296875,336.6000061035156,626.7000122070312,131.0000000000855,801.0687327790495,constant,
1.0,1164.575,1164.88,434.70001220703125,388.20001220703125,294.79998779296875,244.1999969482422,308.0,305.00000000006366,200.76857629018235,constant,
1.0,1165.096,1166.923,289.5,276.6000061035156,483.79998779296875,286.29998779296875,428.6000061035156,1826.9999999999982,194.54196180033637,constant,
1.0,1166.976,1166.987,1272.199951171875,596.2000122070312,1276.4000244140625,551.2000122070312,77.4000015258789,10.999999999967258,45.19558181105471,constant,
1.0,1167.009,1167.282,1280.4000244140625,551.2999877929688,610.4000244140625,404.0,453.1000061035156,272.99999999991087,686.0009376114648,constant,
1.0,1167.307,1167.419,592.2000122070312,360.20001220703125,835.7999877929688,348.8999938964844,309.3999938964844,112.00000000008004,243.86192511191254,constant,
1.0,1167.442,1167.554,871.7999877929688,346.0,1111.699951171875,398.0,515.4000244140625,112.00000000008004,245.47096046009304,constant,
1.0,1167.638,1167.75,1111.800048828125,444.20001220703125,1446.9000244140625,484.5,465.70001220703125,112.00000000008004,337.51456658018384,constant,
1.0,1167.973,1167.991,1435.699951171875,554.5,1352.0999755859375,553.5,110.69999694824219,18.000000000029104,83.60595623500365,constant,
1.0,1168.064,1170.876,1351.9000244140625,574.2000122070312,446.5,263.0,522.2000122070312,2811.999999999898,957.3894984835803,constant,
1.0,1170.91,1171.739,439.29998779296875,262.3999938964844,1079.300048828125,390.8999938964844,652.2000122070312,828.9999999999509,652.7727997741663,constant,
1.0,1171.797,1171.917,1045.4000244140625,452.70001220703125,1067.5,421.1000061035156,581.4000244140625,119.99999999989086,38.561240989382824,constant,
1.0,1171.989,1172.096,1042.5,468.29998779296875,1226.300048828125,466.79998779296875,550.0999755859375,106.9999999999709,183.80616950804762,constant,
1.0,1172.132,1172.253,1218.699951171875,495.3999938964844,1248.0,467.29998779296875,643.0,120.99999999986721,40.59683736879173,constant,
1.0,1172.521,1172.534,1237.4000244140625,502.79998779296875,1270.300048828125,531.7000122070312,62.900001525878906,13.000000000147338,43.79067272353003,constant,
1.0,1172.861,1172.976,1265.0,536.9000244140625,572.2000122070312,307.29998779296875,492.70001220703125,115.0000000000091,729.8547800092463,constant,
1.0,1173.042,1175.386,539.4000244140625,357.3999938964844,200.89999389648438,147.39999389648438,587.7000122070312,2344.000000000051,398.34943286064976,constant,
1.0,1175.409,1175.72,1294.800048828125,449.29998779296875,1305.9000244140625,447.6000061035156,372.70001220703125,310.9999999999218,11.229398726240174,constant,
1.0,1175.959,1175.977,1297.9000244140625,508.1000061035156,1336.4000244140625,544.4000244140625,60.79999923706055,18.000000000029104,52.91447183281752,constant,
1.0,1176.32,1176.325,1362.4000244140625,538.0999755859375,1367.300048828125,517.2000122070312,45.70000076293945,5.000000000109139,21.466688344922485,constant,
1.0,1176.36,1176.47,1367.9000244140625,523.5999755859375,629.7000122070312,314.20001220703125,316.79998779296875,110.00000000012733,767.3249655038916,constant,
1.0,1176.505,1176.609,597.9000244140625,328.8999938964844,575.0999755859375,315.79998779296875,378.0,103.99999999981446,26.295482244618196,constant,
1.0,1176.648,1176.76,568.5999755859375,345.5,593.9000244140625,341.6000061035156,544.2999877929688,112.00000000008004,25.598875426434745,constant,
1.0,1176.784,1176.915,583.5999755859375,341.5,631.0,336.20001220703125,477.79998779296875,130.99999999985812,47.695410524067604,constant,
1.0,1176.96,1177.087,625.5,353.29998779296875,1148.5999755859375,366.79998779296875,556.7999877929688,126.9999999999527,523.2741484709601,constant,
1.0,1177.144,1177.277,1182.4000244140625,417.5,1206.0999755859375,420.29998779296875,641.4000244140625,133.0000000000382,23.86477775278943,constant,
1.0,1177.637,1177.783,1199.199951171875,452.8999938964844,481.0,479.79998779296875,471.20001220703125,145.99999999995816,718.7035407836214,constant,
1.0,1177.97,1178.893,451.70001220703125,491.6000061035156,517.5999755859375,286.8999938964844,647.2999877929688,923.0000000000018,215.04627448737617,constant,
1.0,1178.927,1179.049,528.5999755859375,283.79998779296875,1231.5,432.20001220703125,470.8999938964844,122.00000000007094,718.3947463389359,constant,
1.0,1179.088,1179.215,1241.4000244140625,470.79998779296875,1268.9000244140625,537.7999877929688,425.79998779296875,126.9999999999527,72.4240981994253,constant,
1.0,1179.413,1179.425,1254.5,614.5999755859375,1215.800048828125,596.9000244140625,81.30000305175781,11.999999999943611,42.55554596280335,constant,
1.0,1179.682,1179.711,1209.699951171875,615.4000244140625,1209.9000244140625,614.7999877929688,43.20000076293945,28.999999999996362,0.632513437717352,constant,
1.0,1179.867,1180.07,1082.699951171875,631.5999755859375,818.0,520.7999877929688,88.5,202.99999999997453,286.9541800450292,constant,
1.0,1180.098,1180.243,812.5999755859375,528.2999877929688,1166.699951171875,542.5,429.20001220703125,144.9999999999818,354.38458354821444,constant,
1.0,1180.305,1180.425,1159.5,552.7999877929688,1242.300048828125,491.3999938964844,451.5,119.99999999989086,103.081556722957,constant,
1.0,1180.519,1180.628,1220.4000244140625,528.7000122070312,1279.9000244140625,489.1000061035156,653.7000122070312,108.9999999999236,71.47314519033337,constant,
1.0,1180.699,1180.872,1266.300048828125,515.0,518.0999755859375,408.79998779296875,420.8999938964844,173.00000000000182,755.6995383036755,constant,
1.0,1181.275,1181.292,482.79998779296875,480.70001220703125,541.0,465.1000061035156,85.0999984741211,16.999999999825377,60.25447378683438,constant,
1.0,1181.587,1181.728,665.7999877929688,393.3999938964844,657.2999877929688,455.29998779296875,176.6999969482422,141.0000000000764,62.480871027737784,constant,
1.0,1181.849,1181.867,649.0999755859375,454.79998779296875,580.2999877929688,451.0,95.9000015258789,18.000000000029104,68.90484908581804,constant,
1.0,1182.018,1182.068,570.7000122070312,446.79998779296875,1055.300048828125,436.6000061035156,268.8999938964844,49.999999999954525,484.70737060584355,constant,
1.0,1182.343,1182.473,1021.0,458.1000061035156,985.0,503.8999938964844,328.1000061035156,129.99999999988177,58.2549472734813,constant,
1.0,1182.569,1182.696,1036.4000244140625,676.4000244140625,1097.9000244140625,578.5,441.8999938964844,126.9999999999527,115.61429314870213,constant,
1.0,1183.237,1183.259,1091.4000244140625,601.4000244140625,1194.199951171875,579.7000122070312,109.5999984741211,21.999999999934516,105.06529146771982,constant,
1.0,1183.367,1183.523,1178.9000244140625,590.5,803.4000244140625,464.3999938964844,457.8999938964844,155.99999999994907,396.1078912863346,constant,
1.0,1183.786,1183.893,800.0999755859375,482.6000061035156,814.7999877929688,476.1000061035156,195.89999389648438,106.9999999999709,16.072969821624994,,
1.0,1184.072,1184.079,813.4000244140625,488.8999938964844,821.5,505.0,43.400001525878906,7.000000000061846,18.02275786404578,,
1.0,1184.784,1184.906,835.7000122070312,472.5,835.0,473.1000061035156,445.20001220703125,121.99999999984357,0.9219676861196191,constant,
1.0,1185.389,1185.441,813.2000122070312,500.1000061035156,598.2000122070312,382.29998779296875,162.60000610351562,52.000000000134605,245.15677497055876,constant,
1.0,1185.591,1185.759,508.8999938964844,325.1000061035156,506.6000061035156,366.20001220703125,235.60000610351562,168.00000000012005,41.16431033743705,constant,
1.0,1185.895,1185.918,496.0,374.29998779296875,610.7000122070312,402.20001220703125,144.10000610351562,22.99999999991087,118.04450077237144,constant,
1.0,1186.014,1186.06,646.5,415.5,1109.0999755859375,514.5999755859375,293.1000061035156,46.00000000004911,473.0957012838347,constant,
1.0,1186.151,1186.351,1083.5,537.0999755859375,997.0999755859375,451.5,474.0,200.00000000004547,121.62368206506368,constant,
1.0,1186.388,1186.526,990.2999877929688,507.5,1035.0,500.6000061035156,574.7999877929688,138.00000000014734,45.22942634038447,constant,
1.0,1186.71,1186.721,1044.5999755859375,520.0999755859375,1076.0,533.0999755859375,59.20000076293945,10.999999999967258,33.98472499820649,constant,
1.0,1186.983,1187.036,1075.5,537.5,568.7999877929688,368.29998779296875,277.20001220703125,53.00000000011096,534.2036563909546,constant,
1.0,1187.459,1187.476,553.2000122070312,375.20001220703125,539.7999877929688,305.6000061035156,138.10000610351562,17.00000000005275,70.87821600398026,constant,
1.0,1187.9,1187.92,534.5,296.3999938964844,613.7999877929688,309.29998779296875,75.30000305175781,19.99999999998181,80.34237926831845,constant,
1.0,1187.97,1188.113,629.9000244140625,316.0,624.4000244140625,298.1000061035156,313.79998779296875,143.0000000000291,18.72591203370821,constant,
1.0,1188.941,1189.073,506.8999938964844,367.29998779296875,542.7000122070312,371.20001220703125,101.80000305175781,132.00000000006185,36.011824467329824,constant,
1.0,1189.254,1189.272,547.5,375.29998779296875,612.4000244140625,410.3999938964844,126.0,18.000000000029104,73.78362689250741,constant,
1.0,1189.448,1189.46,609.0999755859375,421.29998779296875,568.7000122070312,424.6000061035156,70.0,11.999999999943611,40.534518152642576,constant,
1.0,1189.708,1189.757,550.5,413.20001220703125,1095.699951171875,498.70001220703125,310.8999938964844,48.99999999997817,551.8634221959405,constant,
1.0,1190.12,1190.254,1052.0999755859375,513.7000122070312,1039.699951171875,500.20001220703125,460.70001220703125,134.00000000001455,18.33059206543384,constant,
1.0,1190.326,1190.443,1031.5,523.2999877929688,920.4000244140625,417.6000061035156,597.5,116.9999999999618,153.34826606240657,constant,
1.0,1190.85,1190.887,916.7000122070312,429.1000061035156,1175.5,445.6000061035156,192.3000030517578,37.00000000003456,259.3254397116503,constant,
1.0,1191.249,1191.377,1163.699951171875,457.1000061035156,569.4000244140625,342.8999938964844,323.5,127.99999999992906,605.1727404075859,constant,
1.0,1191.554,1191.774,555.2999877929688,259.1000061035156,565.7000122070312,300.70001220703125,214.89999389648438,219.9999999997999,42.880310348989234,constant,
1.0,1191.814,1191.946,552.9000244140625,352.29998779296875,589.5,302.6000061035156,384.20001220703125,131.99999999983447,61.72233301506997,constant,
1.0,1192.362,1192.382,552.9000244140625,352.29998779296875,589.5,302.6000061035156,0.0,19.99999999998181,61.72233301506997,constant,
1.0,1192.583,1192.588,581.2999877929688,355.3999938964844,581.7000122070312,373.29998779296875,44.599998474121094,4.999999999881766,17.90446315939196,constant,
1.0,1192.803,1192.81,575.2000122070312,361.20001220703125,558.5999755859375,355.5,40.70000076293945,6.999999999834472,17.551391824637694,constant,
1.0,1192.998,1193.005,560.4000244140625,321.8999938964844,579.0999755859375,321.20001220703125,43.70000076293945,7.000000000061846,18.713047538978756,constant,
1.0,1193.17,1193.272,579.2999877929688,349.1000061035156,632.7000122070312,300.6000061035156,483.0,101.99999999986176,72.13745634150452,constant,
1.0,1193.326,1193.442,626.0,337.29998779296875,613.7999877929688,289.6000061035156,263.79998779296875,115.99999999998545,49.23543999017247,constant,
1.0,1193.471,1193.735,608.0999755859375,296.79998779296875,598.9000244140625,417.5,471.1000061035156,263.9999999998963,121.05012205009285,constant,
1.0,1193.833,1193.964,542.4000244140625,440.6000061035156,587.0999755859375,415.0,439.3999938964844,130.99999999985812,51.51160982990191,constant,
1.0,1194.104,1194.515,578.7999877929688,423.29998779296875,1027.5999755859375,537.7000122070312,145.10000610351562,411.0000000000582,463.15094151788895,constant,
1.0,1194.561,1194.912,1079.5999755859375,506.20001220703125,1076.199951171875,506.0,43.79999923706055,351.0000000001128,3.4059023619567483,constant,
1.0,1194.989,1194.996,1381.0,568.7000122070312,1390.0,540.2999877929688,69.30000305175781,7.000000000061846,29.791968493527683,constant,
1.0,1195.024,1195.129,1386.0,536.0,1437.4000244140625,331.6000061035156,537.2999877929688,105.00000000001819,210.76365914134502,constant,
1.0,1195.247,1195.324,1493.5,548.5,1492.699951171875,555.5,52.70000076293945,76.99999999999818,7.045571525957578,constant,
1.0,1195.495,1195.645,1477.0,588.0,1457.5,580.9000244140625,137.3000030517578,150.00000000009095,20.7523409118323,constant,
1.0,1195.707,1195.874,1004.2999877929688,528.4000244140625,593.7000122070312,339.6000061035156,463.8999938964844,166.99999999991633,451.926749446451,constant,
1.0,1196.0,1196.106,577.7000122070312,351.0,610.0999755859375,332.5,272.5,105.99999999999454,37.309618424133824,constant,
1.0,1196.149,1197.674,577.7000122070312,351.0,610.0999755859375,332.5,0.0,1525.000000000091,37.309618424133824,constant,
1.0,1197.704,1197.815,792.7999877929688,448.5,803.2999877929688,412.0,421.79998779296875,111.00000000010368,37.98025802966588,constant,
1.0,1197.908,1198.584,792.7999877929688,448.5,803.2999877929688,412.0,0.0,676.0000000001583,37.98025802966588,constant,
1.0,1198.827,1199.027,1035.300048828125,520.2999877929688,773.5,574.4000244140625,367.0,200.00000000004547,267.331403933044,constant,
1.0,1199.065,1199.214,753.0999755859375,592.2999877929688,508.29998779296875,714.0999755859375,318.79998779296875,148.99999999988722,273.42690257142766,constant,
1.0,1199.605,1199.638,496.1000061035156,725.9000244140625,664.9000244140625,725.7000122070312,128.10000610351562,32.999999999901775,168.8001368083685,constant,
1.0,1200.095,1200.516,718.4000244140625,614.0,625.9000244140625,581.5,302.0,421.0000000000491,98.04335775563789,constant,
1.0,1200.67,1200.697,618.7999877929688,583.5,578.4000244140625,475.6000061035156,115.69999694824219,26.999999999816282,115.21530160477093,constant,
1.0,1200.991,1201.037,561.5,442.1000061035156,1018.0999755859375,484.8999938964844,274.20001220703125,46.00000000004911,458.60154454619646,constant,
1.0,1201.172,1201.304,991.7999877929688,506.29998779296875,862.7000122070312,247.39999389648438,538.2000122070312,132.00000000006185,289.3026279450107,constant,
1.0,1201.357,1201.867,814.0999755859375,213.89999389648438,433.70001220703125,234.5,491.8999938964844,509.9999999999909,380.95733670601237,constant,
1.0,1202.205,1202.614,428.0,295.79998779296875,1046.300048828125,431.3999938964844,378.29998779296875,409.0000000001055,632.9947172260881,constant,
1.0,1202.663,1202.927,931.4000244140625,478.20001220703125,966.0,400.1000061035156,431.3999938964844,263.9999999998963,85.42112890799704,constant,
1.0,1202.976,1203.108,953.0999755859375,436.70001220703125,970.7999877929688,394.5,418.3999938964844,131.99999999983447,45.761681157958364,constant,
1.0,1203.378,1203.403,983.0,444.8999938964844,860.5,418.5,137.60000610351562,25.00000000009095,125.31244821538846,constant,
1.0,1203.504,1204.769,606.7999877929688,231.8000030517578,665.0999755859375,222.10000610351562,219.8000030517578,1265.0000000001,59.10142568040312,constant,
1.0,1204.805,1204.928,660.0999755859375,251.89999389648438,660.0999755859375,204.3000030517578,380.5,123.0000000000473,47.59999084472656,constant,
1.0,1204.964,1205.136,650.2999877929688,214.60000610351562,993.9000244140625,354.20001220703125,506.6000061035156,172.00000000002547,370.87618806027245,constant,
1.0,1205.308,1205.405,1406.800048828125,693.2999877929688,1405.699951171875,696.2000122070312,32.900001525878906,96.99999999997999,3.1016699462459396,constant,
1.0,1205.706,1205.925,1401.9000244140625,655.0,594.0,371.1000061035156,480.3999938964844,219.00000000005093,856.3303427898994,constant,
1.0,1206.003,1208.401,384.0,348.29998779296875,783.4000244140625,324.29998779296875,441.6000061035156,2398.0000000001382,400.12045624030986,constant,
1.0,1208.425,1208.568,783.4000244140625,335.8999938964844,815.2999877929688,326.5,417.3999938964844,143.0000000000291,33.25609040205273,constant,
1.0,1208.614,1208.748,802.0,382.6000061035156,963.2999877929688,438.0,436.1000061035156,134.00000000001455,170.54865987671195,constant,
1.0,1208.833,1209.163,802.0,382.6000061035156,963.2999877929688,438.0,0.0,329.99999999992724,170.54865987671195,constant,
1.0,1209.332,1209.34,824.5,652.7000122070312,801.7000122070312,658.7999877929688,52.900001525878906,7.999999999810825,23.60188860046072,constant,
1.0,1209.523,1209.562,792.5999755859375,645.7000122070312,868.9000244140625,499.1000061035156,163.10000610351562,38.99999999998727,165.26723583555537,constant,
1.0,1209.716,1209.921,846.7000122070312,496.5,1251.4000244140625,595.0999755859375,256.20001220703125,205.0000000001546,416.5381796017248,constant,
1.0,1210.145,1210.155,1236.5999755859375,618.0999755859375,1207.0999755859375,632.2000122070312,66.4000015258789,9.999999999990905,32.69649878375642,constant,
1.0,1210.315,1210.352,1191.0,629.0,1062.0999755859375,513.2999877929688,144.6999969482422,37.00000000003456,173.2100144871915,constant,
1.0,1210.488,1210.71,1041.9000244140625,525.0999755859375,1037.699951171875,450.8999938964844,228.89999389648438,221.99999999998,74.31875872183899,constant,
1.0,1211.019,1211.04,1027.300048828125,489.1000061035156,1111.9000244140625,489.29998779296875,86.9000015258789,20.999999999958163,84.60021194900955,constant,
1.0,1211.219,1211.444,1100.199951171875,506.6000061035156,862.0999755859375,1078.699951171875,157.8000030517578,224.99999999990905,619.6692226674195,constant,
1.0,1211.624,1211.676,1014.2999877929688,854.4000244140625,1477.5,848.0,244.0,51.99999999990723,463.24422459550914,constant,
1.0,1212.016,1212.027,1456.9000244140625,860.9000244140625,1492.300048828125,877.5999755859375,65.0999984741211,10.999999999967258,39.14141154403134,constant,
1.0,1212.138,1212.264,1486.0,895.0999755859375,123.4000015258789,925.2000122070312,411.5,125.99999999997635,1362.9324150691648,constant,
1.0,1212.445,1212.462,121.69999694824219,920.5999755859375,52.400001525878906,923.5999755859375,88.4000015258789,17.00000000005275,69.36490009752463,constant,
1.0,1212.577,1212.688,28.399999618530273,939.9000244140625,111.9000015258789,82.19999694824219,429.70001220703125,111.00000000010368,861.7549462773022,constant,
1.0,1212.942,1212.991,128.0,106.9000015258789,695.9000244140625,157.10000610351562,322.79998779296875,48.99999999997817,570.1144430630463,constant,
1.0,1213.076,1213.187,683.0999755859375,198.1999969482422,741.0999755859375,155.10000610351562,470.1000061035156,110.99999999987631,72.26070308830045,constant,
1.0,1213.246,1217.262,733.9000244140625,203.3000030517578,540.2999877929688,395.79998779296875,492.70001220703125,4015.999999999849,273.0150514258422,constant,
1.0,1217.532,1217.726,534.7000122070312,292.0,561.5,240.89999389648438,581.0,194.00000000018736,57.70138620070239,constant,
1.0,1217.777,1217.898,563.9000244140625,302.6000061035156,796.9000244140625,232.3000030517578,602.0999755859375,120.99999999986721,243.37438326388659,constant,
1.0,1217.93,1221.076,461.3999938964844,348.8999938964844,1425.199951171875,542.4000244140625,500.3999938964844,3145.999999999958,983.0323593119142,constant,
1.0,1221.207,1221.483,461.3999938964844,348.8999938964844,1425.199951171875,542.4000244140625,0.0,275.99999999983993,983.0323593119142,constant,
1.0,1221.56,1221.574,1443.5999755859375,582.7999877929688,1482.5999755859375,569.5999755859375,64.0,14.000000000123691,41.17329622784377,constant,
1.0,1222.274,1222.395,1490.9000244140625,565.9000244140625,523.7000122070312,555.7999877929688,308.70001220703125,121.00000000009459,967.2527458493095,constant,
1.0,1222.573,1222.62,503.70001220703125,566.0,825.4000244140625,639.9000244140625,183.3000030517578,46.99999999979809,330.0789473177638,constant,
1.0,1223.006,1223.032,800.7000122070312,630.4000244140625,672.5,688.2999877929688,141.5,25.99999999983993,140.66857818703383,constant,
1.0,1223.148,1223.275,617.2000122070312,705.2000122070312,637.7000122070312,679.7000122070312,288.70001220703125,127.00000000018008,32.71849629796577,constant,
1.0,1223.454,1223.716,635.9000244140625,704.0,185.8000030517578,455.79998779296875,373.8999938964844,261.9999999999436,513.9973494969771,constant,
1.0,1224.072,1224.08,154.8000030517578,473.29998779296875,134.0,478.1000061035156,47.20000076293945,8.000000000038199,21.346669593515507,constant,
1.0,1224.293,1224.3,110.5999984741211,469.3999938964844,92.0,471.3999938964844,44.900001525878906,7.000000000061846,18.70721634122263,constant,
1.0,1224.464,1224.618,77.30000305175781,484.0,850.5,339.8999938964844,420.29998779296875,153.99999999999636,786.5132211474864,constant,
1.0,1224.674,1224.802,826.5999755859375,405.8999938964844,814.2999877929688,363.79998779296875,273.5,127.99999999992906,43.86000699524834,constant,
1.0,1224.84,1224.987,796.7999877929688,404.70001220703125,625.5999755859375,394.6000061035156,201.0,147.0000000001619,171.49768016792152,constant,
1.0,1225.056,1225.208,594.4000244140625,420.8999938964844,729.5999755859375,384.6000061035156,411.79998779296875,152.00000000004366,139.98827061810238,constant,
1.0,1225.253,1225.374,710.4000244140625,400.1000061035156,970.0999755859375,428.20001220703125,358.20001220703125,121.00000000009459,261.2157632718437,constant,
1.0,1225.578,1225.759,710.4000244140625,400.1000061035156,970.0999755859375,428.20001220703125,0.0,181.00000000004002,261.2157632718437,constant,
1.0,1225.785,1227.176,973.9000244140625,472.6000061035156,574.2999877929688,382.5,431.70001220703125,1390.999999999849,409.6317863245393,constant,
1.0,1227.381,1228.926,973.9000244140625,472.6000061035156,574.2999877929688,382.5,0.0,1544.9999999998454,409.6317863245393,constant,
1.0,1228.95,1229.401,975.5,560.7000122070312,754.7000122070312,459.70001220703125,337.20001220703125,451.0000000000218,242.80369562544792,constant,
1.0,1229.472,1229.597,728.7999877929688,505.20001220703125,749.9000244140625,463.29998779296875,312.79998779296875,125.0,46.91293628958361,constant,
1.0,1229.709,1230.004,808.2000122070312,438.29998779296875,796.2000122070312,501.3999938964844,269.1000061035156,294.9999999998454,64.23091755738594,,
1.0,1230.468,1230.64,832.7999877929688,454.8999938964844,828.2999877929688,507.29998779296875,151.8000030517578,172.00000000002547,52.59286415809277,constant,
1.0,1230.732,1231.027,774.4000244140625,537.0999755859375,792.7000122070312,456.8999938964844,436.70001220703125,295.00000000007276,82.2613312329154,constant,
1.0,1231.335,1231.356,788.0,491.29998779296875,851.7000122070312,545.7000122070312,113.80000305175781,20.999999999958163,83.76785905958518,constant,
1.0,1231.489,1231.519,845.0,551.0999755859375,1005.7999877929688,444.79998779296875,170.89999389648438,29.999999999972715,192.75975585947447,constant,
1.0,1231.617,1231.919,-6.699999809265137,197.39999389648438,290.70001220703125,298.20001220703125,133.89999389648438,302.0000000001346,314.01816959962656,constant,
1.0,1231.966,1232.086,292.70001220703125,348.0,822.0999755859375,368.1000061035156,378.1000061035156,120.00000000011823,529.7813997026968,constant,
1.0,1232.264,1232.283,817.9000244140625,445.79998779296875,866.2000122070312,502.70001220703125,102.30000305175781,19.000000000005457,74.63579301596413,constant,
1.0,1232.443,1232.461,865.0999755859375,500.8999938964844,932.4000244140625,535.9000244140625,116.4000015258789,18.000000000029104,75.85709398928626,constant,
1.0,1232.648,1232.807,936.2999877929688,519.9000244140625,1019.0999755859375,448.29998779296875,136.1999969482422,159.0000000001055,109.46416410249402,constant,
1.0,1232.911,1232.917,1034.300048828125,394.3999938964844,1048.5999755859375,401.70001220703125,42.400001525878906,5.999999999858119,16.05547173436899,constant,
1.0,1233.132,1233.143,1052.0999755859375,407.6000061035156,1017.7000122070312,419.29998779296875,64.0999984741211,10.999999999967258,36.33520403140224,constant,
1.0,1233.274,1233.391,1009.7000122070312,426.0,420.3999938964844,447.8999938964844,505.29998779296875,117.00000000018917,589.7068096210836,constant,
1.0,1233.602,1233.618,420.20001220703125,454.70001220703125,357.1000061035156,481.3999938964844,97.69999694824219,15.999999999849024,68.5164198749529,constant,
1.0,1233.947,1233.989,343.70001220703125,476.0,286.70001220703125,709.5,148.5,42.0000000001437,240.35650604882738,constant,
1.0,1234.43,1234.556,284.6000061035156,735.4000244140625,726.9000244140625,389.70001220703125,294.5,125.99999999997635,561.3713607207369,constant,
1.0,1234.774,1234.807,720.9000244140625,427.70001220703125,943.4000244140625,408.29998779296875,182.1999969482422,33.00000000012915,223.3441535999235,constant,
1.0,1234.943,1234.964,942.5999755859375,414.29998779296875,851.7999877929688,438.8999938964844,130.1999969482422,20.999999999958163,94.07336543090334,constant,
1.0,1235.177,1235.185,835.5999755859375,437.5,838.5,413.0,54.900001525878906,8.000000000038199,24.67103851892252,constant,
1.0,1235.262,1235.283,845.2000122070312,409.3999938964844,942.2000122070312,416.5,116.0999984741211,20.999999999958163,97.25949869637391,constant,
1.0,1235.539,1236.052,950.7999877929688,443.1000061035156,502.70001220703125,420.29998779296875,523.7000122070312,512.99999999992,448.6796507031259,constant,
1.0,1236.182,1236.19,545.2000122070312,423.3999938964844,523.7999877929688,426.29998779296875,49.099998474121094,8.000000000038199,21.59562477730426,constant,
1.0,1236.326,1236.504,507.3999938964844,444.5,618.7000122070312,512.5,381.1000061035156,177.99999999988358,130.42888512874774,constant,
1.0,1236.64,1236.683,614.2000122070312,514.5999755859375,830.7000122070312,719.7000122070312,225.10000610351562,42.99999999989268,298.2252085622106,constant,
1.0,1236.847,1236.865,826.0999755859375,723.2000122070312,841.0,808.7000122070312,105.9000015258789,18.000000000029104,86.78859791205097,constant,
1.0,1237.089,1237.249,836.0999755859375,838.9000244140625,1247.4000244140625,690.5999755859375,110.0,160.00000000008185,437.2192066326024,constant,
1.0,1237.452,1237.47,1244.0999755859375,696.0,1329.800048828125,700.5999755859375,131.39999389648438,18.000000000029104,85.82343694532119,constant,
1.0,1238.895,1238.909,1333.4000244140625,687.2000122070312,1341.5999755859375,646.9000244140625,60.0,14.000000000123691,41.1257609696716,constant,
1.0,1239.093,1239.233,1333.699951171875,645.9000244140625,799.0999755859375,274.70001220703125,395.29998779296875,139.99999999987267,650.8352963377025,constant,
1.0,1239.292,1239.428,776.0,310.70001220703125,783.9000244140625,207.89999389648438,435.20001220703125,136.00000000019463,103.10312386339977,constant,
1.0,1239.503,1239.508,782.7999877929688,262.1000061035156,799.5,251.0,61.099998474121094,5.000000000109139,20.052444818851313,constant,
1.0,1239.53,1240.551,1064.5999755859375,395.5,1064.5999755859375,395.5,12.800000190734863,1020.9999999999582,0.0,constant,
1.0,1240.644,1240.71,1064.5999755859375,395.5,1064.5999755859375,395.5,0.0,66.00000000003092,0.0,constant,
1.0,1240.734,1240.861,1063.5999755859375,412.1000061035156,1096.4000244140625,370.5,322.29998779296875,127.00000000018008,52.97550104472747,constant,
1.0,1240.948,1241.057,1082.5999755859375,415.70001220703125,1075.699951171875,415.1000061035156,497.3999938964844,108.9999999999236,6.926062679395455,constant,
1.0,1241.325,1241.357,1082.5999755859375,415.70001220703125,1075.699951171875,415.1000061035156,0.0,31.99999999992542,6.926062679395455,constant,
1.0,1241.422,1241.442,1082.5999755859375,415.70001220703125,1075.699951171875,415.1000061035156,0.0,19.99999999998181,6.926062679395455,constant,
1.0,1241.811,1242.048,1071.300048828125,421.5,472.29998779296875,335.79998779296875,145.8000030517578,237.00000000008004,605.0996324675848,constant,
1.0,1242.317,1242.326,449.6000061035156,331.79998779296875,443.1000061035156,357.6000061035156,55.400001525878906,9.000000000014552,26.606220040143885,constant,
1.0,1242.358,1242.483,432.70001220703125,334.79998779296875,532.5,330.5,585.5,125.0,99.89257959676681,constant,
1.0,1242.508,1243.282,340.5,456.70001220703125,477.1000061035156,361.0,519.5999755859375,773.9999999998872,166.7874515780682,constant,
1.0,1243.371,1243.634,497.5,495.70001220703125,487.0,527.2999877929688,114.5999984741211,262.99999999991996,33.29877560859928,constant,
1.0,1243.929,1243.951,471.3999938964844,504.20001220703125,555.5999755859375,447.29998779296875,133.6999969482422,21.999999999934516,101.62307658610396,constant,
1.0,1244.134,1244.144,549.5,432.20001220703125,526.0,431.3999938964844,45.5,9.999999999990905,23.51361370136905,constant,
1.0,1244.465,1244.591,489.5,493.8999938964844,530.0,447.20001220703125,494.70001220703125,125.99999999997635,61.81535642375005,constant,
1.0,1245.365,1245.597,317.5,286.1000061035156,290.3999938964844,345.8999938964844,114.80000305175781,231.9999999999709,65.65400879496846,constant,
1.0,1245.8,1245.818,260.5,348.8999938964844,196.89999389648438,342.8999938964844,78.80000305175781,18.000000000029104,63.88239801672464,constant,
1.0,1246.002,1246.019,170.39999389648438,349.29998779296875,124.30000305175781,393.70001220703125,88.19999694824219,17.00000000005275,64.00446331196926,constant,
1.0,1246.308,1246.322,128.10000610351562,416.6000061035156,171.60000610351562,445.29998779296875,82.4000015258789,13.999999999896318,52.114671149062666,constant,
1.0,1246.583,1246.6,187.8000030517578,449.0,152.1999969482422,390.0,84.80000305175781,16.999999999825377,68.90834807605208,constant,
1.0,1246.731,1246.842,133.1999969482422,443.1000061035156,162.1999969482422,307.5,488.0,111.00000000010368,138.6663681477,constant,
1.0,1246.874,1247.777,163.3000030517578,316.1000061035156,985.2999877929688,332.6000061035156,501.8999938964844,903.00000000002,822.1655702561078,constant,
1.0,1247.836,1247.944,964.9000244140625,361.79998779296875,951.0,308.29998779296875,223.0,107.99999999994725,55.276221639250394,constant,
1.0,1247.97,1248.084,942.2000122070312,328.3999938964844,924.7999877929688,287.0,456.70001220703125,114.00000000003274,44.907909595514624,constant,
1.0,1248.108,1248.231,918.7000122070312,299.0,891.2999877929688,268.8999938964844,527.5,123.0000000000473,40.703460606229775,constant,
1.0,1248.281,1252.419,880.5999755859375,298.29998779296875,755.4000244140625,209.10000610351562,521.7000122070312,4138.000000000147,153.72593960304377,constant,
1.0,1252.657,1252.684,285.0,692.7999877929688,473.29998779296875,694.0,192.3000030517578,27.000000000043656,188.30381151779483,constant,
1.0,1252.789,1252.961,615.9000244140625,527.7999877929688,607.2000122070312,601.4000244140625,254.39999389648438,172.00000000002547,74.11245241542635,constant,
1.0,1253.058,1253.081,596.7999877929688,603.7999877929688,485.29998779296875,679.7000122070312,157.39999389648438,22.99999999991087,134.88166556673033,constant,
1.0,1253.353,1253.472,838.0,505.79998779296875,834.0,538.9000244140625,319.1000061035156,118.99999999991451,33.340852183436276,,
1.0,1254.738,1254.818,833.2000122070312,527.9000244140625,812.2000122070312,491.8999938964844,326.20001220703125,79.99999999992724,41.677358328792344,active,
1.0,1254.903,1255.166,808.5,543.0,577.0999755859375,594.0,529.7999877929688,262.99999999991996,236.95352138938287,active,
1.0,1255.495,1255.547,506.8999938964844,604.0,879.9000244140625,344.3999938964844,215.39999389648438,52.000000000134605,454.44602092554356,active,
1.0,1255.692,1255.713,873.2000122070312,351.20001220703125,972.5,340.1000061035156,115.19999694824219,20.999999999958163,99.91845530822535,active,
1.0,1255.984,1255.993,991.5,348.6000061035156,1019.5999755859375,359.3999938964844,60.79999923706055,9.000000000014552,30.10395927878188,active,
1.0,1256.114,1256.123,1021.5999755859375,362.8999938964844,1007.7999877929688,341.0,51.70000076293945,9.000000000014552,25.885312355699696,active,
1.0,1256.736,1256.757,1023.5,331.20001220703125,1001.2000122070312,420.6000061035156,115.30000305175781,20.999999999958163,92.13928784323221,active,
1.0,1257.01,1257.017,1001.0999755859375,433.79998779296875,986.2000122070312,447.5,47.900001525878906,7.000000000061846,20.241028708184587,active,
1.0,1257.121,1257.133,983.5,449.8999938964844,985.5,495.20001220703125,76.30000305175781,11.999999999943611,45.344146909340814,active,
1.0,1257.242,1257.266,988.9000244140625,498.20001220703125,962.0,608.0999755859375,110.30000305175781,24.000000000114596,113.14421445289234,active,
1.0,1257.411,1257.445,942.2999877929688,633.4000244140625,1194.9000244140625,653.7999877929688,188.10000610351562,33.99999999987813,253.42244771692705,active,
1.0,1257.605,1257.623,1185.5999755859375,637.9000244140625,1256.5,631.5,100.5999984741211,18.000000000029104,71.18829801600299,active,
1.0,1257.873,1257.997,1255.800048828125,626.5999755859375,381.3999938964844,224.10000610351562,695.9000244140625,124.00000000002365,962.5911289315972,active,
1.0,1258.201,1258.223,378.3999938964844,220.1999969482422,291.1000061035156,213.89999389648438,75.5999984741211,21.999999999934516,87.52701244247201,active,
1.0,1258.442,1258.678,273.29998779296875,232.39999389648438,816.0999755859375,391.8999938964844,202.0,236.00000000010368,565.7491288089157,active,
1.0,1258.789,1258.907,824.0,508.8999938964844,844.5,502.79998779296875,402.70001220703125,117.99999999993815,21.38831630734238,active,
1.0,1259.284,1259.311,827.5999755859375,505.6000061035156,801.5999755859375,664.5999755859375,128.1999969482422,26.999999999816282,161.1117323332199,active,
1.0,1259.698,1259.733,793.5999755859375,715.2000122070312,1001.7000122070312,646.5,182.3000030517578,34.99999999985448,219.14679308387517,active,
1.0,1260.026,1260.087,1023.2999877929688,653.5999755859375,363.8999938964844,330.3999938964844,319.5,60.99999999992178,734.347724252446,active,
1.0,1260.284,1260.305,382.8999938964844,341.1000061035156,311.3999938964844,306.5,85.4000015258789,20.999999999958163,79.4317973003464,active,
1.0,1260.443,1260.465,277.29998779296875,299.3999938964844,157.8000030517578,291.1000061035156,123.9000015258789,21.999999999934516,119.78787981475037,active,
1.0,1260.675,1260.732,114.80000305175781,304.5,986.0,269.29998779296875,437.79998779296875,57.00000000001637,871.9108185714823,active,
1.0,1261.002,1261.049,954.2000122070312,288.70001220703125,1398.0999755859375,333.3999938964844,252.3000030517578,47.000000000025466,446.1448933371666,active,
1.0,1261.211,1261.218,1364.5999755859375,335.5,1342.199951171875,332.70001220703125,52.900001525878906,7.000000000061846,22.574344406679234,active,
1.0,1261.763,1261.788,1316.800048828125,347.20001220703125,1461.5,354.0,134.60000610351562,25.00000000009095,144.85964138823323,active,
1.0,1262.001,1262.133,1489.9000244140625,357.8999938964844,606.7999877929688,438.5,613.5,132.00000000006185,886.770565402384,active,
1.0,1262.239,1262.262,603.5,440.20001220703125,651.4000244140625,550.9000244140625,154.0,22.99999999991087,120.61884198376575,active,
1.0,1262.801,1262.859,-90.5999984741211,112.30000305175781,685.5,293.79998779296875,378.29998779296875,57.999999999992724,797.0404331604454,active,
1.0,1263.216,1263.349,651.2999877929688,334.5,731.7999877929688,406.0,340.1000061035156,133.0000000000382,107.66847263707236,active,
1.0,1263.485,1263.498,721.2000122070312,398.0,708.7999877929688,437.29998779296875,71.4000015258789,13.000000000147338,41.20982462953268,active,
1.0,1263.582,1263.626,707.5,449.1000061035156,299.8999938964844,369.5,243.10000610351562,43.99999999986903,415.2998024888354,active,
1.0,1263.83,1263.84,294.5,365.8999938964844,262.20001220703125,362.3999938964844,59.20000076293945,9.999999999990905,32.48906295087518,active,
1.0,1264.102,1264.169,256.79998779296875,361.8999938964844,1266.5999755859375,421.0,434.8999938964844,67.00000000000728,1011.5279660336215,active,
1.0,1264.343,1264.369,1220.0999755859375,429.6000061035156,1399.5999755859375,427.8999938964844,170.3000030517578,25.99999999983993,179.50805007437427,active,
1.0,1264.652,1264.693,1424.800048828125,448.20001220703125,1045.800048828125,522.7000122070312,250.39999389648438,40.99999999993997,386.2528317048303,active,
1.0,1264.861,1264.951,1032.9000244140625,548.5,561.0,417.8999938964844,425.20001220703125,89.99999999991815,489.6386367886332,active,
1.0,1265.099,1265.119,570.5,418.20001220703125,664.0999755859375,422.5,105.80000305175781,19.99999999998181,93.69869435967492,active,
1.0,1265.334,1265.342,677.9000244140625,422.8999938964844,698.4000244140625,434.70001220703125,51.099998474121094,8.000000000038199,23.653550095688416,active,
1.0,1266.034,1266.153,714.0999755859375,398.0,816.9000244140625,432.5,278.29998779296875,118.99999999991451,108.43477320059688,active,
1.0,1266.514,1266.546,816.5999755859375,423.0,620.5999755859375,396.6000061035156,158.5,32.000000000152795,197.76996657160666,active,
1.0,1266.661,1266.676,593.2999877929688,394.5,546.0999755859375,422.70001220703125,84.19999694824219,14.99999999987267,54.98255942406292,active,
1.0,1266.779,1266.787,554.0,438.8999938964844,573.7999877929688,454.6000061035156,56.400001525878906,8.000000000038199,25.26914917251156,active,
1.0,1266.917,1266.948,580.2999877929688,456.1000061035156,518.5999755859375,279.8999938964844,145.39999389648438,31.000000000176442,186.69048130021457,active,
1.0,1267.237,1267.283,487.8999938964844,259.29998779296875,885.0,430.5,275.6000061035156,45.99999999982174,432.4324907162964,active,
1.0,1267.445,1267.452,869.2000122070312,455.20001220703125,881.0,471.5,51.20000076293945,7.000000000061846,20.122855512206556,active,
1.0,1267.812,1267.967,882.7000122070312,490.6000061035156,790.7000122070312,440.3999938964844,321.3999938964844,155.0000000002001,104.8047767307678,active,
1.0,1268.61,1268.634,776.4000244140625,435.20001220703125,913.0,476.1000061035156,145.0,24.000000000114596,142.5915945307127,active,
1.0,1268.733,1268.747,928.0999755859375,504.0,886.5999755859375,540.4000244140625,91.69999694824219,14.000000000123691,55.201555932277365,active,
1.0,1268.917,1268.956,886.7999877929688,541.5999755859375,564.9000244140625,476.29998779296875,233.89999389648438,38.99999999998727,328.4565037095522,active,
1.0,1269.141,1269.156,537.7000122070312,470.70001220703125,479.70001220703125,495.0,88.9000015258789,14.99999999987267,62.88473110969331,active,
1.0,1269.238,1269.295,457.0,496.3999938964844,1056.0,363.8999938964844,307.8999938964844,57.00000000001637,613.4796247635287,active,
1.0,1269.836,1270.04,1013.2999877929688,388.1000061035156,824.5999755859375,436.70001220703125,381.3999938964844,203.9999999999509,194.85803858243955,active,
1.0,1270.741,1270.761,814.4000244140625,455.6000061035156,733.5999755859375,458.70001220703125,87.4000015258789,19.99999999998181,80.85949498030035,active,
1.0,1270.996,1271.013,720.7999877929688,455.8999938964844,659.9000244140625,455.29998779296875,82.80000305175781,16.999999999825377,60.902919034118376,active,
1.0,1271.285,1271.337,647.2000122070312,458.29998779296875,1019.0,330.70001220703125,206.6999969482422,51.99999999990723,393.0864850034704,active,
1.0,1271.482,1271.533,1020.2999877929688,331.70001220703125,1382.300048828125,241.3000030517578,167.10000610351562,50.99999999993088,373.116879603068,active,
1.0,1271.719,1271.844,1383.5,244.1999969482422,803.5,699.2000122070312,331.3999938964844,125.0,737.1736660282286,active,
1.0,1272.004,1272.041,805.4000244140625,694.0,686.4000244140625,499.79998779296875,141.89999389648438,37.00000000003456,227.76005958291083,active,
1.0,1272.194,1272.23,667.9000244140625,470.20001220703125,889.0,371.5,187.10000610351562,36.00000000005821,242.12990648362765,active,
1.0,1272.499,1272.538,913.4000244140625,343.6000061035156,596.0999755859375,356.6000061035156,216.5,38.99999999998727,317.5662466105781,active,
1.0,1272.65,1272.926,588.7000122070312,367.8999938964844,817.2999877929688,445.8999938964844,228.89999389648438,275.99999999983993,241.5407809002265,active,
1.0,1273.718,1273.756,821.5999755859375,476.6000061035156,1035.9000244140625,507.5,140.8000030517578,38.000000000010914,216.51632860026868,active,
1.0,1274.032,1274.078,1038.300048828125,501.8999938964844,671.2000122070312,432.1000061035156,218.39999389648438,46.00000000004911,373.676966353436,active,
1.0,1274.269,1274.363,657.2999877929688,439.6000061035156,1336.0999755859375,432.20001220703125,595.0,94.00000000005093,678.8403224156639,active,
1.0,1274.712,1274.975,1330.699951171875,437.29998779296875,841.0,425.20001220703125,544.9000244140625,262.99999999991996,489.84941725689237,active,
1.0,1275.525,1275.568,817.4000244140625,472.79998779296875,1199.199951171875,505.0,226.89999389648438,42.99999999989268,383.1553534252183,active,
1.0,1275.7,1275.707,1190.5,507.5,1180.9000244140625,494.8999938964844,40.29999923706055,7.000000000061846,15.84044459790277,active,
1.0,1275.984,1276.012,1163.699951171875,481.8999938964844,1105.5999755859375,604.2999877929688,127.5999984741211,28.00000000002001,135.48935629393898,active,
1.0,1276.127,1276.24,1088.800048828125,647.2000122070312,1003.2999877929688,664.0,524.9000244140625,113.00000000005639,87.13495295723378,active,
1.0,1276.458,1276.485,1017.9000244140625,676.7000122070312,923.4000244140625,812.7000122070312,157.10000610351562,26.999999999816282,165.6087256155303,active,
1.0,1276.78,1276.792,922.5999755859375,845.9000244140625,891.2000122070312,855.9000244140625,50.400001525878906,11.999999999943611,32.95387230958835,active,
1.0,1276.95,1276.999,872.2000122070312,857.5,1176.0,502.79998779296875,274.1000061035156,48.99999999997817,467.0187696899088,active,
1.0,1277.401,1277.434,1156.800048828125,485.8999938964844,1153.4000244140625,677.4000244140625,143.39999389648438,32.999999999901775,191.53021133557382,active,
1.0,1277.663,1277.686,1149.300048828125,713.7000122070312,1052.5999755859375,742.7999877929688,128.10000610351562,22.99999999991087,100.9837251449291,active,
1.0,1277.955,1277.993,1026.800048828125,743.9000244140625,1185.300048828125,594.7000122070312,154.10000610351562,38.000000000010914,217.67612097466795,active,
1.0,1278.167,1278.366,1180.5,554.5999755859375,870.5,394.3999938964844,263.20001220703125,199.00000000006912,348.9470362867424,active,
1.0,1278.967,1278.99,855.5999755859375,403.70001220703125,741.0999755859375,480.1000061035156,160.5,22.99999999991087,137.64886148233427,active,
1.0,1279.08,1279.291,723.4000244140625,510.1000061035156,598.0999755859375,632.9000244140625,257.0,211.00000000001273,175.44214639989207,active,
1.0,1279.451,1279.486,598.4000244140625,634.0,735.2000122070312,675.7999877929688,158.1999969482422,35.000000000081855,143.04361446652814,active,
1.0,1279.635,1279.66,762.4000244140625,679.7999877929688,910.2000122070312,700.7999877929688,157.1999969482422,25.00000000009095,149.28441442964404,active,
1.0,1279.787,1279.945,950.5999755859375,729.2000122070312,972.2000122070312,719.7000122070312,596.9000244140625,157.99999999990177,23.59685534202791,active,
1.0,1280.018,1280.047,969.0,721.5999755859375,1172.800048828125,760.5999755859375,191.89999389648438,28.999999999996362,207.49809614149748,active,
1.0,1280.254,1280.262,1180.800048828125,771.2000122070312,1163.0,766.0999755859375,44.400001525878906,8.000000000038199,18.516266141426343,active,
1.0,1280.379,1280.43,1154.199951171875,754.7000122070312,621.0999755859375,846.0999755859375,320.1000061035156,51.00000000015825,540.8784866080297,active,
1.0,1280.585,1280.619,621.2999877929688,848.4000244140625,428.29998779296875,749.9000244140625,170.0,33.99999999987813,216.68237122571833,active,
1.0,1280.838,1280.852,395.0,739.0,340.5,739.2000122070312,77.5999984741211,14.000000000123691,54.50036701603909,active,
1.0,1281.021,1281.103,333.6000061035156,747.9000244140625,895.5999755859375,241.6999969482422,233.8000030517578,82.00000000010732,756.3613114805916,active,
1.0,1281.315,1281.328,882.5,268.20001220703125,914.7999877929688,295.79998779296875,73.19999694824219,12.999999999919964,42.48585486688807,active,
1.0,1281.456,1281.462,914.0999755859375,312.1000061035156,909.7999877929688,329.70001220703125,46.70000076293945,6.0000000000854925,18.117673963935534,active,
1.0,1281.678,1281.723,908.2000122070312,335.79998779296875,1261.800048828125,453.20001220703125,232.6999969482422,44.999999999845386,372.57985940045296,active,
1.0,1281.886,1281.898,1250.800048828125,466.3999938964844,1267.199951171875,504.70001220703125,71.4000015258789,11.999999999943611,41.66351160755371,active,
1.0,1282.01,1282.02,1259.199951171875,516.0,1260.199951171875,551.0,66.30000305175781,9.999999999990905,35.014282800023196,active,
1.0,1282.236,1282.306,1267.9000244140625,555.0999755859375,322.6000061035156,408.8999938964844,382.6000061035156,69.99999999993634,956.538843572971,active,
1.0,1282.508,1282.527,339.6000061035156,419.29998779296875,289.6000061035156,377.0,80.19999694824219,19.000000000005457,65.4926634615306,active,
1.0,1282.73,1282.746,272.3999938964844,361.29998779296875,215.89999389648438,353.3999938964844,80.9000015258789,16.000000000076398,57.04962667331392,active,
1.0,1283.045,1283.097,209.5,353.70001220703125,926.7000122070312,392.6000061035156,372.1000061035156,51.99999999990723,718.2541799634112,active,
1.0,1283.326,1283.337,817.0999755859375,513.0,848.5,532.9000244140625,58.900001525878906,10.999999999967258,37.17489078509854,,
1.0,1283.488,1283.653,847.2000122070312,488.29998779296875,851.9000244140625,501.6000061035156,71.69999694824219,164.99999999996362,14.106048412192726,,
1.0,1283.922,1284.05,831.7999877929688,494.79998779296875,833.7999877929688,517.9000244140625,178.39999389648438,127.99999999992906,23.186454922990542,active,
1.0,1284.917,1284.925,818.9000244140625,507.6000061035156,802.2000122070312,496.79998779296875,43.29999923706055,8.000000000038199,19.887956235449145,active,
1.0,1284.962,1285.082,822.0,421.0,812.2000122070312,453.6000061035156,190.6999969482422,120.00000000011823,34.041153897768986,active,
1.0,1285.321,1285.333,801.5999755859375,448.6000061035156,837.7999877929688,461.29998779296875,59.900001525878906,12.000000000170985,38.36313880148047,active,
1.0,1285.5,1285.517,836.9000244140625,464.5,784.2999877929688,462.1000061035156,66.5,17.00000000005275,52.65476068926309,active,
1.0,1285.764,1285.782,762.0999755859375,458.1000061035156,830.0,459.6000061035156,80.80000305175781,18.000000000029104,67.9165908702011,active,
1.0,1286.106,1286.302,824.4000244140625,405.70001220703125,820.5999755859375,473.1000061035156,171.89999389648438,195.9999999999127,67.50703332499707,active,
1.0,1286.936,1286.959,817.4000244140625,492.6000061035156,744.4000244140625,426.29998779296875,90.4000015258789,23.000000000138243,98.61385515219882,active,
1.0,1287.058,1287.097,724.2000122070312,360.20001220703125,687.2999877929688,178.10000610351562,161.39999389648438,38.99999999998727,185.80103343269874,active,
1.0,1287.504,1287.551,676.5,177.5,653.9000244140625,496.20001220703125,175.60000610351562,47.000000000025466,319.50032343840724,active,
1.0,1287.887,1287.939,658.4000244140625,519.2999877929688,666.0,179.5,182.89999389648438,52.000000000134605,339.88496779500053,active,
1.0,1288.301,1288.686,669.0999755859375,157.0,819.0999755859375,369.6000061035156,350.8999938964844,384.9999999999909,260.1898587478284,active,
1.0,1289.243,1289.264,798.7000122070312,384.6000061035156,835.2999877929688,462.29998779296875,107.0999984741211,20.999999999958163,85.88856365915413,active,
1.0,1289.333,1289.531,865.2999877929688,594.5,860.5,648.7999877929688,102.19999694824219,197.9999999998654,54.51172861989615,active,
1.0,1289.563,1289.711,889.2999877929688,663.2999877929688,871.5,702.5999755859375,170.0,147.99999999991087,43.14311771253127,active,
1.0,1289.834,1289.874,870.5,699.7000122070312,801.5,508.3999938964844,121.19999694824219,39.99999999996362,203.36346035022018,active,
1.0,1290.02,1290.07,798.5999755859375,499.20001220703125,373.20001220703125,440.8999938964844,221.3000030517578,49.999999999954525,429.37631627487895,active,
1.0,1290.229,1290.27,364.29998779296875,442.20001220703125,767.4000244140625,416.70001220703125,254.8000030517578,40.99999999993997,403.90579288235904,active,
1.0,1290.674,1291.076,350.70001220703125,268.1000061035156,622.5999755859375,354.70001220703125,340.5,402.00000000004366,285.3579351316159,active,
1.0,1291.153,1291.26,580.0999755859375,397.1000061035156,813.7000122070312,453.0,135.39999389648438,106.9999999999709,240.19530891964425,active,
1.0,1291.539,1291.56,808.7999877929688,483.5,785.5999755859375,391.0,130.89999389648438,20.999999999958163,95.36503849108644,active,
1.0,1291.732,1291.753,782.0,363.0,805.2999877929688,281.0,115.5999984741211,20.999999999958163,85.2460522907219,active,
1.0,1291.975,1291.99,793.4000244140625,271.29998779296875,817.7999877929688,227.60000610351562,84.19999694824219,15.000000000100044,50.05044068288015,active,
1.0,1292.034,1292.062,793.4000244140625,271.29998779296875,817.7999877929688,227.60000610351562,0.0,27.999999999792635,50.05044068288015,active,
1.0,1292.088,1292.356,793.4000244140625,271.29998779296875,817.7999877929688,227.60000610351562,0.0,268.0000000000291,50.05044068288015,active,
1.0,1292.447,1292.492,819.2999877929688,166.6999969482422,876.5,489.1000061035156,189.5,45.00000000007276,327.43489016872485,active,
1.0,1292.593,1292.873,884.5,528.0,575.5999755859375,619.7000122070312,224.5,279.9999999999727,322.2237069518289,active,
1.0,1293.317,1293.566,869.5999755859375,342.5,857.5999755859375,324.3999938964844,229.39999389648438,249.00000000002365,21.716588612102566,active,
1.0,1294.175,1294.217,812.7000122070312,355.6000061035156,712.0999755859375,588.0,163.0,42.0000000001437,253.23926340765442,active,
1.0,1294.494,1294.512,711.4000244140625,596.0,771.2999877929688,564.7999877929688,73.19999694824219,18.000000000029104,67.53848069443974,active,
1.0,1294.677,1294.717,779.7999877929688,550.9000244140625,1072.5999755859375,576.4000244140625,188.10000610351562,40.000000000190994,293.90828986532966,active,
1.0,1295.016,1295.038,1063.5999755859375,576.2000122070312,951.2000122070312,559.5,118.0,21.999999999934516,113.63380736072544,active,
1.0,1295.196,1295.234,910.5999755859375,561.7999877929688,771.5,415.3999938964844,136.0,38.000000000010914,201.94494650993144,active,
1.0,1295.341,1295.44,758.4000244140625,403.3999938964844,718.0,324.20001220703125,306.20001220703125,99.00000000016007,88.90893696511367,active,
1.0,1295.629,1295.683,716.7999877929688,331.29998779296875,902.5,653.7000122070312,187.6999969482422,54.00000000008731,372.0568105489801,active,
1.0,1295.858,1295.895,896.5,656.0999755859375,775.2999877929688,455.70001220703125,165.60000610351562,37.00000000003456,234.19988958420004,active,
1.0,1296.106,1296.343,804.5,376.79998779296875,793.2000122070312,430.6000061035156,146.6999969482422,237.00000000008004,54.97391830983509,active,
1.0,1297.121,1297.142,778.4000244140625,438.6000061035156,793.5999755859375,375.6000061035156,71.5999984741211,20.999999999958163,64.80770413791392,active,
1.0,1297.37,1297.415,794.2000122070312,338.70001220703125,442.3999938964844,356.1000061035156,197.0,45.00000000007276,352.2300564558607,active,
1.0,1297.699,1297.754,433.3999938964844,363.70001220703125,975.2999877929688,349.1000061035156,261.8999938964844,54.99999999983629,542.0966367385362,active,
1.0,1297.932,1297.977,951.0,357.20001220703125,1333.300048828125,360.0,200.6999969482422,45.00000000007276,382.3103023273471,active,
1.0,1298.24,1298.281,1320.300048828125,359.70001220703125,1014.5999755859375,319.29998779296875,195.3000030517578,40.99999999993997,308.35806581462344,active,
1.0,1298.423,1298.463,1009.7000122070312,324.0,743.0999755859375,324.5,166.3000030517578,39.99999999996362,266.60050548783386,active,
1.0,1298.902,1299.223,729.4000244140625,341.79998779296875,850.4000244140625,407.8999938964844,325.29998779296875,320.9999999999127,137.87752103546396,active,
1.0,1299.696,1299.722,838.5,398.20001220703125,813.0999755859375,521.5,109.69999694824219,26.000000000067303,125.8890314125151,active,
1.0,1299.904,1299.929,807.5999755859375,592.5,733.7999877929688,550.5,69.4000015258789,25.00000000009095,84.91429913885138,active,
1.0,1300.01,1300.05,704.2999877929688,539.9000244140625,994.7999877929688,591.7999877929688,207.1999969482422,39.99999999996362,295.09973940810556,active,
1.0,1300.325,1300.331,983.2000122070312,612.9000244140625,993.7000122070312,600.0,44.29999923706055,5.999999999858119,16.633118465381305,active,
1.0,1300.63,1300.675,993.4000244140625,590.0,650.2000122070312,479.20001220703125,223.1999969482422,44.999999999845386,360.64232374172116,active,
1.0,1300.872,1300.881,637.9000244140625,481.79998779296875,663.5,477.6000061035156,53.29999923706055,9.000000000014552,25.94221648572723,active,
1.0,1301.33,1301.549,796.5,359.29998779296875,783.2000122070312,439.1000061035156,148.89999389648438,219.00000000005093,80.90075770755632,active,
1.0,1302.196,1302.22,775.4000244140625,450.6000061035156,865.9000244140625,485.1000061035156,96.4000015258789,24.000000000114596,96.85298136867031,active,
1.0,1302.413,1302.458,893.2999877929688,491.5,549.9000244140625,531.7999877929688,210.89999389648438,45.00000000007276,345.756596270769,active,
1.0,1302.541,1302.592,535.0999755859375,537.9000244140625,988.2999877929688,482.20001220703125,267.0,51.00000000015825,456.6100551064515,active,
1.0,1302.706,1302.732,970.4000244140625,487.1000061035156,1138.300048828125,479.70001220703125,173.10000610351562,26.000000000067303,168.06301826371794,active,
1.0,1303.037,1303.05,1144.9000244140625,479.3999938964844,1124.800048828125,440.20001220703125,70.30000305175781,12.999999999919964,44.052781785135245,active,
1.0,1303.21,1303.227,1115.0999755859375,403.3999938964844,1095.9000244140625,356.0,73.80000305175781,17.00000000005275,51.140957620963064,active,
1.0,1303.398,1303.44,1079.5999755859375,334.5,762.5999755859375,379.8999938964844,189.39999389648438,42.0000000001437,320.2345381838143,active,
1.0,1303.591,1303.61,761.5,386.20001220703125,820.2999877929688,440.79998779296875,122.0999984741211,19.000000000005457,80.24086177527161,active,
1.0,1303.771,1303.801,818.0,459.3999938964844,1032.199951171875,480.3999938964844,194.10000610351562,29.999999999972715,215.22690139021572,active,
1.0,1304.552,1304.79,1013.5999755859375,475.20001220703125,729.5999755859375,326.29998779296875,507.79998779296875,238.0000000000564,320.6668321958297,active,
1.0,1305.043,1305.069,714.0999755859375,325.70001220703125,796.7000122070312,400.3999938964844,122.4000015258789,26.000000000067303,111.36809827868419,active,
1.0,1305.595,1305.621,808.0,425.1000061035156,694.2999877929688,514.0999755859375,139.89999389648438,26.000000000067303,144.39074535354086,active,
1.0,1305.773,1305.9,1029.300048828125,655.0999755859375,987.5999755859375,637.4000244140625,545.5,127.00000000018008,45.30104170866892,active,
1.0,1306.142,1306.207,979.2999877929688,626.2999877929688,428.0,345.1000061035156,241.6999969482422,65.00000000005457,618.8740633139155,active,
1.0,1306.334,1306.454,414.0,359.0,777.5,282.8999938964844,203.6999969482422,119.99999999989086,371.38048000528397,active,
1.0,1306.504,1307.499,414.0,359.0,777.5,282.8999938964844,0.0,995.0000000001182,371.38048000528397,active,
1.0,1307.709,1307.718,806.7000122070312,445.70001220703125,810.5999755859375,475.1000061035156,58.400001525878906,9.000000000014552,29.657534548072743,active,
1.0,1307.951,1307.956,810.0,486.20001220703125,802.0999755859375,474.70001220703125,40.5,4.999999999881766,13.952074603541352,active,
1.0,1308.102,1308.204,785.2000122070312,477.3999938964844,1131.5,422.1000061035156,391.6000061035156,101.99999999986176,350.6875677798014,active,
1.0,1308.37,1308.436,1125.5,437.1000061035156,386.5,604.2999877929688,313.70001220703125,66.00000000003092,757.6785821685561,active,
1.0,1308.568,1308.609,391.20001220703125,618.2999877929688,166.0,712.7000122070312,189.39999389648438,40.99999999993997,244.18519633143737,active,
1.0,1308.737,1308.752,164.5,721.2999877929688,120.5,715.9000244140625,61.599998474121094,14.99999999987267,44.33012073628414,active,
1.0,1308.86,1308.995,99.0,720.2999877929688,1087.0,402.29998779296875,231.3000030517578,134.9999999999909,1037.9152181175493,active,
1.0,1309.253,1309.303,1076.300048828125,428.29998779296875,572.0,416.1000061035156,284.5,50.0000000001819,504.4475976761831,active,
1.0,1309.547,1309.593,562.0,422.5,1037.4000244140625,405.8999938964844,280.3999938964844,46.00000000004911,475.6897554241924,active,
1.0,1309.839,1309.994,1022.7000122070312,429.6000061035156,944.7999877929688,410.5,268.1000061035156,154.99999999997272,80.20738143628594,active,
1.0,1310.816,1310.837,910.4000244140625,423.6000061035156,829.7999877929688,465.29998779296875,93.9000015258789,20.999999999958163,90.74830233245346,active,
1.0,1310.992,1311.035,807.2000122070312,480.29998779296875,472.79998779296875,531.0,191.1999969482422,43.00000000012005,338.22162492353846,active,
1.0,1311.273,1311.294,458.1000061035156,537.9000244140625,364.8999938964844,547.5999755859375,117.0,21.000000000185537,93.70342217938219,active,
1.0,1311.432,1311.492,299.29998779296875,541.2999877929688,1044.800048828125,501.6000061035156,338.8999938964844,59.99999999994543,746.5563806904102,active,
1.0,1311.736,1311.86,1016.0,514.0,925.4000244140625,455.70001220703125,386.6000061035156,123.99999999979627,107.73692102911042,active,
1.0,1312.269,1312.493,907.5,509.8999938964844,899.5,411.70001220703125,255.6999969482422,223.9999999999327,98.52530844310475,active,
1.0,1312.885,1312.906,874.0999755859375,452.6000061035156,800.7000122070312,449.29998779296875,90.5,20.999999999958163,73.47410935067347,active,
1.0,1313.278,1313.298,785.0,435.70001220703125,773.0999755859375,519.7000122070312,91.5,19.99999999998181,84.83873278789166,active,
1.0,1313.396,1313.552,969.7000122070312,594.9000244140625,962.0,644.5,108.19999694824219,155.99999999994907,50.19410090950954,active,
1.0,1313.654,1313.705,958.2000122070312,646.0,1335.199951171875,459.70001220703125,203.8000030517578,50.99999999993088,420.5194875759698,active,
1.0,1313.845,1313.881,1337.5,431.6000061035156,1416.5,237.0,158.3000030517578,36.00000000005821,210.02419473834036,active,
1.0,1314.059,1314.308,1425.300048828125,248.6999969482422,493.29998779296875,598.4000244140625,343.5,249.00000000002365,995.4467454259573,active,
1.0,1314.568,1314.607,492.3999938964844,599.0,237.1999969482422,613.0999755859375,167.39999389648438,38.99999999998727,255.58921681852476,active,
1.0,1314.862,1314.895,225.0,616.0999755859375,276.29998779296875,479.5,113.30000305175781,32.999999999901775,145.9151879608064,active,
1.0,1315.093,1315.143,280.8999938964844,460.29998779296875,777.7000122070312,501.79998779296875,264.0,49.999999999954525,498.5303483172912,active,
1.0,1315.304,1315.343,765.7000122070312,508.1000061035156,933.0,680.0,201.3000030517578,38.99999999998727,239.8726616710184,active,
1.0,1315.545,1315.591,934.7999877929688,705.2999877929688,1231.5999755859375,587.5999755859375,203.3000030517578,45.99999999982174,319.2859621521775,active,
1.0,1315.774,1315.826,1218.199951171875,589.7000122070312,1345.5,316.5,186.5,52.000000000134605,301.40263618881147,active,
1.0,1316.305,1316.315,804.4000244140625,480.70001220703125,837.7000122070312,490.70001220703125,65.19999694824219,9.999999999990905,34.76908378159925,,
1.0,1316.479,1316.484,833.7999877929688,504.0,820.0999755859375,508.5,45.79999923706055,4.999999999881766,14.420136423515737,active,
1.0,1316.846,1316.962,761.0999755859375,418.29998779296875,775.7000122070312,450.1000061035156,312.5,115.99999999998545,34.991459442103796,active,
1.0,1317.12,1317.139,769.0,440.29998779296875,819.9000244140625,483.0,82.5999984741211,19.000000000005457,66.4387200947819,active,
1.0,1317.492,1317.525,831.5999755859375,524.0,816.5,322.0,163.0,33.00000000012915,202.56359313236894,active,
1.0,1317.676,1317.69,810.7000122070312,313.1000061035156,770.0999755859375,349.29998779296875,76.0,14.000000000123691,54.3948678456975,active,
1.0,1317.872,1317.933,770.2000122070312,365.79998779296875,1346.699951171875,738.7000122070312,316.6000061035156,60.99999999992178,686.5905678309869,active,
1.0,1318.055,1318.078,1327.800048828125,744.5,1422.9000244140625,828.2000122070312,178.10000610351562,22.99999999991087,126.68740032024925,active,
1.0,1318.273,1318.286,1413.9000244140625,843.7000122070312,1370.5,826.7000122070312,70.69999694824219,13.000000000147338,46.61075111110334,active,
1.0,1318.525,1318.544,1354.9000244140625,842.2999877929688,1433.300048828125,898.7999877929688,127.5,19.000000000005457,96.63753840059046,active,
1.0,1318.706,1318.77,1451.0999755859375,904.0,827.7999877929688,335.0,360.0,64.00000000007822,843.9572707090774,active,
1.0,1318.915,1318.931,814.2999877929688,332.3999938964844,823.0,266.6000061035156,92.19999694824219,16.000000000076398,66.3726495324492,active,
1.0,1319.298,1319.324,851.0999755859375,262.5,760.7000122070312,390.20001220703125,160.39999389648438,26.000000000067303,156.45908889094147,active,
1.0,1319.492,1319.511,782.7999877929688,446.1000061035156,802.0999755859375,391.1000061035156,79.0999984741211,19.000000000005457,58.287987860353724,active,
1.0,1319.838,1319.95,817.0,396.3999938964844,849.5,450.3999938964844,336.79998779296875,112.00000000008004,63.02578837269709,active,
1.0,1320.63,1320.648,784.0999755859375,439.29998779296875,843.5999755859375,488.79998779296875,110.5,17.99999999980173,77.3983203952127,active,
1.0,1321.015,1321.036,844.0999755859375,506.3999938964844,766.7000122070312,478.79998779296875,90.9000015258789,20.999999999958163,82.17368598261933,active,
1.0,1321.213,1321.251,763.0,480.6000061035156,1023.4000244140625,518.2000122070312,194.6999969482422,38.000000000010914,263.1006141646742,active,
1.0,1321.449,1321.556,1015.2999877929688,538.5,991.9000244140625,548.4000244140625,267.29998779296875,106.9999999999709,25.408045370181217,active,
1.0,1321.732,1321.78,1008.0,565.5999755859375,625.4000244140625,453.6000061035156,224.6999969482422,48.00000000000182,398.65616072302635,active,
1.0,1322.077,1322.122,625.5,465.1000061035156,1075.0999755859375,558.7000122070312,284.29998779296875,45.00000000007276,459.2396968789325,active,
1.0,1322.635,1322.87,1051.800048828125,587.2000122070312,887.5999755859375,420.8999938964844,149.8000030517578,234.99999999989996,233.70357323504484,active,
1.0,1323.673,1323.692,872.2999877929688,445.29998779296875,827.2000122070312,506.3999938964844,97.0,19.000000000005457,75.94220528600552,active,
1.0,1323.796,1323.909,822.0999755859375,536.5999755859375,686.0,558.9000244140625,232.39999389648438,113.00000000005639,137.91481259179358,active,
1.0,1324.108,1324.157,688.7000122070312,562.0,1156.4000244140625,561.0999755859375,264.79998779296875,48.99999999997817,467.70087819289273,active,
1.0,1324.215,1324.403,1145.0999755859375,576.0,1123.800048828125,533.2999877929688,538.2999877929688,188.00000000010186,47.717689826402896,active,
1.0,1324.426,1324.562,1119.699951171875,553.2999877929688,1143.800048828125,554.5,556.5,135.99999999996726,24.129955166510584,active,
1.0,1324.689,1324.734,1153.5999755859375,567.4000244140625,720.5,569.0999755859375,288.29998779296875,44.999999999845386,433.1033117935332,active,
1.0,1325.072,1325.107,713.7000122070312,572.5,939.0999755859375,572.2999877929688,159.89999389648438,35.000000000081855,225.4000521208796,active,
1.0,1325.329,1325.383,939.7000122070312,567.4000244140625,1461.5,601.5,261.29998779296875,54.00000000008731,522.9130287109931,active,
1.0,1325.591,1325.603,1438.300048828125,597.2000122070312,1485.4000244140625,600.0999755859375,74.69999694824219,12.000000000170985,47.189167059770256,active,
1.0,1325.808,1325.845,1475.199951171875,589.4000244140625,1165.0,594.9000244140625,218.5,37.00000000003456,310.24870621331144,active,
1.0,1326.008,1326.284,1152.699951171875,613.7000122070312,948.4000244140625,492.0,381.70001220703125,276.0000000000673,237.80107872850178,active,
1.0,1326.474,1326.489,924.7999877929688,512.0999755859375,864.5999755859375,500.8999938964844,94.19999694824219,15.000000000100044,61.23300629211991,active,
1.0,1327.123,1327.314,880.4000244140625,539.2000122070312,892.5,562.2999877929688,272.3999938964844,191.00000000003092,26.077160145445134,active,
1.0,1327.378,1327.491,882.7999877929688,594.0999755859375,889.2000122070312,553.5,427.79998779296875,113.00000000005639,41.1013178630481,active,
1.0,1327.669,1327.703,885.9000244140625,582.7000122070312,1127.9000244140625,622.2000122070312,184.39999389648438,33.99999999987813,245.2024673611585,active,
1.0,1327.88,1327.933,1140.699951171875,633.5,774.0999755859375,387.6000061035156,216.3000030517578,52.999999999883585,441.43215684621464,active,
1.0,1328.187,1328.196,770.5999755859375,391.0,787.0999755859375,410.6000061035156,52.0,9.000000000014552,25.62050427407411,active,
1.0,1328.345,1328.388,783.0,415.20001220703125,1029.5999755859375,599.0,220.1999969482422,42.99999999989268,307.56134911864405,active,
1.0,1328.626,1328.674,1015.5,603.5999755859375,1381.9000244140625,582.5999755859375,199.60000610351562,48.00000000000182,367.00133227363847,active,
1.0,1328.996,1329.138,1360.800048828125,596.7999877929688,847.2000122070312,420.5,420.8999938964844,141.99999999982538,543.0162827328382,active,
1.0,1329.989,1330.014,821.4000244140625,455.5,902.4000244140625,528.5,114.0,24.999999999863576,109.04127658827184,active,
1.0,1330.189,1330.326,893.7999877929688,557.7999877929688,832.7000122070312,535.7999877929688,503.8999938964844,136.9999999999436,64.94002630583205,active,
1.0,1330.356,1330.484,830.4000244140625,539.9000244140625,842.7999877929688,532.4000244140625,487.3999938964844,127.99999999992906,14.491690439635263,active,
1.0,1330.638,1330.656,836.0999755859375,537.5999755859375,861.7999877929688,596.0,83.5,18.000000000029104,63.80480764804993,active,
1.0,1330.961,1330.984,860.7000122070312,594.7000122070312,821.5999755859375,542.5,62.599998474121094,22.99999999991087,65.22004399097783,active,
1.0,1331.082,1331.191,815.7999877929688,460.20001220703125,807.5999755859375,452.1000061035156,242.0,108.9999999999236,11.526070408966444,active,
1.0,1331.589,1331.61,816.0999755859375,497.6000061035156,811.7999877929688,585.5999755859375,95.4000015258789,20.999999999958163,88.10496310609784,active,
1.0,1331.754,1331.777,813.4000244140625,612.7000122070312,929.2000122070312,608.2000122070312,141.5,23.000000000138243,115.88739005108239,active,
1.0,1332.04,1332.056,963.7000122070312,604.2999877929688,1019.4000244140625,601.0999755859375,73.5999984741211,16.000000000076398,55.79185816934743,active,
1.0,1332.327,1332.7,850.7000122070312,436.79998779296875,844.7999877929688,440.70001220703125,284.70001220703125,373.0000000000473,7.072515713437269,active,
1.0,1332.939,1332.947,834.2999877929688,476.6000061035156,854.0,489.3999938964844,50.79999923706055,7.999999999810825,23.493194088018967,active,
1.0,1333.11,1333.115,852.0,500.0,835.4000244140625,499.79998779296875,48.5,5.000000000109139,16.601180510333673,active,
1.0,1333.399,1333.699,826.0,508.5,842.7999877929688,284.29998779296875,257.3999938964844,300.0000000001819,224.82856816578462,active,
1.0,1334.027,1334.057,876.0999755859375,332.0,680.9000244140625,381.3999938964844,172.8000030517578,29.999999999972715,201.3538684368271,active,
1.0,1334.175,1334.2,645.7999877929688,417.70001220703125,815.0,450.20001220703125,199.89999389648438,25.00000000009095,172.29304725048985,active,
1.0,1334.377,1334.396,822.5999755859375,462.1000061035156,833.9000244140625,407.3999938964844,75.5,19.000000000005457,55.855012657481126,active,
1.0,1334.552,1334.633,827.0,399.3999938964844,780.9000244140625,307.1000061035156,269.0,81.00000000013097,103.17216434487653,active,
1.0,1334.793,1334.841,779.0,336.1000061035156,1279.800048828125,347.8999938964844,293.6000061035156,48.00000000000182,500.93904680925664,active,
1.0,1335.028,1335.036,1247.0,352.6000061035156,1225.9000244140625,342.1000061035156,52.20000076293945,8.000000000038199,23.56817705566467,active,
1.0,1335.329,1335.336,1228.9000244140625,325.3999938964844,1229.699951171875,306.79998779296875,43.900001525878906,7.000000000061846,18.61719930249131,active,
1.0,1335.607,1335.776,1220.9000244140625,316.5,672.0999755859375,339.6000061035156,475.29998779296875,169.0000000000964,549.2859946109447,active,
1.0,1335.995,1336.02,634.5,385.5,784.7999877929688,413.70001220703125,165.3000030517578,25.00000000009095,152.9226177484654,active,
1.0,1336.422,1336.439,812.9000244140625,435.79998779296875,860.7000122070312,417.70001220703125,84.5,17.00000000005275,51.11211157073728,active,
1.0,1336.611,1336.638,858.2000122070312,410.3999938964844,795.2999877929688,566.9000244140625,159.5,26.999999999816282,168.6673430848205,active,
1.0,1336.817,1336.829,798.9000244140625,606.2000122070312,806.2999877929688,651.2000122070312,74.30000305175781,11.999999999943611,45.604379811693015,active,
1.0,1337.018,1337.07,812.5,656.0,367.1000061035156,782.4000244140625,230.5,51.99999999990723,462.9882511844808,active,
1.0,1337.245,1337.296,369.1000061035156,780.2000122070312,866.7000122070312,623.5999755859375,306.6000061035156,51.00000000015825,521.6601743893689,active,
1.0,1337.752,1337.99,858.2999877929688,640.2999877929688,864.0999755859375,451.8999938964844,161.8000030517578,238.0000000000564,188.48925051204893,active,
1.0,1338.05,1338.152,853.2999877929688,495.8999938964844,829.4000244140625,461.0,282.8999938964844,102.00000000008913,42.2991468411327,active,
1.0,1338.381,1338.388,838.4000244140625,491.6000061035156,857.2000122070312,501.1000061035156,49.5,6.999999999834472,21.06393935178731,active,
1.0,1338.49,1338.516,859.2000122070312,510.1000061035156,997.4000244140625,449.70001220703125,160.6999969482422,26.000000000067303,150.82242086877844,active,
1.0,1338.685,1338.739,1018.7000122070312,405.20001220703125,387.3999938964844,328.6000061035156,325.6000061035156,54.00000000008731,635.9302430722693,active,
1.0,1338.947,1338.972,374.5,318.5,464.79998779296875,378.0,125.0999984741211,25.00000000009095,108.14036154651188,active,
1.0,1339.09,1339.212,470.79998779296875,423.0,607.5,657.2999877929688,91.80000305175781,122.00000000007094,271.26256213710695,active,
1.0,1339.38,1339.399,610.0999755859375,662.4000244140625,556.2000122070312,643.0999755859375,70.9000015258789,18.999999999778083,57.251182843810696,active,
1.0,1339.654,1339.699,544.2999877929688,632.4000244140625,402.20001220703125,317.1000061035156,191.10000610351562,45.00000000007276,345.8417334680059,active,
1.0,1339.852,1339.901,386.79998779296875,306.29998779296875,1027.0,374.29998779296875,378.70001220703125,48.99999999997817,643.8012547594816,active,
1.0,1340.071,1340.078,988.4000244140625,373.70001220703125,967.2999877929688,379.70001220703125,49.599998474121094,7.000000000061846,21.936534489556397,active,
1.0,1340.477,1340.853,783.7000122070312,429.3999938964844,775.7999877929688,466.70001220703125,332.6000061035156,375.99999999997635,38.12744092789229,active,
1.0,1341.037,1341.058,743.2000122070312,462.79998779296875,835.9000244140625,478.3999938964844,146.10000610351562,20.999999999958163,94.00347043388062,active,
1.0,1341.6,1341.79,879.2999877929688,310.20001220703125,865.5999755859375,362.8999938964844,262.29998779296875,190.00000000005457,54.451615261087525,active,
1.0,1341.849,1341.964,861.0999755859375,381.0,871.2000122070312,369.8999938964844,308.5,115.0000000000091,15.007360702186077,active,
1.0,1342.717,1342.724,866.7999877929688,394.20001220703125,852.2000122070312,390.3999938964844,40.79999923706055,6.999999999834472,15.086398717734546,active,
1.0,1342.937,1342.98,831.0999755859375,380.79998779296875,1155.0,386.5,216.60000610351562,43.00000000012005,323.95017511122074,active,
1.0,1343.325,1343.462,1146.300048828125,395.5,703.5,396.6000061035156,188.6999969482422,136.9999999999436,442.8014151463584,active,
1.0,1343.638,1343.664,692.0,409.29998779296875,833.2999877929688,448.70001220703125,151.1999969482422,26.000000000067303,146.69031486134944,active,
1.0,1344.352,1344.373,849.0,448.29998779296875,924.5999755859375,477.79998779296875,112.9000015258789,20.999999999958163,81.1517486477916,active,
1.0,1344.568,1344.609,933.2999877929688,486.29998779296875,600.5,524.7999877929688,209.0,40.99999999993997,335.01952461759623,active,
1.0,1344.952,1345.006,593.2000122070312,545.7000122070312,513.0,257.79998779296875,125.0,54.00000000008731,298.86195143514965,active,
1.0,1345.191,1345.227,511.79998779296875,283.8999938964844,764.9000244140625,270.0,206.39999389648438,36.00000000005821,253.4814359433868,active,
1.0,1346.62,1346.769,742.7000122070312,293.6000061035156,897.5,473.0,505.20001220703125,149.0000000001146,236.95441340216036,active,
1.0,1346.924,1346.942,900.0,484.8999938964844,848.2000122070312,507.5,85.9000015258789,18.000000000029104,56.51547585600474,active,
1.0,1347.735,1347.756,835.2999877929688,507.70001220703125,902.0999755859375,576.0,117.0,21.000000000185537,95.53599688944715,active,
1.0,1347.891,1347.99,900.2000122070312,593.5,960.2999877929688,423.1000061035156,600.2999877929688,98.9999999999327,180.68803221395765,active,
1.0,1348.136,1348.15,980.0,372.0,994.7000122070312,330.70001220703125,65.80000305175781,14.000000000123691,43.83810386622847,active,
1.0,1348.292,1348.3,1007.7000122070312,311.20001220703125,1014.0,291.0,47.70000076293945,8.000000000038199,21.159639395693084,active,
1.0,1348.718,1348.777,990.7000122070312,282.6000061035156,1542.0999755859375,589.9000244140625,308.70001220703125,58.99999999996908,631.2489373202316,active,
1.0,1349.228,1349.278,1530.0,608.5999755859375,999.0,912.7000122070312,346.79998779296875,49.999999999954525,611.9132555133534,active,
1.0,1349.44,1349.484,1013.0999755859375,916.5999755859375,918.7000122070312,649.9000244140625,200.10000610351562,43.99999999986903,282.9137978979098,active,
1.0,1349.747,1349.752,925.0999755859375,671.2999877929688,930.0999755859375,684.0999755859375,44.79999923706055,4.999999999881766,13.741895338713253,active,
1.0,1350.065,1350.152,915.7999877929688,687.7999877929688,1012.5999755859375,269.5,142.8000030517578,86.99999999998909,429.35430290648856,active,
1.0,1350.348,1350.358,1006.2999877929688,267.3999938964844,997.7999877929688,245.5,43.099998474121094,9.999999999990905,23.491694972182252,active,
1.0,1350.63,1350.951,984.4000244140625,261.1000061035156,867.2000122070312,433.3999938964844,476.70001220703125,320.9999999999127,208.38216971417074,active,
1.0,1351.601,1351.619,807.5999755859375,487.0,728.7999877929688,446.70001220703125,96.69999694824219,17.99999999980173,88.50721491655612,active,
1.0,1351.765,1351.807,691.9000244140625,417.8999938964844,1068.0999755859375,414.29998779296875,244.6999969482422,41.99999999991633,376.2171757185821,active,
1.0,1352.115,1352.134,1071.800048828125,397.79998779296875,1141.300048828125,381.1000061035156,95.9000015258789,19.000000000005457,71.47824416161934,active,
1.0,1352.297,1352.303,1159.9000244140625,375.70001220703125,1172.300048828125,369.5,36.20000076293945,6.0000000000854925,13.863648756250374,active,
1.0,1352.451,1352.498,1176.199951171875,373.6000061035156,744.2999877929688,618.7999877929688,296.8999938964844,47.000000000025466,496.64938275126116,active,
1.0,1352.68,1352.691,733.4000244140625,631.0,767.2999877929688,612.5999755859375,70.9000015258789,10.999999999967258,38.57160115330035,active,
1.0,1352.759,1352.812,789.0999755859375,580.7000122070312,350.6000061035156,427.0,240.3000030517578,52.999999999883585,464.6567733160967,active,
1.0,1352.92,1352.954,344.3999938964844,417.5,321.6000061035156,258.20001220703125,123.9000015258789,33.99999999987813,160.9233530417494,active,
1.0,1353.06,1353.135,325.6000061035156,192.5,1491.4000244140625,489.79998779296875,463.70001220703125,75.00000000004547,1203.1113686748083,active,
1.0,1353.319,1353.331,1463.0999755859375,506.79998779296875,1504.9000244140625,502.79998779296875,71.0,11.999999999943611,41.99100001230781,active,
1.0,1353.48,1353.531,1499.300048828125,510.8999938964844,848.5,529.5,338.8999938964844,50.99999999993088,651.065790670759,active,
1.0,1353.886,1354.066,845.2000122070312,551.9000244140625,885.2000122070312,415.5,133.8000030517578,180.00000000006366,142.14417561109158,active,
1.0,1354.262,1354.281,883.7000122070312,409.79998779296875,843.0999755859375,475.79998779296875,100.69999694824219,19.000000000005457,77.48782467997249,active,
1.0,1354.536,1354.541,844.2999877929688,504.1000061035156,854.9000244140625,507.8999938964844,37.5,4.999999999881766,11.26058096171064,active,
1.0,1354.742,1354.79,855.4000244140625,499.5,543.7999877929688,398.6000061035156,163.5,48.00000000000182,327.5292224986613,active,
1.0,1354.86,1355.064,536.7999877929688,408.1000061035156,612.2999877929688,372.29998779296875,178.8000030517578,204.00000000017826,83.55771245693298,active,
1.0,1355.279,1355.288,613.2999877929688,385.29998779296875,581.7999877929688,380.79998779296875,63.70000076293945,9.000000000014552,31.81980515339464,active,
1.0,1355.678,1355.73,585.9000244140625,393.0,1202.9000244140625,433.0,343.79998779296875,51.99999999990723,618.2952369216506,active,
1.0,1355.926,1356.136,1185.199951171875,453.20001220703125,945.9000244140625,431.79998779296875,481.5,210.00000000003638,240.25489795468667,active,
1.0,1356.344,1356.453,925.2000122070312,447.3999938964844,848.5,435.6000061035156,309.70001220703125,108.9999999999236,77.60239419291749,active,
1.0,1356.645,1356.652,845.5,470.29998779296875,858.2999877929688,479.70001220703125,38.900001525878906,7.000000000061846,15.880810636901382,active,
1.0,1357.262,1357.274,855.4000244140625,499.5,849.0,525.7000122070312,44.79999923706055,11.999999999943611,26.97037174658856,active,
1.0,1357.35,1357.473,846.0999755859375,538.7000122070312,810.2999877929688,549.2999877929688,171.1999969482422,123.0000000000473,37.336290769158936,active,
1.0,1357.645,1357.697,796.2999877929688,542.0,1338.4000244140625,573.0,305.8999938964844,51.99999999990723,542.9856809388174,active,
1.0,1358.001,1358.056,1321.9000244140625,573.4000244140625,708.2000122070312,524.5,300.70001220703125,55.000000000063665,615.6451229162839,active,
1.0,1358.227,1358.25,710.2000122070312,524.2999877929688,661.0999755859375,444.3999938964844,87.30000305175781,22.99999999991087,93.78071561281129,active,
1.0,1358.688,1358.83,898.9000244140625,441.20001220703125,889.5,468.8999938964844,194.8000030517578,141.99999999982538,29.25148619439719,active,
1.0,1358.983,1358.999,894.7999877929688,487.0,832.9000244140625,482.29998779296875,84.80000305175781,16.000000000076398,62.07814092783528,active,
1.0,1359.685,1359.71,838.5,489.79998779296875,808.7999877929688,420.5,71.9000015258789,25.00000000009095,75.39614733660748,active,
1.0,1359.791,1359.907,723.0,382.8999938964844,776.5,511.79998779296875,140.10000610351562,115.99999999998545,139.56166531864582,active,
1.0,1359.989,1359.998,761.7999877929688,540.7999877929688,738.0,537.2000122070312,49.0,9.000000000014552,24.070713391272964,active,
1.0,1360.093,1360.101,730.2999877929688,532.2000122070312,715.7999877929688,511.20001220703125,58.0,8.000000000038199,25.51960031034969,active,
1.0,1360.218,1360.231,701.7999877929688,502.20001220703125,740.2000122070312,476.79998779296875,74.4000015258789,12.999999999919964,46.040450858300325,active,
1.0,1360.395,1360.45,753.4000244140625,474.8999938964844,898.0,157.8000030517578,197.60000610351562,55.000000000063665,348.513352876442,active,
1.0,1360.607,1360.652,886.5,163.0,1250.699951171875,320.6000061035156,254.10000610351562,45.00000000007276,396.8366998620771,active,
1.0,1360.802,1360.814,1236.9000244140625,335.20001220703125,1201.699951171875,350.0,65.5,12.000000000170985,38.184876521044146,active,
1.0,1361.084,1361.254,1180.4000244140625,373.6000061035156,888.0,334.20001220703125,467.70001220703125,169.9999999998454,295.0425965795233,active,
1.0,1361.488,1361.505,864.0,387.79998779296875,811.2999877929688,416.70001220703125,73.5999984741211,17.00000000005275,60.10409884321244,active,
1.0,1362.101,1362.145,807.0999755859375,425.6000061035156,529.0999755859375,468.1000061035156,146.5,43.99999999986903,281.2298881698032,active,
1.0,1362.33,1362.379,519.5,463.79998779296875,1081.5999755859375,444.8999938964844,310.20001220703125,48.99999999997817,562.4176315897278,active,
1.0,1362.647,1362.668,1062.800048828125,445.20001220703125,1122.699951171875,414.1000061035156,64.19999694824219,20.999999999958163,67.49228608092554,active,
1.0,1362.778,1362.839,1141.9000244140625,407.5,395.70001220703125,356.6000061035156,346.0,60.99999999992178,747.9339994922251,active,
1.0,1363.033,1363.052,398.0,360.79998779296875,462.29998779296875,352.0,71.4000015258789,19.000000000005457,64.89936991475595,active,
1.0,1363.367,1363.41,474.6000061035156,364.8999938964844,147.3000030517578,242.60000610351562,196.6999969482422,43.00000000012005,349.4031754461327,active,
1.0,1363.562,1363.574,99.69999694824219,259.79998779296875,76.0,229.0,57.599998474121094,12.000000000170985,38.8629528393522,active,
1.0,1364.322,1364.332,80.0,256.6000061035156,116.4000015258789,260.3999938964844,63.599998474121094,10.000000000218279,36.5978143925385,active,
1.0,1364.545,1364.565,110.19999694824219,268.3999938964844,92.5999984741211,358.70001220703125,108.0,19.99999999998181,91.99920245944617,active,
1.0,1364.946,1365.023,92.80000305175781,380.0,1315.800048828125,458.0,433.1000061035156,76.99999999999818,1225.4848477108953,active,
1.0,1365.428,1365.61,1276.0999755859375,478.3999938964844,767.7999877929688,396.20001220703125,322.29998779296875,181.999999999789,514.9035973656414,active,
1.0,1365.876,1365.894,754.5,409.5,824.7000122070312,431.1000061035156,118.5,18.000000000029104,73.44795420935323,active,
1.0,1366.257,1366.289,824.0,442.1000061035156,788.7000122070312,581.4000244140625,116.0,31.99999999992542,143.70311144683834,active,
1.0,1366.431,1366.474,786.2000122070312,617.5,1157.5999755859375,632.4000244140625,250.6999969482422,42.99999999989268,371.6987268277799,active,
1.0,1366.704,1366.749,1150.300048828125,629.7000122070312,718.4000244140625,606.0999755859375,263.1000061035156,45.00000000007276,432.5443246852104,active,
1.0,1366.949,1366.987,713.2999877929688,608.9000244140625,890.0,418.8999938964844,156.89999389648438,38.000000000010914,259.4665795640078,active,
1.0,1367.371,1367.528,894.4000244140625,390.5,834.7000122070312,422.0,360.6000061035156,156.99999999992542,67.5006774597091,active,
1.0,1368.256,1368.302,830.2000122070312,449.70001220703125,1151.0999755859375,426.0,190.0,45.99999999982174,321.7739533821792,active,
1.0,1368.452,1368.477,1149.0,425.20001220703125,1205.0999755859375,342.6000061035156,80.5,25.00000000009095,99.84972843750553,active,
1.0,1368.642,1368.75,1189.5,309.0,768.0,305.1000061035156,342.29998779296875,107.99999999994725,421.51804226200403,active,
1.0,1368.941,1368.967,765.2000122070312,303.0,915.0999755859375,310.5,131.39999389648438,26.000000000067303,150.087471232603,active,
1.0,1369.25,1369.291,946.9000244140625,325.1000061035156,711.5,449.8999938964844,162.6999969482422,40.99999999993997,266.43612451630196,active,
1.0,1369.432,1369.481,705.7999877929688,448.5,1149.0999755859375,427.5,249.89999389648438,48.99999999997817,443.797114881616,active,
1.0,1369.648,1369.779,836.5,695.0999755859375,820.0999755859375,577.2000122070312,683.4000244140625,131.0000000000855,119.03512996392821,,
1.0,1369.905,1369.924,808.5999755859375,571.2999877929688,853.9000244140625,533.2999877929688,88.4000015258789,19.000000000005457,59.12778047441413,,
1.0,1370.198,1370.483,838.4000244140625,530.5999755859375,830.7999877929688,499.29998779296875,465.70001220703125,284.9999999998545,32.20946743555315,constant,
1.0,1370.524,1370.62,831.0999755859375,508.0,837.7999877929688,493.8999938964844,527.7000122070312,96.00000000000364,15.610904384229174,constant,
1.0,1370.679,1370.798,833.2000122070312,497.5,838.4000244140625,531.2000122070312,413.5,118.99999999991451,34.09884088509944,constant,
1.0,1370.853,1370.978,831.5,544.0,843.5999755859375,517.2999877929688,219.5,125.0,29.313820307764413,constant,
1.0,1371.275,1371.311,838.2999877929688,532.2000122070312,1077.0999755859375,520.5,194.6999969482422,35.999999999830834,239.0864372053896,constant,
1.0,1371.703,1371.713,1065.5999755859375,501.1000061035156,1091.300048828125,502.79998779296875,45.599998474121094,9.999999999990905,25.75623618462678,constant,
1.0,1371.8,1371.906,1076.0999755859375,501.6000061035156,905.7999877929688,436.1000061035156,525.4000244140625,105.99999999999454,182.46187503773302,constant,
1.0,1371.976,1372.226,902.0999755859375,439.29998779296875,942.2000122070312,431.20001220703125,550.0,250.0,40.909932064302474,constant,
1.0,1372.256,1372.387,942.5,436.8999938964844,820.5999755859375,484.5,177.89999389648438,130.99999999985812,130.86396193453626,constant,
1.0,1372.418,1372.539,821.5,483.3999938964844,975.7999877929688,456.0,579.5,121.00000000009459,156.7138982299837,constant,
1.0,1372.576,1372.865,980.2000122070312,483.8999938964844,1019.0,476.20001220703125,551.9000244140625,288.99999999998727,39.55665267375941,constant,
1.0,1373.078,1373.088,1032.300048828125,516.7000122070312,1061.5,499.70001220703125,64.19999694824219,9.999999999990905,33.78812141034012,constant,
1.0,1373.289,1373.328,1061.0999755859375,485.6000061035156,1119.0999755859375,751.0,193.1999969482422,38.99999999998727,271.66368318244884,constant,
1.0,1373.561,1373.599,1114.800048828125,732.4000244140625,800.2000122070312,633.7000122070312,219.39999389648438,38.000000000010914,329.71938895318493,constant,
1.0,1373.72,1373.871,882.9000244140625,476.5,886.7000122070312,510.29998779296875,396.0,151.0000000000673,34.01292522015047,constant,
1.0,1373.969,1374.197,120.4000015258789,197.3000030517578,194.39999389648438,252.8000030517578,497.8999938964844,227.9999999998381,92.49999389648448,constant,
1.0,1374.387,1374.439,244.3000030517578,269.79998779296875,944.7000122070312,357.8999938964844,384.79998779296875,52.000000000134605,705.919105776396,constant,
1.0,1374.538,1374.656,907.9000244140625,367.70001220703125,976.5999755859375,351.79998779296875,608.5999755859375,117.99999999993815,70.51591357548871,constant,
1.0,1374.817,1374.836,974.7000122070312,375.3999938964844,1049.199951171875,414.20001220703125,120.0,19.000000000005457,83.99810906600348,constant,
1.0,1375.004,1375.013,1050.0,433.79998779296875,1044.4000244140625,463.1000061035156,58.900001525878906,9.000000000014552,29.83036707051186,constant,
1.0,1375.469,1375.513,1045.199951171875,465.79998779296875,1258.0,533.7999877929688,120.80000305175781,43.99999999986903,223.40067318889706,constant,
1.0,1375.62,1375.737,1257.4000244140625,543.7999877929688,1047.5,460.79998779296875,504.5,117.00000000018917,225.71446619351636,constant,
1.0,1375.768,1375.889,1040.300048828125,469.70001220703125,893.2999877929688,412.3999938964844,463.5,120.99999999986721,157.77296993695933,constant,
1.0,1376.097,1376.118,886.0,432.1000061035156,807.7999877929688,405.1000061035156,91.0,20.999999999958163,82.72993357412923,constant,
1.0,1376.294,1376.396,1020.2999877929688,456.3999938964844,1074.0999755859375,477.8999938964844,167.89999389648438,101.99999999986176,57.936937151730646,constant,
1.0,1376.526,1376.679,1065.699951171875,474.1000061035156,1005.5,420.79998779296875,517.0,153.00000000002,80.40476399443484,constant,
1.0,1376.905,1376.916,991.7000122070312,458.29998779296875,1018.4000244140625,472.6000061035156,58.5,10.999999999967258,30.2883009681559,constant,
1.0,1377.147,1377.156,1038.0,475.29998779296875,1039.199951171875,448.6000061035156,53.5,9.000000000014552,26.726932203902795,constant,
1.0,1377.182,1377.303,1028.0,475.20001220703125,229.60000610351562,355.79998779296875,466.79998779296875,121.00000000009459,807.2787102878318,constant,
1.0,1377.408,1378.145,1004.7999877929688,431.70001220703125,1049.699951171875,476.1000061035156,366.1000061035156,737.00000000008,63.14559501212236,constant,
1.0,1378.351,1378.474,1065.800048828125,585.4000244140625,1078.5,666.7999877929688,145.89999389648438,122.99999999981992,82.38472429920057,constant,
1.0,1378.71,1378.72,1091.800048828125,695.5,1068.0,708.5999755859375,51.599998474121094,9.999999999990905,27.167106665474936,constant,
1.0,1378.857,1378.895,1063.9000244140625,717.9000244140625,1311.800048828125,732.9000244140625,184.5,38.000000000010914,248.35342176924559,constant,
1.0,1379.027,1379.162,1306.300048828125,736.2000122070312,1015.7999877929688,448.20001220703125,262.29998779296875,134.9999999999909,409.0651359642245,constant,
1.0,1379.407,1379.416,1004.7999877929688,474.1000061035156,1032.9000244140625,485.3999938964844,59.29999923706055,9.000000000014552,30.286990313136968,constant,
1.0,1379.518,1379.656,1040.800048828125,495.3999938964844,796.5999755859375,345.79998779296875,239.8000030517578,137.99999999991996,286.3805817398618,constant,
1.0,1379.762,1380.607,1040.800048828125,495.3999938964844,796.5999755859375,345.79998779296875,0.0,845.0000000000273,286.3805817398618,constant,
1.0,1380.637,1380.755,730.2000122070312,327.29998779296875,720.0,245.60000610351562,301.0,118.00000000016553,82.33424109737432,constant,
1.0,1380.842,1381.128,711.7999877929688,299.79998779296875,185.6999969482422,664.0,129.6999969482422,285.99999999983083,639.8615860156187,constant,
1.0,1381.327,1381.342,201.60000610351562,661.7000122070312,268.20001220703125,670.5999755859375,98.69999694824219,15.000000000100044,67.19203941788187,constant,
1.0,1381.478,1381.687,262.79998779296875,698.5,1167.699951171875,650.4000244140625,556.0,208.99999999983265,906.1774392327993,constant,
1.0,1381.846,1381.865,1163.0,694.9000244140625,1100.0999755859375,727.2000122070312,93.69999694824219,19.000000000005457,70.70857290820958,constant,
1.0,1382.156,1382.167,1100.800048828125,741.9000244140625,1099.300048828125,784.2000122070312,77.0,10.999999999967258,42.32657518965249,constant,
1.0,1382.262,1382.735,1101.800048828125,799.2999877929688,804.9000244140625,223.6999969482422,326.8999938964844,472.99999999995634,647.661156745964,constant,
1.0,1382.791,1382.893,787.9000244140625,277.5,948.9000244140625,367.5,330.5,102.00000000008913,184.44782460088814,constant,
1.0,1383.03,1383.051,946.4000244140625,399.3999938964844,1028.0999755859375,478.79998779296875,177.1999969482422,20.999999999958163,113.9264721311448,constant,
1.0,1383.449,1383.485,1042.300048828125,488.5,1101.5,732.2999877929688,185.89999389648438,35.999999999830834,250.88457159937934,constant,
1.0,1383.919,1383.96,1104.9000244140625,745.2000122070312,854.0,506.5,231.39999389648438,40.99999999993997,346.3069708778817,constant,
1.0,1384.067,1384.152,822.2999877929688,463.79998779296875,821.2999877929688,302.20001220703125,537.7999877929688,85.00000000003638,161.60306961619136,constant,
1.0,1384.312,1384.487,822.2999877929688,463.79998779296875,821.2999877929688,302.20001220703125,0.0,175.0000000001819,161.60306961619136,constant,
1.0,1384.609,1384.621,1167.300048828125,318.29998779296875,1183.0999755859375,352.70001220703125,64.5999984741211,12.000000000170985,37.85497807739869,constant,
1.0,1384.657,1384.678,1179.5999755859375,351.3999938964844,1087.4000244140625,378.79998779296875,132.0,21.000000000185537,96.18518940888724,constant,
1.0,1384.841,1384.864,1080.699951171875,393.20001220703125,1187.9000244140625,428.6000061035156,140.3000030517578,23.000000000138243,112.8938229975471,constant,
1.0,1384.971,1385.015,1212.5999755859375,443.29998779296875,804.5999755859375,614.9000244140625,285.70001220703125,44.000000000096406,442.6178629115196,constant,
1.0,1385.28,1385.287,792.0999755859375,622.0999755859375,779.0999755859375,613.0999755859375,39.400001525878906,7.000000000061846,15.811388300841896,constant,
1.0,1385.48,1385.521,770.0,606.5,1119.300048828125,729.9000244140625,240.39999389648438,40.99999999993997,370.4565968325058,constant,
1.0,1385.649,1385.845,1107.9000244140625,742.2999877929688,1035.5999755859375,468.70001220703125,509.3999938964844,196.00000000014006,282.99159652041766,constant,
1.0,1386.087,1386.283,1034.0,396.79998779296875,1034.5999755859375,403.20001220703125,190.39999389648438,195.9999999999127,6.428085500700585,constant,
1.0,1386.31,1386.448,1029.300048828125,425.1000061035156,1050.800048828125,343.6000061035156,459.20001220703125,138.00000000014734,84.28819608936948,constant,
1.0,1386.681,1386.696,1045.5999755859375,423.29998779296875,1027.199951171875,458.1000061035156,54.099998474121094,14.99999999987267,39.364986636000445,constant,
1.0,1386.9,1387.121,1038.300048828125,470.3999938964844,1223.300048828125,624.9000244140625,108.19999694824219,221.00000000000364,241.02958206397108,constant,
1.0,1387.387,1387.397,1216.199951171875,611.5,1180.800048828125,612.9000244140625,66.5,9.999999999990905,35.42757618447821,constant,
1.0,1387.554,1388.146,1173.5,626.7999877929688,1037.5,233.60000610351562,438.0,591.9999999998709,416.0555559064033,constant,
1.0,1388.195,1389.62,1173.5,626.7999877929688,1037.5,233.60000610351562,0.0,1424.9999999999545,416.0555559064033,constant,
1.0,1389.758,1389.782,430.70001220703125,571.0999755859375,370.3999938964844,706.4000244140625,172.10000610351562,23.999999999887223,148.12898238071205,constant,
1.0,1389.886,1389.941,365.70001220703125,715.9000244140625,1085.300048828125,842.5999755859375,358.79998779296875,55.000000000063665,730.6689334657899,constant,
1.0,1390.144,1390.168,1060.800048828125,846.0999755859375,1187.5,894.5,175.89999389648438,23.999999999887223,135.62979020199566,constant,
1.0,1390.372,1390.388,1195.800048828125,901.5999755859375,1143.699951171875,895.2000122070312,73.0999984741211,15.999999999849024,52.491710841256904,constant,
1.0,1390.628,1390.731,1135.0999755859375,903.4000244140625,1189.199951171875,405.0,638.7999877929688,103.00000000006548,501.3276290953224,constant,
1.0,1390.91,1391.901,1172.4000244140625,427.20001220703125,1248.800048828125,389.5,156.10000610351562,990.9999999999854,85.19539101899616,constant,
1.0,1392.143,1392.175,570.9000244140625,707.4000244140625,650.9000244140625,787.0999755859375,117.30000305175781,31.99999999992542,112.92511774091386,constant,
1.0,1392.308,1392.426,673.0,820.7000122070312,1044.4000244140625,835.5999755859375,434.3999938964844,117.99999999993815,371.6987853672096,constant,
1.0,1392.466,1392.612,1035.199951171875,882.4000244140625,1031.300048828125,826.5999755859375,385.8999938964844,146.00000000018554,55.936166185321646,constant,
1.0,1392.87,1392.925,1020.9000244140625,832.2999877929688,917.2000122070312,530.0999755859375,150.89999389648438,55.000000000063665,319.49732379108946,constant,
1.0,1393.031,1393.132,901.7999877929688,529.0999755859375,920.2000122070312,270.29998779296875,390.70001220703125,101.00000000011278,259.45326087771355,constant,
1.0,1393.187,1394.612,901.7999877929688,529.0999755859375,920.2000122070312,270.29998779296875,0.0,1425.000000000182,259.45326087771355,constant,
1.0,1394.781,1394.797,1199.300048828125,915.4000244140625,1141.5,896.9000244140625,80.19999694824219,16.000000000076398,60.688513283269955,constant,
1.0,1395.334,1395.349,1131.0,897.5999755859375,1191.9000244140625,909.5999755859375,95.9000015258789,14.99999999987267,62.07103167850047,constant,
1.0,1395.71,1395.723,1200.4000244140625,904.9000244140625,1163.5,902.2999877929688,54.5,12.999999999919964,36.99151243446849,constant,
1.0,1396.05,1396.069,1151.300048828125,897.2999877929688,1132.699951171875,852.7000122070312,64.0,19.000000000005457,48.32309442790536,constant,
1.0,1396.229,1396.333,1134.5,854.0999755859375,1127.800048828125,727.2000122070312,452.8999938964844,104.00000000004184,127.07670931871527,constant,
1.0,1396.435,1396.55,1119.0999755859375,766.7000122070312,1130.5999755859375,500.6000061035156,572.2000122070312,115.0000000000091,266.34838698270926,constant,
1.0,1396.629,1396.846,1121.0,488.3999938964844,1108.4000244140625,558.5999755859375,435.0,217.00000000009823,71.3217835865437,constant,
1.0,1397.0,1397.531,1099.0,583.7999877929688,1338.0999755859375,524.7999877929688,492.70001220703125,530.9999999999491,246.27179766509178,constant,
1.0,1397.722,1397.969,1305.0999755859375,538.2000122070312,414.79998779296875,291.0,403.5,247.00000000007094,923.9815551726759,constant,
1.0,1398.023,1398.154,425.6000061035156,369.6000061035156,441.79998779296875,391.5,428.20001220703125,131.0000000000855,27.240578910967905,constant,
1.0,1398.289,1398.467,425.6000061035156,369.6000061035156,441.79998779296875,391.5,0.0,178.00000000011096,27.240578910967905,constant,
1.0,1398.49,1401.219,538.7999877929688,454.8999938964844,796.2000122070312,353.20001220703125,514.5,2729.000000000042,276.7628205594008,constant,
1.0,1401.27,1401.393,789.4000244140625,374.79998779296875,838.4000244140625,448.79998779296875,320.5,123.0000000000473,88.75246475450696,constant,
1.0,1401.458,1401.576,836.0,437.70001220703125,854.7999877929688,441.20001220703125,511.1000061035156,117.99999999993815,19.123010772777754,constant,
1.0,1401.641,1401.778,852.2999877929688,454.3999938964844,837.5,412.20001220703125,542.0999755859375,136.9999999999436,44.71999657046278,constant,
1.0,1401.861,1402.011,824.0999755859375,486.20001220703125,860.5999755859375,431.8999938964844,508.6000061035156,149.99999999986358,65.4273795022063,constant,
1.0,1402.091,1402.386,824.0999755859375,486.20001220703125,860.5999755859375,431.8999938964844,0.0,295.00000000007276,65.4273795022063,constant,
1.0,1402.426,1403.01,836.5999755859375,545.9000244140625,851.0,545.0999755859375,278.79998779296875,584.00000000006,14.422232186904363,,
1.0,1403.218,1403.355,834.5,573.0,854.5,530.5999755859375,298.5,136.9999999999436,46.88029511759814,constant,
1.0,1403.386,1403.661,843.5,539.9000244140625,842.2999877929688,523.5999755859375,395.0,275.00000000009095,16.344161682273068,constant,
1.0,1403.851,1403.89,829.4000244140625,552.2000122070312,1012.7999877929688,447.70001220703125,171.5,38.99999999998727,211.08244021562797,constant,
1.0,1404.059,1404.102,1003.4000244140625,446.79998779296875,855.4000244140625,701.0999755859375,184.8000030517578,43.00000000012005,294.23202373552755,constant,
1.0,1404.371,1404.417,861.4000244140625,683.4000244140625,1195.0999755859375,686.4000244140625,195.39999389648438,45.99999999982174,333.7134360677013,constant,
1.0,1404.724,1404.729,1182.5,700.7999877929688,1188.199951171875,714.4000244140625,46.400001525878906,5.000000000109139,14.74620084824733,constant,
1.0,1405.255,1405.264,1193.699951171875,712.4000244140625,1189.199951171875,682.7000122070312,57.29999923706055,8.999999999787178,30.03898675218266,constant,
1.0,1405.802,1405.824,1191.199951171875,697.0999755859375,1132.800048828125,664.5999755859375,80.4000015258789,22.00000000016189,66.83411250072479,constant,
1.0,1406.139,1406.146,1120.0,658.7000122070312,1139.800048828125,665.0999755859375,48.70000076293945,7.000000000061846,20.80868724469363,constant,
1.0,1406.169,1406.196,1146.5999755859375,670.2000122070312,956.0999755859375,674.2000122070312,174.5,26.999999999816282,190.54199012291227,constant,
1.0,1406.426,1406.56,903.7000122070312,687.5999755859375,916.5999755859375,681.0,572.5999755859375,134.00000000001455,14.490297889004678,constant,
1.0,1406.651,1406.767,911.5,687.2999877929688,996.2000122070312,412.29998779296875,467.0,115.99999999998545,287.7483137533064,constant,
1.0,1407.369,1407.394,995.9000244140625,388.3999938964844,954.2999877929688,507.0,126.80000305175781,25.00000000009095,125.68422532135958,constant,
1.0,1407.588,1407.695,922.5,573.5,1472.4000244140625,684.5,107.80000305175781,106.9999999999709,560.9911201174102,constant,
1.0,1407.828,1407.846,1468.0,681.5999755859375,1518.199951171875,732.7000122070312,106.5999984741211,18.000000000029104,71.63273581495933,constant,
1.0,1408.142,1408.473,1517.5999755859375,735.9000244140625,1520.800048828125,750.0999755859375,295.1000061035156,330.9999999999036,14.55606684647328,constant,
1.0,1408.66,1408.9,1523.5,755.5,1150.0,408.8999938964844,370.79998779296875,240.0000000000091,509.5427501505218,constant,
1.0,1408.941,1409.075,1126.4000244140625,451.8999938964844,1491.9000244140625,627.2999877929688,126.9000015258789,134.00000000001455,405.4077057221369,constant,
1.0,1409.276,1409.291,1479.0,624.2999877929688,1434.300048828125,672.7000122070312,88.69999694824219,14.99999999987267,65.88359430123599,constant,
1.0,1409.771,1409.791,1430.9000244140625,672.4000244140625,1481.699951171875,618.5,93.19999694824219,19.99999999998181,74.0664916844024,constant,
1.0,1410.171,1410.206,1481.5999755859375,577.7000122070312,1385.0999755859375,747.9000244140625,124.4000015258789,34.99999999985448,195.65350534880173,constant,
1.0,1410.315,1410.414,1373.9000244140625,760.7000122070312,940.4000244140625,558.2999877929688,625.5999755859375,98.9999999999327,478.42242828154815,constant,
1.0,1410.503,1410.574,921.9000244140625,616.2000122070312,980.9000244140625,392.3999938964844,587.5,71.00000000014006,231.44642618930436,constant,
1.0,1410.857,1411.298,978.5,412.3999938964844,853.7000122070312,357.6000061035156,403.6000061035156,441.0000000000309,136.3014145753252,constant,
1.0,1411.353,1411.46,827.9000244140625,407.3999938964844,945.4000244140625,589.7999877929688,370.0,106.9999999999709,216.97006192891575,constant,
1.0,1411.496,1411.516,937.5,549.0,1028.199951171875,591.9000244140625,139.5,19.99999999998181,100.3339087114006,constant,
1.0,1411.696,1411.719,1024.199951171875,607.2999877929688,918.4000244140625,579.0,134.39999389648438,23.000000000138243,109.51946772624797,constant,
1.0,1412.01,1412.019,893.5,575.2000122070312,909.0,553.9000244140625,51.900001525878906,9.000000000014552,26.34273106533599,constant,
1.0,1412.29,1412.324,905.7999877929688,549.7000122070312,1010.9000244140625,673.0999755859375,156.0,34.0000000001055,162.09123560412095,constant,
1.0,1412.37,1412.496,1004.7999877929688,687.7000122070312,974.7999877929688,773.2000122070312,316.0,126.00000000020373,90.61042986323373,constant,
1.0,1412.612,1412.688,966.7000122070312,781.2000122070312,355.1000061035156,815.2000122070312,248.10000610351562,76.00000000002183,612.5443391835569,constant,
1.0,1412.742,1412.898,348.0,825.4000244140625,428.5,451.29998779296875,114.5,155.99999999994907,382.6631513484199,constant,
1.0,1412.986,1413.084,412.3999938964844,459.0,493.5,203.5,483.6000061035156,97.99999999995634,268.0624199510074,constant,
1.0,1413.127,1414.252,412.3999938964844,459.0,493.5,203.5,0.0,1125.0,268.0624199510074,constant,
1.0,1414.276,1414.322,1000.5999755859375,423.3999938964844,1069.800048828125,412.3999938964844,149.5,45.99999999982174,70.06889564367427,constant,
1.0,1414.405,1414.413,1186.699951171875,285.6000061035156,1199.0999755859375,270.79998779296875,42.5,8.000000000038199,19.30805913244179,constant,
1.0,1414.443,1414.567,1194.199951171875,265.0,240.8000030517578,448.0,256.3999938964844,124.00000000002365,970.8040281516359,constant,
1.0,1414.715,1414.735,249.39999389648438,465.20001220703125,150.89999389648438,505.6000061035156,152.8000030517578,19.99999999998181,106.46318380940885,constant,
1.0,1415.101,1415.794,137.0,525.0999755859375,137.5,526.9000244140625,50.79999923706055,692.9999999999836,1.8682012160455805,constant,
1.0,1415.985,1416.116,177.3000030517578,491.20001220703125,699.5,560.0999755859375,520.5999755859375,131.0000000000855,526.725774731367,constant,
1.0,1416.317,1416.34,694.9000244140625,552.2999877929688,660.7000122070312,642.0,116.0,22.99999999991087,95.99860949463093,constant,
1.0,1416.511,1416.531,659.9000244140625,665.9000244140625,644.2000122070312,753.5999755859375,120.69999694824219,19.99999999998181,89.09417387714075,constant,
1.0,1416.664,1416.707,657.2999877929688,768.2999877929688,1045.5999755859375,893.7999877929688,270.0,43.00000000012005,408.07735849961057,constant,
1.0,1416.835,1417.012,975.0999755859375,798.7999877929688,984.5,867.5999755859375,278.1000061035156,176.99999999990723,69.43917323310826,constant,
1.0,1417.37,1417.396,980.2999877929688,870.4000244140625,859.7999877929688,844.5999755859375,122.9000015258789,26.000000000067303,123.23105338969408,constant,
1.0,1417.471,1417.532,826.7999877929688,842.7000122070312,189.60000610351562,792.5999755859375,270.79998779296875,60.99999999992178,639.1665122129556,constant,
1.0,1417.728,1417.783,198.1999969482422,805.0999755859375,147.3000030517578,515.7999877929688,128.6999969482422,54.99999999983629,293.74358259487815,constant,
1.0,1417.943,1418.162,135.39999389648438,511.3999938964844,156.5,456.0,69.5999984741211,219.00000000005093,59.28211856284239,constant,
1.0,1418.496,1418.505,146.39999389648438,441.20001220703125,140.39999389648438,470.20001220703125,64.69999694824219,9.000000000014552,29.614185789921695,constant,
1.0,1418.857,1419.255,144.60000610351562,509.3999938964844,205.3000030517578,190.0,150.5,398.00000000013824,325.11666479986974,constant,
1.0,1419.338,1419.477,171.0,227.1999969482422,1067.0999755859375,386.20001220703125,553.2999877929688,139.0000000001237,910.0967921586214,constant,
1.0,1419.629,1419.639,1027.9000244140625,434.8999938964844,1012.5999755859375,410.70001220703125,59.900001525878906,9.999999999990905,28.63093795028161,constant,
1.0,1419.728,1420.889,1027.9000244140625,434.8999938964844,1012.5999755859375,410.70001220703125,0.0,1160.9999999998308,28.63093795028161,constant,
1.0,1420.988,1421.011,342.3999938964844,692.0,321.70001220703125,792.2000122070312,118.30000305175781,22.99999999991087,102.3158428017524,constant,
1.0,1421.228,1421.277,328.0,805.4000244140625,873.2999877929688,736.2999877929688,322.3999938964844,48.99999999997817,549.6607060251337,constant,
1.0,1421.515,1422.187,846.2000122070312,750.9000244140625,944.0999755859375,357.6000061035156,596.0999755859375,671.9999999997981,405.3015016412691,constant,
1.0,1422.48,1422.52,949.2999877929688,399.70001220703125,643.2999877929688,441.29998779296875,229.8000030517578,39.99999999996362,308.8147631975366,constant,
1.0,1422.747,1422.792,650.2000122070312,446.70001220703125,1025.199951171875,387.8999938964844,268.20001220703125,44.999999999845386,379.581870453473,constant,
1.0,1423.074,1423.19,993.5,407.29998779296875,997.2999877929688,429.3999938964844,504.0,115.99999999998545,22.424321104598448,constant,
1.0,1423.214,1423.351,990.2000122070312,448.8999938964844,883.4000244140625,630.4000244140625,109.30000305175781,137.00000000017099,210.59083187655645,constant,
1.0,1423.491,1423.647,915.2999877929688,553.7999877929688,917.7000122070312,672.7999877929688,149.6999969482422,155.99999999994907,119.02419971244544,constant,
1.0,1423.77,1423.805,917.4000244140625,670.5999755859375,1184.300048828125,713.2999877929688,252.1999969482422,35.000000000081855,270.29412512059486,constant,
1.0,1423.973,1423.981,1163.0,716.5999755859375,1186.800048828125,721.0,51.5,8.000000000038199,24.203358012174267,constant,
1.0,1424.028,1424.183,1174.699951171875,726.5999755859375,1144.199951171875,698.5999755859375,335.5,154.99999999997272,41.403502267320334,constant,
1.0,1424.226,1424.5,1133.0999755859375,706.5999755859375,982.9000244140625,553.2000122070312,648.7000122070312,273.9999999998872,214.68948296710627,constant,
1.0,1424.698,1424.719,962.5,574.0,883.7000122070312,652.7000122070312,135.8000030517578,20.999999999958163,111.36934047375378,constant,
1.0,1425.047,1425.218,937.5999755859375,429.0,957.4000244140625,442.70001220703125,217.1999969482422,171.0000000000491,24.07763003430652,constant,
1.0,1425.275,1425.544,937.4000244140625,469.79998779296875,984.5999755859375,322.5,491.79998779296875,269.00000000000546,154.67747668757764,constant,
1.0,1426.35,1426.598,967.7000122070312,412.79998779296875,530.5999755859375,428.5,420.70001220703125,248.0000000000473,437.38190680166736,constant,
1.0,1426.829,1426.865,516.9000244140625,436.6000061035156,512.2000122070312,228.8000030517578,128.89999389648438,36.00000000005821,207.85314860029615,constant,
1.0,1426.946,1428.479,492.6000061035156,201.8000030517578,953.5,457.6000061035156,569.5999755859375,1533.0000000001291,527.1265938416109,constant,
1.0,1428.518,1428.781,937.9000244140625,488.5,941.5999755859375,458.6000061035156,440.1000061035156,262.99999999991996,30.12804795674725,constant,
1.0,1428.968,1428.993,937.9000244140625,506.0,880.4000244140625,663.5999755859375,166.6999969482422,24.999999999863576,167.76174267301855,constant,
1.0,1429.374,1429.934,876.0999755859375,650.5,910.4000244140625,613.2000122070312,439.5,559.9999999999454,50.67329117954918,constant,
1.0,1430.109,1430.123,904.5999755859375,625.9000244140625,875.5999755859375,651.2000122070312,59.099998474121094,14.000000000123691,38.48492409144609,constant,
1.0,1430.548,1430.559,870.0999755859375,650.2000122070312,906.9000244140625,662.5999755859375,63.79999923706055,10.999999999967258,38.833010256102995,constant,
1.0,1430.732,1430.775,901.9000244140625,669.2000122070312,1191.4000244140625,704.5,208.10000610351562,43.00000000012005,291.64419956204125,constant,
1.0,1430.946,1431.169,1165.4000244140625,712.4000244140625,1023.7999877929688,314.20001220703125,336.29998779296875,223.00000000018372,422.6272827122912,constant,
1.0,1431.26,1431.37,979.4000244140625,368.5,972.2000122070312,313.8999938964844,489.8999938964844,109.99999999989996,55.0726868990913,constant,
1.0,1431.42,1431.996,950.2000122070312,362.6000061035156,864.9000244140625,720.5999755859375,104.4000015258789,576.0000000000218,368.0218282478576,constant,
1.0,1432.106,1432.35,857.7999877929688,704.7999877929688,914.0,529.7000122070312,427.8999938964844,243.9999999999145,183.89791413245112,constant,
1.0,1432.421,1432.697,890.5999755859375,553.5999755859375,965.5,320.5,493.20001220703125,275.99999999983993,244.83793063043115,constant,
1.0,1432.792,1433.962,890.0999755859375,416.3999938964844,971.9000244140625,370.1000061035156,455.5,1170.0000000000728,93.99434481878518,constant,
1.0,1434.018,1434.626,957.5,406.5,969.5999755859375,396.0,383.1000061035156,607.9999999999472,16.02059328427894,constant,
1.0,1434.733,1435.122,900.0,537.0,889.2000122070312,545.4000244140625,42.0,389.0000000001237,13.682110454353161,constant,
1.0,1435.249,1435.295,922.7000122070312,548.4000244140625,1016.7000122070312,861.9000244140625,178.39999389648438,46.00000000004911,327.2892451639681,constant,
1.0,1435.703,1435.811,992.4000244140625,842.5,981.2000122070312,442.5,303.29998779296875,107.99999999994725,400.1567696209045,constant,
1.0,1436.094,1436.633,964.0999755859375,422.29998779296875,964.0999755859375,422.29998779296875,64.30000305175781,538.9999999999873,0.0,constant,
1.0,1436.675,1437.003,970.7000122070312,399.1000061035156,922.4000244140625,467.29998779296875,369.70001220703125,327.99999999997453,83.57108544970964,constant,
1.0,1437.055,1437.176,905.7000122070312,495.20001220703125,968.2000122070312,402.29998779296875,355.79998779296875,120.99999999986721,111.96724760452678,constant,
1.0,1437.467,1438.079,905.7000122070312,495.20001220703125,968.2000122070312,402.29998779296875,0.0,611.9999999998527,111.96724760452678,constant,
1.0,1438.115,1438.399,1160.0,239.60000610351562,1031.0,819.0,544.9000244140625,283.9999999998781,593.5868537351936,constant,
1.0,1438.74,1438.755,1016.2000122070312,830.2000122070312,995.9000244140625,876.5999755859375,62.29999923706055,15.000000000100044,50.64628422657008,constant,
1.0,1438.924,1438.968,997.5,880.7000122070312,1336.0999755859375,931.0,256.8999938964844,44.000000000096406,342.31569090354344,constant,
1.0,1439.087,1439.227,1307.9000244140625,935.0,410.29998779296875,751.9000244140625,408.1000061035156,140.00000000010004,916.0848360287162,constant,
1.0,1439.351,1439.398,403.20001220703125,751.7000122070312,875.0999755859375,652.0,300.79998779296875,46.99999999979809,482.3169786261886,constant,
1.0,1439.839,1439.849,852.9000244140625,663.2000122070312,891.4000244140625,667.0,70.19999694824219,9.999999999990905,38.68707674697988,constant,
1.0,1440.206,1440.228,891.0999755859375,669.2000122070312,943.0,607.7000122070312,87.30000305175781,22.00000000016189,80.47274404529948,constant,
1.0,1440.827,1440.955,790.0999755859375,287.0,906.7999877929688,313.0,286.3999938964844,127.99999999992906,119.56125145347569,constant,
1.0,1440.98,1441.123,907.0999755859375,307.6000061035156,935.0,333.20001220703125,289.8999938964844,143.0000000000291,37.86517760166088,constant,
1.0,1441.161,1444.431,926.0,353.1000061035156,977.5,366.5,461.1000061035156,3269.999999999982,53.21475205641588,constant,
1.0,1444.631,1444.685,969.4000244140625,428.0,1226.0,762.2999877929688,223.1999969482422,53.99999999985994,421.42618488779596,constant,
1.0,1444.965,1445.133,1209.4000244140625,750.7999877929688,1240.699951171875,690.9000244140625,341.29998779296875,168.00000000012005,67.58469521895276,constant,
1.0,1445.223,1445.341,1221.9000244140625,697.5999755859375,1129.0,657.5999755859375,203.10000610351562,117.99999999993815,101.14551169544504,constant,
1.0,1445.501,1445.509,1124.199951171875,664.0,1151.300048828125,670.5,58.099998474121094,8.000000000038199,27.868715309075277,constant,
1.0,1445.667,1445.836,927.5999755859375,732.0999755859375,903.2999877929688,726.9000244140625,408.5,169.0000000000964,24.850128750739188,constant,
1.0,1446.103,1446.118,887.0,732.0,842.4000244140625,702.0,70.5999984741211,14.99999999987267,53.750886711441524,constant,
1.0,1446.196,1446.451,1371.4000244140625,450.6000061035156,1379.800048828125,304.79998779296875,467.3999938964844,255.00000000010914,146.04179452989698,constant,
1.0,1446.64,1446.656,1360.0,322.5,1391.300048828125,284.79998779296875,63.79999923706055,15.999999999849024,48.99983650027125,constant,
1.0,1446.768,1446.797,1399.800048828125,265.70001220703125,1195.699951171875,239.0,179.89999389648438,28.999999999996362,205.83911318101428,constant,
1.0,1447.017,1447.285,1140.0999755859375,262.70001220703125,1367.699951171875,924.7000122070312,483.0,268.0000000000291,700.032677013523,constant,
1.0,1447.757,1447.846,1352.199951171875,919.5,389.5,872.7000122070312,299.5,88.99999999994179,963.8368299892636,constant,
1.0,1448.044,1448.481,368.70001220703125,878.5,368.70001220703125,878.5,6.699999809265137,436.99999999989814,0.0,constant,
1.0,1448.57,1451.408,497.5,309.6000061035156,972.2000122070312,380.0,478.5,2837.9999999999654,479.8919260937619,constant,
1.0,1451.577,1452.408,497.5,309.6000061035156,972.2000122070312,380.0,0.0,830.9999999999036,479.8919260937619,constant,
1.0,1452.694,1452.822,1144.0,700.4000244140625,1135.9000244140625,660.2999877929688,410.1000061035156,127.99999999992906,40.909932064302474,constant,
1.0,1452.965,1452.976,1135.0999755859375,659.2000122070312,1166.9000244140625,676.7999877929688,70.69999694824219,11.000000000194632,36.34559458994625,constant,
1.0,1453.358,1453.365,1153.9000244140625,691.0,1151.300048828125,661.7000122070312,65.19999694824219,7.000000000061846,29.415117842966204,constant,
1.0,1453.55,1453.592,1150.199951171875,659.2000122070312,1454.199951171875,671.5999755859375,160.8000030517578,42.0000000001437,304.25278814137135,constant,
1.0,1453.753,1453.763,1469.699951171875,676.7999877929688,1497.0999755859375,696.5999755859375,60.79999923706055,9.999999999990905,33.805337662755754,constant,
1.0,1454.1,1454.361,1499.0,708.0,1476.4000244140625,671.5,160.6999969482422,261.00000000019463,42.93027948295901,constant,
1.0,1454.393,1454.545,1470.300048828125,675.7000122070312,1467.800048828125,610.5,410.6000061035156,152.00000000004366,65.24792404204922,constant,
1.0,1454.597,1454.706,1459.4000244140625,638.0999755859375,1448.4000244140625,611.2000122070312,329.5,108.9999999999236,29.06214083281714,constant,
1.0,1454.909,1454.922,1438.199951171875,634.2000122070312,1398.5,653.9000244140625,62.5,12.999999999919964,44.3190320743407,constant,
1.0,1455.201,1455.606,1382.699951171875,668.2000122070312,1188.699951171875,585.2999877929688,556.7999877929688,404.9999999999727,210.97017336071977,constant,
1.0,1455.762,1455.781,1155.800048828125,602.2999877929688,1158.300048828125,672.7999877929688,91.4000015258789,19.000000000005457,70.5443123150265,constant,
1.0,1456.156,1456.162,830.4000244140625,548.2999877929688,827.5,533.0,42.400001525878906,6.0000000000854925,15.572404055480686,,
1.0,1456.549,1456.834,810.2000122070312,469.1000061035156,829.7000122070312,518.5999755859375,310.3999938964844,285.00000000008185,53.202415159094954,,
1.0,1457.749,1457.848,820.2999877929688,527.5999755859375,861.2999877929688,401.3999938964844,170.1999969482422,98.9999999999327,132.69301179194895,constant,
1.0,1458.014,1458.036,852.0999755859375,416.3999938964844,823.5999755859375,337.8999938964844,85.9000015258789,22.00000000016189,83.5134719671024,constant,
1.0,1458.327,1458.604,828.2000122070312,346.1000061035156,828.2000122070312,346.1000061035156,7.900000095367432,277.00000000004366,0.0,constant,
1.0,1458.823,1458.837,1231.300048828125,390.20001220703125,1272.0,409.6000061035156,66.5,13.999999999896318,45.08709115230922,constant,
1.0,1458.907,1459.028,1278.5999755859375,416.70001220703125,769.7999877929688,342.29998779296875,102.0999984741211,121.00000000009459,514.2108431479622,constant,
1.0,1459.075,1459.116,730.7999877929688,405.1000061035156,730.7999877929688,405.1000061035156,35.900001525878906,40.99999999993997,0.0,constant,
1.0,1459.143,1459.59,830.7999877929688,441.70001220703125,844.0999755859375,496.6000061035156,301.79998779296875,446.99999999988904,56.48804302794654,constant,
1.0,1459.942,1459.991,836.0,509.20001220703125,492.5,681.0999755859375,212.39999389648438,48.99999999997817,384.11176421670467,constant,
1.0,1460.21,1460.247,496.79998779296875,660.4000244140625,259.1000061035156,641.7000122070312,163.0,37.00000000003456,238.43441813569925,constant,
1.0,1460.401,1460.448,242.1999969482422,645.0,705.4000244140625,637.2999877929688,293.0,47.000000000025466,463.2640236758356,constant,
1.0,1460.56,1461.062,666.2000122070312,376.29998779296875,653.5999755859375,457.8999938964844,372.1000061035156,501.9999999999527,82.56707527184605,constant,
1.0,1461.427,1461.466,647.5,482.79998779296875,392.29998779296875,339.5,182.1999969482422,38.99999999998727,292.68059848909337,constant,
1.0,1462.009,1462.068,322.5,297.20001220703125,857.5,558.0999755859375,266.29998779296875,58.99999999996908,595.2258318412555,constant,
1.0,1462.195,1462.642,886.0999755859375,612.4000244140625,914.7999877929688,608.5999755859375,165.3000030517578,447.0000000001164,28.950493463495178,constant,
1.0,1462.98,1463.021,916.0999755859375,631.0,1153.199951171875,770.7000122070312,184.3000030517578,40.99999999993997,275.195370298079,constant,
1.0,1463.344,1463.491,1136.300048828125,760.5999755859375,314.79998779296875,698.2999877929688,240.89999389648438,146.99999999993452,823.8589920367256,constant,
1.0,1463.767,1463.813,304.70001220703125,703.5,420.20001220703125,361.5,177.6999969482422,46.00000000004911,360.97679980851956,constant,
1.0,1464.058,1464.099,413.6000061035156,339.6000061035156,752.5,327.3999938964844,232.10000610351562,40.99999999993997,339.11951604248446,constant,
1.0,1464.364,1464.487,571.5,259.70001220703125,564.0,260.29998779296875,455.29998779296875,123.0000000000473,7.523959775525189,constant,
1.0,1464.509,1465.121,556.7999877929688,310.6000061035156,961.5,374.79998779296875,232.8000030517578,612.00000000008,409.7605856220158,constant,
1.0,1465.163,1465.465,948.7999877929688,424.3999938964844,979.0,514.2999877929688,404.79998779296875,301.99999999990723,94.83696346832687,constant,
1.0,1465.612,1465.632,987.9000244140625,520.7999877929688,1004.7000122070312,605.9000244140625,111.0,19.99999999998181,86.74246839210535,constant,
1.0,1465.853,1465.898,1006.5999755859375,600.9000244140625,707.7000122070312,764.4000244140625,233.3000030517578,44.999999999845386,340.69552111513224,constant,
1.0,1466.102,1466.145,697.0,760.0999755859375,1116.4000244140625,792.5,281.6000061035156,42.99999999989268,420.6496666592618,constant,
1.0,1466.338,1466.399,1100.5999755859375,793.5,366.5,654.0999755859375,339.70001220703125,60.99999999992178,747.218268621636,constant,
1.0,1466.545,1466.761,515.7999877929688,388.1000061035156,514.4000244140625,436.5,105.5999984741211,215.9999999998945,48.42023654054164,constant,
1.0,1466.823,1466.945,927.2000122070312,367.5,929.5,376.1000061035156,320.6000061035156,121.99999999984357,8.902249649853191,constant,
1.0,1467.441,1467.467,936.2999877929688,391.8999938964844,811.4000244140625,342.5,122.9000015258789,26.000000000067303,134.3144081959371,constant,
1.0,1467.724,1467.746,768.5999755859375,321.0,671.0999755859375,287.3999938964844,116.80000305175781,22.00000000016189,103.127156511543,constant,
1.0,1468.033,1468.07,634.0999755859375,271.29998779296875,371.70001220703125,268.1000061035156,178.39999389648438,37.00000000003456,262.41947462805456,constant,
1.0,1468.125,1468.28,349.3999938964844,294.8999938964844,1056.5999755859375,477.79998779296875,185.10000610351562,154.99999999997272,730.4684947818741,constant,
1.0,1468.436,1468.476,1049.4000244140625,472.70001220703125,1316.800048828125,575.4000244140625,252.3000030517578,40.000000000190994,286.44382619279054,constant,
1.0,1468.626,1468.782,1294.699951171875,601.2000122070312,1260.5999755859375,658.0999755859375,518.7000122070312,155.99999999994907,66.33561763850854,constant,
1.0,1468.902,1468.935,1251.800048828125,658.0999755859375,1468.300048828125,618.5,186.39999389648438,32.999999999901775,220.0918173545006,constant,
1.0,1469.147,1469.159,1464.5999755859375,600.0999755859375,1454.4000244140625,564.4000244140625,62.099998474121094,12.000000000170985,37.12850007181671,constant,
1.0,1469.347,1469.356,1456.4000244140625,565.4000244140625,1470.0999755859375,604.2000122070312,76.9000015258789,9.000000000014552,41.14763316214291,constant,
1.0,1469.554,1469.567,1469.699951171875,607.7000122070312,1464.5999755859375,567.2999877929688,77.9000015258789,12.999999999919964,40.72065475448552,constant,
1.0,1469.771,1469.79,1461.9000244140625,558.2000122070312,1481.0,489.20001220703125,90.5999984741211,19.000000000005457,71.59475586510096,constant,
1.0,1470.177,1470.358,1474.4000244140625,490.29998779296875,559.2000122070312,399.70001220703125,376.6000061035156,181.00000000004002,919.6735387733642,constant,
1.0,1470.494,1470.664,545.9000244140625,243.0,561.7000122070312,211.8000030517578,461.70001220703125,170.00000000007276,34.972552435135235,constant,
1.0,1470.842,1470.879,551.7999877929688,198.5,319.29998779296875,147.0,165.8000030517578,36.99999999980719,238.13546564928123,constant,
1.0,1471.077,1472.572,551.7999877929688,198.5,319.29998779296875,147.0,0.0,1494.9999999998909,238.13546564928123,constant,
1.0,1472.639,1472.773,1002.2000122070312,555.4000244140625,996.0,626.9000244140625,127.4000015258789,134.00000000001455,71.76830882337508,constant,
1.0,1472.927,1472.96,993.9000244140625,625.0999755859375,1154.199951171875,732.4000244140625,184.6999969482422,33.00000000012915,192.89729650017924,constant,
1.0,1473.17,1473.194,1137.9000244140625,724.7999877929688,1268.300048828125,800.2999877929688,204.3000030517578,23.999999999887223,150.67984724968397,constant,
1.0,1473.511,1473.544,1284.0,803.0,1155.9000244140625,851.2000122070312,96.80000305175781,33.00000000012915,136.86798355304188,constant,
1.0,1473.677,1473.803,1142.699951171875,867.5999755859375,552.7000122070312,600.7000122070312,458.20001220703125,126.00000000020373,647.5612082499853,constant,
1.0,1474.116,1474.14,547.7000122070312,596.0999755859375,641.2000122070312,514.0,146.1999969482422,24.000000000114596,124.42932126798544,constant,
1.0,1474.296,1474.584,694.5,405.1000061035156,745.4000244140625,450.6000061035156,265.3999938964844,288.0000000000109,68.27197437713485,constant,
1.0,1474.941,1474.964,742.7000122070312,446.0,879.0,456.1000061035156,150.3000030517578,22.99999999991087,136.67368728345073,constant,
1.0,1475.245,1475.268,912.7000122070312,465.79998779296875,1004.9000244140625,455.6000061035156,97.4000015258789,23.000000000138243,92.76250253977568,constant,
1.0,1475.409,1475.982,1118.5999755859375,486.3999938964844,700.5999755859375,382.3999938964844,345.20001220703125,572.9999999998654,430.74354319014463,constant,
1.0,1476.209,1476.265,684.7999877929688,388.1000061035156,292.29998779296875,621.9000244140625,213.6999969482422,56.00000000004002,456.857416008553,constant,
1.0,1476.533,1476.542,289.0,599.2999877929688,267.0,620.7000122070312,57.400001525878906,9.000000000014552,30.69138388737906,constant,
1.0,1476.671,1477.083,254.6999969482422,633.5,719.2000122070312,371.79998779296875,425.1000061035156,412.00000000003456,533.1483476149725,constant,
1.0,1477.134,1477.264,705.9000244140625,394.70001220703125,1084.300048828125,360.5,448.79998779296875,129.99999999988177,379.94238946388197,constant,
1.0,1477.579,1477.603,1088.199951171875,395.70001220703125,967.4000244140625,370.3999938964844,126.0,24.000000000114596,123.42087842503338,constant,
1.0,1477.791,1477.844,950.2999877929688,386.3999938964844,1464.5,543.7000122070312,273.8999938964844,53.00000000011096,537.7219990982417,constant,
1.0,1478.105,1478.241,1440.699951171875,550.0999755859375,672.7999877929688,358.3999938964844,265.1000061035156,135.99999999996726,791.46651018035,constant,
1.0,1478.29,1478.523,647.5999755859375,376.70001220703125,755.9000244140625,303.8999938964844,253.6999969482422,232.99999999994725,130.49422685387358,constant,
1.0,1478.58,1479.459,746.5,355.5,745.2000122070312,365.79998779296875,61.70000076293945,879.0000000001328,10.381701055085964,constant,
1.0,1479.511,1479.523,988.0999755859375,285.8999938964844,970.2000122070312,254.39999389648438,76.0999984741211,11.999999999943611,36.23063191508236,constant,
1.0,1479.549,1479.676,353.29998779296875,412.6000061035156,410.79998779296875,368.29998779296875,546.5999755859375,126.9999999999527,72.58609799620578,constant,
1.0,1480.082,1480.102,412.0,374.79998779296875,339.79998779296875,359.20001220703125,90.9000015258789,19.99999999998181,73.86610183959424,constant,
1.0,1480.596,1480.613,327.1000061035156,340.1000061035156,260.1000061035156,325.29998779296875,89.19999694824219,17.00000000005275,68.61516262454329,constant,
1.0,1480.649,1484.855,1103.4000244140625,514.4000244140625,1089.5,640.5999755859375,204.39999389648438,4206.000000000131,126.96313777823534,constant,
1.0,1485.024,1485.055,1077.5,656.9000244140625,1249.199951171875,769.0,166.89999389648438,31.000000000176442,205.05432879798477,constant,
1.0,1485.427,1485.659,1256.0,797.2000122070312,471.70001220703125,684.0,400.79998779296875,232.00000000019827,792.4271030294982,constant,
1.0,1485.999,1486.04,446.29998779296875,676.4000244140625,739.2999877929688,735.7000122070312,209.10000610351562,40.99999999993997,298.9406104099044,constant,
1.0,1486.295,1486.312,794.0999755859375,485.79998779296875,856.7999877929688,512.5999755859375,99.80000305175781,16.999999999825377,68.18746861751903,,
1.0,1486.541,1486.668,838.5,444.6000061035156,844.0,467.20001220703125,165.10000610351562,126.9999999999527,23.259627595448375,,
1.0,1486.836,1486.849,842.2000122070312,460.8999938964844,826.0,493.29998779296875,60.29999923706055,12.999999999919964,36.22430123549916,passive,
1.0,1487.226,1487.367,843.7999877929688,420.6000061035156,836.2000122070312,516.5999755859375,212.10000610351562,140.99999999984902,96.30033109773184,passive,
1.0,1487.523,1487.528,836.5,504.70001220703125,825.0,513.9000244140625,41.599998474121094,5.000000000109139,14.727193371770603,passive,
1.0,1487.691,1487.714,833.5,520.5,761.9000244140625,607.4000244140625,121.9000015258789,22.99999999991087,112.59738339353852,passive,
1.0,1487.857,1487.903,758.7999877929688,630.0999755859375,1112.9000244140625,695.7000122070312,240.8000030517578,46.00000000004911,360.1252570144849,passive,
1.0,1488.191,1488.222,1103.0,693.2000122070312,1281.0,641.2999877929688,165.60000610351562,30.99999999994907,185.41200752427088,passive,
1.0,1488.338,1488.462,1287.5,620.2000122070312,889.2000122070312,537.0999755859375,273.6000061035156,124.00000000002365,406.8765124239862,passive,
1.0,1488.936,1489.078,947.9000244140625,544.2999877929688,954.0999755859375,598.9000244140625,230.60000610351562,142.00000000005275,54.950918041088386,passive,
1.0,1489.309,1489.32,956.9000244140625,591.4000244140625,981.9000244140625,620.7000122070312,67.4000015258789,10.999999999967258,38.51609124337668,passive,
1.0,1489.521,1489.548,982.7000122070312,631.7000122070312,784.4000244140625,637.5999755859375,202.8000030517578,27.000000000043656,198.3877383473182,passive,
1.0,1489.781,1489.797,752.7999877929688,628.9000244140625,686.7999877929688,615.0,105.9000015258789,16.000000000076398,67.4478367237344,passive,
1.0,1489.91,1489.935,669.5999755859375,603.0999755859375,546.7000122070312,540.7999877929688,151.3000030517578,24.999999999863576,137.78856802195367,passive,
1.0,1490.165,1490.177,483.0,512.0,460.0,477.70001220703125,76.30000305175781,11.999999999943611,41.29756848287566,passive,
1.0,1490.308,1490.348,445.5,468.79998779296875,810.2999877929688,470.70001220703125,254.39999389648438,39.99999999996362,364.8049358034019,passive,
1.0,1490.417,1490.572,816.5999755859375,363.70001220703125,801.5,437.6000061035156,142.1999969482422,154.99999999997272,75.4269074044292,passive,
1.0,1490.755,1490.765,789.2000122070312,449.20001220703125,822.9000244140625,466.6000061035156,73.80000305175781,9.999999999990905,37.92691142647591,passive,
1.0,1491.238,1491.254,828.2999877929688,478.0,808.0999755859375,520.0999755859375,58.5,15.999999999849024,46.69527211079024,passive,
1.0,1491.419,1491.463,806.2000122070312,521.4000244140625,463.1000061035156,464.79998779296875,205.6999969482422,43.99999999986903,347.7372259821223,passive,
1.0,1491.587,1491.69,441.20001220703125,470.3999938964844,490.6000061035156,431.79998779296875,558.5,103.00000000006548,62.69226322413426,passive,
1.0,1491.813,1491.963,441.20001220703125,470.3999938964844,490.6000061035156,431.79998779296875,0.0,149.99999999986358,62.69226322413426,passive,
1.0,1492.1,1492.112,863.0999755859375,530.5,820.5,523.9000244140625,73.5999984741211,12.000000000170985,43.10820800795879,passive,
1.0,1492.404,1492.459,803.0999755859375,495.8999938964844,1172.199951171875,498.70001220703125,163.10000610351562,55.000000000063665,369.11059600081796,passive,
1.0,1492.785,1492.919,1162.300048828125,471.1000061035156,675.9000244140625,493.29998779296875,294.29998779296875,134.00000000001455,486.9063800537149,passive,
1.0,1493.095,1493.109,680.4000244140625,519.0,738.2000122070312,531.4000244140625,89.69999694824219,13.999999999896318,59.1151350699352,passive,
1.0,1493.536,1493.545,750.4000244140625,493.29998779296875,780.7999877929688,499.0,62.900001525878906,9.000000000014552,30.929725388356527,passive,
1.0,1493.853,1493.861,797.2999877929688,491.20001220703125,822.0999755859375,495.5,55.29999923706055,8.000000000038199,25.170007738399274,passive,
1.0,1494.38,1494.432,845.9000244140625,495.6000061035156,438.0,421.20001220703125,204.39999389648438,51.99999999990723,414.62970106926696,passive,
1.0,1494.774,1494.817,408.29998779296875,418.5,770.0,452.1000061035156,229.5,43.00000000012005,363.2572906917669,passive,
1.0,1494.871,1495.173,756.4000244140625,478.6000061035156,817.7000122070312,430.8999938964844,106.4000015258789,301.99999999990723,77.67225803315523,passive,
1.0,1495.798,1495.826,810.5999755859375,456.5,672.5999755859375,401.1000061035156,124.0,28.00000000002001,148.7049404819171,passive,
1.0,1495.98,1496.03,627.2000122070312,382.0,1118.0999755859375,463.6000061035156,282.0,49.999999999954525,497.63574534141463,passive,
1.0,1496.204,1496.223,1107.800048828125,468.6000061035156,1171.9000244140625,504.8999938964844,114.5999984741211,19.000000000005457,73.66475401362217,passive,
1.0,1496.334,1496.383,1172.4000244140625,509.20001220703125,731.2000122070312,345.8999938964844,259.1000061035156,48.99999999997817,470.45121612310606,passive,
1.0,1496.997,1497.083,708.5999755859375,346.8999938964844,761.0999755859375,410.20001220703125,370.70001220703125,86.00000000001273,82.23832633338041,passive,
1.0,1497.458,1497.562,766.0,423.29998779296875,785.7999877929688,402.0,237.60000610351562,103.99999999981446,29.08142012664322,passive,
1.0,1497.815,1497.84,803.0999755859375,442.29998779296875,814.4000244140625,513.7000122070312,70.69999694824219,24.999999999863576,72.28868922484851,passive,
1.0,1497.91,1498.057,771.5,458.0,792.9000244140625,518.4000244140625,215.39999389648438,146.99999999993452,64.07904489099238,passive,
1.0,1498.431,1498.437,789.9000244140625,520.5,808.4000244140625,523.7000122070312,49.0,5.999999999858119,18.774719122403642,passive,
1.0,1498.744,1498.844,807.0,384.0,799.5,437.1000061035156,94.4000015258789,100.00000000013642,53.627051459066784,passive,
1.0,1498.943,1499.067,809.5,391.6000061035156,816.9000244140625,379.0,189.89999389648438,124.00000000002365,14.612341192887335,passive,
1.0,1499.101,1499.225,808.7999877929688,406.8999938964844,808.0,444.70001220703125,109.4000015258789,123.99999999979627,37.808482708865455,passive,
1.0,1499.493,1499.504,814.4000244140625,439.0,853.7999877929688,449.5,72.5999984741211,10.999999999967258,40.775079573915654,passive,
1.0,1499.662,1499.677,859.4000244140625,438.6000061035156,812.7999877929688,473.20001220703125,95.80000305175781,14.99999999987267,58.04070843339696,passive,
1.0,1499.754,1499.934,804.5,382.20001220703125,807.2000122070312,408.0,239.39999389648438,180.00000000006366,25.940883486023644,passive,
1.0,1500.529,1500.538,799.5999755859375,436.79998779296875,815.9000244140625,457.1000061035156,53.0,9.000000000014552,26.034253114076417,passive,
1.0,1500.624,1500.647,817.2999877929688,474.29998779296875,902.2999877929688,406.70001220703125,141.0,22.99999999991087,108.60366798234462,passive,
1.0,1500.778,1500.871,888.7000122070312,401.79998779296875,911.5999755859375,327.5,361.0,93.00000000007458,77.74893252508714,passive,
1.0,1501.006,1501.299,888.7000122070312,401.79998779296875,911.5999755859375,327.5,0.0,292.9999999998927,77.74893252508714,passive,
1.0,1501.346,1501.453,888.7000122070312,401.79998779296875,911.5999755859375,327.5,0.0,106.9999999999709,77.74893252508714,passive,
1.0,1502.863,1503.014,894.2999877929688,455.29998779296875,827.5999755859375,463.3999938964844,278.0,150.99999999983993,67.19004187597376,passive,
1.0,1503.535,1503.559,822.0,471.5,882.0,384.70001220703125,96.80000305175781,23.999999999887223,105.51889821666792,passive,
1.0,1503.709,1503.739,917.7000122070312,365.5,714.0,394.79998779296875,181.8000030517578,29.999999999972715,205.79646318100998,passive,
1.0,1503.991,1503.999,688.7999877929688,411.70001220703125,660.7999877929688,419.1000061035156,59.70000076293945,8.000000000038199,28.96135200000176,passive,
1.0,1504.034,1504.303,651.0,428.8999938964844,662.0999755859375,418.8999938964844,478.5,269.00000000000546,14.940196049865227,passive,
1.0,1504.469,1504.51,658.2999877929688,426.6000061035156,969.5,321.0,270.79998779296875,40.99999999993997,328.6286793429918,passive,
1.0,1504.625,1504.901,658.2999877929688,426.6000061035156,969.5,321.0,0.0,276.0000000000673,328.6286793429918,passive,
1.0,1504.945,1504.997,950.7000122070312,409.1000061035156,832.0,768.4000244140625,221.10000610351562,52.000000000134605,378.39951910105367,passive,
1.0,1505.234,1505.279,835.0999755859375,752.5999755859375,678.0,404.6000061035156,226.10000610351562,45.00000000007276,381.8172090004178,passive,
1.0,1506.056,1506.096,683.2000122070312,415.20001220703125,963.0,335.8999938964844,197.10000610351562,39.99999999996362,290.82043613370524,passive,
1.0,1506.353,1506.476,951.9000244140625,358.3999938964844,945.5999755859375,335.70001220703125,512.7999877929688,123.0000000000473,23.55800891285735,passive,
1.0,1506.615,1506.664,927.0999755859375,369.1000061035156,790.5,781.7000122070312,228.39999389648438,48.99999999997817,434.62434166380956,passive,
1.0,1506.88,1507.153,779.5,799.2999877929688,806.2000122070312,429.20001220703125,270.29998779296875,272.99999999991087,371.06183120952653,passive,
1.0,1507.922,1508.368,800.2999877929688,426.0,788.4000244140625,341.79998779296875,230.39999389648438,445.9999999999127,85.03676372066097,passive,
1.0,1508.399,1508.519,774.7000122070312,382.20001220703125,782.2999877929688,375.70001220703125,333.0,120.00000000011823,10.000481433753379,passive,
1.0,1508.578,1508.699,770.5999755859375,427.70001220703125,792.5,428.6000061035156,239.89999389648438,121.00000000009459,21.91850949198514,passive,
1.0,1509.896,1510.101,851.0999755859375,428.5,869.5999755859375,447.20001220703125,294.1000061035156,205.0000000001546,26.304761100285965,passive,
1.0,1510.277,1510.32,873.0,461.6000061035156,542.7000122070312,306.6000061035156,208.8000030517578,42.99999999989268,364.86035950214614,passive,
1.0,1510.543,1510.919,515.2999877929688,301.79998779296875,534.5,290.0,416.1000061035156,376.0000000002037,22.536197120729142,passive,
1.0,1511.01,1511.132,675.7999877929688,323.79998779296875,683.5999755859375,312.5,366.1000061035156,122.00000000007094,13.73060572923512,passive,
1.0,1511.297,1511.342,688.2999877929688,317.5,1002.2000122070312,397.3999938964844,212.10000610351562,45.00000000007276,323.9092995759882,passive,
1.0,1511.643,1511.851,819.2999877929688,348.29998779296875,827.2999877929688,329.70001220703125,386.20001220703125,208.00000000008367,20.24744655005838,passive,
1.0,1512.031,1512.073,824.2999877929688,379.6000061035156,521.0,284.3999938964844,212.0,42.0000000001437,317.88979996129774,passive,
1.0,1512.325,1512.334,508.79998779296875,289.70001220703125,503.8999938964844,261.0,56.70000076293945,9.000000000014552,29.115299086035968,passive,
1.0,1512.659,1512.716,503.29998779296875,251.8000030517578,1046.0,574.5,312.20001220703125,56.999999999789,631.3941647496493,passive,
1.0,1513.017,1513.144,890.9000244140625,405.29998779296875,902.2999877929688,405.70001220703125,261.3999938964844,126.9999999999527,11.406979642843659,passive,
1.0,1513.296,1513.347,878.7000122070312,433.70001220703125,504.79998779296875,264.0,204.39999389648438,50.99999999993088,410.60847823675425,passive,
1.0,1513.581,1513.591,490.5,259.8999938964844,519.5,254.10000610351562,54.599998474121094,9.999999999990905,29.574310784844783,passive,
1.0,1513.759,1513.87,518.0,267.3999938964844,524.0,246.6999969482422,531.2999877929688,110.99999999987631,21.552027135683453,passive,
1.0,1514.215,1514.265,516.5999755859375,247.1999969482422,838.5999755859375,495.29998779296875,228.6999969482422,50.0000000001819,406.4942871150263,passive,
1.0,1514.355,1514.489,847.0,438.0,849.0,516.5999755859375,156.1999969482422,134.00000000001455,78.62541676907011,passive,
1.0,1514.76,1514.768,831.7999877929688,508.20001220703125,803.9000244140625,500.8999938964844,60.79999923706055,8.000000000038199,28.839178626976004,passive,
1.0,1515.065,1515.09,805.5,488.8999938964844,928.7999877929688,433.8999938964844,122.30000305175781,24.999999999863576,135.01069213120212,passive,
1.0,1515.358,1515.395,961.9000244140625,414.6000061035156,673.0,369.5,220.3000030517578,37.00000000003456,292.3991016692477,passive,
1.0,1515.603,1515.667,650.2000122070312,365.79998779296875,1018.2000122070312,707.5999755859375,216.3000030517578,63.99999999985084,502.24618630236864,passive,
1.0,1515.791,1515.833,1015.7000122070312,708.2999877929688,841.0999755859375,834.5,153.39999389648438,42.0000000001437,215.43355325747686,passive,
1.0,1516.001,1516.057,840.7000122070312,840.2999877929688,1476.4000244140625,832.7000122070312,329.8999938964844,56.00000000004002,635.7454405254721,passive,
1.0,1516.686,1516.704,836.7999877929688,511.79998779296875,825.0,471.6000061035156,50.29999923706055,18.000000000029104,41.89604086004521,passive,
1.0,1517.381,1517.392,837.2000122070312,460.1000061035156,866.7000122070312,473.8999938964844,58.599998474121094,10.999999999967258,32.56823088664913,passive,
1.0,1517.561,1517.568,870.0,495.5,854.4000244140625,508.29998779296875,48.400001525878906,7.000000000061846,20.179170592023723,passive,
1.0,1517.783,1517.806,855.7999877929688,522.2999877929688,880.7000122070312,424.3999938964844,115.0999984741211,23.000000000138243,101.01692937697416,passive,
1.0,1517.898,1518.011,865.0,425.0,806.0999755859375,527.2999877929688,397.5,113.00000000005639,118.04448474375545,passive,
1.0,1518.072,1518.208,796.7000122070312,551.0,802.9000244140625,509.0,71.0,136.00000000019463,42.45515459125472,passive,
1.0,1518.254,1518.377,832.7000122070312,488.20001220703125,830.5,503.0,150.8000030517578,123.0000000000473,14.96260981189814,passive,
1.0,1518.433,1518.573,848.9000244140625,468.1000061035156,844.2999877929688,494.1000061035156,137.89999389648438,140.00000000010004,26.403793987141388,passive,
1.0,1518.812,1518.992,917.4000244140625,395.1000061035156,916.9000244140625,448.70001220703125,119.30000305175781,180.00000000006366,53.602338142070934,passive,
1.0,1519.032,1519.159,908.2000122070312,473.8999938964844,894.2000122070312,464.6000061035156,340.3999938964844,127.00000000018008,16.80743207481047,passive,
1.0,1519.401,1519.416,888.0999755859375,483.8999938964844,829.4000244140625,494.5,86.5,14.99999999987267,59.64934531891425,passive,
1.0,1519.721,1519.74,815.7999877929688,491.0,898.7999877929688,496.6000061035156,111.0999984741211,19.000000000005457,83.18870156673569,passive,
1.0,1519.935,1519.952,898.0,494.5,837.5,499.8999938964844,95.5,17.00000000005275,60.74051312000968,passive,
1.0,1520.398,1520.411,834.7999877929688,494.70001220703125,880.0,494.3999938964844,66.5,13.000000000147338,45.20100789255078,passive,
1.0,1520.527,1520.565,874.9000244140625,493.6000061035156,631.0,517.2999877929688,177.5,38.000000000010914,245.04879318466496,passive,
1.0,1520.631,1520.845,845.7999877929688,392.79998779296875,858.2999877929688,377.6000061035156,333.70001220703125,213.9999999999418,19.67967081431268,passive,
1.0,1520.876,1521.003,874.2000122070312,434.79998779296875,909.4000244140625,474.0,554.7999877929688,126.9999999999527,52.68473988173945,passive,
1.0,1521.151,1521.167,909.2000122070312,472.0,846.5999755859375,485.3999938964844,90.30000305175781,15.999999999849024,64.01815696650519,passive,
1.0,1521.409,1521.414,845.4000244140625,496.29998779296875,844.4000244140625,513.2999877929688,45.099998474121094,4.999999999881766,17.029386365926403,passive,
1.0,1521.703,1521.714,838.2999877929688,507.1000061035156,870.4000244140625,491.3999938964844,64.0999984741211,10.999999999967258,35.733775820314456,passive,
1.0,1521.805,1521.849,856.4000244140625,482.1000061035156,1176.0,362.79998779296875,222.6999969482422,43.99999999986903,341.1402039681466,passive,
1.0,1522.234,1522.272,1175.199951171875,397.5,866.0999755859375,474.29998779296875,228.39999389648438,38.000000000010914,318.4980895268091,passive,
1.0,1522.517,1522.523,847.4000244140625,487.8999938964844,838.5999755859375,506.6000061035156,48.400001525878906,5.999999999858119,20.667155486919384,passive,
1.0,1522.856,1522.862,842.7999877929688,508.20001220703125,860.7999877929688,510.79998779296875,48.70000076293945,6.0000000000854925,18.186804915857845,passive,
1.0,1523.126,1523.231,857.4000244140625,516.2000122070312,843.2000122070312,434.5,549.2000122070312,105.00000000001819,82.92485960982323,passive,
1.0,1523.642,1523.653,826.0999755859375,502.5,864.0,499.20001220703125,66.80000305175781,10.999999999967258,38.04341953637023,passive,
1.0,1524.05,1524.069,859.9000244140625,506.20001220703125,843.5999755859375,569.2000122070312,82.0,19.000000000005457,65.07450800274451,passive,
1.0,1524.184,1524.31,836.7999877929688,582.0999755859375,701.0,598.7999877929688,231.6999969482422,125.99999999997635,136.82297720882065,passive,
1.0,1524.398,1524.575,571.2000122070312,479.79998779296875,563.7000122070312,546.2000122070312,189.10000610351562,177.0000000001346,66.8222511008728,passive,
1.0,1524.648,1524.709,559.7000122070312,551.5999755859375,1356.0,546.0,372.29998779296875,61.00000000014916,796.3196784493306,passive,
1.0,1524.899,1525.101,1336.0,571.2000122070312,698.0999755859375,504.79998779296875,106.0,202.00000000022555,641.3465556075355,passive,
1.0,1525.171,1525.286,770.0,502.0,769.7000122070312,475.5,394.6000061035156,115.0000000000091,26.50169792062256,passive,
1.0,1525.486,1525.502,765.7000122070312,502.5,836.2000122070312,515.2999877929688,100.69999694824219,15.999999999849024,71.65256232334018,passive,
1.0,1525.526,1526.239,765.7000122070312,502.5,836.2000122070312,515.2999877929688,0.0,712.9999999999654,71.65256232334018,passive,
1.0,1526.282,1526.406,1203.5999755859375,545.4000244140625,1246.199951171875,394.6000061035156,545.7000122070312,124.00000000002365,156.70163828876755,passive,
1.0,1526.565,1527.571,1234.199951171875,438.29998779296875,1173.0999755859375,444.29998779296875,204.1999969482422,1005.9999999998581,61.393867907162836,passive,
1.0,1527.704,1528.179,645.2000122070312,368.29998779296875,1094.0999755859375,413.0,665.0,475.0000000001364,451.1200153095539,passive,
1.0,1528.5,1528.737,1087.9000244140625,450.0,865.2999877929688,339.79998779296875,505.3999938964844,237.00000000008004,248.38441777644206,passive,
1.0,1528.789,1528.915,846.0999755859375,412.20001220703125,818.7999877929688,388.3999938964844,513.7999877929688,125.99999999997635,36.21781612795848,passive,
1.0,1529.165,1529.18,816.5,440.8999938964844,856.5,469.1000061035156,87.19999694824219,15.000000000100044,48.941196230544996,passive,
1.0,1529.275,1529.36,816.5,440.8999938964844,856.5,469.1000061035156,0.0,84.999999999809,48.941196230544996,passive,
1.0,1529.452,1529.499,836.7999877929688,501.3999938964844,846.2000122070312,576.0,132.60000610351562,47.000000000025466,75.1899020456174,passive,
1.0,1529.584,1529.618,809.4000244140625,635.2999877929688,809.7999877929688,639.0999755859375,30.0,33.99999999987813,3.8209786614397125,passive,
1.0,1529.768,1529.804,808.0999755859375,630.4000244140625,529.9000244140625,611.5999755859375,199.10000610351562,36.00000000005821,278.83445746172316,passive,
1.0,1529.942,1530.065,453.29998779296875,648.2999877929688,490.20001220703125,588.0,491.20001220703125,123.0000000000473,70.69441512305332,passive,
1.0,1530.146,1530.182,488.70001220703125,591.7999877929688,808.2999877929688,600.5999755859375,254.3000030517578,36.00000000005821,319.7211037446359,passive,
1.0,1530.436,1530.486,1187.300048828125,617.2000122070312,1204.4000244140625,611.0,90.0,50.0000000001819,18.189263767590898,passive,
1.0,1530.56,1530.565,1197.9000244140625,578.5999755859375,1198.9000244140625,558.9000244140625,55.29999923706055,5.000000000109139,19.725315616594305,passive,
1.0,1530.591,1530.686,1192.5,566.0999755859375,1073.300048828125,255.1999969482422,194.8000030517578,95.00000000002728,332.96760364380316,passive,
1.0,1530.734,1530.772,1192.5,566.0999755859375,1073.300048828125,255.1999969482422,0.0,38.000000000010914,332.96760364380316,passive,
1.0,1530.798,1530.914,800.2999877929688,342.6000061035156,796.0999755859375,355.29998779296875,65.5,115.99999999998545,13.376458329903928,passive,
1.0,1530.959,1531.315,788.2000122070312,465.3999938964844,811.2999877929688,465.79998779296875,255.89999389648438,355.99999999999454,23.103438427821374,passive,
1.0,1531.552,1531.559,818.7999877929688,491.70001220703125,836.5999755859375,496.8999938964844,44.599998474121094,7.000000000061846,18.54398487382052,passive,
1.0,1531.917,1531.938,830.5999755859375,498.0,817.5999755859375,578.5,86.5,21.000000000185537,81.54293347678878,passive,
1.0,1532.035,1532.076,820.5999755859375,598.0999755859375,1044.9000244140625,655.5999755859375,200.8000030517578,40.99999999993997,231.55293542578823,passive,
1.0,1532.233,1532.33,1023.2999877929688,664.5,1054.5,341.70001220703125,357.5,96.99999999997999,324.30429056807077,passive,
1.0,1532.666,1532.701,1044.4000244140625,373.1000061035156,877.2999877929688,457.5,143.5,35.000000000081855,187.205184779956,passive,
1.0,1532.808,1532.939,852.5,643.7999877929688,856.2999877929688,652.7000122070312,143.0,131.0000000000855,9.677310669686081,passive,
1.0,1533.172,1533.191,853.0999755859375,683.5,877.2999877929688,753.9000244140625,89.4000015258789,19.000000000005457,74.44329404534069,passive,
1.0,1533.348,1533.386,872.7999877929688,752.5,1124.5999755859375,820.0,212.0,38.000000000010914,260.6903984663402,passive,
1.0,1533.581,1533.594,1119.9000244140625,824.2000122070312,1075.4000244140625,832.2999877929688,68.80000305175781,13.000000000147338,45.23117956114768,passive,
1.0,1533.791,1534.024,1069.4000244140625,848.2999877929688,928.9000244140625,446.8999938964844,289.20001220703125,232.99999999994725,425.27897326354815,passive,
1.0,1534.513,1534.526,906.2000122070312,479.5,865.5999755859375,504.1000061035156,79.0,13.000000000147338,47.471288943182905,passive,
1.0,1534.686,1534.715,864.0,514.5,1069.5999755859375,517.2999877929688,202.89999389648438,28.999999999996362,205.61904068587341,passive,
1.0,1535.418,1535.442,1054.9000244140625,503.79998779296875,1162.300048828125,569.0999755859375,136.39999389648438,24.000000000114596,125.6934908812031,passive,
1.0,1535.676,1535.687,1191.199951171875,614.0,1154.4000244140625,618.0,67.19999694824219,10.999999999967258,37.01668015071536,passive,
1.0,1535.864,1535.886,1150.4000244140625,623.0,1100.5999755859375,540.0999755859375,118.19999694824219,21.999999999934516,96.70811192002351,passive,
1.0,1536.047,1536.07,1101.4000244140625,523.7000122070312,1097.800048828125,649.2999877929688,127.5,22.99999999991087,125.65155666129824,passive,
1.0,1536.452,1536.914,1102.199951171875,684.0,832.2999877929688,440.8999938964844,180.5,461.9999999999891,363.2404206575368,passive,
1.0,1537.28,1537.303,821.4000244140625,453.70001220703125,877.7000122070312,548.4000244140625,140.0,23.000000000138243,110.17159768969631,passive,
1.0,1537.457,1537.472,874.2000122070312,582.7000122070312,814.9000244140625,606.7000122070312,105.4000015258789,14.99999999987267,63.97256093237352,passive,
1.0,1537.647,1537.985,795.2999877929688,625.2999877929688,800.5,184.39999389648438,373.20001220703125,337.99999999996544,440.93065752436996,passive,
1.0,1538.196,1538.24,788.4000244140625,234.3000030517578,1086.699951171875,479.79998779296875,252.89999389648438,44.000000000096406,386.3328730662861,passive,
1.0,1538.508,1538.553,1087.300048828125,508.0,753.2999877929688,380.1000061035156,206.1999969482422,45.00000000007276,357.6512955522583,passive,
1.0,1538.705,1538.919,727.0999755859375,396.1000061035156,805.5,331.0,382.0,214.00000000016917,101.90473307360836,passive,
1.0,1539.564,1539.582,806.9000244140625,395.20001220703125,811.7999877929688,447.1000061035156,60.400001525878906,18.000000000029104,52.130787521096764,passive,
1.0,1539.672,1539.691,811.4000244140625,453.5,754.4000244140625,486.20001220703125,82.19999694824219,19.000000000005457,65.71370327671386,passive,
1.0,1539.997,1540.041,722.2000122070312,526.4000244140625,467.6000061035156,396.20001220703125,161.6999969482422,43.99999999986903,285.96014807420505,passive,
1.0,1540.273,1540.316,439.6000061035156,384.70001220703125,767.7000122070312,375.3999938964844,199.39999389648438,43.00000000012005,328.23178448423226,passive,
1.0,1540.443,1540.494,762.2999877929688,377.29998779296875,1251.4000244140625,434.70001220703125,308.1000061035156,50.99999999993088,492.4567073616626,passive,
1.0,1540.807,1540.855,1236.5999755859375,429.29998779296875,881.0,443.20001220703125,212.0,48.00000000000182,355.8715404685107,passive,
1.0,1540.98,1541.023,877.5999755859375,450.0,850.2000122070312,765.2000122070312,193.0,42.99999999989268,316.38869399597394,passive,
1.0,1541.218,1541.273,853.5,777.7999877929688,463.3999938964844,415.70001220703125,242.60000610351562,54.99999999983629,532.2540813195325,passive,
1.0,1541.439,1541.613,428.70001220703125,413.8999938964844,832.0999755859375,365.5,196.5,173.99999999997817,406.2931083137919,passive,
1.0,1542.374,1542.432,825.4000244140625,375.0,952.5,557.7999877929688,185.60000610351562,57.999999999992724,222.6437498135877,passive,
1.0,1542.606,1542.612,953.0999755859375,575.7000122070312,953.2000122070312,562.4000244140625,42.70000076293945,6.0000000000854925,13.300364003239821,passive,
1.0,1542.994,1543.114,943.0,561.0,278.29998779296875,559.2000122070312,547.7000122070312,120.00000000011823,664.7024493591717,passive,
1.0,1543.157,1543.39,262.70001220703125,568.5999755859375,920.5,533.0,475.79998779296875,233.00000000017462,658.7626144539087,passive,
1.0,1543.57,1543.585,933.4000244140625,528.0999755859375,967.5999755859375,573.7000122070312,88.5,15.000000000100044,57.00000000003268,passive,
1.0,1543.835,1544.088,950.2000122070312,600.9000244140625,963.2000122070312,542.0999755859375,382.8999938964844,252.99999999992906,60.219977932492505,passive,
1.0,1544.134,1544.15,953.7999877929688,572.5,885.2999877929688,561.7999877929688,98.19999694824219,16.000000000076398,69.33065888357486,passive,
1.0,1544.245,1544.376,858.7000122070312,583.2999877929688,861.7000122070312,519.7999877929688,322.6000061035156,131.0000000000855,63.57082664241515,passive,
1.0,1544.548,1544.554,858.2999877929688,523.5999755859375,838.2999877929688,519.7000122070312,50.0,6.0000000000854925,20.37669537380411,passive,
1.0,1544.957,1545.008,846.2000122070312,531.7999877929688,407.70001220703125,674.2000122070312,227.10000610351562,50.99999999993088,461.0423157944676,passive,
1.0,1545.121,1545.145,405.70001220703125,657.4000244140625,272.5,741.0999755859375,198.89999389648438,23.999999999887223,157.3147325527,passive,
1.0,1545.321,1545.332,221.1999969482422,754.2999877929688,176.8000030517578,769.9000244140625,78.4000015258789,11.000000000194632,47.0608181036764,passive,
1.0,1545.581,1545.587,169.6999969482422,776.2000122070312,156.5,775.0999755859375,39.0,6.0000000000854925,13.2457540367225,passive,
1.0,1546.291,1546.3,152.10000610351562,778.5,182.3000030517578,783.7999877929688,60.29999923706055,9.000000000014552,30.66153431058947,passive,
1.0,1546.452,1546.512,181.1999969482422,783.4000244140625,798.5,617.7999877929688,279.79998779296875,59.99999999994543,639.1264866179525,passive,
1.0,1546.677,1546.692,777.9000244140625,626.9000244140625,800.0,573.4000244140625,85.5999984741211,15.000000000100044,57.88487644367079,passive,
1.0,1546.847,1546.857,796.5,565.0,811.2999877929688,532.9000244140625,70.0999984741211,9.999999999990905,35.347532746852465,passive,
1.0,1547.366,1547.409,817.2999877929688,550.5999755859375,586.0999755859375,458.79998779296875,149.1999969482422,43.00000000012005,248.75828308484645,passive,
1.0,1547.486,1547.92,583.2999877929688,473.5,645.9000244140625,766.7999877929688,240.3000030517578,433.9999999999691,299.9060643340143,passive,
1.0,1548.179,1548.201,637.5,765.7000122070312,759.5,750.0,144.0,21.999999999934516,123.00605831950283,passive,
1.0,1548.425,1548.449,768.9000244140625,755.0,614.4000244140625,766.7000122070312,177.0,24.000000000114596,154.9423773073225,passive,
1.0,1548.596,1548.645,578.5,770.4000244140625,975.9000244140625,531.0,279.70001220703125,48.99999999997817,463.9387363583162,passive,
1.0,1548.871,1549.055,578.5,770.4000244140625,975.9000244140625,531.0,0.0,183.99999999996908,463.9387363583162,passive,
1.0,1549.155,1549.279,838.7999877929688,493.70001220703125,831.5999755859375,506.29998779296875,89.0999984741211,124.00000000002365,14.512048805996349,,
1.0,1549.32,1549.423,820.5,521.0999755859375,832.0999755859375,468.6000061035156,359.5,103.00000000006548,53.766218290387265,,
1.0,1549.48,1549.598,840.5,534.5999755859375,849.0,529.7999877929688,195.39999389648438,117.99999999993815,9.761653692517934,,
1.0,1549.65,1549.765,841.0,557.0999755859375,848.0,516.0,252.0,115.0000000000091,41.69182165802615,passive,
1.0,1549.936,1549.943,852.7000122070312,544.5999755859375,875.7000122070312,542.0999755859375,51.29999923706055,7.000000000061846,23.13547060251855,passive,
1.0,1550.802,1550.935,826.5999755859375,529.2000122070312,861.7000122070312,439.6000061035156,283.70001220703125,133.0000000000382,96.22979613691469,passive,
1.0,1551.056,1551.278,771.0999755859375,374.1000061035156,954.5999755859375,465.8999938964844,390.79998779296875,221.99999999998,205.1815970275824,passive,
1.0,1551.58,1551.599,999.4000244140625,506.1000061035156,1095.4000244140625,499.6000061035156,120.5,19.000000000005457,96.21980045707848,passive,
1.0,1551.688,1551.811,1085.199951171875,505.0,530.4000244140625,376.3999938964844,464.29998779296875,122.99999999981992,569.5093680531501,passive,
1.0,1551.965,1551.984,515.7000122070312,381.6000061035156,584.2999877929688,428.8999938964844,126.0999984741211,19.000000000005457,83.32613932978182,passive,
1.0,1552.184,1552.206,575.5999755859375,438.5,710.0,466.6000061035156,191.8000030517578,21.999999999934516,137.3061429999336,passive,
1.0,1552.378,1552.431,710.5999755859375,477.79998779296875,1170.9000244140625,549.2000122070312,224.89999389648438,53.00000000011096,465.8047857606263,passive,
1.0,1552.662,1552.685,1151.9000244140625,549.7999877929688,1290.0999755859375,572.7999877929688,177.1999969482422,22.99999999991087,140.10077267420274,passive,
1.0,1552.854,1552.862,1306.0,566.2000122070312,1294.4000244140625,583.5,48.29999923706055,8.000000000038199,20.829042494344616,passive,
1.0,1553.08,1553.304,1294.0,603.4000244140625,654.7999877929688,464.0,306.8999938964844,224.00000000016007,654.2239848951658,passive,
1.0,1553.488,1553.513,636.0999755859375,473.1000061035156,777.5999755859375,491.79998779296875,170.39999389648438,24.999999999863576,142.73030272225265,passive,
1.0,1553.707,1553.724,782.4000244140625,503.3999938964844,847.7999877929688,509.20001220703125,106.19999694824219,16.999999999825377,65.65664796777976,passive,
1.0,1554.034,1554.068,846.4000244140625,517.5999755859375,1044.199951171875,402.5,183.5,33.99999999987813,228.85107691527125,passive,
1.0,1554.212,1554.227,1048.5,374.3999938964844,1042.800048828125,316.1000061035156,82.0,15.000000000100044,58.57796531138705,passive,
1.0,1554.392,1554.402,1045.4000244140625,300.6000061035156,1071.5999755859375,278.70001220703125,65.4000015258789,9.999999999990905,34.14743290607198,passive,
1.0,1554.856,1554.867,1041.800048828125,278.70001220703125,1077.0,273.3999938964844,64.30000305175781,10.999999999967258,35.59672395873694,passive,
1.0,1555.055,1555.065,1072.300048828125,273.3999938964844,1054.9000244140625,300.3999938964844,62.900001525878906,9.999999999990905,32.12103437951479,passive,
1.0,1556.237,1556.282,1053.5,312.8999938964844,755.2000122070312,552.0999755859375,225.6999969482422,44.999999999845386,382.36045030510155,passive,
1.0,1556.545,1556.561,722.2000122070312,573.9000244140625,699.5999755859375,636.2999877929688,86.19999694824219,15.999999999849024,66.36653588190075,passive,
1.0,1556.717,1556.739,705.5,641.9000244140625,687.2000122070312,731.0999755859375,101.9000015258789,21.999999999934516,91.0577884768112,passive,
1.0,1557.074,1557.175,681.7999877929688,762.5999755859375,1089.4000244140625,291.20001220703125,576.9000244140625,100.9999999998854,623.1819279529462,passive,
1.0,1557.329,1557.337,1067.800048828125,309.3999938964844,1045.199951171875,300.79998779296875,52.599998474121094,8.000000000038199,24.18107770659825,passive,
1.0,1557.484,1557.92,1035.5,308.29998779296875,627.2999877929688,309.70001220703125,222.3000030517578,436.00000000014916,408.2024130675619,passive,
1.0,1557.973,1557.993,595.2000122070312,320.0,583.5999755859375,333.8999938964844,58.29999923706055,19.99999999998181,18.104438128067354,passive,
1.0,1558.017,1558.141,575.9000244140625,334.5,788.4000244140625,437.6000061035156,448.79998779296875,124.00000000002365,236.19030729169424,passive,
1.0,1558.35,1558.371,770.0999755859375,480.5,830.7000122070312,553.0999755859375,151.3000030517578,21.000000000185537,94.56807544598031,passive,
1.0,1558.663,1558.685,836.2999877929688,533.2999877929688,735.4000244140625,536.5999755859375,126.5,21.999999999934516,100.95391289741258,passive,
1.0,1558.782,1558.834,738.7000122070312,540.4000244140625,263.5,828.5,282.70001220703125,52.000000000134605,555.7127383227601,passive,
1.0,1559.017,1559.032,250.8000030517578,819.0999755859375,187.6999969482422,824.5999755859375,99.69999694824219,14.99999999987267,63.33925141856122,passive,
1.0,1559.163,1559.211,175.89999389648438,827.2000122070312,774.7999877929688,526.0,369.0,48.00000000000182,670.3750070242213,passive,
1.0,1559.709,1559.734,784.0999755859375,520.9000244140625,948.0,490.5,183.8000030517578,24.999999999863576,166.6954693064748,passive,
1.0,1559.97,1559.991,982.5,479.0,968.9000244140625,575.0999755859375,124.9000015258789,20.999999999958163,97.05753264716695,passive,
1.0,1560.196,1560.269,970.2000122070312,588.7000122070312,953.0999755859375,508.20001220703125,214.6999969482422,73.00000000009277,82.29618005984693,passive,
1.0,1560.473,1560.681,757.7999877929688,373.29998779296875,784.5,354.3999938964844,226.3000030517578,208.00000000008367,32.712389413535114,passive,
1.0,1561.085,1561.101,781.9000244140625,388.29998779296875,851.2999877929688,392.0,98.5,16.000000000076398,69.49852521691169,passive,
1.0,1561.238,1561.266,854.0,407.1000061035156,817.4000244140625,570.0,145.39999389648438,28.00000000002001,166.960972159262,passive,
1.0,1561.535,1561.553,817.5999755859375,577.5,888.5999755859375,597.7000122070312,102.69999694824219,18.000000000029104,73.81761641481125,passive,
1.0,1561.62,1562.075,889.0999755859375,613.0,895.0999755859375,595.7999877929688,360.3999938964844,455.0000000001546,18.216487584658687,passive,
1.0,1562.342,1562.368,898.7999877929688,610.2999877929688,719.7999877929688,614.4000244140625,197.10000610351562,25.99999999983993,179.0469499888069,passive,
1.0,1562.653,1562.66,660.2000122070312,595.7999877929688,637.7000122070312,598.0999755859375,51.79999923706055,7.000000000061846,22.617248812528132,passive,
1.0,1562.785,1562.948,939.0999755859375,503.5,947.9000244140625,568.4000244140625,183.8000030517578,163.0000000000109,65.49392359847815,passive,
1.0,1563.367,1563.375,942.9000244140625,581.7999877929688,914.2000122070312,581.2999877929688,59.20000076293945,8.000000000038199,28.704367275446828,passive,
1.0,1563.54,1563.563,910.2000122070312,580.2999877929688,834.0999755859375,530.5999755859375,111.0,23.000000000138243,90.89173112616386,passive,
1.0,1563.627,1563.758,756.9000244140625,494.79998779296875,785.0,430.29998779296875,287.1000061035156,131.0000000000855,70.35523170262667,passive,
1.0,1563.925,1563.935,787.7999877929688,464.8999938964844,808.0,487.5,58.400001525878906,9.999999999990905,30.31172659290716,passive,
1.0,1564.388,1564.43,817.2999877929688,500.20001220703125,1006.7000122070312,507.70001220703125,109.5,42.0000000001437,189.54846147633978,passive,
1.0,1564.568,1564.737,943.4000244140625,486.29998779296875,941.4000244140625,480.5,16.700000762939453,169.0000000000964,6.135133119874948,passive,
1.0,1564.843,1564.962,819.0999755859375,418.29998779296875,821.0999755859375,331.0,503.5,118.99999999991451,87.32289429841691,passive,
1.0,1565.149,1565.589,800.2000122070312,380.5,784.2000122070312,359.70001220703125,78.0,440.00000000005457,26.24194147138601,passive,
1.0,1565.749,1565.838,800.2000122070312,380.5,784.2000122070312,359.70001220703125,0.0,88.99999999994179,26.24194147138601,passive,
1.0,1566.567,1566.693,871.7999877929688,494.1000061035156,903.5,444.6000061035156,321.6000061035156,125.99999999997635,58.78044550635807,passive,
1.0,1566.732,1566.918,894.4000244140625,482.3999938964844,862.2999877929688,387.3999938964844,309.20001220703125,185.99999999992178,100.27667899903527,passive,
1.0,1566.943,1567.093,854.7999877929688,417.29998779296875,861.0999755859375,392.8999938964844,287.8999938964844,150.00000000009095,25.200189450478938,passive,
1.0,1567.285,1567.305,854.7000122070312,457.3999938964844,933.7999877929688,486.20001220703125,116.80000305175781,19.99999999998181,84.1798502753702,passive,
1.0,1567.676,1567.731,946.5,493.70001220703125,628.2999877929688,453.29998779296875,154.0,55.000000000063665,320.7544383811574,passive,
1.0,1567.943,1567.964,613.5,445.8999938964844,519.2999877929688,426.6000061035156,97.30000305175781,20.999999999958163,96.15680854007988,passive,
1.0,1568.108,1568.202,472.79998779296875,411.29998779296875,1175.9000244140625,377.1000061035156,361.1000061035156,94.00000000005093,703.9313178458125,passive,
1.0,1568.53,1568.536,1167.0999755859375,392.8999938964844,1175.699951171875,407.0,43.5,6.0000000000854925,16.51574255666087,passive,
1.0,1568.82,1568.862,1177.699951171875,403.79998779296875,852.2000122070312,484.0,217.1999969482422,42.0000000001437,335.2346226512485,passive,
1.0,1568.952,1569.065,842.5999755859375,478.1000061035156,796.4000244140625,476.8999938964844,398.5,113.00000000005639,46.21553329326254,passive,
1.0,1569.272,1569.277,800.0,500.70001220703125,810.0999755859375,498.8999938964844,40.400001525878906,5.000000000109139,10.259121441665343,passive,
1.0,1569.909,1569.93,822.2999877929688,518.2000122070312,730.5999755859375,506.70001220703125,87.69999694824219,20.999999999958163,92.41830034560081,passive,
1.0,1570.028,1570.135,863.5,618.4000244140625,948.7000122070312,471.3999938964844,343.5,106.9999999999709,169.90600652198017,passive,
1.0,1570.326,1570.346,932.2000122070312,507.70001220703125,1022.4000244140625,498.79998779296875,112.0,19.99999999998181,90.63803085195251,passive,
1.0,1570.567,1570.572,1043.199951171875,485.6000061035156,1049.800048828125,471.8999938964844,39.79999923706055,4.999999999881766,15.206959707477429,passive,
1.0,1570.823,1570.871,1051.699951171875,466.0,669.2000122070312,523.2999877929688,200.8000030517578,48.00000000000182,386.76800786671015,passive,
1.0,1571.058,1571.107,664.5999755859375,523.7000122070312,486.79998779296875,276.6000061035156,187.6999969482422,48.99999999997817,304.419527421513,passive,
1.0,1571.281,1571.343,465.79998779296875,262.1000061035156,627.7000122070312,281.6000061035156,280.70001220703125,62.00000000012551,163.07013186133761,passive,
1.0,1571.668,1572.071,950.4000244140625,300.6000061035156,817.0,372.5,240.3000030517578,403.00000000002,151.54265286046356,passive,
1.0,1572.636,1572.659,797.2000122070312,397.20001220703125,850.7000122070312,488.3999938964844,123.5,23.000000000138243,105.73403737754738,passive,
1.0,1572.833,1572.85,855.7000122070312,530.7000122070312,931.0999755859375,552.0,115.0,16.999999999825377,78.35077509202459,passive,
1.0,1573.017,1573.047,939.7000122070312,563.9000244140625,1131.0999755859375,539.7999877929688,178.89999389648438,29.999999999972715,192.91126910210485,passive,
1.0,1573.505,1573.531,1137.5,534.2999877929688,1298.0999755859375,538.0999755859375,152.1999969482422,25.99999999983993,160.64492542695032,passive,
1.0,1573.737,1573.762,1340.300048828125,541.9000244140625,1204.699951171875,514.9000244140625,142.5,24.999999999863576,138.26202112071317,passive,
1.0,1574.668,1574.674,1141.0999755859375,534.2999877929688,1151.5,546.2999877929688,42.20000076293945,6.0000000000854925,15.879562582549182,passive,
1.0,1574.994,1575.099,1145.4000244140625,564.5999755859375,690.2999877929688,354.1000061035156,343.79998779296875,105.00000000001819,501.42425199088785,passive,
1.0,1575.171,1575.427,640.5,382.3999938964844,744.7999877929688,326.3999938964844,236.89999389648438,255.99999999985812,118.38280049742627,passive,
1.0,1576.02,1576.059,753.7000122070312,389.79998779296875,630.4000244140625,403.5,116.0,38.99999999998727,124.05876560815462,passive,
1.0,1576.299,1576.321,576.7000122070312,384.1000061035156,526.2999877929688,462.70001220703125,121.5,21.999999999934516,93.37089171905123,passive,
1.0,1576.507,1576.627,648.7000122070312,515.7000122070312,667.0,451.3999938964844,297.3999938964844,119.99999999989086,66.85343602208842,passive,
1.0,1576.657,1576.792,662.5,453.6000061035156,669.2000122070312,482.70001220703125,439.79998779296875,134.9999999999909,29.861354939101716,passive,
1.0,1577.001,1577.019,667.5,487.29998779296875,601.5999755859375,497.29998779296875,79.0,18.000000000029104,66.65443134386516,passive,
1.0,1577.11,1577.15,590.4000244140625,499.5,884.0,548.4000244140625,230.6999969482422,40.000000000190994,297.64434826107316,passive,
1.0,1577.408,1577.42,858.4000244140625,538.5,812.0,522.4000244140625,84.69999694824219,12.000000000170985,49.11386239640881,passive,
1.0,1577.475,1577.673,786.5999755859375,524.2000122070312,790.0999755859375,403.29998779296875,237.60000610351562,198.00000000009277,120.95067549758004,passive,
1.0,1578.308,1578.342,782.7000122070312,457.8999938964844,998.2000122070312,420.0,159.39999389648438,34.0000000001055,218.80735713717112,passive,
1.0,1578.52,1578.53,1016.9000244140625,412.8999938964844,1023.4000244140625,386.79998779296875,52.20000076293945,9.999999999990905,26.897217674018865,passive,
1.0,1578.985,1579.096,1006.2000122070312,395.0,1066.0999755859375,321.79998779296875,423.5,111.00000000010368,94.58460445497371,passive,
1.0,1579.4,1580.2,1006.2000122070312,395.0,1066.0999755859375,321.79998779296875,0.0,799.9999999999545,94.58460445497371,passive,
1.0,1580.248,1580.337,1028.5,281.5,1028.800048828125,279.20001220703125,9.300000190734863,88.99999999994179,2.319476912380127,passive,
1.0,1580.489,1580.502,1034.199951171875,306.3999938964844,989.2000122070312,295.20001220703125,73.4000015258789,12.999999999919964,46.37277322614799,passive,
1.0,1580.536,1580.663,1034.199951171875,306.3999938964844,989.2000122070312,295.20001220703125,0.0,126.9999999999527,46.37277322614799,passive,
1.0,1580.716,1580.998,1002.4000244140625,242.10000610351562,835.9000244140625,451.5,265.1000061035156,282.0000000001528,267.5268349976273,passive,
1.0,1581.414,1581.425,821.5,475.1000061035156,786.5,463.1000061035156,64.80000305175781,10.999999999967258,37.0,passive,
1.0,1581.791,1581.816,773.7999877929688,449.3999938964844,645.4000244140625,427.3999938964844,120.30000305175781,25.00000000009095,130.2710658423599,passive,
1.0,1581.98,1581.99,608.2000122070312,418.20001220703125,622.7000122070312,395.8999938964844,48.099998474121094,9.999999999990905,26.599639408283824,passive,
1.0,1582.399,1582.423,615.4000244140625,389.5,715.5,466.5,160.3000030517578,24.000000000114596,126.28937054362605,passive,
1.0,1582.774,1582.905,739.9000244140625,510.5,458.20001220703125,565.5,435.0,131.0000000000855,287.0189834792144,passive,
1.0,1583.003,1583.162,446.20001220703125,575.0999755859375,621.5,395.6000061035156,346.8999938964844,159.0000000001055,250.89903300811142,passive,
1.0,1583.519,1583.831,843.5999755859375,527.7999877929688,844.0999755859375,615.2999877929688,199.39999389648438,311.99999999989814,87.50142855976695,passive,
1.0,1584.054,1584.058,870.0,602.7999877929688,870.0999755859375,612.2000122070312,39.79999923706055,3.9999999999054126,9.400556052848927,passive,
1.0,1584.213,1584.256,874.2000122070312,614.0999755859375,532.7999877929688,611.5999755859375,205.3000030517578,43.00000000012005,341.4091777763487,passive,
1.0,1584.481,1584.496,520.2999877929688,606.5,577.7000122070312,615.0,90.4000015258789,15.000000000100044,58.02596662473596,passive,
1.0,1584.598,1585.043,668.2999877929688,547.4000244140625,801.4000244140625,398.20001220703125,426.6000061035156,444.99999999993634,199.94064967163322,passive,
1.0,1585.475,1586.038,795.7999877929688,402.8999938964844,628.0999755859375,448.70001220703125,180.1999969482422,563.0000000001019,173.84169744766317,passive,
1.0,1586.24,1586.377,484.0,546.2000122070312,357.20001220703125,561.2000122070312,175.0,136.9999999999436,127.68412941433647,passive,
1.0,1586.544,1586.595,356.6000061035156,574.2999877929688,699.2999877929688,456.1000061035156,269.79998779296875,50.99999999993088,362.5113972295748,passive,
1.0,1586.768,1586.889,710.5,519.0,786.7999877929688,456.70001220703125,174.6999969482422,120.99999999986721,98.50368833810862,passive,
1.0,1586.927,1587.198,788.0,488.5,784.0999755859375,491.5,57.5,271.00000000018554,4.920385191251143,passive,
1.0,1587.553,1587.69,349.8999938964844,354.20001220703125,834.2999877929688,397.79998779296875,420.79998779296875,136.9999999999436,486.3582136224374,passive,
1.0,1587.899,1587.917,835.5999755859375,433.70001220703125,790.9000244140625,475.70001220703125,89.30000305175781,18.000000000029104,61.33584298571276,passive,
1.0,1588.393,1588.439,788.4000244140625,490.3999938964844,1179.5,440.20001220703125,243.5,46.00000000004911,394.3085455134625,passive,
1.0,1588.654,1588.663,1183.5,399.3999938964844,1201.0999755859375,423.29998779296875,60.79999923706055,9.000000000014552,29.681119400682757,passive,
1.0,1588.763,1588.812,1202.199951171875,426.20001220703125,929.9000244140625,743.7999877929688,236.89999389648438,48.99999999997817,418.35032521141676,passive,
1.0,1589.011,1589.026,924.0999755859375,741.9000244140625,979.5,762.5,87.0999984741211,15.000000000100044,59.10602083730508,passive,
1.0,1589.139,1589.306,976.0,769.5999755859375,520.2000122070312,428.3999938964844,325.1000061035156,167.0000000001437,569.3602167142991,passive,
1.0,1589.489,1589.539,518.5,434.20001220703125,978.7999877929688,747.7000122070312,321.0,49.999999999954525,556.918601558798,passive,
1.0,1589.718,1589.74,974.7000122070312,755.7000122070312,1057.199951171875,831.5,149.39999389648438,21.999999999934516,112.03516447355783,passive,
1.0,1589.878,1590.157,1070.4000244140625,830.0999755859375,780.7000122070312,381.20001220703125,274.5,278.99999999999636,534.2633004374692,passive,
1.0,1590.817,1590.837,759.2999877929688,456.1000061035156,836.7999877929688,485.0,105.5,19.99999999998181,82.71311653671886,passive,
1.0,1590.943,1591.116,837.7999877929688,492.79998779296875,860.2000122070312,409.20001220703125,424.6000061035156,173.00000000000182,86.5489284261795,passive,
1.0,1591.142,1591.317,855.5,410.3999938964844,826.7000122070312,350.0,408.5,174.99999999995453,66.91486052866358,passive,
1.0,1591.371,1591.64,804.5999755859375,376.1000061035156,839.0999755859375,411.1000061035156,454.79998779296875,269.00000000000546,49.145193050795925,passive,
1.0,1591.988,1592.032,829.4000244140625,467.8999938964844,829.4000244140625,467.8999938964844,3.299999952316284,43.99999999986903,0.0,passive,
1.0,1592.94,1592.955,815.7000122070312,506.8999938964844,762.0,490.8999938964844,79.9000015258789,14.99999999987267,56.03294844138853,passive,
1.0,1593.025,1593.445,734.2000122070312,506.20001220703125,771.7000122070312,408.0,103.19999694824219,419.9999999998454,105.11656576135412,passive,
1.0,1593.551,1593.861,802.0999755859375,479.5,784.5999755859375,452.5,408.70001220703125,310.0000000001728,32.17530108639234,passive,
1.0,1593.896,1595.431,802.0999755859375,479.5,784.5999755859375,452.5,0.0,1535.0000000000819,32.17530108639234,passive,
1.0,1595.483,1595.579,791.4000244140625,501.29998779296875,973.5999755859375,395.29998779296875,356.3999938964844,96.00000000000364,210.79094431932705,passive,
1.0,1595.819,1596.213,791.4000244140625,501.29998779296875,973.5999755859375,395.29998779296875,0.0,394.00000000000546,210.79094431932705,passive,
1.0,1596.238,1596.342,1010.9000244140625,386.29998779296875,977.9000244140625,485.0,356.5,104.00000000004184,104.07061261311051,passive,
1.0,1596.538,1596.562,968.5,513.0999755859375,877.4000244140625,498.20001220703125,106.5,23.999999999887223,92.31042444085692,passive,
1.0,1597.149,1597.159,829.0,506.79998779296875,792.5999755859375,491.8999938964844,73.0999984741211,10.000000000218279,39.331559789304286,passive,
1.0,1597.402,1597.412,791.0999755859375,499.29998779296875,800.9000244140625,518.0999755859375,44.900001525878906,9.999999999990905,21.20095512115924,passive,
1.0,1598.31,1598.344,814.4000244140625,512.0,1056.800048828125,578.2999877929688,209.8000030517578,34.0000000001055,251.30352209486819,passive,
1.0,1598.474,1598.601,1056.300048828125,594.5,1095.0,507.6000061035156,316.79998779296875,127.00000000018008,95.12778332282599,passive,
1.0,1598.632,1598.786,1085.800048828125,543.2999877929688,1052.5999755859375,540.7999877929688,244.10000610351562,153.99999999999636,33.294066487688376,passive,
1.0,1598.988,1598.997,1053.0999755859375,560.4000244140625,1081.0,561.7999877929688,56.20000076293945,9.000000000014552,27.935125912863935,passive,
1.0,1599.169,1599.287,1070.0999755859375,568.5,816.5999755859375,533.7999877929688,203.10000610351562,117.99999999993815,255.86391079471937,passive,
1.0,1599.331,1599.443,743.0,498.6000061035156,743.0,490.3999938964844,302.29998779296875,112.00000000008004,8.20001220703125,passive,
1.0,1599.479,1599.627,722.7000122070312,520.9000244140625,709.7999877929688,482.1000061035156,243.1999969482422,147.99999999991087,40.888287452303274,passive,
1.0,1600.118,1600.17,705.5,479.6000061035156,1118.800048828125,557.7000122070312,267.1000061035156,52.000000000134605,420.6144806288767,passive,
1.0,1600.601,1600.641,1100.9000244140625,554.0,796.7999877929688,506.6000061035156,230.5,39.99999999996362,307.7719800344686,passive,
1.0,1600.739,1600.878,824.7999877929688,474.6000061035156,824.5999755859375,480.29998779296875,157.3000030517578,138.99999999989632,5.7034898214218295,passive,
1.0,1601.051,1601.058,821.5999755859375,503.5,799.9000244140625,498.3999938964844,51.29999923706055,7.000000000061846,22.291207753678485,passive,
1.0,1601.59,1601.608,804.0,498.29998779296875,785.2000122070312,437.20001220703125,79.19999694824219,18.000000000029104,63.92688446669314,passive,
1.0,1601.666,1601.709,783.7000122070312,429.3999938964844,1079.9000244140625,591.7999877929688,240.3000030517578,43.00000000012005,337.7990604620203,passive,
1.0,1601.863,1601.899,1058.5999755859375,593.5,1283.300048828125,642.0,198.6999969482422,35.999999999830834,229.8746895920567,passive,
1.0,1602.42,1602.429,1284.4000244140625,667.9000244140625,1316.0999755859375,668.2000122070312,67.80000305175781,9.000000000014552,31.70137058512123,passive,
1.0,1602.529,1602.543,1314.0,673.4000244140625,1286.5,711.5,79.9000015258789,13.999999999896318,46.987850979258816,passive,
1.0,1602.752,1602.763,1292.9000244140625,711.2000122070312,1282.300048828125,751.0999755859375,75.4000015258789,10.999999999967258,41.2839746155882,passive,
