eye,stime,etime,x,y,duration_ms,block_type,triplet
1.0,0.005,0.086,1312.699951171875,702.2000122070312,80.99999999999999,,
1.0,0.129,0.601,907.4000244140625,569.0,472.0,,
1.0,0.625,0.833,808.7999877929688,502.29998779296875,207.99999999999997,,
1.0,0.857,1.103,874.5,555.7000122070312,246.0,,
1.0,1.315,2.853,849.2999877929688,531.7000122070312,1538.0000000000002,,
1.0,2.948,3.064,171.89999389648438,365.5,116.0000000000001,,
1.0,3.127,3.311,811.7999877929688,529.0999755859375,184.00000000000017,,
1.0,3.324,3.895,849.7999877929688,535.0999755859375,571.0000000000002,,
1.0,3.921,3.988,686.4000244140625,440.8999938964844,67.00000000000017,,
1.0,4.037,4.159,356.29998779296875,269.70001220703125,121.99999999999989,,
1.0,4.194,4.366,76.0,55.0,171.99999999999972,,
1.0,4.526,4.714,89.80000305175781,43.29999923706055,188.00000000000063,,
1.0,4.726,5.493,136.8000030517578,60.0,767.0000000000003,,
1.0,5.5,7.17,161.89999389648438,57.70000076293945,1670.0,,
1.0,7.325,8.0,159.3000030517578,65.9000015258789,674.9999999999998,,
1.0,8.189,8.54,181.60000610351562,902.0999755859375,350.9999999999991,,
1.0,8.578,8.689,155.1999969482422,718.9000244140625,111.00000000000065,,
1.0,8.724,9.082,139.39999389648438,550.5999755859375,358.00000000000057,,
1.0,9.335,10.542,152.39999389648438,500.6000061035156,1206.9999999999989,,
1.0,10.562,10.879,255.39999389648438,515.5999755859375,317.00000000000017,,
1.0,10.898,11.867,160.3000030517578,522.2000122070312,969.0000000000011,,
1.0,12.151,12.296,618.2000122070312,776.5999755859375,144.99999999999957,,
1.0,12.336,12.688,871.7999877929688,885.9000244140625,352.00000000000034,,
1.0,12.702,12.994,845.2999877929688,926.2000122070312,291.99999999999983,,
1.0,13.002,13.029,858.2000122070312,900.9000244140625,26.999999999999247,,
1.0,13.364,13.47,829.5,877.5,105.99999999999987,,
1.0,13.478,13.522,845.5,878.4000244140625,44.00000000000048,,
1.0,14.411,14.607,843.7000122070312,836.0,195.99999999999972,,
1.0,14.623,15.044,838.2999877929688,883.7999877929688,421.00000000000114,,
1.0,15.077,15.099,836.4000244140625,898.4000244140625,22.00000000000024,,
1.0,15.204,15.431,1452.300048828125,331.0,226.99999999999852,,
1.0,15.476,16.05,1599.699951171875,541.5999755859375,573.9999999999999,,
1.0,16.107,16.315,1544.5,833.7999877929688,208.00000000000196,,
1.0,16.361,16.39,1555.0999755859375,716.5,28.999999999999915,,
1.0,16.416,16.448,1563.0,736.0999755859375,32.00000000000003,,
1.0,16.477,16.831,1561.199951171875,744.0,353.9999999999992,,
1.0,16.845,16.876,1559.5999755859375,754.2999877929688,31.00000000000236,,
1.0,16.882,17.499,1559.199951171875,745.2999877929688,616.9999999999973,,
1.0,17.51,17.724,1558.5999755859375,736.7999877929688,213.99999999999864,,
1.0,18.13,18.44,1562.4000244140625,896.5999755859375,310.0000000000023,,
1.0,18.481,18.824,1562.5,900.4000244140625,343.0,,
1.0,18.863,18.93,1554.800048828125,904.9000244140625,67.00000000000017,,
1.0,19.207,19.52,1569.4000244140625,907.7000122070312,312.99999999999886,,
1.0,19.542,19.743,1557.0999755859375,888.9000244140625,200.99999999999696,,
1.0,19.816,19.944,1619.4000244140625,506.1000061035156,128.0000000000001,,
1.0,19.993,20.139,1540.699951171875,928.9000244140625,146.0000000000008,,
1.0,20.195,20.365,894.7999877929688,920.5999755859375,169.99999999999815,,
1.0,20.409,20.46,541.0999755859375,943.0999755859375,51.00000000000193,,
1.0,20.511,20.779,63.400001525878906,938.9000244140625,268.0000000000007,,
1.0,20.8,21.81,143.0,973.0,1009.999999999998,,
1.0,22.149,22.242,129.89999389648438,904.5999755859375,92.99999999999997,,
1.0,22.249,23.286,141.8000030517578,944.7999877929688,1037.0000000000025,,
1.0,24.018,24.06,116.4000015258789,900.7000122070312,41.99999999999804,,
1.0,24.077,24.108,119.19999694824219,934.0999755859375,30.999999999998806,,
1.0,24.219,24.235,1139.300048828125,258.6000061035156,15.999999999998238,,
1.0,24.264,24.421,1414.0999755859375,214.8000030517578,157.00000000000003,,
1.0,24.45,24.745,1542.199951171875,63.099998474121094,295.0000000000017,,
1.0,24.763,25.08,1618.0999755859375,47.0,316.9999999999966,,
1.0,25.098,25.345,1559.4000244140625,90.69999694824219,246.9999999999999,,
1.0,25.626,28.084,1554.800048828125,93.80000305175781,2457.999999999998,,
1.0,28.109,28.183,1342.9000244140625,101.0,73.99999999999807,,
1.0,28.237,28.44,879.9000244140625,100.0999984741211,203.00000000000296,,
1.0,28.463,28.746,847.9000244140625,56.79999923706055,282.9999999999977,,
1.0,28.761,29.079,859.9000244140625,62.70000076293945,318.00000000000136,,
1.0,29.09,29.423,894.2000122070312,76.30000305175781,332.9999999999984,,
1.0,29.641,31.897,872.4000244140625,89.19999694824219,2256.0,,
1.0,32.093,32.117,882.5,46.0,23.999999999993804,,
1.0,32.124,32.298,885.2999877929688,79.19999694824219,173.9999999999995,,
1.0,32.386,32.647,1603.300048828125,599.7999877929688,260.9999999999957,,
1.0,32.663,32.823,1634.5999755859375,599.9000244140625,160.0000000000037,,
1.0,32.846,33.342,1582.5999755859375,498.29998779296875,496.0000000000022,,
1.0,33.619,35.831,1570.5,472.3999938964844,2212.000000000003,,
1.0,35.84,36.267,850.7000122070312,618.7999877929688,426.9999999999996,,
1.0,36.274,36.544,839.5,606.9000244140625,269.999999999996,,
1.0,36.621,36.708,1272.5999755859375,590.9000244140625,86.99999999999619,,
1.0,36.762,36.918,1625.5999755859375,644.2000122070312,155.9999999999988,,
1.0,36.974,37.143,1515.0,961.2999877929688,169.00000000000404,,
1.0,37.212,37.398,832.7999877929688,770.0999755859375,185.99999999999994,,
1.0,37.439,37.723,962.0999755859375,628.2999877929688,283.9999999999989,,
1.0,37.749,38.215,857.2999877929688,633.2999877929688,466.0000000000011,,
1.0,38.24,38.445,768.5999755859375,640.5999755859375,204.9999999999983,,
1.0,38.47,38.631,875.9000244140625,621.0,161.00000000000136,,
1.0,38.863,39.479,851.2999877929688,613.4000244140625,615.9999999999997,,
1.0,39.525,39.638,1144.0999755859375,448.29998779296875,112.99999999999955,,
1.0,39.654,40.136,1113.0,390.0,481.9999999999993,,
1.0,40.166,40.456,961.7999877929688,487.5,290.00000000000625,,
1.0,40.468,40.801,998.9000244140625,526.7999877929688,332.9999999999984,,
1.0,40.825,41.037,898.9000244140625,606.0,211.9999999999962,,
1.0,41.047,41.508,862.5,601.7999877929688,461.0000000000056,,
1.0,41.544,41.797,1065.199951171875,599.5,253.0000000000001,,
1.0,41.836,42.159,787.2999877929688,577.4000244140625,323.0000000000004,,
1.0,42.339,43.027,839.9000244140625,572.9000244140625,688.0000000000024,,
1.0,43.154,43.755,856.9000244140625,612.7000122070312,600.9999999999991,,
1.0,43.775,44.092,897.7999877929688,574.9000244140625,317.00000000000017,active,
1.0,44.11,44.657,845.7000122070312,612.5,546.999999999997,active,
1.0,44.739,44.813,169.5,649.0,74.00000000000517,active,
1.0,44.873,44.996,803.7000122070312,571.5,123.00000000000466,active,
1.0,45.026,45.513,642.7000122070312,465.79998779296875,486.99999999999477,active,
1.0,45.55,45.744,691.7999877929688,625.0999755859375,194.00000000000261,active,
1.0,45.797,45.956,1136.9000244140625,616.5,159.00000000000603,active,
1.0,46.17,46.286,811.7999877929688,636.5,115.99999999999966,active,
1.0,46.305,46.723,832.0999755859375,598.0,417.99999999999926,active,
1.0,46.745,46.851,777.7000122070312,522.7000122070312,106.00000000000165,active,
1.0,47.028,47.063,990.2000122070312,515.2000122070312,35.000000000003695,active,
1.0,47.074,47.932,986.5999755859375,575.0999755859375,858.0000000000041,active,
1.0,47.945,48.471,1020.2000122070312,586.7999877929688,525.9999999999962,active,
1.0,48.48,48.723,1038.199951171875,601.5,243.0000000000021,active,
1.0,48.748,49.064,905.4000244140625,603.2000122070312,316.0000000000025,active,
1.0,49.077,49.969,858.5999755859375,609.2000122070312,892.000000000003,active,
1.0,49.986,50.377,792.7999877929688,642.4000244140625,391.00000000000534,active,
1.0,50.39,51.989,849.5,610.7999877929688,1598.9999999999966,active,
1.0,51.999,52.616,817.5,622.2000122070312,616.9999999999973,active,
1.0,52.801,53.927,862.7000122070312,606.4000244140625,1125.9999999999977,active,
1.0,53.942,54.411,894.7999877929688,603.5999755859375,469.0000000000012,active,
1.0,54.422,55.417,855.7000122070312,613.4000244140625,995.0000000000045,active,
1.0,55.457,55.742,739.5999755859375,396.79998779296875,284.9999999999966,active,
1.0,55.98,56.172,833.7000122070312,521.7999877929688,192.00000000000017,active,
1.0,56.188,56.448,849.5999755859375,570.2000122070312,259.999999999998,active,
1.0,56.459,57.232,865.2000122070312,597.2999877929688,772.9999999999961,active,
1.0,57.257,57.563,734.5,528.4000244140625,306.0000000000045,active,
1.0,57.591,57.962,561.7999877929688,542.0,371.0000000000022,active,
1.0,58.169,58.338,814.7000122070312,595.5999755859375,169.00000000000404,active,
1.0,58.346,59.009,836.0,586.7000122070312,663.0000000000039,active,
1.0,59.046,59.33,1002.0999755859375,668.2999877929688,283.9999999999989,active,
1.0,59.355,59.535,886.5999755859375,726.5999755859375,179.99999999999972,active,
1.0,59.562,59.93,760.0,741.9000244140625,368.0000000000021,active,
1.0,59.959,60.959,855.5999755859375,610.5,1000.0,active,
1.0,61.001,61.248,548.2999877929688,716.4000244140625,246.9999999999999,active,
1.0,61.29,61.582,858.0,615.4000244140625,292.0000000000016,active,
1.0,61.804,62.055,805.7999877929688,600.5,250.99999999999767,active,
1.0,62.094,62.4,517.9000244140625,738.5,305.9999999999974,active,
1.0,62.408,62.479,490.70001220703125,710.0,70.99999999999795,active,
1.0,62.525,64.043,857.0999755859375,599.5,1518.0000000000077,active,
1.0,64.076,64.772,981.9000244140625,591.5999755859375,696.0000000000122,active,
1.0,64.799,65.081,1094.4000244140625,662.9000244140625,281.9999999999965,active,
1.0,65.316,65.397,981.5999755859375,574.0,81.00000000000307,active,
1.0,65.421,65.552,862.2000122070312,618.4000244140625,131.00000000000023,active,
1.0,65.562,65.773,826.0999755859375,629.4000244140625,210.99999999999852,active,
1.0,65.8,66.12,940.5,570.9000244140625,320.0000000000074,active,
1.0,66.146,66.49,878.9000244140625,686.7999877929688,343.9999999999941,active,
1.0,66.513,66.771,788.9000244140625,621.0,257.99999999999557,active,
1.0,66.798,67.129,931.5,685.9000244140625,331.00000000000307,active,
1.0,67.141,67.257,895.4000244140625,679.4000244140625,115.99999999999966,active,
1.0,67.279,67.445,857.5999755859375,573.7000122070312,165.99999999999682,active,
1.0,67.456,68.01,859.2000122070312,595.0,554.000000000002,active,
1.0,68.059,68.377,1215.800048828125,677.7999877929688,317.99999999999784,active,
1.0,68.413,68.571,1399.199951171875,652.7000122070312,158.00000000000125,active,
1.0,68.623,68.762,934.9000244140625,651.0,138.9999999999958,active,
1.0,68.805,69.12,606.7999877929688,713.4000244140625,314.9999999999977,active,
1.0,69.35,69.383,942.2000122070312,536.0,33.00000000000125,active,
1.0,69.393,69.439,943.5,587.4000244140625,45.99999999999227,active,
1.0,69.462,70.176,846.5999755859375,616.7999877929688,713.9999999999986,active,
1.0,70.211,70.362,1026.9000244140625,667.5999755859375,150.99999999999625,active,
1.0,70.418,70.728,611.0,539.4000244140625,309.99999999998806,active,
1.0,70.76,70.902,774.2999877929688,579.2999877929688,141.9999999999959,active,
1.0,70.922,71.446,843.2999877929688,603.2999877929688,524.0000000000009,active,
1.0,71.454,71.724,809.4000244140625,589.5,270.00000000001023,active,
1.0,71.734,72.161,855.4000244140625,594.2999877929688,427.0000000000067,active,
1.0,72.187,72.567,802.7000122070312,692.0999755859375,379.99999999999545,active,
1.0,72.589,72.784,882.7000122070312,744.7999877929688,195.0000000000074,active,
1.0,72.812,73.033,733.0999755859375,777.5,221.00000000000364,active,
1.0,73.06,73.199,604.2000122070312,771.7000122070312,138.9999999999958,active,
1.0,73.676,74.114,1106.4000244140625,617.5,438.0000000000024,active,
1.0,74.157,74.816,765.4000244140625,663.0999755859375,659.000000000006,active,
1.0,74.839,75.216,656.9000244140625,638.0,376.99999999999534,active,
1.0,75.24,75.502,748.7999877929688,638.5999755859375,262.00000000000045,active,
1.0,75.523,75.894,822.2999877929688,630.9000244140625,371.0000000000093,active,
1.0,75.904,76.126,853.7999877929688,604.2999877929688,222.0000000000084,active,
1.0,76.147,77.23,829.5999755859375,643.2999877929688,1082.9999999999984,active,
1.0,77.487,78.472,846.2000122070312,621.0,984.9999999999994,active,
1.0,78.497,78.802,775.2000122070312,710.7999877929688,305.0000000000068,active,
1.0,78.822,81.098,854.4000244140625,624.2999877929688,2275.9999999999964,active,
1.0,81.107,81.14,841.2999877929688,616.4000244140625,33.00000000000125,,
1.0,81.341,81.436,862.4000244140625,558.5,95.00000000001307,,
1.0,81.453,82.01,844.0,618.7000122070312,557.0000000000022,,
1.0,82.094,82.27,439.29998779296875,781.0999755859375,176.00000000000193,active,
1.0,82.32,83.046,842.4000244140625,609.7999877929688,726.0000000000133,active,
1.0,83.072,83.388,760.7000122070312,703.7999877929688,316.0000000000025,active,
1.0,83.429,83.549,1016.2000122070312,615.2999877929688,120.00000000000455,active,
1.0,83.577,83.888,1022.7999877929688,447.29998779296875,311.00000000000705,active,
1.0,83.929,84.103,762.4000244140625,457.70001220703125,173.99999999999238,active,
1.0,84.146,84.335,500.70001220703125,485.79998779296875,188.99999999999295,active,
1.0,84.37,84.583,695.7000122070312,512.7999877929688,212.99999999999386,active,
1.0,84.619,84.902,860.4000244140625,570.7999877929688,283.00000000000125,active,
1.0,84.91,85.515,857.7999877929688,610.0,605.000000000004,active,
1.0,85.541,85.753,943.2999877929688,677.0,212.0000000000033,active,
1.0,86.026,86.104,962.9000244140625,646.2999877929688,78.00000000000296,active,
1.0,86.15,86.348,529.0,677.0,197.9999999999933,active,
1.0,86.378,86.592,361.1000061035156,690.2999877929688,213.99999999999864,active,
1.0,86.637,87.293,761.2999877929688,673.5,656.0000000000059,active,
1.0,87.314,87.79,844.5999755859375,662.5,476.0000000000133,active,
1.0,87.814,88.035,715.0999755859375,636.7000122070312,221.00000000000364,active,
1.0,88.069,88.277,885.4000244140625,581.7000122070312,207.9999999999984,active,
1.0,88.31,88.534,724.5999755859375,590.4000244140625,224.00000000000375,active,
1.0,88.731,89.053,722.7000122070312,577.7999877929688,322.00000000000273,active,
1.0,89.079,89.261,622.0,468.3999938964844,182.00000000000216,active,
1.0,89.279,89.459,619.2999877929688,410.5,180.00000000000682,active,
1.0,89.498,89.751,765.4000244140625,617.9000244140625,253.0000000000001,active,
1.0,89.768,90.478,843.5999755859375,610.2999877929688,709.9999999999937,active,
1.0,90.487,91.448,879.2999877929688,591.2000122070312,960.9999999999985,active,
1.0,91.472,91.643,789.5999755859375,632.2999877929688,171.00000000000648,active,
1.0,91.679,92.027,677.2999877929688,779.5999755859375,347.999999999999,active,
1.0,92.07,92.348,824.2000122070312,591.5,278.0000000000058,active,
1.0,92.362,92.718,876.0999755859375,586.7000122070312,356.00000000000875,active,
1.0,92.84,92.899,860.0,562.9000244140625,58.9999999999975,active,
1.0,92.91,93.243,862.9000244140625,591.2999877929688,332.9999999999984,active,
1.0,93.275,93.516,1031.0,583.9000244140625,240.99999999999966,active,
1.0,93.537,93.823,960.4000244140625,513.7000122070312,285.99999999998715,active,
1.0,93.84,94.186,908.9000244140625,499.6000061035156,346.00000000000364,active,
1.0,94.201,94.449,975.2999877929688,516.5999755859375,248.00000000000466,active,
1.0,94.472,94.84,1050.300048828125,550.5999755859375,368.0000000000092,active,
1.0,94.856,95.167,968.7999877929688,559.2000122070312,311.00000000000705,active,
1.0,95.209,95.391,1219.300048828125,471.5,182.00000000000216,active,
1.0,95.407,95.643,1285.199951171875,461.79998779296875,236.0000000000042,active,
1.0,95.653,95.936,1307.9000244140625,444.70001220703125,283.00000000000125,active,
1.0,95.945,96.727,1282.9000244140625,442.29998779296875,782.0000000000107,active,
1.0,97.018,97.653,1176.800048828125,458.5,635.0000000000051,active,
1.0,97.695,98.081,887.0,503.79998779296875,386.0000000000099,active,
1.0,98.105,98.308,809.5,627.2999877929688,203.00000000000296,active,
1.0,98.348,98.606,1036.199951171875,640.5,257.99999999999557,active,
1.0,98.634,98.812,881.5,666.9000244140625,177.99999999999727,active,
1.0,98.85,99.737,688.5,568.7999877929688,887.0000000000005,active,
1.0,99.762,100.054,789.7000122070312,547.0,292.0000000000016,active,
1.0,100.096,100.565,1023.5999755859375,529.7999877929688,468.9999999999941,active,
1.0,100.588,100.816,931.5,552.4000244140625,228.00000000000864,active,
1.0,100.851,101.037,1106.800048828125,580.5999755859375,186.00000000000705,active,
1.0,101.076,101.329,1352.5,614.5,253.0000000000001,active,
1.0,101.592,101.638,1187.5999755859375,490.70001220703125,46.00000000000648,active,
1.0,101.648,101.87,1185.199951171875,521.9000244140625,222.0000000000084,active,
1.0,101.912,102.233,937.2000122070312,578.2999877929688,320.99999999999795,active,
1.0,102.269,102.586,828.5999755859375,695.5,316.99999999999307,active,
1.0,102.595,102.957,847.7000122070312,677.0999755859375,361.99999999999477,active,
1.0,102.982,103.072,789.7999877929688,522.2000122070312,90.00000000000341,active,
1.0,103.097,103.332,719.2000122070312,427.3999938964844,234.99999999999943,active,
1.0,103.385,103.699,928.7000122070312,730.7000122070312,313.99999999999295,active,
1.0,103.72,103.959,900.0,619.0999755859375,239.00000000000432,active,
1.0,103.976,104.357,812.5,622.2000122070312,381.0000000000002,active,
1.0,104.371,104.519,862.0,630.2000122070312,148.00000000001035,active,
1.0,104.554,104.72,847.7999877929688,395.79998779296875,165.99999999999682,active,
1.0,104.772,104.862,1127.800048828125,354.70001220703125,89.9999999999892,active,
1.0,104.893,105.262,1299.5999755859375,367.79998779296875,368.9999999999998,active,
1.0,105.283,106.082,1280.5,433.8999938964844,798.9999999999924,active,
1.0,106.129,106.341,968.0,486.5,211.9999999999891,active,
1.0,106.362,106.77,870.7999877929688,509.70001220703125,408.00000000000125,active,
1.0,106.797,106.99,917.9000244140625,626.7999877929688,192.99999999999784,active,
1.0,107.017,107.32,840.7000122070312,726.4000244140625,302.99999999999727,active,
1.0,107.353,107.645,707.5999755859375,751.7999877929688,292.0000000000016,active,
1.0,107.668,108.118,778.5,668.5,449.99999999998863,active,
1.0,108.135,108.32,849.0999755859375,673.7000122070312,184.99999999998806,active,
1.0,108.619,108.645,1125.5999755859375,601.5999755859375,25.99999999999625,active,
1.0,108.656,109.379,1128.699951171875,638.2000122070312,722.999999999999,active,
1.0,109.412,109.724,951.0999755859375,682.5,311.9999999999976,active,
1.0,109.75,109.919,842.7000122070312,684.9000244140625,168.99999999999693,active,
1.0,109.954,111.375,837.5999755859375,616.2999877929688,1421.0000000000064,,
1.0,111.4,111.518,971.7000122070312,588.0999755859375,117.999999999995,active,
1.0,111.536,111.792,1025.4000244140625,568.4000244140625,256.0000000000002,active,
1.0,111.814,112.028,1017.5999755859375,668.0,214.00000000001285,active,
1.0,112.043,112.582,1010.2999877929688,623.7000122070312,538.9999999999873,active,
1.0,112.593,112.831,1048.300048828125,608.7000122070312,237.99999999999955,active,
1.0,112.875,113.312,805.7000122070312,578.0999755859375,436.9999999999976,active,
1.0,113.326,113.85,862.5,596.7000122070312,524.0000000000009,active,
1.0,113.875,114.429,952.5999755859375,572.9000244140625,554.000000000002,active,
1.0,114.456,114.656,820.2000122070312,523.0999755859375,200.00000000000284,active,
1.0,114.702,114.868,1064.9000244140625,385.6000061035156,165.99999999999682,active,
1.0,114.906,115.053,1299.5,414.79998779296875,146.99999999999136,active,
1.0,115.239,115.278,1175.800048828125,463.8999938964844,39.00000000000148,active,
1.0,115.294,115.42,1173.5,485.0,126.00000000000477,active,
1.0,115.431,115.686,1124.199951171875,507.3999938964844,255.00000000000966,active,
1.0,115.723,115.986,970.9000244140625,516.2999877929688,263.00000000000523,active,
1.0,116.003,116.29,910.5,551.7999877929688,287.00000000000614,active,
1.0,116.324,116.579,1098.300048828125,630.4000244140625,254.99999999999545,active,
1.0,116.615,116.936,917.5,626.5,321.00000000001216,active,
1.0,116.962,117.262,974.5999755859375,503.3999938964844,299.99999999999716,active,
1.0,117.272,117.584,991.7999877929688,540.4000244140625,311.9999999999976,active,
1.0,117.615,117.795,1183.800048828125,541.4000244140625,180.00000000000682,active,
1.0,117.82,118.162,1273.9000244140625,535.9000244140625,342.00000000001296,active,
1.0,118.207,118.41,908.7999877929688,645.9000244140625,203.00000000000296,active,
1.0,118.441,118.668,876.9000244140625,820.4000244140625,227.00000000000387,active,
1.0,118.71,118.887,587.7999877929688,857.7000122070312,177.0000000000067,active,
1.0,118.913,119.101,524.5,728.0,188.0000000000024,active,
1.0,119.143,119.517,261.5,664.0,373.9999999999952,active,
1.0,119.602,119.808,944.5,495.8999938964844,206.00000000000307,active,
1.0,119.831,119.963,870.5,566.7999877929688,131.9999999999908,active,
1.0,119.981,120.171,847.0999755859375,608.5999755859375,190.00000000001194,active,
1.0,120.193,120.864,917.2999877929688,559.5999755859375,671.0000000000065,active,
1.0,120.879,121.19,863.7999877929688,563.0,310.99999999999284,active,
1.0,121.203,121.451,916.0,563.4000244140625,247.99999999999045,active,
1.0,121.466,121.711,849.2999877929688,578.5999755859375,245.00000000000455,active,
1.0,121.726,122.367,910.7999877929688,581.5,641.0000000000053,active,
1.0,122.38,122.879,848.2999877929688,577.0,499.00000000000944,active,
1.0,122.913,123.162,1009.7000122070312,599.2999877929688,249.00000000000944,active,
1.0,123.19,123.399,848.9000244140625,650.4000244140625,209.00000000000318,active,
1.0,123.438,123.553,594.2000122070312,613.7999877929688,114.99999999999488,active,
1.0,123.598,123.85,768.4000244140625,357.20001220703125,251.99999999999534,active,
1.0,124.015,124.054,899.7000122070312,397.70001220703125,39.00000000000148,active,
1.0,124.061,124.144,906.5999755859375,429.20001220703125,82.99999999999841,active,
1.0,124.17,124.454,863.0999755859375,519.5999755859375,283.9999999999918,active,
1.0,124.474,124.889,843.0999755859375,575.9000244140625,414.99999999999204,active,
1.0,124.927,125.144,1036.699951171875,425.6000061035156,216.99999999999875,active,
1.0,125.189,125.426,594.0,514.4000244140625,237.00000000000898,active,
1.0,125.436,125.685,558.5,516.2000122070312,248.99999999999523,active,
1.0,125.738,126.303,1039.199951171875,434.70001220703125,564.9999999999977,active,
1.0,126.344,126.555,858.0999755859375,553.7999877929688,211.00000000001273,active,
1.0,126.568,126.805,836.5,585.7999877929688,237.00000000000898,active,
1.0,126.821,127.061,907.5999755859375,565.5,240.0000000000091,active,
1.0,127.088,127.341,745.2000122070312,522.7999877929688,253.0000000000001,active,
1.0,127.391,127.665,1131.4000244140625,584.9000244140625,274.0000000000009,active,
1.0,127.717,127.956,777.5999755859375,590.5999755859375,239.00000000000432,active,
1.0,127.997,128.348,513.9000244140625,612.2999877929688,351.0000000000133,active,
1.0,128.519,128.664,919.7999877929688,578.2999877929688,144.9999999999818,active,
1.0,128.678,129.143,864.7999877929688,586.9000244140625,465.0000000000034,active,
1.0,129.189,129.403,1085.5999755859375,531.4000244140625,213.99999999999864,active,
1.0,129.433,129.638,1201.199951171875,354.20001220703125,205.0000000000125,active,
1.0,129.686,129.935,842.7000122070312,530.4000244140625,248.99999999999523,active,
1.0,129.969,130.259,647.5,545.9000244140625,289.99999999999204,active,
1.0,130.285,130.402,552.5,580.5,116.99999999999022,active,
1.0,130.411,130.522,850.5,625.9000244140625,110.99999999999,,
1.0,130.547,130.812,788.2000122070312,431.70001220703125,265.0000000000148,,
1.0,130.85,131.941,847.0,611.2000122070312,1091.0000000000082,,
1.0,131.978,132.117,771.4000244140625,324.20001220703125,138.99999999998158,constant,
1.0,132.139,132.735,850.0999755859375,249.0,596.0000000000036,constant,
1.0,132.776,133.099,544.5999755859375,265.8999938964844,322.9999999999791,constant,
1.0,133.145,133.553,901.9000244140625,243.89999389648438,407.99999999998704,constant,
1.0,133.595,134.006,545.7999877929688,237.1999969482422,411.00000000000136,constant,
1.0,134.019,134.159,595.5,267.20001220703125,139.99999999998636,constant,
1.0,134.374,134.497,1034.5999755859375,225.6999969482422,123.00000000001887,constant,
1.0,134.533,135.103,1224.5,258.6000061035156,570.0000000000216,constant,
1.0,135.114,135.548,1253.800048828125,266.6000061035156,433.9999999999975,constant,
1.0,135.588,135.74,932.7000122070312,231.6999969482422,152.00000000001523,constant,
1.0,135.756,136.003,882.2000122070312,198.39999389648438,246.99999999998568,constant,
1.0,136.062,136.22,966.7000122070312,618.2999877929688,157.99999999998704,constant,
1.0,136.264,136.503,1303.800048828125,695.5,238.9999999999759,constant,
1.0,136.527,136.754,1326.9000244140625,631.7000122070312,227.00000000000387,constant,
1.0,136.789,136.987,1291.699951171875,409.70001220703125,198.0000000000075,constant,
1.0,137.013,137.24,1237.800048828125,264.8999938964844,227.00000000000387,constant,
1.0,137.417,138.336,1217.9000244140625,264.8999938964844,919.0000000000111,constant,
1.0,138.376,138.649,876.7000122070312,261.5,272.99999999999613,constant,
1.0,138.668,138.911,856.9000244140625,202.6999969482422,242.999999999995,constant,
1.0,138.953,139.401,569.7000122070312,244.8000030517578,448.0000000000075,constant,
1.0,139.467,139.829,931.2000122070312,668.9000244140625,361.99999999999477,constant,
1.0,139.851,140.17,887.9000244140625,781.5,318.9999999999884,constant,
1.0,140.374,140.868,906.2999877929688,429.5,493.9999999999998,constant,
1.0,140.898,141.096,734.7999877929688,473.3999938964844,198.0000000000075,constant,
1.0,141.161,141.405,462.70001220703125,719.2999877929688,243.99999999999977,constant,
1.0,141.484,141.885,683.5,236.5,400.99999999998204,constant,
1.0,141.93,142.176,882.7999877929688,424.20001220703125,245.9999999999809,constant,
1.0,142.203,142.383,913.5999755859375,256.0,180.00000000000682,constant,
1.0,142.572,142.659,1002.5,200.5,86.99999999998909,constant,
1.0,142.705,142.926,1371.300048828125,195.5,220.99999999997522,constant,
1.0,142.985,143.195,854.5999755859375,241.3000030517578,209.99999999997954,constant,
1.0,143.214,143.465,849.7000122070312,206.39999389648438,251.00000000000477,constant,
1.0,143.517,143.724,901.7999877929688,446.20001220703125,206.99999999999363,constant,
1.0,143.751,143.905,887.2000122070312,580.7999877929688,153.99999999999636,constant,
1.0,143.945,144.071,663.2999877929688,344.79998779296875,126.00000000000477,constant,
1.0,144.277,144.468,561.2000122070312,238.39999389648438,191.0000000000025,constant,
1.0,144.508,144.835,861.5999755859375,213.6999969482422,326.9999999999982,constant,
1.0,144.877,145.126,1175.5999755859375,236.8000030517578,248.99999999999523,constant,
1.0,145.144,145.3,1238.300048828125,248.6999969482422,156.0000000000059,constant,
1.0,145.535,145.794,1048.0,327.8999938964844,259.00000000001455,constant,
1.0,145.816,146.113,920.5999755859375,429.29998779296875,296.99999999999704,constant,
1.0,146.145,146.417,761.2999877929688,528.2000122070312,271.99999999999136,constant,
1.0,146.453,146.645,637.5999755859375,308.20001220703125,192.00000000000728,constant,
1.0,146.666,146.983,573.9000244140625,223.6999969482422,317.0000000000073,constant,
1.0,147.214,147.449,572.7000122070312,219.39999389648438,235.00000000001364,constant,
1.0,147.495,147.699,890.7999877929688,216.89999389648438,204.00000000000773,constant,
1.0,147.71,148.177,891.7000122070312,184.39999389648438,466.99999999998454,constant,
1.0,148.227,148.468,1223.9000244140625,248.1999969482422,240.99999999998545,constant,
1.0,148.722,148.931,1250.199951171875,292.79998779296875,209.00000000000318,constant,
1.0,148.951,149.236,1249.0999755859375,225.39999389648438,284.9999999999966,constant,
1.0,149.288,149.504,884.5999755859375,207.39999389648438,215.99999999997976,constant,
1.0,149.517,149.767,862.4000244140625,182.60000610351562,250.0,constant,
1.0,149.829,149.99,542.0999755859375,278.8999938964844,161.00000000000136,constant,
1.0,150.24,150.418,482.29998779296875,320.1000061035156,177.99999999999727,constant,
1.0,150.473,150.58,879.0,525.9000244140625,106.99999999999932,constant,
1.0,150.929,151.755,840.2999877929688,622.2000122070312,825.9999999999934,,
1.0,151.816,151.92,458.5,704.2999877929688,103.999999999985,constant,
1.0,151.97,152.191,56.0,788.0,221.00000000000364,constant,
1.0,152.254,152.377,792.0999755859375,636.0999755859375,123.00000000001887,constant,
1.0,152.398,153.047,866.2000122070312,603.4000244140625,649.0000000000009,constant,
1.0,153.073,153.369,767.5999755859375,672.5,295.99999999999227,constant,
1.0,153.381,153.585,795.0999755859375,624.5999755859375,204.00000000000773,constant,
1.0,153.609,153.757,845.9000244140625,554.7999877929688,147.99999999999613,constant,
1.0,153.993,154.187,865.2000122070312,563.7000122070312,194.00000000001683,constant,
1.0,154.228,154.39,1100.0,557.0,161.99999999997772,constant,
1.0,154.418,154.794,922.0999755859375,600.0,376.0000000000048,constant,
1.0,154.84,154.947,1254.4000244140625,516.5,106.99999999999932,constant,
1.0,154.973,155.244,1324.4000244140625,431.3999938964844,270.9999999999866,constant,
1.0,155.291,155.515,958.7999877929688,537.2999877929688,223.99999999998954,constant,
1.0,155.541,155.808,873.7999877929688,632.9000244140625,266.9999999999959,constant,
1.0,155.865,156.077,602.0,721.7999877929688,211.9999999999891,constant,
1.0,156.122,156.261,910.9000244140625,598.5,138.99999999998158,constant,
1.0,156.498,156.849,814.7999877929688,551.5,350.9999999999991,constant,
1.0,157.191,157.535,900.7999877929688,619.4000244140625,343.9999999999941,constant,
1.0,157.552,157.911,886.0,580.9000244140625,359.00000000000887,constant,
1.0,157.967,158.275,1215.300048828125,598.5999755859375,307.9999999999927,constant,
1.0,158.311,158.532,1011.7999877929688,587.2999877929688,221.00000000000364,constant,
1.0,158.57,158.842,1228.9000244140625,672.5999755859375,272.0000000000198,constant,
1.0,159.084,159.14,946.0,510.70001220703125,55.999999999983174,constant,
1.0,159.148,159.313,957.0999755859375,544.9000244140625,164.99999999999204,constant,
1.0,159.347,159.578,748.9000244140625,538.0,230.99999999999454,constant,
1.0,159.635,159.819,335.5,707.7000122070312,183.9999999999975,constant,
1.0,159.847,159.915,222.60000610351562,795.2999877929688,67.99999999998363,constant,
1.0,160.172,160.211,928.0999755859375,508.5,39.00000000001569,constant,
1.0,160.223,160.336,931.4000244140625,547.2000122070312,112.99999999999955,constant,
1.0,160.387,160.519,1344.9000244140625,503.70001220703125,132.000000000005,constant,
1.0,160.549,160.951,1510.9000244140625,414.5,401.9999999999868,constant,
1.0,160.999,161.452,1168.0999755859375,436.29998779296875,453.00000000000296,constant,
1.0,161.482,161.825,990.7999877929688,392.79998779296875,342.9999999999893,constant,
1.0,161.853,162.069,869.4000244140625,376.20001220703125,215.99999999997976,constant,
1.0,162.111,162.26,546.4000244140625,410.29998779296875,149.0000000000009,constant,
1.0,162.494,162.544,900.5999755859375,495.8999938964844,50.00000000001137,constant,
1.0,162.556,162.765,901.0,533.9000244140625,208.99999999997476,constant,
1.0,162.788,163.292,866.7999877929688,596.5999755859375,503.9999999999907,constant,
1.0,163.338,163.729,1056.300048828125,504.70001220703125,391.00000000001955,constant,
1.0,163.756,163.985,1170.699951171875,589.5,229.00000000001342,constant,
1.0,164.274,164.32,980.5,588.0,45.99999999999227,constant,
1.0,164.337,164.469,981.2000122070312,632.7999877929688,132.000000000005,constant,
1.0,164.52,165.048,671.2999877929688,633.7000122070312,527.9999999999916,constant,
1.0,165.068,165.317,579.0,627.7000122070312,248.99999999999523,constant,
1.0,165.344,165.566,474.29998779296875,478.29998779296875,222.0000000000084,constant,
1.0,165.621,165.922,862.2999877929688,419.3999938964844,300.9999999999877,constant,
1.0,166.168,166.439,874.5,346.29998779296875,270.9999999999866,constant,
1.0,166.479,167.228,1097.9000244140625,347.0,748.9999999999952,constant,
1.0,167.271,167.335,874.0,380.3999938964844,64.00000000002137,constant,
1.0,167.774,168.052,872.5999755859375,387.1000061035156,277.9999999999916,constant,
1.0,168.08,168.318,940.7999877929688,520.7000122070312,237.99999999999955,constant,
1.0,168.365,168.516,1088.4000244140625,672.7999877929688,150.99999999998204,constant,
1.0,168.75,169.019,882.0,514.0,269.00000000000546,constant,
1.0,169.044,169.438,879.9000244140625,411.0,393.99999999997704,constant,
1.0,169.464,169.63,868.2000122070312,510.29998779296875,165.99999999999682,constant,
1.0,169.911,169.975,885.0,475.70001220703125,63.99999999999295,constant,
1.0,169.986,170.305,884.4000244140625,521.7000122070312,319.0000000000168,constant,
1.0,170.329,170.759,800.5,583.9000244140625,429.9999999999784,constant,
1.0,170.796,170.942,780.4000244140625,750.0,146.000000000015,constant,
1.0,171.218,171.271,933.4000244140625,549.9000244140625,52.99999999999727,constant,
1.0,171.288,171.49,935.0,596.4000244140625,201.99999999999818,constant,
1.0,171.511,171.822,895.4000244140625,510.0,311.00000000000705,constant,
1.0,171.86,172.049,622.4000244140625,518.5999755859375,188.99999999999295,constant,
1.0,172.076,172.449,493.0,559.5,373.0000000000189,constant,
1.0,172.476,172.736,539.5,719.4000244140625,259.9999999999909,constant,
1.0,172.793,172.819,1001.0,695.7999877929688,25.999999999982037,constant,
1.0,173.129,173.194,1134.300048828125,518.7999877929688,64.99999999999773,constant,
1.0,173.21,173.287,1133.199951171875,558.7999877929688,76.99999999999818,constant,
1.0,173.315,173.537,1264.9000244140625,476.3999938964844,222.0000000000084,constant,
1.0,173.562,173.899,1371.5999755859375,420.6000061035156,336.9999999999891,constant,
1.0,173.918,174.365,1306.0,407.70001220703125,447.00000000000273,constant,
1.0,174.71,174.717,1280.300048828125,652.0999755859375,7.000000000005002,constant,
1.0,174.761,174.811,1273.199951171875,680.9000244140625,50.00000000001137,constant,
1.0,174.858,174.999,876.7999877929688,630.2999877929688,140.99999999999113,constant,
1.0,175.285,175.32,707.0,439.3999938964844,34.99999999999659,constant,
1.0,175.33,175.607,700.9000244140625,490.79998779296875,276.9999999999868,constant,
1.0,175.632,175.836,829.4000244140625,419.20001220703125,204.00000000000773,constant,
1.0,175.852,175.998,846.9000244140625,353.0,145.99999999998658,constant,
1.0,176.235,176.279,855.7999877929688,308.1000061035156,43.99999999998272,constant,
1.0,176.288,176.475,854.7000122070312,352.0,186.9999999999834,constant,
1.0,176.508,176.764,1002.7999877929688,482.79998779296875,256.0000000000002,constant,
1.0,176.816,177.049,1359.9000244140625,505.1000061035156,233.0000000000041,constant,
1.0,177.101,177.467,1310.4000244140625,863.0,366.00000000001387,constant,
1.0,177.495,177.622,1213.300048828125,729.2999877929688,127.00000000000955,constant,
1.0,178.515,178.709,1043.4000244140625,456.6000061035156,194.00000000001683,constant,
1.0,178.982,179.03,534.0,513.2000122070312,48.00000000000182,constant,
1.0,179.037,179.19,528.5,558.5,152.9999999999916,constant,
1.0,179.522,179.543,792.4000244140625,466.29998779296875,21.000000000015007,constant,
1.0,179.55,179.758,792.0999755859375,509.0,207.9999999999984,constant,
1.0,179.802,179.928,1144.699951171875,454.20001220703125,126.00000000000477,constant,
1.0,180.275,180.303,1137.0999755859375,524.0,27.999999999991587,constant,
1.0,180.314,180.754,1135.699951171875,565.7000122070312,439.9999999999977,constant,
1.0,180.79,181.208,871.9000244140625,596.2999877929688,418.00000000000637,constant,
1.0,181.225,181.567,835.7000122070312,569.9000244140625,342.00000000001296,constant,
1.0,181.877,181.953,859.9000244140625,456.8999938964844,75.9999999999934,constant,
1.0,181.959,182.275,859.9000244140625,496.6000061035156,316.0000000000025,constant,
1.0,182.566,183.81,763.7999877929688,429.20001220703125,1243.9999999999998,constant,
1.0,184.224,184.392,983.9000244140625,421.20001220703125,168.00000000000637,constant,
1.0,184.431,184.698,1252.300048828125,417.5,266.9999999999959,constant,
1.0,184.977,185.063,944.7000122070312,566.9000244140625,85.99999999998431,constant,
1.0,185.08,185.398,944.5999755859375,593.5,317.99999999998363,constant,
1.0,185.438,185.567,962.2000122070312,704.5,129.0000000000191,constant,
1.0,185.643,185.873,1157.9000244140625,709.2999877929688,229.99999999998977,constant,
1.0,186.534,186.638,1151.0,583.0,104.00000000001342,constant,
1.0,186.895,187.11,792.0,694.2000122070312,215.0000000000034,constant,
1.0,187.164,187.427,367.79998779296875,757.0,263.00000000000523,constant,
1.0,187.453,188.579,224.89999389648438,742.9000244140625,1126.0000000000048,constant,
1.0,188.87,189.023,178.10000610351562,669.4000244140625,152.9999999999916,constant,
1.0,189.033,189.102,209.0,725.0999755859375,69.00000000001683,constant,
1.0,189.111,189.202,846.0,600.7999877929688,91.00000000000819,,
1.0,189.517,190.13,861.4000244140625,603.5999755859375,612.9999999999995,,
1.0,190.214,190.538,1615.5999755859375,504.29998779296875,324.0000000000123,constant,
1.0,190.832,190.947,855.4000244140625,564.7000122070312,115.0000000000091,constant,
1.0,190.983,191.288,759.7999877929688,675.2999877929688,305.0000000000068,constant,
1.0,191.331,191.695,945.5999755859375,812.5999755859375,364.0000000000043,constant,
1.0,191.737,191.932,640.0,795.4000244140625,194.99999999999318,constant,
1.0,191.982,192.256,214.39999389648438,901.4000244140625,274.0000000000009,constant,
1.0,192.558,192.834,625.4000244140625,519.2999877929688,276.00000000001046,constant,
1.0,192.89,192.988,989.9000244140625,547.0999755859375,98.00000000001319,constant,
1.0,193.055,193.38,1462.5999755859375,626.4000244140625,324.99999999998863,constant,
1.0,193.424,193.734,1313.9000244140625,770.4000244140625,310.0000000000023,constant,
1.0,193.79,194.078,769.4000244140625,735.2000122070312,288.0000000000109,constant,
1.0,194.119,194.395,513.0999755859375,787.5,276.00000000001046,constant,
1.0,194.445,194.592,813.7999877929688,861.0999755859375,147.00000000001978,constant,
1.0,194.832,195.077,874.5999755859375,496.0,245.00000000000455,constant,
1.0,195.145,195.262,1469.199951171875,483.6000061035156,116.99999999999022,constant,
1.0,195.3,195.596,1378.5,236.10000610351562,295.99999999999227,constant,
1.0,195.68,195.82,405.8999938964844,317.3999938964844,139.99999999998636,constant,
1.0,195.853,196.015,128.6999969482422,326.79998779296875,161.99999999997772,constant,
1.0,196.109,196.323,243.5,960.7000122070312,213.99999999999864,constant,
1.0,196.41,196.709,1183.5999755859375,999.7999877929688,299.0000000000066,constant,
1.0,197.434,197.527,818.7999877929688,540.2000122070312,92.99999999998931,constant,
1.0,197.537,197.648,824.4000244140625,592.5,110.99999999999,constant,
1.0,197.668,198.362,793.4000244140625,686.2000122070312,693.9999999999884,constant,
1.0,198.379,198.842,829.7999877929688,703.9000244140625,463.0000000000223,constant,
1.0,199.201,199.37,875.5999755859375,614.7999877929688,169.00000000001114,constant,
1.0,199.381,199.95,862.0999755859375,661.5999755859375,568.9999999999884,constant,
1.0,199.992,200.319,1034.4000244140625,791.9000244140625,326.9999999999982,constant,
1.0,200.827,200.901,813.0,592.7999877929688,74.00000000001228,constant,
1.0,200.91,201.143,811.2000122070312,654.0,233.0000000000041,constant,
1.0,201.164,201.495,870.2000122070312,660.4000244140625,331.0000000000173,constant,
1.0,201.517,201.837,728.2999877929688,583.2000122070312,319.9999999999932,constant,
1.0,201.862,202.249,654.7999877929688,649.5999755859375,387.00000000000045,constant,
1.0,202.287,202.599,809.5,709.5999755859375,311.9999999999834,constant,
1.0,202.917,203.283,869.7999877929688,755.5,365.99999999998545,constant,
1.0,203.325,203.593,629.7000122070312,752.5999755859375,268.0000000000007,constant,
1.0,203.644,203.928,285.5,827.0999755859375,283.9999999999918,constant,
1.0,203.977,204.434,730.5999755859375,706.5,456.99999999999363,constant,
1.0,204.453,204.698,765.7000122070312,679.5,245.00000000000455,constant,
1.0,205.066,205.806,781.5999755859375,674.2999877929688,740.0000000000091,constant,
1.0,205.841,206.126,885.2999877929688,695.5999755859375,284.9999999999966,constant,
1.0,206.405,206.442,897.7000122070312,627.5,37.00000000000614,constant,
1.0,206.451,208.115,915.5999755859375,687.0,1664.0000000000157,constant,
1.0,208.431,208.475,866.7999877929688,605.0,43.99999999998272,constant,
1.0,208.486,208.94,860.2000122070312,666.5,454.00000000000773,constant,
1.0,208.966,209.442,734.5999755859375,683.2000122070312,475.9999999999991,constant,
1.0,209.735,209.767,825.0999755859375,594.7999877929688,31.999999999982265,constant,
1.0,209.774,211.251,835.0999755859375,651.5,1477.0000000000039,constant,
1.0,211.558,211.591,866.7999877929688,572.0999755859375,33.00000000001546,constant,
1.0,211.599,211.931,867.7999877929688,626.2000122070312,332.00000000002206,constant,
1.0,211.952,212.589,793.2999877929688,626.5999755859375,637.0000000000005,constant,
1.0,212.623,212.698,1013.5,673.7000122070312,75.00000000001705,constant,
1.0,213.011,213.05,826.2000122070312,587.2000122070312,39.00000000001569,constant,
1.0,213.06,213.279,819.7000122070312,643.2000122070312,218.9999999999941,constant,
1.0,213.291,215.559,872.0999755859375,619.2000122070312,2268.000000000001,constant,
1.0,215.918,215.994,857.0999755859375,598.0999755859375,75.9999999999934,constant,
1.0,216.006,217.427,851.2999877929688,648.0999755859375,1420.9999999999923,constant,
1.0,217.802,217.838,858.7999877929688,566.7000122070312,36.000000000001364,constant,
1.0,217.847,218.06,855.7000122070312,615.2000122070312,212.99999999999386,constant,
1.0,218.069,218.42,832.7999877929688,621.5,350.9999999999991,,
1.0,218.747,219.873,853.5999755859375,596.9000244140625,1125.9999999999764,passive,
1.0,219.917,220.197,495.0,614.2999877929688,280.00000000000114,passive,
1.0,220.263,220.452,1181.4000244140625,565.5999755859375,188.99999999999295,passive,
1.0,220.496,220.781,1445.0,521.0999755859375,284.9999999999966,passive,
1.0,220.824,221.208,1105.699951171875,552.2999877929688,383.99999999998613,passive,
1.0,221.228,221.381,1026.5999755859375,554.2999877929688,152.9999999999916,passive,
1.0,221.645,221.683,1057.0999755859375,534.0,37.99999999998249,passive,
1.0,221.7,221.859,1056.5999755859375,585.7999877929688,159.00000000002024,passive,
1.0,221.895,222.466,848.7999877929688,632.0,570.999999999998,passive,
1.0,222.506,222.786,1072.0999755859375,615.0,280.00000000000114,passive,
1.0,222.801,223.446,1111.699951171875,569.7000122070312,645.0000000000102,passive,
1.0,223.489,224.605,853.9000244140625,618.7999877929688,1115.9999999999854,passive,
1.0,224.62,224.981,900.0,626.5999755859375,360.99999999999,passive,
1.0,225.007,225.173,771.4000244140625,616.4000244140625,165.99999999999682,passive,
1.0,225.603,225.664,961.0,508.6000061035156,60.99999999997863,passive,
1.0,225.682,225.736,961.2999877929688,542.0999755859375,54.000000000002046,passive,
1.0,225.759,226.254,853.0999755859375,592.5,495.00000000000455,passive,
1.0,226.523,226.978,841.0999755859375,596.2000122070312,455.0000000000125,passive,
1.0,227.002,227.217,937.7999877929688,544.0999755859375,215.0000000000034,passive,
1.0,227.265,227.44,643.7000122070312,497.70001220703125,175.00000000001137,passive,
1.0,227.477,227.607,451.5,569.7000122070312,129.99999999999545,passive,
1.0,227.654,227.951,897.5,572.9000244140625,296.99999999999704,passive,
1.0,227.972,228.175,824.0,612.7999877929688,203.00000000000296,passive,
1.0,228.184,228.884,846.7000122070312,598.2000122070312,699.9999999999886,passive,
1.0,228.911,229.111,952.7000122070312,666.0999755859375,199.99999999998863,passive,
1.0,229.136,229.38,842.7999877929688,705.2000122070312,243.99999999999977,passive,
1.0,229.407,229.741,723.0999755859375,717.2000122070312,334.0000000000032,passive,
1.0,229.763,229.921,794.7000122070312,659.5,157.99999999998704,passive,
1.0,229.935,230.225,847.2999877929688,667.2000122070312,289.99999999999204,passive,
1.0,230.247,230.691,922.2999877929688,671.0,443.9999999999884,passive,
1.0,230.944,231.031,926.7999877929688,518.9000244140625,87.00000000001751,passive,
1.0,231.061,231.767,1007.2999877929688,354.3999938964844,705.9999999999889,passive,
1.0,231.774,232.018,1038.9000244140625,338.79998779296875,243.99999999999977,passive,
1.0,232.026,232.062,1056.0,343.8999938964844,36.000000000001364,passive,
1.0,232.365,232.564,1028.699951171875,426.0,198.99999999998386,passive,
1.0,232.581,233.086,945.2999877929688,472.79998779296875,505.0000000000239,passive,
1.0,233.126,233.335,996.0,671.5,209.00000000000318,passive,
1.0,233.379,233.65,764.2999877929688,744.7000122070312,271.000000000015,passive,
1.0,233.68,233.906,759.2000122070312,544.5,225.9999999999991,passive,
1.0,233.95,234.311,377.3999938964844,633.5,361.0000000000184,passive,
1.0,234.387,234.606,1032.9000244140625,546.0999755859375,218.9999999999941,passive,
1.0,234.642,235.003,885.0,572.7000122070312,360.99999999999,passive,
1.0,235.264,235.297,643.5999755859375,564.7999877929688,32.99999999998704,passive,
1.0,235.316,235.487,546.4000244140625,560.7999877929688,170.99999999999227,passive,
1.0,235.51,235.685,575.2000122070312,470.6000061035156,175.00000000001137,passive,
1.0,235.74,236.015,993.0999755859375,726.7999877929688,274.99999999997726,passive,
1.0,236.094,236.296,1504.4000244140625,647.0,201.99999999999818,passive,
1.0,236.321,236.951,1484.5999755859375,524.4000244140625,629.9999999999955,passive,
1.0,236.988,237.111,1237.199951171875,574.9000244140625,122.99999999999045,passive,
1.0,237.367,237.399,821.9000244140625,540.0,32.00000000001069,passive,
1.0,237.406,237.859,837.2999877929688,592.0,453.00000000000296,passive,
1.0,237.905,238.121,1186.5999755859375,605.2999877929688,216.00000000000819,passive,
1.0,238.176,238.329,765.5,572.9000244140625,153.00000000002,passive,
1.0,238.614,238.661,595.0999755859375,534.0,46.999999999997044,passive,
1.0,238.67,239.305,831.5999755859375,623.2000122070312,635.0000000000193,,
1.0,239.358,239.514,662.4000244140625,803.7999877929688,156.0000000000059,passive,
1.0,239.578,239.873,252.5,983.5,294.9999999999875,passive,
1.0,239.929,240.119,819.0999755859375,733.5,189.99999999999773,passive,
1.0,240.144,240.474,839.5999755859375,626.5,329.9999999999841,passive,
1.0,240.654,240.718,613.9000244140625,452.5,63.99999999999295,passive,
1.0,240.755,241.151,783.9000244140625,554.5999755859375,396.000000000015,passive,
1.0,241.194,241.359,1079.699951171875,605.2000122070312,165.00000000002046,passive,
1.0,241.396,242.059,1270.0999755859375,663.4000244140625,663.0000000000109,passive,
1.0,242.127,242.369,698.5,617.7999877929688,241.99999999999022,passive,
1.0,242.397,242.45,849.0,575.5,52.99999999999727,passive,
1.0,242.729,242.831,872.0999755859375,600.0999755859375,101.99999999997544,passive,
1.0,242.869,243.156,1089.800048828125,514.7000122070312,287.00000000000614,passive,
1.0,243.189,243.404,1181.699951171875,676.5999755859375,215.0000000000034,passive,
1.0,243.435,244.466,1083.199951171875,488.5,1031.000000000006,passive,
1.0,244.478,244.824,1117.4000244140625,510.1000061035156,346.00000000000364,passive,
1.0,245.097,245.138,1105.9000244140625,518.7000122070312,40.99999999999682,passive,
1.0,245.145,245.402,1112.699951171875,553.7999877929688,256.9999999999766,passive,
1.0,245.453,245.618,692.5999755859375,550.5,164.99999999999204,passive,
1.0,245.643,246.193,615.7999877929688,446.3999938964844,550.0000000000114,passive,
1.0,246.225,246.682,788.0999755859375,469.79998779296875,456.99999999999363,passive,
1.0,246.711,247.059,566.0,473.5,347.99999999998477,passive,
1.0,247.298,247.505,848.0999755859375,484.8999938964844,206.99999999999363,passive,
1.0,247.513,247.836,839.0,527.2999877929688,323.0000000000075,passive,
1.0,247.856,248.098,835.4000244140625,596.4000244140625,242.00000000001864,passive,
1.0,248.143,248.389,1086.9000244140625,676.0,246.00000000000932,passive,
1.0,248.435,248.683,1353.9000244140625,651.7999877929688,247.99999999999045,passive,
1.0,248.73,249.161,1067.0,507.1000061035156,431.0000000000116,passive,
1.0,249.187,250.085,982.0,561.0,897.9999999999961,passive,
1.0,250.13,250.35,777.5,574.0,219.99999999999886,passive,
1.0,250.374,250.815,672.5,602.2999877929688,441.0000000000025,passive,
1.0,250.834,251.008,633.5999755859375,563.0999755859375,174.0000000000066,passive,
1.0,251.28,252.111,763.2999877929688,538.2000122070312,830.9999999999889,passive,
1.0,252.133,252.37,728.5,604.9000244140625,236.99999999999477,passive,
1.0,252.41,252.832,985.2999877929688,629.2000122070312,421.99999999999704,passive,
1.0,252.872,253.331,733.2999877929688,615.4000244140625,458.99999999997476,passive,
1.0,253.343,253.567,770.7000122070312,639.7999877929688,224.00000000001796,passive,
1.0,253.591,254.38,836.0999755859375,613.2000122070312,788.9999999999873,passive,
1.0,254.403,254.499,752.5,670.9000244140625,96.00000000000364,passive,
1.0,254.712,254.751,870.7000122070312,511.70001220703125,39.00000000001569,passive,
1.0,254.763,254.891,874.9000244140625,554.5,127.9999999999859,passive,
1.0,254.919,256.475,803.2000122070312,700.9000244140625,1556.0000000000116,passive,
1.0,256.496,256.719,857.7000122070312,734.0999755859375,223.0000000000132,passive,
1.0,256.758,257.016,857.0999755859375,492.6000061035156,258.0000000000382,passive,
1.0,257.043,257.279,752.7999877929688,603.4000244140625,235.99999999999,passive,
1.0,257.535,257.566,745.5,558.5,30.99999999994907,passive,
1.0,257.609,257.793,746.4000244140625,609.7999877929688,184.00000000002592,passive,
1.0,257.816,258.113,823.0999755859375,667.9000244140625,297.00000000002547,passive,
1.0,258.127,258.463,797.0,698.7999877929688,336.00000000001273,passive,
1.0,258.758,258.842,867.5,567.5999755859375,84.00000000000318,passive,
1.0,258.862,259.476,823.2999877929688,628.4000244140625,613.9999999999759,passive,
1.0,259.521,259.958,1134.199951171875,610.7999877929688,437.0000000000118,passive,
1.0,259.984,260.134,1294.699951171875,590.0999755859375,150.0000000000341,passive,
1.0,260.182,260.304,850.5,617.2999877929688,121.99999999995725,passive,
1.0,260.534,260.709,813.4000244140625,585.5999755859375,175.00000000001137,passive,
1.0,260.721,261.881,842.7000122070312,615.9000244140625,1159.9999999999682,passive,
1.0,261.906,262.125,730.0,647.4000244140625,218.9999999999941,passive,
1.0,262.171,262.527,1067.5,595.2999877929688,355.99999999999454,passive,
1.0,262.555,263.094,929.4000244140625,533.7000122070312,538.9999999999873,passive,
1.0,263.115,263.256,863.2000122070312,585.0,140.9999999999627,passive,
1.0,263.267,263.599,840.7999877929688,610.7999877929688,331.99999999999363,passive,
1.0,263.615,263.952,922.7000122070312,598.9000244140625,336.9999999999891,passive,
1.0,264.174,264.2,1043.5,504.3999938964844,26.00000000001046,passive,
1.0,264.208,264.332,1044.300048828125,538.7000122070312,123.9999999999668,passive,
1.0,264.357,264.791,997.2000122070312,430.20001220703125,433.9999999999691,passive,
1.0,264.84,265.036,956.0999755859375,661.9000244140625,196.00000000002638,passive,
1.0,265.053,265.605,906.7000122070312,719.7000122070312,552.0000000000209,passive,
1.0,265.628,265.763,843.7999877929688,667.0999755859375,134.9999999999909,passive,
1.0,265.771,266.351,840.0999755859375,641.5999755859375,579.9999999999841,passive,
1.0,266.374,266.524,934.0,623.5999755859375,149.99999999997726,passive,
1.0,266.554,266.779,861.0,447.6000061035156,225.00000000002274,passive,
1.0,266.804,267.077,758.2999877929688,406.6000061035156,273.00000000002456,passive,
1.0,267.124,267.476,916.2000122070312,634.4000244140625,351.99999999997544,passive,
1.0,267.502,267.735,995.7999877929688,701.9000244140625,233.0000000000041,passive,
1.0,267.744,268.299,837.2999877929688,625.7000122070312,554.99999999995,,
1.0,268.412,268.483,157.8000030517578,760.0999755859375,71.00000000002638,passive,
1.0,268.533,268.773,-84.19999694824219,792.0,240.0000000000091,passive,
1.0,268.812,268.991,295.29998779296875,749.7000122070312,178.99999999997362,passive,
1.0,269.038,269.309,76.0999984741211,749.4000244140625,271.000000000015,passive,
1.0,269.375,269.513,896.9000244140625,528.7999877929688,137.9999999999768,passive,
1.0,269.538,269.663,885.7999877929688,395.6000061035156,125.0,passive,
1.0,269.677,269.981,891.7000122070312,350.3999938964844,303.9999999999736,passive,
1.0,269.993,270.143,911.5,398.79998779296875,149.99999999997726,passive,
1.0,270.154,270.416,897.5999755859375,372.6000061035156,262.00000000000045,passive,
1.0,270.43,270.622,958.4000244140625,394.1000061035156,192.00000000000728,passive,
1.0,270.636,271.042,971.2999877929688,423.0,405.99999999994907,passive,
1.0,271.322,271.376,965.4000244140625,450.5,53.999999999973625,passive,
1.0,271.393,271.47,967.7000122070312,489.0,77.00000000005502,passive,
1.0,271.492,271.682,934.9000244140625,401.20001220703125,189.99999999999773,passive,
1.0,271.715,271.989,1090.0,431.8999938964844,274.0000000000009,passive,
1.0,272.015,272.473,944.2999877929688,437.1000061035156,458.00000000002683,passive,
1.0,272.482,272.843,967.0,436.0,360.99999999999,passive,
1.0,272.879,273.133,1130.5999755859375,464.29998779296875,253.99999999996226,passive,
1.0,273.158,273.452,972.0,470.3999938964844,293.9999999999827,passive,
1.0,273.499,273.837,699.5,652.9000244140625,337.99999999996544,passive,
1.0,273.862,274.001,763.7999877929688,561.7000122070312,138.99999999995316,passive,
1.0,274.02,274.448,759.5,501.79998779296875,427.99999999999727,passive,
1.0,274.482,275.027,920.5999755859375,473.79998779296875,544.9999999999591,passive,
1.0,275.065,275.367,866.5,716.2000122070312,302.0000000000209,passive,
1.0,275.393,275.632,789.5999755859375,607.4000244140625,239.00000000003274,passive,
1.0,275.914,276.125,865.9000244140625,539.2999877929688,211.00000000001273,passive,
1.0,276.146,277.416,820.2000122070312,546.7000122070312,1269.9999999999818,passive,
1.0,277.428,277.895,847.7999877929688,548.0999755859375,466.99999999998454,passive,
1.0,277.905,278.289,827.9000244140625,562.9000244140625,384.00000000001455,passive,
1.0,278.304,278.559,876.2999877929688,550.7000122070312,255.0000000000523,passive,
1.0,278.585,278.862,828.0999755859375,666.2000122070312,277.00000000004366,passive,
1.0,278.889,279.185,917.2000122070312,759.4000244140625,295.99999999999227,passive,
1.0,279.212,279.835,769.2999877929688,741.7999877929688,622.9999999999905,passive,
1.0,279.862,279.923,916.2000122070312,681.2000122070312,60.99999999997863,passive,
1.0,280.152,280.18,924.0,547.2000122070312,28.00000000002001,passive,
1.0,280.197,280.292,920.5,590.9000244140625,94.99999999997044,passive,
1.0,280.315,280.953,843.4000244140625,600.2999877929688,637.9999999999768,passive,
1.0,280.981,281.262,1003.9000244140625,601.2999877929688,281.0000000000059,passive,
1.0,281.283,281.795,937.2000122070312,605.7000122070312,512.0000000000005,passive,
1.0,281.813,282.563,852.5999755859375,606.0999755859375,750.0,passive,
1.0,282.59,282.813,932.0999755859375,708.7000122070312,223.0000000000132,passive,
1.0,282.84,283.116,806.0,671.9000244140625,276.00000000001046,passive,
1.0,283.127,283.453,776.0999755859375,647.0999755859375,325.999999999965,passive,
1.0,283.486,284.09,882.7000122070312,652.0999755859375,603.999999999985,passive,
1.0,284.101,284.28,824.4000244140625,625.7000122070312,178.99999999997362,passive,
1.0,284.287,284.541,846.5,612.4000244140625,254.0000000000191,passive,
1.0,284.793,285.058,824.0999755859375,595.9000244140625,264.99999999998636,passive,
1.0,285.089,285.682,1009.9000244140625,607.9000244140625,593.0000000000177,passive,
1.0,286.037,286.07,954.5,548.0,33.00000000001546,passive,
1.0,286.084,286.183,952.4000244140625,591.5999755859375,98.99999999998954,passive,
1.0,286.197,286.714,879.7999877929688,603.0999755859375,516.9999999999959,passive,
1.0,286.733,287.061,816.0,594.5999755859375,327.99999999997453,passive,
1.0,287.096,287.299,948.5999755859375,581.5999755859375,202.99999999997453,passive,
1.0,287.325,287.844,853.7000122070312,487.79998779296875,519.0000000000055,passive,
1.0,287.865,287.994,865.9000244140625,549.0,129.0000000000191,passive,
1.0,288.01,288.806,838.9000244140625,595.5999755859375,795.9999999999923,passive,
1.0,288.828,288.996,886.7999877929688,567.4000244140625,168.00000000000637,passive,
1.0,289.029,289.202,1055.5,499.5,173.00000000000182,passive,
1.0,289.236,289.498,837.7000122070312,446.3999938964844,262.00000000000045,passive,
1.0,289.522,289.792,803.4000244140625,566.5999755859375,269.9999999999818,passive,
1.0,289.825,290.421,935.7999877929688,606.7999877929688,596.0000000000036,passive,
1.0,290.437,290.635,850.7999877929688,611.2000122070312,197.99999999997908,passive,
1.0,290.908,290.945,865.0999755859375,508.79998779296875,36.99999999997772,passive,
1.0,290.952,291.414,877.7000122070312,558.0999755859375,461.9999999999891,passive,
1.0,291.446,291.6,1020.5999755859375,505.0,153.99999999999636,passive,
1.0,291.636,291.931,857.2999877929688,543.2999877929688,294.9999999999591,passive,
1.0,291.949,292.144,821.2999877929688,604.2999877929688,194.99999999999318,passive,
1.0,292.156,292.947,854.7999877929688,577.9000244140625,790.9999999999968,passive,
1.0,292.961,293.436,903.0,554.0,474.9999999999659,passive,
1.0,293.461,293.878,810.5,612.5,416.99999999997317,passive,
1.0,293.907,294.196,941.0,587.4000244140625,289.0000000000441,passive,
1.0,294.212,294.594,869.0999755859375,578.2000122070312,382.000000000005,passive,
1.0,295.122,295.237,966.7999877929688,485.29998779296875,115.0000000000091,passive,
1.0,295.257,295.726,966.5,527.5,468.9999999999941,passive,
1.0,295.754,295.859,778.5999755859375,492.6000061035156,104.99999999996135,passive,
1.0,295.888,296.29,733.4000244140625,311.8999938964844,402.00000000004366,passive,
1.0,296.343,296.474,730.4000244140625,634.4000244140625,130.9999999999718,passive,
1.0,296.508,296.64,902.2999877929688,611.5,132.000000000005,passive,
1.0,296.93,296.968,885.2999877929688,514.2000122070312,38.000000000010914,passive,
1.0,296.979,297.12,881.2000122070312,561.7999877929688,141.00000000001955,passive,
1.0,297.132,297.656,840.5999755859375,579.2999877929688,524.0000000000009,passive,
1.0,297.691,297.99,908.2000122070312,736.2999877929688,299.000000000035,passive,
1.0,298.045,298.273,606.2000122070312,640.2000122070312,228.00000000000864,passive,
1.0,298.325,298.563,915.5,571.5999755859375,237.99999999999955,passive,
1.0,298.578,299.061,845.9000244140625,589.0999755859375,483.0000000000041,passive,
1.0,299.084,299.277,914.0999755859375,603.7000122070312,192.99999999998363,passive,
1.0,299.301,299.604,895.7999877929688,718.2000122070312,302.99999999999727,passive,
1.0,299.636,299.936,719.9000244140625,794.4000244140625,299.9999999999545,passive,
1.0,299.957,300.08,660.5999755859375,734.5,122.99999999999045,passive,
1.0,300.319,300.562,865.2000122070312,561.2000122070312,242.999999999995,passive,
1.0,300.573,300.732,863.7999877929688,614.5,159.00000000004866,passive,
1.0,300.74,300.955,842.5,625.0,214.999999999975,passive,
1.0,300.966,301.486,864.7999877929688,622.2000122070312,519.9999999999818,passive,
1.0,301.809,301.995,880.0,596.4000244140625,185.99999999997863,passive,
1.0,302.007,302.24,839.2999877929688,639.2999877929688,233.0000000000041,passive,
1.0,302.263,302.759,924.0999755859375,681.5999755859375,496.00000000003774,passive,
1.0,302.784,303.202,835.0999755859375,609.4000244140625,418.00000000000637,passive,
1.0,303.213,303.624,863.2999877929688,615.0999755859375,411.00000000000136,passive,
1.0,303.645,303.91,797.0,556.2000122070312,265.0000000000432,passive,
1.0,303.949,304.585,874.0999755859375,766.7000122070312,635.9999999999673,passive,
1.0,304.616,304.808,803.7999877929688,553.5999755859375,192.00000000000728,passive,
1.0,304.825,305.493,854.7000122070312,590.2999877929688,668.0000000000064,passive,
1.0,305.515,305.841,825.4000244140625,663.9000244140625,326.0000000000218,passive,
1.0,305.87,306.1,888.2999877929688,498.1000061035156,230.0000000000182,passive,
1.0,306.109,306.731,839.4000244140625,622.5999755859375,622.0000000000141,,
1.0,306.795,306.935,1367.5999755859375,721.2000122070312,139.99999999998636,active,
1.0,306.986,307.119,917.0999755859375,643.0,133.0000000000382,active,
1.0,307.139,308.129,841.7999877929688,611.4000244140625,990.0000000000091,active,
1.0,308.153,308.453,787.0999755859375,697.7000122070312,299.9999999999545,active,
1.0,308.477,308.701,786.5,563.0,224.00000000004638,active,
1.0,308.729,308.924,929.2999877929688,494.79998779296875,194.99999999999318,active,
1.0,309.225,309.406,881.0999755859375,611.4000244140625,180.99999999998317,active,
1.0,309.432,309.846,721.7999877929688,649.2000122070312,413.99999999998727,active,
1.0,309.879,310.144,855.7999877929688,489.79998779296875,264.99999999998636,active,
1.0,310.184,310.519,1009.2999877929688,645.0,334.99999999997954,active,
1.0,310.547,311.06,889.2999877929688,537.7000122070312,512.9999999999768,active,
1.0,311.07,311.244,902.9000244140625,573.0,174.00000000003502,active,
1.0,311.542,311.981,837.7999877929688,599.0,439.0000000000214,active,
1.0,312.016,312.153,944.5,403.8999938964844,137.00000000000045,active,
1.0,312.173,312.546,934.4000244140625,327.5,372.99999999999045,active,
1.0,312.6,312.909,768.9000244140625,745.2000122070312,308.9999999999691,active,
1.0,312.934,313.312,803.5,833.5,377.9999999999859,active,
1.0,313.34,313.616,648.2999877929688,734.5999755859375,276.00000000001046,active,
1.0,313.66,313.892,866.7999877929688,543.0999755859375,231.9999999999709,active,
1.0,313.942,314.157,1144.699951171875,359.70001220703125,214.999999999975,active,
1.0,314.199,314.542,1397.0999755859375,335.70001220703125,342.9999999999609,active,
1.0,314.586,314.727,1076.199951171875,286.8999938964844,140.9999999999627,active,
1.0,314.79,315.03,374.20001220703125,297.3999938964844,239.99999999995225,active,
1.0,315.05,315.416,302.70001220703125,302.5,365.99999999998545,active,
1.0,315.431,315.744,245.89999389648438,288.20001220703125,313.000000000045,active,
1.0,316.01,316.112,926.0,420.5,102.00000000003229,active,
1.0,316.131,316.478,895.0,515.5,347.00000000003683,active,
1.0,316.491,316.711,922.2000122070312,550.4000244140625,220.00000000002728,active,
1.0,316.729,317.239,845.2999877929688,575.2000122070312,509.9999999999909,active,
1.0,317.265,317.441,938.0999755859375,648.2999877929688,175.99999999998772,active,
1.0,317.48,318.099,1200.4000244140625,633.4000244140625,618.9999999999714,active,
1.0,318.475,318.585,948.2000122070312,652.9000244140625,109.9999999999568,active,
1.0,318.62,319.049,693.7999877929688,531.7000122070312,428.9999999999736,active,
1.0,319.107,319.277,302.20001220703125,580.2999877929688,169.99999999995907,active,
1.0,319.312,319.427,85.5999984741211,565.7999877929688,115.0000000000091,active,
1.0,319.482,319.599,534.7999877929688,433.5,116.9999999999618,active,
1.0,319.652,319.927,1004.7000122070312,411.20001220703125,275.0000000000341,active,
1.0,320.291,320.349,1418.300048828125,430.3999938964844,57.999999999992724,active,
1.0,320.407,320.821,874.7999877929688,506.5,414.0000000000441,active,
1.0,320.829,321.378,860.2000122070312,533.4000244140625,548.9999999999782,active,
1.0,321.405,321.793,747.4000244140625,657.9000244140625,388.00000000003365,active,
1.0,322.108,322.217,783.9000244140625,595.7999877929688,108.99999999998045,active,
1.0,322.264,322.479,1098.5999755859375,694.4000244140625,214.999999999975,active,
1.0,322.514,322.959,1304.699951171875,780.0,444.9999999999932,active,
1.0,323.013,323.186,849.9000244140625,700.2999877929688,173.00000000000182,active,
1.0,323.218,323.521,690.0999755859375,546.9000244140625,302.99999999999727,active,
1.0,323.563,323.812,485.0,605.5999755859375,249.00000000002365,active,
1.0,323.857,324.076,249.3000030517578,628.0999755859375,218.9999999999941,active,
1.0,324.123,324.477,736.4000244140625,606.9000244140625,353.999999999985,active,
1.0,324.504,324.705,870.2999877929688,604.7000122070312,200.99999999996498,active,
1.0,324.983,325.04,869.4000244140625,582.0999755859375,57.00000000001637,active,
1.0,325.048,325.372,846.4000244140625,597.2000122070312,324.0000000000123,active,
1.0,325.413,325.875,1125.800048828125,645.2000122070312,461.9999999999891,active,
1.0,325.92,326.149,801.7999877929688,659.2000122070312,228.999999999985,active,
1.0,326.188,326.451,521.2999877929688,654.2000122070312,263.00000000003365,active,
1.0,326.486,326.703,301.3999938964844,612.7000122070312,216.99999999998454,active,
1.0,326.724,327.0,238.3000030517578,543.5,276.00000000001046,active,
1.0,327.053,327.232,734.2999877929688,618.4000244140625,179.00000000003047,active,
1.0,327.287,327.508,1216.4000244140625,696.5,221.00000000000364,active,
1.0,327.544,327.855,1452.699951171875,693.7000122070312,311.00000000003547,active,
1.0,327.908,328.275,930.5999755859375,678.0,366.9999999999618,active,
1.0,328.308,328.416,1056.300048828125,857.2000122070312,108.00000000000409,active,
1.0,328.474,328.646,526.5999755859375,697.4000244140625,172.00000000002547,active,
1.0,328.684,329.13,373.70001220703125,570.0,445.99999999996953,active,
1.0,329.413,329.487,692.5999755859375,555.2999877929688,74.00000000001228,active,
1.0,329.512,329.859,814.5999755859375,577.4000244140625,346.99999999998,active,
1.0,329.881,330.028,910.0,614.4000244140625,147.0000000000482,active,
1.0,330.045,330.281,840.2000122070312,615.2000122070312,235.99999999999,active,
1.0,330.32,330.599,1087.0999755859375,605.2000122070312,278.99999999999636,active,
1.0,330.635,330.951,1291.199951171875,673.0,316.0000000000309,active,
1.0,330.968,331.892,1242.5999755859375,646.9000244140625,923.9999999999782,active,
1.0,331.937,332.352,1083.300048828125,866.7000122070312,414.9999999999636,active,
1.0,332.415,332.594,567.5999755859375,841.7999877929688,178.99999999997362,active,
1.0,332.629,332.825,415.5,665.5,195.99999999996953,active,
1.0,332.85,333.041,290.8999938964844,572.5999755859375,190.99999999997408,active,
1.0,333.074,333.202,218.39999389648438,388.79998779296875,127.9999999999859,active,
1.0,333.256,333.402,721.7000122070312,341.29998779296875,146.000000000015,active,
1.0,333.45,333.591,1062.0,362.1000061035156,141.00000000001955,active,
1.0,333.629,333.974,1285.800048828125,421.29998779296875,344.99999999997044,active,
1.0,334.259,334.296,1211.5,517.0999755859375,36.99999999997772,active,
1.0,334.335,334.496,998.7000122070312,563.5999755859375,161.00000000000136,active,
1.0,334.524,334.743,812.5,594.7000122070312,218.9999999999941,active,
1.0,334.76,335.001,861.0999755859375,601.7000122070312,240.99999999998545,active,
1.0,335.044,335.28,1134.5999755859375,426.5,235.99999999999,active,
1.0,335.289,335.487,1109.300048828125,417.3999938964844,198.00000000003593,active,
1.0,335.529,335.808,1174.0999755859375,652.5,278.99999999999636,active,
1.0,335.863,335.959,744.5999755859375,536.7000122070312,96.00000000000364,active,
1.0,335.999,336.173,466.20001220703125,576.2000122070312,173.99999999997817,active,
1.0,336.201,336.394,385.0,406.1000061035156,192.99999999998363,active,
1.0,336.403,336.6,370.29998779296875,389.3999938964844,197.00000000000273,active,
1.0,336.653,336.871,895.0999755859375,424.1000061035156,217.9999999999609,active,
1.0,336.914,337.217,1223.4000244140625,413.79998779296875,302.99999999999727,active,
1.0,337.242,337.643,1100.699951171875,425.20001220703125,400.9999999999536,active,
1.0,337.657,337.971,1162.699951171875,412.6000061035156,314.0000000000214,active,
1.0,337.983,338.243,1105.5,430.6000061035156,259.9999999999909,active,
1.0,338.294,338.474,634.0,540.7000122070312,180.00000000000682,active,
1.0,338.504,338.962,502.79998779296875,550.4000244140625,457.99999999997,active,
1.0,339.009,339.296,893.5,487.0,286.9999999999777,active,
1.0,339.313,339.399,958.7000122070312,500.20001220703125,86.00000000001273,active,
1.0,339.786,339.835,1014.2000122070312,451.3999938964844,48.99999999997817,active,
1.0,339.873,339.992,1006.7999877929688,496.8999938964844,119.0000000000282,active,
1.0,340.064,340.304,874.2000122070312,578.2999877929688,239.99999999995225,active,
1.0,340.347,340.57,974.0,519.5999755859375,223.0000000000132,active,
1.0,340.627,340.756,368.3999938964844,511.8999938964844,128.99999999996226,active,
1.0,340.77,341.141,370.6000061035156,469.79998779296875,371.00000000003774,active,
1.0,341.201,341.504,982.2999877929688,511.79998779296875,302.99999999999727,active,
1.0,341.557,341.9,1395.0999755859375,607.5,342.9999999999609,active,
1.0,341.95,342.146,975.5,613.4000244140625,196.00000000002638,active,
1.0,342.2,342.364,525.5999755859375,521.5,163.99999999998727,active,
1.0,342.391,342.662,411.1000061035156,460.70001220703125,270.99999999995816,active,
1.0,342.713,342.88,933.0,470.79998779296875,166.99999999997317,active,
1.0,342.893,343.595,969.7000122070312,495.6000061035156,702.000000000055,active,
1.0,343.606,343.734,1011.5999755859375,501.29998779296875,127.9999999999859,active,
1.0,344.08,344.145,974.7999877929688,515.2000122070312,64.99999999999773,active,
1.0,344.185,344.516,636.5,567.5999755859375,331.0000000000173,active,
1.0,344.557,344.727,796.5999755859375,762.5,169.99999999995907,active,
1.0,344.761,344.853,571.4000244140625,713.7000122070312,91.99999999998454,active,
1.0,344.867,344.97,558.0,671.2999877929688,103.00000000000864,active,
1.0,344.979,345.136,553.5,645.7000122070312,157.0000000000391,active,
1.0,345.158,345.714,612.0999755859375,638.7000122070312,555.9999999999832,active,
1.0,345.739,346.372,514.0,725.7000122070312,633.0000000000382,active,
1.0,346.416,346.619,182.6999969482422,879.9000244140625,203.00000000003138,active,
1.0,346.651,346.903,294.8999938964844,667.5,252.00000000000955,active,
1.0,346.971,347.16,1043.9000244140625,607.2000122070312,189.00000000002137,active,
1.0,347.208,347.322,611.4000244140625,557.9000244140625,113.9999999999759,active,
1.0,347.331,348.283,825.4000244140625,646.5999755859375,951.9999999999982,,
1.0,348.361,348.554,261.3999938964844,879.2999877929688,192.99999999998363,active,
1.0,348.606,348.691,791.9000244140625,690.2000122070312,84.99999999997954,active,
1.0,348.958,349.17,816.4000244140625,609.7999877929688,211.9999999999891,active,
1.0,349.208,349.382,633.9000244140625,354.20001220703125,173.99999999997817,active,
1.0,349.408,349.655,529.2000122070312,281.29998779296875,246.99999999995725,active,
1.0,349.696,349.935,863.5,274.20001220703125,238.9999999999759,active,
1.0,349.973,350.261,1010.7000122070312,245.3000030517578,288.0000000000109,active,
1.0,350.285,350.39,1006.9000244140625,354.6000061035156,104.99999999996135,active,
1.0,350.429,350.715,787.2000122070312,261.79998779296875,286.00000000000136,active,
1.0,350.732,350.835,741.7999877929688,263.5,102.9999999999518,active,
1.0,350.898,351.075,1079.0,644.4000244140625,176.99999999996407,active,
1.0,351.089,351.336,1066.4000244140625,596.4000244140625,247.0000000000141,active,
1.0,351.379,352.158,667.0,688.2000122070312,778.9999999999964,active,
1.0,352.177,352.473,626.0999755859375,601.5,295.99999999999227,active,
1.0,352.767,352.807,797.4000244140625,599.4000244140625,40.000000000020464,active,
1.0,352.817,353.607,821.2999877929688,625.0,790.0000000000205,active,
1.0,353.651,354.317,1147.699951171875,531.7999877929688,665.9999999999968,active,
1.0,354.355,354.609,943.5,659.4000244140625,253.99999999996226,active,
1.0,354.642,355.001,1129.800048828125,551.9000244140625,358.99999999998045,active,
1.0,355.025,355.299,1205.9000244140625,509.5,274.0000000000009,active,
1.0,355.348,355.543,741.5,724.5,194.99999999999318,active,
1.0,355.588,355.971,337.1000061035156,834.0999755859375,382.99999999998136,active,
1.0,356.028,356.144,829.7999877929688,700.7999877929688,115.99999999998545,active,
1.0,356.165,356.83,833.7999877929688,604.0,664.9999999999636,active,
1.0,357.088,357.481,910.2000122070312,597.0,392.99999999997226,active,
1.0,357.507,357.971,1046.5,627.7000122070312,463.99999999999864,active,
1.0,358.014,358.233,878.5999755859375,855.9000244140625,218.9999999999941,active,
1.0,358.253,358.429,822.9000244140625,798.5,175.99999999998772,active,
1.0,358.468,358.859,789.5,529.7000122070312,390.9999999999627,active,
1.0,358.881,359.18,708.2999877929688,480.0,299.000000000035,active,
1.0,359.205,359.516,660.7999877929688,349.20001220703125,311.00000000003547,active,
1.0,359.543,359.809,785.5,468.5,266.00000000001955,active,
1.0,359.849,360.163,885.5999755859375,633.9000244140625,314.0000000000214,active,
1.0,360.18,361.164,832.2999877929688,613.5999755859375,983.9999999999804,active,
1.0,361.187,361.325,898.0,514.9000244140625,137.9999999999768,active,
1.0,361.585,361.781,647.9000244140625,500.3999938964844,196.00000000002638,active,
1.0,361.823,362.088,367.0,607.7000122070312,265.0000000000432,active,
1.0,362.13,362.414,326.8999938964844,827.2999877929688,283.9999999999918,active,
1.0,362.484,362.674,1130.0999755859375,796.2000122070312,189.99999999999773,active,
1.0,362.73,362.814,1397.199951171875,520.5999755859375,84.00000000000318,active,
1.0,362.844,363.079,1277.300048828125,389.20001220703125,235.00000000001364,active,
1.0,363.128,363.317,872.0,307.1000061035156,189.00000000002137,active,
1.0,363.366,363.548,596.5,333.29998779296875,182.00000000001637,active,
1.0,363.589,363.876,456.5,377.8999938964844,286.9999999999777,active,
1.0,363.912,364.058,667.7999877929688,385.1000061035156,146.000000000015,active,
1.0,364.101,364.169,893.5999755859375,399.29998779296875,67.99999999998363,active,
1.0,364.231,364.333,1341.5999755859375,397.1000061035156,102.00000000003229,active,
1.0,364.374,364.669,1562.0999755859375,411.1000061035156,294.9999999999591,active,
1.0,365.159,365.183,1045.0999755859375,469.0,24.00000000000091,active,
1.0,365.214,365.252,1044.5,501.3999938964844,38.000000000010914,active,
1.0,365.264,365.48,1044.300048828125,525.5999755859375,216.00000000000819,active,
1.0,365.511,365.655,915.5999755859375,504.70001220703125,143.9999999999486,active,
1.0,365.699,366.019,872.0999755859375,723.7999877929688,319.9999999999932,active,
1.0,366.044,366.406,792.9000244140625,721.7999877929688,362.0000000000232,active,
1.0,366.448,366.7,603.7999877929688,774.2000122070312,252.00000000000955,active,
1.0,366.744,367.034,958.0,874.2000122070312,289.9999999999636,active,
1.0,367.088,367.233,926.5999755859375,607.5999755859375,144.9999999999818,active,
1.0,367.259,367.591,846.5999755859375,418.29998779296875,331.99999999999363,active,
1.0,367.891,367.942,892.0999755859375,519.5,50.99999999998772,active,
1.0,367.96,368.601,825.5999755859375,575.9000244140625,641.0000000000196,active,
1.0,368.639,368.839,644.7999877929688,443.0,199.99999999998863,active,
1.0,368.854,369.116,604.0999755859375,408.3999938964844,262.00000000000045,active,
1.0,369.16,369.392,611.7000122070312,681.2999877929688,231.9999999999709,active,
1.0,369.413,369.603,618.4000244140625,760.2000122070312,189.99999999999773,active,
1.0,369.651,369.834,1069.4000244140625,749.0,182.99999999999272,active,
1.0,369.861,369.975,1096.5,623.4000244140625,114.00000000003274,active,
1.0,370.016,370.285,1297.300048828125,411.8999938964844,269.00000000000546,active,
1.0,370.341,370.742,808.5,434.29998779296875,401.00000000001046,active,
1.0,370.766,370.948,852.2000122070312,517.0999755859375,181.99999999995953,active,
1.0,370.971,371.286,859.0999755859375,596.7999877929688,314.9999999999977,active,
1.0,371.298,371.666,813.0,577.5,367.999999999995,active,
1.0,371.709,372.002,1030.9000244140625,695.5,293.00000000000637,active,
1.0,372.046,372.231,1341.9000244140625,729.2999877929688,185.00000000000227,active,
1.0,372.249,372.68,1410.699951171875,750.0,430.9999999999832,active,
1.0,372.706,372.799,1302.699951171875,647.0999755859375,92.99999999996089,active,
1.0,372.824,372.974,1440.5999755859375,614.5,149.99999999997726,active,
1.0,373.013,373.349,1409.699951171875,337.70001220703125,336.00000000001273,active,
1.0,373.649,374.058,832.7999877929688,549.0,408.9999999999918,active,
1.0,374.079,374.336,738.2000122070312,604.5999755859375,257.000000000005,active,
1.0,374.361,375.038,831.4000244140625,624.2000122070312,677.0000000000209,active,
1.0,375.069,375.349,621.7999877929688,572.7999877929688,279.9999999999727,active,
1.0,375.404,375.808,1124.9000244140625,720.0,403.99999999999636,active,
1.0,375.829,376.085,1205.0,701.0999755859375,255.9999999999718,active,
1.0,376.129,376.379,953.4000244140625,543.2999877929688,250.0,active,
1.0,376.423,376.63,751.4000244140625,381.29998779296875,206.99999999999363,active,
1.0,376.664,376.874,533.0,435.3999938964844,210.00000000003638,active,
1.0,376.923,377.175,774.7999877929688,714.4000244140625,252.00000000000955,active,
1.0,377.202,377.356,876.7000122070312,646.5,153.99999999999636,active,
1.0,377.375,377.636,819.4000244140625,639.5,261.0000000000241,active,
1.0,377.658,377.808,855.5,609.4000244140625,149.99999999997726,active,
1.0,378.145,378.274,922.2999877929688,572.0,129.0000000000191,active,
1.0,378.312,378.614,832.9000244140625,761.0,301.9999999999641,active,
1.0,378.641,378.958,852.2000122070312,911.7000122070312,317.0000000000073,active,
1.0,378.979,379.367,766.0,928.5,388.00000000003365,active,
1.0,379.394,379.569,881.0,896.0999755859375,175.00000000001137,active,
1.0,379.607,379.78,827.9000244140625,671.0,172.99999999994498,active,
1.0,379.816,380.149,883.7000122070312,406.6000061035156,333.00000000002683,active,
1.0,380.178,380.477,765.2999877929688,515.5999755859375,298.9999999999782,active,
1.0,380.498,380.719,858.7999877929688,563.5,221.00000000000364,active,
1.0,380.737,381.389,819.0,616.0999755859375,651.9999999999868,active,
1.0,381.428,381.668,947.9000244140625,767.2999877929688,240.0000000000091,active,
1.0,381.704,382.048,1156.800048828125,832.9000244140625,343.9999999999941,active,
1.0,382.074,382.269,1045.9000244140625,823.9000244140625,194.99999999999318,active,
1.0,382.312,382.566,746.0,896.5999755859375,253.99999999996226,active,
1.0,382.618,382.794,263.70001220703125,951.2000122070312,175.99999999998772,active,
1.0,382.828,382.989,115.9000015258789,862.4000244140625,161.00000000000136,active,
1.0,383.066,383.28,1068.0,841.7999877929688,213.99999999999864,active,
1.0,383.323,383.56,1393.300048828125,899.0,237.0000000000232,active,
1.0,383.618,383.737,764.9000244140625,693.5,119.0000000000282,active,
1.0,383.775,383.971,540.7000122070312,511.29998779296875,196.00000000002638,active,
1.0,384.015,384.341,905.0,679.2999877929688,326.0000000000218,active,
1.0,384.379,384.541,620.2000122070312,652.0,161.99999999997772,active,
1.0,384.578,384.726,829.2999877929688,626.5999755859375,148.00000000002456,active,
1.0,385.023,385.114,829.0999755859375,598.0,90.99999999995134,active,
1.0,385.121,385.448,815.7999877929688,616.7000122070312,326.9999999999982,active,
1.0,385.487,385.675,1111.5999755859375,643.2999877929688,187.99999999998818,active,
1.0,385.689,386.015,1151.699951171875,657.9000244140625,325.999999999965,active,
1.0,386.029,386.307,1098.5,649.2000122070312,278.00000000002,active,
1.0,386.348,386.543,849.2999877929688,776.5999755859375,194.99999999999318,active,
1.0,386.571,386.844,970.0,673.9000244140625,272.9999999999677,active,
1.0,386.857,387.155,927.4000244140625,638.2000122070312,297.999999999945,active,
1.0,387.191,387.498,1122.5,644.7999877929688,307.00000000001637,active,
1.0,387.519,387.671,1183.300048828125,638.9000244140625,151.9999999999868,active,
1.0,387.725,387.97,621.0999755859375,608.7999877929688,245.00000000000455,active,
1.0,387.997,388.185,447.20001220703125,582.5,187.99999999998818,active,
1.0,388.201,388.752,416.20001220703125,539.0999755859375,550.9999999999877,active,
1.0,388.761,389.008,450.20001220703125,524.2999877929688,246.99999999995725,active,
1.0,389.279,389.308,709.5,482.0,28.999999999996362,active,
1.0,389.329,389.589,698.9000244140625,551.7000122070312,259.9999999999909,active,
1.0,389.616,389.911,823.2999877929688,568.4000244140625,295.0000000000159,active,
1.0,389.933,390.216,722.5999755859375,566.7000122070312,283.00000000001546,active,
1.0,390.263,390.47,1134.0999755859375,563.5,207.00000000005048,active,
1.0,390.513,391.142,1466.199951171875,565.9000244140625,629.0000000000191,active,
1.0,391.181,391.428,1169.300048828125,565.4000244140625,247.0000000000141,active,
1.0,391.457,391.703,1003.2999877929688,559.0999755859375,245.9999999999809,active,
1.0,391.742,392.389,707.0999755859375,536.2000122070312,646.9999999999914,active,
1.0,392.434,392.613,284.8999938964844,496.70001220703125,178.99999999997362,active,
1.0,392.625,393.244,265.70001220703125,459.0,619.0000000000282,active,
1.0,393.27,393.807,180.60000610351562,348.8999938964844,537.0000000000346,active,
1.0,394.057,394.085,810.9000244140625,348.79998779296875,27.999999999963165,active,
1.0,394.136,394.202,808.2000122070312,395.5,65.99999999997408,active,
1.0,394.223,394.372,875.4000244140625,496.8999938964844,149.0000000000009,active,
1.0,394.395,394.627,822.2999877929688,559.0999755859375,232.00000000002774,active,
1.0,394.663,394.924,657.9000244140625,474.5,260.99999999996726,active,
1.0,394.966,395.285,987.5,494.0,319.0000000000168,active,
1.0,395.34,395.505,1102.800048828125,802.2000122070312,165.00000000002046,active,
1.0,395.541,395.897,938.5999755859375,887.7999877929688,355.99999999999454,active,
1.0,395.936,396.132,1204.9000244140625,906.5,196.00000000002638,active,
1.0,396.519,396.708,1389.300048828125,667.0,189.00000000002137,active,
1.0,396.757,396.891,962.7000122070312,565.9000244140625,134.00000000001455,active,
1.0,396.912,397.144,983.0,504.8999938964844,232.00000000002774,active,
1.0,397.187,397.412,595.0,504.5,224.9999999999659,active,
1.0,397.423,397.594,629.4000244140625,499.3999938964844,170.99999999999227,active,
1.0,397.644,397.813,218.8000030517578,358.8999938964844,168.99999999998272,active,
1.0,397.842,398.238,154.89999389648438,237.89999389648438,396.000000000015,active,
1.0,398.262,398.468,263.1000061035156,282.1000061035156,206.00000000001728,active,
1.0,398.893,398.976,1025.5,513.5,83.00000000002683,active,
1.0,399.013,399.415,847.4000244140625,576.5999755859375,402.00000000004366,active,
1.0,399.44,399.795,850.7999877929688,716.0999755859375,355.0000000000182,active,
1.0,399.831,400.065,689.0999755859375,801.5999755859375,233.99999999998045,active,
1.0,400.128,400.476,1295.0,745.9000244140625,348.0000000000132,active,
1.0,400.531,400.767,725.5,738.4000244140625,235.99999999999,active,
1.0,400.81,401.151,419.6000061035156,725.2000122070312,341.0000000000082,active,
1.0,401.207,401.418,850.2999877929688,634.7999877929688,211.00000000001273,active,
1.0,401.428,401.873,825.2999877929688,621.5,444.9999999999932,active,
1.0,401.893,402.254,895.2999877929688,597.0999755859375,361.00000000004684,active,
1.0,402.284,402.525,1021.5999755859375,660.4000244140625,240.99999999998545,active,
1.0,402.561,402.681,1192.0,732.5,120.00000000000455,active,
1.0,403.066,403.208,1145.699951171875,622.0,142.00000000005275,active,
1.0,403.253,403.426,904.9000244140625,539.9000244140625,173.00000000000182,active,
1.0,403.475,403.763,1309.0,533.5999755859375,287.99999999995407,active,
1.0,403.797,403.94,1358.699951171875,724.7000122070312,142.99999999997226,active,
1.0,403.984,404.165,929.2999877929688,734.4000244140625,181.00000000004002,active,
1.0,404.196,404.453,798.7000122070312,727.5,256.99999999994816,active,
1.0,404.481,404.75,826.2000122070312,483.5,269.00000000000546,active,
1.0,404.776,404.971,703.0999755859375,603.7000122070312,194.99999999999318,active,
1.0,404.996,405.403,830.2000122070312,627.5999755859375,407.0000000000391,active,
1.0,405.448,405.673,746.5999755859375,845.7000122070312,225.00000000002274,active,
1.0,405.714,406.023,473.70001220703125,882.5999755859375,309.0000000000259,active,
1.0,406.071,406.163,712.0,741.7999877929688,91.99999999998454,active,
1.0,406.204,406.364,1008.7000122070312,762.2000122070312,159.99999999996817,active,
1.0,406.396,406.747,1216.5,832.7999877929688,350.9999999999991,active,
1.0,406.775,406.981,1322.300048828125,858.2999877929688,206.00000000001728,active,
1.0,407.037,407.229,808.0,846.7000122070312,192.00000000000728,active,
1.0,407.271,407.514,444.8999938964844,846.5999755859375,242.999999999995,active,
1.0,407.54,407.791,298.3999938964844,819.5,250.99999999997635,active,
1.0,407.816,408.225,174.0,806.7999877929688,409.00000000004866,active,
1.0,408.563,408.592,895.4000244140625,512.2999877929688,28.999999999996362,active,
1.0,408.615,408.923,819.7999877929688,579.4000244140625,307.9999999999927,active,
1.0,408.935,409.175,829.7999877929688,605.0999755859375,240.0000000000091,active,
1.0,409.216,409.423,1094.9000244140625,710.0,206.99999999999363,active,
1.0,409.448,409.838,1217.4000244140625,711.7999877929688,390.0000000000432,active,
1.0,409.859,410.084,1258.699951171875,666.0999755859375,225.00000000002274,active,
1.0,410.112,410.438,1221.300048828125,824.2999877929688,325.999999999965,active,
1.0,410.466,410.636,1288.199951171875,709.5999755859375,170.00000000001592,active,
1.0,410.671,410.864,1089.4000244140625,618.5999755859375,192.99999999998363,active,
1.0,410.911,411.093,650.9000244140625,508.70001220703125,182.00000000001637,active,
1.0,411.1,411.477,640.7999877929688,489.5,376.9999999999527,active,
1.0,411.538,411.881,1165.9000244140625,682.5,342.9999999999609,active,
1.0,411.896,412.109,1128.0,710.4000244140625,212.99999999996544,active,
1.0,412.134,412.478,1225.0999755859375,707.0999755859375,343.9999999999941,active,
1.0,412.521,412.676,917.2000122070312,677.7000122070312,154.99999999997272,active,
1.0,412.717,413.154,632.2000122070312,507.5,437.0000000000118,active,
1.0,413.524,413.783,1113.5999755859375,559.5999755859375,259.00000000001455,active,
1.0,413.814,414.064,933.9000244140625,625.0,250.0,active,
1.0,414.089,414.496,851.0999755859375,515.0999755859375,406.99999999998226,active,
1.0,414.523,415.461,759.4000244140625,614.5999755859375,937.9999999999882,active,
1.0,415.499,415.662,954.5,616.2999877929688,162.99999999995407,active,
1.0,415.703,415.906,1280.5999755859375,587.5,203.00000000003138,active,
1.0,415.939,416.171,1444.300048828125,389.79998779296875,231.9999999999709,active,
1.0,416.196,416.318,1368.699951171875,309.79998779296875,121.99999999995725,active,
1.0,416.398,416.698,345.8999938964844,346.79998779296875,299.9999999999545,active,
1.0,416.738,416.955,312.3999938964844,495.5,216.99999999998454,active,
1.0,417.006,417.189,853.2000122070312,514.5,183.00000000004957,active,
1.0,417.197,417.487,841.9000244140625,494.70001220703125,290.00000000002046,active,
1.0,417.538,417.765,917.0,701.4000244140625,226.99999999997544,active,
1.0,417.806,417.852,709.5999755859375,818.4000244140625,45.99999999999227,active,
1.0,417.861,418.046,815.9000244140625,635.7999877929688,185.00000000000227,,
1.0,418.112,418.197,1450.0,674.7000122070312,84.99999999997954,,
1.0,418.229,418.519,1644.300048828125,702.4000244140625,290.00000000002046,,
1.0,418.576,418.701,907.4000244140625,650.0,125.0,active,
1.0,418.721,419.322,842.0,628.5999755859375,600.9999999999991,active,
1.0,419.385,419.623,1218.0,568.0999755859375,237.99999999999955,active,
1.0,419.661,419.954,1046.199951171875,688.4000244140625,293.00000000000637,active,
1.0,419.988,420.102,1205.9000244140625,634.7999877929688,113.9999999999759,active,
1.0,420.109,420.495,1187.5,613.0999755859375,386.0000000000241,active,
1.0,420.523,421.452,1102.0,723.7000122070312,928.9999999999736,active,
1.0,421.739,421.833,349.6000061035156,855.2999877929688,94.00000000005093,active,
1.0,421.844,421.941,316.5,867.2000122070312,96.99999999997999,active,
1.0,421.977,422.259,491.5,670.2000122070312,282.0000000000391,active,
1.0,422.273,422.488,443.20001220703125,687.2999877929688,214.999999999975,active,
1.0,422.509,422.764,381.6000061035156,756.5999755859375,254.99999999999545,active,
1.0,422.838,422.974,793.0999755859375,721.2000122070312,135.99999999996726,active,
1.0,423.001,423.141,857.2000122070312,606.5999755859375,140.0000000000432,active,
1.0,423.165,423.272,856.5,492.79998779296875,106.9999999999709,active,
1.0,423.299,423.585,923.9000244140625,363.29998779296875,286.00000000000136,active,
1.0,423.617,423.692,846.7999877929688,462.70001220703125,74.99999999998863,active,
1.0,423.729,424.165,920.0,636.5,436.00000000003547,active,
1.0,424.184,424.385,859.5999755859375,632.7999877929688,200.99999999996498,active,
1.0,424.394,424.886,837.0,617.5999755859375,492.00000000001864,active,
1.0,424.928,425.076,574.7999877929688,509.29998779296875,148.00000000002456,active,
1.0,425.087,425.328,615.4000244140625,510.79998779296875,240.99999999998545,active,
1.0,425.376,425.589,989.4000244140625,467.1000061035156,213.00000000002228,active,
1.0,425.631,425.995,1250.300048828125,423.0,364.00000000003274,active,
1.0,426.061,426.337,518.2000122070312,499.5,276.00000000001046,active,
1.0,426.578,426.655,823.7999877929688,515.4000244140625,76.99999999999818,active,
1.0,426.668,427.484,836.5,577.4000244140625,815.9999999999741,active,
1.0,427.525,427.837,1026.699951171875,701.9000244140625,312.0000000000118,active,
1.0,427.883,428.133,841.2000122070312,835.2999877929688,250.0,active,
1.0,428.173,428.454,472.0,920.5,281.0000000000059,active,
1.0,428.502,428.578,394.70001220703125,687.7000122070312,75.99999999996498,active,
1.0,428.618,428.831,561.5,504.3999938964844,213.00000000002228,active,
1.0,428.881,429.055,986.7999877929688,463.6000061035156,174.00000000003502,active,
1.0,429.103,429.496,1376.5,701.5,392.99999999997226,active,
1.0,429.522,429.707,1267.9000244140625,783.0,185.00000000000227,active,
1.0,429.755,429.956,836.7999877929688,838.2000122070312,201.00000000002183,active,
1.0,430.016,430.276,343.29998779296875,946.7000122070312,259.9999999999909,active,
1.0,430.3,430.448,252.0,977.7000122070312,147.9999999999677,active,
1.0,430.728,430.753,872.0,547.7999877929688,24.999999999977263,active,
1.0,430.769,431.178,818.2999877929688,618.2000122070312,408.9999999999918,active,
1.0,431.191,431.299,864.5999755859375,603.0,108.00000000000409,active,
1.0,431.335,431.811,623.0,599.9000244140625,475.9999999999991,active,
1.0,431.88,432.178,1380.9000244140625,520.5,298.0000000000018,active,
1.0,432.198,432.597,1359.5,469.3999938964844,399.0000000000009,active,
1.0,432.623,432.733,1239.9000244140625,353.70001220703125,110.00000000001364,active,
1.0,432.744,433.227,1228.5,311.20001220703125,482.99999999994725,active,
1.0,433.264,433.535,1350.9000244140625,479.79998779296875,271.000000000015,active,
1.0,433.592,433.792,694.7000122070312,570.0999755859375,199.99999999998863,active,
1.0,433.81,433.96,641.7000122070312,587.9000244140625,149.99999999997726,active,
1.0,433.998,434.447,281.79998779296875,619.0999755859375,449.0000000000123,active,
1.0,434.778,434.812,834.7999877929688,584.5,33.999999999991815,active,
1.0,434.822,435.56,824.5999755859375,602.2999877929688,737.9999999999995,active,
1.0,435.604,435.822,1097.699951171875,536.5999755859375,218.00000000001774,active,
1.0,435.849,436.224,1234.5999755859375,599.0999755859375,375.0,active,
1.0,436.257,436.516,1406.199951171875,561.2000122070312,259.00000000001455,active,
1.0,436.543,436.705,1436.0,419.79998779296875,161.99999999997772,active,
1.0,436.733,437.01,1265.800048828125,487.79998779296875,276.9999999999868,active,
1.0,437.051,437.481,928.7000122070312,578.5999755859375,430.0000000000068,active,
1.0,437.525,437.684,1300.800048828125,479.1000061035156,159.00000000004866,active,
1.0,437.712,437.904,1337.9000244140625,310.3999938964844,192.00000000000728,active,
1.0,437.93,438.186,1211.5999755859375,239.0,255.9999999999718,active,
1.0,438.259,438.667,558.7000122070312,462.29998779296875,407.9999999999586,active,
1.0,439.061,439.449,1202.5,376.20001220703125,388.00000000003365,active,
1.0,439.496,439.879,967.0999755859375,573.9000244140625,383.0000000000382,active,
1.0,439.911,440.227,803.5,645.2999877929688,315.9999999999741,active,
1.0,440.277,440.546,543.4000244140625,695.2000122070312,269.00000000000546,active,
1.0,440.569,440.71,449.79998779296875,587.5999755859375,140.9999999999627,active,
1.0,440.732,441.045,362.8999938964844,494.0,312.9999999999882,active,
1.0,441.106,441.264,770.5,434.5,158.00000000001546,active,
1.0,441.327,441.563,1178.5,618.7000122070312,235.99999999999,active,
1.0,441.58,442.046,1155.5,659.5999755859375,466.0000000000082,active,
1.0,442.073,442.253,1030.300048828125,622.7000122070312,180.00000000000682,active,
1.0,442.277,442.432,1072.0999755859375,469.29998779296875,155.00000000002956,active,
1.0,442.465,442.758,876.0999755859375,430.20001220703125,293.00000000000637,active,
1.0,442.8,442.983,714.9000244140625,606.7000122070312,182.99999999999272,active,
1.0,443.069,443.093,591.5999755859375,639.5999755859375,24.00000000000091,active,
1.0,443.276,443.305,698.0,675.5999755859375,28.999999999996362,active,
1.0,443.627,443.722,868.2000122070312,594.7999877929688,94.99999999997044,active,
1.0,443.74,443.986,805.7999877929688,625.4000244140625,245.9999999999809,active,
1.0,443.998,444.119,850.2000122070312,610.2999877929688,121.00000000003774,active,
1.0,444.146,444.404,958.0,507.6000061035156,257.99999999998136,active,
1.0,444.414,444.865,927.4000244140625,494.29998779296875,451.0000000000218,active,
1.0,445.594,445.736,479.79998779296875,904.2000122070312,141.9999999999959,active,
1.0,445.812,446.211,369.0,684.7999877929688,399.0000000000009,active,
1.0,446.272,446.522,764.7000122070312,598.4000244140625,250.0,active,
1.0,446.942,447.133,1003.9000244140625,680.2000122070312,190.99999999997408,active,
1.0,447.148,447.271,1005.0999755859375,621.5,122.99999999999045,active,
1.0,447.314,447.67,705.7999877929688,619.7000122070312,355.99999999999454,active,
1.0,447.719,447.999,599.0,995.0,280.00000000002956,active,
1.0,448.048,448.348,935.5,847.9000244140625,300.00000000001137,active,
1.0,448.371,448.596,832.4000244140625,909.2000122070312,225.00000000002274,active,
1.0,448.635,448.866,966.7999877929688,672.0,230.99999999999454,active,
1.0,448.883,449.62,1007.5999755859375,634.2000122070312,737.0000000000232,active,
1.0,449.659,449.926,800.4000244140625,658.4000244140625,266.9999999999959,active,
1.0,450.258,450.36,874.5,617.2000122070312,102.00000000003229,active,
1.0,450.375,450.918,830.7000122070312,605.5,543.0000000000064,active,
1.0,450.955,451.296,685.2999877929688,709.7999877929688,341.0000000000082,active,
1.0,451.323,451.469,820.5,640.0999755859375,146.000000000015,active,
1.0,451.495,451.742,905.5999755859375,536.9000244140625,247.0000000000141,active,
1.0,451.788,451.942,1193.800048828125,479.29998779296875,153.99999999999636,active,
1.0,451.976,452.223,1376.699951171875,509.6000061035156,247.0000000000141,active,
1.0,452.27,452.606,966.4000244140625,578.7999877929688,336.00000000001273,active,
1.0,452.632,452.93,843.7999877929688,602.0,298.0000000000018,active,
1.0,452.943,453.544,881.0,585.0,600.9999999999991,active,
1.0,453.591,453.742,607.2000122070312,630.0999755859375,151.00000000001046,active,
1.0,453.959,453.989,668.5999755859375,476.20001220703125,29.999999999972715,active,
1.0,454.019,454.118,664.2999877929688,552.2999877929688,98.99999999998954,active,
1.0,454.176,454.381,1084.4000244140625,590.0999755859375,204.99999999998408,active,
1.0,454.403,454.812,1053.800048828125,466.79998779296875,408.9999999999918,active,
1.0,454.861,455.123,1139.4000244140625,734.9000244140625,262.00000000000045,active,
1.0,455.156,455.333,1046.5999755859375,872.5,177.00000000002092,active,
1.0,455.366,455.631,857.5,796.9000244140625,264.99999999998636,active,
1.0,455.646,455.976,819.2000122070312,782.5,329.9999999999841,active,
1.0,455.989,456.203,809.2000122070312,734.0,213.99999999999864,active,
1.0,456.244,456.625,544.2000122070312,765.0999755859375,380.9999999999718,active,
1.0,457.02,457.084,1074.5,571.5,64.00000000002137,active,
1.0,457.124,457.513,871.7000122070312,633.2000122070312,388.99999999995316,active,
1.0,457.552,457.791,704.2000122070312,764.9000244140625,238.9999999999759,active,
1.0,457.817,458.047,672.0,631.7000122070312,230.0000000000182,active,
1.0,458.072,458.317,559.2999877929688,587.7000122070312,245.00000000000455,active,
1.0,458.363,458.498,977.5999755859375,566.5,134.9999999999909,active,
1.0,458.874,458.984,1034.0999755859375,544.7999877929688,109.9999999999568,active,
1.0,459.048,459.366,593.5999755859375,486.1000061035156,317.99999999998363,active,
1.0,459.415,459.54,351.3999938964844,563.5999755859375,125.0,active,
1.0,459.588,459.77,299.0,790.5,181.99999999995953,active,
1.0,459.798,460.009,302.0,932.5999755859375,211.00000000001273,active,
1.0,460.063,460.248,780.0,861.7999877929688,185.00000000000227,active,
1.0,460.279,460.604,758.4000244140625,679.2999877929688,324.99999999998863,active,
1.0,460.626,460.958,868.2999877929688,688.4000244140625,332.0000000000505,active,
1.0,461.27,461.313,944.9000244140625,560.4000244140625,43.00000000000637,active,
1.0,461.335,461.646,842.0999755859375,602.5,311.00000000003547,active,
1.0,461.66,461.895,789.2000122070312,579.7000122070312,234.9999999999568,active,
1.0,461.933,462.135,786.7000122070312,812.4000244140625,201.99999999999818,active,
1.0,462.145,462.553,816.5999755859375,808.7999877929688,408.00000000001546,active,
1.0,462.592,462.844,1061.300048828125,868.4000244140625,252.00000000000955,active,
1.0,462.861,463.238,1107.4000244140625,833.4000244140625,377.00000000000955,active,
1.0,463.258,463.396,1068.199951171875,887.7000122070312,138.00000000003365,active,
1.0,463.405,463.826,845.5,610.9000244140625,421.0000000000491,,
1.0,463.836,465.01,849.7000122070312,630.2999877929688,1173.9999999999782,,
1.0,465.313,465.347,809.7000122070312,584.5,33.999999999991815,passive,
1.0,465.388,465.532,950.7000122070312,811.7999877929688,144.00000000000546,passive,
1.0,465.547,467.09,922.0999755859375,784.7000122070312,1542.9999999999495,passive,
1.0,467.756,468.438,1267.300048828125,1003.4000244140625,682.0000000000164,passive,
1.0,468.484,468.632,842.7000122070312,723.5,148.00000000002456,passive,
1.0,468.654,469.377,847.5,629.4000244140625,723.0000000000132,passive,
1.0,469.411,469.578,880.5,792.9000244140625,166.99999999997317,passive,
1.0,469.603,469.919,772.2000122070312,827.2000122070312,315.9999999999741,passive,
1.0,469.946,470.215,894.2000122070312,838.7000122070312,268.9999999999486,passive,
1.0,470.226,470.424,921.7999877929688,869.5,197.99999999997908,passive,
1.0,470.456,470.721,748.7000122070312,891.7999877929688,264.99999999998636,passive,
1.0,470.982,471.08,1366.9000244140625,646.5,97.99999999995634,passive,
1.0,471.129,471.601,1090.199951171875,339.5,471.99999999998,passive,
1.0,471.645,471.807,905.2000122070312,545.5,162.00000000003456,passive,
1.0,471.829,472.304,836.0999755859375,621.0,474.9999999999659,passive,
1.0,472.617,472.671,860.7000122070312,663.4000244140625,53.999999999973625,passive,
1.0,472.691,473.203,825.7999877929688,735.5999755859375,512.0000000000005,passive,
1.0,473.229,473.419,873.0999755859375,590.2999877929688,189.99999999999773,passive,
1.0,473.46,473.735,1069.300048828125,476.1000061035156,275.0000000000341,passive,
1.0,473.758,474.008,970.5,457.0,250.0,passive,
1.0,474.049,474.307,861.2000122070312,657.9000244140625,258.0000000000382,passive,
1.0,474.329,474.694,857.9000244140625,747.5999755859375,365.0000000000091,passive,
1.0,474.718,474.919,771.0999755859375,786.5,200.99999999996498,passive,
1.0,474.955,475.041,569.5999755859375,705.0,86.00000000001273,passive,
1.0,475.069,475.3,476.29998779296875,566.5999755859375,230.99999999999454,passive,
1.0,475.344,475.496,775.0999755859375,554.2999877929688,151.9999999999868,passive,
1.0,475.516,475.724,836.2000122070312,572.7000122070312,207.99999999997,passive,
1.0,476.048,476.107,903.4000244140625,574.2999877929688,59.00000000002592,passive,
1.0,476.123,476.284,836.7999877929688,583.0999755859375,161.00000000000136,passive,
1.0,476.319,476.578,970.9000244140625,457.8999938964844,258.9999999999577,passive,
1.0,476.599,476.944,996.0,385.79998779296875,345.0000000000273,passive,
1.0,476.965,477.227,965.5999755859375,446.20001220703125,262.00000000000045,passive,
1.0,477.252,477.446,1080.5,451.8999938964844,194.00000000001683,passive,
1.0,477.495,477.704,707.5999755859375,687.5,209.00000000000318,passive,
1.0,477.717,477.85,744.2999877929688,667.7000122070312,133.0000000000382,passive,
1.0,477.891,478.172,459.1000061035156,707.0,281.0000000000059,passive,
1.0,478.228,478.564,923.2999877929688,551.0,336.00000000001273,passive,
1.0,478.605,478.767,1106.0999755859375,523.4000244140625,161.99999999997772,passive,
1.0,478.813,479.131,1441.699951171875,509.3999938964844,317.99999999998363,passive,
1.0,479.176,479.534,1035.300048828125,461.0,358.0000000000041,passive,
1.0,479.573,479.865,840.5999755859375,613.4000244140625,292.00000000003,passive,
1.0,480.231,480.681,840.5999755859375,620.5,449.99999999998863,passive,
1.0,480.707,481.061,889.5,753.0,353.999999999985,passive,
1.0,481.081,481.334,826.7999877929688,795.5999755859375,252.9999999999859,passive,
1.0,481.365,481.535,1011.7999877929688,696.9000244140625,170.00000000001592,passive,
1.0,481.565,482.008,940.0,526.9000244140625,442.99999999998363,passive,
1.0,482.037,482.403,799.7000122070312,613.0,366.0000000000423,passive,
1.0,482.42,483.187,850.2999877929688,621.7000122070312,766.9999999999959,passive,
1.0,483.216,483.651,818.0999755859375,438.29998779296875,435.0000000000023,passive,
1.0,483.853,483.894,686.5,357.0,40.99999999999682,passive,
1.0,483.912,484.161,683.9000244140625,428.6000061035156,249.00000000002365,passive,
1.0,484.218,484.48,1243.5999755859375,573.2999877929688,262.00000000000045,passive,
1.0,484.494,484.682,1202.699951171875,608.2000122070312,187.99999999998818,passive,
1.0,484.732,485.108,806.5,488.1000061035156,375.99999999997635,passive,
1.0,485.125,485.341,829.5999755859375,556.2000122070312,216.00000000000819,passive,
1.0,485.352,486.007,838.2000122070312,624.9000244140625,655.0000000000296,passive,
1.0,486.354,486.593,907.2999877929688,618.0,239.00000000003274,passive,
1.0,486.618,487.101,822.2000122070312,629.5,483.0000000000041,passive,
1.0,487.141,487.361,1030.5999755859375,683.0,219.99999999997044,passive,
1.0,487.385,487.885,920.5999755859375,654.7999877929688,500.0,passive,
1.0,488.041,488.224,1057.800048828125,638.2999877929688,182.99999999999272,passive,
1.0,489.171,489.211,1510.699951171875,533.2000122070312,40.000000000020464,passive,
1.0,490.471,491.668,802.4000244140625,700.7000122070312,1197.0000000000027,passive,
1.0,491.685,491.767,803.9000244140625,677.7999877929688,81.99999999999363,passive,
1.0,491.845,491.88,804.5,678.5,34.99999999996817,passive,
1.0,492.816,492.846,816.0,638.7000122070312,30.00000000002956,passive,
1.0,493.066,493.26,842.2999877929688,685.5,194.00000000001683,passive,
1.0,493.643,494.061,871.7999877929688,604.5999755859375,418.00000000000637,passive,
1.0,494.093,494.396,634.4000244140625,530.5,302.99999999999727,passive,
1.0,494.432,495.037,482.29998779296875,581.7000122070312,604.9999999999613,passive,
1.0,495.073,495.65,675.5999755859375,611.5,576.9999999999982,passive,
1.0,495.677,496.069,813.0999755859375,601.0,391.9999999999959,passive,
1.0,496.087,496.479,864.5999755859375,604.5,391.9999999999959,passive,
1.0,496.517,496.769,660.5,666.7000122070312,252.00000000000955,passive,
1.0,497.1,497.147,653.0999755859375,513.4000244140625,46.99999999996862,passive,
1.0,497.17,497.256,657.0999755859375,554.9000244140625,85.99999999995589,passive,
1.0,497.29,497.322,656.0,581.9000244140625,31.999999999982265,passive,
1.0,497.61,497.637,648.9000244140625,577.4000244140625,26.999999999986812,passive,
1.0,497.786,497.893,694.9000244140625,632.5,106.9999999999709,passive,
1.0,498.574,498.62,757.7999877929688,678.9000244140625,45.99999999999227,passive,
1.0,498.789,498.913,670.4000244140625,541.0999755859375,124.00000000002365,passive,
1.0,498.984,499.154,856.2999877929688,459.6000061035156,170.00000000001592,passive,
1.0,499.195,499.402,1068.800048828125,428.70001220703125,206.99999999999363,passive,
1.0,499.442,499.821,1302.800048828125,437.6000061035156,379.0000000000191,passive,
1.0,499.88,500.138,918.5,593.4000244140625,257.99999999998136,passive,
1.0,500.185,500.567,538.2000122070312,675.9000244140625,382.000000000005,passive,
1.0,500.636,500.783,773.9000244140625,657.0,146.99999999999136,passive,
1.0,500.805,500.952,895.7999877929688,615.5999755859375,146.99999999999136,passive,
1.0,501.355,501.752,849.0,633.7000122070312,396.99999999999136,passive,
1.0,501.793,501.96,632.0,643.2999877929688,166.99999999997317,passive,
1.0,502.0,502.262,627.7999877929688,861.7999877929688,262.00000000000045,passive,
1.0,502.292,502.583,763.4000244140625,693.0999755859375,291.00000000005366,passive,
1.0,502.608,503.119,790.7000122070312,579.2999877929688,511.0000000000241,passive,
1.0,503.132,503.267,767.7000122070312,657.0999755859375,134.9999999999909,passive,
1.0,503.325,503.541,719.0,410.70001220703125,216.00000000000819,passive,
1.0,503.561,503.871,760.7999877929688,369.70001220703125,310.0000000000023,passive,
1.0,503.913,504.178,837.7999877929688,587.0,264.99999999998636,passive,
1.0,504.737,504.818,784.5,663.4000244140625,80.99999999996044,passive,
1.0,505.443,505.707,762.2999877929688,666.5,264.00000000001,passive,
1.0,505.73,505.923,865.7999877929688,624.5999755859375,192.99999999998363,passive,
1.0,505.929,505.981,881.4000244140625,602.2999877929688,52.00000000002092,passive,
1.0,506.146,506.27,865.5999755859375,580.7000122070312,123.9999999999668,passive,
1.0,506.291,506.371,862.0999755859375,592.5,79.99999999998408,passive,
1.0,506.398,506.462,857.7999877929688,598.4000244140625,63.99999999996453,passive,
1.0,506.964,507.058,843.0999755859375,474.79998779296875,93.99999999999409,passive,
1.0,507.236,507.293,847.4000244140625,512.7000122070312,57.00000000001637,passive,
1.0,507.341,507.364,852.4000244140625,530.7999877929688,22.999999999967713,passive,
1.0,507.375,507.919,839.0999755859375,597.9000244140625,543.9999999999827,passive,
1.0,509.159,509.567,852.0999755859375,628.7999877929688,408.00000000001546,,
1.0,509.919,510.062,1005.2999877929688,604.7000122070312,143.0000000000291,passive,
1.0,510.086,510.204,878.5999755859375,609.7999877929688,117.999999999995,passive,
1.0,510.535,510.583,820.2999877929688,610.4000244140625,48.00000000000182,passive,
1.0,510.592,510.793,846.5,624.7000122070312,201.00000000002183,passive,
1.0,510.801,511.232,828.0,630.0999755859375,431.00000000004,passive,
1.0,511.268,511.622,703.2000122070312,806.4000244140625,354.00000000004184,passive,
1.0,511.647,511.834,630.0,888.0999755859375,187.00000000001182,passive,
1.0,511.884,512.232,269.1000061035156,760.7000122070312,347.99999999995634,passive,
1.0,512.284,512.516,627.0,530.5999755859375,231.9999999999709,passive,
1.0,512.562,512.835,901.4000244140625,471.1000061035156,273.00000000002456,passive,
1.0,512.868,513.083,1117.199951171875,323.8999938964844,214.99999999991815,passive,
1.0,513.52,513.777,921.5999755859375,574.0999755859375,257.00000000006185,passive,
1.0,513.802,514.151,796.7999877929688,571.2999877929688,348.9999999999327,passive,
1.0,514.203,514.474,459.0,740.2000122070312,271.00000000007185,passive,
1.0,514.516,514.835,771.7999877929688,803.0999755859375,319.00000000007367,passive,
1.0,515.281,515.315,1119.4000244140625,695.2999877929688,34.0000000001055,passive,
1.0,515.354,515.508,854.0999755859375,650.0999755859375,153.99999999999636,passive,
1.0,515.516,516.172,845.7000122070312,630.0,656.0000000000628,passive,
1.0,516.203,516.368,645.2999877929688,592.4000244140625,165.0000000000773,passive,
1.0,516.631,516.941,771.2000122070312,584.0,310.0000000000591,passive,
1.0,516.977,517.363,912.2000122070312,629.7000122070312,386.00000000008095,passive,
1.0,517.391,517.852,818.2000122070312,676.5999755859375,461.00000000001273,passive,
1.0,518.028,518.105,933.7999877929688,671.4000244140625,76.99999999999818,passive,
1.0,518.199,518.277,850.7000122070312,490.3999938964844,78.00000000008822,passive,
1.0,519.11,519.349,845.5999755859375,730.4000244140625,239.00000000003274,passive,
1.0,519.428,519.55,1165.0,706.7999877929688,121.99999999995725,passive,
1.0,519.655,520.192,1533.5999755859375,666.4000244140625,537.0000000000346,passive,
1.0,520.25,520.396,974.2000122070312,641.2999877929688,145.99999999995816,passive,
1.0,520.416,520.536,886.5999755859375,623.0999755859375,119.99999999989086,passive,
1.0,521.04,521.06,850.5,592.9000244140625,19.99999999998181,passive,
1.0,521.115,521.877,663.7000122070312,667.4000244140625,761.9999999999436,passive,
1.0,521.918,522.14,836.0999755859375,742.0999755859375,221.99999999998,passive,
1.0,522.184,522.353,1146.300048828125,691.2000122070312,168.99999999998272,passive,
1.0,522.653,522.76,1129.4000244140625,513.5,106.9999999999709,passive,
1.0,522.813,523.124,700.5999755859375,585.4000244140625,311.00000000003547,passive,
1.0,523.147,523.529,648.7999877929688,611.5,381.99999999994816,passive,
1.0,523.558,523.861,495.70001220703125,681.7999877929688,302.99999999999727,passive,
1.0,523.907,524.131,810.0,660.2999877929688,223.9999999999327,passive,
1.0,524.149,524.285,880.7999877929688,640.7000122070312,135.99999999996726,passive,
1.0,524.615,524.64,893.2000122070312,535.7000122070312,24.999999999977263,passive,
1.0,524.717,524.839,857.5,603.4000244140625,122.00000000007094,passive,
1.0,524.866,524.887,859.5,608.7000122070312,20.999999999958163,passive,
1.0,524.911,524.988,859.5,630.7000122070312,77.00000000011187,passive,
1.0,525.023,526.032,687.7000122070312,691.7000122070312,1009.0000000000146,passive,
1.0,526.403,526.435,730.2999877929688,586.9000244140625,31.99999999992542,passive,
1.0,526.467,526.74,726.5,652.5999755859375,273.00000000002456,passive,
1.0,526.795,527.007,910.5,647.7999877929688,211.9999999999891,passive,
1.0,527.044,527.447,723.2000122070312,665.7000122070312,403.00000000002,passive,
1.0,527.498,527.683,570.5999755859375,828.4000244140625,184.99999999994543,passive,
1.0,527.748,528.14,693.5,667.4000244140625,391.99999999993906,passive,
1.0,528.162,528.402,776.4000244140625,653.7999877929688,240.0000000000091,passive,
1.0,528.863,529.089,840.9000244140625,607.9000244140625,225.9999999999991,passive,
1.0,529.156,529.45,1150.5999755859375,498.8999938964844,294.0000000000964,passive,
1.0,529.478,529.678,1201.300048828125,315.29998779296875,200.00000000004547,passive,
1.0,529.696,530.069,1217.5,251.89999389648438,372.9999999999336,passive,
1.0,530.58,530.943,1016.5999755859375,416.8999938964844,362.9999999999427,passive,
1.0,530.955,530.992,1025.4000244140625,411.70001220703125,36.999999999920874,passive,
1.0,531.158,531.531,1019.5999755859375,472.20001220703125,372.9999999999336,passive,
1.0,531.609,532.523,922.2000122070312,572.5999755859375,913.9999999999873,passive,
1.0,532.532,532.738,895.7999877929688,602.2000122070312,206.00000000001728,passive,
1.0,532.748,533.463,858.2000122070312,615.2000122070312,714.9999999999181,passive,
1.0,533.876,534.232,811.0,454.70001220703125,355.99999999999454,passive,
1.0,534.258,534.496,690.7999877929688,533.7999877929688,237.9999999999427,passive,
1.0,534.513,534.786,625.5999755859375,524.7000122070312,272.99999999991087,passive,
1.0,534.827,535.183,808.0,461.3999938964844,355.99999999999454,passive,
1.0,535.246,535.543,1150.0999755859375,452.5,297.00000000002547,passive,
1.0,535.556,535.784,1121.800048828125,463.0,227.9999999999518,passive,
1.0,535.832,536.035,684.9000244140625,497.70001220703125,202.99999999997453,passive,
1.0,536.5,536.591,833.9000244140625,450.29998779296875,91.00000000000819,passive,
1.0,536.603,536.672,831.7000122070312,454.1000061035156,69.00000000007367,passive,
1.0,536.692,536.813,830.4000244140625,462.8999938964844,120.9999999999809,passive,
1.0,536.82,536.843,835.5,473.70001220703125,22.99999999991087,passive,
1.0,537.048,537.191,1099.4000244140625,425.20001220703125,143.0000000000291,passive,
1.0,537.38,537.52,1118.199951171875,475.8999938964844,139.99999999998636,passive,
1.0,537.552,537.744,938.4000244140625,543.5999755859375,192.00000000000728,passive,
1.0,537.76,538.393,880.2999877929688,564.2999877929688,633.0000000000382,passive,
1.0,538.437,538.791,650.2999877929688,676.7999877929688,354.00000000004184,passive,
1.0,539.142,539.302,597.4000244140625,653.0,159.99999999996817,passive,
1.0,539.333,539.554,774.0,622.0999755859375,221.00000000000364,passive,
1.0,539.589,540.027,974.9000244140625,638.0,437.9999999999882,passive,
1.0,540.054,540.218,1153.4000244140625,688.5999755859375,163.99999999998727,passive,
1.0,540.273,540.567,828.7000122070312,684.5999755859375,293.9999999999827,passive,
1.0,540.588,541.426,748.4000244140625,630.2999877929688,838.0000000000791,passive,
1.0,541.449,541.563,845.5999755859375,599.9000244140625,114.00000000003274,passive,
1.0,541.946,542.857,858.0999755859375,601.0,910.9999999999445,passive,
1.0,542.868,543.487,824.9000244140625,621.7999877929688,618.9999999999145,passive,
1.0,543.506,543.602,921.0,597.7999877929688,96.00000000000364,passive,
1.0,544.276,544.314,804.4000244140625,602.5999755859375,38.000000000010914,passive,
1.0,544.356,544.536,807.5,641.0999755859375,179.99999999994998,passive,
1.0,544.563,544.588,961.5,631.5999755859375,24.999999999977263,passive,
1.0,545.173,545.347,1125.800048828125,633.7999877929688,173.99999999997817,passive,
1.0,545.372,545.483,1188.4000244140625,543.7000122070312,110.99999999999,passive,
1.0,545.506,545.892,1096.4000244140625,452.6000061035156,386.00000000008095,passive,
1.0,545.901,546.31,1121.0999755859375,462.0,408.9999999999918,passive,
1.0,546.339,546.46,1279.800048828125,468.6000061035156,120.9999999999809,passive,
1.0,546.666,546.694,1440.0999755859375,378.0,27.999999999906322,passive,
1.0,546.72,546.763,1437.800048828125,377.79998779296875,43.00000000000637,passive,
1.0,546.81,547.075,1027.5999755859375,642.7999877929688,265.00000000010004,passive,
1.0,547.089,547.536,978.0,682.2999877929688,446.99999999988904,passive,
1.0,548.135,548.517,720.0999755859375,732.2000122070312,382.00000000006185,passive,
1.0,548.656,548.842,1005.5999755859375,648.5999755859375,186.00000000003547,passive,
1.0,548.894,549.268,920.5999755859375,485.20001220703125,374.00000000002365,passive,
1.0,549.329,549.795,557.2999877929688,585.5999755859375,466.0000000000082,passive,
1.0,549.845,550.633,1002.2000122070312,641.7999877929688,788.0000000000109,passive,
1.0,550.642,550.717,816.7000122070312,650.2000122070312,74.99999999993179,,
1.0,551.49,551.729,860.0,622.7999877929688,239.00000000003274,passive,
1.0,552.073,552.25,-135.39999389648438,708.5999755859375,177.00000000002092,passive,
1.0,552.299,552.452,551.5999755859375,753.2000122070312,153.00000000002,passive,
1.0,552.493,552.73,799.7000122070312,724.5999755859375,236.99999999996635,passive,
1.0,552.758,552.986,975.7000122070312,748.4000244140625,227.9999999999518,passive,
1.0,553.001,553.329,1031.300048828125,734.5,327.99999999997453,passive,
1.0,553.356,553.71,893.7000122070312,632.7999877929688,354.00000000004184,passive,
1.0,553.746,554.281,642.4000244140625,641.5,534.9999999999682,passive,
1.0,554.328,554.56,245.6999969482422,746.0,231.9999999999709,passive,
1.0,554.984,555.282,995.0999755859375,745.7999877929688,298.0000000000018,passive,
1.0,555.319,555.538,822.7000122070312,628.2999877929688,219.00000000005093,passive,
1.0,555.55,556.27,847.5,638.2999877929688,720.0000000000273,passive,
1.0,556.286,556.659,793.7000122070312,642.5,373.0000000000473,passive,
1.0,557.114,557.205,1351.0,581.4000244140625,91.00000000000819,passive,
1.0,557.237,557.506,1574.5,579.5999755859375,269.00000000000546,passive,
1.0,557.529,557.844,1665.0,562.9000244140625,315.00000000005457,passive,
1.0,557.899,558.134,1022.7999877929688,588.2000122070312,235.00000000001364,passive,
1.0,558.174,558.328,796.5,601.2999877929688,153.99999999999636,passive,
1.0,558.37,558.624,609.2999877929688,604.4000244140625,254.0000000000191,passive,
1.0,558.642,558.821,543.2000122070312,596.0999755859375,178.99999999997362,passive,
1.0,558.878,559.074,891.5,577.2000122070312,195.9999999999127,passive,
1.0,559.589,559.616,827.2000122070312,543.2999877929688,26.99999999992997,passive,
1.0,559.69,559.728,867.4000244140625,587.9000244140625,37.99999999989723,passive,
1.0,559.759,559.92,858.2000122070312,626.5,160.99999999994452,passive,
1.0,559.93,560.665,825.2999877929688,642.4000244140625,735.0000000000136,passive,
1.0,560.767,560.914,1320.4000244140625,515.4000244140625,146.99999999993452,passive,
1.0,561.313,561.499,1323.4000244140625,539.5999755859375,186.00000000003547,passive,
1.0,561.523,561.974,1447.9000244140625,557.2000122070312,451.0000000000218,passive,
1.0,561.998,562.308,1540.800048828125,523.0,309.99999999994543,passive,
1.0,562.355,562.922,1100.5999755859375,670.7000122070312,567.0000000000073,passive,
1.0,562.986,563.128,731.7999877929688,649.7999877929688,142.00000000005275,passive,
1.0,563.151,563.305,827.2000122070312,640.7000122070312,153.99999999999636,passive,
1.0,563.645,563.897,858.7999877929688,622.7999877929688,252.0000000000664,passive,
1.0,563.939,564.246,1022.5,481.1000061035156,307.00000000001637,passive,
1.0,564.27,564.529,999.0,349.8999938964844,259.00000000001455,passive,
1.0,564.539,564.877,1043.0999755859375,333.5,337.99999999996544,passive,
1.0,564.915,565.143,731.9000244140625,340.79998779296875,228.00000000006548,passive,
1.0,565.154,565.489,696.7000122070312,327.20001220703125,335.0000000000364,passive,
1.0,565.496,566.093,716.0999755859375,324.20001220703125,596.99999999998,passive,
1.0,566.152,566.426,957.2999877929688,701.5999755859375,274.0000000000009,passive,
1.0,566.477,566.695,1254.4000244140625,588.7999877929688,218.00000000007458,passive,
1.0,566.749,566.967,789.4000244140625,357.79998779296875,217.9999999999609,passive,
1.0,566.988,567.168,710.5,335.29998779296875,179.99999999994998,passive,
1.0,567.221,567.333,930.2999877929688,649.2000122070312,111.99999999996635,passive,
1.0,567.612,567.632,855.0999755859375,509.0,19.99999999998181,passive,
1.0,567.67,567.756,842.7000122070312,595.9000244140625,86.00000000001273,passive,
1.0,567.765,568.303,844.0999755859375,630.0,538.0000000000109,passive,
1.0,568.331,568.62,977.7999877929688,553.0999755859375,288.99999999998727,passive,
1.0,569.009,569.315,1027.699951171875,531.7000122070312,306.00000000004,passive,
1.0,569.353,569.446,1250.199951171875,517.5,93.00000000007458,passive,
1.0,569.49,569.761,1606.199951171875,498.70001220703125,270.99999999995816,passive,
1.0,569.827,571.363,977.7999877929688,519.7000122070312,1536.0000000000582,passive,
1.0,571.375,571.616,939.2000122070312,526.5,240.99999999998545,passive,
1.0,571.625,571.996,930.2999877929688,586.7999877929688,370.9999999999809,passive,
1.0,572.01,572.188,873.0999755859375,623.5999755859375,177.99999999999727,passive,
1.0,572.199,572.629,834.7000122070312,623.2999877929688,430.00000000006366,passive,
1.0,572.951,573.0,882.0999755859375,562.7999877929688,48.99999999997817,passive,
1.0,573.046,573.312,406.0,630.5,265.9999999999627,passive,
1.0,573.337,573.602,335.5,540.4000244140625,264.99999999998636,passive,
1.0,573.625,573.927,316.29998779296875,431.79998779296875,302.0000000000209,passive,
1.0,573.946,574.211,265.0,456.5,264.99999999998636,passive,
1.0,574.54,574.598,310.1000061035156,499.3999938964844,57.999999999992724,passive,
1.0,574.641,574.724,309.0,526.7000122070312,83.00000000008367,passive,
1.0,574.774,574.817,781.2000122070312,513.7000122070312,43.00000000000637,passive,
1.0,574.833,575.052,778.7999877929688,572.0999755859375,219.00000000005093,passive,
1.0,575.091,576.155,959.7999877929688,585.0,1063.9999999999645,passive,
1.0,576.178,576.39,970.0999755859375,711.9000244140625,211.9999999999891,passive,
1.0,576.419,576.75,815.5999755859375,747.0,331.0000000000173,passive,
1.0,576.772,576.932,892.5999755859375,808.4000244140625,159.99999999996817,passive,
1.0,576.975,577.346,1229.5,822.5999755859375,370.9999999999809,passive,
1.0,577.372,577.531,1355.0999755859375,714.5999755859375,158.99999999999181,passive,
1.0,577.577,577.991,874.0999755859375,723.2999877929688,413.99999999998727,passive,
1.0,578.011,578.303,807.9000244140625,725.2000122070312,292.00000000003,passive,
1.0,578.687,578.748,834.0999755859375,549.4000244140625,61.00000000003547,passive,
1.0,578.765,579.282,843.0,611.5999755859375,517.0000000000528,passive,
1.0,579.322,579.512,1049.0999755859375,619.5,189.99999999994088,passive,
1.0,579.537,579.809,1125.5,476.8999938964844,271.9999999999345,passive,
1.0,579.849,580.101,902.9000244140625,509.70001220703125,251.9999999999527,passive,
1.0,580.128,580.378,774.5,488.0,250.0,passive,
1.0,580.406,580.619,667.7000122070312,532.2999877929688,213.00000000007913,passive,
1.0,580.663,580.894,992.2999877929688,437.29998779296875,230.99999999999454,passive,
1.0,580.925,581.488,1187.4000244140625,470.20001220703125,563.0000000001019,passive,
1.0,581.499,582.05,1227.5,448.20001220703125,550.9999999999309,passive,
1.0,582.082,582.467,1057.5999755859375,495.3999938964844,384.9999999999909,passive,
1.0,583.064,583.137,941.7999877929688,552.4000244140625,72.99999999997908,passive,
1.0,583.153,583.976,899.0999755859375,574.4000244140625,822.9999999999791,passive,
1.0,584.001,584.414,792.7000122070312,607.0999755859375,413.0000000000109,passive,
1.0,584.458,584.82,567.2999877929688,673.7999877929688,362.00000000008004,passive,
1.0,584.855,585.16,415.3999938964844,716.7999877929688,304.99999999995,passive,
1.0,585.601,586.226,1261.0,560.7000122070312,625.0,passive,
1.0,586.254,586.493,1073.300048828125,518.4000244140625,239.00000000003274,passive,
1.0,586.522,586.962,891.5999755859375,499.6000061035156,439.9999999999409,passive,
1.0,586.987,587.482,988.5999755859375,527.4000244140625,495.00000000000455,passive,
1.0,587.883,587.943,941.4000244140625,549.0,59.99999999994543,passive,
1.0,587.964,588.364,880.0999755859375,605.5999755859375,399.99999999997726,passive,
1.0,588.386,588.656,941.2999877929688,576.9000244140625,269.9999999999818,passive,
1.0,588.703,588.922,525.9000244140625,660.5,219.00000000005093,passive,
1.0,588.938,589.094,524.0,595.5999755859375,156.00000000006276,passive,
1.0,589.113,589.716,489.79998779296875,526.0999755859375,602.9999999999518,passive,
1.0,589.754,590.121,313.3999938964844,495.3999938964844,366.9999999999618,passive,
1.0,590.155,590.896,127.80000305175781,511.8999938964844,740.9999999999854,passive,
1.0,591.229,592.424,1217.5999755859375,539.5999755859375,1194.9999999999363,passive,
1.0,592.469,593.441,859.5999755859375,637.0999755859375,971.99999999998,passive,
1.0,593.822,593.905,902.7000122070312,651.4000244140625,82.99999999996999,passive,
1.0,593.943,594.141,896.9000244140625,807.5,197.99999999997908,passive,
1.0,594.186,594.663,1146.5,904.7000122070312,476.99999999997544,passive,
1.0,594.701,594.889,942.5999755859375,936.0,187.99999999998818,passive,
1.0,594.916,595.162,847.2999877929688,817.9000244140625,245.9999999999809,passive,
1.0,595.804,596.031,1004.7999877929688,688.0999755859375,226.99999999997544,passive,
1.0,596.111,596.458,1576.300048828125,487.5,346.99999999998,passive,
1.0,596.759,596.857,966.4000244140625,611.5,97.99999999995634,passive,
1.0,596.886,597.106,994.0999755859375,409.1000061035156,220.00000000002728,passive,
1.0,597.145,597.725,709.2000122070312,491.1000061035156,580.0000000000409,passive,
1.0,597.765,598.128,394.20001220703125,494.6000061035156,363.0000000000564,passive,
1.0,598.183,598.387,554.2000122070312,898.0999755859375,203.9999999999509,passive,
1.0,598.436,598.763,971.4000244140625,908.0999755859375,326.9999999999982,passive,
1.0,598.791,598.903,1107.9000244140625,870.5,111.99999999996635,passive,
1.0,598.951,599.137,815.4000244140625,663.4000244140625,185.99999999992178,passive,
1.0,599.149,600.306,856.9000244140625,645.7000122070312,1157.000000000039,passive,
1.0,600.631,600.654,891.0,533.0,23.000000000024556,passive,
1.0,600.749,600.873,890.0999755859375,613.7000122070312,124.00000000002365,passive,
1.0,601.498,601.678,1247.0999755859375,502.70001220703125,179.99999999994998,passive,
1.0,601.696,602.101,1164.0,515.2000122070312,404.9999999999727,passive,
1.0,602.144,602.346,865.9000244140625,629.2000122070312,201.99999999999818,passive,
1.0,602.354,602.657,848.0999755859375,640.2999877929688,302.99999999999727,passive,
1.0,602.697,602.912,1096.0,515.0999755859375,215.00000000003183,passive,
1.0,602.926,603.935,1097.0999755859375,481.6000061035156,1008.9999999999009,passive,
1.0,604.628,604.657,1134.0,370.3999938964844,28.999999999996362,passive,
1.0,605.075,605.515,804.2000122070312,775.2999877929688,439.9999999999409,passive,
1.0,605.737,605.76,1019.0,589.5999755859375,23.000000000024556,passive,
1.0,605.834,606.034,1072.5,492.29998779296875,200.00000000004547,passive,
1.0,606.046,606.698,1112.800048828125,457.8999938964844,651.99999999993,passive,
1.0,606.71,606.907,1175.800048828125,448.1000061035156,197.00000000000273,passive,
1.0,607.023,607.079,1220.9000244140625,386.79998779296875,55.99999999992633,passive,
1.0,607.273,607.528,1238.699951171875,402.3999938964844,254.99999999999545,passive,
1.0,607.704,608.398,1225.199951171875,490.79998779296875,694.0000000000737,passive,
1.0,608.656,609.008,876.2999877929688,596.5999755859375,352.00000000008913,passive,
1.0,609.054,609.234,582.9000244140625,550.7000122070312,180.00000000006366,passive,
1.0,609.256,609.394,590.9000244140625,475.3999938964844,138.00000000003365,passive,
1.0,609.441,609.908,848.2000122070312,691.0999755859375,466.99999999998454,passive,
1.0,609.937,610.114,977.7000122070312,604.0,177.00000000002092,passive,
1.0,610.137,610.451,854.2999877929688,612.2999877929688,314.0000000000782,passive,
1.0,611.115,611.471,889.9000244140625,580.9000244140625,355.99999999999454,passive,
1.0,611.508,612.246,1122.9000244140625,567.9000244140625,737.9999999999427,passive,
1.0,612.767,612.837,1136.0999755859375,454.0,69.99999999993634,passive,
1.0,613.178,613.252,1193.699951171875,480.79998779296875,73.99999999995543,passive,
1.0,613.378,613.413,1198.199951171875,465.1000061035156,34.99999999996817,passive,
1.0,613.47,613.539,1203.800048828125,460.20001220703125,68.99999999995998,passive,
1.0,614.4,614.533,922.5,628.4000244140625,133.0000000000382,passive,
1.0,614.545,615.091,871.2999877929688,635.0,546.0000000000491,passive,
1.0,615.44,615.612,1008.0,655.0999755859375,171.99999999991178,passive,
1.0,615.637,615.991,1040.5999755859375,735.5999755859375,354.00000000004184,passive,
1.0,616.003,616.28,989.4000244140625,745.2000122070312,276.99999999992997,passive,
1.0,616.289,616.631,1023.9000244140625,747.0,341.99999999998454,passive,
1.0,616.659,616.924,847.7999877929688,717.5,264.99999999998636,passive,
1.0,616.954,617.237,685.2000122070312,703.0,283.00000000001546,passive,
1.0,617.275,617.473,467.6000061035156,763.0,197.99999999997908,passive,
1.0,617.529,618.446,954.7000122070312,720.5999755859375,917.00000000003,passive,
1.0,620.301,620.985,962.5,737.5999755859375,683.9999999999691,passive,
1.0,621.004,621.263,857.7999877929688,773.9000244140625,259.00000000001455,passive,
1.0,621.286,621.474,935.5,771.5,188.00000000010186,passive,
1.0,621.483,621.663,844.5999755859375,623.5999755859375,180.00000000006366,,
1.0,621.68,621.96,875.5999755859375,630.7000122070312,280.0000000000864,,
1.0,622.469,622.5,846.5999755859375,584.5,30.99999999994907,constant,
1.0,622.555,622.588,847.7999877929688,596.4000244140625,33.00000000001546,constant,
1.0,622.664,622.698,851.0,593.2000122070312,33.999999999991815,constant,
1.0,622.717,622.738,886.5999755859375,570.9000244140625,21.00000000007185,constant,
1.0,622.755,623.256,866.9000244140625,619.5999755859375,500.99999999997635,constant,
1.0,623.285,623.453,881.7999877929688,414.29998779296875,168.00000000000637,constant,
1.0,623.462,623.926,890.0999755859375,380.8999938964844,464.0000000000555,constant,
1.0,624.219,624.244,677.2000122070312,558.0,24.999999999977263,constant,
1.0,624.69,624.738,902.0,593.5999755859375,48.00000000000182,constant,
1.0,624.811,625.058,890.5,716.5,246.99999999995725,constant,
1.0,625.831,625.862,999.5999755859375,682.2999877929688,30.99999999994907,constant,
1.0,625.895,626.31,900.2000122070312,609.7000122070312,414.9999999999636,constant,
1.0,626.679,626.703,895.4000244140625,416.6000061035156,24.00000000000091,constant,
1.0,626.716,627.214,894.2999877929688,369.79998779296875,498.0000000000473,constant,
1.0,627.252,627.501,876.2000122070312,494.70001220703125,249.00000000002365,constant,
1.0,627.529,627.842,866.4000244140625,645.0,312.9999999999882,constant,
1.0,628.117,628.153,904.5999755859375,681.0999755859375,36.00000000005821,constant,
1.0,628.836,628.903,934.2000122070312,501.3999938964844,67.00000000000728,constant,
1.0,629.228,629.634,888.4000244140625,360.6000061035156,406.00000000006276,constant,
1.0,629.69,630.019,653.9000244140625,522.4000244140625,328.9999999999509,constant,
1.0,630.064,630.3,901.9000244140625,661.0,235.99999999999,constant,
1.0,631.127,631.163,879.0999755859375,411.0,36.00000000005821,constant,
1.0,631.179,631.608,900.5,367.29998779296875,428.9999999999736,constant,
1.0,631.644,632.135,705.2999877929688,474.0,490.99999999998545,constant,
1.0,632.159,632.387,718.5,588.7999877929688,227.9999999999518,constant,
1.0,632.431,632.648,506.8999938964844,656.0999755859375,216.99999999998454,constant,
1.0,632.657,632.91,515.0,622.0,252.99999999992906,constant,
1.0,632.922,633.198,553.7999877929688,633.2999877929688,275.9999999999536,constant,
1.0,633.282,633.494,836.0999755859375,817.2999877929688,211.9999999999891,constant,
1.0,633.604,633.721,832.5,927.5999755859375,116.9999999999618,constant,
1.0,634.131,634.156,1077.5999755859375,647.5,24.999999999977263,constant,
1.0,634.217,634.361,931.9000244140625,466.0,144.00000000000546,constant,
1.0,634.889,635.131,914.2999877929688,475.6000061035156,241.9999999999618,constant,
1.0,635.159,635.515,970.0999755859375,630.4000244140625,355.99999999999454,constant,
1.0,635.533,635.581,970.9000244140625,614.7000122070312,48.00000000000182,constant,
1.0,635.597,635.742,970.0,594.2000122070312,144.9999999999818,constant,
1.0,635.777,635.836,976.0999755859375,595.2999877929688,58.99999999996908,constant,
1.0,636.045,636.082,999.4000244140625,512.0999755859375,37.00000000003456,constant,
1.0,636.744,636.782,880.7999877929688,409.3999938964844,38.000000000010914,constant,
1.0,636.801,637.015,904.2999877929688,365.8999938964844,213.9999999999418,constant,
1.0,640.372,640.564,536.0999755859375,573.9000244140625,192.00000000000728,constant,
1.0,640.58,640.628,537.0999755859375,568.0,48.00000000000182,constant,
1.0,640.647,640.673,546.0999755859375,540.7000122070312,25.999999999953616,constant,
1.0,640.697,640.958,550.5,522.5999755859375,260.99999999996726,constant,
1.0,640.965,641.09,549.4000244140625,538.2000122070312,125.0,constant,
1.0,641.595,641.633,912.2999877929688,295.5,38.000000000010914,constant,
1.0,641.654,642.258,916.0999755859375,359.20001220703125,604.0000000000418,constant,
1.0,642.267,642.36,891.5999755859375,362.29998779296875,92.99999999996089,constant,
1.0,647.766,647.801,924.5999755859375,301.70001220703125,35.000000000081855,constant,
1.0,647.915,649.081,929.7999877929688,347.29998779296875,1166.0000000000537,constant,
1.0,649.544,649.583,894.7999877929688,315.5,38.99999999998727,constant,
1.0,649.667,649.689,898.0,221.10000610351562,21.999999999934516,constant,
1.0,653.205,653.235,906.2000122070312,256.8999938964844,29.999999999972715,constant,
1.0,654.476,654.639,944.7000122070312,342.5,163.0000000000109,constant,
1.0,655.864,655.884,294.8999938964844,830.0999755859375,19.99999999998181,constant,
1.0,656.39,656.435,125.0,767.0999755859375,44.99999999995907,constant,
1.0,656.453,656.521,123.5999984741211,765.7999877929688,67.99999999998363,constant,
1.0,656.591,656.72,127.0999984741211,773.7000122070312,129.0000000000191,constant,
1.0,656.941,656.984,113.9000015258789,765.2000122070312,43.00000000000637,constant,
1.0,657.029,657.084,113.9000015258789,761.5,54.99999999994998,constant,
1.0,663.864,663.895,867.7999877929688,568.2000122070312,30.99999999994907,constant,
1.0,663.925,663.96,869.4000244140625,584.2999877929688,35.000000000081855,constant,
1.0,666.583,666.645,553.0999755859375,944.9000244140625,62.00000000001182,constant,
1.0,666.709,667.123,100.30000305175781,976.9000244140625,414.00000000010095,constant,
1.0,667.147,667.401,-14.0,954.0,253.9999999999054,constant,
1.0,667.461,667.701,-43.29999923706055,587.0,240.0000000000091,constant,
1.0,667.726,668.153,94.9000015258789,686.7000122070312,427.0000000000209,constant,
1.0,668.168,669.205,54.70000076293945,659.7000122070312,1037.0000000000346,constant,
1.0,669.648,669.801,121.19999694824219,502.79998779296875,153.00000000002,constant,
1.0,669.866,669.969,117.69999694824219,611.4000244140625,103.00000000006548,constant,
1.0,670.024,670.352,493.0,564.5999755859375,327.99999999997453,constant,
1.0,670.407,670.759,881.5999755859375,719.0999755859375,351.99999999997544,constant,
1.0,670.783,671.29,990.4000244140625,661.2000122070312,506.99999999994816,constant,
1.0,671.314,671.835,1080.5999755859375,634.5999755859375,521.0000000000719,constant,
1.0,673.075,673.144,791.4000244140625,407.0,68.99999999995998,constant,
1.0,673.303,673.408,798.0999755859375,451.0,105.00000000001819,constant,
1.0,673.465,673.515,799.7999877929688,467.70001220703125,49.999999999954525,constant,
1.0,673.575,673.65,797.9000244140625,505.70001220703125,74.99999999993179,constant,
1.0,673.723,673.913,1004.5999755859375,552.5,190.00000000005457,constant,
1.0,674.629,674.725,988.4000244140625,563.2000122070312,96.00000000000364,constant,
1.0,674.831,675.101,1678.5999755859375,603.9000244140625,269.9999999999818,constant,
1.0,675.158,675.452,1078.5999755859375,545.4000244140625,293.9999999999827,constant,
1.0,675.481,675.67,954.2000122070312,456.0,188.99999999996453,constant,
1.0,675.774,675.838,1404.800048828125,-46.400001525878906,63.99999999996453,constant,
1.0,675.847,675.874,1366.5,-139.5,27.000000000043656,constant,
1.0,675.916,676.618,1104.699951171875,-170.0,701.9999999999982,constant,
1.0,676.653,676.783,1192.5999755859375,55.70000076293945,129.99999999999545,constant,
1.0,677.031,677.085,1107.0,221.10000610351562,54.00000000008731,constant,
1.0,678.91,679.674,912.7999877929688,364.8999938964844,764.00000000001,constant,
1.0,679.739,679.863,789.2000122070312,648.0,124.00000000002365,constant,
1.0,679.877,680.762,815.0999755859375,635.4000244140625,884.9999999999909,constant,
1.0,680.831,681.123,432.70001220703125,752.0,292.00000000003,constant,
1.0,681.245,681.379,683.7999877929688,759.9000244140625,134.00000000001455,constant,
1.0,682.333,682.453,567.9000244140625,643.4000244140625,120.00000000000455,constant,
1.0,682.465,682.741,537.5999755859375,623.5999755859375,275.9999999999536,constant,
1.0,682.781,683.302,770.5999755859375,620.2000122070312,521.0000000000719,constant,
1.0,683.333,683.538,975.2999877929688,594.9000244140625,205.00000000004093,constant,
1.0,684.003,684.04,931.7999877929688,314.0,36.999999999920874,constant,
1.0,684.059,684.611,926.9000244140625,350.79998779296875,552.0000000000209,constant,
1.0,684.675,684.92,1471.5,366.0,245.00000000000455,constant,
1.0,685.327,685.379,910.5,288.1000061035156,52.00000000002092,constant,
1.0,685.486,685.597,904.9000244140625,310.5,110.99999999999,constant,
1.0,685.629,686.235,908.9000244140625,346.8999938964844,605.9999999999945,constant,
1.0,686.273,686.772,812.5,493.20001220703125,499.00000000002365,constant,
1.0,686.803,686.967,923.7000122070312,641.0999755859375,163.99999999998727,constant,
1.0,687.563,687.639,898.5,659.5999755859375,76.00000000002183,constant,
1.0,687.66,687.741,897.5999755859375,592.0,81.00000000001728,constant,
1.0,687.766,688.145,933.0,485.3999938964844,379.0000000000191,constant,
1.0,688.163,688.392,922.0999755859375,415.70001220703125,229.00000000004184,constant,
1.0,688.408,688.836,918.4000244140625,374.3999938964844,427.99999999999727,constant,
1.0,688.895,689.22,698.2000122070312,604.2000122070312,325.0000000000455,constant,
1.0,689.257,689.336,887.2999877929688,570.4000244140625,79.00000000006457,constant,
1.0,689.684,690.088,862.7000122070312,510.29998779296875,403.99999999999636,constant,
1.0,690.115,690.47,729.4000244140625,596.5999755859375,355.0000000000182,constant,
1.0,690.502,690.755,563.5,652.7999877929688,253.00000000004275,constant,
1.0,690.804,691.061,916.2999877929688,413.29998779296875,257.00000000006185,constant,
1.0,691.078,691.135,945.4000244140625,365.1000061035156,57.00000000001637,constant,
1.0,691.499,691.534,910.2999877929688,294.3999938964844,34.99999999996817,constant,
1.0,691.546,691.589,912.7999877929688,344.8999938964844,43.00000000000637,constant,
1.0,691.596,692.098,934.4000244140625,349.20001220703125,501.9999999999527,constant,
1.0,692.107,693.134,878.7000122070312,628.7000122070312,1027.0000000000437,,
1.0,693.144,693.28,906.7000122070312,625.7000122070312,135.99999999996726,constant,
1.0,693.298,693.406,829.5,636.0999755859375,107.99999999994725,constant,
1.0,693.487,693.621,215.5,957.2000122070312,134.00000000001455,constant,
1.0,693.673,693.971,757.9000244140625,751.0,298.0000000000018,constant,
1.0,694.005,694.185,908.2999877929688,787.9000244140625,179.99999999994998,constant,
1.0,694.511,694.841,870.2999877929688,679.0999755859375,330.0000000000409,constant,
1.0,694.888,694.966,1176.9000244140625,646.0,77.99999999997453,constant,
1.0,694.991,695.261,1090.5,550.0,269.9999999999818,constant,
1.0,695.28,695.603,1096.5999755859375,502.20001220703125,322.9999999999791,constant,
1.0,695.651,695.867,659.0999755859375,526.4000244140625,216.00000000000819,constant,
1.0,695.906,696.186,361.20001220703125,546.7999877929688,280.0000000000864,constant,
1.0,696.215,696.63,228.10000610351562,511.5,414.9999999999636,constant,
1.0,696.642,696.907,269.5,478.0,264.99999999998636,constant,
1.0,696.957,697.235,688.0999755859375,481.5,278.00000000002,constant,
1.0,697.297,697.407,1178.199951171875,463.0,110.00000000001364,constant,
1.0,697.46,697.721,1543.4000244140625,494.6000061035156,260.99999999996726,constant,
1.0,697.736,698.43,1596.5999755859375,484.70001220703125,693.99999999996,constant,
1.0,698.476,698.866,1294.4000244140625,577.0999755859375,389.99999999998636,constant,
1.0,698.887,699.076,1321.4000244140625,503.29998779296875,189.00000000007822,constant,
1.0,699.134,699.506,709.0,545.2999877929688,371.99999999995725,constant,
1.0,699.519,699.544,688.2999877929688,522.5,24.999999999977263,constant,
1.0,699.581,699.749,948.5,514.2999877929688,168.00000000000637,constant,
1.0,700.161,700.223,1348.0999755859375,967.5,62.00000000001182,constant,
1.0,700.257,701.09,1465.199951171875,854.5999755859375,833.0000000000837,constant,
1.0,701.561,701.652,666.5999755859375,796.7000122070312,91.00000000000819,constant,
1.0,701.714,701.917,840.0999755859375,727.7000122070312,202.99999999997453,constant,
1.0,701.927,702.58,840.0,759.5999755859375,653.00000000002,constant,
1.0,702.615,703.619,677.9000244140625,859.2999877929688,1004.0000000000191,constant,
1.0,704.04,704.199,883.4000244140625,605.7999877929688,158.99999999999181,constant,
1.0,704.207,704.337,848.0999755859375,572.2999877929688,129.99999999999545,constant,
1.0,704.359,704.704,925.9000244140625,506.0,344.9999999999136,constant,
1.0,704.738,705.132,801.7000122070312,563.5999755859375,393.99999999989177,constant,
1.0,705.412,705.451,739.2999877929688,499.20001220703125,38.99999999998727,constant,
1.0,705.543,705.872,738.2000122070312,594.2999877929688,328.9999999999509,constant,
1.0,705.911,706.253,556.7999877929688,698.7000122070312,342.0000000000982,constant,
1.0,706.288,706.616,709.0,851.4000244140625,327.99999999997453,constant,
1.0,706.642,706.888,648.4000244140625,738.2000122070312,245.9999999999809,constant,
1.0,706.919,707.486,848.7000122070312,738.5,567.0000000000073,constant,
1.0,707.497,707.629,811.7000122070312,737.2000122070312,132.00000000006185,constant,
1.0,707.691,707.734,562.2999877929688,640.2000122070312,43.00000000000637,constant,
1.0,707.761,707.942,559.0999755859375,722.5,181.00000000004002,constant,
1.0,707.967,708.228,653.5999755859375,631.5,260.99999999996726,constant,
1.0,708.273,708.529,885.0999755859375,570.0999755859375,255.9999999999718,constant,
1.0,709.695,710.133,1245.9000244140625,765.2999877929688,437.9999999999882,constant,
1.0,710.193,710.606,615.2000122070312,829.4000244140625,413.0000000000109,constant,
1.0,710.643,711.0,395.1000061035156,779.2000122070312,356.9999999999709,constant,
1.0,711.057,711.573,143.10000610351562,999.5,515.9999999999627,constant,
1.0,711.592,711.769,98.69999694824219,975.4000244140625,177.00000000002092,constant,
1.0,711.783,712.099,136.10000610351562,904.7000122070312,316.0000000000309,constant,
1.0,712.951,713.122,1464.5999755859375,718.0,170.99999999993543,constant,
1.0,713.143,713.488,1492.800048828125,823.0,345.0000000000273,constant,
1.0,713.555,713.772,1026.0999755859375,1044.4000244140625,217.00000000009823,constant,
1.0,714.011,714.039,995.5,939.2999877929688,28.00000000002001,constant,
1.0,714.12,714.415,627.2000122070312,779.5999755859375,294.9999999999591,constant,
1.0,714.833,714.954,804.4000244140625,659.7999877929688,120.9999999999809,constant,
1.0,714.977,715.238,780.9000244140625,591.7999877929688,261.00000000008095,constant,
1.0,715.281,715.688,383.3999938964844,626.2999877929688,407.0000000000391,constant,
1.0,715.747,715.847,909.7000122070312,582.7999877929688,100.00000000002274,constant,
1.0,716.282,716.627,856.2999877929688,524.7000122070312,344.9999999999136,constant,
1.0,716.682,716.928,577.4000244140625,511.79998779296875,245.9999999999809,constant,
1.0,716.944,717.316,617.7999877929688,493.6000061035156,372.00000000007094,constant,
1.0,717.37,717.974,1052.199951171875,549.7000122070312,604.0000000000418,constant,
1.0,718.021,718.203,1258.699951171875,745.5,182.00000000001637,constant,
1.0,718.376,718.471,1086.800048828125,590.0,95.00000000002728,constant,
1.0,719.4,719.437,901.2999877929688,493.79998779296875,37.00000000003456,constant,
1.0,719.449,719.583,898.4000244140625,538.2999877929688,134.00000000001455,constant,
1.0,719.942,719.967,849.0,451.6000061035156,24.999999999977263,constant,
1.0,720.044,720.255,842.0,539.7000122070312,211.00000000001273,constant,
1.0,720.272,720.534,915.2000122070312,520.5,261.9999999999436,constant,
1.0,720.581,720.956,631.2999877929688,713.0999755859375,375.0,constant,
1.0,721.96,722.008,900.5,467.79998779296875,48.00000000000182,constant,
1.0,722.07,722.254,906.2000122070312,512.0,183.99999999996908,constant,
1.0,722.282,722.528,812.2999877929688,630.5,245.9999999999809,constant,
1.0,722.556,722.955,981.7000122070312,603.0999755859375,399.0000000000009,constant,
1.0,722.965,723.239,971.5,571.0,274.0000000000009,constant,
1.0,723.622,723.694,709.2000122070312,534.2000122070312,72.00000000000273,constant,
1.0,723.722,723.922,578.0,476.0,200.00000000004547,constant,
1.0,723.955,724.327,692.5999755859375,473.20001220703125,371.99999999995725,constant,
1.0,724.361,724.616,828.0,481.8999938964844,254.99999999999545,constant,
1.0,724.647,724.893,997.2000122070312,468.6000061035156,245.9999999999809,constant,
1.0,724.914,725.052,916.2000122070312,486.70001220703125,138.00000000003365,constant,
1.0,725.066,725.565,863.5999755859375,489.3999938964844,499.00000000002365,constant,
1.0,725.638,725.758,545.0,506.70001220703125,120.00000000000455,constant,
1.0,725.814,726.235,233.6999969482422,526.9000244140625,421.0000000000491,constant,
1.0,726.254,726.531,180.39999389648438,498.8999938964844,276.99999999992997,constant,
1.0,726.913,727.147,268.70001220703125,474.8999938964844,234.0000000000373,constant,
1.0,727.169,727.535,178.0,479.29998779296875,365.99999999998545,constant,
1.0,727.56,728.031,271.1000061035156,472.3999938964844,471.00000000000364,constant,
1.0,728.052,728.411,344.8999938964844,478.3999938964844,358.9999999999236,constant,
1.0,728.457,728.699,658.5,485.0,241.9999999999618,constant,
1.0,728.74,729.03,876.0999755859375,483.0,289.9999999999636,constant,
1.0,729.407,729.478,747.7000122070312,399.8999938964844,70.99999999991269,constant,
1.0,729.733,729.872,820.2000122070312,480.6000061035156,139.00000000001,constant,
1.0,729.918,730.371,703.4000244140625,777.9000244140625,452.99999999997453,constant,
1.0,730.402,730.46,820.7999877929688,886.0999755859375,57.999999999992724,constant,
1.0,733.994,734.056,647.7999877929688,893.2999877929688,62.00000000001182,constant,
1.0,734.077,734.13,645.0,897.5999755859375,52.99999999999727,constant,
1.0,734.151,734.22,643.2000122070312,898.4000244140625,69.00000000007367,constant,
1.0,737.744,738.188,854.2999877929688,649.4000244140625,443.99999999996,,
1.0,738.197,738.501,876.5,632.5999755859375,303.9999999999736,,
1.0,739.809,740.262,827.7999877929688,573.2999877929688,452.99999999997453,constant,
1.0,740.294,740.931,965.7000122070312,418.0,637.0000000000573,constant,
1.0,740.945,741.23,905.7999877929688,392.8999938964844,284.99999999996817,constant,
1.0,741.268,742.115,843.9000244140625,565.7000122070312,846.99999999998,constant,
1.0,742.131,742.649,774.4000244140625,543.0,518.0000000000291,constant,
1.0,742.69,743.029,565.0,663.9000244140625,338.9999999999418,constant,
1.0,743.31,743.337,660.4000244140625,576.4000244140625,27.000000000043656,constant,
1.0,743.374,743.527,659.5,664.0999755859375,153.00000000002,constant,
1.0,743.606,743.928,1364.4000244140625,764.9000244140625,322.00000000000273,constant,
1.0,743.965,744.259,1127.199951171875,793.7000122070312,293.9999999999827,constant,
1.0,744.319,744.506,496.3999938964844,962.7000122070312,187.00000000001182,constant,
1.0,744.522,745.028,430.20001220703125,964.2999877929688,505.9999999999718,constant,
1.0,745.065,745.33,616.5999755859375,868.7999877929688,264.99999999998636,constant,
1.0,745.869,745.98,1382.9000244140625,799.4000244140625,110.99999999999,constant,
1.0,746.507,746.651,1414.4000244140625,865.0,144.00000000000546,constant,
1.0,746.659,747.227,1425.300048828125,864.9000244140625,567.9999999999836,constant,
1.0,747.246,747.379,1350.0999755859375,846.2000122070312,133.0000000000382,constant,
1.0,747.416,747.696,1136.5999755859375,799.4000244140625,279.9999999999727,constant,
1.0,747.738,747.945,854.0999755859375,907.2999877929688,206.99999999999363,constant,
1.0,747.992,748.26,392.79998779296875,971.4000244140625,268.0000000000291,constant,
1.0,748.267,748.443,392.6000061035156,953.9000244140625,175.99999999993088,constant,
1.0,748.469,748.747,295.6000061035156,822.4000244140625,277.9999999999063,constant,
1.0,748.769,748.933,231.0,795.4000244140625,163.99999999998727,constant,
1.0,748.969,749.191,363.79998779296875,726.0999755859375,221.99999999998,constant,
1.0,749.237,749.376,665.0,651.0999755859375,139.00000000001,constant,
1.0,749.418,749.597,911.5999755859375,602.0999755859375,178.99999999997362,constant,
1.0,749.648,749.863,1262.5999755859375,504.0,215.00000000003183,constant,
1.0,749.906,750.352,1444.5,323.6000061035156,446.0000000000264,constant,
1.0,750.521,750.541,988.2000122070312,239.39999389648438,20.000000000095497,constant,
1.0,750.558,750.649,989.9000244140625,300.3999938964844,91.00000000000819,constant,
1.0,750.716,750.9,409.6000061035156,337.20001220703125,183.99999999996908,constant,
1.0,750.94,751.374,180.3000030517578,374.20001220703125,433.9999999999691,constant,
1.0,751.406,752.154,452.70001220703125,272.0,748.0000000000473,constant,
1.0,752.186,752.385,603.5999755859375,235.3000030517578,198.99999999995543,constant,
1.0,752.41,752.684,715.7000122070312,218.10000610351562,274.0000000000009,constant,
1.0,752.729,753.051,848.9000244140625,442.0,322.00000000000273,constant,
1.0,753.084,753.519,710.5,486.0,435.0000000000591,constant,
1.0,753.555,753.779,803.7000122070312,611.7999877929688,224.00000000004638,constant,
1.0,753.815,754.191,671.2999877929688,664.4000244140625,375.99999999997635,constant,
1.0,754.23,754.493,864.5,796.5,263.00000000003365,constant,
1.0,754.533,754.913,1089.0,927.7000122070312,379.99999999999545,constant,
1.0,754.967,755.133,609.7000122070312,966.2999877929688,166.00000000005366,constant,
1.0,755.18,755.358,449.0,774.4000244140625,177.99999999999727,constant,
1.0,755.58,755.632,476.1000061035156,494.8999938964844,51.99999999990723,constant,
1.0,755.653,755.761,476.79998779296875,571.0,107.99999999994725,constant,
1.0,755.807,756.11,218.39999389648438,577.0,302.99999999999727,constant,
1.0,756.135,756.354,154.60000610351562,499.0,219.00000000005093,constant,
1.0,756.375,756.629,153.89999389648438,427.3999938964844,254.0000000000191,constant,
1.0,756.678,756.882,548.5,448.29998779296875,203.9999999999509,constant,
1.0,756.928,757.281,882.4000244140625,412.20001220703125,352.9999999999518,constant,
1.0,757.325,757.492,1177.699951171875,346.8999938964844,166.99999999991633,constant,
1.0,757.538,757.91,1492.199951171875,349.6000061035156,371.99999999995725,constant,
1.0,757.93,758.111,1560.0999755859375,338.0,181.00000000004002,constant,
1.0,758.17,758.426,907.5999755859375,376.8999938964844,256.0000000000855,constant,
1.0,758.445,758.631,830.5,402.5,185.99999999992178,constant,
1.0,758.655,758.886,742.7999877929688,328.29998779296875,230.99999999999454,constant,
1.0,758.931,759.229,1016.5999755859375,319.29998779296875,298.0000000000018,constant,
1.0,759.264,759.609,1200.5,320.0,345.0000000000273,constant,
1.0,759.954,760.136,1014.2999877929688,270.0,182.00000000001637,constant,
1.0,760.188,760.404,671.4000244140625,290.29998779296875,216.00000000000819,constant,
1.0,760.446,760.952,451.1000061035156,294.0,505.9999999999718,constant,
1.0,761.014,761.489,869.0999755859375,314.8999938964844,475.00000000002274,constant,
1.0,761.547,761.744,1288.5999755859375,302.20001220703125,197.00000000000273,constant,
1.0,761.776,762.134,1458.4000244140625,258.5,358.00000000006094,constant,
1.0,762.162,762.47,1310.800048828125,273.1000061035156,307.9999999999927,constant,
1.0,762.936,762.976,981.2999877929688,181.6999969482422,39.99999999996362,constant,
1.0,763.056,763.207,990.5,302.8999938964844,150.99999999995362,constant,
1.0,763.264,763.573,670.2999877929688,453.5,308.9999999999691,constant,
1.0,763.618,763.808,585.4000244140625,677.2000122070312,189.99999999994088,constant,
1.0,763.848,764.259,872.2000122070312,626.7999877929688,411.0000000000582,constant,
1.0,764.286,764.774,923.7000122070312,744.9000244140625,488.0000000000564,constant,
1.0,765.207,765.249,512.7999877929688,558.2000122070312,42.00000000003001,constant,
1.0,765.281,765.609,516.7000122070312,627.2000122070312,328.0000000000882,constant,
1.0,765.627,766.137,484.79998779296875,674.5999755859375,509.9999999999909,constant,
1.0,766.184,766.607,817.5999755859375,662.2999877929688,423.0000000000018,constant,
1.0,766.618,767.025,771.0,641.2000122070312,406.9999999999254,constant,
1.0,767.036,767.197,731.4000244140625,618.0,161.0000000000582,constant,
1.0,767.575,767.674,639.7999877929688,523.0,98.9999999999327,constant,
1.0,767.699,767.791,570.2000122070312,524.4000244140625,92.00000000009823,constant,
1.0,768.219,773.858,790.5999755859375,575.7000122070312,5638.999999999896,constant,
1.0,774.333,775.381,776.5,594.7999877929688,1048.0000000000018,constant,
1.0,775.422,775.575,1129.5999755859375,463.1000061035156,153.00000000002,constant,
1.0,775.6,775.77,1204.4000244140625,410.79998779296875,169.99999999995907,constant,
1.0,775.788,775.979,1326.300048828125,266.79998779296875,191.00000000003092,constant,
1.0,776.003,776.339,1490.300048828125,241.1999969482422,336.00000000001273,constant,
1.0,776.37,776.472,1321.9000244140625,247.6999969482422,101.99999999997544,constant,
1.0,776.536,776.902,735.5,328.79998779296875,366.00000000009913,constant,
1.0,776.938,777.222,600.5999755859375,348.5,283.9999999999918,constant,
1.0,777.251,777.501,452.0,335.29998779296875,250.0,constant,
1.0,777.517,777.724,366.3999938964844,314.79998779296875,206.99999999999363,constant,
1.0,777.76,778.038,511.20001220703125,283.20001220703125,278.00000000002,constant,
1.0,778.077,778.138,668.7000122070312,292.70001220703125,61.00000000003547,constant,
1.0,778.189,778.592,1091.699951171875,362.1000061035156,403.00000000002,constant,
1.0,778.613,778.816,1178.4000244140625,339.3999938964844,202.99999999997453,constant,
1.0,778.843,779.05,1329.5,332.5,206.99999999999363,constant,
1.0,779.078,780.259,794.4000244140625,579.0,1181.00000000004,,
1.0,780.301,780.534,564.5999755859375,649.9000244140625,232.99999999994725,active,
1.0,780.569,780.608,811.0,594.2000122070312,38.99999999998727,active,
1.0,780.861,781.044,777.4000244140625,553.2999877929688,182.99999999999272,active,
1.0,781.07,781.463,865.2000122070312,633.2999877929688,392.9999999999154,active,
1.0,781.5,781.694,919.4000244140625,411.20001220703125,193.99999999995998,active,
1.0,781.719,782.057,882.4000244140625,310.5,337.99999999996544,active,
1.0,782.102,782.206,848.0999755859375,608.2999877929688,104.00000000004184,active,
1.0,782.484,782.628,794.4000244140625,644.2000122070312,144.00000000000546,active,
1.0,782.636,782.888,802.2999877929688,598.5,252.0000000000664,active,
1.0,782.929,783.196,980.5999755859375,755.5,267.00000000005275,active,
1.0,783.217,783.744,1006.4000244140625,687.5,527.0000000000437,active,
1.0,783.774,784.134,826.5999755859375,694.0999755859375,360.00000000001364,active,
1.0,784.156,784.646,761.0999755859375,657.2999877929688,490.0000000000091,active,
1.0,784.679,784.915,740.2000122070312,852.7000122070312,235.99999999999,active,
1.0,785.173,785.47,849.7000122070312,614.2999877929688,297.00000000002547,active,
1.0,785.485,785.981,783.7999877929688,590.4000244140625,495.9999999999809,active,
1.0,786.012,786.266,957.9000244140625,650.7999877929688,254.0000000000191,active,
1.0,786.303,787.453,802.5,579.4000244140625,1149.9999999999773,active,
1.0,787.483,787.731,647.7999877929688,597.2000122070312,248.0000000000473,active,
1.0,787.775,787.899,887.9000244140625,527.0999755859375,124.00000000002365,active,
1.0,788.171,788.533,853.2000122070312,500.79998779296875,361.99999999996635,active,
1.0,788.567,788.948,631.7999877929688,570.5999755859375,380.9999999999718,active,
1.0,788.994,789.332,901.0999755859375,678.0999755859375,337.99999999996544,active,
1.0,789.392,789.617,445.5,609.7000122070312,224.99999999990905,active,
1.0,789.675,789.751,820.2000122070312,372.0,76.00000000002183,active,
1.0,789.998,790.485,850.7000122070312,359.0,486.99999999996635,active,
1.0,790.509,790.975,880.2000122070312,258.70001220703125,466.0000000000082,active,
1.0,790.989,792.139,876.0,188.5,1149.9999999999773,active,
1.0,792.188,792.914,813.4000244140625,538.7999877929688,725.9999999999991,active,
1.0,792.936,793.28,875.7000122070312,594.2000122070312,343.99999999993724,active,
1.0,793.307,793.724,729.7999877929688,614.5,417.00000000003,active,
1.0,793.75,793.944,633.2999877929688,597.7000122070312,193.99999999995998,active,
1.0,794.236,794.271,474.79998779296875,515.0,34.99999999996817,active,
1.0,794.277,794.528,476.5,572.7000122070312,250.99999999997635,active,
1.0,794.582,794.943,218.5,604.7000122070312,360.99999999999,active,
1.0,794.977,795.243,389.29998779296875,639.2000122070312,266.0000000000764,active,
1.0,795.312,795.521,967.9000244140625,592.0999755859375,208.99999999994634,active,
1.0,795.559,795.889,1192.800048828125,555.2000122070312,330.0000000000409,active,
1.0,795.935,796.183,856.7000122070312,555.5999755859375,248.0000000000473,active,
1.0,796.21,796.622,717.5,561.2000122070312,411.9999999999209,active,
1.0,796.642,797.279,640.5,570.5999755859375,636.9999999999436,active,
1.0,797.309,797.542,799.2000122070312,596.2000122070312,233.00000000006094,active,
1.0,797.55,797.71,821.5999755859375,602.0,160.00000000008185,active,
1.0,797.903,797.967,779.5999755859375,528.7000122070312,63.99999999996453,active,
1.0,797.975,798.294,787.0,587.0,318.99999999996,active,
1.0,798.331,798.754,966.5,622.0999755859375,423.0000000000018,active,
1.0,798.781,799.109,876.4000244140625,726.9000244140625,328.0000000000882,active,
1.0,799.136,799.493,742.0,748.4000244140625,357.0000000000846,active,
1.0,799.515,799.637,682.7000122070312,720.0999755859375,121.99999999995725,active,
1.0,799.683,799.891,1034.5999755859375,696.7999877929688,207.99999999997,active,
1.0,799.91,800.079,1103.5999755859375,727.7000122070312,168.99999999998272,active,
1.0,800.093,800.935,1119.199951171875,770.5,841.9999999999845,active,
1.0,800.958,801.451,1161.699951171875,713.5999755859375,493.00000000005184,active,
1.0,801.486,802.272,1316.0,502.20001220703125,786.0000000000582,active,
1.0,802.53,802.945,662.4000244140625,621.7000122070312,415.0000000000773,active,
1.0,802.979,803.432,649.7000122070312,792.7999877929688,452.99999999997453,active,
1.0,803.464,803.579,795.7000122070312,622.7999877929688,114.99999999989541,active,
1.0,803.595,804.455,782.2999877929688,582.4000244140625,860.0000000000136,active,
1.0,804.476,804.681,713.9000244140625,629.0,205.00000000004093,active,
1.0,804.694,805.128,669.4000244140625,642.5,434.00000000008276,active,
1.0,805.378,805.406,755.4000244140625,519.0,27.999999999906322,active,
1.0,805.415,805.899,756.7999877929688,587.2000122070312,484.0000000000373,active,
1.0,805.932,806.186,806.0,383.3999938964844,254.0000000000191,active,
1.0,806.21,806.746,785.0999755859375,286.0,535.9999999999445,active,
1.0,806.791,806.956,653.7999877929688,440.70001220703125,164.99999999996362,active,
1.0,807.235,807.366,821.2000122070312,589.0999755859375,130.9999999999718,active,
1.0,807.423,807.599,1296.5,685.0,176.00000000004457,active,
1.0,807.635,807.776,1483.5,716.5,140.9999999999627,active,
1.0,807.818,808.069,1171.5,779.0,250.99999999997635,active,
1.0,808.117,808.394,700.0,707.5,277.00000000004366,active,
1.0,808.423,808.571,767.9000244140625,561.7000122070312,148.00000000002456,active,
1.0,808.584,809.331,796.0,600.7000122070312,747.0000000000709,active,
1.0,809.369,810.044,675.4000244140625,763.5,674.9999999999545,active,
1.0,810.112,810.28,1294.800048828125,738.0999755859375,168.00000000000637,active,
1.0,810.31,810.522,1490.0999755859375,707.0999755859375,212.00000000010277,active,
1.0,810.723,810.943,877.9000244140625,572.5999755859375,220.00000000002728,active,
1.0,810.989,811.206,635.7000122070312,479.5,216.99999999998454,active,
1.0,811.256,811.63,274.70001220703125,513.4000244140625,374.00000000002365,active,
1.0,811.675,811.894,649.9000244140625,748.0,219.00000000005093,active,
1.0,811.905,812.182,687.2999877929688,751.4000244140625,277.00000000004366,active,
1.0,812.226,812.512,1021.7000122070312,841.2000122070312,285.9999999999445,active,
1.0,812.557,812.717,765.0999755859375,689.9000244140625,159.99999999996817,active,
1.0,812.754,813.048,578.7000122070312,583.7000122070312,293.9999999999827,active,
1.0,813.263,813.365,848.5999755859375,566.7999877929688,101.99999999997544,active,
1.0,813.378,814.186,793.5999755859375,594.7000122070312,807.9999999999927,active,
1.0,814.243,814.465,1144.5999755859375,550.0,221.99999999998,active,
1.0,814.499,814.839,1323.699951171875,536.5,340.00000000003183,active,
1.0,814.886,815.155,909.7000122070312,740.4000244140625,269.00000000000546,active,
1.0,815.199,815.472,587.7999877929688,710.5999755859375,273.00000000002456,active,
1.0,815.504,815.619,364.6000061035156,657.0,115.0000000000091,active,
1.0,815.873,816.125,572.7000122070312,552.4000244140625,251.9999999999527,active,
1.0,816.195,816.474,1164.300048828125,544.0,278.99999999999636,active,
1.0,816.496,816.715,1219.5,510.29998779296875,219.00000000005093,active,
1.0,816.737,817.06,1298.300048828125,502.70001220703125,322.9999999999791,active,
1.0,817.119,817.43,872.2000122070312,789.2999877929688,310.9999999999218,active,
1.0,817.455,817.607,895.7000122070312,682.2999877929688,151.99999999992997,active,
1.0,817.662,817.904,477.3999938964844,549.0,241.9999999999618,active,
1.0,817.943,818.094,717.5999755859375,459.6000061035156,151.0000000000673,active,
1.0,818.125,818.245,869.0,338.0,120.00000000000455,active,
1.0,818.27,818.665,953.2999877929688,281.0,394.9999999999818,active,
1.0,818.706,818.871,670.4000244140625,343.1000061035156,164.99999999996362,active,
1.0,818.898,818.946,810.5,377.3999938964844,48.00000000000182,active,
1.0,819.233,819.354,904.7000122070312,517.7000122070312,121.00000000009459,active,
1.0,819.376,819.841,802.4000244140625,575.5999755859375,465.00000000003183,active,
1.0,819.874,820.009,791.9000244140625,389.20001220703125,134.9999999999909,active,
1.0,820.03,820.379,822.7000122070312,320.79998779296875,349.0000000000464,active,
1.0,820.405,820.724,740.4000244140625,426.0,319.00000000007367,active,
1.0,820.772,821.019,302.70001220703125,405.1000061035156,246.99999999995725,active,
1.0,821.043,821.337,206.60000610351562,340.70001220703125,293.9999999999827,active,
1.0,821.348,821.59,178.89999389648438,286.0,242.0000000000755,active,
1.0,821.676,821.89,1012.4000244140625,261.8999938964844,213.9999999999418,active,
1.0,821.933,822.18,1410.9000244140625,278.1000061035156,246.99999999995725,active,
1.0,822.208,822.47,1526.0999755859375,385.8999938964844,262.0000000000573,active,
1.0,822.537,822.868,1415.5,901.9000244140625,331.0000000000173,active,
1.0,822.889,823.092,1341.699951171875,862.2999877929688,202.99999999997453,active,
1.0,823.116,823.351,1428.0999755859375,925.0999755859375,235.00000000001364,active,
1.0,823.358,823.601,1443.5,951.5,243.00000000005184,active,
1.0,823.92,823.938,1164.4000244140625,728.9000244140625,18.000000000029104,active,
1.0,823.997,824.136,714.2000122070312,623.2999877929688,139.00000000001,active,
1.0,824.159,824.603,814.9000244140625,603.2000122070312,443.99999999996,active,
1.0,824.637,825.0,578.2999877929688,625.7000122070312,363.0000000000564,active,
1.0,825.041,825.322,877.4000244140625,780.2000122070312,280.99999999994907,active,
1.0,825.35,825.571,989.5,669.0,221.00000000000364,active,
1.0,825.616,825.783,1335.699951171875,772.0,167.00000000003,active,
1.0,825.809,826.01,1350.5999755859375,633.7999877929688,201.00000000002183,active,
1.0,826.031,826.687,1253.699951171875,625.2999877929688,656.0000000000628,active,
1.0,826.707,827.371,1331.0,605.9000244140625,663.9999999999873,active,
1.0,827.395,827.713,1373.5,514.4000244140625,317.99999999998363,active,
1.0,827.738,827.82,1492.0,470.8999938964844,81.99999999999363,active,
1.0,827.861,828.008,1154.300048828125,413.70001220703125,147.0000000000482,active,
1.0,828.023,828.195,1143.699951171875,360.0,172.00000000002547,active,
1.0,828.286,828.456,370.70001220703125,775.2000122070312,170.00000000007276,active,
1.0,828.492,828.694,192.89999389648438,916.7999877929688,201.99999999999818,active,
1.0,828.74,829.179,573.0,799.2000122070312,438.99999999996453,active,
1.0,829.212,829.579,580.7000122070312,606.5,366.9999999999618,active,
1.0,829.646,829.874,183.0,938.7999877929688,228.00000000006548,active,
1.0,829.886,830.534,147.89999389648438,882.5,648.0000000000246,active,
1.0,830.543,831.196,785.2000122070312,597.5,653.00000000002,,
1.0,831.301,831.705,69.5,962.0,403.99999999999636,active,
1.0,831.739,832.234,5.900000095367432,1117.4000244140625,495.00000000000455,active,
1.0,832.508,832.752,812.5,635.2999877929688,243.9999999999145,active,
1.0,832.776,833.15,829.4000244140625,557.7999877929688,374.00000000002365,active,
1.0,833.183,833.516,747.7000122070312,724.5999755859375,332.99999999997,active,
1.0,833.538,834.212,829.5,728.7000122070312,673.9999999999782,active,
1.0,834.255,834.446,1086.699951171875,648.0999755859375,191.00000000003092,active,
1.0,834.467,834.65,1105.0,573.2000122070312,182.99999999999272,active,
1.0,834.692,834.981,1395.199951171875,640.5999755859375,288.99999999998727,active,
1.0,835.039,835.36,1473.9000244140625,938.9000244140625,321.0000000000264,active,
1.0,835.386,835.561,1317.0999755859375,957.0999755859375,175.0000000000682,active,
1.0,835.619,835.84,736.7000122070312,918.0999755859375,221.00000000000364,active,
1.0,835.88,836.166,501.29998779296875,875.0,286.0000000000582,active,
1.0,836.196,836.553,310.29998779296875,860.5999755859375,356.9999999999709,active,
1.0,836.578,836.783,211.39999389648438,772.5,205.00000000004093,active,
1.0,836.806,837.027,174.6999969482422,665.0,221.00000000000364,active,
1.0,837.061,837.299,391.3999938964844,639.9000244140625,237.9999999999427,active,
1.0,837.347,837.419,795.0999755859375,584.7000122070312,72.00000000000273,active,
1.0,837.455,837.594,949.7999877929688,445.1000061035156,139.00000000001,active,
1.0,837.62,838.053,848.5999755859375,314.79998779296875,432.9999999999927,active,
1.0,838.66,838.892,931.4000244140625,509.29998779296875,232.00000000008458,active,
1.0,838.937,839.339,627.4000244140625,668.7999877929688,402.00000000004366,active,
1.0,839.362,839.726,595.4000244140625,757.7000122070312,364.00000000003274,active,
1.0,839.763,840.707,810.0,609.5,943.99999999996,active,
1.0,840.904,841.175,748.9000244140625,406.0,270.99999999995816,active,
1.0,841.198,841.376,771.4000244140625,312.0,177.99999999999727,active,
1.0,841.396,841.732,774.7000122070312,230.6999969482422,336.00000000001273,active,
1.0,841.765,842.059,564.5999755859375,253.1999969482422,293.9999999999827,active,
1.0,842.077,842.249,507.29998779296875,236.1999969482422,172.00000000002547,active,
1.0,842.304,842.552,1021.5999755859375,234.6999969482422,248.0000000000473,active,
1.0,842.567,842.855,1084.0999755859375,209.60000610351562,288.0000000000109,active,
1.0,842.917,843.197,1189.800048828125,597.2999877929688,279.9999999999727,active,
1.0,843.26,843.46,867.7000122070312,893.9000244140625,200.00000000004547,active,
1.0,843.489,843.751,699.5999755859375,784.2999877929688,261.9999999999436,active,
1.0,843.78,844.124,522.9000244140625,761.0999755859375,344.00000000005093,active,
1.0,844.136,844.346,513.5,722.7000122070312,210.00000000003638,active,
1.0,844.592,844.698,804.5,514.2999877929688,105.99999999999454,active,
1.0,844.713,844.951,779.7000122070312,565.5,238.0000000000564,active,
1.0,844.964,845.399,804.5,604.5,434.99999999994543,active,
1.0,845.432,845.65,788.5,401.79998779296875,217.9999999999609,active,
1.0,845.704,845.795,470.70001220703125,392.8999938964844,91.00000000000819,active,
1.0,845.831,846.126,223.3000030517578,423.0,294.9999999999591,active,
1.0,846.18,846.408,298.1000061035156,819.0999755859375,228.00000000006548,active,
1.0,846.456,846.713,687.0,848.5,256.99999999994816,active,
1.0,846.759,847.05,942.2000122070312,796.9000244140625,290.99999999994,active,
1.0,847.072,847.271,908.5,713.9000244140625,198.99999999995543,active,
1.0,847.304,847.531,1075.300048828125,652.0,226.99999999997544,active,
1.0,847.566,847.903,1330.199951171875,649.9000244140625,336.9999999999891,active,
1.0,847.924,848.001,1250.800048828125,574.5,76.99999999999818,active,
1.0,848.24,848.532,836.9000244140625,511.1000061035156,292.00000000003,active,
1.0,848.554,848.801,790.5,553.2999877929688,247.00000000007094,active,
1.0,848.825,849.052,721.5,632.7000122070312,226.99999999997544,active,
1.0,849.059,849.282,691.5,644.9000244140625,223.00000000007003,active,
1.0,849.304,849.682,792.2999877929688,643.0999755859375,378.00000000004275,active,
1.0,849.713,850.015,795.7999877929688,439.8999938964844,302.0000000000209,active,
1.0,850.073,850.296,1016.5,830.4000244140625,223.00000000007003,active,
1.0,850.336,850.614,1266.0,934.4000244140625,278.00000000002,active,
1.0,850.68,850.816,837.7999877929688,501.1000061035156,136.00000000008095,active,
1.0,850.838,851.183,817.7999877929688,402.1000061035156,345.0000000000273,active,
1.0,851.193,851.412,782.4000244140625,404.20001220703125,219.00000000005093,active,
1.0,851.669,851.849,777.5999755859375,494.6000061035156,180.00000000006366,active,
1.0,851.863,852.02,803.5,545.9000244140625,156.99999999992542,active,
1.0,852.032,852.413,770.4000244140625,582.2999877929688,380.9999999999718,active,
1.0,852.45,852.689,941.5,416.3999938964844,238.99999999991905,active,
1.0,852.709,852.977,971.5999755859375,355.1000061035156,268.0000000000291,active,
1.0,852.989,853.194,969.2999877929688,319.1000061035156,204.99999999992724,active,
1.0,853.219,853.484,842.2000122070312,344.6000061035156,264.99999999998636,active,
1.0,853.533,854.038,416.5,393.0,504.99999999999545,active,
1.0,854.05,854.25,375.29998779296875,413.20001220703125,200.00000000004547,active,
1.0,854.299,854.577,412.1000061035156,730.5,278.00000000002,active,
1.0,854.599,854.861,376.29998779296875,805.2000122070312,261.9999999999436,active,
1.0,854.888,855.106,300.8999938964844,953.2999877929688,217.9999999999609,active,
1.0,855.119,856.013,304.8999938964844,874.9000244140625,894.0000000000055,active,
1.0,856.037,856.171,324.79998779296875,982.2000122070312,134.00000000001455,active,
1.0,856.178,856.596,304.8999938964844,964.9000244140625,418.00000000000637,active,
1.0,856.633,856.8,312.1000061035156,721.5,166.99999999991633,active,
1.0,856.812,857.215,310.79998779296875,683.2000122070312,403.00000000002,active,
1.0,857.28,857.457,903.5,743.2000122070312,177.00000000002092,active,
1.0,857.739,857.764,1002.0999755859375,718.7000122070312,24.999999999977263,active,
1.0,857.772,857.844,997.4000244140625,752.0999755859375,72.00000000000273,active,
1.0,857.889,858.122,1344.199951171875,736.7000122070312,232.99999999994725,active,
1.0,858.138,858.654,1302.699951171875,706.0999755859375,515.9999999999627,active,
1.0,858.666,859.193,1301.5,745.0,526.99999999993,active,
1.0,859.206,859.573,1314.300048828125,690.9000244140625,366.9999999999618,active,
1.0,859.586,860.38,1314.9000244140625,733.2999877929688,793.9999999999827,active,
1.0,860.67,860.897,1159.5999755859375,481.79998779296875,227.00000000008913,active,
1.0,860.956,861.268,796.9000244140625,422.5,312.0000000000118,active,
1.0,861.308,861.662,777.7000122070312,619.0,354.00000000004184,active,
1.0,861.681,862.071,830.2999877929688,632.9000244140625,389.99999999998636,active,
1.0,862.098,862.313,801.5,754.7999877929688,215.00000000003183,active,
1.0,862.332,862.606,855.4000244140625,750.7999877929688,274.0000000000009,active,
1.0,862.634,862.906,772.9000244140625,616.9000244140625,271.9999999999345,active,
1.0,862.927,863.138,692.7999877929688,630.2999877929688,211.00000000001273,active,
1.0,863.207,863.378,1341.699951171875,492.5,171.0000000000491,active,
1.0,863.41,863.574,1539.9000244140625,470.3999938964844,163.99999999998727,active,
1.0,863.619,863.775,1139.199951171875,587.2000122070312,155.99999999994907,active,
1.0,863.833,863.968,699.5,530.7999877929688,134.9999999999909,active,
1.0,864.028,864.318,266.6000061035156,774.4000244140625,289.9999999999636,active,
1.0,864.569,864.675,819.9000244140625,509.0,105.99999999999454,active,
1.0,864.691,864.98,783.5,576.9000244140625,288.99999999998727,active,
1.0,864.989,865.834,807.5,586.5999755859375,844.9999999999136,active,
1.0,865.87,866.263,731.9000244140625,771.0999755859375,393.0000000000291,active,
1.0,866.296,866.463,858.9000244140625,614.2999877929688,166.99999999991633,active,
1.0,866.51,866.752,1187.699951171875,513.0999755859375,241.9999999999618,active,
1.0,866.782,867.167,1405.300048828125,488.70001220703125,384.9999999999909,active,
1.0,867.206,867.367,1140.699951171875,500.1000061035156,160.99999999994452,active,
1.0,867.429,867.615,613.7999877929688,497.6000061035156,186.00000000003547,active,
1.0,867.649,867.868,455.8999938964844,398.8999938964844,219.00000000005093,active,
1.0,867.896,868.134,322.3999938964844,289.6000061035156,238.0000000000564,active,
1.0,868.19,868.268,747.5999755859375,372.20001220703125,77.99999999997453,active,
1.0,868.297,868.547,911.0999755859375,303.79998779296875,250.0,active,
1.0,868.601,868.779,1268.9000244140625,286.8999938964844,177.99999999999727,active,
1.0,868.836,869.061,850.2000122070312,469.0,225.00000000002274,active,
1.0,869.096,869.386,701.2999877929688,518.9000244140625,289.9999999999636,active,
1.0,869.415,869.744,586.5,516.2999877929688,329.0000000000646,active,
1.0,870.016,870.175,817.2000122070312,475.20001220703125,158.99999999999181,active,
1.0,870.193,870.63,804.7000122070312,545.7000122070312,437.0000000000118,active,
1.0,870.656,870.82,795.2000122070312,385.20001220703125,164.00000000010095,active,
1.0,870.83,871.171,794.2999877929688,348.8999938964844,341.0000000000082,active,
1.0,871.226,871.369,1128.800048828125,577.4000244140625,143.0000000000291,active,
1.0,871.422,872.454,1556.199951171875,747.2000122070312,1031.9999999999254,active,
1.0,872.47,872.694,1505.0,725.0999755859375,223.9999999999327,active,
1.0,872.737,872.918,1163.699951171875,600.9000244140625,181.00000000004002,active,
1.0,872.934,873.212,1165.5999755859375,548.4000244140625,278.00000000002,active,
1.0,873.253,873.425,859.9000244140625,458.20001220703125,171.99999999991178,active,
1.0,873.637,874.032,740.9000244140625,519.7999877929688,395.0000000000955,active,
1.0,874.076,874.37,646.7999877929688,734.7000122070312,293.9999999999827,active,
1.0,874.393,874.836,623.5999755859375,848.2999877929688,442.99999999998363,active,
1.0,874.869,875.045,454.3999938964844,664.2999877929688,175.99999999993088,active,
1.0,875.105,875.298,993.2000122070312,591.4000244140625,192.99999999998363,active,
1.0,875.333,875.987,808.7999877929688,354.3999938964844,653.9999999999964,active,
1.0,876.019,876.275,957.9000244140625,453.1000061035156,255.9999999999718,active,
1.0,876.317,876.59,745.9000244140625,486.6000061035156,273.00000000002456,active,
1.0,876.61,877.007,803.5999755859375,513.2999877929688,396.9999999999345,active,
1.0,877.026,877.524,828.5999755859375,580.2000122070312,498.0000000000473,active,
1.0,877.55,877.7,750.7999877929688,698.5999755859375,150.00000000009095,active,
1.0,877.737,877.956,493.20001220703125,646.0999755859375,219.00000000005093,active,
1.0,878.215,878.452,828.2999877929688,621.5,236.99999999996635,active,
1.0,878.491,878.657,1016.5,674.2000122070312,166.00000000005366,active,
1.0,878.704,879.054,1389.5999755859375,739.0,350.00000000002274,active,
1.0,879.108,879.259,955.4000244140625,637.9000244140625,151.0000000000673,active,
1.0,879.281,879.721,864.7999877929688,695.7999877929688,440.00000000005457,active,
1.0,879.745,879.958,750.0,695.5,212.99999999996544,active,
1.0,879.997,881.074,474.6000061035156,627.2000122070312,1076.9999999999982,active,
1.0,881.124,881.377,424.20001220703125,923.2000122070312,252.99999999992906,active,
1.0,881.417,881.59,638.7000122070312,862.7999877929688,173.00000000000182,active,
1.0,881.644,881.8,913.9000244140625,750.5999755859375,155.99999999994907,active,
1.0,881.845,882.059,1101.199951171875,560.5999755859375,213.9999999999418,active,
1.0,882.085,882.273,1032.9000244140625,427.1000061035156,187.99999999998818,active,
1.0,882.319,882.584,700.5999755859375,548.7999877929688,264.99999999998636,active,
1.0,882.617,883.061,834.5999755859375,583.2000122070312,444.00000000007367,active,
1.0,883.079,883.609,921.2999877929688,600.0,530.0000000000864,active,
1.0,883.63,884.019,891.4000244140625,524.7000122070312,389.00000000001,active,
1.0,884.374,884.532,906.2000122070312,504.8999938964844,158.00000000001546,active,
1.0,884.574,884.792,1231.300048828125,573.4000244140625,218.00000000007458,active,
1.0,884.814,885.618,1128.0,582.0999755859375,804.0000000000873,active,
1.0,885.641,886.012,1125.0,464.20001220703125,370.9999999999809,active,
1.0,886.069,886.305,623.7999877929688,498.20001220703125,235.99999999999,active,
1.0,886.331,886.618,493.29998779296875,506.0,287.00000000003456,active,
1.0,886.633,886.778,444.20001220703125,494.70001220703125,144.9999999999818,active,
1.0,886.803,887.012,324.79998779296875,428.20001220703125,208.99999999994634,active,
1.0,887.076,887.194,932.7000122070312,322.3999938964844,117.99999999993815,active,
1.0,887.235,887.481,1217.699951171875,301.20001220703125,245.9999999999809,active,
1.0,887.506,887.811,1322.300048828125,317.79998779296875,305.00000000006366,active,
1.0,887.847,888.143,1264.5999755859375,509.70001220703125,296.0000000000491,active,
1.0,888.173,888.473,1069.800048828125,499.8999938964844,299.9999999999545,active,
1.0,888.729,888.868,806.7999877929688,463.3999938964844,139.00000000001,active,
1.0,888.908,889.166,563.4000244140625,504.8999938964844,258.0000000000382,active,
1.0,889.185,889.735,477.1000061035156,491.79998779296875,550.0000000000682,active,
1.0,889.76,890.006,619.0,510.29998779296875,245.9999999999809,active,
1.0,890.043,890.421,834.7000122070312,547.2999877929688,378.00000000004275,active,
1.0,890.442,890.604,881.5,591.2999877929688,162.00000000003456,active,
1.0,890.615,890.956,819.2000122070312,589.5999755859375,341.0000000000082,active,
1.0,890.972,891.506,841.5999755859375,576.2000122070312,533.9999999999918,active,
1.0,891.55,891.829,1032.199951171875,786.0999755859375,278.99999999999636,active,
1.0,891.877,892.137,1436.0,778.7999877929688,259.9999999999909,active,
1.0,892.161,892.348,1492.4000244140625,652.4000244140625,187.00000000001182,active,
1.0,892.588,892.613,846.5999755859375,365.8999938964844,25.00000000009095,active,
1.0,892.624,892.814,843.0,416.6000061035156,189.99999999994088,active,
1.0,892.837,893.107,771.2000122070312,337.3999938964844,269.9999999999818,active,
1.0,893.161,893.373,483.20001220703125,655.7999877929688,212.00000000010277,active,
1.0,893.401,893.607,300.0,643.2999877929688,206.00000000001728,active,
1.0,893.627,893.917,331.29998779296875,583.2000122070312,290.0000000000773,active,
1.0,893.971,894.156,671.9000244140625,718.7999877929688,184.99999999994543,active,
1.0,894.183,894.356,642.2000122070312,894.9000244140625,173.00000000000182,active,
1.0,894.41,894.584,924.0,644.0,173.99999999997817,active,
1.0,894.634,894.983,802.2999877929688,412.1000061035156,348.9999999999327,active,
1.0,895.004,895.155,813.5,489.70001220703125,150.99999999995362,active,
1.0,895.178,895.533,785.2000122070312,588.0999755859375,355.0000000000182,active,
1.0,895.546,896.089,822.0999755859375,601.7000122070312,543.0000000000064,active,
1.0,896.14,896.532,876.0,940.4000244140625,392.00000000005275,active,
1.0,896.542,897.054,829.5999755859375,979.4000244140625,511.9999999999436,active,
1.0,897.093,897.353,995.2000122070312,1001.7999877929688,259.9999999999909,active,
1.0,897.616,897.694,824.5999755859375,831.4000244140625,77.99999999997453,active,
1.0,897.716,898.098,846.2000122070312,955.2000122070312,381.99999999994816,active,
1.0,898.126,898.367,730.0999755859375,972.2999877929688,240.99999999998545,active,
1.0,898.403,899.079,857.5,953.7999877929688,675.9999999999309,active,
1.0,899.125,899.232,593.0999755859375,978.7999877929688,106.9999999999709,active,
1.0,899.26,899.413,415.29998779296875,991.0999755859375,153.00000000002,active,
1.0,899.49,899.807,774.2000122070312,473.20001220703125,317.0000000000073,active,
1.0,899.832,900.061,858.5,499.6000061035156,229.00000000004184,active,
1.0,900.083,900.343,818.0,563.0999755859375,259.9999999999909,active,
1.0,900.352,901.061,809.2000122070312,600.2000122070312,709.00000000006,active,
1.0,901.079,901.333,814.0,653.2999877929688,254.0000000000191,active,
1.0,901.377,901.671,1090.300048828125,767.5999755859375,294.0000000000964,active,
1.0,901.931,902.253,840.5999755859375,672.5999755859375,322.00000000000273,active,
1.0,902.292,902.474,633.4000244140625,518.5999755859375,182.00000000001637,active,
1.0,902.501,902.75,540.2000122070312,420.5,249.00000000002365,active,
1.0,902.788,902.984,491.8999938964844,642.7999877929688,196.00000000002638,active,
1.0,903.028,903.265,232.60000610351562,832.7000122070312,236.99999999996635,active,
1.0,903.313,903.59,670.2999877929688,842.0999755859375,277.00000000004366,active,
1.0,903.636,904.034,953.0,756.0,398.00000000002456,active,
1.0,904.045,904.347,913.7000122070312,734.2999877929688,302.0000000000209,active,
1.0,904.375,904.621,760.7000122070312,640.2999877929688,245.9999999999809,active,
1.0,904.632,904.82,792.5,633.9000244140625,188.00000000010186,active,
1.0,905.064,905.261,638.7999877929688,505.79998779296875,197.00000000000273,active,
1.0,905.288,905.589,455.0,468.29998779296875,301.00000000004457,active,
1.0,905.616,905.808,318.3999938964844,546.4000244140625,192.00000000000728,active,
1.0,905.838,906.101,175.39999389648438,670.5,263.00000000003365,active,
1.0,906.153,906.348,641.9000244140625,659.9000244140625,194.99999999993634,active,
1.0,906.374,906.597,788.5,640.5,222.99999999995634,active,
1.0,906.606,906.952,814.4000244140625,625.9000244140625,346.00000000000364,active,
1.0,907.095,907.658,793.0,603.5,562.9999999999882,,
1.0,907.679,908.006,1006.9000244140625,200.3000030517578,326.9999999999982,active,
1.0,908.076,908.367,1460.9000244140625,457.5,290.99999999994,active,
1.0,908.43,908.631,856.0999755859375,576.0999755859375,201.00000000002183,active,
1.0,908.659,908.904,855.4000244140625,409.8999938964844,245.00000000000455,active,
1.0,908.943,909.131,1066.199951171875,563.2999877929688,187.99999999998818,active,
1.0,909.157,909.435,1199.5,537.0999755859375,277.9999999999063,active,
1.0,909.474,909.765,1400.0999755859375,532.2000122070312,290.99999999994,active,
1.0,909.792,910.026,1257.199951171875,528.7999877929688,233.9999999999236,active,
1.0,910.046,910.358,1335.699951171875,515.4000244140625,311.99999999989814,active,
1.0,910.377,910.57,1264.0999755859375,517.9000244140625,193.00000000009732,active,
1.0,910.592,910.753,1181.4000244140625,519.9000244140625,161.0000000000582,active,
1.0,910.766,910.945,1127.4000244140625,522.2999877929688,179.0000000000873,active,
1.0,911.192,911.217,675.0999755859375,823.2000122070312,24.999999999977263,active,
1.0,911.243,911.511,671.9000244140625,896.2000122070312,267.9999999999154,active,
1.0,911.55,911.747,941.4000244140625,917.9000244140625,197.00000000000273,active,
1.0,911.812,911.957,371.1000061035156,942.0,144.9999999999818,active,
1.0,911.983,912.247,217.8000030517578,937.2999877929688,264.00000000001,active,
1.0,912.321,912.533,813.5999755859375,489.8999938964844,211.9999999999891,active,
1.0,912.55,912.719,859.7999877929688,445.1000061035156,169.0000000000964,active,
1.0,912.785,912.989,1071.300048828125,915.9000244140625,204.00000000006457,active,
1.0,913.028,913.199,808.2999877929688,754.5999755859375,170.99999999993543,active,
1.0,913.227,913.541,813.0,570.5999755859375,314.0000000000782,active,
1.0,913.569,913.838,799.0,410.8999938964844,269.00000000000546,active,
1.0,914.082,914.195,843.2999877929688,473.70001220703125,113.00000000005639,active,
1.0,914.213,914.435,818.4000244140625,546.5999755859375,221.99999999998,active,
1.0,914.445,915.004,803.9000244140625,583.0999755859375,558.9999999999691,active,
1.0,915.031,915.359,922.2999877929688,512.0999755859375,328.0000000000882,active,
1.0,915.402,915.672,646.0,647.0999755859375,269.9999999999818,active,
1.0,915.71,915.814,443.6000061035156,698.5,103.99999999992815,active,
1.0,916.077,916.397,608.5,572.7000122070312,320.00000000005,active,
1.0,916.441,916.702,867.9000244140625,554.0999755859375,260.99999999996726,active,
1.0,916.725,917.023,957.2000122070312,506.20001220703125,298.0000000000018,active,
1.0,917.034,917.151,938.2000122070312,461.6000061035156,116.9999999999618,active,
1.0,917.199,917.578,1366.9000244140625,400.3999938964844,379.0000000000191,active,
1.0,917.646,917.859,608.9000244140625,400.70001220703125,213.00000000007913,active,
1.0,917.894,918.285,339.79998779296875,432.79998779296875,390.9999999999627,active,
1.0,918.344,918.682,677.7000122070312,759.4000244140625,337.99999999996544,active,
1.0,918.749,918.886,1089.4000244140625,481.3999938964844,136.9999999999436,active,
1.0,919.243,919.577,865.2000122070312,460.1000061035156,333.99999999994634,active,
1.0,919.61,920.069,755.2999877929688,564.7000122070312,458.99999999994634,active,
1.0,920.105,920.289,943.2000122070312,609.5,183.99999999996908,active,
1.0,920.306,920.439,940.5,540.7000122070312,132.9999999999245,active,
1.0,920.467,920.757,1006.0999755859375,389.0,289.9999999999636,active,
1.0,920.803,921.086,908.4000244140625,648.7999877929688,283.00000000001546,active,
1.0,921.109,921.499,933.7000122070312,552.2000122070312,389.99999999998636,active,
1.0,921.543,921.588,1252.5,619.4000244140625,44.99999999995907,active,
1.0,921.625,921.795,1073.0,428.29998779296875,169.99999999995907,active,
1.0,921.811,922.074,1035.5,386.29998779296875,262.99999999991996,active,
1.0,922.089,922.271,985.5,403.8999938964844,181.99999999990268,active,
1.0,922.289,922.63,944.2000122070312,342.0,341.0000000000082,active,
1.0,922.653,923.051,1048.5,333.70001220703125,398.00000000002456,active,
1.0,923.064,923.341,995.4000244140625,328.70001220703125,277.00000000004366,active,
1.0,923.417,923.676,231.89999389648438,458.20001220703125,259.00000000001455,active,
1.0,923.695,923.826,150.6999969482422,474.0,130.9999999999718,active,
1.0,923.84,924.206,102.30000305175781,463.3999938964844,365.99999999998545,active,
1.0,924.258,924.627,583.2999877929688,651.7000122070312,368.9999999999145,active,
1.0,924.675,925.007,948.2999877929688,642.9000244140625,331.99999999999363,active,
1.0,925.033,925.402,886.4000244140625,768.2999877929688,369.0000000000282,active,
1.0,925.418,925.612,842.9000244140625,748.2999877929688,193.99999999995998,active,
1.0,925.653,925.765,758.7999877929688,500.0,111.99999999996635,active,
1.0,926.005,926.131,865.5,516.0,125.99999999997635,active,
1.0,926.153,926.74,805.2000122070312,577.5999755859375,586.9999999999891,active,
1.0,926.763,927.106,794.4000244140625,681.2000122070312,342.9999999999609,active,
1.0,927.156,927.287,492.6000061035156,807.2000122070312,131.0000000000855,active,
1.0,927.306,927.617,457.79998779296875,776.7000122070312,310.9999999999218,active,
1.0,927.664,927.871,112.9000015258789,750.2999877929688,206.99999999999363,active,
1.0,927.923,928.136,470.8999938964844,1016.9000244140625,212.99999999996544,active,
1.0,928.207,928.367,1218.4000244140625,1003.2000122070312,159.99999999996817,active,
1.0,928.393,928.717,1335.0999755859375,970.7999877929688,323.99999999995543,active,
1.0,928.731,928.907,1351.0999755859375,1014.9000244140625,176.00000000004457,active,
1.0,928.962,929.399,1302.300048828125,637.2000122070312,437.0000000000118,active,
1.0,929.46,929.998,760.9000244140625,998.7000122070312,538.0000000000109,active,
1.0,930.036,930.382,440.1000061035156,977.7000122070312,346.00000000000364,active,
1.0,930.4,930.482,404.20001220703125,963.0999755859375,81.99999999999363,active,
1.0,930.5,930.835,412.70001220703125,917.9000244140625,335.0000000000364,active,
1.0,930.859,931.212,343.79998779296875,999.5999755859375,352.9999999999518,active,
1.0,931.467,931.603,768.4000244140625,450.79998779296875,135.99999999996726,active,
1.0,931.615,931.835,754.7000122070312,521.0999755859375,220.00000000002728,active,
1.0,931.853,932.109,826.7000122070312,549.2999877929688,256.0000000000855,active,
1.0,932.125,932.259,837.2999877929688,586.7999877929688,134.00000000001455,active,
1.0,932.288,932.513,829.0,737.5,225.00000000002274,active,
1.0,932.552,932.767,988.4000244140625,829.7999877929688,215.00000000003183,active,
1.0,932.812,933.081,691.7000122070312,936.2000122070312,269.00000000000546,active,
1.0,933.105,933.28,530.0,861.7999877929688,174.99999999995453,active,
1.0,933.318,933.471,757.7999877929688,634.7999877929688,153.00000000002,active,
1.0,933.488,933.875,768.7000122070312,578.7000122070312,386.9999999999436,active,
1.0,933.895,934.292,767.2999877929688,642.7999877929688,397.0000000000482,active,
1.0,934.333,934.647,1081.800048828125,694.2999877929688,314.0000000000782,active,
1.0,934.687,934.999,1367.4000244140625,729.7000122070312,312.0000000000118,active,
1.0,935.031,935.183,1493.0999755859375,855.5,152.00000000004366,active,
1.0,935.252,935.567,727.9000244140625,675.5999755859375,315.00000000005457,active,
1.0,935.588,935.788,810.5999755859375,640.5,200.00000000004547,active,
1.0,935.798,936.7,789.7000122070312,611.4000244140625,902.0000000000437,active,
1.0,936.957,937.158,684.7999877929688,649.9000244140625,201.00000000002183,active,
1.0,937.184,937.488,623.0999755859375,725.7999877929688,304.0000000000873,active,
1.0,937.526,937.733,857.0,745.2000122070312,206.99999999999363,active,
1.0,937.775,938.073,802.0,427.1000061035156,298.0000000000018,active,
1.0,938.124,938.518,1151.5,465.8999938964844,394.00000000000546,active,
1.0,938.542,938.746,1263.300048828125,481.6000061035156,203.9999999999509,active,
1.0,938.8,939.087,773.2000122070312,472.70001220703125,287.00000000003456,active,
1.0,939.129,939.321,552.5,535.0999755859375,192.00000000000728,active,
1.0,939.366,939.684,419.1000061035156,724.2000122070312,317.99999999998363,active,
1.0,939.705,939.936,414.29998779296875,794.4000244140625,230.99999999999454,active,
1.0,940.175,940.29,852.2999877929688,591.4000244140625,115.0000000000091,active,
1.0,940.306,940.547,787.5,617.2000122070312,240.99999999998545,active,
1.0,940.556,940.838,808.7000122070312,619.4000244140625,281.9999999999254,active,
1.0,940.883,941.072,403.5,612.7000122070312,188.99999999996453,active,
1.0,941.108,941.503,541.0999755859375,771.7999877929688,395.0000000000955,active,
1.0,941.536,942.116,441.20001220703125,584.2000122070312,580.0000000000409,active,
1.0,942.141,942.37,440.5,426.20001220703125,229.00000000004184,active,
1.0,942.422,942.653,850.4000244140625,370.79998779296875,230.99999999999454,active,
1.0,942.679,943.173,981.4000244140625,366.20001220703125,494.0000000000282,active,
1.0,943.238,943.638,583.2999877929688,699.0999755859375,399.99999999997726,active,
1.0,943.656,944.091,503.1000061035156,727.4000244140625,435.0000000000591,active,
1.0,944.163,944.377,692.9000244140625,944.5,213.9999999999418,active,
1.0,944.444,944.633,1071.4000244140625,459.8999938964844,189.00000000007822,active,
1.0,944.68,945.068,1449.199951171875,563.7000122070312,388.00000000003365,active,
1.0,945.117,945.527,1001.7000122070312,542.4000244140625,410.00000000008185,active,
1.0,945.561,945.716,839.2999877929688,403.29998779296875,154.99999999997272,active,
1.0,945.767,945.944,367.0,413.0,176.99999999990723,active,
1.0,945.978,946.203,166.8000030517578,524.2999877929688,225.00000000002274,active,
1.0,946.248,946.364,164.0,748.7000122070312,115.99999999998545,active,
1.0,946.409,946.674,553.5,769.5999755859375,264.99999999998636,active,
1.0,946.931,947.598,782.7000122070312,603.7000122070312,666.9999999999163,active,
1.0,947.612,947.913,852.5999755859375,577.7000122070312,301.00000000004457,active,
1.0,947.949,948.435,1050.199951171875,592.4000244140625,485.99999999999,active,
1.0,948.469,948.653,832.7000122070312,574.7000122070312,183.99999999996908,active,
1.0,948.688,949.339,1040.9000244140625,576.5999755859375,651.0000000000673,active,
1.0,949.371,950.107,832.9000244140625,580.5,735.99999999999,active,
1.0,950.145,950.658,1042.4000244140625,584.5999755859375,513.0000000000337,active,
1.0,950.67,950.94,1041.699951171875,616.9000244140625,270.0000000000955,active,
1.0,950.997,951.46,1360.5,877.4000244140625,463.0000000000791,active,
1.0,951.484,951.919,1228.5999755859375,902.5999755859375,434.99999999994543,active,
1.0,951.941,952.262,1163.699951171875,833.9000244140625,320.9999999999127,active,
1.0,952.321,952.578,653.0,931.2999877929688,256.99999999994816,active,
1.0,952.604,952.929,495.1000061035156,969.0999755859375,324.9999999999318,active,
1.0,952.95,953.15,416.1000061035156,964.0,199.9999999999318,active,
1.0,953.178,953.518,581.0,927.4000244140625,340.00000000003183,active,
1.0,953.529,953.823,611.2000122070312,895.0,293.9999999999827,active,
1.0,953.846,954.205,662.0999755859375,785.9000244140625,359.0000000000373,active,
1.0,954.256,954.356,1039.9000244140625,723.9000244140625,100.00000000002274,active,
1.0,954.609,954.817,372.5,595.9000244140625,207.99999999997,active,
1.0,954.875,955.074,989.2999877929688,736.7000122070312,198.99999999995543,active,
1.0,955.093,955.545,1052.699951171875,729.4000244140625,451.9999999999982,active,
1.0,955.605,955.883,454.70001220703125,599.0,278.00000000002,active,
1.0,955.909,956.013,322.79998779296875,550.0,104.00000000004184,active,
1.0,956.04,956.261,157.10000610351562,444.5,221.00000000000364,active,
1.0,956.308,956.501,537.2999877929688,299.6000061035156,192.99999999998363,active,
1.0,956.525,956.609,607.0999755859375,220.3000030517578,84.00000000006003,active,
1.0,956.662,957.171,106.4000015258789,374.79998779296875,509.00000000001455,active,
1.0,957.39,957.734,1333.0,478.3999938964844,344.00000000005093,active,
1.0,957.797,957.949,857.5999755859375,510.1000061035156,151.99999999992997,active,
1.0,957.972,958.748,794.0999755859375,572.0999755859375,776.0000000000673,active,
1.0,958.784,959.21,898.9000244140625,345.3999938964844,426.00000000004457,active,
1.0,959.272,959.617,806.5,787.0999755859375,344.9999999999136,active,
1.0,959.643,959.85,743.0999755859375,852.9000244140625,206.99999999999363,active,
1.0,959.894,960.133,396.70001220703125,854.2000122070312,239.00000000003274,active,
1.0,960.164,960.299,322.29998779296875,670.5,134.9999999999909,active,
1.0,960.353,960.525,831.5,480.3999938964844,172.00000000002547,active,
1.0,960.553,960.979,886.0999755859375,357.8999938964844,426.00000000004457,active,
1.0,961.048,961.312,1377.0999755859375,591.0999755859375,264.00000000001,active,
1.0,961.341,961.572,1477.0999755859375,729.7000122070312,230.99999999999454,active,
1.0,961.616,961.783,1155.300048828125,791.7999877929688,167.00000000003,active,
1.0,961.86,962.048,294.20001220703125,462.20001220703125,187.99999999998818,active,
1.0,962.339,962.561,1179.800048828125,720.5999755859375,221.99999999998,active,
1.0,962.579,962.858,1200.699951171875,771.4000244140625,278.99999999999636,active,
1.0,962.954,963.11,269.1000061035156,494.8999938964844,156.00000000006276,active,
1.0,963.145,963.458,296.79998779296875,290.79998779296875,312.9999999999882,active,
1.0,963.48,963.697,216.5,303.0,216.99999999998454,active,
1.0,963.786,964.004,883.2000122070312,406.20001220703125,218.00000000007458,active,
1.0,964.033,964.25,761.5999755859375,509.8999938964844,216.99999999998454,active,
1.0,964.264,964.727,784.5,568.2000122070312,462.99999999996544,active,
1.0,964.764,965.114,1000.5999755859375,555.2000122070312,350.00000000002274,active,
1.0,965.144,965.483,1041.199951171875,709.5,338.9999999999418,active,
1.0,965.525,965.991,718.0999755859375,713.7999877929688,466.0000000000082,active,
1.0,966.016,966.298,780.9000244140625,600.5,282.0000000000391,active,
1.0,966.323,966.761,778.5,458.8999938964844,437.9999999999882,active,
1.0,966.8,967.195,521.2000122070312,519.2000122070312,395.0000000000955,active,
1.0,967.253,967.513,210.5,702.0999755859375,259.9999999999909,active,
1.0,967.62,967.943,1430.300048828125,361.0,322.9999999999791,active,
1.0,968.025,968.153,426.1000061035156,469.29998779296875,128.00000000004275,active,
1.0,968.193,968.355,200.8000030517578,399.6000061035156,162.00000000003456,active,
1.0,968.377,968.559,136.60000610351562,354.29998779296875,182.00000000001637,active,
1.0,968.61,968.832,681.2999877929688,507.1000061035156,221.99999999998,active,
1.0,968.855,969.092,597.5999755859375,482.5,236.99999999996635,active,
1.0,969.104,969.324,560.2000122070312,496.3999938964844,219.9999999999136,active,
1.0,969.374,969.905,1031.5999755859375,501.0,530.9999999999491,active,
1.0,969.943,970.257,1048.699951171875,683.0999755859375,313.99999999996453,active,
1.0,970.295,970.542,771.9000244140625,706.9000244140625,247.00000000007094,active,
1.0,970.576,970.982,793.2999877929688,531.2000122070312,405.99999999994907,active,
1.0,971.206,971.309,820.7999877929688,546.2000122070312,102.9999999999518,active,
1.0,971.317,972.202,786.0,577.5999755859375,884.9999999999909,active,
1.0,972.248,972.715,494.8999938964844,578.0,466.99999999998454,active,
1.0,972.769,973.007,938.7999877929688,703.2000122070312,237.9999999999427,active,
1.0,973.036,973.485,1081.0,760.7000122070312,449.0000000000691,active,
1.0,973.512,973.765,1183.5999755859375,708.7000122070312,253.00000000004275,active,
1.0,973.806,974.035,1377.4000244140625,540.5999755859375,228.99999999992815,active,
1.0,974.059,974.261,1435.800048828125,449.79998779296875,201.99999999999818,active,
1.0,974.283,974.737,1542.800048828125,423.5,453.9999999999509,active,
1.0,974.794,975.098,928.0,374.8999938964844,303.9999999999736,active,
1.0,975.117,975.41,868.5,339.79998779296875,293.00000000000637,active,
1.0,975.47,975.627,291.0,453.6000061035156,156.99999999992542,active,
1.0,975.652,976.085,217.39999389648438,375.79998779296875,432.9999999999927,active,
1.0,976.106,976.473,192.89999389648438,451.70001220703125,366.9999999999618,active,
1.0,976.499,976.813,278.20001220703125,547.7999877929688,313.99999999996453,active,
1.0,976.851,977.238,324.3999938964844,743.0,387.0000000000573,active,
1.0,977.275,977.598,252.3000030517578,928.5,322.9999999999791,active,
1.0,977.849,978.2,867.2999877929688,336.8999938964844,350.9999999999991,active,
1.0,978.219,978.463,812.4000244140625,339.6000061035156,243.9999999999145,active,
1.0,978.483,978.717,873.5,326.1000061035156,234.0000000000373,active,
1.0,978.771,979.086,425.79998779296875,450.29998779296875,315.00000000005457,active,
1.0,979.158,979.386,959.2000122070312,508.3999938964844,227.9999999999518,active,
1.0,979.422,979.58,1130.300048828125,546.7000122070312,158.00000000001546,active,
1.0,979.62,979.803,918.7999877929688,599.5999755859375,182.99999999999272,active,
1.0,979.825,980.201,813.4000244140625,604.7000122070312,375.99999999997635,active,
1.0,980.244,980.565,483.70001220703125,585.2000122070312,321.0000000000264,active,
1.0,980.801,981.001,311.3999938964844,484.3999938964844,199.9999999999318,active,
1.0,981.023,981.192,240.6999969482422,511.79998779296875,168.99999999998272,active,
1.0,981.243,981.534,732.5999755859375,578.7000122070312,290.99999999994,active,
1.0,981.571,981.757,909.0999755859375,607.2999877929688,185.99999999992178,active,
1.0,981.798,982.125,1233.800048828125,620.2999877929688,326.9999999999982,active,
1.0,982.14,982.628,1180.300048828125,605.0999755859375,488.0000000000564,active,
1.0,982.67,983.008,916.0999755859375,613.2999877929688,338.0000000000791,active,
1.0,983.036,983.633,747.7999877929688,607.2000122070312,597.0000000000937,active,
1.0,984.107,984.265,899.5999755859375,599.7000122070312,158.00000000001546,active,
1.0,984.32,984.528,1244.9000244140625,592.7000122070312,207.99999999997,active,
1.0,984.564,984.996,982.5999755859375,616.5999755859375,432.00000000001637,active,
1.0,985.008,985.536,1017.2000122070312,633.7000122070312,527.9999999999063,active,
1.0,985.556,985.753,936.2000122070312,633.2999877929688,197.00000000000273,active,
1.0,985.776,986.035,840.4000244140625,623.7000122070312,259.00000000001455,active,
1.0,986.063,986.236,992.0999755859375,588.5999755859375,173.00000000000182,active,
1.0,986.278,986.529,768.5,366.20001220703125,250.99999999997635,active,
1.0,986.56,987.038,677.0999755859375,186.10000610351562,478.0000000000655,active,
1.0,987.081,987.199,879.9000244140625,177.6999969482422,117.99999999993815,active,
1.0,987.247,987.434,518.2999877929688,346.0,187.00000000001182,active,
1.0,987.504,987.808,1324.5,370.70001220703125,303.9999999999736,active,
1.0,987.83,988.065,1282.5,460.29998779296875,235.00000000001364,active,
1.0,988.12,988.369,1318.699951171875,720.9000244140625,249.00000000002365,active,
1.0,988.392,988.658,1351.800048828125,813.5,265.9999999999627,active,
1.0,988.686,989.099,1402.5,657.7000122070312,413.0000000000109,active,
1.0,989.133,989.566,1460.699951171875,409.70001220703125,432.9999999999927,active,
1.0,989.609,989.859,1176.9000244140625,587.2999877929688,250.0,active,
1.0,989.895,990.19,973.0999755859375,579.9000244140625,295.00000000007276,active,
1.0,990.234,990.518,721.4000244140625,549.5999755859375,283.9999999999918,active,
1.0,990.538,990.959,644.9000244140625,540.0,420.9999999999354,active,
1.0,991.004,991.316,634.2999877929688,830.5,312.0000000000118,active,
1.0,991.365,991.738,380.20001220703125,985.5,373.0000000000473,active,
1.0,991.758,992.022,457.70001220703125,1006.7000122070312,264.00000000001,active,
1.0,992.067,992.279,834.9000244140625,979.2999877929688,211.9999999999891,active,
1.0,992.304,992.439,919.2999877929688,942.0,134.9999999999909,active,
1.0,992.647,992.968,925.2999877929688,611.5,320.9999999999127,active,
1.0,992.987,993.322,985.2999877929688,607.2000122070312,335.0000000000364,active,
1.0,993.354,993.653,975.9000244140625,788.0999755859375,298.9999999999782,active,
1.0,993.693,993.864,750.5,818.5,171.0000000000491,active,
1.0,993.889,994.074,631.4000244140625,832.7999877929688,184.99999999994543,active,
1.0,994.115,994.289,304.6000061035156,785.9000244140625,173.99999999997817,active,
1.0,994.305,994.669,278.70001220703125,743.4000244140625,364.00000000003274,active,
1.0,994.697,994.948,129.8000030517578,594.9000244140625,250.99999999997635,active,
1.0,995.029,995.223,756.7000122070312,521.7000122070312,193.99999999995998,active,
1.0,995.239,995.798,803.9000244140625,580.7000122070312,558.9999999999691,active,
1.0,995.85,996.012,1210.9000244140625,607.2999877929688,161.99999999992087,active,
1.0,996.039,996.194,1271.5999755859375,734.7000122070312,154.99999999997272,active,
1.0,996.216,996.355,1173.199951171875,746.9000244140625,139.00000000001,active,
1.0,996.368,996.582,1132.5,743.5999755859375,213.9999999999418,active,
1.0,996.612,996.961,1246.9000244140625,732.0999755859375,349.0000000000464,active,
1.0,996.983,997.298,1346.0999755859375,717.5999755859375,315.00000000005457,active,
1.0,997.313,997.538,1294.800048828125,723.4000244140625,225.00000000002274,active,
1.0,997.551,997.944,1326.5,715.4000244140625,392.9999999999154,active,
1.0,997.957,998.177,1374.199951171875,706.9000244140625,220.00000000002728,active,
1.0,998.217,998.43,1144.300048828125,734.7000122070312,212.99999999996544,active,
1.0,998.505,998.657,278.8999938964844,767.5,152.00000000004366,active,
1.0,998.666,999.003,272.79998779296875,723.5,336.9999999999891,active,
1.0,999.193,999.457,775.5,334.3999938964844,264.00000000001,active,
1.0,999.475,999.816,721.0999755859375,303.5,341.0000000000082,active,
1.0,999.858,1000.198,391.29998779296875,391.20001220703125,340.00000000003183,active,
1.0,1000.264,1000.396,871.4000244140625,517.7000122070312,131.99999999994816,active,
1.0,1000.417,1000.907,809.2000122070312,584.0999755859375,490.0000000000091,active,
1.0,1000.961,1001.16,494.79998779296875,501.79998779296875,198.99999999995543,active,
1.0,1001.185,1001.616,397.8999938964844,448.20001220703125,431.00000000004,active,
1.0,1001.651,1001.853,580.7000122070312,468.3999938964844,201.99999999999818,active,
1.0,1001.876,1002.139,479.0,447.29998779296875,263.00000000003365,active,
1.0,1002.148,1002.7,468.1000061035156,403.79998779296875,552.0000000000209,active,
1.0,1002.717,1002.924,470.79998779296875,441.79998779296875,206.99999999999363,active,
1.0,1002.936,1003.308,460.1000061035156,475.20001220703125,371.99999999995725,active,
1.0,1003.574,1004.039,1287.800048828125,492.8999938964844,465.00000000003183,active,
1.0,1004.063,1004.293,1179.800048828125,534.5,230.0000000000182,active,
1.0,1004.34,1004.646,807.2000122070312,683.5999755859375,305.99999999992633,active,
1.0,1004.682,1004.906,746.5,879.0,223.9999999999327,active,
1.0,1004.944,1005.128,994.5999755859375,912.7000122070312,184.00000000008276,active,
1.0,1005.177,1005.365,1426.9000244140625,872.5999755859375,187.99999999998818,active,
1.0,1005.435,1005.62,1157.800048828125,316.5,185.00000000005912,active,
1.0,1005.676,1005.821,626.4000244140625,205.60000610351562,144.9999999999818,active,
1.0,1005.864,1006.049,304.70001220703125,231.39999389648438,184.99999999994543,active,
1.0,1006.101,1006.404,174.8000030517578,493.5,302.99999999999727,active,
1.0,1006.466,1006.824,813.9000244140625,526.0999755859375,357.99999999994725,active,
1.0,1007.07,1007.192,939.5999755859375,510.3999938964844,121.99999999995725,active,
1.0,1007.215,1007.512,817.2999877929688,556.2000122070312,296.9999999999118,active,
1.0,1007.522,1007.857,792.2000122070312,585.0,334.9999999999227,active,
1.0,1007.885,1008.03,618.5999755859375,541.7999877929688,144.9999999999818,active,
1.0,1008.042,1008.241,623.4000244140625,502.29998779296875,198.99999999995543,active,
1.0,1008.258,1008.575,601.7000122070312,462.79998779296875,317.0000000000073,active,
1.0,1008.588,1008.72,651.0999755859375,472.20001220703125,132.00000000006185,active,
1.0,1008.748,1009.117,746.9000244140625,593.2999877929688,368.9999999999145,active,
1.0,1009.126,1009.537,741.5999755859375,620.9000244140625,411.0000000000582,active,
1.0,1009.561,1009.96,737.7000122070312,736.2000122070312,399.0000000000009,active,
1.0,1009.991,1010.422,856.0999755859375,746.0999755859375,431.00000000004,active,
1.0,1010.666,1010.995,766.0,671.5,328.9999999999509,active,
1.0,1011.038,1011.299,525.5,706.0,260.99999999996726,active,
1.0,1011.322,1012.035,444.1000061035156,696.0999755859375,712.9999999999654,active,
1.0,1012.072,1012.324,620.2000122070312,644.5999755859375,251.9999999999527,active,
1.0,1012.351,1012.716,610.2999877929688,451.5,365.0000000000091,active,
1.0,1012.727,1013.004,644.4000244140625,447.79998779296875,277.00000000004366,active,
1.0,1013.05,1013.366,791.7000122070312,650.2000122070312,316.0000000000309,active,
1.0,1013.391,1013.454,712.7999877929688,732.5,62.99999999998818,active,
1.0,1013.501,1013.89,687.0,339.0,389.00000000001,active,
1.0,1013.938,1014.053,939.0,363.70001220703125,115.0000000000091,active,
1.0,1014.102,1014.43,1299.0,390.1000061035156,327.99999999997453,active,
1.0,1014.455,1014.76,1384.9000244140625,426.0,304.99999999995,active,
1.0,1014.814,1015.153,834.7000122070312,672.2999877929688,339.0000000000555,active,
1.0,1015.195,1015.395,639.0999755859375,716.2999877929688,199.9999999999318,active,
1.0,1015.44,1015.604,440.5,590.5999755859375,163.99999999998727,active,
1.0,1015.66,1015.824,996.7999877929688,339.1000061035156,163.99999999998727,active,
1.0,1015.836,1016.014,983.9000244140625,297.20001220703125,177.99999999999727,active,
1.0,1016.071,1016.561,1453.199951171875,615.4000244140625,490.0000000000091,active,
1.0,1016.639,1016.805,731.7000122070312,557.7999877929688,165.99999999993997,active,
1.0,1016.823,1017.719,813.4000244140625,578.2000122070312,896.0000000000719,active,
1.0,1017.745,1017.982,797.0,697.2999877929688,236.99999999996635,active,
1.0,1018.006,1018.176,878.4000244140625,776.9000244140625,170.00000000007276,active,
1.0,1018.219,1018.568,797.0999755859375,581.5,348.9999999999327,active,
1.0,1018.577,1018.798,840.7000122070312,824.7999877929688,221.00000000000364,active,
1.0,1018.807,1020.609,800.7999877929688,591.4000244140625,1802.000000000021,,
1.0,1020.619,1020.892,788.5999755859375,545.0,273.00000000002456,constant,
1.0,1021.441,1021.681,805.2999877929688,517.2000122070312,240.0000000000091,constant,
1.0,1021.727,1021.994,1119.800048828125,545.2999877929688,267.00000000005275,constant,
1.0,1022.032,1022.283,1278.800048828125,523.5,250.99999999997635,constant,
1.0,1022.323,1022.572,1050.300048828125,504.20001220703125,249.00000000002365,constant,
1.0,1022.598,1022.764,950.7000122070312,416.79998779296875,166.00000000005366,constant,
1.0,1022.808,1022.942,735.9000244140625,322.20001220703125,134.00000000001455,constant,
1.0,1022.982,1023.286,503.1000061035156,281.1000061035156,303.9999999999736,constant,
1.0,1023.316,1023.524,315.0,277.29998779296875,207.99999999997,constant,
1.0,1023.559,1023.836,138.60000610351562,283.70001220703125,277.00000000004366,constant,
1.0,1023.892,1024.092,586.5,405.1000061035156,200.00000000004547,constant,
1.0,1024.137,1024.576,836.7000122070312,514.5,439.0000000000782,constant,
1.0,1024.641,1024.958,718.4000244140625,857.5,317.0000000000073,constant,
1.0,1024.991,1025.298,948.2999877929688,857.7000122070312,307.00000000001637,constant,
1.0,1025.325,1025.732,1069.0999755859375,794.5999755859375,406.9999999999254,constant,
1.0,1025.781,1026.2,559.0,847.2000122070312,419.0000000000964,constant,
1.0,1026.23,1026.821,457.79998779296875,919.7000122070312,590.9999999998945,constant,
1.0,1026.87,1027.242,164.0,977.0,372.00000000007094,constant,
1.0,1027.502,1027.712,768.7000122070312,733.5,210.00000000003638,constant,
1.0,1027.767,1027.948,1163.300048828125,704.5,181.00000000004002,constant,
1.0,1027.982,1028.569,1287.9000244140625,716.7000122070312,586.9999999999891,constant,
1.0,1028.631,1028.875,665.2000122070312,709.7000122070312,243.9999999999145,constant,
1.0,1028.906,1029.657,447.79998779296875,717.5999755859375,750.9999999999764,constant,
1.0,1029.686,1029.83,579.4000244140625,603.5,144.00000000000546,constant,
1.0,1029.857,1030.013,721.9000244140625,547.0999755859375,155.99999999994907,constant,
1.0,1030.269,1030.583,1107.5999755859375,508.20001220703125,314.0000000000782,constant,
1.0,1030.611,1030.897,1278.5999755859375,534.2999877929688,285.99999999983083,constant,
1.0,1030.926,1031.079,1135.4000244140625,496.1000061035156,153.00000000002,constant,
1.0,1031.116,1031.373,935.2000122070312,377.8999938964844,257.00000000006185,constant,
1.0,1031.396,1031.672,878.4000244140625,336.70001220703125,276.0000000000673,constant,
1.0,1031.697,1031.997,761.7000122070312,287.3999938964844,300.0000000001819,constant,
1.0,1032.029,1032.212,589.5999755859375,307.20001220703125,182.99999999999272,constant,
1.0,1032.509,1032.991,605.7000122070312,393.6000061035156,481.9999999999709,constant,
1.0,1033.015,1033.236,550.2999877929688,316.3999938964844,221.00000000000364,constant,
1.0,1033.254,1034.094,506.79998779296875,260.79998779296875,840.0000000001455,constant,
1.0,1034.117,1034.324,457.0,330.5,207.00000000010732,constant,
1.0,1034.602,1035.755,1042.699951171875,350.3999938964844,1153.00000000002,constant,
1.0,1035.779,1036.009,909.9000244140625,395.1000061035156,230.0000000000182,constant,
1.0,1036.504,1037.047,758.2999877929688,399.20001220703125,543.00000000012,constant,
1.0,1037.646,1038.149,834.9000244140625,375.8999938964844,502.99999999992906,constant,
1.0,1039.098,1039.137,321.3999938964844,1821.5999755859375,38.99999999998727,constant,
1.0,1039.29,1039.391,647.0,1762.4000244140625,101.00000000011278,constant,
1.0,1039.43,1039.641,624.2000122070312,1499.4000244140625,211.00000000001273,constant,
1.0,1039.667,1040.377,530.7000122070312,1374.300048828125,710.0000000000364,constant,
1.0,1040.826,1041.144,769.0,397.20001220703125,317.99999999998363,constant,
1.0,1041.846,1042.175,738.4000244140625,422.3999938964844,328.9999999999509,constant,
1.0,1042.197,1042.329,726.5999755859375,499.20001220703125,132.00000000006185,constant,
1.0,1042.617,1043.017,710.5,513.5,400.00000000009095,constant,
1.0,1043.039,1043.336,789.7000122070312,537.0,297.00000000002547,constant,
1.0,1043.35,1044.16,845.0999755859375,539.7000122070312,810.0000000001728,constant,
1.0,1044.17,1044.396,826.0999755859375,554.5999755859375,225.9999999998854,constant,
1.0,1044.677,1045.244,807.4000244140625,599.9000244140625,567.0000000000073,constant,
1.0,1045.565,1045.645,578.0,1233.5,79.99999999992724,constant,
1.0,1045.666,1046.151,531.0,1320.300048828125,485.00000000012733,constant,
1.0,1046.163,1048.593,517.2000122070312,1306.300048828125,2430.0000000000637,constant,
1.0,1048.606,1048.85,539.5999755859375,1272.4000244140625,243.9999999999145,constant,
1.0,1049.206,1049.393,526.7000122070312,1228.0999755859375,187.0000000001255,constant,
1.0,1049.407,1050.903,549.5,1299.300048828125,1496.0000000000946,constant,
1.0,1051.461,1051.622,882.4000244140625,330.79998779296875,161.0000000000582,constant,
1.0,1051.646,1051.858,811.7999877929688,408.3999938964844,211.9999999999891,constant,
1.0,1051.87,1052.123,758.0999755859375,473.20001220703125,253.00000000015643,constant,
1.0,1052.144,1052.876,797.0999755859375,533.7999877929688,731.9999999999709,constant,
1.0,1053.236,1053.472,1093.5,369.3999938964844,235.9999999998763,constant,
1.0,1053.796,1054.032,841.5999755859375,406.70001220703125,235.9999999998763,constant,
1.0,1054.047,1054.618,782.5,458.3999938964844,570.9999999999127,constant,
1.0,1054.627,1055.672,734.0999755859375,484.3999938964844,1045.0000000000728,constant,
1.0,1055.686,1056.039,789.7999877929688,496.5,353.0000000000655,constant,
1.0,1056.354,1056.695,788.4000244140625,481.79998779296875,340.9999999998945,constant,
1.0,1056.712,1057.012,861.0999755859375,505.0,299.9999999999545,constant,
1.0,1057.021,1057.381,827.9000244140625,504.29998779296875,360.00000000012733,constant,
1.0,1057.715,1059.818,812.0,501.8999938964844,2103.0000000000655,constant,
1.0,1060.1,1064.44,837.0,481.70001220703125,4340.0000000001455,constant,
1.0,1064.716,1070.114,875.0999755859375,475.8999938964844,5398.000000000138,constant,
1.0,1070.366,1071.037,780.5999755859375,606.7000122070312,671.0000000000491,,
1.0,1071.11,1071.263,351.8999938964844,792.7000122070312,153.00000000002,constant,
1.0,1071.291,1071.487,211.10000610351562,831.7000122070312,196.00000000014006,constant,
1.0,1071.522,1071.961,33.0,911.5,439.0000000000782,constant,
1.0,1072.183,1072.362,757.4000244140625,649.7000122070312,179.0000000000873,constant,
1.0,1072.621,1072.848,520.7999877929688,302.79998779296875,226.99999999986176,constant,
1.0,1072.868,1073.143,500.70001220703125,222.5,275.00000000009095,constant,
1.0,1073.381,1073.652,1241.199951171875,295.79998779296875,270.99999999995816,constant,
1.0,1073.684,1073.912,1336.699951171875,371.6000061035156,228.00000000006548,constant,
1.0,1073.972,1074.183,1443.699951171875,736.0999755859375,211.00000000001273,constant,
1.0,1074.221,1074.911,1345.0,927.0,690.0000000000546,constant,
1.0,1074.949,1075.222,1087.0,965.4000244140625,272.99999999991087,constant,
1.0,1075.234,1075.476,1036.5999755859375,954.0999755859375,242.00000000018917,constant,
1.0,1075.525,1075.773,651.0999755859375,1020.7000122070312,247.99999999981992,constant,
1.0,1076.073,1076.288,105.5,994.2000122070312,214.99999999991815,constant,
1.0,1076.317,1076.535,280.6000061035156,899.9000244140625,218.00000000007458,constant,
1.0,1076.597,1076.883,820.0999755859375,865.4000244140625,286.0000000000582,constant,
1.0,1076.922,1077.195,803.2000122070312,1076.9000244140625,272.99999999991087,constant,
1.0,1077.21,1077.514,741.5999755859375,1091.4000244140625,303.99999999985994,constant,
1.0,1077.523,1077.728,706.7999877929688,1086.0999755859375,205.0000000001546,constant,
1.0,1077.739,1078.316,741.2999877929688,1082.5,576.9999999999982,constant,
1.0,1078.328,1079.171,778.7999877929688,1076.5999755859375,843.0000000000746,constant,
1.0,1079.223,1079.463,1052.0999755859375,990.0,240.0000000000091,constant,
1.0,1079.498,1079.602,1276.199951171875,975.7000122070312,104.00000000004184,constant,
1.0,1079.626,1080.24,1399.0,977.5,614.0000000000327,constant,
1.0,1080.268,1080.442,1206.9000244140625,975.2000122070312,173.99999999997817,constant,
1.0,1080.467,1080.596,1074.4000244140625,956.0999755859375,128.9999999999054,constant,
1.0,1080.636,1080.846,825.2999877929688,816.0,210.00000000003638,constant,
1.0,1080.872,1081.585,774.5999755859375,640.7999877929688,712.9999999999654,constant,
1.0,1081.638,1081.831,496.29998779296875,893.9000244140625,192.99999999998363,constant,
1.0,1081.875,1082.168,215.1999969482422,925.7999877929688,292.9999999998927,constant,
1.0,1082.179,1082.323,164.10000610351562,930.0,144.00000000000546,constant,
1.0,1082.349,1083.025,98.19999694824219,1022.2999877929688,676.0000000001583,constant,
1.0,1083.337,1083.52,232.39999389648438,837.7999877929688,182.99999999999272,constant,
1.0,1083.568,1083.855,586.7000122070312,884.0999755859375,287.00000000003456,constant,
1.0,1083.914,1084.053,1148.9000244140625,933.2999877929688,139.0000000001237,constant,
1.0,1084.46,1085.325,507.8999938964844,250.39999389648438,865.0000000000091,constant,
1.0,1086.173,1086.536,921.2000122070312,399.20001220703125,363.0000000000564,constant,
1.0,1086.621,1086.69,1381.5,797.9000244140625,68.99999999995998,constant,
1.0,1086.716,1087.146,1541.800048828125,833.4000244140625,430.00000000006366,constant,
1.0,1087.172,1088.334,1583.800048828125,975.5,1162.0000000000346,constant,
1.0,1088.442,1088.502,1597.199951171875,912.2999877929688,59.99999999994543,constant,
1.0,1088.703,1088.741,1608.0999755859375,886.9000244140625,38.000000000010914,constant,
1.0,1088.764,1088.818,1605.199951171875,881.2999877929688,54.00000000008731,constant,
1.0,1088.897,1088.931,1604.5,887.5999755859375,34.0000000001055,constant,
1.0,1088.984,1089.041,1602.9000244140625,899.2999877929688,57.00000000001637,constant,
1.0,1089.083,1089.278,1596.5999755859375,908.9000244140625,194.99999999993634,constant,
1.0,1089.317,1089.477,1556.5,936.5,160.00000000008185,constant,
1.0,1089.49,1089.658,1555.0,940.2999877929688,167.99999999989268,constant,
1.0,1089.772,1091.134,1530.0999755859375,1005.5,1362.00000000008,constant,
1.0,1091.409,1091.475,1557.9000244140625,953.0999755859375,65.99999999980355,constant,
1.0,1091.51,1092.96,1556.300048828125,1020.0999755859375,1450.0000000000455,constant,
1.0,1092.969,1093.15,1556.699951171875,1013.0,181.00000000004002,constant,
1.0,1093.157,1093.401,1533.5999755859375,1023.9000244140625,244.00000000014188,constant,
1.0,1093.408,1094.316,1538.199951171875,1009.7000122070312,908.0000000001291,constant,
1.0,1094.744,1094.828,1531.699951171875,932.7000122070312,84.00000000006003,constant,
1.0,1094.835,1095.019,1556.0,934.4000244140625,183.99999999996908,constant,
1.0,1095.051,1095.174,1567.0,928.7999877929688,123.0000000000473,constant,
1.0,1095.208,1095.265,1571.9000244140625,934.7999877929688,57.00000000001637,constant,
1.0,1095.299,1096.0,1561.199951171875,1007.4000244140625,701.0000000000218,constant,
1.0,1096.008,1097.953,1555.5999755859375,1000.4000244140625,1944.9999999999363,constant,
1.0,1097.977,1098.014,1557.5,967.4000244140625,36.99999999980719,constant,
1.0,1098.031,1098.065,1562.4000244140625,941.7999877929688,34.0000000001055,constant,
1.0,1098.374,1098.444,1533.5,904.5999755859375,69.99999999993634,constant,
1.0,1098.496,1098.52,1525.699951171875,899.2999877929688,23.999999999887223,constant,
1.0,1098.893,1099.272,756.0999755859375,875.5,378.9999999999054,constant,
1.0,1099.305,1099.474,656.2999877929688,709.4000244140625,168.99999999986903,constant,
1.0,1099.766,1099.937,534.7999877929688,413.1000061035156,170.99999999982174,constant,
1.0,1099.966,1100.166,505.79998779296875,253.39999389648438,200.00000000004547,constant,
1.0,1100.175,1100.607,505.8999938964844,219.60000610351562,432.00000000001637,constant,
1.0,1100.632,1101.116,526.5999755859375,324.20001220703125,483.9999999999236,constant,
1.0,1101.174,1101.515,745.5,607.5999755859375,341.0000000001219,constant,
1.0,1101.535,1101.827,701.0,659.5,291.9999999999163,constant,
1.0,1101.865,1101.971,887.7999877929688,801.7999877929688,105.99999999999454,constant,
1.0,1101.986,1102.606,921.4000244140625,807.2000122070312,619.9999999998909,constant,
1.0,1102.891,1103.371,879.4000244140625,791.2999877929688,480.0000000000182,constant,
1.0,1103.402,1103.984,803.0999755859375,948.5999755859375,581.99999999988,constant,
1.0,1104.009,1104.257,747.5999755859375,1074.5,248.0000000000473,constant,
1.0,1104.603,1104.665,725.7999877929688,988.7000122070312,61.99999999989814,constant,
1.0,1105.049,1105.247,548.0,919.7000122070312,198.00000000009277,constant,
1.0,1105.267,1105.53,642.7000122070312,959.0,262.99999999991996,constant,
1.0,1105.542,1105.677,680.2000122070312,976.9000244140625,134.9999999999909,constant,
1.0,1105.688,1106.408,658.4000244140625,970.2000122070312,719.9999999997999,constant,
1.0,1106.784,1107.195,654.7999877929688,887.0999755859375,410.99999999983083,constant,
1.0,1107.216,1107.335,725.7999877929688,951.7999877929688,119.00000000014188,constant,
1.0,1107.351,1107.984,660.2000122070312,991.0,632.9999999998108,constant,
1.0,1107.993,1108.141,678.4000244140625,966.4000244140625,148.00000000013824,constant,
1.0,1108.628,1109.213,661.5999755859375,923.2000122070312,585.0000000000364,constant,
1.0,1109.234,1109.517,638.7000122070312,1016.9000244140625,283.00000000012915,constant,
1.0,1109.529,1109.94,650.2000122070312,977.2000122070312,411.0000000000582,constant,
1.0,1110.238,1110.291,659.5999755859375,873.4000244140625,52.999999999883585,constant,
1.0,1110.297,1110.824,671.4000244140625,926.2000122070312,527.0000000000437,constant,
1.0,1111.447,1115.397,665.0,898.7999877929688,3950.0000000000455,constant,
1.0,1115.764,1115.812,1156.5,814.5,48.00000000000182,constant,
1.0,1115.827,1115.852,1152.4000244140625,845.9000244140625,25.00000000009095,constant,
1.0,1115.872,1120.714,1135.699951171875,882.7999877929688,4841.999999999871,constant,
1.0,1120.731,1121.012,1135.800048828125,875.0999755859375,280.99999999994907,constant,
1.0,1121.03,1121.059,1130.699951171875,874.4000244140625,28.999999999996362,constant,
1.0,1121.354,1121.382,1037.5,857.2999877929688,28.00000000002001,constant,
1.0,1121.39,1123.974,1047.199951171875,901.7999877929688,2583.9999999998327,constant,
1.0,1123.992,1124.022,1060.0999755859375,879.0,29.999999999972715,constant,
1.0,1124.049,1124.7,1064.0999755859375,874.4000244140625,651.0000000000673,constant,
1.0,1124.74,1125.58,1062.699951171875,875.7999877929688,839.9999999999181,constant,
1.0,1125.635,1125.885,1058.800048828125,877.9000244140625,250.0,constant,
1.0,1126.208,1126.332,1055.699951171875,821.9000244140625,124.00000000002365,constant,
1.0,1126.372,1127.253,1057.5999755859375,858.2999877929688,880.9999999998581,constant,
1.0,1127.27,1131.077,1048.9000244140625,881.7000122070312,3807.0000000000164,constant,
1.0,1131.384,1131.74,1048.800048828125,839.7999877929688,355.99999999999454,constant,
1.0,1131.758,1132.215,1020.5999755859375,893.4000244140625,456.99999999987995,constant,
1.0,1132.623,1132.715,972.4000244140625,809.2000122070312,91.99999999987085,constant,
1.0,1132.847,1132.888,1264.199951171875,825.7000122070312,40.99999999993997,constant,
1.0,1133.342,1133.778,879.0999755859375,928.7999877929688,435.9999999999218,constant,
1.0,1134.288,1134.391,1129.9000244140625,844.2999877929688,103.00000000006548,constant,
1.0,1134.489,1134.716,1086.699951171875,919.2999877929688,226.99999999986176,constant,
1.0,1134.731,1135.083,1131.9000244140625,924.0999755859375,352.00000000008913,constant,
1.0,1135.091,1135.661,1080.9000244140625,911.5999755859375,570.0000000001637,constant,
1.0,1136.496,1136.537,1054.0999755859375,788.9000244140625,40.99999999993997,constant,
1.0,1136.627,1136.722,1051.0,863.2000122070312,95.00000000002728,constant,
1.0,1136.798,1136.979,403.70001220703125,1043.5,181.00000000004002,constant,
1.0,1137.018,1137.203,157.60000610351562,1087.0,184.99999999994543,constant,
1.0,1137.22,1137.591,48.400001525878906,1087.199951171875,370.9999999998672,constant,
1.0,1137.637,1137.738,369.6000061035156,1032.699951171875,101.00000000011278,constant,
1.0,1138.713,1138.807,1129.699951171875,866.2000122070312,94.00000000005093,constant,
1.0,1138.821,1138.951,1125.0,881.2000122070312,130.00000000010914,constant,
1.0,1140.316,1140.36,1047.4000244140625,893.4000244140625,43.99999999986903,constant,
1.0,1140.408,1141.663,853.7000122070312,989.4000244140625,1255.0000000001091,constant,
1.0,1141.686,1142.009,939.2999877929688,950.4000244140625,323.00000000009277,constant,
1.0,1142.029,1142.684,866.5999755859375,978.9000244140625,654.9999999999727,constant,
1.0,1142.99,1145.483,856.0999755859375,960.9000244140625,2492.999999999938,constant,
1.0,1145.812,1145.899,748.7000122070312,567.4000244140625,86.99999999998909,constant,
1.0,1145.941,1146.121,557.5,354.79998779296875,180.00000000006366,constant,
1.0,1146.143,1146.323,493.6000061035156,277.8999938964844,180.00000000006366,constant,
1.0,1146.331,1146.474,505.5,257.5,143.0000000000291,constant,
1.0,1146.483,1146.87,507.1000061035156,232.6999969482422,386.9999999999436,constant,
1.0,1146.879,1147.17,771.0999755859375,617.9000244140625,291.00000000016735,,
1.0,1147.177,1147.675,787.0999755859375,609.0,498.0000000000473,,
1.0,1147.938,1148.018,800.7000122070312,583.0,79.99999999992724,constant,
1.0,1148.129,1148.394,70.9000015258789,663.5999755859375,265.00000000010004,constant,
1.0,1148.448,1148.597,612.5999755859375,628.7000122070312,148.99999999988722,constant,
1.0,1148.641,1148.936,956.0999755859375,575.2000122070312,294.9999999998454,constant,
1.0,1148.957,1149.147,1019.5,548.0999755859375,189.9999999998272,constant,
1.0,1149.178,1149.486,1011.7999877929688,370.70001220703125,307.9999999999927,constant,
1.0,1149.503,1149.765,1062.300048828125,382.5,262.000000000171,constant,
1.0,1149.823,1150.26,482.79998779296875,389.6000061035156,436.99999999989814,constant,
1.0,1150.54,1151.242,488.20001220703125,703.5,701.9999999999982,constant,
1.0,1151.283,1151.61,250.89999389648438,881.0999755859375,326.9999999999982,constant,
1.0,1151.638,1151.793,237.10000610351562,782.4000244140625,154.99999999997272,constant,
1.0,1151.822,1152.224,221.1999969482422,581.0,402.00000000004366,constant,
1.0,1152.274,1152.535,165.39999389648438,921.0999755859375,261.00000000019463,constant,
1.0,1152.555,1152.92,258.0,971.7000122070312,365.0000000000091,constant,
1.0,1152.942,1153.1,183.39999389648438,1010.2999877929688,157.99999999990177,constant,
1.0,1153.123,1153.664,91.80000305175781,1006.0999755859375,540.99999999994,constant,
1.0,1153.677,1153.903,117.0999984741211,995.9000244140625,226.00000000011278,constant,
1.0,1153.931,1154.014,125.19999694824219,777.9000244140625,82.9999999998563,constant,
1.0,1154.052,1154.232,206.6999969482422,545.2000122070312,180.00000000006366,constant,
1.0,1154.266,1154.459,375.20001220703125,435.6000061035156,192.99999999998363,constant,
1.0,1154.496,1154.904,611.0,392.6000061035156,407.9999999999018,constant,
1.0,1154.949,1155.222,1011.5999755859375,366.20001220703125,272.99999999991087,constant,
1.0,1155.255,1155.501,1105.9000244140625,427.6000061035156,245.9999999998672,constant,
1.0,1155.529,1155.569,1238.9000244140625,513.9000244140625,39.99999999996362,constant,
1.0,1155.896,1155.931,1326.0999755859375,746.0999755859375,35.000000000081855,constant,
1.0,1155.969,1156.098,1315.199951171875,810.5999755859375,128.9999999999054,constant,
1.0,1156.124,1156.333,1216.9000244140625,882.5999755859375,209.00000000006003,constant,
1.0,1156.355,1156.698,1147.5999755859375,926.0999755859375,343.0000000000746,constant,
1.0,1156.74,1157.106,1424.5999755859375,806.0999755859375,365.99999999998545,constant,
1.0,1157.132,1157.264,1278.699951171875,817.0,131.99999999983447,constant,
1.0,1157.289,1157.469,1361.800048828125,691.2000122070312,180.00000000006366,constant,
1.0,1157.495,1157.897,1473.0999755859375,585.2000122070312,402.00000000004366,constant,
1.0,1157.942,1158.127,1065.5,494.8999938964844,184.99999999994543,constant,
1.0,1158.152,1158.383,1009.4000244140625,363.70001220703125,230.99999999999454,constant,
1.0,1158.394,1158.641,1042.5,375.0,247.00000000007094,constant,
1.0,1158.694,1158.903,1427.699951171875,642.0999755859375,209.00000000006003,constant,
1.0,1158.919,1159.203,1468.800048828125,690.7000122070312,283.9999999998781,constant,
1.0,1159.504,1159.646,766.9000244140625,352.79998779296875,142.00000000005275,constant,
1.0,1159.706,1159.92,219.5,332.70001220703125,214.00000000016917,constant,
1.0,1159.971,1160.277,630.9000244140625,254.1999969482422,306.00000000004,constant,
1.0,1160.298,1160.554,565.2999877929688,251.10000610351562,256.0000000000855,constant,
1.0,1160.566,1160.837,505.8999938964844,239.1999969482422,270.99999999995816,constant,
1.0,1160.866,1161.114,425.20001220703125,334.3999938964844,248.0000000000473,constant,
1.0,1161.141,1161.259,310.20001220703125,362.6000061035156,117.99999999993815,constant,
1.0,1161.282,1161.988,183.0,327.8999938964844,706.000000000131,constant,
1.0,1161.996,1162.33,151.89999389648438,309.6000061035156,333.99999999983265,constant,
1.0,1162.402,1162.62,808.5999755859375,279.1000061035156,217.9999999998472,constant,
1.0,1162.657,1162.849,962.0,294.70001220703125,192.00000000000728,constant,
1.0,1162.891,1163.214,643.5,266.79998779296875,322.9999999998654,constant,
1.0,1163.475,1163.656,736.0,262.8999938964844,181.00000000004002,constant,
1.0,1163.721,1164.098,1259.699951171875,385.79998779296875,376.9999999999527,constant,
1.0,1164.134,1164.307,1395.5,500.20001220703125,173.00000000000182,constant,
1.0,1164.345,1164.81,1156.0999755859375,378.3999938964844,464.99999999991815,constant,
1.0,1164.819,1165.273,1202.199951171875,381.8999938964844,453.9999999999509,constant,
1.0,1165.668,1166.079,1168.4000244140625,336.29998779296875,411.0000000000582,constant,
1.0,1166.112,1166.299,1088.800048828125,497.70001220703125,186.99999999989814,constant,
1.0,1166.744,1166.911,1050.800048828125,461.0,167.0000000001437,constant,
1.0,1166.955,1167.202,1137.800048828125,692.2999877929688,247.00000000007094,constant,
1.0,1167.24,1167.607,1229.9000244140625,953.5,366.9999999999618,constant,
1.0,1167.675,1167.994,676.0,1052.5999755859375,318.99999999996,constant,
1.0,1168.049,1168.336,333.1000061035156,1149.9000244140625,287.00000000003456,constant,
1.0,1168.359,1168.589,361.70001220703125,1256.5,230.0000000000182,constant,
1.0,1168.614,1168.946,457.3999938964844,1333.9000244140625,331.99999999987995,constant,
1.0,1168.997,1169.607,702.9000244140625,988.2999877929688,609.9999999999,constant,
1.0,1169.638,1170.077,862.7000122070312,1010.0999755859375,439.0000000000782,constant,
1.0,1170.123,1170.325,1224.199951171875,938.2999877929688,201.99999999999818,constant,
1.0,1170.345,1171.158,1170.4000244140625,910.7000122070312,812.9999999998745,constant,
1.0,1171.751,1173.562,1120.5,825.9000244140625,1810.9999999999218,constant,
1.0,1173.575,1176.414,1154.9000244140625,870.4000244140625,2838.999999999942,constant,
1.0,1176.77,1177.011,1095.699951171875,675.7000122070312,240.99999999998545,constant,
1.0,1177.037,1177.792,1008.9000244140625,535.7000122070312,754.9999999998818,constant,
1.0,1177.819,1178.11,978.2999877929688,417.0,290.99999999994,constant,
1.0,1178.133,1179.358,1059.4000244140625,384.6000061035156,1224.999999999909,constant,
1.0,1179.41,1179.47,688.5999755859375,372.70001220703125,59.99999999994543,constant,
1.0,1179.737,1180.335,408.79998779296875,356.79998779296875,597.9999999999563,constant,
1.0,1180.357,1180.525,333.0,360.8999938964844,168.00000000012005,constant,
1.0,1180.549,1180.8,239.1999969482422,342.5,250.99999999997635,constant,
1.0,1180.821,1180.971,179.6999969482422,330.6000061035156,150.00000000009095,constant,
1.0,1181.414,1181.585,616.9000244140625,292.1000061035156,171.0000000000491,constant,
1.0,1181.917,1182.057,636.7999877929688,300.6000061035156,140.00000000010004,constant,
1.0,1182.077,1182.446,714.2000122070312,304.70001220703125,368.9999999999145,constant,
1.0,1182.457,1182.72,667.5,295.79998779296875,262.99999999991996,constant,
1.0,1182.733,1183.129,615.5999755859375,317.79998779296875,395.99999999995816,constant,
1.0,1183.137,1183.297,617.2999877929688,264.8999938964844,160.00000000008185,constant,
1.0,1183.311,1183.501,670.5999755859375,227.8000030517578,190.00000000005457,constant,
1.0,1183.521,1183.8,738.5999755859375,225.3000030517578,278.99999999999636,constant,
1.0,1183.813,1184.093,682.9000244140625,248.8000030517578,279.9999999999727,constant,
1.0,1184.104,1184.6,640.0999755859375,269.70001220703125,495.9999999998672,constant,
1.0,1184.614,1184.875,678.7999877929688,285.5,260.99999999996726,constant,
1.0,1184.889,1185.131,728.0,304.79998779296875,242.00000000018917,constant,
1.0,1185.142,1185.397,766.0,281.0,254.99999999988177,constant,
1.0,1185.404,1185.756,795.0999755859375,237.10000610351562,352.00000000008913,constant,
1.0,1185.784,1185.945,673.4000244140625,306.1000061035156,160.99999999983083,constant,
1.0,1186.228,1186.692,692.4000244140625,300.70001220703125,463.9999999999418,constant,
1.0,1186.705,1187.098,633.0999755859375,313.6000061035156,393.0000000000291,constant,
1.0,1187.109,1187.245,597.9000244140625,327.3999938964844,135.99999999996726,constant,
1.0,1187.262,1188.002,688.2999877929688,308.29998779296875,740.0000000000091,constant,
1.0,1188.436,1188.645,749.2999877929688,249.6999969482422,209.00000000006003,constant,
1.0,1189.309,1189.34,1016.2999877929688,291.79998779296875,30.99999999994907,constant,
1.0,1189.36,1189.482,874.7000122070312,346.70001220703125,122.00000000007094,constant,
1.0,1189.495,1189.54,816.5,341.3999938964844,45.00000000007276,constant,
1.0,1189.896,1190.071,659.7999877929688,279.0,174.99999999995453,constant,
1.0,1191.372,1191.406,539.9000244140625,132.0,33.99999999987813,constant,
1.0,1191.428,1191.535,606.0999755859375,222.8000030517578,106.9999999999709,constant,
1.0,1191.559,1191.6,769.5,269.20001220703125,40.99999999993997,constant,
1.0,1191.62,1191.675,960.2999877929688,308.0,55.000000000063665,constant,
1.0,1191.833,1192.044,1040.4000244140625,332.8999938964844,211.00000000001273,constant,
1.0,1192.068,1192.25,1153.0,406.6000061035156,182.00000000001637,constant,
1.0,1192.276,1192.55,1263.5,482.3999938964844,273.9999999998872,constant,
1.0,1192.578,1192.715,1095.5999755859375,439.8999938964844,136.9999999999436,constant,
1.0,1192.741,1193.058,950.0,380.1000061035156,317.0000000000073,constant,
1.0,1193.083,1193.31,848.4000244140625,283.20001220703125,226.99999999986176,constant,
1.0,1193.332,1193.546,675.4000244140625,274.29998779296875,213.9999999999418,constant,
1.0,1193.571,1193.617,524.5999755859375,288.8999938964844,46.00000000004911,constant,
1.0,1193.623,1193.663,435.5,252.0,39.99999999996362,constant,
1.0,1194.261,1194.447,987.2000122070312,227.39999389648438,185.99999999992178,constant,
1.0,1194.486,1194.593,779.0999755859375,178.6999969482422,106.9999999999709,constant,
1.0,1194.625,1195.069,558.9000244140625,139.39999389648438,443.99999999996,constant,
1.0,1195.096,1195.126,521.2000122070312,-5.099999904632568,29.999999999972715,constant,
1.0,1195.134,1195.26,544.7000122070312,-217.60000610351562,125.99999999997635,constant,
1.0,1195.353,1196.58,737.2000122070312,326.5,1226.9999999998618,constant,
1.0,1197.735,1197.84,1036.800048828125,297.29998779296875,105.00000000001819,constant,
1.0,1197.852,1197.946,1062.9000244140625,305.70001220703125,93.99999999982356,constant,
1.0,1198.01,1198.504,471.29998779296875,347.1000061035156,493.9999999999145,constant,
1.0,1198.565,1200.575,1052.5,462.79998779296875,2009.999999999991,constant,
1.0,1200.59,1200.801,1037.5,502.3999938964844,211.00000000001273,constant,
1.0,1201.087,1204.365,944.0,521.0999755859375,3278.00000000002,constant,
1.0,1204.669,1209.493,988.7000122070312,538.7999877929688,4823.999999999842,constant,
1.0,1209.809,1211.401,1026.300048828125,542.7000122070312,1592.0000000000982,constant,
1.0,1211.409,1211.699,995.7000122070312,569.7000122070312,289.9999999999636,constant,
1.0,1212.007,1212.215,1006.0999755859375,571.2000122070312,207.9999999998563,constant,
1.0,1212.231,1213.364,1010.2000122070312,536.2000122070312,1133.0000000000382,constant,
1.0,1213.633,1214.196,1084.800048828125,555.7000122070312,562.9999999998745,constant,
1.0,1214.21,1214.703,1033.199951171875,544.2000122070312,492.99999999993815,constant,
1.0,1214.998,1215.204,1132.5,594.7000122070312,205.9999999999036,constant,
1.0,1215.224,1215.639,1049.5999755859375,557.0999755859375,414.9999999999636,constant,
1.0,1215.912,1216.16,1031.0,515.5,248.0000000000473,constant,
1.0,1216.199,1217.083,1283.0,537.5999755859375,884.0000000000146,constant,
1.0,1217.122,1217.627,1053.0,537.0999755859375,504.99999999988177,constant,
1.0,1217.892,1218.626,1032.0,509.0,733.9999999999236,constant,
1.0,1218.683,1218.796,687.2999877929688,774.7000122070312,113.00000000005639,constant,
1.0,1218.843,1222.094,1054.5999755859375,600.7000122070312,3250.9999999999764,constant,
1.0,1222.378,1224.539,1046.5,582.0,2161.000000000058,constant,
1.0,1224.971,1225.324,1066.4000244140625,551.5999755859375,353.0000000000655,constant,
1.0,1225.335,1226.52,1022.7999877929688,562.0999755859375,1184.9999999999454,constant,
1.0,1226.9,1227.122,1051.0999755859375,559.7000122070312,221.99999999998,constant,
1.0,1227.133,1228.634,1020.7000122070312,534.7999877929688,1500.9999999999764,constant,
1.0,1228.648,1228.871,1068.9000244140625,543.7999877929688,223.00000000018372,constant,
1.0,1229.321,1229.379,1046.4000244140625,507.0,57.999999999992724,constant,
1.0,1229.386,1229.433,1042.199951171875,530.0,47.000000000025466,constant,
1.0,1229.824,1230.065,1070.800048828125,516.7000122070312,240.99999999998545,constant,
1.0,1230.078,1231.909,1009.4000244140625,535.2000122070312,1831.000000000131,constant,
1.0,1232.622,1232.748,1039.5999755859375,460.20001220703125,125.99999999997635,constant,
1.0,1233.069,1233.661,991.7999877929688,516.0999755859375,592.0000000000982,constant,
1.0,1233.674,1233.926,1018.4000244140625,525.9000244140625,251.9999999999527,constant,
1.0,1233.934,1234.752,984.4000244140625,531.7999877929688,817.9999999999836,constant,
1.0,1234.762,1235.051,1011.0999755859375,529.0999755859375,288.99999999998727,constant,
1.0,1235.631,1235.977,1014.2999877929688,477.6000061035156,346.00000000000364,constant,
1.0,1235.987,1237.221,994.2000122070312,515.5,1233.9999999999236,constant,
1.0,1237.806,1238.147,1037.0,469.20001220703125,340.9999999998945,constant,
1.0,1238.159,1239.84,1005.4000244140625,523.0,1680.9999999998126,constant,
1.0,1240.691,1240.91,1042.5999755859375,490.29998779296875,219.00000000005093,constant,
1.0,1240.922,1241.13,1002.2000122070312,520.4000244140625,208.00000000008367,constant,
1.0,1241.139,1241.352,1018.7000122070312,520.7999877929688,213.0000000001928,constant,
1.0,1241.361,1241.605,999.2999877929688,517.2000122070312,243.9999999999145,constant,
1.0,1242.084,1242.485,1051.699951171875,456.5,400.99999999983993,constant,
1.0,1242.493,1242.569,1020.7999877929688,450.0,76.00000000002183,constant,
1.0,1242.996,1243.077,1066.199951171875,468.29998779296875,80.9999999999036,constant,
1.0,1243.088,1243.293,1051.0999755859375,508.1000061035156,204.99999999992724,constant,
1.0,1243.301,1244.233,1002.9000244140625,517.0999755859375,932.0000000000164,constant,
1.0,1244.637,1244.667,1041.800048828125,426.6000061035156,29.999999999972715,constant,
1.0,1244.684,1245.61,993.2999877929688,515.2000122070312,925.9999999999309,constant,
1.0,1246.045,1246.092,851.7999877929688,523.4000244140625,47.000000000025466,constant,
1.0,1246.117,1246.396,965.5999755859375,517.9000244140625,278.99999999999636,constant,
1.0,1246.423,1246.626,826.4000244140625,522.5999755859375,202.99999999997453,constant,
1.0,1246.652,1247.195,935.7999877929688,509.3999938964844,542.9999999998927,constant,
1.0,1247.212,1248.739,995.2000122070312,527.7999877929688,1527.0000000000437,constant,
1.0,1249.059,1249.291,1017.2000122070312,536.4000244140625,231.9999999999709,constant,
1.0,1249.299,1250.0,993.4000244140625,528.2999877929688,701.0000000000218,constant,
1.0,1250.054,1250.525,619.5999755859375,748.7000122070312,471.00000000000364,constant,
1.0,1250.555,1251.132,490.8999938964844,896.9000244140625,576.9999999999982,constant,
1.0,1251.726,1252.1,1428.300048828125,831.2000122070312,373.9999999997963,constant,
1.0,1252.123,1252.339,1344.0,897.4000244140625,215.9999999998945,constant,
1.0,1252.367,1253.369,1162.0999755859375,925.4000244140625,1001.9999999999527,constant,
1.0,1253.378,1253.66,1134.699951171875,934.0,282.0000000001528,constant,
1.0,1253.672,1253.704,1145.0999755859375,889.0,31.99999999992542,constant,
1.0,1254.308,1254.313,1194.699951171875,760.0999755859375,5.000000000109139,constant,
1.0,1254.381,1254.413,1174.5999755859375,881.5999755859375,31.99999999992542,constant,
1.0,1254.429,1254.83,1128.0,867.4000244140625,400.99999999983993,constant,
1.0,1254.841,1255.162,1148.0999755859375,920.2999877929688,321.00000000014006,constant,
1.0,1255.176,1255.46,1102.300048828125,921.2000122070312,284.0000000001055,constant,
1.0,1256.3,1256.358,1174.9000244140625,799.5999755859375,57.999999999992724,constant,
1.0,1256.375,1256.71,1173.5999755859375,847.7000122070312,335.0000000000364,constant,
1.0,1256.722,1257.673,1122.0999755859375,889.9000244140625,951.0000000000218,constant,
1.0,1257.684,1257.884,1156.699951171875,909.0999755859375,200.00000000004547,constant,
1.0,1257.891,1257.947,1134.5999755859375,908.0,55.999999999812644,constant,
1.0,1258.789,1258.827,1181.0,786.5,38.000000000010914,constant,
1.0,1258.836,1260.042,778.9000244140625,588.2999877929688,1205.9999999999036,,
1.0,1260.377,1260.574,915.2000122070312,562.7999877929688,197.00000000011642,passive,
1.0,1260.599,1260.872,1028.4000244140625,510.6000061035156,273.00000000013824,passive,
1.0,1260.897,1261.78,1066.0999755859375,408.70001220703125,883.0000000000382,passive,
1.0,1261.844,1262.106,1091.0999755859375,767.4000244140625,261.9999999999436,passive,
1.0,1262.129,1262.465,1044.300048828125,890.4000244140625,336.00000000001273,passive,
1.0,1262.516,1262.715,651.2000122070312,925.0999755859375,198.99999999984175,passive,
1.0,1262.74,1262.884,536.2000122070312,904.0999755859375,144.00000000000546,passive,
1.0,1263.095,1263.117,486.70001220703125,219.89999389648438,21.999999999934516,passive,
1.0,1263.126,1263.481,474.5,268.70001220703125,355.0000000000182,passive,
1.0,1263.489,1263.868,498.8999938964844,252.5,378.9999999999054,passive,
1.0,1263.901,1264.086,325.3999938964844,281.3999938964844,184.99999999994543,passive,
1.0,1264.735,1265.144,1041.0,485.20001220703125,409.0000000001055,passive,
1.0,1265.157,1265.758,1008.0999755859375,515.0999755859375,601.0000000001128,passive,
1.0,1265.793,1265.936,828.2000122070312,554.7999877929688,143.0000000000291,passive,
1.0,1265.949,1266.614,776.0999755859375,597.7999877929688,664.9999999999636,passive,
1.0,1266.642,1266.904,748.2000122070312,414.5,261.9999999999436,passive,
1.0,1267.163,1267.384,512.5,757.4000244140625,221.00000000000364,passive,
1.0,1267.414,1267.83,653.9000244140625,790.9000244140625,415.99999999994,passive,
1.0,1267.894,1268.047,1073.0999755859375,828.5999755859375,153.00000000002,passive,
1.0,1268.092,1268.435,1408.9000244140625,860.2999877929688,342.9999999998472,passive,
1.0,1268.457,1268.626,1324.699951171875,890.7000122070312,168.99999999986903,passive,
1.0,1268.944,1268.971,1321.0,501.70001220703125,27.000000000043656,passive,
1.0,1268.983,1269.008,1315.5,524.0999755859375,25.00000000009095,passive,
1.0,1269.027,1269.085,1317.0999755859375,561.2999877929688,57.999999999992724,passive,
1.0,1269.123,1269.345,1181.199951171875,629.0999755859375,221.99999999998,passive,
1.0,1269.404,1269.587,792.4000244140625,686.4000244140625,182.99999999999272,passive,
1.0,1269.627,1270.058,465.1000061035156,774.0999755859375,431.00000000004,passive,
1.0,1270.102,1270.366,341.29998779296875,950.4000244140625,263.9999999998963,passive,
1.0,1270.409,1270.543,171.39999389648438,692.7000122070312,133.99999999978718,passive,
1.0,1270.844,1270.878,737.7000122070312,367.8999938964844,33.99999999987813,passive,
1.0,1270.886,1271.192,733.5999755859375,430.29998779296875,306.00000000004,passive,
1.0,1271.252,1271.412,240.39999389648438,582.0,160.00000000008185,passive,
1.0,1271.433,1271.766,151.10000610351562,575.5,333.0000000000837,passive,
1.0,1271.786,1272.12,213.6999969482422,572.2000122070312,333.99999999983265,passive,
1.0,1272.134,1272.274,165.8000030517578,609.4000244140625,139.99999999987267,passive,
1.0,1272.292,1272.564,248.89999389648438,625.0,272.0000000001619,passive,
1.0,1272.934,1272.985,425.6000061035156,580.5999755859375,50.99999999993088,passive,
1.0,1273.041,1273.316,787.0,599.5,275.00000000009095,passive,
1.0,1273.327,1273.475,804.0999755859375,640.7000122070312,147.99999999991087,passive,
1.0,1273.484,1274.151,768.0,628.7000122070312,667.0000000001437,passive,
1.0,1274.178,1274.474,704.7000122070312,734.9000244140625,295.99999999982174,passive,
1.0,1274.494,1274.751,651.5,766.5,257.00000000006185,passive,
1.0,1275.099,1275.127,842.4000244140625,578.5999755859375,28.00000000002001,passive,
1.0,1275.133,1275.196,840.2000122070312,630.4000244140625,62.99999999987449,passive,
1.0,1275.246,1275.645,1198.5999755859375,635.0999755859375,398.9999999998872,passive,
1.0,1275.673,1275.864,1028.0999755859375,649.2000122070312,191.00000000003092,passive,
1.0,1275.902,1276.143,799.4000244140625,641.5,240.99999999998545,passive,
1.0,1276.17,1276.51,657.0999755859375,587.7999877929688,339.99999999991815,passive,
1.0,1276.952,1277.286,796.4000244140625,583.2000122070312,334.00000000006,passive,
1.0,1277.319,1278.259,681.0,730.0,940.0000000000546,passive,
1.0,1278.283,1278.552,759.5,680.2000122070312,269.00000000000546,passive,
1.0,1278.57,1278.889,821.5,674.0,318.99999999996,passive,
1.0,1278.909,1279.16,879.4000244140625,640.2000122070312,250.99999999997635,passive,
1.0,1279.208,1279.6,1197.5999755859375,617.4000244140625,391.9999999998254,passive,
1.0,1279.642,1279.896,956.9000244140625,622.0999755859375,253.9999999999054,passive,
1.0,1279.921,1280.119,819.5999755859375,625.7999877929688,197.9999999998654,passive,
1.0,1280.175,1280.512,466.20001220703125,670.5999755859375,336.9999999999891,passive,
1.0,1280.551,1280.71,652.0,699.9000244140625,159.0000000001055,passive,
1.0,1280.969,1281.008,744.2999877929688,588.5999755859375,38.99999999998727,passive,
1.0,1281.018,1281.479,733.9000244140625,651.2999877929688,461.00000000001273,passive,
1.0,1281.495,1282.37,769.5999755859375,603.7000122070312,875.0,passive,
1.0,1282.394,1282.706,736.0999755859375,699.2999877929688,311.99999999989814,passive,
1.0,1282.996,1283.336,802.2999877929688,763.0999755859375,339.99999999991815,passive,
1.0,1283.354,1285.358,866.9000244140625,796.7000122070312,2003.9999999999054,passive,
1.0,1285.657,1285.695,866.0999755859375,686.5,38.000000000010914,passive,
1.0,1285.707,1286.119,859.2000122070312,746.7999877929688,411.9999999998072,passive,
1.0,1286.14,1286.416,782.5999755859375,825.2000122070312,275.99999999983993,passive,
1.0,1286.43,1287.076,851.4000244140625,810.0999755859375,645.9999999999582,passive,
1.0,1287.084,1287.462,886.2000122070312,789.7000122070312,377.99999999992906,passive,
1.0,1287.487,1287.835,924.5,723.0999755859375,347.99999999995634,passive,
1.0,1287.857,1288.036,867.2000122070312,776.0,179.0000000000873,passive,
1.0,1288.371,1288.424,870.7000122070312,709.0999755859375,52.999999999883585,passive,
1.0,1288.436,1289.756,872.0999755859375,765.7000122070312,1320.0000000001637,passive,
1.0,1289.767,1289.909,834.9000244140625,774.5999755859375,142.00000000005275,passive,
1.0,1290.559,1290.852,908.5999755859375,651.9000244140625,293.00000000012005,passive,
1.0,1290.873,1291.084,813.4000244140625,717.9000244140625,211.00000000001273,passive,
1.0,1291.097,1291.31,851.9000244140625,717.0999755859375,212.99999999996544,passive,
1.0,1291.335,1291.509,934.0,640.5,173.99999999997817,passive,
1.0,1291.853,1292.295,924.2000122070312,503.1000061035156,442.0000000000073,passive,
1.0,1292.322,1293.237,797.2999877929688,521.5999755859375,915.000000000191,passive,
1.0,1293.655,1294.0,837.0999755859375,514.5999755859375,345.0000000000273,passive,
1.0,1294.011,1294.444,751.7000122070312,525.0,432.9999999999927,passive,
1.0,1294.983,1295.303,839.5999755859375,470.6000061035156,320.0000000001637,passive,
1.0,1295.315,1295.903,888.2999877929688,525.5999755859375,587.9999999999654,passive,
1.0,1295.919,1296.269,788.7000122070312,527.5999755859375,349.99999999990905,passive,
1.0,1296.277,1296.764,806.0,511.5,486.99999999985266,passive,
1.0,1297.113,1297.871,820.7000122070312,513.2000122070312,758.0000000000382,passive,
1.0,1297.886,1299.147,774.2000122070312,585.0,1260.9999999999673,passive,
1.0,1299.502,1300.395,833.5999755859375,565.2000122070312,893.0000000000291,passive,
1.0,1300.841,1300.921,865.2999877929688,486.1000061035156,80.00000000015461,passive,
1.0,1301.257,1301.915,886.5,558.2000122070312,657.9999999999018,passive,
1.0,1301.941,1302.286,756.0,568.2000122070312,345.0000000000273,passive,
1.0,1302.303,1303.482,799.7999877929688,600.0,1178.99999999986,passive,
1.0,1303.868,1303.908,838.4000244140625,534.2000122070312,39.99999999996362,passive,
1.0,1303.917,1304.114,833.7000122070312,591.9000244140625,197.00000000011642,passive,
1.0,1304.145,1305.111,731.9000244140625,696.2000122070312,966.0000000001219,passive,
1.0,1305.121,1305.419,769.0999755859375,686.7999877929688,298.0000000000018,passive,
1.0,1305.957,1306.238,1018.0,603.4000244140625,280.99999999994907,passive,
1.0,1306.265,1306.44,1011.7000122070312,629.7999877929688,174.99999999995453,passive,
1.0,1306.46,1308.466,1021.2999877929688,701.7000122070312,2005.9999999998581,passive,
1.0,1308.758,1309.407,869.5999755859375,624.0999755859375,648.9999999998872,passive,
1.0,1309.842,1309.892,907.0999755859375,581.0999755859375,49.999999999954525,passive,
1.0,1310.289,1310.548,953.7999877929688,591.0999755859375,259.00000000001455,passive,
1.0,1310.564,1311.049,863.5999755859375,634.0,484.99999999989996,passive,
1.0,1311.074,1311.334,716.2999877929688,640.0,259.9999999999909,passive,
1.0,1311.35,1311.643,790.4000244140625,634.2000122070312,293.00000000012005,passive,
1.0,1311.658,1311.872,845.4000244140625,635.2000122070312,214.00000000016917,passive,
1.0,1312.257,1312.784,923.0999755859375,578.0999755859375,527.0000000000437,passive,
1.0,1312.805,1313.032,1003.5999755859375,580.5,226.99999999986176,passive,
1.0,1313.046,1313.313,937.0,576.5999755859375,267.00000000005275,passive,
1.0,1313.323,1313.666,894.7000122070312,576.7000122070312,342.9999999998472,passive,
1.0,1313.678,1314.092,848.0999755859375,576.4000244140625,413.99999999998727,passive,
1.0,1314.456,1314.661,912.2000122070312,591.0,205.0000000001546,passive,
1.0,1314.678,1314.936,849.9000244140625,609.2999877929688,257.9999999998108,passive,
1.0,1314.947,1315.788,789.7999877929688,631.0,841.0000000001219,passive,
1.0,1316.372,1316.519,1018.7000122070312,539.0999755859375,146.99999999993452,passive,
1.0,1316.555,1316.895,854.5999755859375,594.5999755859375,339.99999999991815,passive,
1.0,1316.906,1317.19,862.7000122070312,530.0999755859375,284.0000000001055,passive,
1.0,1317.204,1317.579,806.7999877929688,557.5999755859375,375.0,passive,
1.0,1317.991,1318.163,873.0,543.9000244140625,172.00000000002547,passive,
1.0,1318.175,1318.339,810.9000244140625,548.5999755859375,163.99999999998727,passive,
1.0,1318.361,1318.496,875.5999755859375,425.20001220703125,134.9999999999909,passive,
1.0,1318.519,1318.821,821.4000244140625,324.1000061035156,301.99999999990723,passive,
1.0,1318.836,1319.173,892.0999755859375,306.79998779296875,336.9999999999891,passive,
1.0,1319.188,1319.439,945.9000244140625,333.8999938964844,250.99999999997635,passive,
1.0,1319.461,1319.644,1017.2999877929688,378.79998779296875,182.99999999999272,passive,
1.0,1319.669,1319.802,1134.0,392.20001220703125,132.99999999981083,passive,
1.0,1319.825,1319.944,1231.800048828125,409.70001220703125,118.99999999991451,passive,
1.0,1319.958,1320.151,1282.0,419.29998779296875,192.99999999998363,passive,
1.0,1320.879,1321.297,865.0,518.5999755859375,418.00000000012005,passive,
1.0,1321.341,1321.651,736.2000122070312,702.4000244140625,310.0000000001728,passive,
1.0,1321.672,1321.869,805.2000122070312,664.0999755859375,196.99999999988904,passive,
1.0,1321.876,1322.072,841.7000122070312,630.2999877929688,195.9999999999127,passive,
1.0,1322.811,1323.153,963.7000122070312,369.79998779296875,342.0000000000982,passive,
1.0,1323.166,1323.224,912.4000244140625,368.3999938964844,57.999999999992724,passive,
1.0,1323.698,1324.448,959.2000122070312,324.8999938964844,750.0,passive,
1.0,1324.461,1324.615,880.5,370.20001220703125,153.99999999999636,passive,
1.0,1324.632,1324.796,810.0999755859375,415.5,163.99999999998727,passive,
1.0,1324.804,1325.102,795.2999877929688,448.70001220703125,298.0000000000018,passive,
1.0,1325.113,1325.269,773.4000244140625,457.5,155.99999999994907,passive,
1.0,1325.276,1325.461,802.4000244140625,460.8999938964844,184.99999999994543,passive,
1.0,1325.992,1326.08,868.7000122070312,366.3999938964844,87.99999999996544,passive,
1.0,1326.093,1326.226,835.2999877929688,436.29998779296875,133.0000000000382,passive,
1.0,1326.235,1326.364,862.2999877929688,497.6000061035156,129.0000000001328,passive,
1.0,1326.382,1326.696,835.0,564.9000244140625,313.99999999985084,passive,
1.0,1326.708,1326.839,832.4000244140625,549.2999877929688,130.99999999985812,passive,
1.0,1326.848,1327.255,884.7999877929688,565.7999877929688,407.0000000001528,passive,
1.0,1327.263,1327.288,904.7000122070312,571.4000244140625,25.00000000009095,passive,
1.0,1327.798,1328.137,1034.5,331.79998779296875,338.9999999999418,passive,
1.0,1328.172,1328.334,952.2000122070312,464.79998779296875,162.00000000003456,passive,
1.0,1328.357,1328.684,882.0999755859375,592.2000122070312,326.9999999999982,passive,
1.0,1328.696,1329.129,902.4000244140625,622.2999877929688,432.9999999999927,passive,
1.0,1329.137,1331.204,892.4000244140625,618.7999877929688,2067.0000000000073,passive,
1.0,1331.555,1332.723,882.0,643.9000244140625,1167.9999999998927,passive,
1.0,1332.733,1333.056,838.2999877929688,619.2999877929688,323.00000000009277,passive,
1.0,1333.096,1333.262,620.9000244140625,680.9000244140625,165.99999999993997,passive,
1.0,1333.675,1333.705,835.4000244140625,493.0,29.999999999972715,passive,
1.0,1333.717,1334.207,832.9000244140625,560.7000122070312,490.0000000000091,passive,
1.0,1334.234,1334.677,727.0999755859375,643.4000244140625,442.99999999998363,passive,
1.0,1334.717,1334.962,978.2000122070312,706.0,244.99999999989086,passive,
1.0,1335.36,1335.555,938.7000122070312,619.2999877929688,195.0000000001637,passive,
1.0,1335.564,1336.154,766.2999877929688,618.9000244140625,589.9999999999181,,
1.0,1336.166,1336.235,813.2999877929688,604.5999755859375,68.99999999995998,passive,
1.0,1336.669,1336.722,851.5,534.7999877929688,52.999999999883585,passive,
1.0,1336.733,1336.806,844.4000244140625,593.2999877929688,73.00000000009277,passive,
1.0,1336.82,1337.267,788.9000244140625,605.7000122070312,447.0000000001164,passive,
1.0,1337.293,1337.604,710.5999755859375,704.5999755859375,311.00000000014916,passive,
1.0,1337.627,1337.819,682.2000122070312,788.0999755859375,192.00000000000728,passive,
1.0,1337.869,1338.105,1096.0,825.4000244140625,236.00000000010368,passive,
1.0,1338.133,1338.312,1241.5,787.0,178.99999999985994,passive,
1.0,1338.578,1339.11,771.0999755859375,403.3999938964844,531.9999999999254,passive,
1.0,1339.164,1339.421,500.6000061035156,636.5999755859375,257.00000000006185,passive,
1.0,1339.468,1339.751,317.5,770.9000244140625,282.9999999999018,passive,
1.0,1339.787,1340.03,480.5,789.4000244140625,242.99999999993815,passive,
1.0,1340.076,1340.325,756.7999877929688,786.0,249.00000000002365,passive,
1.0,1340.378,1340.602,1094.4000244140625,776.0,224.00000000016007,passive,
1.0,1340.653,1340.863,1380.5999755859375,815.0999755859375,210.00000000003638,passive,
1.0,1341.145,1341.356,797.7000122070312,619.2999877929688,211.00000000001273,passive,
1.0,1341.39,1341.707,806.2999877929688,384.0,317.0000000000073,passive,
1.0,1341.99,1342.21,658.7000122070312,513.7999877929688,220.00000000002728,passive,
1.0,1342.243,1342.506,865.7000122070312,405.20001220703125,263.00000000014734,passive,
1.0,1342.545,1343.037,1070.5999755859375,367.29998779296875,491.9999999999618,passive,
1.0,1343.088,1343.667,765.2000122070312,405.8999938964844,578.9999999999509,passive,
1.0,1343.708,1343.857,770.2000122070312,634.0999755859375,148.99999999988722,passive,
1.0,1344.291,1344.517,849.0999755859375,633.9000244140625,226.00000000011278,passive,
1.0,1344.543,1344.925,758.7000122070312,738.0,382.00000000006185,passive,
1.0,1344.948,1346.287,682.0,793.5999755859375,1338.9999999999418,passive,
1.0,1346.313,1346.494,803.7000122070312,681.9000244140625,180.99999999981264,passive,
1.0,1346.501,1347.07,779.4000244140625,626.9000244140625,568.99999999996,passive,
1.0,1347.374,1347.752,782.2999877929688,624.4000244140625,377.99999999992906,passive,
1.0,1347.769,1348.366,727.7999877929688,695.7000122070312,596.99999999998,passive,
1.0,1348.384,1348.672,727.9000244140625,751.4000244140625,288.0000000000109,passive,
1.0,1348.694,1349.11,688.5,828.9000244140625,415.99999999994,passive,
1.0,1349.136,1349.358,773.5,811.7000122070312,221.99999999998,passive,
1.0,1349.37,1349.627,835.2000122070312,805.2999877929688,257.00000000006185,passive,
1.0,1349.638,1349.935,875.4000244140625,788.2999877929688,297.00000000002547,passive,
1.0,1349.951,1350.299,927.5,781.0,347.99999999995634,passive,
1.0,1350.627,1350.656,724.7000122070312,501.8999938964844,28.999999999996362,passive,
1.0,1350.667,1350.92,713.0999755859375,572.0999755859375,253.00000000015643,passive,
1.0,1350.936,1351.205,654.7000122070312,576.4000244140625,269.00000000000546,passive,
1.0,1351.232,1351.436,797.5999755859375,571.4000244140625,203.9999999999509,passive,
1.0,1351.455,1351.652,892.7000122070312,539.2999877929688,197.00000000011642,passive,
1.0,1351.677,1352.104,990.9000244140625,527.2000122070312,427.0000000001346,passive,
1.0,1352.148,1352.462,789.7999877929688,524.7999877929688,314.0000000000782,passive,
1.0,1352.481,1352.771,711.2000122070312,506.0,289.9999999999636,passive,
1.0,1353.305,1353.395,748.5,487.3999938964844,89.99999999991815,passive,
1.0,1353.402,1353.663,730.4000244140625,464.20001220703125,260.99999999996726,passive,
1.0,1353.691,1353.906,810.5999755859375,595.2999877929688,214.99999999991815,passive,
1.0,1353.925,1354.284,735.5999755859375,645.7999877929688,359.000000000151,passive,
1.0,1354.322,1354.582,600.0,695.2000122070312,260.0000000002183,passive,
1.0,1354.604,1354.859,498.3999938964844,714.0999755859375,254.99999999988177,passive,
1.0,1354.872,1355.026,438.3999938964844,751.5,153.99999999999636,passive,
1.0,1355.047,1355.16,540.9000244140625,778.9000244140625,113.00000000005639,passive,
1.0,1355.704,1355.852,811.2999877929688,559.5999755859375,148.00000000013824,passive,
1.0,1355.864,1356.529,775.7999877929688,589.7999877929688,664.9999999999636,passive,
1.0,1356.537,1356.918,805.0999755859375,585.7000122070312,380.9999999998581,passive,
1.0,1357.36,1357.387,879.2000122070312,456.29998779296875,27.000000000043656,passive,
1.0,1357.396,1357.846,899.4000244140625,503.20001220703125,450.0000000000455,passive,
1.0,1357.862,1358.155,826.2000122070312,506.5,292.9999999998927,passive,
1.0,1358.192,1358.618,678.0,563.2999877929688,425.9999999999309,passive,
1.0,1358.992,1359.241,1188.5,465.8999938964844,249.00000000002365,passive,
1.0,1359.264,1359.639,1265.4000244140625,468.1000061035156,375.0,passive,
1.0,1359.662,1360.138,1351.9000244140625,451.1000061035156,475.9999999998854,passive,
1.0,1360.15,1360.669,1308.4000244140625,461.3999938964844,519.0000000000055,passive,
1.0,1360.694,1361.175,1383.5,526.0,480.99999999999454,passive,
1.0,1361.227,1361.471,1076.5999755859375,586.0,243.9999999999145,passive,
1.0,1361.52,1361.897,718.0,582.7000122070312,376.9999999999527,passive,
1.0,1362.215,1362.624,835.5999755859375,514.7999877929688,409.0000000001055,passive,
1.0,1362.644,1363.496,784.7999877929688,609.5999755859375,852.0000000000891,passive,
1.0,1363.527,1363.756,1008.2999877929688,551.5,229.00000000004184,passive,
1.0,1364.026,1364.24,873.2000122070312,522.0999755859375,213.9999999999418,passive,
1.0,1364.281,1364.591,663.5,458.29998779296875,309.99999999994543,passive,
1.0,1364.631,1364.89,504.29998779296875,407.0,259.00000000001455,passive,
1.0,1364.943,1365.071,835.2999877929688,532.0,127.99999999992906,passive,
1.0,1365.408,1365.634,814.2999877929688,546.0,226.00000000011278,passive,
1.0,1365.658,1366.305,757.5999755859375,599.2999877929688,647.0000000001619,passive,
1.0,1366.353,1366.603,589.9000244140625,817.7999877929688,250.0,passive,
1.0,1366.645,1366.993,816.2000122070312,619.7000122070312,347.99999999995634,passive,
1.0,1367.021,1367.359,970.5999755859375,561.2999877929688,337.99999999996544,passive,
1.0,1367.384,1367.634,1078.0999755859375,537.2000122070312,250.0,passive,
1.0,1367.9,1367.993,1088.0,540.4000244140625,92.9999999998472,passive,
1.0,1368.003,1368.364,1091.300048828125,576.7000122070312,361.0000000001037,passive,
1.0,1368.387,1368.615,1129.199951171875,481.6000061035156,228.00000000006548,passive,
1.0,1368.64,1368.926,991.4000244140625,477.20001220703125,285.99999999983083,passive,
1.0,1368.971,1369.115,663.2999877929688,518.0999755859375,144.00000000000546,passive,
1.0,1369.375,1369.489,516.2000122070312,561.2999877929688,114.00000000003274,passive,
1.0,1369.53,1369.856,819.0,573.5999755859375,326.0000000000218,passive,
1.0,1369.924,1370.565,1250.199951171875,654.0999755859375,641.0000000000764,passive,
1.0,1370.612,1370.759,848.5999755859375,571.2999877929688,146.99999999993452,passive,
1.0,1370.78,1371.366,783.9000244140625,521.5999755859375,586.0000000000127,passive,
1.0,1371.671,1371.699,714.2000122070312,396.8999938964844,28.00000000002001,passive,
1.0,1371.719,1371.942,721.7999877929688,475.8999938964844,222.99999999995634,passive,
1.0,1371.979,1372.14,532.4000244140625,499.20001220703125,161.0000000000582,passive,
1.0,1372.49,1372.579,774.2999877929688,467.0,88.99999999994179,passive,
1.0,1372.617,1372.828,988.2999877929688,517.0,211.00000000001273,passive,
1.0,1372.842,1373.118,1024.800048828125,544.2999877929688,275.99999999983993,passive,
1.0,1373.144,1373.364,903.7000122070312,463.3999938964844,220.00000000002728,passive,
1.0,1373.378,1373.923,900.7999877929688,421.8999938964844,545.0000000000728,passive,
1.0,1373.959,1374.17,751.4000244140625,492.8999938964844,211.00000000001273,passive,
1.0,1374.184,1374.864,773.2999877929688,455.79998779296875,680.0000000000637,passive,
1.0,1374.89,1375.016,910.2999877929688,488.5,125.99999999997635,passive,
1.0,1375.639,1375.835,841.0,469.79998779296875,196.00000000014006,passive,
1.0,1375.883,1376.31,525.7000122070312,535.4000244140625,426.99999999990723,passive,
1.0,1376.345,1376.746,735.0999755859375,598.5,401.0000000000673,passive,
1.0,1376.798,1377.015,1069.800048828125,877.9000244140625,217.00000000009823,passive,
1.0,1377.042,1377.422,1201.5,990.5,380.00000000010914,passive,
1.0,1377.43,1377.473,1224.699951171875,936.5,42.99999999989268,passive,
1.0,1377.868,1378.106,681.2999877929688,532.0,238.0000000000564,passive,
1.0,1378.139,1378.439,530.7999877929688,551.4000244140625,300.0000000001819,passive,
1.0,1378.447,1378.737,503.3999938964844,546.4000244140625,290.000000000191,passive,
1.0,1378.757,1378.97,444.79998779296875,574.7000122070312,212.99999999996544,passive,
1.0,1378.993,1379.904,488.1000061035156,480.20001220703125,911.0000000000582,passive,
1.0,1379.942,1380.141,678.7000122070312,563.2999877929688,199.00000000006912,passive,
1.0,1380.165,1380.375,785.5999755859375,572.2000122070312,210.00000000003638,passive,
1.0,1381.015,1381.142,2703.199951171875,246.3000030517578,126.9999999999527,passive,
1.0,1381.178,1381.234,2601.5,228.89999389648438,55.999999999812644,passive,
1.0,1381.562,1381.784,1022.5,662.5,222.00000000020736,passive,
1.0,1381.823,1382.455,779.5,538.7000122070312,631.9999999998345,passive,
1.0,1382.477,1382.816,735.0999755859375,466.29998779296875,338.9999999999418,passive,
1.0,1382.836,1383.131,701.0,524.5999755859375,295.00000000007276,passive,
1.0,1383.564,1383.816,1092.699951171875,490.5,251.9999999999527,passive,
1.0,1383.848,1383.893,1094.800048828125,469.1000061035156,45.00000000007276,passive,
1.0,1384.584,1384.641,849.7000122070312,405.8999938964844,57.00000000001637,passive,
1.0,1384.649,1384.907,841.7000122070312,462.3999938964844,258.0000000000382,passive,
1.0,1384.918,1385.113,834.2999877929688,532.5,195.0000000001637,passive,
1.0,1385.129,1386.104,778.0,589.5999755859375,975.0000000001364,passive,
1.0,1386.146,1386.329,488.5,585.4000244140625,182.99999999999272,passive,
1.0,1386.373,1386.395,748.9000244140625,587.0999755859375,21.999999999934516,passive,
1.0,1387.536,1387.783,1125.0,500.20001220703125,246.99999999984357,passive,
1.0,1387.797,1387.978,1114.5999755859375,550.2000122070312,181.00000000004002,passive,
1.0,1388.049,1388.432,618.4000244140625,579.7000122070312,383.0000000000382,passive,
1.0,1388.453,1389.057,688.0,543.4000244140625,604.0000000000418,passive,
1.0,1389.071,1389.319,745.0999755859375,574.5,248.0000000000473,passive,
1.0,1389.341,1389.922,833.2000122070312,597.9000244140625,581.000000000131,passive,
1.0,1389.946,1390.128,905.4000244140625,620.7000122070312,182.00000000001637,passive,
1.0,1390.186,1390.371,1308.5999755859375,724.7999877929688,185.0000000001728,passive,
1.0,1390.408,1390.741,1541.800048828125,760.4000244140625,333.0000000000837,passive,
1.0,1391.225,1391.292,761.7000122070312,485.29998779296875,67.00000000000728,passive,
1.0,1391.301,1391.377,755.5999755859375,546.2999877929688,76.00000000002183,passive,
1.0,1391.392,1391.964,795.2999877929688,574.7999877929688,571.999999999889,passive,
1.0,1391.997,1392.24,683.2999877929688,573.4000244140625,242.99999999993815,passive,
1.0,1392.264,1392.663,636.9000244140625,657.5999755859375,399.0000000001146,passive,
1.0,1392.721,1393.048,474.29998779296875,847.4000244140625,326.9999999999982,passive,
1.0,1393.066,1393.217,442.1000061035156,914.2999877929688,151.0000000000673,passive,
1.0,1393.549,1393.707,652.5999755859375,465.20001220703125,158.00000000012915,passive,
1.0,1393.74,1394.114,480.79998779296875,443.29998779296875,374.00000000002365,passive,
1.0,1394.155,1394.591,185.89999389648438,486.1000061035156,435.9999999999218,passive,
1.0,1394.66,1395.601,884.0999755859375,589.7999877929688,941.0000000000309,passive,
1.0,1395.615,1395.772,822.4000244140625,602.0999755859375,156.99999999992542,passive,
1.0,1395.78,1396.348,784.0,616.5,567.9999999999836,passive,
1.0,1396.814,1396.964,793.7999877929688,514.0999755859375,149.99999999986358,passive,
1.0,1397.843,1397.974,870.7000122070312,375.0,130.99999999985812,passive,
1.0,1398.003,1399.141,772.9000244140625,480.8999938964844,1138.0000000001473,passive,
1.0,1399.152,1399.406,744.2999877929688,491.6000061035156,253.9999999999054,passive,
1.0,1399.429,1399.593,834.5,491.29998779296875,163.99999999998727,passive,
1.0,1399.645,1400.171,1244.199951171875,490.6000061035156,526.0000000000673,passive,
1.0,1400.239,1400.582,749.9000244140625,557.0,343.0000000000746,passive,
1.0,1400.6,1401.274,663.5999755859375,547.2000122070312,673.9999999999782,passive,
1.0,1401.795,1401.823,825.4000244140625,391.0,28.00000000002001,passive,
1.0,1401.838,1402.526,826.5,454.20001220703125,688.0000000001019,passive,
1.0,1402.543,1402.762,827.2999877929688,506.0,219.00000000005093,passive,
1.0,1402.776,1403.026,782.2000122070312,553.9000244140625,250.0,passive,
1.0,1403.035,1403.307,776.4000244140625,582.0999755859375,271.9999999999345,passive,
1.0,1403.32,1403.485,800.5,585.9000244140625,164.99999999996362,passive,
1.0,1403.533,1403.609,1031.199951171875,383.8999938964844,76.00000000002183,passive,
1.0,1404.165,1404.562,1043.0999755859375,339.3999938964844,396.9999999999345,passive,
1.0,1404.626,1404.891,686.4000244140625,568.7000122070312,265.00000000010004,passive,
1.0,1404.933,1405.648,951.9000244140625,502.79998779296875,714.9999999999181,passive,
1.0,1405.684,1405.94,815.0,639.0999755859375,256.0000000000855,passive,
1.0,1405.954,1406.027,738.5999755859375,606.7999877929688,73.00000000009277,passive,
1.0,1406.653,1406.981,1011.2000122070312,303.0,327.99999999997453,passive,
1.0,1406.993,1408.592,1070.4000244140625,323.3999938964844,1599.00000000016,passive,
1.0,1409.407,1409.56,1036.0,332.29998779296875,153.00000000002,passive,
1.0,1409.585,1409.769,928.0999755859375,375.29998779296875,183.99999999996908,passive,
1.0,1409.973,1410.161,460.1000061035156,790.0999755859375,188.00000000010186,passive,
1.0,1410.784,1410.953,1033.0999755859375,282.79998779296875,168.99999999986903,passive,
1.0,1410.967,1411.017,1021.0,288.0,49.999999999954525,passive,
1.0,1411.036,1411.489,939.0999755859375,345.6000061035156,452.99999999997453,passive,
1.0,1411.499,1411.793,915.2000122070312,352.29998779296875,293.99999999986903,passive,
1.0,1411.806,1411.947,966.9000244140625,322.29998779296875,140.99999999984902,passive,
1.0,1412.779,1413.07,1087.199951171875,222.8000030517578,290.99999999994,passive,
1.0,1413.092,1413.78,982.0,320.29998779296875,687.9999999998745,passive,
1.0,1413.798,1414.052,1045.0,352.6000061035156,253.9999999999054,passive,
1.0,1414.575,1414.743,614.4000244140625,434.79998779296875,167.99999999989268,passive,
1.0,1414.759,1415.06,553.4000244140625,505.3999938964844,300.9999999999309,passive,
1.0,1415.073,1415.946,537.5999755859375,542.0999755859375,872.9999999998199,passive,
1.0,1416.026,1416.283,1044.300048828125,549.5,256.9999999998345,passive,
1.0,1418.172,1418.264,898.5,395.70001220703125,91.99999999987085,passive,
1.0,1418.294,1418.384,776.5999755859375,407.70001220703125,89.99999999991815,passive,
1.0,1418.399,1418.524,639.0999755859375,427.6000061035156,125.0,passive,
1.0,1418.547,1418.708,528.0999755859375,462.79998779296875,161.0000000000582,passive,
1.0,1418.721,1419.045,547.7999877929688,472.70001220703125,324.0000000000691,passive,
1.0,1419.06,1419.268,509.20001220703125,494.0,208.00000000008367,passive,
1.0,1419.281,1419.347,560.2000122070312,456.5,66.00000000003092,passive,
1.0,1419.554,1419.575,1151.9000244140625,881.4000244140625,20.999999999958163,passive,
1.0,1420.218,1420.923,979.7000122070312,400.70001220703125,704.9999999999272,passive,
1.0,1420.933,1421.096,905.2000122070312,413.20001220703125,163.0000000000109,passive,
1.0,1421.103,1421.243,927.2000122070312,422.20001220703125,139.99999999987267,passive,
1.0,1421.995,1422.261,984.7000122070312,343.29998779296875,266.0000000000764,passive,
1.0,1422.308,1422.756,778.2000122070312,512.9000244140625,448.00000000009277,passive,
1.0,1422.773,1422.98,859.5999755859375,547.0,207.00000000010732,passive,
1.0,1422.992,1423.211,815.2000122070312,572.2999877929688,219.00000000005093,passive,
1.0,1423.221,1423.413,775.7000122070312,580.0,192.00000000000728,passive,
1.0,1423.423,1423.459,785.5999755859375,540.2999877929688,36.00000000005821,passive,
1.0,1423.48,1423.639,855.0999755859375,549.2000122070312,158.99999999987813,passive,
1.0,1424.605,1424.697,991.0,312.5,91.99999999987085,passive,
1.0,1424.735,1424.8,1256.0,347.5,65.00000000005457,passive,
1.0,1424.844,1425.024,1342.0999755859375,350.8999938964844,179.9999999998363,passive,
1.0,1425.075,1425.144,1302.5,414.0,68.99999999995998,passive,
1.0,1425.243,1425.32,1260.699951171875,473.3999938964844,76.99999999999818,passive,
1.0,1425.352,1425.427,1226.0999755859375,474.0,74.9999999998181,passive,
1.0,1425.728,1425.76,1243.800048828125,429.3999938964844,31.99999999992542,passive,
1.0,1425.924,1425.955,1184.5999755859375,406.8999938964844,30.99999999994907,passive,
1.0,1426.023,1426.114,1175.5999755859375,417.3999938964844,91.00000000012187,passive,
1.0,1426.49,1426.669,1139.5,383.0,179.0000000000873,passive,
1.0,1426.683,1426.806,1045.800048828125,377.1000061035156,123.0000000000473,passive,
1.0,1426.848,1426.872,858.2000122070312,346.5,24.000000000114596,passive,
1.0,1426.887,1426.997,711.5999755859375,384.79998779296875,110.00000000012733,passive,
1.0,1427.048,1427.214,424.6000061035156,425.1000061035156,165.99999999993997,passive,
1.0,1427.228,1427.764,348.0,427.3999938964844,535.9999999998308,passive,
1.0,1428.219,1428.322,865.9000244140625,464.29998779296875,102.99999999983811,passive,
1.0,1428.35,1428.765,775.7999877929688,576.9000244140625,415.000000000191,passive,
1.0,1428.819,1429.728,984.7999877929688,746.4000244140625,909.0000000001055,passive,
1.0,1429.782,1429.934,1138.699951171875,669.9000244140625,152.00000000004366,passive,
1.0,1429.957,1430.281,1235.5,617.5999755859375,323.99999999984175,passive,
1.0,1430.344,1430.541,677.2999877929688,923.5,196.99999999988904,passive,
1.0,1430.568,1430.783,477.8999938964844,979.2000122070312,214.99999999991815,passive,
1.0,1430.817,1431.032,452.29998779296875,758.9000244140625,214.99999999991815,passive,
1.0,1431.072,1431.409,704.2000122070312,844.2999877929688,337.00000000021646,passive,
1.0,1431.43,1431.712,703.4000244140625,778.7999877929688,281.9999999999254,passive,
1.0,1431.751,1432.113,559.4000244140625,584.5,362.00000000008004,passive,
1.0,1432.177,1432.503,1152.0,534.0999755859375,326.0000000000218,passive,
1.0,1432.837,1432.984,929.4000244140625,592.2999877929688,146.99999999993452,passive,
1.0,1433.038,1433.52,415.29998779296875,574.2000122070312,481.9999999999709,passive,
1.0,1433.549,1433.817,431.8999938964844,723.5999755859375,268.0000000000291,passive,
1.0,1433.829,1434.092,407.8999938964844,765.0,263.00000000014734,passive,
1.0,1434.12,1434.344,550.2000122070312,797.0999755859375,224.00000000016007,passive,
1.0,1434.364,1434.627,643.7000122070312,836.7000122070312,262.99999999991996,passive,
1.0,1435.033,1435.131,955.7000122070312,459.5,98.00000000018372,passive,
1.0,1435.968,1436.156,644.5999755859375,503.29998779296875,187.9999999998745,passive,
1.0,1436.194,1436.498,504.79998779296875,348.3999938964844,304.0000000000873,passive,
1.0,1436.564,1436.896,1010.2000122070312,525.7999877929688,331.99999999987995,passive,
1.0,1436.928,1437.387,945.0,719.0999755859375,458.99999999983265,passive,
1.0,1437.413,1437.578,829.7999877929688,675.0999755859375,164.99999999996362,passive,
1.0,1437.593,1438.794,771.2999877929688,641.7000122070312,1201.0000000000218,passive,
1.0,1438.811,1439.065,838.2999877929688,630.9000244140625,254.0000000001328,passive,
1.0,1439.437,1439.476,837.0999755859375,497.79998779296875,39.00000000021464,passive,
1.0,1439.487,1440.661,827.0,572.7000122070312,1173.9999999999782,passive,
1.0,1440.674,1440.931,845.4000244140625,530.5999755859375,257.00000000006185,passive,
1.0,1441.416,1441.472,876.4000244140625,314.5,56.00000000004002,passive,
1.0,1441.481,1441.607,829.7000122070312,371.1000061035156,125.99999999997635,passive,
1.0,1441.622,1441.639,824.5999755859375,351.3999938964844,16.999999999825377,passive,
1.0,1441.953,1442.174,872.7999877929688,294.0,221.00000000000364,passive,
1.0,1442.187,1442.861,823.0,290.3999938964844,674.0000000002055,passive,
1.0,1442.898,1443.27,944.0,355.3999938964844,372.00000000007094,passive,
1.0,1443.306,1443.702,880.9000244140625,521.0999755859375,395.99999999995816,passive,
1.0,1443.711,1444.28,847.9000244140625,522.0999755859375,568.99999999996,passive,
1.0,1445.469,1445.499,1306.4000244140625,418.0,29.999999999972715,passive,
1.0,1445.577,1445.607,1236.5999755859375,274.70001220703125,29.999999999972715,passive,
1.0,1445.649,1445.855,1269.699951171875,303.20001220703125,206.00000000013097,passive,
1.0,1445.918,1446.251,892.5999755859375,516.9000244140625,333.0000000000837,passive,
1.0,1446.268,1446.79,817.5999755859375,530.7999877929688,521.9999999999345,passive,
1.0,1446.803,1447.829,856.5,508.8999938964844,1025.99999999984,passive,
1.0,1447.838,1448.436,751.4000244140625,606.0999755859375,597.9999999999563,,
1.0,1449.166,1449.198,848.2999877929688,459.5,32.000000000152795,passive,
1.0,1449.474,1449.696,759.2999877929688,595.0,221.99999999998,passive,
1.0,1449.733,1449.99,863.5,510.5,257.00000000006185,passive,
1.0,1450.023,1450.206,1018.5999755859375,359.79998779296875,182.99999999999272,passive,
1.0,1450.231,1450.623,1024.300048828125,227.1999969482422,392.00000000005275,passive,
1.0,1450.685,1450.911,1019.5,660.0999755859375,226.00000000011278,passive,
1.0,1450.951,1451.27,911.0,834.5,318.99999999996,passive,
1.0,1451.302,1451.547,992.0999755859375,977.7999877929688,245.00000000011823,passive,
1.0,1451.59,1451.83,1224.5999755859375,1004.5999755859375,240.0000000000091,passive,
1.0,1451.855,1451.977,1328.5,974.0,122.00000000007094,passive,
1.0,1452.158,1452.183,910.9000244140625,411.29998779296875,25.00000000009095,passive,
1.0,1452.194,1452.423,907.0,467.20001220703125,229.00000000004184,passive,
1.0,1452.451,1452.627,969.2999877929688,331.1000061035156,175.99999999993088,passive,
1.0,1452.65,1452.894,1029.699951171875,237.8000030517578,243.9999999999145,passive,
1.0,1452.955,1453.131,503.0,523.0,176.00000000015825,passive,
1.0,1453.157,1453.582,405.3999938964844,582.4000244140625,425.0000000001819,passive,
1.0,1453.629,1453.746,829.7999877929688,610.0,117.00000000018917,passive,
1.0,1454.204,1454.261,860.7999877929688,487.20001220703125,57.00000000001637,passive,
1.0,1454.29,1454.679,790.2000122070312,605.0999755859375,389.0000000001237,passive,
1.0,1454.715,1455.031,849.5999755859375,755.4000244140625,316.0000000000309,passive,
1.0,1455.095,1455.592,467.79998779296875,880.5999755859375,497.00000000007094,passive,
1.0,1455.639,1455.926,671.2999877929688,668.4000244140625,287.00000000003456,passive,
1.0,1455.949,1456.228,715.2999877929688,596.5999755859375,278.99999999999636,passive,
1.0,1456.29,1456.408,1164.0999755859375,665.5,117.99999999993815,passive,
1.0,1456.701,1456.729,1083.199951171875,649.0,28.00000000002001,passive,
1.0,1456.737,1456.896,1075.0,678.5999755859375,158.99999999987813,passive,
1.0,1456.921,1457.135,1018.2000122070312,580.9000244140625,213.9999999999418,passive,
1.0,1457.179,1457.428,802.2999877929688,607.5,249.00000000002365,passive,
1.0,1457.477,1457.725,524.7000122070312,637.7000122070312,247.99999999981992,passive,
1.0,1457.762,1458.056,304.79998779296875,662.2000122070312,294.0000000000964,passive,
1.0,1458.121,1458.374,686.0999755859375,587.7000122070312,252.99999999992906,passive,
1.0,1458.421,1458.689,921.0,616.5999755859375,268.0000000000291,passive,
1.0,1458.717,1459.34,1042.800048828125,754.5999755859375,622.9999999998199,passive,
1.0,1459.363,1459.777,1121.699951171875,748.5999755859375,413.99999999998727,passive,
1.0,1459.82,1460.018,778.7999877929688,634.5,198.00000000009277,passive,
1.0,1460.275,1460.455,647.5999755859375,560.5999755859375,179.9999999998363,passive,
1.0,1460.481,1460.731,492.5,603.7000122070312,250.0,passive,
1.0,1460.751,1461.24,564.7000122070312,604.0,489.00000000003274,passive,
1.0,1461.278,1461.565,773.0999755859375,526.5999755859375,287.00000000003456,passive,
1.0,1461.591,1461.84,807.5999755859375,384.20001220703125,249.00000000002365,passive,
1.0,1461.867,1462.284,794.5999755859375,259.3999938964844,417.0000000001437,passive,
1.0,1462.349,1462.464,410.70001220703125,567.0999755859375,115.0000000000091,passive,
1.0,1462.519,1462.653,800.9000244140625,346.70001220703125,134.00000000001455,passive,
1.0,1462.69,1462.791,921.2000122070312,277.20001220703125,100.9999999998854,passive,
1.0,1462.802,1463.395,934.5999755859375,252.10000610351562,593.0000000000746,passive,
1.0,1463.429,1463.646,678.0999755859375,272.0,216.99999999987085,passive,
1.0,1463.693,1464.049,509.70001220703125,557.2999877929688,355.99999999999454,passive,
1.0,1464.087,1464.274,287.5,749.9000244140625,186.99999999989814,passive,
1.0,1464.345,1464.468,708.2000122070312,299.5,123.0000000000473,passive,
1.0,1464.482,1464.928,708.7999877929688,250.60000610351562,446.00000000014006,passive,
1.0,1465.147,1465.727,922.7999877929688,245.60000610351562,580.0000000001546,passive,
1.0,1465.753,1465.898,1051.4000244140625,322.20001220703125,144.9999999999818,passive,
1.0,1465.913,1466.098,1082.800048828125,359.3999938964844,184.99999999994543,passive,
1.0,1466.146,1466.502,745.0999755859375,632.2000122070312,355.99999999999454,passive,
1.0,1466.519,1466.719,657.0,642.2000122070312,200.00000000004547,passive,
1.0,1467.156,1467.205,673.2999877929688,540.5999755859375,48.99999999997817,passive,
1.0,1467.488,1467.788,776.9000244140625,523.0,299.9999999999545,passive,
1.0,1467.805,1468.668,713.5999755859375,593.9000244140625,862.999999999829,passive,
1.0,1468.683,1469.069,755.0,605.2000122070312,385.99999999996726,passive,
1.0,1469.092,1469.269,849.5,691.0,176.99999999990723,passive,
1.0,1469.305,1469.415,1059.199951171875,699.2999877929688,109.99999999989996,passive,
1.0,1469.721,1470.088,988.2000122070312,534.9000244140625,366.9999999999618,passive,
1.0,1470.115,1470.41,1095.0999755859375,558.2000122070312,295.00000000007276,passive,
1.0,1470.428,1470.715,1167.800048828125,560.9000244140625,286.9999999998072,passive,
1.0,1470.773,1471.09,778.0999755859375,564.2000122070312,317.0000000000073,passive,
1.0,1471.129,1471.33,553.7999877929688,582.7000122070312,201.00000000002183,passive,
1.0,1471.362,1471.485,688.0,581.0999755859375,122.99999999981992,passive,
1.0,1471.505,1471.825,763.7000122070312,592.5999755859375,319.99999999993634,passive,
1.0,1471.838,1472.365,784.5,609.4000244140625,527.0000000000437,passive,
1.0,1472.387,1472.787,800.7999877929688,507.3999938964844,400.00000000009095,passive,
1.0,1472.829,1473.046,931.2000122070312,688.4000244140625,217.00000000009823,passive,
1.0,1473.096,1473.28,938.9000244140625,331.8999938964844,183.99999999996908,passive,
1.0,1473.299,1473.615,880.5999755859375,313.70001220703125,316.0000000000309,passive,
1.0,1473.653,1474.109,1094.5999755859375,240.5,455.9999999999036,passive,
1.0,1474.137,1474.386,932.2000122070312,316.20001220703125,249.00000000002365,passive,
1.0,1474.437,1474.629,903.0999755859375,567.2000122070312,192.00000000000728,passive,
1.0,1474.677,1474.923,937.5,848.5999755859375,246.0000000000946,passive,
1.0,1474.936,1475.462,896.7999877929688,900.7999877929688,526.0000000000673,passive,
1.0,1475.517,1475.682,480.29998779296875,883.5,164.99999999996362,passive,
1.0,1476.161,1476.254,934.2000122070312,577.5999755859375,92.9999999998472,passive,
1.0,1476.62,1476.668,961.5,529.4000244140625,48.00000000000182,passive,
1.0,1476.687,1476.852,859.9000244140625,515.9000244140625,165.000000000191,passive,
1.0,1476.865,1477.16,804.0,506.0,295.00000000007276,passive,
1.0,1477.174,1477.401,815.5999755859375,536.2999877929688,227.00000000008913,passive,
1.0,1477.42,1477.647,877.0999755859375,560.0999755859375,226.99999999986176,passive,
1.0,1477.656,1478.581,901.7000122070312,575.0999755859375,924.9999999999545,passive,
1.0,1478.599,1478.72,963.4000244140625,563.7999877929688,121.00000000009459,passive,
1.0,1479.201,1479.332,947.5999755859375,475.29998779296875,131.0000000000855,passive,
1.0,1479.35,1479.415,884.2999877929688,499.1000061035156,65.00000000005457,passive,
1.0,1479.855,1480.357,622.7999877929688,429.1000061035156,501.9999999999527,passive,
1.0,1480.376,1480.575,635.9000244140625,519.0999755859375,199.00000000006912,passive,
1.0,1480.586,1480.774,614.7000122070312,554.2999877929688,187.9999999998745,passive,
1.0,1480.841,1481.075,563.5999755859375,963.4000244140625,234.00000000015098,passive,
1.0,1481.085,1481.305,532.7999877929688,995.0,220.00000000002728,passive,
1.0,1481.312,1481.502,552.5,992.5,190.00000000005457,passive,
1.0,1481.518,1481.967,592.0999755859375,978.2999877929688,449.0000000000691,passive,
1.0,1482.325,1482.416,899.2000122070312,438.3999938964844,90.9999999998945,passive,
1.0,1482.434,1482.599,837.7999877929688,479.29998779296875,164.99999999996362,passive,
1.0,1482.617,1482.982,775.0,512.5999755859375,365.0000000000091,passive,
1.0,1482.999,1483.38,718.4000244140625,550.7999877929688,381.0000000000855,passive,
1.0,1483.391,1483.56,669.7999877929688,566.9000244140625,168.99999999986903,passive,
1.0,1483.574,1483.7,732.5,579.4000244140625,125.99999999997635,passive,
1.0,1483.745,1483.937,496.6000061035156,371.5,192.00000000000728,passive,
1.0,1483.954,1484.278,486.29998779296875,316.0,324.0000000000691,passive,
1.0,1484.365,1484.53,156.89999389648438,700.0,164.99999999996362,passive,
1.0,1484.547,1484.701,261.20001220703125,739.9000244140625,153.99999999999636,passive,
1.0,1484.738,1484.945,475.6000061035156,804.2000122070312,206.99999999987995,passive,
1.0,1484.965,1485.43,546.5999755859375,853.7000122070312,465.0000000001455,passive,
1.0,1485.445,1485.527,632.0,848.0999755859375,82.00000000010732,passive,
1.0,1486.155,1486.315,933.0999755859375,433.29998779296875,160.00000000008185,passive,
1.0,1486.329,1486.993,841.5999755859375,475.5,663.9999999999873,passive,
1.0,1487.003,1487.982,779.7000122070312,492.20001220703125,979.0000000000418,passive,
1.0,1488.316,1488.359,781.9000244140625,433.0,42.99999999989268,passive,
1.0,1488.373,1488.488,765.7999877929688,474.1000061035156,115.0000000000091,passive,
1.0,1488.502,1488.539,782.2000122070312,424.8999938964844,37.00000000003456,passive,
1.0,1488.805,1488.825,770.7000122070312,406.8999938964844,19.99999999998181,passive,
1.0,1488.84,1489.914,740.7999877929688,478.29998779296875,1074.0000000000691,passive,
1.0,1489.933,1490.124,795.9000244140625,549.4000244140625,191.00000000003092,passive,
1.0,1490.141,1490.424,737.2999877929688,576.0,282.9999999999018,passive,
1.0,1490.44,1490.637,690.2999877929688,629.7000122070312,196.99999999988904,passive,
1.0,1490.655,1490.847,741.2000122070312,677.5,192.00000000000728,passive,
1.0,1490.884,1491.089,875.7000122070312,560.7999877929688,204.99999999992724,passive,
1.0,1491.113,1491.329,897.9000244140625,500.79998779296875,215.9999999998945,passive,
1.0,1491.974,1492.011,839.7000122070312,393.6000061035156,37.00000000003456,passive,
1.0,1492.022,1492.16,830.2000122070312,459.0,138.00000000014734,passive,
1.0,1492.179,1492.8,918.4000244140625,484.20001220703125,620.9999999998672,passive,
1.0,1492.843,1493.1,644.7999877929688,578.5999755859375,256.9999999998345,passive,
1.0,1493.114,1493.8,607.2999877929688,595.5,685.9999999999218,passive,
1.0,1493.815,1493.963,661.4000244140625,576.7000122070312,147.99999999991087,passive,
1.0,1494.556,1494.626,741.7999877929688,514.5,69.99999999993634,passive,
1.0,1494.633,1494.711,732.7000122070312,560.2000122070312,77.99999999997453,passive,
1.0,1494.731,1495.065,619.5,593.7999877929688,334.00000000006,passive,
1.0,1495.089,1495.27,747.2999877929688,608.0,181.00000000004002,passive,
1.0,1495.283,1496.254,768.9000244140625,607.4000244140625,971.0000000000036,passive,
1.0,1496.275,1497.336,824.9000244140625,633.9000244140625,1060.9999999999218,passive,
1.0,1497.546,1497.575,885.7000122070312,499.70001220703125,28.999999999996362,passive,
1.0,1497.585,1497.649,881.7000122070312,519.5,63.99999999985084,passive,
1.0,1498.229,1498.298,879.4000244140625,485.70001220703125,68.99999999995998,passive,
1.0,1498.316,1498.663,883.5999755859375,537.0999755859375,346.99999999998,passive,
1.0,1498.688,1498.969,955.7000122070312,676.2000122070312,280.99999999994907,passive,
1.0,1498.988,1499.571,872.7999877929688,647.5,582.9999999998563,passive,
1.0,1499.58,1500.05,834.0,586.0999755859375,470.0000000000273,,
1.0,1500.133,1500.269,246.60000610351562,627.5,135.99999999996726,active,
1.0,1500.323,1500.519,817.7000122070312,583.7000122070312,195.9999999999127,active,
1.0,1500.789,1501.336,832.5,554.4000244140625,547.0000000000255,active,
1.0,1501.378,1501.633,890.9000244140625,772.9000244140625,255.00000000010914,active,
1.0,1501.665,1502.046,712.7999877929688,738.4000244140625,381.0000000000855,active,
1.0,1502.092,1502.538,1063.4000244140625,861.5,445.9999999999127,active,
1.0,1502.548,1502.751,1085.5,823.7000122070312,202.99999999997453,active,
1.0,1502.798,1502.929,1199.4000244140625,518.0999755859375,131.0000000000855,active,
1.0,1502.948,1503.173,1184.9000244140625,462.6000061035156,224.99999999990905,active,
1.0,1503.211,1503.445,926.0,462.70001220703125,233.9999999999236,active,
1.0,1503.487,1503.677,615.0,485.8999938964844,189.9999999998272,active,
1.0,1503.724,1503.999,225.6999969482422,511.8999938964844,275.00000000009095,active,
1.0,1504.03,1504.346,90.80000305175781,557.7999877929688,316.0000000000309,active,
1.0,1504.376,1504.777,233.10000610351562,607.7000122070312,401.0000000000673,active,
1.0,1504.824,1505.115,496.0,738.0,290.99999999994,active,
1.0,1505.163,1505.455,271.70001220703125,872.4000244140625,291.9999999999163,active,
1.0,1505.693,1505.887,221.0,885.7999877929688,193.99999999995998,active,
1.0,1505.97,1506.119,1224.9000244140625,895.0999755859375,148.99999999988722,active,
1.0,1506.166,1506.285,1549.0,843.9000244140625,119.00000000014188,active,
1.0,1506.334,1506.477,1489.9000244140625,502.29998779296875,143.0000000000291,active,
1.0,1506.514,1506.649,1322.0999755859375,333.70001220703125,134.9999999999909,active,
1.0,1506.705,1506.877,828.7999877929688,300.5,172.00000000002547,active,
1.0,1506.928,1507.214,415.5,404.6000061035156,285.99999999983083,active,
1.0,1507.24,1507.506,302.0,446.3999938964844,266.0000000000764,active,
1.0,1507.546,1507.778,610.5,493.0,231.9999999999709,active,
1.0,1508.033,1508.062,951.7999877929688,444.3999938964844,28.999999999996362,active,
1.0,1508.078,1508.141,955.5,512.2999877929688,63.00000000010186,active,
1.0,1508.168,1508.922,835.7999877929688,587.2999877929688,754.0000000001328,active,
1.0,1508.962,1509.283,605.7000122070312,622.5,320.9999999999127,active,
1.0,1509.326,1509.501,816.9000244140625,709.0999755859375,174.99999999995453,active,
1.0,1509.551,1509.829,1202.0999755859375,713.0999755859375,278.00000000002,active,
1.0,1509.854,1510.168,1261.199951171875,598.9000244140625,313.99999999985084,active,
1.0,1510.188,1510.284,1346.5999755859375,559.2000122070312,96.00000000000364,active,
1.0,1510.312,1510.549,1531.4000244140625,547.2000122070312,237.00000000008004,active,
1.0,1510.577,1510.906,1356.0999755859375,587.2000122070312,328.9999999999509,active,
1.0,1510.944,1511.199,1157.5,639.5999755859375,255.00000000010914,active,
1.0,1511.252,1511.483,726.9000244140625,647.4000244140625,230.99999999999454,active,
1.0,1511.532,1511.766,348.79998779296875,703.7999877929688,234.00000000015098,active,
1.0,1511.797,1512.065,119.69999694824219,694.5999755859375,268.0000000000291,active,
1.0,1512.109,1512.341,392.20001220703125,849.0999755859375,231.9999999999709,active,
1.0,1512.388,1512.638,750.9000244140625,855.7000122070312,250.0,active,
1.0,1512.668,1512.955,944.0,867.7999877929688,287.00000000003456,active,
1.0,1512.997,1513.317,712.2999877929688,728.5999755859375,319.99999999993634,active,
1.0,1513.595,1513.897,356.3999938964844,799.5999755859375,301.99999999990723,active,
1.0,1513.921,1514.09,240.3000030517578,758.0,168.99999999986903,active,
1.0,1514.17,1514.254,743.4000244140625,604.2000122070312,83.99999999983265,active,
1.0,1514.312,1514.69,1183.800048828125,572.9000244140625,378.00000000015643,active,
1.0,1514.712,1515.008,1124.4000244140625,655.5999755859375,296.0000000000491,active,
1.0,1515.034,1515.328,1253.0,662.2999877929688,293.99999999986903,active,
1.0,1515.352,1515.49,1344.300048828125,622.2999877929688,137.99999999991996,active,
1.0,1515.538,1515.63,1035.300048828125,562.2999877929688,92.00000000009823,active,
1.0,1515.7,1516.226,439.70001220703125,600.9000244140625,526.0000000000673,active,
1.0,1516.55,1516.625,1091.0999755859375,478.20001220703125,75.00000000004547,active,
1.0,1516.655,1516.813,891.5,532.0,158.00000000012915,active,
1.0,1516.835,1517.427,798.7999877929688,556.7999877929688,591.9999999998709,active,
1.0,1517.454,1517.682,887.0,637.5,228.00000000006548,active,
1.0,1517.718,1517.961,825.0999755859375,780.7999877929688,242.99999999993815,active,
1.0,1518.012,1518.281,414.8999938964844,934.7999877929688,269.00000000000546,active,
1.0,1518.307,1518.403,357.79998779296875,810.5,96.00000000000364,active,
1.0,1518.443,1518.826,502.29998779296875,599.0999755859375,383.0000000000382,active,
1.0,1518.896,1519.285,1181.0999755859375,733.9000244140625,389.0000000001237,active,
1.0,1519.328,1519.75,1430.5,744.0999755859375,422.00000000002547,active,
1.0,1519.817,1519.978,1186.199951171875,359.6000061035156,161.0000000000582,active,
1.0,1520.01,1520.254,1016.7999877929688,258.20001220703125,243.9999999999145,active,
1.0,1520.299,1520.548,621.2000122070312,281.1000061035156,249.00000000002365,active,
1.0,1520.593,1521.024,314.0,278.79998779296875,430.99999999981264,active,
1.0,1521.07,1521.189,637.5,329.79998779296875,119.00000000014188,active,
1.0,1521.249,1521.35,893.7000122070312,539.2000122070312,100.9999999998854,active,
1.0,1521.787,1522.086,818.7000122070312,582.5999755859375,298.9999999999782,active,
1.0,1522.113,1522.356,955.2000122070312,532.7000122070312,242.99999999993815,active,
1.0,1522.38,1523.565,908.4000244140625,603.9000244140625,1184.9999999999454,active,
1.0,1523.856,1523.928,950.4000244140625,527.5999755859375,72.00000000011642,active,
1.0,1523.94,1525.029,907.5,577.2999877929688,1088.9999999999418,active,
1.0,1525.067,1525.346,759.7000122070312,630.7000122070312,278.99999999999636,active,
1.0,1525.397,1525.653,496.79998779296875,638.7000122070312,256.0000000000855,active,
1.0,1526.042,1526.122,956.5,571.4000244140625,80.00000000015461,active,
1.0,1526.14,1526.382,903.5,583.7999877929688,241.9999999999618,active,
1.0,1526.397,1527.107,932.2000122070312,543.7000122070312,710.0000000000364,active,
1.0,1527.132,1527.355,988.7999877929688,618.0999755859375,222.99999999995634,active,
1.0,1527.638,1527.699,826.4000244140625,552.2999877929688,61.00000000014916,active,
1.0,1527.709,1527.796,818.5999755859375,599.7999877929688,86.99999999998909,active,
1.0,1527.81,1528.092,795.7000122070312,671.7999877929688,282.0000000001528,active,
1.0,1528.16,1528.187,1364.800048828125,657.5,26.999999999816282,active,
1.0,1528.23,1528.484,1351.9000244140625,710.7999877929688,253.9999999999054,active,
1.0,1528.508,1528.74,1443.9000244140625,804.4000244140625,231.9999999999709,active,
1.0,1528.802,1528.833,1448.4000244140625,738.0999755859375,31.000000000176442,active,
1.0,1528.851,1528.918,1455.4000244140625,803.2000122070312,66.9999999997799,active,
1.0,1528.975,1529.091,876.9000244140625,697.9000244140625,115.99999999998545,active,
1.0,1529.114,1529.814,805.7999877929688,611.2999877929688,700.0000000000455,active,
1.0,1529.847,1530.172,959.9000244140625,737.2999877929688,325.0000000000455,active,
1.0,1530.219,1530.447,525.7999877929688,801.5,227.9999999998381,active,
1.0,1530.468,1530.627,511.5,721.7999877929688,158.99999999987813,active,
1.0,1530.676,1530.903,749.0,374.0,227.00000000008913,active,
1.0,1530.972,1531.136,1262.800048828125,445.8999938964844,163.99999999998727,active,
1.0,1531.167,1531.383,1412.4000244140625,525.5,216.00000000012187,active,
1.0,1531.41,1531.525,1535.9000244140625,548.2999877929688,115.0000000000091,active,
1.0,1531.567,1531.773,1292.5999755859375,330.20001220703125,205.9999999999036,active,
1.0,1531.827,1531.999,759.7000122070312,315.5,172.00000000002547,active,
1.0,1532.046,1532.414,302.0,384.20001220703125,367.99999999993815,active,
1.0,1532.504,1532.64,1284.300048828125,406.5,136.00000000019463,active,
1.0,1532.659,1532.856,1278.300048828125,335.1000061035156,196.99999999988904,active,
1.0,1533.151,1533.423,1047.5,425.3999938964844,271.9999999999345,active,
1.0,1533.46,1533.697,873.4000244140625,504.20001220703125,236.99999999985266,active,
1.0,1533.717,1533.914,801.7999877929688,537.2000122070312,196.99999999988904,active,
1.0,1533.937,1534.297,853.7000122070312,462.1000061035156,360.00000000012733,active,
1.0,1534.341,1534.545,452.20001220703125,448.20001220703125,204.00000000017826,active,
1.0,1534.57,1534.79,418.79998779296875,308.0,220.00000000002728,active,
1.0,1534.82,1535.094,540.4000244140625,418.29998779296875,274.0000000001146,active,
1.0,1535.138,1535.527,163.89999389648438,434.79998779296875,389.0000000001237,active,
1.0,1535.583,1536.064,582.4000244140625,775.7000122070312,480.99999999999454,active,
1.0,1536.103,1536.739,846.2000122070312,897.7000122070312,635.9999999999673,active,
1.0,1536.763,1537.097,969.7999877929688,922.5,334.00000000006,active,
1.0,1537.104,1537.202,934.0,932.0999755859375,97.99999999995634,active,
1.0,1537.248,1537.468,775.5,544.9000244140625,220.00000000002728,active,
1.0,1537.492,1537.788,853.7999877929688,498.5,296.0000000000491,active,
1.0,1537.812,1538.341,831.5,582.9000244140625,528.9999999999964,active,
1.0,1538.396,1538.689,1314.0,646.0999755859375,293.00000000012005,active,
1.0,1538.77,1539.018,1463.199951171875,844.4000244140625,248.0000000000473,active,
1.0,1539.043,1539.338,1365.5999755859375,943.9000244140625,295.00000000007276,active,
1.0,1539.373,1539.653,1160.5999755859375,977.2999877929688,279.9999999999727,active,
1.0,1539.689,1539.968,1366.800048828125,1045.199951171875,278.99999999999636,active,
1.0,1540.044,1540.332,796.9000244140625,964.0999755859375,288.0000000000109,active,
1.0,1540.344,1540.367,832.5,936.4000244140625,22.99999999991087,active,
1.0,1540.648,1540.761,1140.800048828125,355.5,113.00000000005639,active,
1.0,1540.784,1541.003,1208.4000244140625,294.20001220703125,218.99999999982356,active,
1.0,1541.024,1541.33,1263.0999755859375,226.0,306.00000000004,active,
1.0,1541.355,1542.101,1368.5,299.79998779296875,746.0000000000946,active,
1.0,1542.172,1542.431,878.7000122070312,480.20001220703125,259.00000000001455,active,
1.0,1542.469,1542.841,736.5999755859375,607.9000244140625,371.99999999984357,active,
1.0,1542.862,1543.033,780.7000122070312,669.4000244140625,170.99999999982174,active,
1.0,1543.044,1543.155,750.9000244140625,701.4000244140625,110.99999999987631,active,
1.0,1543.188,1543.348,905.9000244140625,614.0999755859375,159.99999999985448,active,
1.0,1543.366,1543.64,875.9000244140625,555.0999755859375,274.0000000001146,active,
1.0,1543.675,1544.065,692.2999877929688,580.2999877929688,390.00000000010004,active,
1.0,1544.078,1544.405,691.2000122070312,630.7999877929688,326.9999999999982,active,
1.0,1544.446,1544.584,900.2000122070312,713.0999755859375,138.00000000014734,active,
1.0,1544.61,1544.776,764.0,715.2999877929688,166.00000000016735,active,
1.0,1544.81,1544.992,868.7000122070312,613.7999877929688,182.00000000001637,active,
1.0,1545.009,1545.233,897.5,569.7999877929688,223.9999999999327,active,
1.0,1545.252,1545.442,873.2999877929688,523.7999877929688,190.00000000005457,active,
1.0,1545.48,1545.889,759.7000122070312,691.9000244140625,408.9999999998781,active,
1.0,1546.065,1546.088,393.6000061035156,246.39999389648438,22.99999999991087,active,
1.0,1546.095,1546.234,384.20001220703125,289.8999938964844,138.99999999989632,active,
1.0,1546.257,1546.494,494.20001220703125,298.6000061035156,236.99999999985266,active,
1.0,1546.522,1546.931,384.5,361.20001220703125,409.0000000001055,active,
1.0,1546.994,1547.287,949.5,289.6000061035156,293.00000000012005,active,
1.0,1547.311,1547.499,845.0,300.8999938964844,188.00000000010186,active,
1.0,1547.508,1547.8,863.9000244140625,297.70001220703125,291.9999999999163,active,
1.0,1547.851,1548.497,1223.0999755859375,500.20001220703125,645.9999999999582,active,
1.0,1548.534,1548.731,964.7000122070312,524.2000122070312,196.99999999988904,active,
1.0,1548.758,1548.992,826.9000244140625,547.5,233.9999999999236,active,
1.0,1549.028,1549.327,701.7000122070312,656.0,298.9999999999782,active,
1.0,1549.367,1549.703,481.79998779296875,795.7999877929688,336.00000000001273,active,
1.0,1549.723,1549.853,485.20001220703125,729.5999755859375,130.00000000010914,active,
1.0,1549.878,1550.134,521.0999755859375,635.0,256.0000000000855,active,
1.0,1550.338,1550.596,326.3999938964844,562.9000244140625,258.0000000000382,active,
1.0,1550.632,1550.794,516.5999755859375,460.8999938964844,162.00000000003456,active,
1.0,1550.851,1551.015,1096.4000244140625,472.20001220703125,163.99999999998727,active,
1.0,1551.057,1551.381,1356.199951171875,607.2999877929688,324.0000000000691,active,
1.0,1551.427,1551.595,1080.5999755859375,672.7999877929688,168.00000000012005,active,
1.0,1551.639,1551.905,737.0999755859375,741.9000244140625,266.0000000000764,active,
1.0,1551.945,1552.123,517.5999755859375,796.2999877929688,178.00000000011096,active,
1.0,1552.17,1552.386,182.0,815.5999755859375,215.9999999998945,active,
1.0,1552.429,1552.624,372.0,603.7000122070312,194.99999999993634,active,
1.0,1552.684,1552.882,959.4000244140625,524.9000244140625,198.00000000009277,active,
1.0,1552.905,1553.293,867.7999877929688,427.5,387.99999999991996,active,
1.0,1553.563,1553.751,875.7000122070312,424.5,187.9999999998745,active,
1.0,1553.774,1554.118,832.2000122070312,515.2000122070312,344.00000000005093,active,
1.0,1554.146,1554.322,954.5999755859375,450.20001220703125,175.99999999993088,active,
1.0,1554.365,1554.708,854.5999755859375,718.2000122070312,343.0000000000746,active,
1.0,1554.733,1555.001,998.4000244140625,731.0,268.0000000000291,active,
1.0,1555.06,1555.233,350.8999938964844,864.0999755859375,173.00000000000182,active,
1.0,1555.255,1555.476,291.1000061035156,895.5,221.00000000000364,active,
1.0,1555.542,1555.847,502.70001220703125,283.3999938964844,305.00000000006366,active,
1.0,1555.906,1556.129,897.0999755859375,497.29998779296875,222.99999999995634,active,
1.0,1556.151,1556.362,1000.0999755859375,516.2000122070312,211.00000000001273,active,
1.0,1556.398,1556.685,1156.800048828125,523.0,287.00000000003456,active,
1.0,1556.728,1557.04,812.2000122070312,547.5,311.99999999989814,active,
1.0,1557.08,1557.305,638.0999755859375,610.2999877929688,225.00000000013642,active,
1.0,1557.346,1557.481,868.7999877929688,716.7000122070312,134.9999999999909,active,
1.0,1557.772,1558.051,828.0,513.7000122070312,278.99999999999636,active,
1.0,1558.075,1558.19,920.2000122070312,492.1000061035156,115.0000000000091,active,
1.0,1558.214,1558.567,834.2999877929688,430.5,353.0000000000655,active,
1.0,1558.617,1558.921,961.4000244140625,740.7999877929688,304.0000000000873,active,
1.0,1558.942,1559.133,882.7000122070312,759.5999755859375,191.00000000003092,active,
1.0,1559.189,1559.369,571.9000244140625,635.9000244140625,179.9999999998363,active,
1.0,1559.394,1559.695,562.4000244140625,505.1000061035156,300.9999999999309,active,
1.0,1559.723,1559.907,723.5999755859375,485.3999938964844,183.99999999996908,active,
1.0,1560.169,1560.336,919.0999755859375,442.29998779296875,166.99999999991633,active,
1.0,1560.347,1560.544,877.7999877929688,467.3999938964844,197.00000000011642,active,
1.0,1560.561,1561.076,795.5,484.3999938964844,515.0000000001,active,
1.0,1561.107,1561.91,628.4000244140625,416.70001220703125,803.000000000111,active,
1.0,1561.972,1562.348,1137.4000244140625,845.7999877929688,375.99999999997635,active,
1.0,1562.392,1562.545,932.5999755859375,625.0,153.00000000002,active,
1.0,1562.573,1562.912,784.5999755859375,507.20001220703125,338.9999999999418,active,
1.0,1562.957,1563.196,706.7000122070312,834.7000122070312,238.99999999980537,active,
1.0,1563.218,1563.441,657.0999755859375,922.4000244140625,222.99999999995634,active,
1.0,1563.48,1563.765,374.20001220703125,952.7000122070312,285.00000000008185,active,
1.0,1563.793,1564.067,250.3000030517578,922.2000122070312,274.0000000001146,active,
1.0,1564.313,1564.333,1016.4000244140625,390.20001220703125,19.99999999998181,active,
1.0,1564.348,1564.435,1010.7999877929688,459.29998779296875,86.99999999998909,active,
1.0,1564.474,1564.691,849.9000244140625,529.2000122070312,217.00000000009823,active,
1.0,1564.711,1564.956,770.5999755859375,546.7000122070312,244.99999999989086,active,
1.0,1564.978,1565.211,772.2000122070312,441.5,232.99999999994725,active,
1.0,1565.25,1565.438,482.8999938964844,474.70001220703125,188.00000000010186,active,
1.0,1565.5,1566.063,1220.800048828125,409.8999938964844,563.0000000001019,active,
1.0,1566.144,1566.287,250.3000030517578,407.5,143.0000000000291,active,
1.0,1566.301,1566.461,222.10000610351562,372.1000061035156,160.00000000008185,active,
1.0,1566.511,1566.763,715.2999877929688,472.70001220703125,251.9999999999527,active,
1.0,1567.042,1567.114,1317.699951171875,340.0,72.00000000011642,active,
1.0,1567.17,1567.559,1225.5,400.70001220703125,388.9999999998963,active,
1.0,1567.596,1567.699,1224.800048828125,597.5999755859375,103.00000000006548,active,
1.0,1567.708,1567.951,821.2000122070312,578.0999755859375,242.99999999993815,,
1.0,1568.411,1568.662,1732.9000244140625,452.0,250.99999999997635,active,
1.0,1568.689,1569.018,1589.5,470.5,328.9999999999509,active,
1.0,1569.1,1569.255,857.4000244140625,600.7000122070312,155.0000000002001,active,
1.0,1569.264,1569.397,840.9000244140625,557.4000244140625,133.0000000000382,active,
1.0,1569.436,1569.667,564.2000122070312,472.5,230.99999999999454,active,
1.0,1569.684,1570.075,544.2999877929688,432.5,391.0000000000764,active,
1.0,1570.105,1570.376,446.3999938964844,515.5,270.99999999995816,active,
1.0,1570.402,1570.711,547.9000244140625,417.79998779296875,308.9999999999691,active,
1.0,1570.727,1571.294,610.2999877929688,398.6000061035156,567.0000000000073,active,
1.0,1571.644,1571.704,1305.0999755859375,443.6000061035156,59.99999999994543,active,
1.0,1571.723,1571.799,1299.800048828125,495.79998779296875,76.00000000002183,active,
1.0,1571.811,1572.012,1264.199951171875,482.3999938964844,201.00000000002183,active,
1.0,1572.072,1572.403,759.2999877929688,688.5,331.00000000013097,active,
1.0,1572.427,1572.595,832.2999877929688,639.7999877929688,168.00000000012005,active,
1.0,1572.628,1572.96,965.4000244140625,636.5999755859375,332.0000000001073,active,
1.0,1572.968,1573.229,983.0,641.7999877929688,260.99999999996726,active,
1.0,1573.28,1573.548,613.5,504.20001220703125,268.0000000000291,active,
1.0,1573.594,1573.728,250.3000030517578,462.70001220703125,134.00000000001455,active,
1.0,1573.744,1574.0,261.0,405.1000061035156,256.0000000000855,active,
1.0,1574.054,1574.435,247.89999389648438,873.0999755859375,380.9999999998581,active,
1.0,1574.464,1574.643,273.1000061035156,995.4000244140625,179.0000000000873,active,
1.0,1574.65,1575.097,242.39999389648438,996.2000122070312,446.99999999988904,active,
1.0,1575.118,1575.233,294.6000061035156,954.7000122070312,115.0000000000091,active,
1.0,1575.317,1575.651,1291.9000244140625,660.0999755859375,334.00000000006,active,
1.0,1575.664,1576.048,1256.300048828125,728.4000244140625,384.00000000001455,active,
1.0,1576.088,1576.41,1209.5,517.7999877929688,322.0000000001164,active,
1.0,1576.44,1576.937,1311.9000244140625,351.8999938964844,496.99999999984357,active,
1.0,1576.976,1577.13,1001.5999755859375,317.6000061035156,153.99999999999636,active,
1.0,1577.189,1577.58,370.20001220703125,400.20001220703125,390.999999999849,active,
1.0,1577.807,1577.87,672.7999877929688,339.6000061035156,62.99999999987449,active,
1.0,1577.893,1578.213,793.5999755859375,399.20001220703125,319.99999999993634,active,
1.0,1578.237,1578.469,871.2999877929688,455.6000061035156,231.9999999999709,active,
1.0,1578.51,1578.893,625.7999877929688,600.9000244140625,383.0000000000382,active,
1.0,1578.929,1579.116,787.5,557.0999755859375,186.99999999989814,active,
1.0,1579.174,1579.407,1230.300048828125,354.70001220703125,232.99999999994725,active,
1.0,1579.438,1579.659,1382.300048828125,349.3999938964844,221.00000000000364,active,
1.0,1579.685,1580.183,1546.699951171875,392.6000061035156,498.0000000000473,active,
1.0,1580.263,1580.5,622.7999877929688,610.5,237.00000000008004,active,
1.0,1580.526,1580.832,497.3999938964844,672.9000244140625,306.00000000004,active,
1.0,1580.869,1581.078,625.9000244140625,853.2999877929688,209.00000000006003,active,
1.0,1581.103,1581.679,585.0999755859375,712.4000244140625,576.0000000000218,active,
1.0,1581.725,1582.17,279.29998779296875,600.2999877929688,445.0000000001637,active,
1.0,1582.217,1582.388,708.7000122070312,626.7999877929688,170.99999999982174,active,
1.0,1582.605,1582.65,944.0999755859375,453.8999938964844,45.00000000007276,active,
1.0,1582.667,1582.71,943.7000122070312,507.8999938964844,43.00000000012005,active,
1.0,1582.73,1583.164,832.0,556.7000122070312,433.9999999999691,active,
1.0,1583.189,1583.539,904.0999755859375,517.7000122070312,349.99999999990905,active,
1.0,1583.58,1583.895,609.9000244140625,716.7999877929688,315.00000000005457,active,
1.0,1583.909,1584.03,557.2999877929688,707.5,120.99999999986721,active,
1.0,1584.07,1584.425,804.2000122070312,783.4000244140625,355.0000000000182,active,
1.0,1584.464,1584.659,994.2000122070312,851.5999755859375,195.0000000001637,active,
1.0,1584.707,1584.837,1058.199951171875,547.7000122070312,129.99999999988177,active,
1.0,1584.86,1585.142,973.9000244140625,468.5,282.0000000001528,active,
1.0,1585.169,1585.374,1047.300048828125,346.1000061035156,204.99999999992724,active,
1.0,1585.425,1585.817,1365.9000244140625,388.6000061035156,392.00000000005275,active,
1.0,1585.88,1586.108,783.5,518.2000122070312,227.9999999998381,active,
1.0,1586.16,1586.329,548.4000244140625,595.4000244140625,168.99999999986903,active,
1.0,1586.368,1586.544,338.6000061035156,473.1000061035156,176.00000000015825,active,
1.0,1586.613,1586.852,1097.699951171875,443.6000061035156,239.00000000003274,active,
1.0,1586.864,1587.455,1051.5999755859375,450.8999938964844,590.9999999998945,active,
1.0,1587.468,1587.69,1104.4000244140625,458.5,221.99999999998,active,
1.0,1587.698,1587.982,1081.9000244140625,458.79998779296875,283.9999999998781,active,
1.0,1588.049,1588.35,1193.199951171875,931.2999877929688,300.9999999999309,active,
1.0,1588.429,1588.645,289.29998779296875,853.2000122070312,215.9999999998945,active,
1.0,1588.684,1589.063,200.3000030517578,660.5,379.0000000001328,active,
1.0,1589.345,1589.378,1190.800048828125,296.20001220703125,32.999999999901775,active,
1.0,1589.423,1589.53,918.5999755859375,410.1000061035156,106.9999999999709,active,
1.0,1589.563,1589.861,779.7000122070312,548.0999755859375,298.0000000000018,active,
1.0,1589.872,1590.303,806.5999755859375,583.0999755859375,431.00000000004,active,
1.0,1590.34,1590.717,787.5,749.5999755859375,377.0000000001801,active,
1.0,1590.759,1590.93,676.5999755859375,953.5999755859375,171.0000000000491,active,
1.0,1590.967,1591.309,830.0999755859375,921.0999755859375,341.99999999987085,active,
1.0,1591.322,1591.567,876.5999755859375,952.2000122070312,245.00000000011823,active,
1.0,1591.601,1591.897,675.4000244140625,924.5999755859375,295.99999999982174,active,
1.0,1591.915,1592.174,627.0999755859375,911.5,259.00000000001455,active,
1.0,1592.219,1592.417,827.7000122070312,851.7999877929688,197.9999999998654,active,
1.0,1592.477,1592.72,396.6000061035156,659.5999755859375,242.99999999993815,active,
1.0,1592.742,1593.062,314.0,626.7999877929688,319.99999999993634,active,
1.0,1593.104,1593.297,564.5,509.6000061035156,192.99999999998363,active,
1.0,1593.304,1593.634,567.5,463.6000061035156,329.99999999992724,active,
1.0,1593.678,1594.07,588.4000244140625,237.89999389648438,391.9999999998254,active,
1.0,1594.083,1594.63,627.4000244140625,257.5,547.0000000000255,active,
1.0,1594.642,1594.721,606.0999755859375,302.8999938964844,78.99999999995089,active,
1.0,1594.767,1595.086,263.79998779296875,217.3000030517578,318.99999999996,active,
1.0,1595.094,1595.267,245.1999969482422,213.89999389648438,173.00000000000182,active,
1.0,1595.31,1595.707,606.9000244140625,272.70001220703125,397.0000000001619,active,
1.0,1595.723,1596.331,649.9000244140625,271.20001220703125,607.9999999999472,active,
1.0,1596.401,1596.613,1373.5,404.5,211.9999999999891,active,
1.0,1596.627,1597.002,1324.4000244140625,420.8999938964844,375.0,active,
1.0,1597.088,1597.283,1386.5999755859375,939.5999755859375,194.99999999993634,active,
1.0,1597.298,1597.618,1362.199951171875,1008.4000244140625,319.99999999993634,active,
1.0,1597.662,1597.947,1178.4000244140625,628.0,284.9999999998545,active,
1.0,1597.979,1598.151,1105.699951171875,487.70001220703125,172.00000000002547,active,
1.0,1598.178,1598.385,1081.5999755859375,242.0,206.99999999987995,active,
1.0,1598.589,1598.815,164.89999389648438,497.1000061035156,226.00000000011278,active,
1.0,1598.837,1599.146,114.4000015258789,426.70001220703125,308.9999999999691,active,
1.0,1599.167,1599.479,161.60000610351562,341.29998779296875,312.0000000001255,active,
1.0,1599.528,1599.81,721.9000244140625,365.20001220703125,281.9999999999254,active,
1.0,1599.829,1599.928,790.0999755859375,377.20001220703125,99.00000000016007,active,
1.0,1599.973,1600.19,1118.5,481.1000061035156,217.00000000009823,active,
1.0,1600.208,1600.379,1078.699951171875,432.29998779296875,170.99999999982174,active,
1.0,1600.627,1600.71,834.0999755859375,385.1000061035156,83.00000000008367,active,
1.0,1600.732,1601.027,843.7000122070312,492.6000061035156,295.00000000007276,active,
1.0,1601.045,1601.368,798.0999755859375,536.0,322.9999999998654,active,
1.0,1601.39,1601.619,718.2000122070312,484.5,228.99999999981446,active,
1.0,1601.666,1602.694,310.5,674.9000244140625,1028.00000000002,active,
1.0,1602.701,1602.959,310.29998779296875,676.7999877929688,258.0000000000382,active,
1.0,1603.007,1603.223,666.9000244140625,588.2999877929688,215.9999999998945,active,
1.0,1603.247,1603.794,719.7999877929688,502.6000061035156,547.0000000000255,active,
1.0,1603.852,1603.963,1139.5999755859375,557.0999755859375,110.99999999987631,active,
1.0,1604.0,1604.198,1385.5999755859375,577.0999755859375,198.00000000009277,active,
1.0,1604.227,1604.567,1557.800048828125,594.5,339.99999999991815,active,
1.0,1604.651,1604.836,652.2999877929688,753.5999755859375,184.99999999994543,active,
1.0,1604.865,1605.073,499.6000061035156,868.4000244140625,208.00000000008367,active,
1.0,1605.293,1605.404,858.4000244140625,475.8999938964844,111.00000000010368,active,
1.0,1605.427,1605.918,790.2999877929688,556.5,490.99999999998545,active,
1.0,1605.931,1606.16,850.7000122070312,523.4000244140625,229.00000000004184,active,
1.0,1606.206,1606.363,424.20001220703125,549.2999877929688,157.0000000001528,active,
1.0,1606.398,1606.701,273.0,431.8999938964844,303.00000000011096,active,
1.0,1606.742,1606.906,306.8999938964844,687.5,163.99999999998727,active,
1.0,1606.918,1607.28,341.70001220703125,645.2999877929688,362.00000000008004,active,
1.0,1607.315,1607.548,556.5999755859375,580.5999755859375,232.99999999994725,active,
1.0,1607.582,1607.925,405.8999938964844,788.0,342.9999999998472,active,
1.0,1607.959,1608.338,453.1000061035156,951.7999877929688,378.9999999999054,active,
1.0,1608.409,1608.667,1284.5,754.0,257.9999999998108,active,
1.0,1608.691,1608.945,1199.5999755859375,671.7999877929688,253.9999999999054,active,
1.0,1608.963,1609.222,1153.699951171875,604.2000122070312,259.00000000001455,active,
1.0,1609.244,1609.403,1229.5999755859375,579.0999755859375,159.0000000001055,active,
1.0,1609.488,1609.661,1542.0999755859375,775.0,173.00000000000182,active,
1.0,1609.707,1610.078,1224.699951171875,461.5,370.9999999998672,active,
1.0,1610.356,1610.395,1384.0,394.70001220703125,38.99999999998727,active,
1.0,1610.413,1611.179,1364.5,445.8999938964844,766.0000000000764,active,
1.0,1611.245,1611.559,707.7000122070312,594.2999877929688,314.0000000000782,active,
1.0,1611.579,1611.676,660.2999877929688,568.0999755859375,96.99999999997999,active,
1.0,1611.704,1612.076,790.0,508.1000061035156,372.00000000007094,active,
1.0,1612.123,1612.423,1042.5,471.79998779296875,299.9999999999545,active,
1.0,1612.455,1612.686,1231.5,544.2999877929688,230.99999999999454,active,
1.0,1612.747,1613.016,923.0,740.7999877929688,269.00000000000546,active,
1.0,1613.17,1613.318,915.4000244140625,656.2999877929688,147.99999999991087,active,
1.0,1613.344,1613.554,750.5999755859375,598.2999877929688,210.00000000003638,active,
1.0,1613.567,1614.022,788.5999755859375,584.2999877929688,454.99999999992724,active,
1.0,1614.052,1614.355,720.0999755859375,670.4000244140625,303.00000000011096,active,
1.0,1614.404,1614.69,1097.699951171875,662.2000122070312,286.0000000000582,active,
1.0,1614.726,1615.187,1312.0999755859375,609.5,460.99999999978536,active,
1.0,1615.236,1615.468,997.0999755859375,813.5,231.9999999999709,active,
1.0,1615.516,1615.754,621.4000244140625,941.9000244140625,237.99999999982901,active,
1.0,1615.8,1615.878,226.89999389648438,912.4000244140625,77.99999999997453,active,
1.0,1615.901,1616.126,225.6999969482422,820.4000244140625,224.99999999990905,active,
1.0,1616.169,1616.394,486.1000061035156,674.0,224.99999999990905,active,
1.0,1616.425,1616.699,265.20001220703125,637.9000244140625,274.0000000001146,active,
1.0,1616.77,1617.047,1020.7999877929688,675.5,277.00000000004366,active,
1.0,1617.068,1617.559,975.2999877929688,632.9000244140625,490.99999999998545,active,
1.0,1617.584,1618.15,865.4000244140625,598.7999877929688,566.0000000000309,active,
1.0,1618.377,1618.848,808.5,564.2999877929688,471.00000000000364,active,
1.0,1618.858,1619.276,770.9000244140625,548.2000122070312,418.00000000012005,active,
1.0,1619.315,1619.532,909.5,676.7999877929688,216.99999999987085,active,
1.0,1619.58,1619.74,541.7000122070312,600.0,160.00000000008185,active,
1.0,1619.774,1620.2,374.8999938964844,502.5,426.00000000015825,active,
1.0,1620.248,1620.497,633.5999755859375,638.2000122070312,249.00000000002365,active,
1.0,1620.528,1620.797,811.5999755859375,679.0,269.00000000000546,active,
1.0,1620.847,1621.524,1242.5,664.4000244140625,676.9999999999072,active,
1.0,1621.585,1621.972,751.2000122070312,786.9000244140625,386.9999999999436,active,
1.0,1622.009,1622.243,567.2999877929688,827.7999877929688,233.9999999999236,active,
1.0,1622.276,1622.61,443.29998779296875,619.4000244140625,333.99999999983265,active,
1.0,1623.082,1623.249,781.7000122070312,414.5,166.99999999991633,active,
1.0,1623.274,1623.523,818.5999755859375,524.0999755859375,249.00000000002365,active,
1.0,1623.565,1623.894,479.5,464.5,328.9999999999509,active,
1.0,1623.907,1624.521,521.5999755859375,415.8999938964844,614.0000000000327,active,
1.0,1624.564,1624.744,241.0,583.2999877929688,179.9999999998363,active,
1.0,1624.762,1625.001,202.5,634.2999877929688,239.00000000003274,active,
1.0,1625.048,1625.117,611.5,634.7000122070312,68.99999999995998,active,
1.0,1625.366,1625.437,779.7999877929688,582.7000122070312,70.99999999991269,active,
1.0,1625.484,1625.582,1125.4000244140625,578.9000244140625,98.00000000018372,active,
1.0,1625.612,1625.914,1068.9000244140625,358.8999938964844,301.99999999990723,active,
1.0,1625.939,1626.215,947.2000122070312,321.1000061035156,275.99999999983993,active,
1.0,1626.266,1626.551,473.5,357.79998779296875,284.9999999998545,active,
1.0,1626.589,1626.699,325.79998779296875,393.20001220703125,110.00000000012733,active,
1.0,1626.735,1626.986,168.3000030517578,341.0,251.00000000020373,active,
1.0,1627.01,1627.357,122.0999984741211,447.1000061035156,346.99999999998,active,
1.0,1627.374,1627.483,111.30000305175781,517.9000244140625,108.9999999999236,active,
1.0,1627.509,1627.657,242.60000610351562,580.4000244140625,147.99999999991087,active,
1.0,1627.704,1628.075,449.20001220703125,303.1000061035156,371.0000000000946,active,
1.0,1628.129,1628.397,550.5999755859375,670.2000122070312,268.0000000000291,active,
1.0,1628.435,1628.541,820.2000122070312,734.7999877929688,105.99999999999454,active,
1.0,1628.588,1628.699,1250.0999755859375,709.7000122070312,111.00000000010368,active,
1.0,1628.728,1628.884,1402.0,565.7000122070312,155.99999999994907,active,
1.0,1628.907,1629.086,1406.800048828125,449.1000061035156,179.0000000000873,active,
1.0,1629.135,1629.407,1272.199951171875,254.5,271.9999999999345,active,
1.0,1629.455,1629.628,837.2000122070312,339.6000061035156,173.00000000000182,active,
1.0,1629.661,1629.821,645.0,370.79998779296875,159.99999999985448,active,
1.0,1629.861,1630.149,439.29998779296875,385.70001220703125,287.99999999978354,active,
1.0,1630.201,1630.536,344.6000061035156,584.4000244140625,335.0000000000364,active,
1.0,1630.559,1630.966,334.20001220703125,683.2999877929688,406.9999999999254,active,
1.0,1631.025,1631.184,748.5999755859375,735.2000122070312,158.99999999987813,active,
1.0,1631.253,1631.3,1425.5999755859375,831.0,47.000000000025466,active,
1.0,1631.309,1631.455,1423.9000244140625,811.7000122070312,145.99999999995816,active,
1.0,1631.471,1631.745,1489.0999755859375,800.2999877929688,273.9999999998872,active,
1.0,1631.821,1631.94,1357.4000244140625,498.6000061035156,119.00000000014188,active,
1.0,1631.981,1632.184,993.0,470.8999938964844,202.99999999997453,active,
1.0,1632.204,1632.691,912.4000244140625,486.3999938964844,487.00000000008004,active,
1.0,1632.737,1633.088,1263.5999755859375,647.0,350.9999999998854,active,
1.0,1633.098,1633.473,1298.800048828125,644.7999877929688,375.0,active,
1.0,1633.707,1633.734,863.7000122070312,451.0,26.999999999816282,active,
1.0,1633.76,1633.86,854.4000244140625,507.29998779296875,99.99999999990905,active,
1.0,1633.882,1634.165,750.7999877929688,556.9000244140625,282.9999999999018,active,
1.0,1634.184,1634.375,821.5,586.2000122070312,191.00000000003092,active,
1.0,1634.389,1634.676,782.0999755859375,613.9000244140625,287.00000000003456,active,
1.0,1634.709,1634.927,706.7999877929688,404.29998779296875,217.9999999998472,active,
1.0,1634.95,1635.198,624.2999877929688,320.29998779296875,248.0000000000473,active,
1.0,1635.211,1635.383,590.2000122070312,344.1000061035156,172.00000000002547,active,
1.0,1635.403,1635.808,671.9000244140625,308.0,404.9999999999727,active,
1.0,1635.83,1636.27,636.0,377.20001220703125,440.00000000005457,active,
1.0,1636.32,1636.65,618.2999877929688,693.0,330.0000000001546,active,
1.0,1636.689,1637.653,408.5,843.2000122070312,963.9999999999418,active,
1.0,1637.663,1638.335,383.20001220703125,846.5,672.0000000000255,active,
1.0,1638.401,1638.548,992.5,844.0,146.99999999993452,active,
1.0,1638.593,1638.837,1312.5999755859375,671.2000122070312,243.9999999999145,active,
1.0,1638.869,1639.174,1262.699951171875,448.3999938964844,305.00000000006366,active,
1.0,1639.191,1639.369,1267.0999755859375,375.3999938964844,177.99999999988358,active,
1.0,1639.401,1639.69,1438.199951171875,456.8999938964844,288.99999999998727,active,
1.0,1639.714,1640.001,1524.699951171875,403.8999938964844,287.00000000003456,active,
1.0,1640.042,1640.279,1413.800048828125,229.3000030517578,237.00000000008004,active,
1.0,1640.353,1640.521,610.5,230.60000610351562,167.99999999989268,active,
1.0,1640.559,1640.735,354.8999938964844,264.29998779296875,175.99999999993088,active,
1.0,1640.751,1641.123,335.8999938964844,215.89999389648438,372.00000000007094,active,
1.0,1641.138,1641.604,291.6000061035156,218.3000030517578,466.0000000001219,active,
1.0,1641.622,1641.811,379.70001220703125,231.3000030517578,188.99999999985084,active,
1.0,1641.825,1642.14,435.1000061035156,239.0,315.00000000005457,active,
1.0,1642.157,1642.922,352.8999938964844,204.1999969482422,765.0000000001,active,
1.0,1642.941,1643.194,342.20001220703125,263.0,252.99999999992906,active,
1.0,1643.258,1643.524,857.5,362.29998779296875,265.999999999849,active,
1.0,1643.554,1643.76,703.0999755859375,338.79998779296875,205.9999999999036,active,
1.0,1644.052,1644.088,876.5,394.20001220703125,36.00000000005821,active,
1.0,1644.105,1644.35,809.7000122070312,472.70001220703125,244.99999999989086,active,
1.0,1644.371,1644.649,783.2000122070312,523.2999877929688,277.99999999979264,active,
1.0,1644.672,1645.006,844.0,535.9000244140625,334.00000000006,active,
1.0,1645.05,1645.352,1176.0999755859375,586.9000244140625,302.0000000001346,active,
1.0,1645.36,1646.127,1167.699951171875,569.2999877929688,767.0000000000528,active,
1.0,1646.182,1646.454,1156.0,900.2000122070312,271.9999999999345,active,
1.0,1646.476,1646.689,1226.699951171875,925.7999877929688,212.99999999996544,active,
1.0,1646.701,1646.901,1205.300048828125,893.0,200.00000000004547,active,
1.0,1646.946,1647.23,779.5999755859375,913.9000244140625,284.0000000001055,active,
1.0,1647.249,1647.7,823.9000244140625,966.5,451.0000000000218,active,
1.0,1647.711,1647.789,847.5,969.7999877929688,77.99999999997453,active,
1.0,1647.843,1648.081,593.7999877929688,613.2999877929688,237.99999999982901,active,
1.0,1648.127,1648.358,319.1000061035156,429.3999938964844,230.99999999999454,active,
1.0,1648.378,1648.583,338.79998779296875,525.2000122070312,205.0000000001546,active,
1.0,1648.642,1648.967,844.7000122070312,575.7999877929688,325.0000000000455,active,
1.0,1648.989,1649.48,914.0999755859375,590.7000122070312,490.99999999998545,active,
1.0,1649.492,1649.706,841.7999877929688,582.5,213.9999999999418,active,
1.0,1649.719,1649.972,792.5999755859375,575.7000122070312,252.99999999992906,active,
1.0,1650.001,1650.398,910.0,705.2000122070312,396.9999999999345,active,
1.0,1650.435,1650.738,685.2999877929688,722.2999877929688,303.00000000011096,active,
1.0,1650.766,1650.938,543.0999755859375,706.0999755859375,172.00000000002547,active,
1.0,1650.971,1651.171,638.2999877929688,509.3999938964844,200.00000000004547,active,
1.0,1651.223,1651.548,1044.5,448.20001220703125,325.0000000000455,active,
1.0,1651.571,1651.835,986.5,370.29998779296875,264.0000000001237,active,
1.0,1651.871,1652.125,806.2000122070312,345.29998779296875,253.9999999999054,active,
1.0,1652.163,1652.374,678.5,465.79998779296875,211.00000000001273,active,
1.0,1652.4,1652.828,818.2000122070312,534.4000244140625,427.9999999998836,active,
1.0,1652.859,1653.118,976.2000122070312,616.9000244140625,259.00000000001455,active,
1.0,1653.143,1653.431,1078.199951171875,687.7000122070312,288.0000000000109,active,
1.0,1653.452,1653.774,1149.699951171875,728.2000122070312,321.99999999988904,active,
1.0,1653.813,1654.148,1051.0999755859375,933.0,334.999999999809,active,
1.0,1654.173,1654.483,935.0999755859375,996.9000244140625,309.99999999994543,active,
1.0,1654.534,1654.761,1367.800048828125,902.5999755859375,226.99999999986176,active,
1.0,1654.777,1654.805,1393.5999755859375,839.9000244140625,28.00000000002001,active,
1.0,1654.823,1655.135,1320.5999755859375,783.5,311.99999999989814,active,
1.0,1655.154,1655.587,1380.199951171875,785.5999755859375,432.9999999999927,active,
1.0,1655.614,1655.929,1273.5,873.0,315.00000000005457,active,
1.0,1655.971,1656.83,1530.699951171875,908.7999877929688,858.9999999999236,active,
1.0,1656.869,1657.139,1288.4000244140625,713.9000244140625,269.9999999999818,active,
1.0,1657.166,1657.351,1163.199951171875,664.5999755859375,185.0000000001728,active,
1.0,1657.384,1657.593,970.9000244140625,661.7000122070312,209.00000000006003,active,
1.0,1657.608,1657.789,922.2000122070312,641.0999755859375,181.00000000004002,active,
1.0,1657.863,1658.142,142.10000610351562,902.0,278.99999999999636,active,
1.0,1658.183,1659.136,339.5,1021.5,952.9999999999745,active,
1.0,1659.172,1659.384,301.70001220703125,775.5,211.9999999999891,active,
1.0,1659.404,1659.627,251.0,748.9000244140625,222.99999999995634,active,
1.0,1659.656,1660.109,253.39999389648438,570.9000244140625,452.99999999997453,active,
1.0,1660.181,1660.41,956.7000122070312,521.5,229.00000000004184,active,
1.0,1660.432,1660.641,934.9000244140625,433.3999938964844,209.00000000006003,active,
1.0,1660.668,1660.96,813.2999877929688,408.3999938964844,292.0000000001437,active,
1.0,1661.006,1661.349,512.5,535.9000244140625,342.9999999998472,active,
1.0,1661.377,1661.622,677.2999877929688,543.2999877929688,245.00000000011823,active,
1.0,1661.834,1661.866,931.2000122070312,424.20001220703125,31.99999999992542,active,
1.0,1661.885,1661.985,928.4000244140625,483.3999938964844,99.99999999990905,active,
1.0,1662.009,1662.234,828.5999755859375,552.5,224.99999999990905,active,
1.0,1662.244,1662.658,817.7999877929688,579.0999755859375,413.99999999998727,active,
1.0,1662.698,1663.081,968.2000122070312,720.9000244140625,382.9999999998108,active,
1.0,1663.097,1663.398,909.2999877929688,803.7999877929688,300.9999999999309,active,
1.0,1663.451,1663.614,493.5,807.0,163.0000000000109,active,
1.0,1663.66,1663.945,186.8000030517578,746.4000244140625,284.9999999998545,active,
1.0,1664.011,1664.242,781.4000244140625,712.0,230.99999999999454,active,
1.0,1664.302,1664.384,1195.800048828125,691.2999877929688,82.00000000010732,active,
1.0,1664.411,1664.826,1415.9000244140625,699.9000244140625,414.9999999999636,active,
1.0,1664.866,1665.081,1114.4000244140625,628.5999755859375,214.99999999991815,active,
1.0,1665.309,1665.511,218.8000030517578,670.5999755859375,201.99999999999818,active,
1.0,1665.537,1665.818,122.80000305175781,706.0,280.99999999994907,active,
1.0,1665.863,1666.058,363.5,753.5999755859375,194.99999999993634,active,
1.0,1666.126,1666.481,937.2000122070312,707.2000122070312,355.0000000000182,active,
1.0,1666.508,1666.736,1030.300048828125,695.5,228.00000000006548,active,
1.0,1666.779,1667.027,1294.5,690.5999755859375,248.0000000000473,active,
1.0,1667.059,1667.337,1483.9000244140625,673.7999877929688,278.00000000002,active,
1.0,1667.365,1667.524,1302.300048828125,655.2000122070312,158.99999999987813,active,
1.0,1667.555,1667.837,1093.0,626.0999755859375,281.9999999999254,active,
1.0,1667.883,1668.109,772.2999877929688,653.0,225.9999999998854,active,
1.0,1668.146,1668.338,592.9000244140625,451.29998779296875,192.00000000000728,active,
1.0,1668.372,1668.955,477.1000061035156,342.70001220703125,582.9999999998563,active,
1.0,1669.01,1669.34,940.5,589.7000122070312,329.99999999992724,active,
1.0,1669.409,1669.74,226.0,701.9000244140625,330.9999999999036,active,
1.0,1670.031,1670.168,931.5999755859375,442.1000061035156,136.9999999999436,active,
1.0,1670.194,1670.423,824.0999755859375,536.7999877929688,229.00000000004184,active,
1.0,1670.44,1670.701,771.5,566.7000122070312,260.99999999996726,active,
1.0,1670.713,1670.97,825.7999877929688,546.2000122070312,257.00000000006185,active,
1.0,1671.008,1671.35,630.9000244140625,619.2999877929688,341.99999999987085,active,
1.0,1671.413,1671.894,1277.9000244140625,572.0999755859375,480.99999999999454,active,
1.0,1671.93,1672.239,1212.300048828125,765.7999877929688,308.9999999999691,active,
1.0,1672.277,1672.464,1264.699951171875,521.4000244140625,186.99999999989814,active,
1.0,1672.526,1672.784,725.7000122070312,476.5,258.0000000000382,active,
1.0,1672.825,1673.071,492.70001220703125,551.5999755859375,245.9999999998672,active,
1.0,1673.109,1673.298,502.70001220703125,726.5,189.00000000007822,active,
1.0,1673.317,1673.505,568.2999877929688,790.5,188.00000000010186,active,
1.0,1673.521,1673.896,574.2999877929688,840.7999877929688,375.0,active,
1.0,1673.933,1674.17,422.5,885.7000122070312,237.00000000008004,active,
1.0,1674.202,1674.53,240.5,850.4000244140625,327.99999999997453,active,
1.0,1674.567,1675.024,458.70001220703125,976.4000244140625,456.99999999987995,active,
1.0,1675.037,1675.388,465.70001220703125,1022.5999755859375,350.9999999998854,active,
1.0,1675.428,1675.653,237.1999969482422,1031.5,224.99999999990905,active,
1.0,1675.741,1675.93,1205.300048828125,760.7000122070312,189.00000000007822,active,
1.0,1675.967,1676.302,1270.9000244140625,526.7000122070312,334.999999999809,active,
1.0,1676.342,1676.58,968.7000122070312,472.1000061035156,237.99999999982901,active,
1.0,1676.632,1676.847,548.5,475.3999938964844,214.99999999991815,active,
1.0,1676.881,1676.976,692.4000244140625,355.8999938964844,95.00000000002728,active,
1.0,1677.026,1677.345,218.1999969482422,390.70001220703125,318.99999999996,active,
1.0,1677.382,1677.74,465.79998779296875,444.1000061035156,357.99999999994725,active,
1.0,1677.757,1678.213,534.7000122070312,429.0,455.9999999999036,active,
1.0,1678.238,1678.446,628.4000244140625,356.0,207.9999999998563,active,
1.0,1678.492,1678.712,229.39999389648438,398.6000061035156,220.00000000002728,active,
1.0,1678.741,1679.022,92.4000015258789,392.3999938964844,280.99999999994907,active,
1.0,1679.057,1679.245,280.20001220703125,367.0,187.9999999998745,active,
1.0,1679.339,1679.668,1076.699951171875,898.2999877929688,328.9999999999509,active,
1.0,1679.686,1679.882,1037.699951171875,871.5,196.00000000014006,active,
1.0,1679.924,1680.241,1291.300048828125,987.0,317.0000000000073,active,
1.0,1680.293,1680.401,644.5999755859375,963.5,108.00000000017462,active,
1.0,1680.445,1680.818,655.9000244140625,584.2999877929688,373.0000000000473,active,
1.0,1680.863,1681.065,421.29998779296875,577.7999877929688,201.99999999999818,active,
1.0,1681.147,1681.481,1315.9000244140625,458.70001220703125,334.00000000006,active,
1.0,1681.781,1681.886,830.5,454.0,105.00000000001819,active,
1.0,1681.911,1682.068,775.2000122070312,575.5999755859375,156.99999999992542,active,
1.0,1682.082,1682.652,811.9000244140625,601.4000244140625,569.9999999999363,active,
1.0,1682.692,1682.899,954.7000122070312,738.7999877929688,206.99999999987995,active,
1.0,1682.916,1683.169,996.2000122070312,755.9000244140625,253.00000000015643,active,
1.0,1683.196,1683.375,1154.199951171875,718.9000244140625,179.0000000000873,active,
1.0,1683.428,1684.14,568.7999877929688,921.7999877929688,711.9999999999891,active,
1.0,1684.158,1684.276,638.7000122070312,907.7000122070312,118.00000000016553,active,
1.0,1684.314,1684.779,486.20001220703125,720.2999877929688,464.99999999991815,active,
1.0,1684.816,1685.061,264.20001220703125,729.9000244140625,244.99999999989086,active,
1.0,1685.161,1685.394,1335.5999755859375,630.4000244140625,232.99999999994725,active,
1.0,1685.419,1685.758,1449.0999755859375,683.0999755859375,338.9999999999418,active,
1.0,1685.781,1686.281,1375.699951171875,633.2999877929688,500.0,active,
1.0,1686.359,1686.522,961.5999755859375,456.6000061035156,163.0000000000109,active,
1.0,1686.569,1686.726,593.5999755859375,450.0,157.0000000001528,active,
1.0,1686.776,1686.974,968.9000244140625,683.7999877929688,197.9999999998654,active,
1.0,1687.011,1687.309,1181.9000244140625,681.4000244140625,298.0000000000018,active,
1.0,1687.328,1687.368,1150.9000244140625,633.2000122070312,39.99999999996362,active,
1.0,1687.377,1688.282,791.5,611.2999877929688,904.9999999999727,,
1.0,1688.855,1689.05,883.7000122070312,400.79998779296875,194.99999999993634,active,
1.0,1689.083,1689.274,831.0,535.2999877929688,190.99999999980355,active,
1.0,1689.304,1689.597,651.0,535.2999877929688,292.9999999998927,active,
1.0,1689.636,1689.973,907.2000122070312,563.5999755859375,336.9999999999891,active,
1.0,1689.987,1690.105,897.5,606.0,117.99999999993815,active,
1.0,1690.153,1690.446,1312.5999755859375,697.4000244140625,292.9999999998927,active,
1.0,1690.457,1691.418,1333.0999755859375,719.2000122070312,960.9999999997854,active,
1.0,1691.475,1691.663,746.7000122070312,630.7000122070312,188.00000000010186,active,
1.0,1691.696,1691.867,622.4000244140625,579.0999755859375,171.0000000000491,active,
1.0,1691.882,1692.068,642.7999877929688,520.2999877929688,185.99999999992178,active,
1.0,1692.093,1692.296,507.20001220703125,494.0,202.99999999997453,active,
1.0,1692.319,1692.476,394.20001220703125,474.5,157.0000000001528,active,
1.0,1692.556,1692.781,1296.199951171875,698.4000244140625,224.99999999990905,active,
1.0,1692.821,1693.076,934.2000122070312,595.5999755859375,255.00000000010914,active,
1.0,1693.102,1693.25,827.0999755859375,569.2000122070312,147.99999999991087,active,
1.0,1693.284,1693.446,655.5999755859375,540.2999877929688,161.9999999998072,active,
1.0,1693.691,1693.711,866.0,483.1000061035156,19.99999999998181,active,
1.0,1693.728,1693.773,867.9000244140625,539.0,44.999999999845386,active,
1.0,1693.79,1694.575,809.0,592.2999877929688,785.0000000000819,active,
1.0,1694.612,1694.864,642.7999877929688,703.7999877929688,251.9999999999527,active,
1.0,1694.891,1695.399,442.70001220703125,696.2999877929688,507.9999999998108,active,
1.0,1695.424,1695.624,525.0,578.7000122070312,200.00000000004547,active,
1.0,1695.676,1695.987,997.0999755859375,525.5999755859375,311.00000000014916,active,
1.0,1696.011,1696.405,1039.4000244140625,426.29998779296875,394.00000000000546,active,
1.0,1696.662,1697.007,480.70001220703125,501.70001220703125,345.0000000000273,active,
1.0,1697.042,1697.382,296.1000061035156,506.6000061035156,340.0000000001455,active,
1.0,1697.407,1697.664,214.5,417.79998779296875,257.00000000006185,active,
1.0,1697.72,1698.143,630.2999877929688,518.9000244140625,423.0000000000018,active,
1.0,1698.201,1698.529,1104.5,620.5,327.99999999997453,active,
1.0,1698.568,1698.768,1022.9000244140625,791.2000122070312,200.00000000004547,active,
1.0,1698.814,1699.073,781.7999877929688,665.4000244140625,259.00000000001455,active,
1.0,1699.118,1699.318,579.9000244140625,598.4000244140625,200.00000000004547,active,
1.0,1699.358,1699.517,779.0999755859375,561.2000122070312,159.0000000001055,active,
1.0,1699.567,1699.902,1009.2000122070312,373.70001220703125,335.0000000000364,active,
1.0,1700.208,1700.27,1126.699951171875,360.29998779296875,61.99999999989814,active,
1.0,1700.291,1700.378,1118.0,417.1000061035156,86.99999999998909,active,
1.0,1700.418,1700.612,917.7000122070312,523.0999755859375,194.00000000018736,active,
1.0,1700.649,1700.827,800.5,562.5,178.00000000011096,active,
1.0,1700.848,1701.131,745.0999755859375,648.0999755859375,283.00000000012915,active,
1.0,1701.177,1701.642,336.70001220703125,679.9000244140625,465.0000000001455,active,
1.0,1701.677,1701.984,138.60000610351562,688.7999877929688,307.00000000001637,active,
1.0,1701.999,1702.271,112.0,650.7999877929688,271.9999999999345,active,
1.0,1702.285,1702.415,160.89999389648438,623.0999755859375,129.99999999988177,active,
1.0,1702.481,1702.725,681.7999877929688,387.1000061035156,243.9999999999145,active,
1.0,1702.761,1703.08,862.5999755859375,361.6000061035156,318.99999999996,active,
1.0,1703.138,1703.406,1371.0,588.2000122070312,268.0000000000291,active,
1.0,1703.427,1704.649,1233.699951171875,539.7000122070312,1221.99999999998,active,
1.0,1704.662,1705.002,1269.800048828125,541.7999877929688,339.99999999991815,active,
1.0,1705.015,1705.529,1239.9000244140625,536.7000122070312,513.9999999998963,active,
1.0,1705.566,1706.276,1367.199951171875,737.7000122070312,710.0000000000364,active,
1.0,1706.313,1706.839,1135.4000244140625,651.2999877929688,525.9999999998399,active,
1.0,1706.865,1707.091,1017.2999877929688,698.9000244140625,225.9999999998854,active,
1.0,1707.137,1707.386,1425.5,585.0,249.00000000002365,active,
1.0,1707.409,1707.795,1518.5999755859375,555.2000122070312,385.99999999996726,active,
1.0,1707.994,1708.181,989.2999877929688,421.1000061035156,187.0000000001255,active,
1.0,1708.216,1708.43,757.0999755859375,499.5,214.00000000016917,active,
1.0,1708.474,1708.712,387.29998779296875,497.5,238.0000000000564,active,
1.0,1708.743,1709.14,220.1999969482422,372.5,397.0000000001619,active,
1.0,1709.187,1709.441,633.7000122070312,487.8999938964844,254.0000000001328,active,
1.0,1709.76,1709.909,1114.0999755859375,466.70001220703125,149.0000000001146,active,
1.0,1709.949,1710.099,924.2999877929688,530.0,149.99999999986358,active,
1.0,1710.121,1710.58,794.2999877929688,568.5999755859375,458.99999999983265,active,
1.0,1710.609,1710.899,935.7000122070312,589.4000244140625,289.9999999999636,active,
1.0,1710.923,1711.431,1052.0999755859375,653.0999755859375,508.0000000000382,active,
1.0,1711.486,1711.818,705.0,748.5,331.99999999987995,active,
1.0,1711.841,1711.861,671.7000122070312,666.0999755859375,20.000000000209184,active,
1.0,1711.87,1712.046,708.0,545.9000244140625,176.00000000015825,active,
1.0,1712.07,1712.384,709.9000244140625,418.6000061035156,314.0000000000782,active,
1.0,1712.421,1712.807,552.0,488.70001220703125,385.99999999996726,active,
1.0,1712.84,1713.145,663.5,559.7000122070312,305.00000000006366,active,
1.0,1713.191,1713.873,1035.800048828125,638.4000244140625,682.0000000000164,active,
1.0,1714.145,1714.34,886.4000244140625,500.6000061035156,194.99999999993634,active,
1.0,1714.359,1714.588,804.9000244140625,554.5999755859375,229.00000000004184,active,
1.0,1714.622,1715.167,595.5999755859375,525.7999877929688,544.9999999998454,active,
1.0,1715.193,1715.561,583.7999877929688,662.7000122070312,367.99999999993815,active,
1.0,1715.584,1715.794,677.0999755859375,637.7999877929688,210.00000000003638,active,
1.0,1715.835,1716.024,592.2000122070312,369.29998779296875,188.99999999985084,active,
1.0,1716.035,1716.534,558.7000122070312,338.8999938964844,499.00000000002365,active,
1.0,1716.559,1716.826,718.2999877929688,335.70001220703125,267.00000000005275,active,
1.0,1716.834,1717.116,692.2999877929688,340.5,281.9999999999254,active,
1.0,1717.176,1717.411,661.5,812.2999877929688,235.00000000012733,active,
1.0,1717.424,1717.56,609.4000244140625,811.7999877929688,135.99999999996726,active,
1.0,1717.572,1717.602,578.9000244140625,765.0999755859375,30.00000000020009,active,
1.0,1717.62,1717.882,579.2000122070312,649.0999755859375,262.000000000171,active,
1.0,1717.907,1718.184,683.0,583.2000122070312,277.00000000004366,active,
1.0,1718.508,1718.635,1016.5,446.5,126.9999999999527,active,
1.0,1718.679,1719.314,798.9000244140625,523.0999755859375,634.9999999999909,active,
1.0,1719.357,1719.646,911.7000122070312,679.5,288.99999999998727,active,
1.0,1719.665,1719.845,919.5999755859375,741.0,180.00000000006366,active,
1.0,1719.897,1720.179,1292.0,736.9000244140625,282.0000000001528,active,
1.0,1720.212,1720.881,1466.9000244140625,598.9000244140625,669.0000000000964,active,
1.0,1720.932,1721.266,1282.300048828125,890.4000244140625,334.00000000006,active,
1.0,1721.356,1721.522,337.70001220703125,936.5,165.99999999993997,active,
1.0,1721.55,1721.712,219.5,866.7000122070312,162.00000000003456,active,
1.0,1721.741,1721.946,183.1999969482422,691.7999877929688,204.99999999992724,active,
1.0,1721.993,1722.248,372.6000061035156,570.0999755859375,255.00000000010914,active,
1.0,1722.299,1722.593,807.4000244140625,601.2000122070312,294.0000000000964,active,
1.0,1722.625,1723.082,692.9000244140625,560.9000244140625,457.0000000001073,active,
1.0,1723.491,1723.697,1252.4000244140625,510.29998779296875,205.9999999999036,active,
1.0,1723.728,1724.343,1080.800048828125,561.9000244140625,615.0000000000091,active,
1.0,1724.368,1724.673,1005.2999877929688,649.9000244140625,305.00000000006366,active,
1.0,1724.691,1725.1,932.5999755859375,679.0999755859375,408.9999999998781,active,
1.0,1725.12,1725.566,905.7999877929688,743.0999755859375,446.00000000014006,active,
1.0,1725.598,1726.07,1022.5,747.5,471.99999999998,active,
1.0,1726.088,1726.27,1076.0,710.0999755859375,182.00000000001637,active,
1.0,1726.674,1726.723,1032.9000244140625,539.0,48.99999999997817,active,
1.0,1726.739,1726.832,1026.9000244140625,604.9000244140625,93.00000000007458,active,
1.0,1726.873,1727.058,808.2999877929688,644.7000122070312,184.99999999994543,active,
1.0,1727.109,1727.318,465.6000061035156,703.2999877929688,209.00000000006003,active,
1.0,1727.358,1727.534,268.20001220703125,777.2999877929688,176.00000000015825,active,
1.0,1727.6,1727.74,891.4000244140625,575.7000122070312,140.00000000010004,active,
1.0,1727.792,1727.943,1224.0999755859375,421.0,151.0000000000673,active,
1.0,1727.974,1728.241,1455.4000244140625,406.0,267.00000000005275,active,
1.0,1728.27,1728.637,1678.800048828125,401.29998779296875,366.9999999999618,active,
1.0,1728.653,1729.088,1601.199951171875,387.29998779296875,434.99999999994543,active,
1.0,1729.161,1729.32,800.5999755859375,674.0999755859375,158.99999999987813,active,
1.0,1729.358,1729.482,618.2999877929688,546.5,124.00000000002365,active,
1.0,1729.512,1729.88,588.2999877929688,365.79998779296875,368.0000000001655,active,
1.0,1729.904,1730.06,512.2000122070312,424.29998779296875,155.99999999994907,active,
1.0,1730.098,1730.319,748.2000122070312,365.20001220703125,221.00000000000364,active,
1.0,1730.337,1730.493,824.5,357.6000061035156,155.99999999994907,active,
1.0,1730.531,1730.905,572.0,267.0,374.00000000002365,active,
1.0,1730.929,1731.211,681.5,228.89999389648438,281.9999999999254,active,
1.0,1731.235,1731.391,812.9000244140625,198.1999969482422,156.00000000017644,active,
1.0,1731.431,1731.752,566.4000244140625,309.3999938964844,320.9999999999127,active,
1.0,1731.774,1731.997,689.5,248.5,223.00000000018372,active,
1.0,1732.079,1732.299,838.7000122070312,919.7999877929688,220.00000000002728,active,
1.0,1732.351,1732.476,1291.0,787.7000122070312,125.0,active,
1.0,1732.495,1732.81,1242.199951171875,740.7000122070312,315.00000000005457,active,
1.0,1732.843,1733.34,1407.5999755859375,800.9000244140625,496.99999999984357,active,
1.0,1733.409,1733.526,599.7000122070312,739.9000244140625,116.9999999999618,active,
1.0,1733.55,1733.897,524.4000244140625,679.4000244140625,346.99999999998,active,
1.0,1733.935,1734.252,762.4000244140625,720.4000244140625,317.0000000000073,active,
1.0,1734.537,1735.068,1013.5999755859375,759.9000244140625,530.9999999999491,active,
1.0,1735.089,1735.502,931.7999877929688,735.0999755859375,413.0000000000109,active,
1.0,1735.563,1736.085,348.70001220703125,716.0999755859375,521.9999999999345,active,
1.0,1736.147,1736.355,790.7000122070312,626.2000122070312,208.00000000008367,active,
1.0,1736.366,1736.666,811.4000244140625,605.7000122070312,299.9999999999545,active,
1.0,1736.679,1737.072,764.2999877929688,566.0999755859375,392.99999999980173,active,
1.0,1737.107,1737.386,635.0,643.9000244140625,278.99999999999636,active,
1.0,1737.419,1737.784,487.8999938964844,668.7000122070312,365.0000000000091,active,
1.0,1737.833,1738.045,849.4000244140625,505.20001220703125,211.9999999999891,active,
1.0,1738.061,1738.226,911.5999755859375,450.3999938964844,165.000000000191,active,
1.0,1738.268,1738.415,1142.0999755859375,598.4000244140625,146.99999999993452,active,
1.0,1738.463,1738.703,773.2000122070312,569.2999877929688,240.0000000000091,,
1.0,1738.715,1739.833,803.0,590.4000244140625,1118.0000000001655,,
1.0,1739.904,1740.026,384.3999938964844,698.2000122070312,122.00000000007094,passive,
1.0,1740.072,1740.134,146.60000610351562,724.7999877929688,62.00000000012551,passive,
1.0,1740.193,1740.37,824.7999877929688,633.0,176.99999999990723,passive,
1.0,1740.402,1740.775,921.2999877929688,508.6000061035156,373.0000000000473,passive,
1.0,1740.799,1741.14,836.2999877929688,478.1000061035156,341.0000000001219,passive,
1.0,1741.175,1741.72,1023.4000244140625,438.0,545.0000000000728,passive,
1.0,1741.747,1742.002,1146.5999755859375,509.70001220703125,254.99999999988177,passive,
1.0,1742.016,1742.176,1179.800048828125,542.7000122070312,159.99999999985448,passive,
1.0,1742.215,1742.559,1408.0999755859375,603.9000244140625,344.00000000005093,passive,
1.0,1742.598,1742.768,1388.0999755859375,799.2000122070312,170.00000000007276,passive,
1.0,1742.779,1743.023,1369.5999755859375,767.7999877929688,243.9999999999145,passive,
1.0,1743.075,1743.416,760.0999755859375,860.5999755859375,340.9999999998945,passive,
1.0,1743.714,1743.786,300.1000061035156,545.4000244140625,72.00000000011642,passive,
1.0,1743.796,1744.079,295.20001220703125,588.5,282.9999999999018,passive,
1.0,1744.118,1744.454,264.70001220703125,787.0999755859375,336.00000000001273,passive,
1.0,1744.467,1744.88,236.1999969482422,822.9000244140625,413.0000000000109,passive,
1.0,1744.93,1745.27,549.5,784.4000244140625,339.99999999991815,passive,
1.0,1745.297,1745.536,439.20001220703125,752.5999755859375,239.00000000003274,passive,
1.0,1745.573,1746.125,339.0,509.5,551.9999999999072,passive,
1.0,1746.18,1746.462,797.0,460.79998779296875,281.9999999999254,passive,
1.0,1746.817,1747.196,315.20001220703125,499.1000061035156,378.9999999999054,passive,
1.0,1747.244,1747.412,45.29999923706055,509.6000061035156,168.00000000012005,passive,
1.0,1747.429,1747.63,91.4000015258789,492.20001220703125,201.00000000002183,passive,
1.0,1747.693,1747.98,822.7999877929688,576.2000122070312,287.00000000003456,passive,
1.0,1747.988,1748.614,793.0,595.0999755859375,625.9999999999764,passive,
1.0,1748.641,1749.001,655.0,656.2999877929688,359.99999999989996,passive,
1.0,1749.021,1749.315,725.0,654.4000244140625,294.0000000000964,passive,
1.0,1749.324,1749.611,686.0999755859375,659.0,287.00000000003456,passive,
1.0,1749.651,1749.946,887.7000122070312,624.7999877929688,294.9999999998454,passive,
1.0,1749.968,1750.178,975.2000122070312,615.7999877929688,210.00000000003638,passive,
1.0,1750.237,1750.713,1393.0999755859375,609.4000244140625,475.9999999998854,passive,
1.0,1750.758,1751.004,1075.0999755859375,649.2000122070312,245.9999999998672,passive,
1.0,1751.299,1752.509,809.0,595.7000122070312,1210.0000000000364,passive,
1.0,1752.534,1752.838,929.5,588.0999755859375,303.99999999985994,passive,
1.0,1752.872,1753.025,1138.800048828125,583.0999755859375,153.00000000002,passive,
1.0,1753.063,1753.243,1325.199951171875,506.79998779296875,179.9999999998363,passive,
1.0,1753.268,1753.714,1438.199951171875,483.3999938964844,445.9999999999127,passive,
1.0,1753.733,1754.143,1471.5,549.0,410.00000000008185,passive,
1.0,1754.167,1754.396,1407.300048828125,431.3999938964844,229.00000000004184,passive,
1.0,1754.614,1754.67,569.7999877929688,379.79998779296875,56.00000000004002,passive,
1.0,1754.679,1755.061,564.5999755859375,418.5,381.9999999998345,passive,
1.0,1755.087,1755.724,699.9000244140625,389.0,636.9999999999436,passive,
1.0,1755.775,1756.021,1006.2999877929688,541.5,245.9999999998672,passive,
1.0,1756.072,1756.387,969.2000122070312,777.9000244140625,315.00000000005457,passive,
1.0,1756.411,1756.69,885.7000122070312,847.7000122070312,278.99999999999636,passive,
1.0,1756.716,1756.916,764.2999877929688,817.0999755859375,200.00000000004547,passive,
1.0,1756.94,1757.119,691.7999877929688,710.5999755859375,178.99999999985994,passive,
1.0,1757.145,1757.353,765.0,640.5999755859375,208.00000000008367,passive,
1.0,1757.413,1757.649,1131.800048828125,530.7000122070312,235.9999999998763,passive,
1.0,1757.681,1757.881,1304.199951171875,434.29998779296875,200.00000000004547,passive,
1.0,1758.134,1758.162,1324.699951171875,323.5,28.00000000002001,passive,
1.0,1758.184,1758.414,1322.5,358.6000061035156,230.0000000000182,passive,
1.0,1758.481,1758.697,874.7000122070312,394.8999938964844,215.9999999998945,passive,
1.0,1758.737,1759.019,704.5999755859375,423.1000061035156,281.9999999999254,passive,
1.0,1759.043,1759.535,497.5,362.5,492.0000000001892,passive,
1.0,1759.577,1759.895,660.2999877929688,363.8999938964844,317.99999999998363,passive,
1.0,1759.935,1760.257,829.4000244140625,374.0,322.0000000001164,passive,
1.0,1760.282,1760.425,865.2999877929688,491.20001220703125,143.0000000000291,passive,
1.0,1760.443,1761.193,794.7999877929688,571.2000122070312,750.0,passive,
1.0,1761.216,1761.476,832.7999877929688,543.2000122070312,260.0000000002183,passive,
1.0,1761.517,1761.66,648.0999755859375,506.8999938964844,143.0000000000291,passive,
1.0,1761.91,1762.171,338.20001220703125,447.79998779296875,260.99999999996726,passive,
1.0,1762.209,1762.422,553.7999877929688,481.8999938964844,212.99999999996544,passive,
1.0,1762.504,1762.643,1250.800048828125,473.20001220703125,139.0000000001237,passive,
1.0,1762.673,1762.914,1402.5,498.6000061035156,240.99999999998545,passive,
1.0,1762.932,1763.161,1319.300048828125,498.5,229.00000000004184,passive,
1.0,1763.217,1763.391,918.2999877929688,529.5999755859375,173.99999999997817,passive,
1.0,1763.41,1763.85,830.7999877929688,553.7999877929688,439.9999999998272,passive,
1.0,1763.872,1764.417,909.5999755859375,492.5,544.9999999998454,passive,
1.0,1764.444,1764.605,1015.9000244140625,459.6000061035156,161.0000000000582,passive,
1.0,1764.811,1764.861,957.4000244140625,353.20001220703125,50.0000000001819,passive,
1.0,1764.877,1765.239,948.7999877929688,417.8999938964844,362.00000000008004,passive,
1.0,1765.257,1765.505,989.5,464.3999938964844,248.0000000000473,passive,
1.0,1765.54,1765.835,820.0999755859375,494.1000061035156,295.00000000007276,passive,
1.0,1765.893,1766.127,497.79998779296875,539.0999755859375,233.9999999999236,passive,
1.0,1766.151,1766.423,374.3999938964844,528.2999877929688,271.9999999999345,passive,
1.0,1766.462,1766.61,279.0,374.0,147.99999999991087,passive,
1.0,1766.637,1766.85,339.1000061035156,298.6000061035156,212.99999999996544,passive,
1.0,1766.876,1766.985,208.60000610351562,287.0,108.9999999999236,passive,
1.0,1767.034,1767.218,26.700000762939453,541.9000244140625,183.99999999996908,passive,
1.0,1767.318,1767.412,945.2000122070312,508.8999938964844,94.00000000005093,passive,
1.0,1767.934,1767.979,1006.4000244140625,301.70001220703125,45.00000000007276,passive,
1.0,1767.991,1768.047,997.7000122070312,348.3999938964844,56.00000000004002,passive,
1.0,1768.069,1768.278,886.7999877929688,402.70001220703125,209.00000000006003,passive,
1.0,1768.641,1768.67,995.9000244140625,336.0,28.999999999996362,passive,
1.0,1768.692,1768.817,975.2000122070312,403.8999938964844,125.0,passive,
1.0,1768.854,1769.236,681.0,472.5,382.00000000006185,passive,
1.0,1769.286,1769.484,1049.9000244140625,583.7999877929688,197.9999999998654,passive,
1.0,1769.52,1769.762,1198.0999755859375,574.2000122070312,241.9999999999618,passive,
1.0,1769.855,1769.958,1293.300048828125,544.7999877929688,103.00000000006548,passive,
1.0,1770.028,1770.053,720.2000122070312,522.5,25.00000000009095,passive,
1.0,1770.918,1770.995,995.5999755859375,325.70001220703125,76.99999999999818,passive,
1.0,1771.021,1771.209,1265.5999755859375,285.29998779296875,188.00000000010186,passive,
1.0,1771.697,1772.082,1712.300048828125,-119.5,385.0000000002183,passive,
1.0,1772.16,1772.75,1082.300048828125,438.79998779296875,589.9999999999181,passive,
1.0,1772.789,1773.215,817.4000244140625,556.7000122070312,425.9999999999309,passive,
1.0,1773.268,1773.618,384.6000061035156,726.2999877929688,349.99999999990905,passive,
1.0,1773.655,1773.84,606.5,684.2000122070312,184.99999999994543,passive,
1.0,1774.322,1774.383,1145.9000244140625,431.70001220703125,61.00000000014916,passive,
1.0,1774.395,1774.468,1139.5,437.1000061035156,73.00000000009277,passive,
1.0,1774.514,1774.566,1147.4000244140625,426.6000061035156,52.000000000134605,passive,
1.0,1774.598,1774.747,1073.5999755859375,484.79998779296875,149.0000000001146,passive,
1.0,1774.769,1774.795,1078.300048828125,465.5,26.000000000067303,passive,
1.0,1774.855,1774.989,1068.0,515.9000244140625,134.00000000001455,passive,
1.0,1775.029,1775.372,1006.9000244140625,655.0999755859375,343.0000000000746,passive,
1.0,1775.386,1775.7,938.0999755859375,633.4000244140625,314.0000000000782,passive,
1.0,1775.723,1775.952,840.5,612.7000122070312,229.00000000004184,passive,
1.0,1775.965,1776.189,778.2999877929688,602.7000122070312,224.00000000016007,passive,
1.0,1776.526,1776.565,851.5999755859375,365.79998779296875,38.99999999998727,passive,
1.0,1776.575,1776.756,845.4000244140625,478.6000061035156,181.00000000004002,passive,
1.0,1776.772,1777.062,799.2000122070312,539.2000122070312,289.9999999999636,passive,
1.0,1777.072,1777.387,836.2999877929688,542.7999877929688,315.00000000005457,passive,
1.0,1777.407,1777.588,897.0,591.9000244140625,181.00000000004002,passive,
1.0,1777.632,1778.831,724.5,910.7000122070312,1198.9999999998417,passive,
1.0,1778.857,1779.049,870.7999877929688,849.5,192.00000000000728,passive,
1.0,1779.07,1779.175,829.2999877929688,814.9000244140625,105.00000000001819,passive,
1.0,1779.473,1779.644,870.5999755859375,570.4000244140625,171.0000000000491,passive,
1.0,1779.66,1780.029,831.0999755859375,539.5,368.9999999999145,passive,
1.0,1780.048,1780.222,865.7999877929688,503.79998779296875,173.99999999997817,passive,
1.0,1780.236,1780.391,912.0999755859375,502.29998779296875,154.99999999997272,passive,
1.0,1780.94,1781.003,1024.5,337.29998779296875,62.99999999987449,passive,
1.0,1781.017,1781.255,950.4000244140625,358.1000061035156,238.0000000000564,passive,
1.0,1781.299,1781.714,797.7000122070312,620.5999755859375,414.9999999999636,passive,
1.0,1781.737,1782.003,673.5999755859375,630.0,265.999999999849,passive,
1.0,1782.022,1782.198,754.4000244140625,601.7999877929688,176.00000000015825,passive,
1.0,1782.214,1782.44,801.7000122070312,585.0,226.00000000011278,passive,
1.0,1782.913,1782.972,1261.0999755859375,372.0,58.99999999996908,passive,
1.0,1783.0,1783.069,1226.5999755859375,389.8999938964844,68.99999999995998,passive,
1.0,1783.11,1783.14,1223.800048828125,395.70001220703125,30.00000000020009,passive,
1.0,1783.583,1783.871,819.4000244140625,470.0,288.0000000000109,passive,
1.0,1783.889,1784.136,830.5,544.2000122070312,247.00000000007094,passive,
1.0,1784.151,1784.331,757.5,568.5999755859375,179.9999999998363,passive,
1.0,1784.377,1784.672,416.20001220703125,669.4000244140625,295.00000000007276,passive,
1.0,1784.686,1784.817,473.79998779296875,690.7000122070312,131.0000000000855,passive,
1.0,1784.838,1784.983,455.5,768.0,144.9999999999818,passive,
1.0,1785.041,1785.123,825.7000122070312,623.2000122070312,82.00000000010732,passive,
1.0,1785.553,1785.746,1014.2999877929688,368.79998779296875,192.99999999998363,passive,
1.0,1785.801,1785.991,676.7000122070312,494.0,190.00000000005457,passive,
1.0,1786.031,1786.186,450.6000061035156,633.9000244140625,154.99999999997272,passive,
1.0,1786.21,1786.512,351.79998779296875,658.0,301.99999999990723,passive,
1.0,1786.54,1786.739,210.0,610.7000122070312,199.00000000006912,passive,
1.0,1786.767,1787.154,57.400001525878906,707.5999755859375,386.9999999999436,passive,
1.0,1787.162,1787.404,32.70000076293945,707.5999755859375,241.9999999999618,passive,
1.0,1787.446,1787.811,319.70001220703125,609.7999877929688,365.0000000000091,passive,
1.0,1787.832,1788.316,372.20001220703125,645.7999877929688,483.9999999999236,passive,
1.0,1788.365,1788.635,832.2000122070312,681.2999877929688,269.9999999999818,passive,
1.0,1789.231,1789.255,1048.4000244140625,385.79998779296875,24.000000000114596,passive,
1.0,1789.272,1789.304,1041.300048828125,439.70001220703125,32.000000000152795,passive,
1.0,1789.323,1789.56,1139.0,442.79998779296875,236.99999999985266,passive,
1.0,1789.636,1790.203,614.9000244140625,476.8999938964844,567.0000000000073,passive,
1.0,1790.247,1790.82,565.9000244140625,737.0,572.9999999998654,passive,
1.0,1790.828,1791.4,532.7999877929688,664.2999877929688,572.0000000001164,passive,
1.0,1791.41,1791.639,555.0999755859375,643.9000244140625,228.99999999981446,passive,
1.0,1791.678,1792.786,811.2000122070312,616.7999877929688,1107.9999999999472,passive,
1.0,1793.096,1793.105,886.0,463.29998779296875,9.000000000014552,passive,
1.0,1793.114,1793.669,882.2000122070312,504.5,555.0000000000637,passive,
1.0,1793.709,1794.302,637.0,528.4000244140625,592.9999999998472,passive,
1.0,1794.349,1794.981,880.7000122070312,570.5,632.0000000000618,passive,
1.0,1795.264,1795.361,1022.7000122070312,468.8999938964844,97.00000000020736,passive,
1.0,1795.448,1795.626,1238.5,541.9000244140625,177.99999999988358,passive,
1.0,1795.675,1795.696,1407.199951171875,615.5,20.999999999958163,passive,
1.0,1796.18,1796.298,1277.5,683.7000122070312,117.99999999993815,passive,
1.0,1796.332,1796.373,1276.0,685.9000244140625,40.99999999993997,passive,
1.0,1796.786,1797.17,852.7999877929688,846.5999755859375,384.00000000001455,passive,
1.0,1797.206,1797.541,702.2000122070312,831.4000244140625,335.0000000000364,passive,
1.0,1797.55,1798.261,723.5,761.2999877929688,711.0000000000127,passive,
1.0,1798.587,1798.612,1065.4000244140625,395.29998779296875,25.00000000009095,passive,
1.0,1798.631,1798.67,1072.0999755859375,417.5,38.99999999998727,passive,
1.0,1798.702,1798.802,1060.199951171875,424.0,99.99999999990905,passive,
1.0,1798.808,1798.941,1056.5,450.3999938964844,133.0000000000382,passive,
1.0,1799.016,1799.218,681.5,506.5,201.99999999999818,passive,
1.0,1799.243,1799.518,792.2999877929688,547.5999755859375,275.00000000009095,passive,
1.0,1799.53,1799.742,818.7999877929688,585.0999755859375,211.9999999999891,passive,
1.0,1799.75,1800.246,795.2999877929688,597.0,496.0000000000946,passive,
1.0,1800.286,1800.518,604.2000122070312,643.7000122070312,231.9999999999709,passive,
1.0,1800.915,1801.189,847.5999755859375,527.2999877929688,274.0000000001146,passive,
1.0,1801.235,1801.391,1026.300048828125,726.7999877929688,156.00000000017644,passive,
1.0,1801.442,1802.0,1020.2000122070312,728.2999877929688,557.9999999999927,passive,
1.0,1802.048,1802.224,730.5999755859375,552.2000122070312,175.99999999993088,passive,
1.0,1802.247,1802.29,670.5,466.8999938964844,42.99999999989268,passive,
1.0,1802.301,1802.632,682.9000244140625,409.8999938964844,331.00000000013097,passive,
1.0,1802.644,1802.935,641.5999755859375,396.5,290.99999999994,passive,
1.0,1802.961,1803.199,742.7999877929688,511.1000061035156,238.0000000000564,passive,
1.0,1803.232,1803.528,664.4000244140625,630.7999877929688,296.0000000000491,passive,
1.0,1803.564,1803.853,582.5999755859375,724.5999755859375,288.99999999998727,passive,
1.0,1803.866,1804.257,567.0999755859375,785.0,391.0000000000764,passive,
1.0,1804.281,1804.526,637.4000244140625,750.4000244140625,245.00000000011823,passive,
1.0,1804.575,1804.764,650.0,485.1000061035156,188.99999999985084,passive,
1.0,1804.787,1805.383,650.2000122070312,405.8999938964844,596.0000000000036,passive,
1.0,1805.434,1805.8,584.2000122070312,728.4000244140625,365.99999999998545,passive,
1.0,1805.825,1805.999,675.5999755859375,624.0999755859375,173.99999999997817,passive,
1.0,1806.04,1806.225,980.5,706.7000122070312,184.99999999994543,passive,
1.0,1806.291,1806.377,1249.9000244140625,647.7000122070312,86.00000000001273,passive,
1.0,1806.673,1806.703,1147.199951171875,319.70001220703125,29.999999999972715,passive,
1.0,1807.437,1807.471,1606.5,392.5,34.0000000001055,passive,
1.0,1807.497,1807.726,1617.0999755859375,475.6000061035156,229.00000000004184,passive,
1.0,1807.801,1807.977,933.9000244140625,583.4000244140625,176.00000000015825,passive,
1.0,1807.999,1808.819,816.0999755859375,596.7000122070312,819.9999999999363,passive,
1.0,1808.842,1808.969,888.5,645.0,126.9999999999527,passive,
1.0,1809.011,1809.212,1129.800048828125,700.9000244140625,201.00000000002183,passive,
1.0,1809.554,1809.741,851.7000122070312,510.8999938964844,186.99999999989814,passive,
1.0,1809.786,1810.065,569.4000244140625,551.0999755859375,278.99999999999636,passive,
1.0,1810.101,1810.314,379.5,641.2000122070312,212.99999999996544,passive,
1.0,1810.352,1810.618,242.1999969482422,713.4000244140625,265.999999999849,passive,
1.0,1810.644,1810.912,365.70001220703125,709.5,268.0000000000291,passive,
1.0,1810.966,1811.135,669.7999877929688,732.2999877929688,169.0000000000964,passive,
1.0,1811.201,1811.43,1328.300048828125,716.9000244140625,229.00000000004184,passive,
1.0,1811.459,1811.668,1473.4000244140625,673.2000122070312,208.99999999983265,passive,
1.0,1811.697,1811.853,1494.9000244140625,544.7999877929688,156.00000000017644,passive,
1.0,1811.882,1812.247,1386.9000244140625,445.3999938964844,365.0000000000091,passive,
1.0,1812.29,1812.511,1132.699951171875,460.20001220703125,221.00000000000364,passive,
1.0,1812.558,1812.803,707.5999755859375,470.5,245.00000000011823,passive,
1.0,1812.844,1813.084,500.6000061035156,426.3999938964844,240.0000000000091,passive,
1.0,1813.143,1813.343,182.60000610351562,592.0,200.00000000004547,passive,
1.0,1813.611,1813.892,570.0,495.20001220703125,280.99999999994907,passive,
1.0,1813.917,1814.099,680.7999877929688,502.6000061035156,182.00000000001637,passive,
1.0,1814.135,1814.328,826.5999755859375,504.20001220703125,192.99999999998363,passive,
1.0,1814.393,1814.569,1258.9000244140625,516.2999877929688,175.99999999993088,passive,
1.0,1814.593,1814.882,1334.5999755859375,513.2999877929688,288.99999999998727,passive,
1.0,1814.908,1815.104,1237.5999755859375,511.70001220703125,196.00000000014006,passive,
1.0,1815.485,1815.872,798.9000244140625,459.8999938964844,387.000000000171,passive,
1.0,1815.911,1816.517,617.7999877929688,568.2999877929688,605.9999999999945,passive,
1.0,1816.55,1817.072,457.8999938964844,635.5999755859375,521.9999999999345,passive,
1.0,1817.099,1817.451,603.4000244140625,600.9000244140625,352.00000000008913,passive,
1.0,1817.476,1817.778,720.4000244140625,574.2000122070312,301.99999999990723,passive,
1.0,1817.809,1817.896,898.2000122070312,539.5,86.99999999998909,passive,
1.0,1818.776,1819.191,978.2999877929688,369.29998779296875,414.9999999999636,passive,
1.0,1819.233,1819.386,833.2999877929688,516.2999877929688,153.00000000002,passive,
1.0,1819.405,1819.892,786.2000122070312,585.7000122070312,487.00000000008004,passive,
1.0,1819.904,1820.1,833.0999755859375,590.2000122070312,195.9999999999127,passive,
1.0,1820.114,1820.228,801.9000244140625,587.5,114.00000000003274,passive,
1.0,1820.272,1820.924,1152.5999755859375,560.4000244140625,652.0000000000437,passive,
1.0,1820.976,1821.226,898.5,899.0999755859375,250.0,passive,
1.0,1821.245,1821.705,858.7000122070312,954.7999877929688,460.0000000000364,passive,
1.0,1822.778,1823.038,775.5,257.79998779296875,259.9999999999909,passive,
1.0,1823.059,1823.466,653.7000122070312,292.20001220703125,406.9999999999254,passive,
1.0,1823.477,1823.759,590.5,284.3999938964844,281.9999999999254,passive,
1.0,1823.785,1823.885,474.20001220703125,317.3999938964844,99.99999999990905,passive,
1.0,1824.33,1824.46,447.6000061035156,206.1999969482422,130.00000000010914,passive,
1.0,1824.813,1824.889,1178.0,398.70001220703125,75.99999999979445,passive,
1.0,1824.966,1825.067,1218.5999755859375,462.8999938964844,101.00000000011278,passive,
1.0,1825.089,1825.52,1160.5,536.4000244140625,431.00000000004,passive,
1.0,1825.528,1825.875,1173.5,543.9000244140625,346.99999999998,passive,
1.0,1825.882,1826.243,1153.5999755859375,550.2000122070312,360.9999999998763,passive,
1.0,1826.254,1826.927,1182.699951171875,521.4000244140625,673.0000000000018,passive,
1.0,1827.487,1827.643,1096.4000244140625,218.8000030517578,155.99999999994907,passive,
1.0,1827.98,1828.01,878.2000122070312,176.60000610351562,29.999999999972715,passive,
1.0,1828.064,1828.339,826.4000244140625,258.20001220703125,274.9999999998636,passive,
1.0,1828.373,1828.614,613.9000244140625,345.20001220703125,240.99999999998545,passive,
1.0,1828.631,1828.862,522.9000244140625,375.3999938964844,230.99999999999454,passive,
1.0,1828.883,1829.108,618.2000122070312,400.79998779296875,224.99999999990905,passive,
1.0,1829.174,1829.312,931.9000244140625,437.8999938964844,137.99999999991996,passive,
1.0,1829.332,1829.63,1023.0,448.3999938964844,298.0000000000018,passive,
1.0,1830.274,1830.314,1146.5,258.29998779296875,40.000000000190994,passive,
1.0,1830.68,1830.875,821.2999877929688,368.20001220703125,194.99999999993634,passive,
1.0,1830.888,1831.099,773.9000244140625,417.8999938964844,211.00000000001273,passive,
1.0,1831.109,1831.836,784.7999877929688,441.1000061035156,727.0000000000891,passive,
1.0,1831.884,1832.096,1172.9000244140625,442.79998779296875,211.9999999999891,passive,
1.0,1832.105,1832.597,1192.5999755859375,437.70001220703125,491.9999999999618,passive,
1.0,1833.187,1833.341,1051.4000244140625,302.8999938964844,153.99999999999636,passive,
1.0,1833.842,1833.888,928.7000122070312,268.0,45.99999999982174,passive,
1.0,1833.914,1834.114,971.0999755859375,320.0,200.00000000004547,passive,
1.0,1834.613,1834.95,929.7999877929688,261.1000061035156,336.9999999999891,passive,
1.0,1834.966,1835.134,875.7999877929688,314.1000061035156,168.00000000012005,passive,
1.0,1835.143,1835.174,860.5999755859375,317.20001220703125,30.99999999994907,passive,
1.0,1835.185,1835.741,825.4000244140625,373.8999938964844,556.00000000004,passive,
1.0,1835.757,1836.467,772.7000122070312,446.70001220703125,710.0000000000364,passive,
1.0,1837.037,1837.181,1064.0,196.0,144.00000000000546,passive,
1.0,1837.849,1838.048,992.0999755859375,242.39999389648438,199.00000000006912,passive,
1.0,1838.096,1838.466,937.5,281.1000061035156,369.99999999989086,passive,
1.0,1838.494,1839.447,822.4000244140625,383.70001220703125,952.9999999999745,passive,
1.0,1839.471,1839.999,874.5,328.20001220703125,528.00000000002,passive,
1.0,1840.519,1840.579,897.0,241.89999389648438,59.99999999994543,passive,
1.0,1840.891,1840.936,932.0999755859375,278.70001220703125,44.999999999845386,passive,
1.0,1841.057,1843.817,845.2000122070312,385.5,2759.999999999991,passive,
1.0,1844.4,1844.437,998.2000122070312,270.1000061035156,36.99999999980719,passive,
1.0,1844.447,1844.564,1003.7000122070312,264.6000061035156,117.00000000018917,passive,
1.0,1844.602,1845.668,788.7999877929688,419.5,1065.9999999998035,passive,
1.0,1845.678,1846.299,830.5999755859375,419.6000061035156,620.9999999998672,passive,
1.0,1846.305,1846.706,839.0999755859375,402.6000061035156,400.99999999983993,passive,
1.0,1847.049,1847.168,939.7000122070312,333.8999938964844,118.99999999991451,passive,
1.0,1847.422,1847.453,954.7000122070312,320.8999938964844,30.99999999994907,passive,
1.0,1847.652,1848.143,868.9000244140625,353.29998779296875,490.99999999998545,passive,
1.0,1848.16,1848.269,871.2999877929688,355.8999938964844,108.9999999999236,passive,
1.0,1848.795,1848.899,940.2999877929688,325.79998779296875,103.99999999981446,passive,
1.0,1848.909,1849.234,953.7000122070312,317.79998779296875,324.9999999998181,passive,
1.0,1849.427,1849.498,943.5999755859375,350.6000061035156,71.00000000014006,passive,
1.0,1849.567,1849.871,933.7999877929688,362.8999938964844,304.0000000000873,passive,
1.0,1849.932,1849.979,930.7999877929688,345.79998779296875,47.000000000025466,passive,
1.0,1850.158,1850.233,890.5,357.20001220703125,75.00000000004547,passive,
1.0,1850.691,1850.846,944.7999877929688,341.70001220703125,154.99999999997272,passive,
1.0,1850.864,1851.378,984.0999755859375,351.29998779296875,513.9999999998963,passive,
1.0,1851.455,1851.598,989.7000122070312,352.1000061035156,143.0000000000291,passive,
1.0,1851.609,1851.74,985.4000244140625,343.20001220703125,131.0000000000855,passive,
1.0,1851.78,1852.002,845.5999755859375,459.5,221.99999999998,passive,
1.0,1852.018,1852.35,794.0,559.2999877929688,331.99999999987995,passive,
1.0,1852.361,1852.642,746.9000244140625,579.0,280.99999999994907,passive,
1.0,1852.958,1853.228,729.2999877929688,531.0999755859375,269.9999999999818,passive,
1.0,1853.245,1853.528,776.0,571.0,283.00000000012915,passive,
1.0,1853.55,1853.683,836.5999755859375,568.7000122070312,133.0000000000382,passive,
1.0,1854.203,1854.75,811.7000122070312,483.0,547.0000000000255,passive,
1.0,1854.778,1855.54,747.2999877929688,574.0999755859375,761.9999999999436,passive,
1.0,1855.552,1856.867,780.4000244140625,529.5,1315.0000000000546,passive,
1.0,1856.899,1857.143,728.5,525.0999755859375,244.00000000014188,passive,
1.0,1857.478,1857.856,757.0,491.6000061035156,377.99999999992906,passive,
1.0,1857.883,1858.307,633.4000244140625,544.7999877929688,423.9999999999782,passive,
1.0,1858.328,1858.563,698.4000244140625,530.9000244140625,235.00000000012733,passive,
1.0,1858.579,1859.272,752.4000244140625,544.2000122070312,692.9999999999836,passive,
1.0,1859.28,1859.442,785.0,550.0,162.00000000003456,passive,
1.0,1859.962,1860.015,1669.800048828125,297.6000061035156,53.00000000011096,passive,
1.0,1860.36,1860.449,1559.0,252.10000610351562,89.00000000016917,passive,
1.0,1860.493,1860.532,1546.0999755859375,234.89999389648438,38.99999999998727,passive,
1.0,1860.551,1860.71,1445.5999755859375,281.8999938964844,159.0000000001055,passive,
1.0,1860.735,1860.804,1441.9000244140625,358.79998779296875,69.00000000018736,passive,
1.0,1860.86,1861.157,991.5,477.1000061035156,297.00000000002547,passive,
1.0,1861.201,1861.531,743.9000244140625,520.7000122070312,329.99999999992724,passive,
1.0,1861.538,1862.058,734.4000244140625,557.5,519.9999999999818,passive,
1.0,1862.08,1862.414,800.0,576.5999755859375,334.00000000006,passive,
1.0,1862.805,1862.972,769.5,483.79998779296875,166.99999999991633,passive,
1.0,1863.415,1863.487,1453.5999755859375,277.20001220703125,72.00000000011642,passive,
1.0,1863.506,1863.834,1451.5999755859375,334.20001220703125,327.99999999997453,passive,
1.0,1863.906,1864.075,865.5999755859375,512.4000244140625,169.0000000000964,passive,
1.0,1864.092,1864.859,817.5,547.4000244140625,766.9999999998254,passive,
1.0,1865.317,1865.405,848.2000122070312,476.6000061035156,87.99999999996544,passive,
1.0,1865.877,1865.943,979.0999755859375,384.1000061035156,66.00000000003092,passive,
1.0,1865.986,1866.165,1101.300048828125,423.0,178.99999999985994,passive,
1.0,1866.205,1866.56,1081.800048828125,478.29998779296875,355.0000000000182,passive,
1.0,1866.606,1867.429,814.5,566.7999877929688,823.0000000000928,passive,
1.0,1867.466,1867.606,974.2000122070312,545.7000122070312,140.00000000010004,passive,
1.0,1868.116,1868.236,1223.699951171875,507.6000061035156,120.00000000011823,passive,
1.0,1868.248,1868.378,1227.5,505.20001220703125,129.99999999988177,passive,
1.0,1868.39,1868.426,1230.0,495.3999938964844,35.999999999830834,passive,
1.0,1868.483,1868.672,762.2999877929688,560.9000244140625,189.00000000007822,passive,
1.0,1870.235,1870.258,1017.5,350.0,23.000000000138243,passive,
1.0,1870.272,1870.305,1074.0999755859375,300.79998779296875,33.00000000012915,passive,
1.0,1870.316,1870.377,1075.5999755859375,324.6000061035156,60.99999999992178,passive,
1.0,1870.401,1870.48,1065.300048828125,351.70001220703125,78.99999999995089,passive,
1.0,1870.535,1870.848,605.5,614.7999877929688,312.9999999998745,passive,
1.0,1870.883,1871.0,462.29998779296875,768.9000244140625,116.9999999999618,passive,
1.0,1871.037,1871.211,520.5999755859375,953.5,173.99999999997817,passive,
1.0,1871.224,1871.737,580.5,929.5999755859375,513.0000000001473,passive,
1.0,1872.011,1872.035,1073.800048828125,424.70001220703125,24.000000000114596,passive,
1.0,1872.083,1872.227,1064.5999755859375,494.8999938964844,144.00000000000546,passive,
1.0,1872.265,1872.487,889.2999877929688,519.0,221.99999999998,passive,
1.0,1872.504,1873.146,818.0,559.5,642.0000000000528,passive,
1.0,1873.925,1874.0,1288.9000244140625,339.70001220703125,75.00000000004547,passive,
1.0,1874.01,1874.342,1298.0,350.1000061035156,332.0000000001073,passive,
1.0,1874.364,1874.391,1302.4000244140625,350.8999938964844,27.000000000043656,passive,
1.0,1874.432,1874.63,1128.0,415.20001220703125,198.00000000009277,passive,
1.0,1874.719,1875.344,858.5999755859375,529.4000244140625,625.0,passive,
1.0,1875.367,1875.637,769.5,616.7000122070312,269.9999999999818,passive,
1.0,1875.648,1875.715,776.7000122070312,599.7999877929688,67.00000000000728,passive,
1.0,1875.729,1876.039,836.0,601.2999877929688,309.99999999994543,passive,
1.0,1876.051,1876.299,793.0999755859375,655.2000122070312,248.0000000000473,passive,
1.0,1876.785,1876.868,969.9000244140625,365.70001220703125,82.9999999998563,passive,
1.0,1877.003,1877.039,1026.699951171875,378.1000061035156,36.00000000005821,passive,
1.0,1878.373,1878.583,1011.9000244140625,283.1000061035156,210.00000000003638,passive,
1.0,1878.697,1878.745,947.4000244140625,406.20001220703125,48.00000000000182,passive,
1.0,1878.768,1878.853,938.0,413.70001220703125,85.00000000003638,passive,
1.0,1878.897,1879.085,851.0,549.0999755859375,188.00000000010186,passive,
1.0,1879.093,1879.393,812.5999755859375,560.5999755859375,299.9999999999545,passive,
1.0,1879.418,1879.479,885.9000244140625,519.5,61.00000000014916,passive,
1.0,1879.959,1880.105,1074.4000244140625,264.70001220703125,145.99999999995816,passive,
1.0,1880.644,1880.754,1406.0,280.3999938964844,109.99999999989996,passive,
1.0,1881.157,1881.29,1022.2000122070312,186.8000030517578,133.0000000000382,passive,
1.0,1881.3,1881.929,844.7999877929688,273.8999938964844,629.0000000001328,passive,
1.0,1881.951,1882.419,902.2000122070312,293.0,468.0000000000746,passive,
1.0,1882.44,1883.238,916.0,261.20001220703125,798.0000000000018,passive,
1.0,1883.262,1883.277,911.9000244140625,236.6999969482422,15.000000000100044,passive,
1.0,1883.788,1884.163,1025.199951171875,233.3000030517578,375.0,passive,
1.0,1884.21,1884.377,945.5,482.8999938964844,166.99999999991633,passive,
1.0,1884.395,1884.698,987.0999755859375,450.29998779296875,303.00000000011096,passive,
1.0,1884.705,1884.941,985.7999877929688,445.0,236.00000000010368,passive,
1.0,1884.987,1885.012,989.0999755859375,420.20001220703125,24.999999999863576,passive,
1.0,1885.056,1885.513,894.2999877929688,562.0999755859375,456.99999999987995,passive,
1.0,1885.555,1886.174,924.0,755.7000122070312,618.9999999999145,passive,
1.0,1886.651,1886.688,970.2999877929688,487.6000061035156,37.00000000003456,passive,
1.0,1887.113,1887.144,1184.5999755859375,389.0,30.99999999994907,passive,
1.0,1887.15,1887.264,1178.0,400.20001220703125,113.99999999980537,passive,
1.0,1887.285,1888.067,1127.699951171875,461.3999938964844,781.9999999999254,passive,
1.0,1888.863,1888.941,1030.9000244140625,298.79998779296875,77.99999999997453,passive,
1.0,1888.987,1889.018,992.4000244140625,471.20001220703125,30.99999999994907,passive,
1.0,1889.222,1889.295,953.9000244140625,350.20001220703125,73.00000000009277,passive,
1.0,1889.72,1890.35,1045.300048828125,311.29998779296875,629.9999999998818,passive,
1.0,1890.378,1890.717,1099.4000244140625,338.70001220703125,339.00000000016917,passive,
1.0,1890.844,1890.962,1017.2000122070312,389.1000061035156,117.99999999993815,passive,
1.0,1893.584,1893.679,1444.199951171875,367.29998779296875,95.00000000002728,passive,
1.0,1893.715,1893.818,1455.4000244140625,327.79998779296875,103.00000000006548,passive,
1.0,1894.647,1894.69,1101.4000244140625,94.30000305175781,43.00000000012005,passive,
1.0,1894.714,1894.822,1104.199951171875,104.30000305175781,107.99999999994725,passive,
1.0,1894.862,1895.065,1150.9000244140625,160.6999969482422,202.99999999997453,passive,
1.0,1895.083,1895.141,1175.699951171875,183.60000610351562,57.999999999992724,passive,
1.0,1895.159,1895.205,1176.0,181.89999389648438,45.99999999982174,passive,
1.0,1895.22,1895.392,1183.4000244140625,186.8000030517578,172.00000000002547,passive,
1.0,1895.404,1896.297,1183.0999755859375,199.0,893.0000000000291,passive,
1.0,1897.531,1897.562,1022.5999755859375,307.8999938964844,30.99999999994907,passive,
1.0,1897.676,1898.014,695.0999755859375,561.2000122070312,337.99999999996544,passive,
1.0,1898.053,1898.245,736.2000122070312,742.4000244140625,191.9999999997799,passive,
1.0,1898.262,1898.58,758.0,789.7999877929688,317.99999999998363,passive,
1.0,1898.59,1899.111,777.9000244140625,794.2000122070312,521.0000000001855,passive,
1.0,1899.15,1899.346,964.2000122070312,752.7000122070312,195.9999999999127,passive,
1.0,1899.723,1899.967,806.0,526.9000244140625,244.00000000014188,passive,
1.0,1899.973,1900.54,836.2000122070312,571.5999755859375,567.0000000000073,passive,
1.0,1900.556,1900.713,863.0,572.0999755859375,156.99999999992542,passive,
1.0,1900.731,1901.009,868.5,552.5999755859375,278.00000000002,passive,
1.0,1901.023,1901.128,874.7000122070312,549.0999755859375,105.00000000001819,passive,
1.0,1902.041,1902.073,1058.699951171875,284.1000061035156,32.000000000152795,passive,
1.0,1902.978,1903.069,1061.0,246.0,90.9999999998945,passive,
1.0,1903.126,1903.177,1052.5999755859375,248.3000030517578,50.99999999993088,passive,
1.0,1903.216,1903.346,1097.4000244140625,297.0,130.00000000010914,passive,
1.0,1903.398,1903.983,839.2999877929688,399.20001220703125,585.0000000000364,passive,
1.0,1904.032,1904.427,547.4000244140625,484.8999938964844,394.9999999999818,passive,
1.0,1904.473,1904.622,795.2999877929688,630.5,149.0000000001146,passive,
1.0,1904.634,1905.344,824.5,619.0,710.0000000000364,passive,
1.0,1905.385,1905.667,602.5,645.7999877929688,281.9999999999254,passive,
1.0,1905.973,1906.001,767.7999877929688,405.29998779296875,28.00000000002001,passive,
1.0,1910.081,1910.206,783.4000244140625,489.70001220703125,125.0,passive,
1.0,1910.245,1910.637,692.4000244140625,647.0999755859375,392.00000000005275,passive,
1.0,1910.664,1910.919,811.5999755859375,654.0,255.00000000010914,passive,
1.0,1910.948,1911.102,921.2000122070312,574.9000244140625,153.99999999999636,passive,
1.0,1911.132,1911.184,910.7000122070312,611.5,51.99999999990723,passive,
1.0,1911.229,1911.665,977.7999877929688,550.7000122070312,435.9999999999218,passive,
1.0,1911.766,1911.834,992.9000244140625,504.5,67.99999999998363,passive,
1.0,1911.876,1911.916,989.2000122070312,512.7999877929688,39.99999999996362,passive,
1.0,1912.016,1912.135,526.7999877929688,487.1000061035156,118.99999999991451,passive,
1.0,1912.451,1912.496,948.0999755859375,311.8999938964844,45.00000000007276,passive,
1.0,1912.513,1912.546,954.7000122070312,344.5,33.00000000012915,passive,
1.0,1912.562,1912.718,952.7999877929688,397.1000061035156,156.00000000017644,passive,
1.0,1912.752,1913.15,791.2000122070312,439.6000061035156,398.00000000013824,passive,
1.0,1913.185,1913.9,684.7999877929688,668.7000122070312,715.0000000001455,passive,
1.0,1913.924,1914.228,588.5,722.2000122070312,304.0000000000873,passive,
1.0,1914.255,1914.555,714.7999877929688,660.7000122070312,299.9999999999545,passive,
1.0,1914.878,1914.922,1236.5,381.0,44.000000000096406,passive,
1.0,1914.941,1915.61,1238.199951171875,444.3999938964844,668.999999999869,passive,
1.0,1915.646,1915.812,1075.699951171875,497.70001220703125,165.99999999993997,passive,
1.0,1915.833,1916.185,945.5999755859375,512.5,351.99999999986176,passive,
1.0,1916.225,1916.43,848.5999755859375,663.5,205.0000000001546,passive,
1.0,1916.471,1916.734,867.2000122070312,866.2999877929688,262.99999999991996,passive,
1.0,1917.057,1917.088,867.7999877929688,574.5999755859375,30.99999999994907,passive,
1.0,1917.135,1917.226,864.4000244140625,639.9000244140625,91.00000000012187,passive,
1.0,1917.263,1918.145,842.9000244140625,857.2999877929688,882.0000000000618,passive,
1.0,1918.2,1918.303,845.0,824.2000122070312,103.00000000006548,passive,
1.0,1918.313,1918.357,849.7000122070312,818.2000122070312,43.99999999986903,passive,
1.0,1918.414,1918.625,772.2999877929688,691.0,211.00000000001273,passive,
1.0,1918.998,1919.051,872.2999877929688,516.9000244140625,52.999999999883585,passive,
1.0,1919.545,1919.573,882.0,652.7000122070312,28.00000000002001,passive,
1.0,1919.593,1919.624,895.2999877929688,625.5,30.99999999994907,passive,
1.0,1920.093,1920.135,855.5999755859375,711.5,41.99999999991633,passive,
1.0,1920.157,1920.289,844.0999755859375,638.2000122070312,132.00000000006185,passive,
1.0,1920.312,1920.85,804.4000244140625,592.7000122070312,538.0000000000109,passive,
1.0,1920.947,1920.975,906.2000122070312,418.3999938964844,28.00000000002001,passive,
1.0,1922.541,1922.836,918.5,361.6000061035156,295.00000000007276,passive,
1.0,1922.926,1923.603,828.2000122070312,520.4000244140625,677.0000000001346,passive,
1.0,1923.631,1923.756,830.7000122070312,525.9000244140625,125.0,passive,
1.0,1923.895,1924.067,882.2000122070312,518.9000244140625,172.00000000002547,passive,
1.0,1926.299,1926.397,1412.9000244140625,568.7999877929688,97.99999999995634,passive,
1.0,1926.591,1926.992,817.0,615.5999755859375,401.0000000000673,,
1.0,1927.923,1928.16,998.5999755859375,424.8999938964844,237.00000000008004,passive,
1.0,1928.535,1928.566,810.2999877929688,733.0,30.99999999994907,passive,
1.0,1928.596,1928.647,787.2999877929688,789.2000122070312,50.99999999993088,passive,
1.0,1928.723,1928.871,876.2999877929688,784.2000122070312,148.00000000013824,passive,
1.0,1928.91,1928.961,865.0999755859375,825.7999877929688,50.99999999993088,passive,
1.0,1929.0,1929.289,899.5999755859375,777.0,288.99999999998727,passive,
1.0,1929.556,1929.585,1209.300048828125,392.79998779296875,28.999999999996362,passive,
1.0,1929.605,1929.81,1201.0,437.70001220703125,204.99999999992724,passive,
1.0,1929.861,1930.02,889.0,501.70001220703125,158.99999999987813,passive,
1.0,1930.076,1930.377,577.2000122070312,779.0999755859375,300.9999999999309,passive,
1.0,1930.417,1930.756,778.5999755859375,903.7000122070312,339.00000000016917,passive,
1.0,1930.783,1931.08,907.9000244140625,915.5999755859375,297.00000000002547,passive,
1.0,1931.091,1931.308,965.4000244140625,874.9000244140625,217.00000000009823,passive,
1.0,1931.335,1931.368,894.2999877929688,760.0,32.999999999901775,passive,
1.0,1931.661,1931.714,672.4000244140625,637.4000244140625,52.999999999883585,passive,
1.0,1931.722,1931.967,670.5,698.4000244140625,245.00000000011823,passive,
1.0,1931.994,1932.231,813.7000122070312,682.5999755859375,237.00000000008004,passive,
1.0,1932.241,1932.562,826.5999755859375,645.2000122070312,320.9999999999127,passive,
1.0,1932.589,1932.746,965.5999755859375,642.0999755859375,157.0000000001528,passive,
1.0,1932.794,1932.829,1095.5999755859375,561.7000122070312,34.99999999985448,passive,
1.0,1933.167,1933.323,735.0,374.20001220703125,156.00000000017644,passive,
1.0,1933.34,1933.696,677.7999877929688,343.1000061035156,355.99999999999454,passive,
1.0,1933.733,1934.541,530.2999877929688,506.0,807.9999999999927,passive,
1.0,1934.562,1934.784,501.8999938964844,558.7999877929688,222.00000000020736,passive,
1.0,1934.827,1935.493,539.0,755.2000122070312,665.99999999994,passive,
1.0,1935.84,1936.652,644.0999755859375,542.9000244140625,812.0000000001255,passive,
1.0,1936.679,1936.991,597.2000122070312,688.4000244140625,311.99999999989814,passive,
1.0,1937.313,1937.347,703.4000244140625,288.3999938964844,33.99999999987813,passive,
1.0,1937.361,1937.546,697.0,343.70001220703125,184.99999999994543,passive,
1.0,1937.556,1937.897,680.0,343.70001220703125,340.9999999998945,passive,
1.0,1937.962,1938.431,392.70001220703125,379.6000061035156,469.00000000005093,passive,
1.0,1938.495,1938.815,647.7999877929688,615.2999877929688,320.0000000001637,passive,
1.0,1938.861,1939.417,612.0999755859375,817.4000244140625,555.9999999998126,passive,
1.0,1939.656,1940.092,707.4000244140625,333.79998779296875,436.00000000014916,passive,
1.0,1940.138,1940.339,1030.0,344.0,201.00000000002183,passive,
1.0,1940.381,1940.604,717.2000122070312,314.3999938964844,222.99999999995634,passive,
1.0,1940.613,1940.962,683.2999877929688,307.70001220703125,348.9999999999327,passive,
1.0,1940.97,1941.552,698.0999755859375,304.29998779296875,581.99999999988,passive,
1.0,1941.567,1941.787,730.5999755859375,327.6000061035156,220.00000000002728,passive,
1.0,1941.798,1941.988,753.2999877929688,351.29998779296875,190.00000000005457,passive,
1.0,1942.285,1942.318,831.5999755859375,282.6000061035156,32.999999999901775,passive,
1.0,1942.324,1942.416,831.9000244140625,335.5,91.99999999987085,passive,
1.0,1942.427,1942.548,823.0999755859375,374.0,121.00000000009459,passive,
1.0,1942.583,1942.855,691.7000122070312,482.29998779296875,271.9999999999345,passive,
1.0,1942.877,1943.157,649.7000122070312,548.5999755859375,279.9999999999727,passive,
1.0,1943.183,1943.472,771.9000244140625,599.5,288.99999999998727,passive,
1.0,1943.505,1943.676,1016.5,603.2999877929688,170.99999999982174,passive,
1.0,1944.091,1944.598,894.9000244140625,432.5,507.00000000006185,passive,
1.0,1944.611,1944.996,843.2999877929688,463.1000061035156,384.9999999999909,passive,
1.0,1945.036,1945.384,560.7999877929688,510.29998779296875,347.99999999995634,passive,
1.0,1945.788,1945.949,1086.0999755859375,368.70001220703125,161.0000000000582,passive,
1.0,1946.008,1946.191,1016.2999877929688,514.2000122070312,182.99999999999272,passive,
1.0,1946.211,1946.818,1076.0,577.2999877929688,606.9999999999709,passive,
1.0,1947.683,1947.731,733.0,284.20001220703125,48.00000000000182,passive,
1.0,1947.751,1947.849,664.4000244140625,377.0,97.99999999995634,passive,
1.0,1947.87,1948.063,565.9000244140625,447.5,193.000000000211,passive,
1.0,1948.079,1948.258,515.7999877929688,491.6000061035156,179.0000000000873,passive,
1.0,1948.269,1948.514,546.5999755859375,502.0,244.99999999989086,passive,
1.0,1948.533,1948.695,606.9000244140625,507.1000061035156,162.00000000003456,passive,
1.0,1948.749,1948.967,1080.800048828125,610.7999877929688,218.00000000007458,passive,
1.0,1949.46,1949.504,978.5999755859375,378.0,43.99999999986903,passive,
1.0,1949.522,1949.561,966.0,417.29998779296875,38.99999999998727,passive,
1.0,1949.628,1949.683,1044.300048828125,489.3999938964844,55.000000000063665,passive,
1.0,1949.736,1949.767,1050.5999755859375,482.29998779296875,30.99999999994907,passive,
1.0,1949.8,1949.858,1075.5999755859375,547.0999755859375,57.999999999992724,passive,
1.0,1949.89,1949.916,1083.800048828125,507.20001220703125,25.99999999983993,passive,
1.0,1950.351,1950.614,1046.9000244140625,433.8999938964844,262.99999999991996,passive,
1.0,1950.669,1950.756,1075.0,440.29998779296875,86.99999999998909,passive,
1.0,1951.18,1951.2,565.7000122070312,622.2000122070312,19.99999999998181,passive,
1.0,1951.21,1951.335,552.0999755859375,434.79998779296875,125.0,passive,
1.0,1951.368,1951.552,629.4000244140625,421.6000061035156,183.99999999996908,passive,
1.0,1951.956,1951.992,869.2000122070312,622.0999755859375,36.00000000005821,passive,
1.0,1952.049,1952.097,863.0,619.0999755859375,48.00000000000182,passive,
1.0,1952.151,1952.192,848.0,476.1000061035156,40.99999999993997,passive,
1.0,1952.203,1952.423,827.7999877929688,533.5,220.00000000002728,passive,
1.0,1952.434,1953.108,805.7999877929688,589.4000244140625,673.9999999999782,passive,
1.0,1953.142,1953.397,733.5999755859375,396.1000061035156,254.99999999988177,passive,
1.0,1954.363,1954.433,782.7000122070312,495.3999938964844,69.99999999993634,passive,
1.0,1954.473,1954.611,749.5,531.0999755859375,138.00000000014734,passive,
1.0,1954.634,1954.729,855.7000122070312,607.5,95.00000000002728,passive,
1.0,1955.648,1955.736,834.7000122070312,377.29998779296875,88.00000000019281,passive,
1.0,1955.754,1955.79,825.0,412.8999938964844,36.00000000005821,passive,
1.0,1955.809,1956.665,736.4000244140625,380.0,855.9999999999945,passive,
1.0,1957.188,1957.259,793.5999755859375,319.29998779296875,70.99999999991269,passive,
1.0,1957.289,1957.493,838.0999755859375,372.8999938964844,203.9999999999509,passive,
1.0,1957.513,1957.55,858.5999755859375,439.70001220703125,37.00000000003456,passive,
1.0,1958.096,1958.215,653.2000122070312,510.1000061035156,118.99999999991451,passive,
1.0,1958.245,1958.319,651.4000244140625,501.29998779296875,74.00000000006912,passive,
1.0,1958.334,1958.464,588.0,548.0999755859375,129.99999999988177,passive,
1.0,1958.471,1958.774,570.7999877929688,552.0999755859375,302.9999999998836,passive,
1.0,1959.153,1959.322,724.2000122070312,283.70001220703125,168.99999999986903,passive,
1.0,1959.341,1959.45,748.5,299.5,109.00000000015098,passive,
1.0,1959.554,1959.596,753.0,726.2000122070312,41.99999999991633,passive,
1.0,1960.729,1960.764,1025.0,398.79998779296875,34.99999999985448,passive,
1.0,1961.807,1961.869,1007.7000122070312,326.29998779296875,61.99999999989814,passive,
1.0,1961.89,1962.237,964.0,360.20001220703125,346.99999999998,passive,
1.0,1962.272,1962.331,945.5999755859375,440.1000061035156,58.99999999996908,passive,
1.0,1962.504,1962.531,992.9000244140625,855.5999755859375,27.000000000043656,passive,
1.0,1963.164,1963.377,1027.5999755859375,357.29998779296875,212.99999999996544,passive,
1.0,1963.388,1963.504,986.5999755859375,376.5,115.99999999998545,passive,
1.0,1963.786,1963.84,906.0999755859375,565.4000244140625,53.99999999985994,passive,
1.0,1963.995,1964.027,921.5,575.9000244140625,32.000000000152795,passive,
1.0,1964.431,1964.562,857.0,539.5,130.99999999985812,passive,
1.0,1966.375,1966.549,972.0999755859375,417.1000061035156,173.99999999997817,passive,
1.0,1966.594,1966.641,971.2999877929688,403.6000061035156,47.000000000025466,passive,
1.0,1966.719,1966.766,935.4000244140625,461.6000061035156,47.000000000025466,passive,
1.0,1966.781,1966.84,927.5,455.70001220703125,58.99999999996908,passive,
1.0,1966.851,1967.163,926.4000244140625,446.20001220703125,311.99999999989814,passive,
1.0,1973.299,1973.325,1011.7000122070312,431.70001220703125,26.000000000067303,passive,
1.0,1973.91,1974.171,825.9000244140625,374.70001220703125,260.99999999996726,passive,
1.0,1974.196,1974.361,737.5,519.0999755859375,165.000000000191,passive,
1.0,1974.385,1974.425,742.0,533.0,39.99999999996362,passive,
1.0,1974.444,1974.481,744.5,523.7999877929688,37.00000000003456,passive,
1.0,1975.527,1975.563,1063.300048828125,774.5999755859375,36.00000000005821,passive,
1.0,1976.094,1976.119,905.0,470.6000061035156,24.999999999863576,passive,
1.0,1976.149,1976.182,921.2999877929688,360.29998779296875,33.00000000012915,passive,
1.0,1976.252,1976.282,937.2000122070312,369.3999938964844,29.999999999972715,passive,
1.0,1976.986,1976.988,902.9000244140625,397.1000061035156,1.9999999999527063,passive,
1.0,1977.84,1978.002,852.2999877929688,348.20001220703125,162.00000000003456,,
1.0,1978.071,1978.094,821.0,477.0,23.000000000138243,,
1.0,1978.469,1979.257,809.7000122070312,587.0999755859375,788.0000000000109,constant,
1.0,1979.266,1979.341,812.0,584.4000244140625,74.9999999998181,constant,
1.0,1979.371,1979.646,765.7999877929688,548.0,274.9999999998636,constant,
1.0,1979.678,1979.974,757.5,452.1000061035156,295.99999999982174,constant,
1.0,1980.01,1980.253,774.4000244140625,608.9000244140625,242.99999999993815,constant,
1.0,1980.279,1980.448,784.0,695.2999877929688,169.0000000000964,constant,
1.0,1980.464,1980.63,782.0,761.9000244140625,166.00000000016735,constant,
1.0,1980.647,1980.938,712.2999877929688,778.7999877929688,291.00000000016735,constant,
1.0,1980.988,1981.233,388.79998779296875,644.7999877929688,244.99999999989086,constant,
1.0,1981.259,1981.631,456.5,540.0,372.00000000007094,constant,
1.0,1981.885,1981.907,818.7000122070312,397.8999938964844,21.999999999934516,constant,
1.0,1981.928,1982.117,830.2000122070312,476.0,188.99999999985084,constant,
1.0,1982.14,1982.282,762.4000244140625,532.4000244140625,141.99999999982538,constant,
1.0,1982.321,1982.545,548.0,529.2000122070312,224.00000000016007,constant,
1.0,1982.562,1982.851,486.20001220703125,555.0,289.00000000021464,constant,
1.0,1982.882,1983.338,349.3999938964844,616.9000244140625,455.9999999999036,constant,
1.0,1983.369,1983.659,284.70001220703125,733.9000244140625,290.000000000191,constant,
1.0,1983.698,1983.914,197.39999389648438,921.9000244140625,215.9999999998945,constant,
1.0,1983.931,1984.216,127.30000305175781,899.5999755859375,284.9999999998545,constant,
1.0,1984.232,1984.692,60.599998474121094,924.2999877929688,460.0000000000364,constant,
1.0,1984.728,1985.22,278.79998779296875,880.0999755859375,491.9999999999618,constant,
1.0,1985.24,1985.546,349.3999938964844,877.2999877929688,306.00000000004,constant,
1.0,1985.559,1986.058,305.20001220703125,885.5,499.00000000002365,constant,
1.0,1986.091,1986.376,511.5,917.5999755859375,285.00000000008185,constant,
1.0,1986.398,1986.741,469.5,881.2000122070312,343.0000000000746,constant,
1.0,1986.754,1986.982,412.70001220703125,890.2999877929688,228.00000000006548,constant,
1.0,1987.227,1987.45,438.79998779296875,852.4000244140625,222.99999999995634,constant,
1.0,1987.475,1988.294,460.3999938964844,975.4000244140625,819.0000000001874,constant,
1.0,1988.315,1988.762,460.3999938964844,1032.9000244140625,446.99999999988904,constant,
1.0,1988.768,1989.353,477.70001220703125,1026.5999755859375,585.0000000000364,constant,
1.0,1989.36,1989.885,478.29998779296875,1026.199951171875,525.000000000091,constant,
1.0,1990.003,1990.223,1208.5,874.9000244140625,220.00000000002728,constant,
1.0,1990.248,1990.467,1350.199951171875,898.7999877929688,219.00000000005093,constant,
1.0,1990.483,1990.697,1326.699951171875,842.2999877929688,213.9999999999418,constant,
1.0,1990.707,1990.896,1317.5,800.5,188.99999999985084,constant,
1.0,1990.936,1991.201,1291.800048828125,529.9000244140625,265.00000000010004,constant,
1.0,1991.217,1991.431,1274.9000244140625,485.29998779296875,213.9999999999418,constant,
1.0,1991.478,1991.71,1313.5,797.5,231.9999999999709,constant,
1.0,1991.722,1991.959,1327.5999755859375,770.9000244140625,237.00000000008004,constant,
1.0,1991.971,1992.291,1330.300048828125,802.7000122070312,319.99999999993634,constant,
1.0,1992.311,1992.877,1350.199951171875,856.7000122070312,566.0000000000309,constant,
1.0,1992.895,1992.988,1333.5999755859375,797.7999877929688,93.00000000007458,constant,
1.0,1993.146,1993.316,1185.0,736.2000122070312,170.00000000007276,constant,
1.0,1993.331,1993.689,1178.5,695.7000122070312,358.0000000001746,constant,
1.0,1993.699,1993.808,1143.4000244140625,703.5,108.9999999999236,constant,
1.0,1993.861,1994.514,1537.5,390.3999938964844,652.9999999997926,constant,
1.0,1994.807,1994.883,1554.199951171875,595.5,76.00000000002183,constant,
1.0,1994.927,1994.974,1539.0,602.0,47.000000000025466,constant,
1.0,1994.986,1995.196,1510.4000244140625,596.2000122070312,209.999999999809,constant,
1.0,1995.232,1995.534,1562.699951171875,866.2999877929688,302.0000000001346,constant,
1.0,1995.6,1995.888,1549.800048828125,674.4000244140625,288.0000000000109,constant,
1.0,1995.927,1996.492,1574.800048828125,885.5999755859375,565.0000000000546,constant,
1.0,1996.505,1997.057,1504.0999755859375,890.9000244140625,551.9999999999072,constant,
1.0,1997.07,1997.522,1537.9000244140625,890.7000122070312,451.9999999999982,constant,
1.0,1997.574,1997.838,1245.4000244140625,939.7000122070312,263.9999999998963,constant,
1.0,1997.855,1998.238,1195.0,1010.2999877929688,383.0000000000382,constant,
1.0,1998.259,1998.394,1262.300048828125,1026.4000244140625,134.9999999999909,constant,
1.0,1998.431,1998.856,1026.5999755859375,903.2000122070312,424.9999999999545,constant,
1.0,1998.864,1999.161,1056.0,906.0,297.00000000002547,constant,
1.0,1999.205,1999.293,703.4000244140625,939.5999755859375,87.99999999996544,constant,
1.0,1999.349,1999.541,791.5,532.2000122070312,192.00000000000728,constant,
1.0,1999.564,1999.691,750.0,462.79998779296875,126.9999999999527,constant,
1.0,1999.712,2000.014,816.2000122070312,510.8999938964844,301.99999999990723,constant,
1.0,2000.067,2000.341,420.0,596.9000244140625,273.9999999998872,constant,
1.0,2000.363,2000.533,480.0,526.2999877929688,169.9999999998454,constant,
1.0,2000.765,2000.883,406.1000061035156,553.5999755859375,117.99999999993815,constant,
1.0,2000.902,2001.214,357.5,601.0,311.99999999989814,constant,
1.0,2001.248,2001.618,219.1999969482422,571.7999877929688,369.99999999989086,constant,
1.0,2001.66,2002.09,474.70001220703125,516.4000244140625,429.9999999998363,constant,
1.0,2002.156,2002.528,244.39999389648438,893.5999755859375,372.00000000007094,constant,
1.0,2002.546,2002.806,310.6000061035156,882.2000122070312,259.9999999999909,constant,
1.0,2002.822,2003.105,237.3000030517578,882.9000244140625,283.00000000012915,constant,
1.0,2003.116,2003.532,212.3000030517578,893.0999755859375,415.99999999994,constant,
1.0,2003.553,2003.922,124.9000015258789,903.7000122070312,368.9999999999145,constant,
1.0,2003.933,2004.252,83.30000305175781,908.7000122070312,318.99999999996,constant,
1.0,2004.26,2004.672,111.69999694824219,916.0999755859375,412.00000000003456,constant,
1.0,2004.698,2005.04,245.8000030517578,819.0999755859375,341.99999999987085,constant,
1.0,2005.071,2005.275,415.6000061035156,753.2999877929688,204.00000000017826,constant,
1.0,2005.482,2005.696,417.20001220703125,513.4000244140625,213.9999999999418,constant,
1.0,2005.712,2006.001,477.20001220703125,542.2999877929688,288.99999999998727,constant,
1.0,2006.025,2006.232,348.79998779296875,611.0999755859375,206.99999999987995,constant,
1.0,2006.241,2006.423,324.8999938964844,614.7999877929688,182.00000000001637,constant,
1.0,2006.457,2006.816,197.10000610351562,695.2000122070312,358.9999999999236,constant,
1.0,2006.824,2006.986,182.10000610351562,697.7000122070312,162.00000000003456,constant,
1.0,2007.028,2007.242,479.3999938964844,672.0999755859375,213.9999999999418,constant,
1.0,2007.287,2007.483,504.70001220703125,929.7999877929688,195.9999999999127,constant,
1.0,2007.502,2008.016,474.0,878.0999755859375,514.0000000001237,constant,
1.0,2008.027,2008.428,408.0,879.7999877929688,401.0000000000673,constant,
1.0,2008.444,2008.68,452.29998779296875,920.7000122070312,236.00000000010368,constant,
1.0,2008.693,2009.245,505.6000061035156,919.4000244140625,551.9999999999072,constant,
1.0,2009.259,2009.515,471.29998779296875,921.4000244140625,256.0000000000855,constant,
1.0,2009.551,2009.816,701.2999877929688,923.5999755859375,265.00000000010004,constant,
1.0,2009.832,2010.213,649.7000122070312,931.7999877929688,380.9999999998581,constant,
1.0,2010.25,2010.551,886.5,922.5999755859375,300.9999999999309,constant,
1.0,2010.585,2010.863,709.9000244140625,788.0,278.00000000002,constant,
1.0,2010.899,2011.071,866.5,903.9000244140625,172.00000000002547,constant,
1.0,2011.082,2011.447,834.2000122070312,919.4000244140625,364.9999999997817,constant,
1.0,2011.459,2011.671,878.7000122070312,916.0,211.9999999999891,constant,
1.0,2011.697,2012.014,1032.0999755859375,899.7999877929688,317.0000000000073,constant,
1.0,2012.022,2012.286,1059.0999755859375,906.9000244140625,264.0000000001237,constant,
1.0,2012.572,2012.595,971.7000122070312,359.20001220703125,23.000000000138243,constant,
1.0,2012.631,2012.948,971.0,427.70001220703125,317.0000000000073,constant,
1.0,2012.986,2013.206,789.0,474.1000061035156,219.9999999997999,constant,
1.0,2013.274,2013.548,330.3999938964844,754.4000244140625,274.0000000001146,constant,
1.0,2013.582,2013.808,198.89999389648438,964.0,225.9999999998854,constant,
1.0,2013.817,2014.072,193.89999389648438,934.9000244140625,254.99999999988177,constant,
1.0,2014.103,2014.584,356.29998779296875,1020.5999755859375,480.99999999999454,constant,
1.0,2014.613,2014.826,530.5999755859375,1024.4000244140625,212.99999999996544,constant,
1.0,2014.838,2015.603,469.1000061035156,1043.5,765.0000000001,constant,
1.0,2015.675,2015.956,1183.4000244140625,1008.7999877929688,280.99999999994907,constant,
1.0,2015.972,2016.286,1243.5999755859375,1028.5999755859375,314.0000000000782,constant,
1.0,2016.367,2016.56,1341.800048828125,854.7000122070312,192.99999999998363,constant,
1.0,2016.577,2016.85,1319.699951171875,796.7999877929688,272.99999999991087,constant,
1.0,2016.874,2017.052,1278.199951171875,713.2999877929688,177.99999999988358,constant,
1.0,2017.093,2017.712,1030.5,893.7999877929688,618.9999999999145,constant,
1.0,2017.985,2018.029,1532.0,391.8999938964844,44.000000000096406,constant,
1.0,2018.072,2018.409,1524.0999755859375,429.79998779296875,337.00000000021646,constant,
1.0,2018.713,2018.998,800.5999755859375,514.2000122070312,285.00000000008185,constant,
1.0,2019.044,2019.386,442.70001220703125,661.7000122070312,341.99999999987085,constant,
1.0,2019.447,2019.935,952.0999755859375,671.2000122070312,488.0000000000564,constant,
1.0,2019.972,2020.422,1059.5999755859375,726.0,450.0000000000455,constant,
1.0,2020.459,2020.62,1178.300048828125,508.1000061035156,160.99999999983083,constant,
1.0,2020.884,2020.921,912.9000244140625,392.70001220703125,37.00000000003456,constant,
1.0,2020.935,2021.079,909.2999877929688,446.20001220703125,144.00000000000546,constant,
1.0,2021.106,2021.483,765.0999755859375,471.29998779296875,376.9999999999527,constant,
1.0,2021.565,2021.9,1269.9000244140625,563.4000244140625,335.0000000000364,constant,
1.0,2021.947,2022.726,1251.9000244140625,779.2000122070312,779.0000000002237,constant,
1.0,2022.801,2022.826,1260.0,721.5,25.00000000009095,constant,
1.0,2022.854,2022.95,1101.5,699.5999755859375,96.00000000000364,constant,
1.0,2023.356,2023.568,1070.9000244140625,476.3999938964844,211.9999999999891,constant,
1.0,2023.6,2024.009,1259.4000244140625,479.29998779296875,409.0000000001055,constant,
1.0,2024.042,2024.207,1123.9000244140625,473.5,165.000000000191,constant,
1.0,2024.286,2024.519,428.5,596.5,232.99999999994725,constant,
1.0,2024.535,2024.781,377.3999938964844,598.4000244140625,245.9999999998672,constant,
1.0,2024.803,2025.32,277.70001220703125,642.0,516.9999999998254,constant,
1.0,2025.365,2025.604,531.0,809.7000122070312,239.00000000003274,constant,
1.0,2025.621,2025.857,483.5,780.2999877929688,235.9999999998763,constant,
1.0,2026.251,2026.318,469.6000061035156,427.70001220703125,67.00000000000728,constant,
1.0,2026.328,2026.394,462.1000061035156,476.29998779296875,66.00000000003092,constant,
1.0,2026.408,2026.656,508.3999938964844,500.1000061035156,248.0000000000473,constant,
1.0,2026.704,2028.352,742.7999877929688,268.70001220703125,1648.0000000001382,constant,
1.0,2028.36,2028.405,745.7000122070312,256.20001220703125,45.00000000007276,constant,
1.0,2029.265,2029.626,913.5,287.70001220703125,360.9999999998763,constant,
1.0,2029.665,2029.895,731.5999755859375,367.1000061035156,230.0000000000182,constant,
1.0,2029.947,2030.167,318.3999938964844,479.1000061035156,220.00000000002728,constant,
1.0,2030.853,2030.912,637.0,299.1000061035156,58.99999999996908,constant,
1.0,2030.936,2031.669,742.0,266.6000061035156,733.0000000001746,constant,
1.0,2031.696,2031.896,551.9000244140625,417.20001220703125,200.00000000004547,constant,
1.0,2031.909,2032.236,468.8999938964844,452.3999938964844,326.9999999999982,constant,
1.0,2032.252,2032.498,431.5,500.0,246.0000000000946,constant,
1.0,2032.519,2032.81,493.5,528.4000244140625,290.99999999994,constant,
1.0,2032.851,2033.495,552.7000122070312,761.7000122070312,643.9999999997781,constant,
1.0,2033.525,2033.964,683.5,748.9000244140625,438.99999999985084,constant,
1.0,2034.38,2034.529,806.2999877929688,528.5,148.99999999988722,constant,
1.0,2034.577,2034.765,422.1000061035156,682.5999755859375,188.00000000010186,constant,
1.0,2034.792,2035.31,479.0,543.9000244140625,518.0000000000291,constant,
1.0,2035.334,2035.727,358.8999938964844,472.6000061035156,393.0000000000291,constant,
1.0,2035.754,2036.303,510.79998779296875,517.2999877929688,549.0000000002055,constant,
1.0,2036.351,2036.56,747.9000244140625,289.3999938964844,208.99999999983265,constant,
1.0,2036.572,2036.934,738.0999755859375,272.6000061035156,362.00000000008004,constant,
1.0,2037.518,2037.536,1652.5999755859375,491.5,18.000000000029104,constant,
1.0,2037.579,2037.649,1547.5999755859375,298.6000061035156,69.99999999993634,constant,
1.0,2037.697,2038.039,1547.699951171875,304.20001220703125,342.0000000000982,constant,
1.0,2038.091,2038.239,1105.199951171875,545.2999877929688,148.00000000013824,constant,
1.0,2038.264,2038.458,1222.9000244140625,501.6000061035156,194.00000000018736,constant,
1.0,2038.477,2038.799,1266.699951171875,451.20001220703125,321.99999999988904,constant,
1.0,2038.851,2039.062,1195.4000244140625,799.7000122070312,210.99999999978536,constant,
1.0,2039.252,2039.307,1198.0,795.4000244140625,55.000000000063665,constant,
1.0,2039.368,2039.412,1196.5999755859375,632.5,44.000000000096406,constant,
1.0,2039.418,2039.918,1172.5999755859375,690.2000122070312,500.0,constant,
1.0,2039.955,2040.061,1218.5999755859375,843.0,105.99999999999454,constant,
1.0,2040.077,2040.123,1227.300048828125,777.2000122070312,46.00000000004911,constant,
1.0,2044.165,2044.192,489.0,808.9000244140625,27.000000000043656,constant,
1.0,2044.213,2044.287,495.79998779296875,792.5,74.00000000006912,constant,
1.0,2047.195,2047.223,832.0,520.0999755859375,28.00000000002001,constant,
1.0,2047.245,2047.611,804.5,526.2000122070312,366.0000000002128,constant,
1.0,2047.62,2047.705,794.0999755859375,557.9000244140625,85.00000000003638,constant,
1.0,2047.76,2047.924,825.4000244140625,830.7999877929688,163.99999999998727,constant,
1.0,2048.352,2048.374,1295.699951171875,851.5999755859375,21.999999999934516,constant,
1.0,2048.706,2049.017,757.2999877929688,888.5999755859375,310.9999999996944,constant,
1.0,2049.06,2049.275,427.79998779296875,969.9000244140625,215.00000000014552,constant,
1.0,2049.328,2049.707,854.5999755859375,879.9000244140625,378.9999999999054,constant,
1.0,2049.717,2050.047,891.2000122070312,871.4000244140625,329.99999999992724,constant,
1.0,2050.338,2050.36,919.7000122070312,303.6000061035156,21.999999999934516,constant,
1.0,2050.379,2051.002,905.4000244140625,364.79998779296875,623.0000000000473,constant,
1.0,2051.034,2051.278,1075.0999755859375,432.1000061035156,243.99999999968713,constant,
1.0,2051.317,2051.522,1186.0,575.2999877929688,204.99999999992724,constant,
1.0,2051.557,2051.926,1320.4000244140625,704.0,369.0000000001419,constant,
1.0,2051.946,2052.092,1276.300048828125,776.7000122070312,146.00000000018554,constant,
1.0,2052.155,2052.4,925.0999755859375,420.79998779296875,244.99999999989086,constant,
1.0,2052.46,2052.779,1314.699951171875,768.7999877929688,318.99999999996,constant,
1.0,2053.099,2053.364,221.6999969482422,306.29998779296875,264.99999999987267,constant,
1.0,2053.411,2053.646,102.5999984741211,689.7000122070312,235.00000000012733,constant,
1.0,2053.677,2053.838,217.5,828.7999877929688,161.0000000000582,constant,
1.0,2053.87,2054.488,78.80000305175781,772.0999755859375,617.9999999999382,constant,
1.0,2054.513,2054.791,204.1999969482422,832.5,278.0000000002474,constant,
1.0,2054.832,2055.126,450.5,874.9000244140625,294.0000000003238,constant,
1.0,2055.155,2055.388,303.29998779296875,961.0999755859375,232.99999999971988,constant,
1.0,2055.395,2055.569,330.0,938.2000122070312,173.99999999997817,constant,
1.0,2055.622,2055.919,575.7999877929688,543.2999877929688,297.00000000002547,constant,
1.0,2055.941,2056.226,609.7999877929688,617.9000244140625,285.0000000003092,constant,
1.0,2056.236,2056.501,577.2999877929688,613.0999755859375,265.0000000003274,constant,
1.0,2056.511,2056.639,535.7000122070312,592.7999877929688,128.00000000015643,constant,
1.0,2056.981,2057.023,301.3999938964844,223.3000030517578,41.99999999991633,constant,
1.0,2057.03,2057.163,288.70001220703125,281.79998779296875,132.99999999981083,constant,
1.0,2057.186,2057.28,429.70001220703125,286.70001220703125,94.00000000005093,constant,
1.0,2058.962,2059.17,728.0999755859375,85.69999694824219,208.00000000008367,constant,
1.0,2063.269,2063.491,866.4000244140625,443.3999938964844,222.00000000020736,constant,
1.0,2063.51,2063.698,912.2999877929688,452.1000061035156,187.99999999964712,constant,
1.0,2063.75,2064.134,740.4000244140625,701.7999877929688,384.00000000001455,constant,
1.0,2064.162,2064.637,709.0999755859375,875.2000122070312,475.0000000003638,constant,
1.0,2064.669,2066.007,516.0,895.0999755859375,1338.0000000001928,constant,
1.0,2066.066,2066.337,836.9000244140625,888.2999877929688,271.00000000018554,constant,
1.0,2066.354,2067.176,863.0,882.0,822.0000000001164,constant,
1.0,2067.572,2067.847,769.4000244140625,733.2000122070312,275.00000000009095,constant,
1.0,2067.872,2068.287,836.2999877929688,823.2000122070312,414.9999999999636,constant,
1.0,2068.298,2069.069,794.5,848.9000244140625,771.0000000001855,constant,
1.0,2069.115,2069.366,481.1000061035156,890.0999755859375,251.00000000020373,constant,
1.0,2069.407,2069.873,300.79998779296875,902.4000244140625,465.9999999998945,constant,
1.0,2069.923,2070.143,698.5999755859375,872.0999755859375,220.00000000025466,constant,
1.0,2070.171,2071.15,850.7000122070312,870.0999755859375,979.0000000002692,constant,
1.0,2071.168,2071.346,944.0,872.9000244140625,177.99999999988358,constant,
1.0,2071.773,2071.976,719.4000244140625,829.7000122070312,202.99999999997453,constant,
1.0,2072.01,2073.58,525.4000244140625,858.9000244140625,1569.999999999709,constant,
1.0,2073.612,2074.019,329.79998779296875,913.4000244140625,406.99999999969805,constant,
1.0,2074.044,2074.44,469.8999938964844,889.5,396.00000000018554,constant,
1.0,2074.492,2074.642,726.2000122070312,873.2999877929688,149.9999999996362,constant,
1.0,2074.977,2075.201,750.0,839.7000122070312,224.00000000016007,constant,
1.0,2075.259,2075.613,389.0,881.9000244140625,353.99999999981446,constant,
1.0,2075.675,2075.908,1016.5999755859375,798.7999877929688,232.99999999971988,constant,
1.0,2075.969,2076.156,1369.699951171875,717.5,186.99999999989814,constant,
1.0,2076.166,2076.628,1350.800048828125,686.2999877929688,461.9999999999891,constant,
1.0,2076.936,2077.035,456.6000061035156,743.5,98.99999999970532,constant,
1.0,2077.078,2077.313,222.8000030517578,804.7000122070312,235.00000000012733,constant,
1.0,2077.362,2077.627,695.7999877929688,810.5,264.99999999987267,constant,
1.0,2077.652,2078.609,609.4000244140625,823.9000244140625,956.99999999988,constant,
1.0,2078.645,2078.936,408.8999938964844,889.5999755859375,291.00000000016735,constant,
1.0,2078.948,2079.225,354.8999938964844,875.0999755859375,277.00000000004366,constant,
1.0,2079.761,2079.961,898.2999877929688,743.0,199.9999999998181,constant,
1.0,2080.225,2080.297,888.7999877929688,793.2000122070312,72.00000000011642,constant,
1.0,2080.41,2080.443,886.5,802.2000122070312,33.00000000035652,constant,
1.0,2080.46,2080.51,883.2999877929688,808.0,50.0000000001819,constant,
1.0,2082.04,2082.246,1143.300048828125,894.0999755859375,206.00000000013097,constant,
1.0,2082.266,2082.446,1214.300048828125,905.4000244140625,179.9999999998363,constant,
1.0,2082.461,2082.838,1167.4000244140625,870.0999755859375,377.00000000040745,constant,
1.0,2083.752,2084.12,607.2999877929688,853.4000244140625,367.99999999993815,constant,
1.0,2084.136,2084.889,559.0,826.0999755859375,753.0000000001564,constant,
1.0,2084.972,2085.008,871.7000122070312,835.5,35.99999999960346,constant,
1.0,2085.532,2085.641,869.9000244140625,829.7000122070312,108.9999999999236,constant,
1.0,2085.688,2086.024,996.7000122070312,636.7000122070312,335.99999999978536,constant,
1.0,2086.055,2086.192,837.5999755859375,728.5,137.00000000017099,constant,
1.0,2086.212,2086.375,865.5,662.5999755859375,163.0000000000109,constant,
1.0,2086.393,2086.744,881.4000244140625,599.0,351.0000000001128,constant,
1.0,2086.751,2087.145,889.0999755859375,569.7000122070312,393.9999999997781,constant,
1.0,2087.812,2087.924,1080.800048828125,245.89999389648438,112.00000000008004,constant,
1.0,2087.963,2088.505,919.0999755859375,326.70001220703125,541.9999999999163,constant,
1.0,2088.564,2088.857,526.2000122070312,449.79998779296875,293.00000000012005,constant,
1.0,2088.918,2089.262,626.5,788.0,344.00000000005093,constant,
1.0,2089.284,2089.642,683.5999755859375,791.9000244140625,357.9999999997199,constant,
1.0,2089.663,2089.791,677.2000122070312,790.0,128.00000000015643,constant,
1.0,2089.856,2089.91,674.2999877929688,790.2000122070312,53.999999999632564,constant,
1.0,2089.926,2090.226,606.0999755859375,818.2000122070312,300.0000000001819,constant,
1.0,2091.247,2091.31,1381.4000244140625,523.2999877929688,63.00000000010186,constant,
1.0,2091.372,2091.49,1390.0,508.8999938964844,117.99999999993815,constant,
1.0,2091.554,2091.58,1399.5999755859375,519.4000244140625,25.99999999983993,constant,
1.0,2091.949,2091.97,1089.5,594.5,20.99999999973079,constant,
1.0,2092.039,2092.088,1077.4000244140625,595.9000244140625,48.99999999997817,constant,
1.0,2092.105,2092.148,1079.699951171875,589.5,43.00000000012005,constant,
1.0,2092.194,2092.226,1082.9000244140625,592.2999877929688,32.000000000152795,constant,
1.0,2092.25,2092.276,1090.300048828125,583.9000244140625,25.99999999983993,constant,
1.0,2092.343,2092.382,1093.0999755859375,568.7999877929688,39.00000000021464,constant,
1.0,2092.39,2092.463,1087.800048828125,579.0999755859375,73.00000000032014,constant,
1.0,2092.779,2092.815,1073.5,571.7000122070312,36.00000000005821,constant,
1.0,2092.932,2092.968,1030.5,572.7999877929688,36.00000000005821,constant,
1.0,2093.013,2093.05,1034.9000244140625,559.0,37.000000000261934,constant,
1.0,2094.323,2094.498,899.2999877929688,520.2000122070312,175.0000000001819,constant,
1.0,2094.548,2094.679,957.7000122070312,520.5999755859375,131.00000000031287,constant,
1.0,2094.701,2094.841,906.0999755859375,443.1000061035156,139.99999999987267,constant,
1.0,2094.864,2095.073,921.7000122070312,355.79998779296875,208.99999999983265,constant,
1.0,2095.083,2095.283,896.4000244140625,346.0,199.9999999998181,constant,
1.0,2095.872,2095.952,1164.0999755859375,278.0,80.00000000038199,constant,
1.0,2095.99,2096.128,1392.5999755859375,299.70001220703125,138.0000000003747,constant,
1.0,2096.183,2096.463,1401.5999755859375,353.0,280.0000000002001,constant,
1.0,2096.514,2097.154,921.7000122070312,368.70001220703125,639.9999999998727,constant,
1.0,2097.163,2097.296,838.7000122070312,473.5,132.99999999981083,,
1.0,2097.336,2097.925,811.7000122070312,608.7999877929688,589.0000000003965,,
1.0,2097.936,2097.967,802.0,595.5,30.99999999994907,constant,
1.0,2098.096,2098.413,302.70001220703125,796.5,317.0000000000073,constant,
1.0,2098.423,2098.473,297.8999938964844,793.5999755859375,50.0000000001819,constant,
1.0,2098.491,2098.798,302.5,790.2999877929688,306.999999999789,constant,
1.0,2098.851,2099.179,778.2999877929688,609.7999877929688,327.99999999997453,constant,
1.0,2099.219,2099.425,979.7000122070312,644.0,206.00000000013097,constant,
1.0,2099.47,2099.682,1208.9000244140625,715.4000244140625,211.9999999999891,constant,
1.0,2099.748,2099.955,1293.199951171875,369.29998779296875,206.99999999987995,constant,
1.0,2100.0,2100.158,941.4000244140625,432.70001220703125,157.99999999990177,constant,
1.0,2100.357,2100.63,392.8999938964844,423.5,273.00000000013824,constant,
1.0,2100.672,2100.892,227.39999389648438,539.2000122070312,219.9999999997999,constant,
1.0,2100.951,2101.24,767.0,687.2000122070312,288.9999999997599,constant,
1.0,2101.28,2101.616,951.9000244140625,798.5,335.99999999978536,constant,
1.0,2101.649,2102.185,893.5999755859375,969.2000122070312,536.0000000000582,constant,
1.0,2102.224,2102.447,1193.199951171875,966.5,222.99999999995634,constant,
1.0,2102.513,2102.725,1408.5999755859375,956.5999755859375,211.9999999999891,constant,
1.0,2102.759,2102.785,1416.4000244140625,626.5,25.99999999983993,constant,
1.0,2102.804,2102.871,1414.0999755859375,694.2000122070312,67.00000000000728,constant,
1.0,2103.144,2103.173,987.7000122070312,449.5,28.999999999996362,constant,
1.0,2103.185,2103.603,984.2999877929688,510.0,418.00000000012005,constant,
1.0,2103.659,2103.989,761.9000244140625,759.2999877929688,329.99999999992724,constant,
1.0,2104.034,2104.751,560.2000122070312,923.7000122070312,717.0000000000982,constant,
1.0,2104.783,2105.043,694.0,862.0999755859375,260.0000000002183,constant,
1.0,2105.096,2105.258,789.0,654.5999755859375,161.9999999998072,constant,
1.0,2105.53,2105.579,792.5999755859375,459.8999938964844,48.99999999997817,constant,
1.0,2105.603,2105.85,786.0,538.9000244140625,246.99999999984357,constant,
1.0,2105.901,2106.215,1017.0999755859375,446.8999938964844,314.0000000003056,constant,
1.0,2106.255,2106.535,785.5,306.70001220703125,279.99999999974534,constant,
1.0,2106.557,2106.93,691.5999755859375,327.5,373.0000000000473,constant,
1.0,2106.95,2107.156,633.4000244140625,377.1000061035156,206.00000000013097,constant,
1.0,2107.181,2107.587,672.9000244140625,497.79998779296875,405.99999999994907,constant,
1.0,2107.638,2107.779,1044.5,441.6000061035156,141.0000000000764,constant,
1.0,2108.088,2108.117,1106.699951171875,298.70001220703125,28.999999999996362,constant,
1.0,2108.135,2108.155,1108.9000244140625,312.1000061035156,19.99999999998181,constant,
1.0,2108.172,2108.31,1101.0999755859375,357.70001220703125,137.99999999991996,constant,
1.0,2108.334,2108.888,990.5999755859375,386.79998779296875,554.0000000000873,constant,
1.0,2108.91,2109.217,1062.699951171875,349.0,307.00000000024374,constant,
1.0,2109.252,2109.77,983.0,485.8999938964844,518.0000000000291,constant,
1.0,2109.81,2110.491,985.5999755859375,649.0,681.00000000004,constant,
1.0,2110.521,2110.807,819.4000244140625,675.7000122070312,285.99999999960346,constant,
1.0,2111.167,2111.238,784.9000244140625,501.79998779296875,70.99999999991269,constant,
1.0,2111.289,2111.352,789.2999877929688,527.4000244140625,62.999999999647116,constant,
1.0,2111.375,2111.64,778.5,565.2999877929688,264.99999999987267,constant,
1.0,2111.692,2112.245,549.9000244140625,803.5999755859375,552.9999999998836,constant,
1.0,2112.271,2112.559,424.70001220703125,863.0999755859375,288.0000000000109,constant,
1.0,2112.584,2112.86,329.3999938964844,844.0,276.0000000002947,constant,
1.0,2112.871,2113.133,264.79998779296875,842.7999877929688,261.99999999971624,constant,
1.0,2113.167,2114.731,417.3999938964844,813.2999877929688,1564.0000000003056,constant,
1.0,2115.177,2115.207,1217.9000244140625,637.5999755859375,29.99999999974534,constant,
1.0,2115.225,2115.443,1209.9000244140625,703.7999877929688,218.00000000030195,constant,
1.0,2115.476,2115.653,1334.199951171875,725.7999877929688,176.99999999967986,constant,
1.0,2115.672,2115.904,1248.800048828125,748.7000122070312,231.9999999999709,constant,
1.0,2115.947,2116.218,962.4000244140625,683.0,270.9999999997308,constant,
1.0,2116.249,2116.523,889.5999755859375,863.9000244140625,274.00000000034197,constant,
1.0,2116.548,2116.736,905.2000122070312,974.2000122070312,188.00000000010186,constant,
1.0,2116.761,2116.929,1014.0999755859375,1007.0999755859375,168.00000000012005,constant,
1.0,2116.967,2117.262,1196.199951171875,841.0999755859375,295.00000000007276,constant,
1.0,2117.293,2117.849,1045.199951171875,944.7000122070312,556.00000000004,constant,
1.0,2117.869,2118.246,1032.699951171875,795.2999877929688,376.9999999999527,constant,
1.0,2118.26,2118.43,1089.699951171875,802.5,169.999999999618,constant,
1.0,2118.458,2118.716,1121.0,635.5,257.9999999998108,constant,
1.0,2118.74,2118.979,1127.5999755859375,554.0999755859375,239.00000000003274,constant,
1.0,2118.989,2119.458,1094.0,581.9000244140625,469.00000000005093,constant,
1.0,2119.471,2119.585,1156.300048828125,608.4000244140625,114.00000000003274,constant,
1.0,2119.627,2119.823,1401.4000244140625,622.4000244140625,195.9999999999127,constant,
1.0,2119.833,2120.141,1460.0999755859375,603.5,307.9999999999927,constant,
1.0,2120.209,2120.361,941.5999755859375,546.7999877929688,152.00000000004366,constant,
1.0,2120.386,2120.5,842.7000122070312,523.0,114.00000000003274,constant,
1.0,2120.788,2120.912,348.6000061035156,465.5,123.99999999979627,constant,
1.0,2120.938,2121.086,259.29998779296875,501.5,147.9999999996835,constant,
1.0,2121.129,2121.424,104.0999984741211,672.9000244140625,295.00000000007276,constant,
1.0,2121.474,2121.931,456.5,827.0999755859375,456.99999999987995,constant,
1.0,2121.96,2122.187,374.70001220703125,934.0999755859375,226.99999999986176,constant,
1.0,2122.236,2123.047,877.2999877929688,930.5,811.0000000001492,constant,
1.0,2123.278,2123.344,902.2999877929688,809.7000122070312,66.0000000002583,constant,
1.0,2123.366,2123.412,902.2000122070312,813.0,45.99999999982174,constant,
1.0,2124.104,2124.195,1076.0,578.4000244140625,91.00000000034925,constant,
1.0,2124.266,2125.167,1050.300048828125,642.2000122070312,900.9999999998399,constant,
1.0,2125.2,2125.473,1054.699951171875,630.2000122070312,273.00000000013824,constant,
1.0,2125.562,2125.691,959.7000122070312,838.0,128.9999999999054,constant,
1.0,2125.699,2125.761,967.2000122070312,818.7000122070312,61.99999999989814,constant,
1.0,2125.779,2125.835,972.9000244140625,811.7000122070312,56.00000000004002,constant,
1.0,2125.841,2125.877,976.9000244140625,820.5999755859375,36.00000000005821,constant,
1.0,2125.963,2126.073,809.9000244140625,655.7999877929688,109.99999999967258,constant,
1.0,2126.344,2126.37,734.2000122070312,478.70001220703125,25.99999999983993,constant,
1.0,2126.382,2126.855,736.7000122070312,554.0999755859375,472.99999999995634,constant,
1.0,2126.904,2127.169,931.0,428.5,264.99999999987267,constant,
1.0,2127.201,2127.555,1076.199951171875,442.1000061035156,353.99999999981446,constant,
1.0,2127.569,2127.846,1034.300048828125,412.6000061035156,277.00000000004366,constant,
1.0,2127.912,2128.136,451.1000061035156,434.70001220703125,224.00000000016007,constant,
1.0,2128.179,2128.496,192.10000610351562,493.6000061035156,317.0000000000073,constant,
1.0,2128.554,2128.848,172.5,771.0,293.99999999986903,constant,
1.0,2128.87,2129.063,196.8000030517578,850.0999755859375,193.000000000211,constant,
1.0,2129.111,2129.277,544.0,828.5,166.00000000016735,constant,
1.0,2129.301,2131.563,437.3999938964844,815.9000244140625,2262.000000000171,constant,
1.0,2131.621,2132.127,1013.9000244140625,761.7999877929688,505.9999999998581,constant,
1.0,2132.385,2133.017,400.6000061035156,837.2999877929688,631.9999999996071,constant,
1.0,2133.043,2133.615,507.70001220703125,937.5,571.9999999996617,constant,
1.0,2133.653,2134.144,562.4000244140625,1213.300048828125,490.99999999998545,constant,
1.0,2134.161,2134.811,536.5999755859375,1267.4000244140625,650.000000000091,constant,
1.0,2134.841,2134.863,565.7000122070312,1222.0999755859375,21.999999999934516,constant,
1.0,2135.183,2135.209,602.7999877929688,1124.0999755859375,25.99999999983993,constant,
1.0,2135.588,2135.892,502.5,768.4000244140625,303.99999999963256,constant,
1.0,2135.96,2136.237,1131.300048828125,684.2000122070312,277.00000000004366,constant,
1.0,2136.263,2136.632,1258.300048828125,657.5999755859375,369.0000000001419,constant,
1.0,2136.667,2136.973,1252.300048828125,467.5,306.00000000004,constant,
1.0,2137.03,2137.742,773.9000244140625,426.20001220703125,711.9999999999891,constant,
1.0,2137.762,2138.184,674.2999877929688,430.6000061035156,422.00000000002547,constant,
1.0,2138.196,2138.462,681.4000244140625,405.20001220703125,266.0000000000764,constant,
1.0,2138.477,2139.081,707.0,439.20001220703125,604.0000000002692,constant,
1.0,2139.094,2139.168,647.0,445.5,74.00000000006912,constant,
1.0,2139.439,2139.859,659.2000122070312,408.6000061035156,420.00000000007276,constant,
1.0,2139.875,2140.65,696.5999755859375,418.1000061035156,775.000000000091,constant,
1.0,2140.966,2140.995,1160.5,373.29998779296875,28.999999999996362,constant,
1.0,2141.011,2141.061,1156.4000244140625,408.1000061035156,50.0000000001819,constant,
1.0,2141.114,2141.32,1010.4000244140625,460.29998779296875,206.00000000013097,constant,
1.0,2141.343,2141.544,1090.9000244140625,419.5,201.00000000002183,constant,
1.0,2141.561,2142.262,1011.5999755859375,377.3999938964844,701.0000000000218,constant,
1.0,2142.312,2142.565,1408.300048828125,365.79998779296875,253.00000000015643,constant,
1.0,2142.589,2142.875,1499.0999755859375,420.0,286.0000000000582,constant,
1.0,2142.892,2143.06,1438.5999755859375,404.29998779296875,168.00000000012005,constant,
1.0,2143.109,2143.648,1491.5,685.7999877929688,539.0000000002146,constant,
1.0,2143.762,2143.918,481.20001220703125,412.70001220703125,155.99999999994907,constant,
1.0,2143.965,2144.152,275.70001220703125,400.20001220703125,186.99999999989814,constant,
1.0,2144.172,2144.353,167.39999389648438,461.1000061035156,181.00000000004002,constant,
1.0,2144.408,2144.635,385.5,860.0999755859375,227.0000000003165,constant,
1.0,2144.649,2145.06,422.5,834.2000122070312,411.0000000000582,constant,
1.0,2145.099,2145.752,193.3000030517578,929.2999877929688,652.9999999997926,constant,
1.0,2145.776,2146.12,298.1000061035156,973.7999877929688,344.00000000005093,constant,
1.0,2147.586,2147.728,603.7000122070312,844.0999755859375,142.00000000028012,constant,
1.0,2147.743,2148.599,611.0,859.9000244140625,856.0000000002219,constant,
1.0,2148.623,2148.803,473.0,811.9000244140625,179.9999999998363,constant,
1.0,2148.816,2149.595,435.0,765.7999877929688,778.9999999999964,constant,
1.0,2150.037,2150.153,1102.0999755859375,446.0,115.99999999998545,constant,
1.0,2150.165,2150.239,1098.800048828125,487.79998779296875,74.00000000006912,constant,
1.0,2150.276,2150.483,940.0999755859375,438.29998779296875,207.0000000003347,constant,
1.0,2150.528,2150.878,513.0,460.0,350.0000000003638,constant,
1.0,2150.898,2151.393,458.70001220703125,508.29998779296875,494.99999999989086,constant,
1.0,2151.425,2151.655,665.4000244140625,563.2999877929688,230.0000000000182,constant,
1.0,2151.669,2152.03,674.2000122070312,530.7999877929688,361.00000000033106,constant,
1.0,2152.365,2152.411,1162.699951171875,427.20001220703125,46.000000000276486,constant,
1.0,2152.429,2152.781,1163.0999755859375,459.8999938964844,351.99999999986176,constant,
1.0,2152.817,2153.423,1026.0,464.1000061035156,605.9999999997672,constant,
1.0,2153.467,2153.693,918.0,647.4000244140625,226.00000000011278,constant,
1.0,2153.749,2154.164,1372.199951171875,699.5999755859375,415.00000000041837,constant,
1.0,2154.464,2154.529,846.4000244140625,613.7999877929688,65.00000000005457,constant,
1.0,2154.541,2155.086,839.5,667.2999877929688,544.999999999618,constant,
1.0,2155.1,2155.163,833.4000244140625,665.2999877929688,63.00000000010186,constant,
1.0,2155.205,2155.526,677.5,836.9000244140625,320.9999999999127,constant,
1.0,2155.55,2155.878,632.4000244140625,933.5999755859375,327.99999999997453,constant,
1.0,2156.101,2156.174,994.2999877929688,832.5,72.9999999998654,constant,
1.0,2157.166,2157.363,548.2999877929688,810.5,196.99999999966167,constant,
1.0,2157.386,2157.827,437.0,832.4000244140625,441.0000000002583,constant,
1.0,2157.865,2158.204,198.8000030517578,900.5,339.00000000039654,constant,
1.0,2158.919,2159.153,1496.5999755859375,499.29998779296875,233.9999999999236,constant,
1.0,2159.182,2159.54,1610.4000244140625,590.0999755859375,358.0000000001746,constant,
1.0,2159.579,2159.936,1523.4000244140625,792.2999877929688,356.9999999999709,constant,
1.0,2159.995,2160.558,858.4000244140625,774.0,563.0000000001019,constant,
1.0,2160.607,2160.819,429.70001220703125,872.2999877929688,211.9999999999891,constant,
1.0,2160.832,2161.085,383.20001220703125,864.9000244140625,253.00000000015643,constant,
1.0,2161.373,2161.431,983.5999755859375,545.4000244140625,57.999999999992724,constant,
1.0,2161.45,2161.623,971.0,606.5,173.0000000002292,constant,
1.0,2161.649,2162.173,841.7000122070312,596.0,523.9999999998872,constant,
1.0,2162.202,2162.624,864.9000244140625,748.9000244140625,421.9999999995707,constant,
1.0,2162.64,2163.311,827.4000244140625,705.9000244140625,671.0000000002765,constant,
1.0,2163.38,2163.413,1116.5,564.2999877929688,32.999999999901775,constant,
1.0,2163.692,2163.754,1210.300048828125,483.6000061035156,61.99999999989814,constant,
1.0,2163.773,2164.552,1198.699951171875,534.2000122070312,778.9999999999964,constant,
1.0,2164.567,2165.205,1148.5999755859375,518.5999755859375,637.99999999992,constant,
1.0,2165.247,2165.636,944.0999755859375,500.0,389.0000000001237,constant,
1.0,2166.022,2166.3,862.7999877929688,438.3999938964844,278.0000000002474,constant,
1.0,2166.328,2166.751,1013.7000122070312,384.8999938964844,423.0000000002292,constant,
1.0,2166.805,2167.195,1395.699951171875,453.0,390.0000000003274,constant,
1.0,2167.242,2167.672,1401.9000244140625,751.9000244140625,429.9999999998363,constant,
1.0,2167.753,2167.959,925.5,949.2000122070312,205.99999999967622,constant,
1.0,2168.022,2168.221,465.8999938964844,1000.9000244140625,199.00000000006912,constant,
1.0,2168.247,2168.379,353.8999938964844,959.2000122070312,132.00000000006185,constant,
1.0,2168.744,2168.821,1064.5999755859375,440.1000061035156,76.99999999977081,constant,
1.0,2168.858,2169.337,834.2999877929688,485.29998779296875,478.99999999981446,constant,
1.0,2169.364,2170.587,653.7999877929688,537.2000122070312,1222.9999999999563,constant,
1.0,2170.62,2171.078,865.2999877929688,478.6000061035156,458.0000000000837,constant,
1.0,2171.396,2171.444,883.2999877929688,373.70001220703125,47.999999999774445,constant,
1.0,2171.452,2171.715,877.2999877929688,438.3999938964844,262.99999999991996,constant,
1.0,2171.725,2172.821,856.7999877929688,469.70001220703125,1096.0000000000036,constant,
1.0,2172.853,2173.22,755.7000122070312,478.20001220703125,366.9999999997344,constant,
1.0,2173.237,2174.497,830.7000122070312,471.8999938964844,1259.9999999997635,constant,
1.0,2174.796,2175.167,885.9000244140625,447.1000061035156,371.0000000000946,constant,
1.0,2175.214,2175.666,644.2000122070312,601.2999877929688,452.00000000022555,constant,
1.0,2175.691,2176.227,717.2999877929688,560.2000122070312,536.0000000000582,constant,
1.0,2176.236,2176.622,726.5999755859375,554.2999877929688,385.99999999996726,constant,
1.0,2176.657,2177.261,853.0999755859375,467.1000061035156,603.9999999998145,constant,
1.0,2177.573,2177.624,865.5999755859375,383.3999938964844,50.99999999993088,constant,
1.0,2177.638,2178.319,854.2999877929688,439.6000061035156,681.00000000004,constant,
1.0,2178.331,2178.611,880.7000122070312,450.20001220703125,279.99999999974534,constant,
1.0,2178.62,2180.032,866.0999755859375,444.8999938964844,1412.000000000262,constant,
1.0,2180.434,2180.508,872.5999755859375,369.20001220703125,73.99999999961437,constant,
1.0,2180.516,2180.888,867.4000244140625,434.79998779296875,371.99999999984357,constant,
1.0,2180.895,2181.783,867.7999877929688,432.3999938964844,887.99999999992,constant,
1.0,2181.794,2182.384,879.5999755859375,432.79998779296875,590.0000000001455,constant,
1.0,2182.742,2186.982,874.4000244140625,422.3999938964844,4239.999999999782,constant,
1.0,2186.997,2187.103,928.7000122070312,400.29998779296875,106.00000000022192,constant,
1.0,2187.421,2188.089,912.2000122070312,378.0,668.00000000012,constant,
1.0,2188.102,2188.704,880.0999755859375,414.5,602.0000000003165,constant,
1.0,2188.715,2189.784,885.0999755859375,409.20001220703125,1068.99999999996,constant,
1.0,2190.096,2191.7,874.4000244140625,411.0,1603.9999999998145,constant,
1.0,2191.709,2192.394,887.2999877929688,403.20001220703125,684.9999999999454,constant,
1.0,2192.463,2192.669,491.29998779296875,810.2000122070312,205.99999999967622,constant,
1.0,2192.687,2193.146,479.5,766.7999877929688,459.0000000002874,constant,
1.0,2193.516,2196.853,457.79998779296875,726.5,3336.999999999989,constant,
1.0,2198.868,2199.036,476.20001220703125,766.7000122070312,168.00000000012005,constant,
1.0,2199.05,2199.934,450.79998779296875,764.7999877929688,884.0000000000146,constant,
1.0,2200.274,2200.716,1080.199951171875,528.0999755859375,442.0000000000073,constant,
1.0,2200.762,2201.421,857.7999877929688,704.5999755859375,658.9999999996508,constant,
1.0,2201.47,2202.259,488.8999938964844,814.0999755859375,789.0000000002146,constant,
1.0,2202.682,2203.303,453.3999938964844,691.5,621.0000000000946,constant,
1.0,2203.331,2205.562,462.0,738.0,2230.999999999767,constant,
1.0,2205.878,2205.907,1047.699951171875,560.2999877929688,28.999999999996362,constant,
1.0,2205.952,2206.239,1054.4000244140625,575.4000244140625,286.9999999998072,constant,
1.0,2206.263,2206.305,1054.0999755859375,602.4000244140625,41.99999999991633,constant,
1.0,2206.313,2206.387,1047.199951171875,632.7000122070312,74.00000000006912,constant,
1.0,2206.434,2206.728,850.4000244140625,551.0,293.99999999986903,constant,
1.0,2206.74,2206.961,818.5999755859375,527.2999877929688,221.00000000000364,constant,
1.0,2207.011,2207.782,434.29998779296875,789.0,771.0000000001855,constant,
1.0,2208.138,2208.348,851.0999755859375,382.0,210.00000000003638,constant,
1.0,2208.419,2208.855,426.6000061035156,746.2999877929688,436.00000000014916,constant,
1.0,2208.896,2209.391,647.7000122070312,751.2999877929688,494.99999999989086,constant,
1.0,2209.857,2210.088,779.7000122070312,788.7000122070312,231.00000000022192,constant,
1.0,2210.121,2210.392,914.4000244140625,753.7999877929688,270.9999999997308,constant,
1.0,2210.432,2210.49,1041.5999755859375,759.4000244140625,57.999999999992724,constant,
1.0,2210.92,2211.012,1050.5,681.7000122070312,92.00000000009823,constant,
1.0,2211.062,2211.575,659.7000122070312,771.5,512.99999999992,constant,
1.0,2211.609,2211.945,534.0999755859375,789.0999755859375,336.0000000002401,constant,
1.0,2211.973,2212.335,418.29998779296875,857.0,362.00000000008004,constant,
1.0,2212.342,2212.987,432.3999938964844,803.0999755859375,644.9999999999818,constant,
1.0,2213.391,2213.444,809.5999755859375,600.2000122070312,52.999999999883585,constant,
1.0,2213.458,2213.765,802.7999877929688,656.5999755859375,306.999999999789,constant,
1.0,2213.822,2213.876,1095.800048828125,752.7999877929688,54.00000000008731,constant,
1.0,2213.884,2213.943,1092.0999755859375,752.7000122070312,59.00000000019645,constant,
1.0,2213.949,2214.179,1088.800048828125,755.5999755859375,230.0000000000182,constant,
1.0,2214.203,2214.363,1081.300048828125,761.2999877929688,159.99999999985448,constant,
1.0,2214.381,2214.434,1014.7999877929688,711.0999755859375,53.00000000033833,constant,
1.0,2214.481,2214.919,1018.0999755859375,712.7999877929688,437.9999999996471,constant,
1.0,2214.933,2215.187,935.7999877929688,691.5,253.9999999999054,constant,
1.0,2215.214,2215.47,868.0,647.5,255.99999999985812,constant,
1.0,2215.861,2216.157,847.5,573.0999755859375,296.0000000002765,constant,
1.0,2216.252,2216.321,843.4000244140625,623.4000244140625,68.99999999995998,constant,
1.0,2216.331,2216.489,839.2999877929688,634.4000244140625,157.99999999990177,constant,
1.0,2216.513,2216.694,833.0,618.4000244140625,181.00000000004002,constant,
1.0,2216.774,2216.831,844.7999877929688,575.5999755859375,57.000000000243745,constant,
1.0,2216.846,2216.91,846.0999755859375,572.7000122070312,63.99999999985084,constant,
