eye,stime,etime,sx,sy,ex,ey,pv,duration_ms,amplitude,block_type,triplet
1.0,0.758,0.777,764.7000122070312,564.4000244140625,843.0999755859375,566.5999755859375,133.0,19.000000000000018,78.43082329653613,,
1.0,1.209,1.339,815.7000122070312,564.7000122070312,828.2999877929688,571.5,1247.0,129.9999999999999,14.31779378084295,,
1.0,2.693,2.701,813.2000122070312,541.7999877929688,791.5,542.9000244140625,47.099998474121094,8.000000000000007,21.72787634245585,,
1.0,2.989,2.994,801.9000244140625,541.9000244140625,815.5999755859375,544.0999755859375,41.900001525878906,5.0000000000003375,13.875462056104416,,
1.0,3.917,3.944,804.5999755859375,552.2000122070312,791.4000244140625,681.0999755859375,151.5,27.000000000000135,129.574068663538,,
1.0,4.147,4.174,804.7999877929688,718.7000122070312,813.2000122070312,861.0999755859375,168.5,27.000000000000135,142.64750253849763,,
1.0,4.404,4.426,813.0999755859375,890.5999755859375,813.7999877929688,985.2999877929688,124.80000305175781,22.00000000000024,94.70259937880195,,
1.0,5.403,5.408,830.0,972.5999755859375,841.0999755859375,970.9000244140625,37.20000076293945,5.000000000000782,11.229394106325048,,
1.0,7.845,7.861,820.5,969.5,765.0,968.7000122070312,71.5,16.000000000000014,55.5057652903633,,
1.0,7.981,8.038,772.4000244140625,971.5999755859375,327.8999938964844,984.9000244140625,202.89999389648438,57.000000000000384,444.69896382716973,,
1.0,8.085,8.187,324.0,978.5,-1002.5,1221.300048828125,312.79998779296875,101.99999999999854,1348.5377687372868,,
1.0,8.211,8.259,-923.4000244140625,1176.9000244140625,-642.5,1096.5999755859375,112.69999694824219,48.00000000000004,292.15222326318207,,
1.0,8.315,8.36,-465.29998779296875,1046.0999755859375,160.60000610351562,973.2999877929688,436.1000061035156,44.99999999999993,630.1195446756715,,
1.0,8.504,8.518,134.3000030517578,985.0999755859375,68.5,1011.4000244140625,103.0,14.000000000001123,70.86136443770397,,
1.0,8.658,8.683,37.599998474121094,1014.2999877929688,138.89999389648438,995.5,184.0,25.000000000000355,103.02974625605265,,
1.0,8.858,8.868,105.80000305175781,994.9000244140625,76.0999984741211,994.0,51.0,9.999999999999787,29.71363854962146,,
1.0,9.153,9.172,72.19999694824219,999.0999755859375,116.4000015258789,990.0999755859375,86.69999694824219,19.000000000000128,45.10698842378093,,
1.0,11.968,12.012,93.0,941.2999877929688,391.8999938964844,720.2000122070312,330.70001220703125,44.00000000000048,371.7881191692663,,
1.0,12.102,12.125,329.29998779296875,677.5,457.0,582.0999755859375,225.0,22.999999999999687,159.4003066994529,,
1.0,12.265,12.305,439.70001220703125,503.70001220703125,658.2999877929688,409.3999938964844,197.60000610351562,39.99999999999915,238.07234778432783,,
1.0,12.424,12.467,617.2000122070312,325.79998779296875,836.5,151.39999389648438,201.5,43.00000000000104,280.19250974480036,,
1.0,12.634,12.658,795.2999877929688,104.5999984741211,921.9000244140625,58.29999923706055,168.1999969482422,23.999999999999133,134.8008130606566,,
1.0,12.899,12.908,877.5999755859375,65.80000305175781,846.9000244140625,61.29999923706055,64.0999984741211,9.000000000000341,31.02800406548573,,
1.0,15.858,15.872,834.0999755859375,80.0999984741211,881.4000244140625,78.5,78.5999984741211,13.999999999999346,47.32710232266707,,
1.0,15.995,16.021,869.0,69.80000305175781,1104.5,-40.099998474121094,370.5,26.000000000001577,259.88124275404755,,
1.0,16.163,16.211,1117.199951171875,-62.400001525878906,1553.300048828125,56.900001525878906,147.5,47.999999999998266,452.12364006313607,,
1.0,16.502,16.521,1548.199951171875,32.400001525878906,1584.199951171875,111.69999694824219,99.30000305175781,19.000000000001904,87.08897332031673,,
1.0,16.69,16.702,1562.0999755859375,86.30000305175781,1583.5,121.80000305175781,68.5,12.000000000000455,41.45130932699799,,
1.0,17.174,17.186,1557.800048828125,86.30000305175781,1577.0999755859375,115.19999694824219,55.099998474121094,12.000000000000455,34.751932609191115,,
1.0,17.393,17.404,1557.9000244140625,90.80000305175781,1577.0999755859375,119.19999694824219,60.0,10.999999999999233,34.28115777395411,,
1.0,17.69,17.7,1562.0,89.0999984741211,1580.0,117.5999984741211,59.0,9.99999999999801,33.70830758136635,,
1.0,17.871,17.878,1568.300048828125,95.80000305175781,1578.0999755859375,111.5,43.0,7.0000000000014495,18.507524648998942,,
1.0,18.113,18.124,1565.0999755859375,91.9000015258789,1583.4000244140625,119.0999984741211,52.70000076293945,10.999999999999233,32.783099626120524,,
1.0,18.378,18.385,1573.9000244140625,100.5999984741211,1584.0,115.5999984741211,42.79999923706055,7.0000000000014495,18.083404182745394,,
1.0,18.637,18.647,1565.0999755859375,91.30000305175781,1583.0999755859375,116.19999694824219,54.599998474121094,9.99999999999801,30.724740780761017,,
1.0,18.982,18.994,1564.4000244140625,88.80000305175781,1588.5,122.5999984741211,68.5999984741211,12.000000000000455,41.512028543478365,,
1.0,19.469,19.486,1569.9000244140625,91.0,1611.300048828125,152.1999969482422,93.5,16.99999999999946,73.88776385809645,,
1.0,19.974,19.991,1583.0999755859375,86.80000305175781,1555.199951171875,45.099998474121094,53.5,16.99999999999946,50.172719121851536,,
1.0,20.06,20.217,1216.5999755859375,-73.0999984741211,898.7999877929688,62.79999923706055,337.29998779296875,157.00000000000003,345.6380210843568,,
1.0,20.29,20.356,933.9000244140625,68.19999694824219,330.1000061035156,14.600000381469727,228.5,66.0000000000025,606.1744152830724,,
1.0,20.64,20.672,455.8999938964844,40.099998474121094,204.5,58.099998474121094,171.3000030517578,32.00000000000003,252.0435615744873,,
1.0,20.842,20.864,73.0999984741211,77.0,188.6999969482422,73.19999694824219,164.89999389648438,22.000000000002018,115.66243845955422,,
1.0,21.363,21.382,127.69999694824219,70.69999694824219,199.3000030517578,67.5999984741211,109.5,19.000000000001904,71.66708355000242,,
1.0,21.444,21.571,144.0,75.0999984741211,151.3000030517578,40.79999923706055,652.5,127.00000000000244,35.0682191195679,,
1.0,21.781,21.807,108.0999984741211,36.400001525878906,203.1999969482422,59.099998474121094,179.5,25.9999999999998,97.7716705964874,,
1.0,22.225,22.236,185.8000030517578,37.29999923706055,155.39999389648438,49.400001525878906,51.400001525878906,10.999999999999233,32.71957536445298,,
1.0,23.935,23.955,136.39999389648438,64.0,211.6999969482422,65.9000015258789,114.0,19.999999999999574,75.32397005862794,,
1.0,24.124,24.191,202.1999969482422,71.0,767.9000244140625,397.5,305.6000061035156,67.00000000000017,653.160601287945,,
1.0,24.38,24.428,769.2000122070312,404.79998779296875,1098.699951171875,426.79998779296875,238.39999389648438,48.00000000000182,330.23356852057873,,
1.0,24.547,24.679,1023.5999755859375,417.8999938964844,1678.0999755859375,576.5,264.20001220703125,131.9999999999979,673.4420627908797,,
1.0,24.841,24.86,1533.5,575.5999755859375,1616.300048828125,559.2999877929688,108.19999694824219,18.99999999999835,84.38920362220996,,
1.0,25.105,25.12,1546.5,540.2000122070312,1600.800048828125,539.5,72.9000015258789,15.000000000000568,54.30456076451362,,
1.0,25.668,25.69,1547.5,537.5,1626.4000244140625,549.5,93.0,22.000000000002018,79.8073546268742,,
1.0,26.1,26.114,1560.300048828125,543.0,1611.0,544.7000122070312,72.0,13.999999999999346,50.728444588165374,,
1.0,26.597,26.611,1550.699951171875,538.7000122070312,1595.300048828125,546.7000122070312,61.400001525878906,13.999999999999346,45.311904737574615,,
1.0,26.949,26.969,1533.0999755859375,536.4000244140625,1613.0999755859375,549.2000122070312,106.5999984741211,19.999999999999574,81.01752703890776,,
1.0,27.3,27.318,1528.4000244140625,542.5,1592.199951171875,555.7999877929688,82.5,18.000000000000682,65.17146867759969,,
1.0,27.635,27.658,1519.0999755859375,549.5999755859375,1603.5999755859375,550.7999877929688,106.69999694824219,22.999999999999687,84.5085204538396,,
1.0,28.076,28.108,1520.4000244140625,558.9000244140625,1579.199951171875,729.9000244140625,185.60000610351562,32.00000000000003,180.8270759226176,,
1.0,28.381,28.419,1540.5999755859375,784.0,1633.0999755859375,1000.5,212.39999389648438,38.000000000000256,235.43258058306205,,
1.0,29.012,29.027,1568.199951171875,998.2000122070312,1632.0,995.7000122070312,94.5999984741211,15.000000000000568,63.84901119415346,,
1.0,29.46,29.473,1567.5,1000.7000122070312,1615.699951171875,999.5999755859375,68.80000305175781,12.999999999998124,48.212502253449586,,
1.0,29.905,29.924,1563.699951171875,995.9000244140625,1643.199951171875,1011.5,105.19999694824219,18.99999999999835,81.01610480812964,,
1.0,30.629,30.657,1482.800048828125,966.7999877929688,1619.800048828125,993.9000244140625,164.3000030517578,27.999999999998693,139.65461676888674,,
1.0,30.96,30.984,1536.0999755859375,969.9000244140625,1639.699951171875,991.5,137.10000610351562,24.00000000000091,105.82775574829101,,
1.0,32.076,32.09,1527.0,960.0,1475.0,963.2000122070312,73.5999984741211,14.000000000002899,52.09836924631278,,
1.0,32.174,32.197,1429.0,938.4000244140625,1294.0999755859375,873.0999755859375,155.39999389648438,23.00000000000324,149.87365667077776,,
1.0,32.263,32.321,1245.9000244140625,831.9000244140625,740.5,782.5999755859375,215.1999969482422,57.99999999999983,507.7988573167436,,
1.0,32.544,32.618,718.5,705.9000244140625,-40.400001525878906,648.4000244140625,253.39999389648438,74.00000000000517,761.0752014853584,,
1.0,32.707,32.739,-148.6999969482422,605.5999755859375,155.1999969482422,537.2000122070312,378.79998779296875,31.999999999996476,311.5024258019815,,
1.0,32.943,32.969,54.70000076293945,528.9000244140625,162.89999389648438,523.5,212.5,26.000000000003354,108.33466101747695,,
1.0,34.57,34.591,136.0,516.4000244140625,215.89999389648438,509.0,117.19999694824219,21.000000000000796,80.24194281039662,,
1.0,35.258,35.279,175.3000030517578,507.0,310.29998779296875,512.2999877929688,231.5,21.000000000000796,135.10398125419104,,
1.0,35.579,35.628,315.20001220703125,514.5,639.7999877929688,516.2000122070312,236.39999389648438,48.99999999999949,324.60442725245645,,
1.0,35.99,35.996,780.5999755859375,584.7000122070312,793.2000122070312,581.7999877929688,35.599998474121094,6.000000000000227,12.929464971724938,,
1.0,36.437,36.452,759.2999877929688,587.5,814.0,582.7999877929688,90.69999694824219,15.000000000000568,54.90156145498605,,
1.0,37.533,37.547,777.4000244140625,588.2000122070312,768.7000122070312,543.0,67.4000015258789,13.999999999995794,46.02967864235277,,
1.0,37.921,37.945,765.7000122070312,532.9000244140625,774.4000244140625,638.0,111.4000015258789,24.00000000000091,105.4594475642991,,
1.0,38.323,38.456,765.2000122070312,632.0999755859375,753.4000244140625,554.9000244140625,831.9000244140625,133.00000000000267,78.0965567285402,,
1.0,39.378,39.388,755.5,536.9000244140625,773.5,515.9000244140625,47.599998474121094,9.99999999999801,27.65863337187866,,
1.0,39.625,39.664,761.2999877929688,522.2999877929688,999.0,717.9000244140625,264.8999938964844,39.00000000000148,307.832211000402,,
1.0,39.925,39.951,946.0,707.7999877929688,823.2999877929688,626.0999755859375,145.8000030517578,26.000000000003354,147.41161755518007,,
1.0,40.559,40.567,785.9000244140625,564.7000122070312,810.0,562.5999755859375,51.79999923706055,8.000000000002672,24.191299614793714,,
1.0,41.614,41.649,762.7999877929688,579.0999755859375,591.7000122070312,580.5,107.30000305175781,35.000000000003695,171.105703335302,,
1.0,42.085,42.152,688.5,582.9000244140625,1272.199951171875,643.5,275.6000061035156,67.00000000000017,586.8372773086808,,
1.0,42.508,42.531,1078.5,640.0999755859375,1210.5999755859375,663.9000244140625,151.6999969482422,22.999999999996135,134.2268448337605,,
1.0,42.779,42.898,1178.0,657.5,-96.0,699.2999877929688,247.39999389648438,118.99999999999977,1274.6855451363258,,
1.0,42.93,42.946,-12.800000190734863,661.2000122070312,60.599998474121094,639.0999755859375,84.69999694824219,15.999999999998238,76.65488518453694,,
1.0,42.976,42.983,187.10000610351562,609.7999877929688,226.10000610351562,604.2999877929688,95.9000015258789,6.999999999997897,39.38591118661596,,
1.0,43.564,43.57,701.7000122070312,581.5999755859375,698.7000122070312,568.7999877929688,38.5,6.000000000000227,13.146850858671403,,
1.0,43.811,43.834,688.9000244140625,563.9000244140625,849.9000244140625,553.0999755859375,227.5,23.00000000000324,161.3618327073967,,
1.0,44.151,44.165,810.5999755859375,544.7000122070312,768.0999755859375,556.7999877929688,77.80000305175781,13.999999999995794,44.188905951384264,,
1.0,45.156,45.175,775.2000122070312,576.7000122070312,711.9000244140625,614.5999755859375,95.69999694824219,18.99999999999835,73.77869393471552,,
1.0,45.801,45.934,697.7000122070312,643.2000122070312,347.6000061035156,638.7999877929688,685.0999755859375,132.99999999999557,350.1276545611986,,
1.0,46.084,46.114,543.2999877929688,640.2999877929688,781.7000122070312,656.2999877929688,250.39999389648438,29.99999999999403,238.93633386453723,,
1.0,46.392,46.441,736.2999877929688,644.9000244140625,1162.0999755859375,677.9000244140625,287.79998779296875,48.99999999999949,427.0768427396788,,
1.0,46.82,46.852,1023.5,669.5999755859375,1224.800048828125,695.2000122070312,176.0,31.999999999996476,202.9213432175306,,
1.0,47.086,47.109,1146.800048828125,678.2999877929688,1049.0999755859375,627.2000122070312,126.0999984741211,23.00000000000324,110.25657266762926,,
1.0,47.529,47.598,1042.0999755859375,619.9000244140625,691.0999755859375,435.8999938964844,145.10000610351562,68.99999999999551,396.3041902761939,,
1.0,47.877,47.902,760.9000244140625,448.29998779296875,723.2000122070312,564.5999755859375,151.1999969482422,24.99999999999858,122.25783443630509,,
1.0,48.101,48.118,737.5999755859375,570.5999755859375,705.7000122070312,632.5,100.5,17.000000000003013,69.63634601296289,,
1.0,48.515,48.529,781.0999755859375,584.4000244140625,826.4000244140625,580.4000244140625,82.0,14.000000000002899,45.47630618058715,,
1.0,48.756,48.762,793.2999877929688,578.5999755859375,776.0,579.0,46.599998474121094,6.000000000000227,17.30461202017294,,
1.0,49.326,49.332,786.5,572.0999755859375,804.7999877929688,575.5999755859375,50.0,6.000000000000227,18.631681438421097,active,
1.0,50.445,50.479,799.9000244140625,565.4000244140625,997.0999755859375,538.0999755859375,177.6999969482422,33.99999999999892,199.08067060417466,active,
1.0,50.93,50.953,924.0,543.2999877929688,822.7999877929688,550.4000244140625,105.80000305175781,23.00000000000324,101.44877027704253,active,
1.0,51.171,51.216,817.9000244140625,567.5999755859375,614.0,505.20001220703125,103.19999694824219,45.000000000001705,213.23455485859725,active,
1.0,51.629,51.669,690.5999755859375,517.5999755859375,931.4000244140625,557.0999755859375,165.8000030517578,39.99999999999915,244.01826471726943,active,
1.0,51.908,51.926,862.2999877929688,548.9000244140625,937.7999877929688,555.0,108.69999694824219,18.000000000000682,75.74602103179436,active,
1.0,52.264,52.289,907.0,552.5999755859375,778.4000244140625,573.5999755859375,130.89999389648438,24.99999999999858,130.3033143120455,active,
1.0,52.722,52.745,786.0,584.9000244140625,914.0,574.5,154.3000030517578,22.999999999996135,128.4218069792397,active,
1.0,53.303,53.328,906.5,553.7999877929688,779.9000244140625,564.2999877929688,109.30000305175781,25.000000000005684,127.0346559737144,active,
1.0,53.497,53.513,794.2000122070312,568.4000244140625,734.7999877929688,561.7999877929688,85.69999694824219,15.999999999998238,59.765570220579335,active,
1.0,54.42,54.447,770.2000122070312,564.9000244140625,745.4000244140625,663.7999877929688,84.5999984741211,27.000000000001023,101.96196423608363,active,
1.0,54.794,54.824,741.0,664.0,761.2999877929688,829.0999755859375,161.5,30.000000000001137,166.3432939522115,active,
1.0,55.008,55.031,757.4000244140625,824.2000122070312,802.7999877929688,919.0999755859375,135.10000610351562,22.999999999996135,105.20056902946759,active,
1.0,55.202,55.245,790.7000122070312,918.5999755859375,741.0999755859375,660.2999877929688,168.6999969482422,42.99999999999926,263.01910068788095,active,
1.0,55.329,55.514,697.2000122070312,664.7999877929688,788.0999755859375,633.9000244140625,529.0999755859375,185.00000000000227,96.00839067031717,active,
1.0,56.247,56.262,784.7999877929688,610.7000122070312,753.0999755859375,636.5,51.900001525878906,15.000000000000568,40.8721193974972,active,
1.0,56.546,56.562,755.2999877929688,639.7000122070312,815.0999755859375,625.5999755859375,95.80000305175781,15.999999999998238,61.4398044654717,active,
1.0,57.165,57.178,799.0,621.5,776.9000244140625,587.0,63.29999923706055,12.999999999998124,40.971440307841675,active,
1.0,57.962,57.976,773.2000122070312,593.5,755.7000122070312,550.4000244140625,67.19999694824219,13.999999999995794,46.51728598605478,active,
1.0,58.056,58.077,746.5,551.5999755859375,644.2999877929688,521.4000244140625,120.0999984741211,21.000000000000796,106.568661180954,active,
1.0,58.228,58.246,674.2000122070312,539.2000122070312,735.2999877929688,539.7999877929688,104.69999694824219,18.000000000000682,61.10292126654731,active,
1.0,58.824,58.838,691.0999755859375,550.4000244140625,667.4000244140625,580.7000122070312,55.599998474121094,14.000000000002899,38.467869005227136,active,
1.0,59.077,59.092,680.5,588.2000122070312,720.7000122070312,559.5,78.19999694824219,15.000000000000568,49.39364009798432,active,
1.0,60.026,60.045,702.0,534.2999877929688,778.4000244140625,557.2000122070312,108.0999984741211,18.99999999999835,79.758227466726,active,
1.0,60.88,60.901,772.5,600.7000122070312,707.0,539.2999877929688,97.69999694824219,21.000000000000796,89.77868899715273,active,
1.0,61.098,61.112,705.0,538.0999755859375,749.7000122070312,522.7000122070312,82.9000015258789,14.000000000002899,47.27843021273439,active,
1.0,61.725,61.759,725.9000244140625,516.9000244140625,838.5,643.9000244140625,150.89999389648438,33.99999999999892,169.72847286755902,active,
1.0,62.08,62.104,801.0999755859375,647.0999755859375,725.0999755859375,581.0999755859375,95.80000305175781,24.00000000000091,100.65783625729296,active,
1.0,62.155,62.207,683.2999877929688,587.5,702.7000122070312,540.9000244140625,683.2000122070312,51.9999999999996,50.47691226567045,active,
1.0,62.349,62.361,704.4000244140625,522.0999755859375,740.9000244140625,524.7999877929688,66.5,12.000000000000455,36.599727675463896,active,
1.0,62.598,62.651,725.9000244140625,519.5999755859375,489.6000061035156,342.8999938964844,130.6999969482422,53.00000000000438,295.06030262069794,active,
1.0,63.326,63.372,564.0,371.0,838.2000122070312,480.1000061035156,255.6999969482422,45.999999999999375,295.10753637635764,active,
1.0,63.635,63.656,728.9000244140625,492.8999938964844,787.7999877929688,552.0,128.3000030517578,21.000000000000796,83.43869850058833,active,
1.0,64.548,64.571,770.5,560.9000244140625,768.5999755859375,664.0,96.5,22.999999999996135,103.11748182822805,active,
1.0,64.884,64.926,768.5,678.0,1014.0,712.2999877929688,174.10000610351562,42.00000000000159,247.88452788061986,active,
1.0,65.195,65.22,925.7000122070312,703.0999755859375,847.0999755859375,605.9000244140625,108.0,25.000000000005684,125.00318501803129,active,
1.0,65.702,65.717,764.7999877929688,550.2000122070312,727.5999755859375,541.5,59.599998474121094,15.000000000000568,38.203810289102925,active,
1.0,66.525,66.534,736.5999755859375,533.4000244140625,763.2000122070312,549.2999877929688,64.30000305175781,9.000000000000341,30.98984968814932,active,
1.0,66.756,66.773,755.2000122070312,553.5,714.7999877929688,567.7000122070312,55.79999923706055,16.999999999995907,42.822918155313545,active,
1.0,67.333,67.351,728.0,572.7000122070312,791.7000122070312,559.9000244140625,92.0,18.000000000000682,64.9733117724199,active,
1.0,67.694,67.855,748.7000122070312,581.4000244140625,737.2000122070312,593.0999755859375,536.7000122070312,161.00000000000136,16.405452064001746,active,
1.0,68.322,68.334,738.4000244140625,587.9000244140625,770.4000244140625,565.0999755859375,67.80000305175781,12.000000000000455,39.29175774338537,active,
1.0,69.025,69.037,754.5,566.0,723.0999755859375,555.2000122070312,55.70000076293945,12.000000000000455,33.20544036045893,active,
1.0,69.499,69.507,734.2999877929688,555.9000244140625,759.4000244140625,564.2000122070312,56.599998474121094,8.000000000009777,26.436747828423936,active,
1.0,70.578,70.588,740.9000244140625,570.2999877929688,760.5,560.9000244140625,41.0,9.999999999990905,21.73748730865931,active,
1.0,70.813,70.986,748.0999755859375,556.2000122070312,751.0,598.2000122070312,719.4000244140625,173.00000000000182,42.10000168173582,active,
1.0,71.334,71.377,739.7000122070312,584.5999755859375,1004.5999755859375,542.0,223.89999389648438,42.999999999992156,268.30346348504025,active,
1.0,71.657,71.68,885.5,546.7999877929688,783.7999877929688,504.70001220703125,111.0999984741211,23.000000000010346,110.06952542482792,active,
1.0,72.006,72.025,761.9000244140625,491.5,723.2000122070312,456.8999938964844,63.099998474121094,19.000000000005457,51.91195784390805,active,
1.0,72.433,72.471,715.2999877929688,453.79998779296875,768.9000244140625,669.5,195.1999969482422,37.9999999999967,222.25989110025233,active,
1.0,72.775,72.818,752.7000122070312,658.4000244140625,1011.4000244140625,754.7000122070312,230.3000030517578,42.999999999992156,276.04235900463544,active,
1.0,73.045,73.091,933.0999755859375,750.0,815.2000122070312,585.9000244140625,128.6999969482422,45.99999999999227,202.06237490451485,active,
1.0,73.409,73.416,781.2999877929688,588.7999877929688,779.7999877929688,571.0999755859375,42.599998474121094,6.999999999990791,17.76345777513644,active,
1.0,74.168,74.19,755.4000244140625,585.7999877929688,705.4000244140625,671.5,121.5,21.99999999999136,99.21941388803556,active,
1.0,74.36,74.369,728.5999755859375,674.0,703.0999755859375,671.0,52.400001525878906,9.000000000000341,25.675864152935535,active,
1.0,75.283,75.29,721.7999877929688,661.5999755859375,735.0999755859375,651.2000122070312,40.400001525878906,7.000000000005002,16.883391649064738,active,
1.0,77.402,77.418,737.2999877929688,659.0,757.2999877929688,615.0999755859375,66.19999694824219,16.000000000005343,48.24118721129574,active,
1.0,77.694,77.744,725.0,620.4000244140625,556.4000244140625,584.5999755859375,92.30000305175781,49.99999999999716,172.35891408243106,active,
1.0,78.108,78.285,638.2000122070312,604.0999755859375,819.4000244140625,690.4000244140625,538.5999755859375,176.9999999999925,200.7016264297951,active,
1.0,78.803,78.816,792.4000244140625,673.5999755859375,749.9000244140625,668.7000122070312,68.0999984741211,13.00000000000523,42.781533879871844,active,
1.0,80.022,80.059,755.5999755859375,681.2999877929688,685.5,467.79998779296875,134.39999389648438,36.99999999999193,224.71372138155922,active,
1.0,80.421,80.459,604.5,464.6000061035156,738.2999877929688,633.5,203.5,37.9999999999967,215.47539226471093,active,
1.0,80.764,80.787,700.9000244140625,619.7000122070312,838.9000244140625,658.5,178.89999389648438,23.000000000010346,143.3507553266969,active,
1.0,81.099,81.114,802.2999877929688,660.9000244140625,770.0999755859375,634.5,57.29999923706055,15.000000000000568,41.63894901646843,active,
1.0,82.905,82.917,757.9000244140625,609.5,785.5,594.0,52.0,12.000000000000455,31.654520251369252,active,
1.0,83.181,83.197,768.5,590.0999755859375,832.0,590.5,92.5,16.000000000005343,63.501259983813284,active,
1.0,83.393,83.426,812.5999755859375,592.0,638.4000244140625,708.9000244140625,148.89999389648438,33.00000000000125,209.7885571147579,active,
1.0,83.639,83.677,666.0999755859375,737.9000244140625,849.9000244140625,737.5999755859375,191.39999389648438,38.000000000010914,183.80029373893936,active,
1.0,83.883,83.906,767.0999755859375,723.2000122070312,706.7000122070312,649.9000244140625,90.4000015258789,23.000000000010346,94.97917554191858,active,
1.0,84.343,84.36,693.0999755859375,622.7000122070312,769.0,624.7999877929688,114.4000015258789,16.999999999995907,75.92906955518959,active,
1.0,85.422,85.44,752.5,631.7999877929688,780.2999877929688,680.4000244140625,94.69999694824219,18.000000000000682,55.98931041601482,active,
1.0,85.884,85.893,756.5,683.5,734.7999877929688,681.2000122070312,44.400001525878906,9.000000000000341,21.821559835014327,active,
1.0,86.019,86.065,722.0,677.2999877929688,521.9000244140625,575.0999755859375,116.5999984741211,45.99999999999227,224.68832351639932,active,
1.0,86.423,86.433,564.0999755859375,547.5999755859375,589.5,533.5,53.400001525878906,10.000000000005116,29.051171263117855,active,
1.0,86.692,86.901,579.4000244140625,525.9000244140625,791.2000122070312,645.2000122070312,527.0999755859375,209.00000000000318,243.0878892839053,active,
1.0,87.839,87.856,768.5999755859375,619.4000244140625,731.7999877929688,606.2999877929688,45.0,16.999999999995907,39.06213077952413,active,
1.0,87.97,88.003,728.0999755859375,612.9000244140625,592.0,546.7000122070312,105.0999984741211,33.00000000000125,151.34610986313413,active,
1.0,88.425,88.464,623.2999877929688,544.5999755859375,798.5,705.2999877929688,224.60000610351562,39.00000000000148,237.73838184164518,active,
1.0,88.777,88.795,748.5999755859375,691.9000244140625,806.0,656.5999755859375,91.0999984741211,18.000000000000682,67.38587574561141,active,
1.0,90.23,90.266,760.2000122070312,623.9000244140625,858.0999755859375,817.5999755859375,214.60000610351562,36.000000000001364,217.03472974060614,active,
1.0,90.653,90.675,837.7000122070312,822.7000122070312,762.0999755859375,845.2999877929688,70.19999694824219,21.99999999999136,78.90579467691639,active,
1.0,90.928,90.994,763.9000244140625,860.4000244140625,635.7000122070312,547.2000122070312,109.0,66.0000000000025,338.4220601207426,active,
1.0,91.596,91.612,596.2000122070312,537.5,564.9000244140625,527.2999877929688,40.599998474121094,15.999999999991132,32.920046853909234,active,
1.0,91.727,91.812,570.5999755859375,530.2999877929688,1421.5999755859375,508.79998779296875,316.5,84.99999999999375,851.2715489196147,active,
1.0,91.945,92.02,1132.5999755859375,497.1000061035156,625.2000122070312,709.0999755859375,185.3000030517578,75.00000000000284,549.907910379059,active,
1.0,92.316,92.335,698.7999877929688,735.7000122070312,775.2000122070312,692.5,121.19999694824219,18.999999999991246,87.76790293243307,active,
1.0,93.291,93.317,739.7000122070312,666.0999755859375,745.0999755859375,767.9000244140625,111.5,25.99999999999625,101.94316821593374,active,
1.0,93.504,93.538,743.5,756.5999755859375,598.2000122070312,653.2000122070312,116.69999694824219,33.999999999991815,178.3357476205935,active,
1.0,93.715,93.739,605.9000244140625,629.7000122070312,696.5999755859375,717.7000122070312,160.0,24.00000000000091,126.37436900962358,active,
1.0,94.046,94.066,660.9000244140625,728.0,748.2999877929688,721.5999755859375,109.0,19.99999999999602,87.63397692182382,active,
1.0,94.288,94.303,724.4000244140625,724.7999877929688,730.4000244140625,683.2000122070312,65.69999694824219,15.000000000000568,42.03044097735112,active,
1.0,94.857,94.868,697.7000122070312,678.5999755859375,671.5,679.7999877929688,41.29999923706055,10.99999999999568,26.227479271664873,active,
1.0,95.436,95.444,682.0,681.7000122070312,705.2000122070312,685.9000244140625,51.5,7.999999999995566,23.577121727335815,active,
1.0,96.659,96.669,707.2000122070312,692.0999755859375,735.2000122070312,685.0999755859375,54.5,9.999999999990905,28.861739379323623,active,
1.0,96.929,97.098,706.7999877929688,684.5,710.7999877929688,656.0999755859375,644.2999877929688,168.99999999999693,28.68033100784135,active,
1.0,99.439,99.465,725.4000244140625,677.7000122070312,853.7000122070312,636.0999755859375,136.10000610351562,26.00000000001046,134.8756831847471,active,
1.0,99.792,99.812,802.0,629.0999755859375,753.9000244140625,666.7999877929688,59.70000076293945,19.99999999999602,61.11381653749084,active,
1.0,99.964,100.134,745.5999755859375,684.9000244140625,788.0,645.4000244140625,463.29998779296875,170.0000000000017,57.94835692505091,active,
1.0,100.516,100.524,777.0,640.2000122070312,760.5,630.5,42.70000076293945,7.999999999995566,19.140016635743955,active,
1.0,102.389,102.41,726.7999877929688,604.0999755859375,655.0,622.0,76.0999984741211,21.000000000000796,73.99762915860545,active,
1.0,103.019,103.025,689.2999877929688,624.0999755859375,702.0,617.9000244140625,37.70000076293945,6.000000000000227,14.132576006955595,active,
1.0,103.231,103.256,688.2999877929688,596.0999755859375,837.4000244140625,574.7999877929688,157.6999969482422,25.000000000005684,150.6137789194339,active,
1.0,103.623,103.643,778.0,564.2999877929688,713.2999877929688,581.5999755859375,65.69999694824219,19.99999999999602,66.9729882656199,active,
1.0,105.68,105.71,755.9000244140625,582.5999755859375,776.0999755859375,721.4000244140625,152.0,29.999999999986926,140.2622243586491,active,
1.0,105.926,105.953,768.5,723.2000122070312,786.4000244140625,849.0999755859375,129.1999969482422,27.000000000001023,127.16607901808551,active,
1.0,106.143,106.169,777.5999755859375,845.0999755859375,695.9000244140625,740.7999877929688,113.19999694824219,25.99999999999625,132.4891296488138,active,
1.0,106.397,106.411,626.0,646.5999755859375,669.5999755859375,621.7999877929688,78.5,13.999999999995794,50.15971755927006,active,
1.0,106.852,106.897,611.0,590.2999877929688,825.5999755859375,895.5,271.5,45.000000000001705,373.09542609452745,active,
1.0,107.22,107.25,765.5,894.2000122070312,911.4000244140625,934.2999877929688,137.89999389648438,30.000000000001137,151.3103604054158,active,
1.0,107.472,107.496,845.5,922.5999755859375,801.5,850.0,79.30000305175781,24.00000000000091,84.89261720007649,active,
1.0,107.778,107.794,748.4000244140625,781.7999877929688,760.5,740.0999755859375,57.70000076293945,15.999999999991132,43.42004637545703,active,
1.0,107.992,108.011,736.7000122070312,723.0999755859375,706.0999755859375,680.0,60.79999923706055,18.999999999991246,52.85801866056547,active,
1.0,108.76,108.775,692.4000244140625,675.2999877929688,753.0,681.7999877929688,95.5,15.000000000000568,60.94757617014987,active,
1.0,109.615,109.633,719.2999877929688,697.2999877929688,726.2999877929688,644.5,60.79999923706055,18.000000000000682,53.261981853266114,active,
1.0,109.794,109.817,700.5,644.5999755859375,673.4000244140625,523.7999877929688,129.6999969482422,22.999999999996135,123.8024463713856,active,
1.0,110.101,110.261,622.0,505.5,721.0,542.7999877929688,758.5999755859375,159.9999999999966,105.793615541561,active,
1.0,110.646,110.682,706.0999755859375,532.2000122070312,878.5999755859375,712.0999755859375,236.1999969482422,36.000000000001364,249.23933642932812,active,
1.0,111.023,111.059,833.2000122070312,695.0999755859375,1019.2000122070312,768.4000244140625,184.0,36.000000000001364,199.92222777421603,active,
1.0,111.268,111.322,965.7000122070312,762.2000122070312,728.2999877929688,488.70001220703125,155.89999389648438,54.000000000002046,362.16159596483647,active,
1.0,111.755,111.779,686.9000244140625,477.29998779296875,765.2999877929688,543.5,147.5,24.00000000000091,102.61089549372878,active,
1.0,111.929,111.946,733.2999877929688,549.9000244140625,789.9000244140625,574.7999877929688,94.0,16.999999999995907,61.83504121273007,active,
1.0,112.744,112.783,760.9000244140625,579.0,608.4000244140625,727.2999877929688,146.1999969482422,39.00000000000148,212.71844390977168,active,
1.0,113.049,113.073,663.0999755859375,739.5999755859375,812.2999877929688,799.7000122070312,197.10000610351562,23.9999999999867,160.84979964064328,active,
1.0,113.376,113.397,774.7000122070312,803.2999877929688,797.2999877929688,747.7999877929688,65.0,21.000000000000796,59.92502729648916,active,
1.0,113.514,113.535,727.4000244140625,686.5,688.0,636.4000244140625,72.0,21.000000000000796,63.73672000927138,active,
1.0,113.756,113.785,666.9000244140625,623.0,526.0,687.7000122070312,141.0,28.999999999996362,155.04485950676792,active,
1.0,113.989,114.033,602.0,678.9000244140625,894.7999877929688,747.4000244140625,241.3000030517578,43.99999999999693,300.70597408691873,active,
1.0,114.344,114.365,782.0,741.7000122070312,878.7999877929688,734.0999755859375,119.5999984741211,21.000000000000796,97.09787944832196,active,
1.0,114.535,114.571,841.4000244140625,729.4000244140625,738.5999755859375,596.9000244140625,109.30000305175781,36.000000000001364,167.70241512591548,active,
1.0,114.95,114.972,695.7999877929688,566.7999877929688,775.5,594.2999877929688,116.9000015258789,21.99999999999136,84.3109835418905,active,
1.0,115.894,115.912,737.9000244140625,593.0999755859375,683.7000122070312,639.0999755859375,83.5,18.000000000000682,71.08896766195396,active,
1.0,116.257,116.293,703.5999755859375,648.0,725.7000122070312,462.79998779296875,117.69999694824219,36.000000000001364,186.5139569580202,active,
1.0,116.678,116.706,670.2000122070312,455.3999938964844,777.5,598.5,162.8000030517578,28.000000000005798,178.85999867828875,active,
1.0,117.09,117.106,751.5999755859375,622.7999877929688,815.0,640.7999877929688,92.5,15.999999999991132,65.90571368025478,active,
1.0,117.309,117.343,796.4000244140625,641.5999755859375,750.7999877929688,469.8999938964844,103.30000305175781,34.000000000006025,177.65203925652986,active,
1.0,118.016,118.22,703.0,445.79998779296875,723.7000122070312,514.7999877929688,471.0,203.99999999999352,72.03811841914836,active,
1.0,118.467,118.489,726.2999877929688,513.7000122070312,781.2999877929688,573.5,108.19999694824219,22.00000000000557,81.24677556702919,active,
1.0,118.892,118.929,758.9000244140625,564.2999877929688,939.9000244140625,434.29998779296875,218.10000610351562,37.00000000000614,222.84748147555987,active,
1.0,119.274,119.346,850.2999877929688,425.6000061035156,340.29998779296875,804.2000122070312,228.8000030517578,72.00000000000273,635.1676665429231,active,
1.0,119.775,119.814,616.0999755859375,805.0,834.0999755859375,812.5999755859375,218.89999389648438,38.99999999998727,218.13243598535925,active,
1.0,120.178,120.183,741.9000244140625,791.5,745.7000122070312,780.5,39.79999923706055,5.000000000009663,11.637865234943714,active,
1.0,120.359,120.392,727.7999877929688,782.5,879.5,738.7999877929688,165.0,33.00000000000125,157.86888474461367,active,
1.0,120.6,120.621,809.5,728.4000244140625,793.9000244140625,644.9000244140625,77.4000015258789,21.000000000000796,84.94474226390852,active,
1.0,121.681,121.687,751.7000122070312,629.4000244140625,736.7000122070312,629.2000122070312,41.400001525878906,6.000000000000227,15.001333436830258,active,
1.0,122.428,122.451,740.9000244140625,630.2000122070312,789.7999877929688,513.5999755859375,133.39999389648438,22.999999999996135,126.43881903315443,active,
1.0,122.626,122.648,742.9000244140625,498.6000061035156,761.0999755859375,399.8999938964844,98.80000305175781,21.99999999999136,100.36399071542917,active,
1.0,123.006,123.026,723.2000122070312,378.20001220703125,695.9000244140625,458.79998779296875,94.9000015258789,19.99999999999602,85.09785777532807,active,
1.0,123.373,123.389,709.5999755859375,469.70001220703125,745.5,441.5,62.400001525878906,15.999999999991132,45.65142321337852,active,
1.0,123.725,123.762,729.0,435.6000061035156,814.5,592.4000244140625,167.8000030517578,37.00000000000614,178.5959006869638,active,
1.0,124.253,124.262,792.7000122070312,586.2000122070312,763.5,593.7000122070312,61.0,9.000000000000341,30.147814396582284,active,
1.0,124.54,124.546,757.4000244140625,592.0,743.0,591.4000244140625,40.0,6.000000000000227,14.412517955906146,active,
1.0,125.333,125.357,738.2000122070312,590.9000244140625,859.7999877929688,614.9000244140625,139.10000610351562,24.00000000000091,123.94577065192905,active,
1.0,125.699,125.713,828.4000244140625,626.0999755859375,886.2999877929688,630.0999755859375,92.4000015258789,13.999999999995794,58.03796825595022,active,
1.0,125.868,126.018,855.7999877929688,631.0999755859375,859.5999755859375,618.4000244140625,553.2999877929688,150.00000000000568,13.256268969612856,active,
1.0,126.23,126.262,852.2999877929688,627.5,766.2000122070312,510.5,97.0,31.999999999996476,145.26598292752172,active,
1.0,126.766,126.79,728.5,479.29998779296875,792.0,564.5999755859375,110.80000305175781,24.00000000000091,106.34066916039515,active,
1.0,127.034,127.04,764.9000244140625,578.5999755859375,749.7999877929688,578.7999877929688,40.29999923706055,6.000000000000227,15.101361224781488,active,
1.0,128.021,128.038,759.0,584.4000244140625,722.0999755859375,566.5,57.29999923706055,17.00000000002433,41.012469759604116,active,
1.0,128.34,128.366,714.0999755859375,573.4000244140625,721.5,701.2999877929688,135.5,26.00000000001046,128.11385949090084,active,
1.0,128.647,128.661,714.2999877929688,694.2000122070312,770.2999877929688,688.5,91.9000015258789,14.000000000010004,56.28934303365341,active,
1.0,128.817,129.013,741.0999755859375,686.4000244140625,780.2000122070312,611.0999755859375,436.29998779296875,195.99999999999795,84.84639189316704,active,
1.0,129.489,129.505,772.5,596.5999755859375,727.9000244140625,575.4000244140625,60.400001525878906,15.999999999991132,49.38214000988723,active,
1.0,130.09,130.103,731.2999877929688,583.0,772.2000122070312,597.5999755859375,67.30000305175781,13.00000000000523,43.42777088662138,active,
1.0,130.854,130.875,761.0999755859375,592.0999755859375,716.0,513.5,89.69999694824219,20.999999999986585,90.61988722108481,active,
1.0,131.104,131.132,701.2000122070312,510.20001220703125,707.9000244140625,651.7999877929688,161.0,27.999999999991587,141.75839745677314,active,
1.0,131.353,131.374,706.2000122070312,634.5999755859375,678.7000122070312,733.2000122070312,139.3000030517578,20.999999999986585,102.36316340208047,active,
1.0,131.634,131.643,673.7999877929688,732.2999877929688,657.0,732.7000122070312,35.20000076293945,9.000000000014552,16.804749607647985,active,
1.0,131.981,132.016,653.0,735.5999755859375,758.9000244140625,915.2000122070312,201.1999969482422,34.99999999999659,208.49697437899968,active,
1.0,132.202,132.222,714.7000122070312,902.0999755859375,809.2999877929688,892.7000122070312,122.30000305175781,20.000000000010232,95.06584398397118,active,
1.0,132.396,132.443,776.5,887.4000244140625,668.0,636.2000122070312,144.8000030517578,47.000000000025466,273.63058332871464,active,
1.0,133.216,133.233,615.5999755859375,626.7999877929688,578.4000244140625,614.7000122070312,44.599998474121094,16.999999999995907,39.11835600290697,active,
1.0,133.386,133.426,573.0,611.0,824.7999877929688,580.4000244140625,240.6999969482422,39.99999999999204,253.65250315815766,active,
1.0,133.746,133.766,706.7999877929688,569.5999755859375,786.0999755859375,582.2999877929688,116.80000305175781,19.99999999998181,80.31051222613223,active,
1.0,134.866,134.88,736.9000244140625,595.5,717.0,622.2000122070312,47.900001525878906,13.999999999981583,33.30017452710873,active,
1.0,135.202,135.213,711.5,637.7999877929688,684.0999755859375,641.9000244140625,50.599998474121094,10.99999999999568,27.70508325534379,active,
1.0,135.713,135.733,680.5,647.4000244140625,760.5999755859375,640.0,107.5999984741211,20.000000000010232,80.4410743973283,active,
1.0,137.312,137.336,723.0,625.7999877929688,857.2999877929688,638.9000244140625,146.89999389648438,24.00000000000091,134.937384296071,active,
1.0,137.883,138.064,797.7999877929688,617.2999877929688,777.0999755859375,649.7000122070312,725.5999755859375,180.99999999998317,38.44804399970288,active,
1.0,138.412,138.432,773.4000244140625,642.5999755859375,858.7999877929688,609.7999877929688,112.80000305175781,19.99999999998181,91.4822001502884,active,
1.0,139.3,139.312,834.0,596.5,844.5999755859375,573.0,44.400001525878906,12.000000000000455,25.78002099344512,active,
1.0,139.684,139.691,822.9000244140625,579.7000122070312,806.9000244140625,586.5,42.5,7.000000000005002,17.385046275018194,active,
1.0,140.589,140.604,800.2000122070312,595.4000244140625,808.0999755859375,548.2000122070312,63.70000076293945,15.00000000001478,47.85656249389376,active,
1.0,140.872,140.888,796.7000122070312,553.0,742.7000122070312,545.7000122070312,74.80000305175781,15.999999999991132,54.49119031345794,active,
1.0,141.036,141.168,748.5999755859375,545.5999755859375,-424.6000061035156,608.5999755859375,201.10000610351562,132.000000000005,1174.8902914894365,active,
1.0,141.45,141.501,329.79998779296875,464.6000061035156,871.5,529.0,378.79998779296875,51.00000000001614,545.5146766485435,active,
1.0,142.002,142.025,803.7999877929688,519.7000122070312,894.4000244140625,532.2999877929688,127.5999984741211,22.999999999996135,91.47199582664494,active,
1.0,142.533,142.552,849.4000244140625,524.2999877929688,780.5999755859375,557.5,96.5999984741211,19.000000000005457,76.39167185825565,active,
1.0,142.948,142.968,777.7999877929688,579.4000244140625,714.2000122070312,594.2000122070312,67.19999694824219,19.99999999998181,65.29928432382601,active,
1.0,143.158,143.215,724.7000122070312,598.9000244140625,520.5,502.79998779296875,98.30000305175781,57.00000000001637,225.6831008824703,active,
1.0,143.483,143.493,580.5,505.0,607.5999755859375,490.3999938964844,54.79999923706055,9.999999999990905,30.782606370824126,active,
1.0,143.82,143.853,589.0,489.1000061035156,874.5999755859375,515.9000244140625,244.3000030517578,33.00000000001546,286.85464443884075,active,
1.0,144.263,144.279,731.5,591.0,781.5,592.0999755859375,87.69999694824219,15.999999999991132,50.01209799928072,,
1.0,144.845,144.994,731.5999755859375,590.2999877929688,740.7999877929688,581.0,554.4000244140625,149.0000000000009,13.081666467193381,active,
1.0,145.677,145.712,744.5,568.7000122070312,887.5999755859375,696.7000122070312,208.8000030517578,34.99999999999659,191.99375774408892,active,
1.0,146.068,146.088,850.2000122070312,684.2999877929688,826.7000122070312,631.0,61.900001525878906,19.99999999998181,58.25065406268515,active,
1.0,146.19,146.228,800.5,626.0,650.7000122070312,526.7000122070312,108.5999984741211,38.000000000010914,179.7234651303422,active,
1.0,146.757,146.798,640.0,516.5,764.2999877929688,710.5999755859375,198.8000030517578,40.99999999999682,230.48923508006553,active,
1.0,147.016,147.057,739.7000122070312,692.0,1033.300048828125,743.2999877929688,238.8000030517578,40.99999999999682,298.04810056678156,active,
1.0,147.244,147.264,930.4000244140625,732.5,955.0,661.0999755859375,86.5,20.000000000010232,75.51901936040643,active,
1.0,147.476,147.506,904.5,634.0999755859375,1037.300048828125,664.0999755859375,163.6999969482422,30.000000000001137,136.1464394273768,active,
1.0,147.693,147.718,987.2000122070312,651.0999755859375,1144.199951171875,641.7999877929688,168.3000030517578,24.999999999977263,157.27514300713267,active,
1.0,148.025,148.097,1109.199951171875,625.0999755859375,742.5,507.70001220703125,163.39999389648438,72.00000000000273,385.0345511649884,active,
1.0,148.6,148.618,800.2999877929688,513.9000244140625,723.2000122070312,534.2000122070312,106.4000015258789,18.000000000000682,79.72763473066813,active,
1.0,148.948,148.958,747.5,559.7999877929688,766.5999755859375,576.9000244140625,47.099998474121094,9.999999999990905,25.636308623242854,active,
1.0,149.802,149.824,749.9000244140625,586.5999755859375,820.0,664.7000122070312,137.5,22.00000000001978,104.94580647822579,active,
1.0,150.086,150.119,795.7999877929688,675.2999877929688,908.4000244140625,807.2000122070312,163.1999969482422,32.99999999998704,173.4254441755936,active,
1.0,150.259,150.308,879.9000244140625,799.0999755859375,699.9000244140625,516.0,167.39999389648438,49.000000000006594,335.4781605064008,active,
1.0,150.538,150.695,648.7000122070312,505.8999938964844,709.2999877929688,604.5,568.2999877929688,156.99999999998226,115.73382498055415,active,
1.0,150.933,150.971,704.7000122070312,592.4000244140625,838.7000122070312,767.5999755859375,225.3000030517578,38.000000000010914,220.56976875951833,active,
1.0,151.209,151.248,806.0999755859375,748.7000122070312,1006.5999755859375,808.2999877929688,219.1999969482422,38.99999999998727,209.17076059966973,active,
1.0,151.493,151.532,933.2000122070312,790.9000244140625,808.0999755859375,660.4000244140625,108.5999984741211,39.00000000001569,180.77684907808023,active,
1.0,152.398,152.406,772.9000244140625,637.0,761.5999755859375,656.5999755859375,49.900001525878906,8.000000000009777,22.624105429549147,active,
1.0,152.777,152.793,760.4000244140625,656.0999755859375,726.0,645.7999877929688,45.70000076293945,16.000000000019554,35.90893242945829,active,
1.0,153.368,153.398,727.7000122070312,629.7999877929688,905.5,738.7999877929688,244.6999969482422,30.000000000001137,208.55175774655996,active,
1.0,154.034,154.237,797.9000244140625,773.5,815.2999877929688,770.7999877929688,433.6000061035156,203.00000000000296,17.60820239278832,active,
1.0,154.425,154.438,820.2999877929688,781.5,841.4000244140625,749.0999755859375,63.70000076293945,12.999999999976808,38.66488235393124,active,
1.0,154.692,154.721,822.5999755859375,738.5,728.7999877929688,625.7000122070312,108.69999694824219,28.999999999996362,146.70472029234432,active,
1.0,155.068,155.08,686.5999755859375,572.0,693.0,543.5,46.20000076293945,12.000000000000455,29.209763992552148,active,
1.0,156.006,156.026,691.0,556.5,767.0999755859375,594.7000122070312,120.5,20.000000000010232,85.14955793659541,active,
1.0,156.611,156.635,731.4000244140625,605.7000122070312,622.5,613.7000122070312,100.0999984741211,24.00000000000091,109.19347653309427,active,
1.0,156.981,157.001,658.7000122070312,625.5999755859375,761.5999755859375,627.5,149.60000610351562,20.000000000010232,102.9175036432301,active,
1.0,157.273,157.295,718.5,622.4000244140625,817.7000122070312,682.2000122070312,146.8000030517578,21.99999999999136,115.83039740031268,active,
1.0,157.375,157.607,780.7000122070312,696.2999877929688,757.5,651.0999755859375,763.0,231.99999999999932,50.806315256296365,active,
1.0,157.99,158.006,745.7999877929688,635.7999877929688,735.4000244140625,599.0999755859375,48.5,15.999999999991132,38.14511940312723,active,
1.0,158.724,158.739,721.2000122070312,603.9000244140625,777.2999877929688,616.5,90.5,15.00000000001478,57.4975359951103,active,
1.0,159.33,159.344,759.5,619.0999755859375,722.4000244140625,612.2999877929688,55.900001525878906,13.999999999981583,37.718006607742176,active,
1.0,160.048,160.067,714.2000122070312,641.0999755859375,797.4000244140625,662.0999755859375,116.4000015258789,19.000000000005457,85.80933533858743,active,
1.0,160.457,160.473,767.5,664.7000122070312,724.7000122070312,652.0,61.29999923706055,16.000000000019554,44.64447631160004,active,
1.0,160.838,160.854,712.7999877929688,647.0,774.7000122070312,646.7999877929688,94.5,16.000000000019554,61.900347554311,active,
1.0,161.596,161.61,727.5,638.0,784.7000122070312,634.0,93.9000015258789,14.000000000010004,57.33970174743259,active,
1.0,162.563,162.593,765.7999877929688,628.0999755859375,718.2999877929688,722.0,88.69999694824219,30.000000000001137,105.23053066939049,active,
1.0,162.756,162.777,727.7999877929688,715.0999755859375,752.5,802.0999755859375,117.69999694824219,20.999999999986585,90.43832485748226,active,
1.0,163.106,163.121,746.4000244140625,802.4000244140625,799.2999877929688,797.0999755859375,91.5,15.00000000001478,53.164806433110726,active,
1.0,163.43,163.441,774.4000244140625,792.2000122070312,779.2999877929688,761.5,56.400001525878906,10.99999999999568,31.088589395893955,active,
1.0,163.685,163.701,761.5999755859375,753.4000244140625,717.9000244140625,780.4000244140625,68.69999694824219,15.999999999991132,51.368139273524974,active,
1.0,163.926,163.946,732.2999877929688,783.2999877929688,804.2999877929688,792.0999755859375,121.30000305175781,20.000000000010232,72.53578279136718,active,
1.0,164.235,164.253,762.4000244140625,790.0,793.2999877929688,737.5999755859375,80.0,17.99999999997226,60.83231292176957,active,
1.0,165.567,165.741,745.0,731.9000244140625,781.0,668.0999755859375,860.2000122070312,174.0000000000066,73.25603204154,active,
1.0,165.952,165.975,778.0999755859375,669.5,755.0999755859375,583.9000244140625,88.9000015258789,22.999999999996135,88.6360864451556,active,
1.0,166.151,166.173,721.0999755859375,557.5999755859375,662.7999877929688,488.0,98.5,21.99999999999136,90.7912175170231,active,
1.0,166.763,166.823,642.2999877929688,466.0,855.7000122070312,794.7999877929688,329.79998779296875,60.000000000002274,391.9808699319125,active,
1.0,167.065,167.087,812.5,815.5,782.7000122070312,724.5,91.0999984741211,21.99999999999136,95.7551005036342,active,
1.0,168.794,168.806,718.5,671.2000122070312,764.0,671.7000122070312,83.0999984741211,12.000000000000455,45.50274716981382,active,
1.0,169.247,169.432,712.9000244140625,656.7000122070312,767.0999755859375,746.2000122070312,506.1000061035156,184.99999999997385,104.63213993335717,active,
1.0,169.709,169.744,749.9000244140625,759.0999755859375,637.7999877929688,589.9000244140625,135.3000030517578,34.99999999999659,202.9656170069587,active,
1.0,170.027,170.043,592.4000244140625,549.2999877929688,561.7000122070312,512.9000244140625,61.70000076293945,16.000000000019554,47.617728667982306,active,
1.0,170.344,170.382,554.4000244140625,514.2000122070312,716.0,617.0999755859375,213.8000030517578,38.000000000010914,191.58015182360577,active,
1.0,170.69,170.711,671.2000122070312,607.5,772.0999755859375,642.2999877929688,157.1999969482422,21.000000000015007,106.73257122479247,active,
1.0,171.663,171.679,718.0999755859375,656.4000244140625,784.5,662.0999755859375,100.5999984741211,15.999999999991132,66.64422469764244,active,
1.0,172.19,172.206,757.0,666.0999755859375,710.7999877929688,672.7999877929688,69.69999694824219,15.999999999991132,46.683308489268455,active,
1.0,172.512,172.755,707.5,673.5999755859375,791.7999877929688,670.4000244140625,409.0,242.999999999995,84.3606995549294,active,
1.0,173.166,173.176,749.0,606.5999755859375,779.0999755859375,603.5999755859375,57.400001525878906,9.999999999990905,30.249107925260102,,
1.0,173.384,173.551,756.2000122070312,606.7999877929688,758.9000244140625,601.7999877929688,505.1000061035156,167.0000000000016,5.682434858237951,,
1.0,174.105,174.113,764.0,607.4000244140625,793.2000122070312,611.0,63.900001525878906,8.000000000009777,29.421090005472607,constant,
1.0,175.048,175.074,766.5,582.2999877929688,668.2000122070312,675.2000122070312,117.19999694824219,26.00000000001046,135.25273430223587,constant,
1.0,175.372,175.41,675.4000244140625,712.7999877929688,919.0,660.2999877929688,219.6999969482422,37.99999999998249,249.19309401640598,constant,
1.0,175.755,175.775,808.2000122070312,627.5,840.4000244140625,563.0999755859375,86.4000015258789,20.000000000010232,72.00141617124491,constant,
1.0,176.161,176.186,810.5999755859375,539.5,743.7999877929688,542.5999755859375,68.69999694824219,25.000000000005684,66.87187912549028,constant,
1.0,176.292,176.447,718.5,555.0999755859375,730.7000122070312,570.2999877929688,497.0,155.00000000000114,19.490527672323562,constant,
1.0,176.759,176.783,735.7999877929688,561.2000122070312,874.0999755859375,523.2000122070312,173.39999389648438,24.00000000000091,143.4255438321058,constant,
1.0,177.265,177.311,823.5999755859375,505.79998779296875,654.2000122070312,654.4000244140625,126.0999984741211,46.00000000002069,225.34045015612529,constant,
1.0,177.792,177.813,706.0999755859375,657.2000122070312,807.0999755859375,614.0999755859375,149.8000030517578,20.999999999986585,109.81171684633486,constant,
1.0,178.08,178.098,764.2000122070312,581.5999755859375,739.9000244140625,529.2000122070312,73.5,18.000000000000682,57.76024211210637,constant,
1.0,178.673,178.691,732.2999877929688,533.9000244140625,742.7999877929688,597.5999755859375,77.0999984741211,18.000000000000682,64.55953670294777,constant,
1.0,179.518,179.531,737.7000122070312,595.7999877929688,751.7000122070312,632.0999755859375,63.29999923706055,13.00000000000523,38.90615778729224,constant,
1.0,179.953,179.969,745.9000244140625,629.4000244140625,769.5,681.0999755859375,84.80000305175781,15.999999999991132,56.83171472717593,constant,
1.0,180.193,180.322,751.0999755859375,690.5999755859375,809.7000122070312,647.2999877929688,676.7000122070312,128.99999999999068,72.86187778848944,constant,
1.0,180.685,180.706,795.2999877929688,642.7999877929688,866.2999877929688,593.7000122070312,114.69999694824219,20.999999999986585,86.32385303344411,constant,
1.0,181.061,181.088,834.4000244140625,566.7000122070312,943.2000122070312,502.20001220703125,119.4000015258789,26.999999999986812,126.48196449988492,constant,
1.0,181.419,181.484,914.2000122070312,484.8999938964844,581.5,635.2000122070312,168.39999389648438,64.99999999999773,365.074504213468,constant,
1.0,181.798,181.818,709.4000244140625,645.0,649.2999877929688,678.0,81.4000015258789,20.000000000010232,68.56394389077111,constant,
1.0,181.938,182.092,654.9000244140625,693.7000122070312,697.2000122070312,656.5,726.5,154.00000000002478,56.33054123198693,constant,
1.0,182.37,182.409,699.7999877929688,651.7000122070312,888.0999755859375,523.4000244140625,211.1999969482422,38.99999999998727,227.85471746379997,constant,
1.0,182.965,182.995,803.7999877929688,525.2999877929688,702.4000244140625,661.5,140.1999969482422,30.000000000001137,169.80104798981364,constant,
1.0,183.578,183.618,709.7000122070312,696.4000244140625,909.2000122070312,647.4000244140625,153.5,39.99999999999204,205.42942827160863,constant,
1.0,184.086,184.234,811.9000244140625,620.2000122070312,1616.0999755859375,373.8999938964844,250.8000030517578,147.99999999999613,841.0714954655293,constant,
1.0,184.279,184.295,1538.0,338.5,1485.0999755859375,373.20001220703125,77.30000305175781,15.999999999991132,63.265341460996844,constant,
1.0,184.453,184.564,1322.0,428.29998779296875,514.7000122070312,545.7999877929688,179.39999389648438,110.99999999999,815.8060555613249,constant,
1.0,185.106,185.174,774.9000244140625,563.0999755859375,501.20001220703125,358.8999938964844,122.5999984741211,68.00000000001205,341.4810817660358,constant,
1.0,185.601,185.624,553.2000122070312,333.20001220703125,653.0999755859375,349.1000061035156,157.6999969482422,22.999999999996135,101.15736497662961,constant,
1.0,185.931,185.951,615.0999755859375,347.70001220703125,632.7000122070312,276.0,78.4000015258789,19.99999999998181,73.82853811062678,constant,
1.0,186.348,186.393,616.4000244140625,270.8999938964844,850.2000122070312,549.2999877929688,288.6000061035156,44.999999999987494,363.5505341676104,constant,
1.0,188.457,188.625,730.5,539.4000244140625,804.0999755859375,538.7999877929688,692.4000244140625,168.00000000000637,73.60242149683154,constant,
1.0,189.227,189.251,783.0999755859375,521.5,764.4000244140625,621.2000122070312,111.80000305175781,24.00000000000091,101.43855582525163,constant,
1.0,190.301,190.322,729.0,591.5,706.4000244140625,528.0999755859375,76.9000015258789,21.000000000015007,67.30766666724298,constant,
1.0,190.671,190.708,680.5999755859375,505.1000061035156,856.9000244140625,534.4000244140625,169.60000610351562,37.00000000000614,178.71820917242215,constant,
1.0,191.061,191.09,789.4000244140625,522.2000122070312,781.2000122070312,650.4000244140625,130.8000030517578,28.999999999996362,128.46199177219083,constant,
1.0,191.546,191.564,777.2999877929688,634.5999755859375,745.7000122070312,607.7000122070312,60.099998474121094,18.000000000000682,41.49899380489054,constant,
1.0,191.951,191.969,728.5999755859375,602.5999755859375,678.9000244140625,610.9000244140625,55.099998474121094,18.000000000000682,50.388252172862856,constant,
1.0,192.401,192.407,685.4000244140625,602.5999755859375,672.9000244140625,597.2000122070312,38.099998474121094,6.000000000000227,13.616519544051211,constant,
1.0,192.465,192.605,656.5,606.7000122070312,718.7000122070312,548.7000122070312,731.0999755859375,139.99999999998636,85.0461140708665,constant,
1.0,193.147,193.176,707.5999755859375,541.7000122070312,793.9000244140625,621.2000122070312,145.1999969482422,28.999999999996362,117.33690138970246,constant,
1.0,193.926,193.937,757.9000244140625,610.9000244140625,793.9000244140625,608.5,62.400001525878906,11.000000000024102,36.07991293210248,constant,
1.0,194.135,194.153,770.9000244140625,600.0999755859375,717.7000122070312,578.5999755859375,81.5999984741211,18.000000000000682,57.38023439154178,constant,
1.0,194.705,194.725,681.5999755859375,556.5999755859375,779.2000122070312,569.2000122070312,143.0,19.99999999998181,98.40999985413954,constant,
1.0,195.089,195.112,740.4000244140625,574.0999755859375,864.4000244140625,562.7999877929688,149.5,22.999999999996135,124.51381338679353,constant,
1.0,195.363,195.38,824.0,545.5999755859375,847.2999877929688,499.79998779296875,68.19999694824219,16.999999999995907,51.38607119627438,constant,
1.0,195.797,195.82,818.0999755859375,493.70001220703125,767.5,574.2999877929688,89.5999984741211,22.999999999996135,95.1667672759309,constant,
1.0,196.073,196.085,769.0999755859375,594.0999755859375,736.0999755859375,600.2999877929688,54.099998474121094,12.000000000000455,33.577375587846895,constant,
1.0,196.728,196.75,742.2999877929688,610.5,846.5,661.4000244140625,145.6999969482422,21.99999999999136,115.96747401447365,constant,
1.0,197.037,197.217,812.7000122070312,663.9000244140625,762.5,605.2999877929688,495.70001220703125,180.00000000000682,77.1622026485741,constant,
1.0,197.564,197.585,760.2999877929688,601.2000122070312,794.7000122070312,688.5,124.9000015258789,21.000000000015007,93.8330940997929,constant,
1.0,197.97,197.983,786.7000122070312,676.0,779.0,647.7999877929688,46.0,13.00000000000523,29.232360090576705,constant,
1.0,198.577,198.597,755.9000244140625,645.7000122070312,708.2999877929688,623.7999877929688,58.29999923706055,20.000000000010232,52.39632196696634,constant,
1.0,199.103,199.152,702.9000244140625,613.0,968.2999877929688,624.2999877929688,175.60000610351562,48.99999999997817,265.64041538449305,constant,
1.0,199.365,199.387,860.2999877929688,616.7999877929688,769.2999877929688,610.0999755859375,97.4000015258789,21.99999999999136,91.24631589042029,constant,
1.0,200.001,200.046,739.2000122070312,608.5999755859375,685.9000244140625,453.0,95.4000015258789,44.999999999987494,164.47565504072315,constant,
1.0,200.375,200.397,618.0,425.5,669.7999877929688,353.3999938964844,106.80000305175781,21.99999999999136,88.77865517948952,constant,
1.0,200.7,200.719,637.0,327.29998779296875,638.9000244140625,259.29998779296875,77.19999694824219,19.000000000005457,68.02653962075415,constant,
1.0,201.188,201.233,627.4000244140625,256.1000061035156,799.2000122070312,463.8999938964844,217.3000030517578,45.000000000015916,269.6220887324,constant,
1.0,201.632,201.673,750.5999755859375,450.5,807.0999755859375,662.9000244140625,199.6999969482422,40.99999999999682,219.78630615007467,constant,
1.0,201.896,201.933,796.4000244140625,664.7000122070312,777.7999877929688,916.5999755859375,219.6999969482422,37.00000000000614,252.5857337867686,constant,
1.0,202.352,202.375,779.2999877929688,910.0999755859375,768.4000244140625,824.5999755859375,79.9000015258789,22.999999999996135,86.1919903567698,constant,
1.0,202.609,202.631,739.5,815.9000244140625,761.5999755859375,736.5,78.4000015258789,21.99999999999136,82.41827951281654,constant,
1.0,202.9,202.919,714.7999877929688,702.2999877929688,815.4000244140625,686.0999755859375,149.8000030517578,19.000000000005457,101.8960635337468,constant,
1.0,203.486,203.498,776.0999755859375,654.0999755859375,737.0,650.0,68.5,12.000000000000455,39.3143471346809,constant,
1.0,206.935,206.946,736.0,620.9000244140625,703.7999877929688,609.5,57.900001525878906,10.99999999999568,34.158473952654596,constant,
1.0,208.348,208.355,711.0,612.5,729.0,616.2999877929688,44.5,6.9999999999765805,18.39673631997566,constant,
1.0,208.985,209.003,719.0999755859375,618.0,790.2999877929688,622.5999755859375,110.0,17.99999999997226,71.34845137543365,constant,
1.0,209.732,209.739,755.7999877929688,620.0999755859375,773.2999877929688,620.7000122070312,42.70000076293945,7.000000000005002,17.5102839482018,constant,
1.0,209.944,210.087,751.5999755859375,628.7999877929688,787.2999877929688,644.7999877929688,489.29998779296875,143.00000000000068,39.12148861664367,constant,
1.0,210.863,210.876,763.4000244140625,604.5999755859375,727.7999877929688,593.9000244140625,58.400001525878906,13.00000000000523,37.173264081914105,constant,
1.0,211.201,211.363,709.4000244140625,593.5,825.7999877929688,493.8999938964844,534.5999755859375,162.00000000000614,153.19632074704361,constant,
1.0,211.742,211.795,793.7999877929688,488.3999938964844,591.7000122070312,659.0,145.5,52.99999999999727,264.47828306754434,constant,
1.0,212.287,212.303,676.2999877929688,672.0,718.2000122070312,641.7000122070312,76.9000015258789,15.999999999991132,51.707845692439065,constant,
1.0,212.646,212.666,691.7999877929688,634.0999755859375,775.0999755859375,591.5999755859375,126.69999694824219,20.000000000010232,93.51544239487264,constant,
1.0,213.012,213.021,737.9000244140625,588.5999755859375,761.7000122070312,579.7999877929688,49.5,8.99999999998613,25.37477495667421,constant,
1.0,213.729,213.739,758.5,594.7999877929688,784.7000122070312,593.7999877929688,47.900001525878906,9.999999999990905,26.21908922233163,,
1.0,213.981,213.99,770.2000122070312,594.5,742.0999755859375,596.0,55.400001525878906,9.000000000014552,28.140043676348654,constant,
1.0,214.372,214.391,756.9000244140625,596.9000244140625,776.5,629.9000244140625,52.0,18.999999999977035,38.38175403716388,constant,
1.0,214.502,214.643,753.5,641.2999877929688,780.7000122070312,636.2000122070312,674.4000244140625,140.99999999999113,27.674002512101634,constant,
1.0,214.999,215.018,776.5,636.0,717.4000244140625,691.4000244140625,116.5,19.000000000005457,81.0059863179082,constant,
1.0,215.358,215.382,737.0999755859375,697.2000122070312,689.2000122070312,610.0,91.80000305175781,24.00000000000091,99.48994230879299,constant,
1.0,215.82,215.855,653.5,586.2000122070312,807.7000122070312,620.7999877929688,172.8000030517578,34.99999999999659,158.034180085183,constant,
1.0,216.142,216.165,752.5999755859375,610.5,821.7000122070312,688.0,145.5,22.999999999996135,103.83190772126117,constant,
1.0,216.526,216.538,801.0999755859375,664.0,835.7999877929688,669.7000122070312,60.599998474121094,12.000000000000455,35.165053481097154,constant,
1.0,216.787,216.814,820.4000244140625,669.2000122070312,959.2000122070312,757.4000244140625,184.60000610351562,26.999999999986812,164.4526642066,constant,
1.0,217.068,217.078,919.7999877929688,760.5,886.7000122070312,761.7000122070312,63.29999923706055,9.999999999990905,33.121721167334925,constant,
1.0,217.252,217.284,900.2999877929688,766.2999877929688,774.0,644.2999877929688,139.6999969482422,31.999999999982265,175.60093085318215,constant,
1.0,217.584,217.605,731.2999877929688,596.2000122070312,656.5,555.7999877929688,85.30000305175781,20.999999999986585,85.0129410530251,constant,
1.0,218.007,218.166,658.7999877929688,573.5999755859375,813.0,616.2000122070312,798.2999877929688,158.99999999999181,159.9762697551331,constant,
1.0,218.621,218.643,780.2000122070312,611.5,794.5,685.7000122070312,82.4000015258789,21.99999999999136,75.56541181256569,constant,
1.0,219.016,219.025,786.4000244140625,675.2999877929688,758.2000122070312,681.0,57.29999923706055,9.000000000014552,28.7703115665614,constant,
1.0,219.209,219.233,753.0,679.0999755859375,678.5999755859375,578.0,118.4000015258789,24.00000000000091,125.5251715644725,constant,
1.0,219.583,219.618,655.2000122070312,574.5999755859375,811.7999877929688,640.2000122070312,196.6999969482422,34.99999999999659,169.78491440114774,constant,
1.0,220.397,220.418,758.7999877929688,619.7999877929688,794.2000122070312,679.9000244140625,101.80000305175781,21.000000000015007,69.75081454988917,constant,
1.0,220.813,220.827,779.5999755859375,669.7000122070312,766.0999755859375,638.2999877929688,46.599998474121094,14.000000000010004,34.17910960226613,constant,
1.0,221.177,221.192,748.0999755859375,640.0999755859375,717.5999755859375,685.7000122070312,75.30000305175781,15.00000000001478,54.859942944238384,constant,
1.0,221.646,221.671,725.7999877929688,699.4000244140625,678.9000244140625,590.0,111.30000305175781,25.000000000005684,119.02929012113034,constant,
1.0,221.994,222.032,645.5999755859375,567.7000122070312,848.0,589.2000122070312,210.3000030517578,38.000000000010914,203.53874295281744,constant,
1.0,222.423,222.447,776.4000244140625,567.2999877929688,884.7000122070312,575.7999877929688,127.19999694824219,24.00000000000091,108.63303989098887,constant,
1.0,222.845,222.875,855.7000122070312,575.2000122070312,751.5999755859375,663.5999755859375,108.5999984741211,30.000000000001137,136.57002288168889,constant,
1.0,223.913,223.933,726.0999755859375,635.7000122070312,815.2999877929688,651.9000244140625,130.89999389648438,19.99999999998181,90.65915603645605,constant,
1.0,224.244,224.254,778.2000122070312,658.7999877929688,805.4000244140625,654.0999755859375,51.599998474121094,9.999999999990905,27.603093645620444,constant,
1.0,224.524,224.538,784.7999877929688,662.0999755859375,750.7999877929688,637.4000244140625,63.0,14.000000000010004,42.024844888387264,constant,
1.0,224.88,225.067,738.4000244140625,630.9000244140625,781.2000122070312,621.0,1037.699951171875,187.00000000001182,43.93005165575506,constant,
1.0,226.219,226.228,761.0999755859375,605.7999877929688,736.2999877929688,594.0999755859375,54.29999923706055,9.000000000014552,27.421336221564392,constant,
1.0,226.589,226.61,724.0999755859375,579.5,810.7999877929688,600.0,124.5,21.000000000015007,89.09063989387083,constant,
1.0,226.854,226.864,771.2999877929688,602.5999755859375,739.4000244140625,603.5,59.0,9.999999999990905,31.912657481342233,constant,
1.0,227.148,227.159,748.4000244140625,616.7999877929688,714.2999877929688,615.5,57.099998474121094,10.99999999999568,34.12480719098355,constant,
1.0,227.363,227.384,717.7999877929688,614.2000122070312,660.2999877929688,581.7000122070312,65.0999984741211,20.999999999986585,66.04922406811453,constant,
1.0,227.793,227.813,643.4000244140625,565.7999877929688,743.5999755859375,573.5,136.8000030517578,19.99999999998181,100.49537503206088,constant,
1.0,228.065,228.228,696.0,582.5,838.2999877929688,548.2999877929688,951.9000244140625,163.0000000000109,146.35206647273603,constant,
1.0,228.53,228.548,804.9000244140625,532.7000122070312,737.9000244140625,563.4000244140625,97.69999694824219,18.000000000000682,73.69864822038372,constant,
1.0,228.884,228.904,736.2999877929688,593.5,653.0,608.7000122070312,109.5999984741211,20.000000000010232,84.67542936060403,constant,
1.0,229.342,229.362,665.7000122070312,616.0999755859375,760.9000244140625,621.5999755859375,152.10000610351562,19.99999999998181,95.35875588648847,constant,
1.0,229.532,229.699,707.2999877929688,631.5,767.2000122070312,591.0999755859375,998.5999755859375,167.0000000000016,72.25077783292114,constant,
1.0,230.0,230.018,742.7000122070312,583.9000244140625,684.5999755859375,573.5,80.4000015258789,18.000000000000682,59.02351025807878,constant,
1.0,230.367,230.409,689.0,567.0999755859375,898.2000122070312,602.9000244140625,208.3000030517578,42.00000000000159,212.24110959830134,constant,
1.0,230.662,230.682,819.2999877929688,590.0999755859375,755.0,567.0999755859375,91.0999984741211,19.99999999998181,68.28973883517149,constant,
1.0,230.977,230.996,694.0,504.0,660.2000122070312,459.0,66.0999984741211,19.000000000005457,56.28000688348249,constant,
1.0,231.215,231.354,643.2000122070312,446.29998779296875,768.7999877929688,463.29998779296875,892.4000244140625,139.00000000001,126.74523212802956,constant,
1.0,231.691,231.736,739.7000122070312,470.29998779296875,769.0,583.0,168.0,44.999999999987494,116.44647713062474,constant,
1.0,232.555,232.571,730.0,596.5,800.9000244140625,588.5,107.80000305175781,15.999999999991132,71.34993666370461,constant,
1.0,232.933,232.951,769.2000122070312,576.4000244140625,725.0,559.0,59.70000076293945,18.000000000000682,47.501599222675466,constant,
1.0,233.201,233.221,721.2000122070312,540.5999755859375,668.0999755859375,508.1000061035156,71.9000015258789,20.000000000010232,62.256420596753316,constant,
1.0,233.472,233.634,653.2999877929688,506.70001220703125,718.7000122070312,459.70001220703125,863.4000244140625,161.99999999997772,80.53671953438364,constant,
1.0,234.197,234.216,693.5,452.8999938964844,776.2999877929688,463.20001220703125,133.89999389648438,19.000000000005457,83.43817085551058,constant,
1.0,234.536,234.555,741.7999877929688,469.20001220703125,825.7000122070312,500.20001220703125,129.5,19.000000000005457,89.4439159288114,constant,
1.0,234.855,234.874,799.9000244140625,518.7000122070312,736.2999877929688,493.79998779296875,81.4000015258789,19.000000000005457,68.3006286502941,constant,
1.0,235.206,235.229,667.4000244140625,460.1000061035156,784.2000122070312,498.6000061035156,171.6999969482422,23.000000000024556,122.98165370671208,constant,
1.0,235.478,235.499,744.0999755859375,512.5,850.0999755859375,534.7000122070312,156.39999389648438,20.999999999986585,108.29977166177378,constant,
1.0,235.834,235.852,811.0999755859375,533.5,889.0,537.4000244140625,119.4000015258789,18.000000000000682,77.99758966879564,constant,
1.0,236.184,236.198,850.2000122070312,540.0,809.0999755859375,562.2999877929688,76.5999984741211,14.000000000010004,46.76005202971659,constant,
1.0,236.459,236.477,800.0999755859375,581.2999877929688,766.4000244140625,618.9000244140625,61.20000076293945,18.000000000000682,50.49207326793336,constant,
1.0,236.745,236.766,768.5999755859375,631.2999877929688,719.4000244140625,595.4000244140625,65.80000305175781,20.999999999986585,60.9051932590456,constant,
1.0,237.187,237.198,677.7999877929688,563.0999755859375,706.0,548.7000122070312,57.0,10.99999999999568,31.663853741933444,constant,
1.0,237.429,237.472,683.5999755859375,542.4000244140625,930.7000122070312,558.2000122070312,212.3000030517578,43.00000000000637,247.604660118512,constant,
1.0,237.816,237.844,842.5999755859375,546.5999755859375,995.9000244140625,566.9000244140625,177.8000030517578,27.999999999991587,154.63827777471454,constant,
1.0,238.256,238.27,926.2999877929688,563.0999755859375,865.2999877929688,558.9000244140625,91.0999984741211,14.000000000010004,61.14441585170419,constant,
1.0,238.551,238.566,834.2000122070312,561.7999877929688,775.2999877929688,557.2999877929688,88.5999984741211,15.00000000001478,59.071675750541885,constant,
1.0,238.906,238.917,768.9000244140625,557.7999877929688,731.0999755859375,559.5999755859375,67.80000305175781,10.99999999999568,37.842881067163354,constant,
1.0,239.579,239.597,732.7000122070312,576.7000122070312,759.0999755859375,546.2999877929688,58.5,18.000000000000682,40.263128924404114,constant,
1.0,239.815,239.83,741.2000122070312,531.2000122070312,791.0999755859375,503.0,83.80000305175781,15.00000000001478,57.317074538857064,constant,
1.0,240.012,240.031,764.9000244140625,478.8999938964844,824.7000122070312,419.1000061035156,107.4000015258789,19.000000000005457,84.56995376656194,constant,
1.0,240.581,240.616,806.7000122070312,402.29998779296875,789.4000244140625,588.9000244140625,139.10000610351562,35.00000000002501,187.4002754657271,constant,
1.0,241.253,241.281,769.7000122070312,595.4000244140625,726.7000122070312,705.9000244140625,109.5,28.00000000002001,118.57170826128802,constant,
1.0,241.622,241.636,734.2999877929688,695.5,747.0,662.5999755859375,47.70000076293945,13.999999999981583,35.266158232853364,constant,
1.0,242.227,242.245,719.7000122070312,636.4000244140625,728.7999877929688,700.5,84.80000305175781,18.000000000000682,64.74269399540339,constant,
1.0,242.606,242.621,754.5999755859375,589.5,772.2999877929688,611.7000122070312,45.5,15.00000000001478,28.392445722786753,,
1.0,244.381,244.405,755.2999877929688,595.7999877929688,774.0,666.5999755859375,87.4000015258789,24.00000000000091,73.22792314430092,constant,
1.0,244.641,244.663,767.0,655.2000122070312,892.5999755859375,668.5,155.0,22.00000000001978,126.30219136056672,constant,
1.0,244.934,244.956,855.5,659.2999877929688,775.2000122070312,603.4000244140625,104.19999694824219,21.99999999999136,97.84116692534892,constant,
1.0,245.41,245.432,696.2999877929688,526.7000122070312,704.5999755859375,458.6000061035156,67.9000015258789,21.99999999999136,68.60394032898034,constant,
1.0,245.673,245.698,672.0999755859375,395.20001220703125,795.5,362.0,132.39999389648438,25.000000000005684,127.78813260995031,constant,
1.0,246.14,246.164,755.2999877929688,333.79998779296875,681.7000122070312,444.5,129.3000030517578,24.00000000000091,132.93400283180924,constant,
1.0,246.512,246.536,669.0,509.29998779296875,775.7999877929688,571.7999877929688,174.39999389648438,24.00000000000091,123.74363576595879,constant,
1.0,246.836,247.029,738.7999877929688,578.7000122070312,813.5999755859375,623.0999755859375,1129.0,192.99999999998363,86.98502699819372,constant,
1.0,247.271,247.291,805.2000122070312,611.2000122070312,896.7999877929688,620.7000122070312,134.39999389648438,20.000000000010232,92.09128909589846,constant,
1.0,247.542,247.556,856.0,608.2000122070312,800.5999755859375,603.2000122070312,84.0999984741211,14.000000000010004,55.62519847226364,constant,
1.0,247.81,247.829,804.9000244140625,602.5,729.9000244140625,608.9000244140625,94.9000015258789,19.000000000005457,75.27257344146403,constant,
1.0,248.234,248.244,758.9000244140625,619.9000244140625,727.7000122070312,619.7000122070312,58.599998474121094,9.999999999990905,31.200653304087407,constant,
1.0,248.564,248.611,739.5999755859375,619.0,927.2999877929688,876.0,234.5,46.999999999997044,318.24565131753127,constant,
1.0,248.899,248.921,872.2999877929688,855.4000244140625,820.0999755859375,775.7000122070312,97.80000305175781,21.99999999999136,95.27294065061255,constant,
1.0,249.227,249.285,748.7999877929688,710.0,544.5999755859375,602.7999877929688,90.69999694824219,57.999999999992724,230.6284622559396,constant,
1.0,249.474,249.503,601.7000122070312,601.5,793.7999877929688,625.9000244140625,237.39999389648438,28.999999999996362,193.6433882463448,constant,
1.0,249.911,250.089,730.5,628.5,872.0,605.9000244140625,1010.0,177.99999999999727,143.29343633427516,constant,
1.0,250.266,250.289,838.2999877929688,584.9000244140625,917.5,598.0,143.60000610351562,22.999999999996135,80.27609416224769,constant,
1.0,250.541,250.621,878.7999877929688,591.2000122070312,531.0,554.4000244140625,110.5,80.0000000000125,349.7414339342021,constant,
1.0,250.789,250.809,684.0,559.7999877929688,759.9000244140625,520.4000244140625,127.0999984741211,20.000000000010232,85.51707911472677,constant,
1.0,251.125,251.143,730.2999877929688,525.7000122070312,795.9000244140625,535.9000244140625,103.9000015258789,18.000000000000682,66.38829003455676,constant,
1.0,251.418,251.439,762.5,535.9000244140625,798.4000244140625,620.7999877929688,100.5999984741211,20.999999999986585,92.178172767038,constant,
1.0,251.79,251.808,775.2999877929688,625.2000122070312,862.7000122070312,638.4000244140625,128.89999389648438,18.000000000000682,88.39120199343651,constant,
1.0,252.025,252.044,840.5999755859375,636.7000122070312,919.2000122070312,639.7999877929688,115.4000015258789,19.000000000005457,78.66114419121226,constant,
1.0,252.317,252.334,878.7000122070312,641.7000122070312,821.9000244140625,612.5,87.30000305175781,16.999999999995907,63.86610467354474,constant,
1.0,252.683,252.748,795.9000244140625,613.0,1363.5999755859375,692.5,291.6000061035156,64.99999999999773,573.2394652852761,constant,
1.0,253.129,253.152,1143.0,689.5999755859375,1035.800048828125,731.7999877929688,141.6999969482422,22.999999999996135,115.20707687258613,constant,
1.0,253.397,253.42,988.7000122070312,773.2999877929688,886.4000244140625,739.7000122070312,116.9000015258789,22.999999999996135,107.67657991326224,constant,
1.0,253.736,253.754,851.2000122070312,724.9000244140625,814.9000244140625,675.5999755859375,76.9000015258789,18.000000000000682,61.22241360992875,constant,
1.0,254.146,254.161,800.0999755859375,656.5,754.0,633.2999877929688,72.9000015258789,15.00000000001478,51.608606989827116,constant,
1.0,254.483,254.505,765.2999877929688,620.5,874.2999877929688,651.9000244140625,165.6999969482422,21.99999999999136,113.43262993161942,constant,
1.0,255.064,255.071,816.4000244140625,647.5,802.9000244140625,639.4000244140625,38.900001525878906,7.000000000005002,15.743557555164701,constant,
1.0,255.391,255.408,789.5999755859375,642.4000244140625,857.0,647.7000122070312,105.19999694824219,16.999999999995907,67.60808503146528,constant,
1.0,255.679,255.69,825.2999877929688,653.4000244140625,793.7000122070312,652.7999877929688,55.79999923706055,10.99999999999568,31.60567197479749,constant,
1.0,256.879,256.897,776.4000244140625,642.2999877929688,766.5,589.2000122070312,64.80000305175781,17.99999999997226,54.014978391425764,constant,
1.0,257.233,257.245,744.4000244140625,579.0999755859375,770.5,551.4000244140625,64.30000305175781,12.000000000000455,38.05911218763245,constant,
1.0,257.405,257.569,730.0999755859375,559.7000122070312,795.2000122070312,562.9000244140625,1113.199951171875,164.0000000000441,65.17863795901918,constant,
1.0,258.005,258.019,786.0999755859375,547.0999755859375,745.7999877929688,585.7999877929688,83.69999694824219,14.000000000010004,55.87289110953359,constant,
1.0,258.463,258.482,754.2000122070312,591.0999755859375,823.4000244140625,607.5999755859375,114.4000015258789,19.000000000005457,71.13994440153347,constant,
1.0,259.065,259.072,788.9000244140625,609.0,771.2000122070312,610.0999755859375,42.599998474121094,7.000000000005002,17.734158520175516,constant,
1.0,261.705,261.719,733.2999877929688,625.5999755859375,785.0999755859375,626.7000122070312,79.69999694824219,14.000000000010004,51.81166679348831,constant,
1.0,262.368,262.378,754.7000122070312,625.2999877929688,731.2999877929688,620.7000122070312,43.400001525878906,9.999999999990905,23.847870302606523,constant,
1.0,263.036,263.05,738.7999877929688,620.0999755859375,783.7000122070312,612.0999755859375,82.0999984741211,14.000000000010004,45.60715067161517,constant,
1.0,264.224,264.241,744.0,602.2999877929688,804.5999755859375,604.5,92.9000015258789,16.999999999995907,60.63989688915465,constant,
1.0,264.523,264.531,764.7999877929688,600.0,743.5999755859375,599.9000244140625,48.099998474121094,7.999999999981355,21.200247939494897,constant,
1.0,265.548,265.562,740.5999755859375,605.9000244140625,793.2000122070312,608.2999877929688,87.5999984741211,14.000000000010004,52.65475929828656,constant,
1.0,265.856,265.871,770.4000244140625,610.2000122070312,829.0,612.9000244140625,95.0,14.999999999986358,58.6621445618091,constant,
1.0,266.347,266.356,777.5,613.5999755859375,754.7000122070312,603.0,52.0,9.000000000014552,25.143566290047143,constant,
1.0,267.304,267.315,754.9000244140625,587.7999877929688,793.4000244140625,594.2999877929688,71.0,11.000000000024102,39.04484601070928,constant,
1.0,267.589,267.742,767.5999755859375,603.7999877929688,761.2999877929688,585.2000122070312,1143.699951171875,153.00000000002,19.637946379115775,constant,
1.0,268.07,268.089,752.5999755859375,578.2000122070312,826.2999877929688,611.2999877929688,115.80000305175781,19.000000000005457,80.79170862846146,constant,
1.0,268.373,268.382,790.9000244140625,618.0,767.7999877929688,605.9000244140625,53.400001525878906,9.000000000014552,26.077214212337864,constant,
1.0,269.111,269.116,765.7000122070312,608.4000244140625,754.2999877929688,603.4000244140625,36.79999923706055,4.9999999999954525,12.448315413790777,constant,
1.0,269.65,269.67,747.5999755859375,597.7000122070312,826.2999877929688,603.7999877929688,116.69999694824219,20.000000000038654,78.93606034972801,constant,
1.0,270.101,270.12,784.2000122070312,603.0,766.5999755859375,560.9000244140625,49.599998474121094,19.000000000005457,45.63079260105367,constant,
1.0,270.318,270.33,759.2000122070312,553.0999755859375,782.7000122070312,530.0999755859375,58.400001525878906,12.000000000000455,32.882366094914765,constant,
1.0,270.697,270.718,757.5,541.4000244140625,798.0999755859375,613.0,103.5999984741211,21.000000000015007,82.30986891913732,constant,
1.0,270.859,271.087,769.2000122070312,625.7000122070312,784.9000244140625,607.0,940.4000244140625,228.00000000000864,24.416814694878774,constant,
1.0,271.486,271.509,770.9000244140625,606.0,899.4000244140625,645.7000122070312,188.6999969482422,23.000000000024556,134.49290304413253,constant,
1.0,271.792,271.81,878.7999877929688,657.0,908.9000244140625,652.2999877929688,68.80000305175781,18.000000000029104,30.46477177556772,constant,
1.0,272.057,272.072,890.5999755859375,652.9000244140625,843.5999755859375,613.9000244140625,85.9000015258789,14.999999999986358,61.07372593840988,constant,
1.0,272.406,272.425,830.4000244140625,609.2999877929688,770.9000244140625,592.0,82.19999694824219,19.000000000005457,61.964018410984835,constant,
1.0,273.184,273.197,759.0,579.5999755859375,781.9000244140625,604.4000244140625,56.099998474121094,12.999999999976808,33.75579268869334,constant,
1.0,273.88,273.893,770.4000244140625,613.4000244140625,813.2000122070312,611.2000122070312,73.0999984741211,12.999999999976808,42.85649319285656,constant,
1.0,274.237,274.248,784.0999755859375,610.0,819.4000244140625,606.7000122070312,63.20000076293945,10.999999999967258,35.453961227227516,constant,
1.0,274.97,274.976,781.2000122070312,590.7999877929688,767.5,585.5999755859375,39.400001525878906,5.999999999971806,14.6536842270495,constant,
1.0,275.838,275.843,742.5,543.9000244140625,729.9000244140625,536.4000244140625,42.099998474121094,4.9999999999954525,14.663198312995055,constant,
1.0,276.149,276.353,717.5,542.0999755859375,783.0,607.5,1083.199951171875,204.00000000000773,92.56032191689899,constant,
1.0,276.836,276.855,771.7000122070312,608.7999877929688,860.0,631.7999877929688,121.4000015258789,19.000000000005457,91.24630318121622,constant,
1.0,277.148,277.161,828.4000244140625,634.4000244140625,783.9000244140625,639.5999755859375,70.5999984741211,12.999999999976808,44.80278442451858,constant,
1.0,277.606,277.652,781.0,657.2000122070312,866.5999755859375,998.9000244140625,255.6999969482422,45.99999999999227,352.25878862364584,constant,
1.0,277.801,277.819,835.5999755859375,995.0,898.9000244140625,958.2000122070312,105.4000015258789,18.000000000029104,73.21977385382762,constant,
1.0,278.021,278.064,864.2000122070312,949.0999755859375,789.0999755859375,738.7999877929688,122.0999984741211,43.00000000000637,223.3071883442457,constant,
1.0,278.386,278.407,704.5,670.9000244140625,804.0,685.7000122070312,146.0,20.999999999958163,100.59467997201455,constant,
1.0,279.442,279.456,741.5,644.7000122070312,801.2999877929688,634.4000244140625,99.5,14.000000000010004,60.680542915950554,constant,
1.0,279.588,279.612,774.0,615.2999877929688,742.2999877929688,519.0999755859375,83.4000015258789,24.00000000000091,101.28836617577998,constant,
1.0,279.999,280.02,673.5,419.70001220703125,759.7000122070312,449.8999938964844,132.0,20.999999999958163,91.3371830008767,constant,
1.0,280.39,280.412,722.7999877929688,460.20001220703125,818.2000122070312,510.3999938964844,153.5,21.99999999999136,107.80168282464402,constant,
1.0,282.086,282.098,777.4000244140625,539.7000122070312,810.7000122070312,559.5999755859375,66.0,12.000000000000455,38.79301134861378,constant,
1.0,282.532,282.538,784.0,567.5999755859375,768.7000122070312,572.9000244140625,45.0,6.000000000028649,16.19197776818823,constant,
1.0,282.699,282.875,748.5999755859375,579.5,764.9000244140625,545.2999877929688,907.2999877929688,175.99999999998772,37.8857813270407,constant,
1.0,283.17,283.205,761.0999755859375,544.2999877929688,902.0,658.7999877929688,188.39999389648438,34.99999999996817,181.55733771975014,constant,
1.0,283.494,283.509,856.7999877929688,636.7000122070312,917.9000244140625,640.5999755859375,94.0,14.999999999986358,61.22437577840878,constant,
1.0,283.77,283.789,892.2000122070312,635.0,827.2000122070312,593.9000244140625,95.0999984741211,19.000000000005457,76.90388802371866,constant,
1.0,284.084,284.093,778.5,578.5999755859375,753.5,571.0,54.599998474121094,9.000000000014552,26.129669513923172,constant,
1.0,284.331,284.338,753.2999877929688,561.2000122070312,764.0,549.0999755859375,38.900001525878906,7.000000000005002,16.152434722432023,constant,
1.0,284.727,284.746,748.5,554.5999755859375,812.7000122070312,573.5999755859375,103.69999694824219,19.000000000005457,66.95253219545144,constant,
1.0,285.25,285.259,772.7999877929688,576.2000122070312,750.0999755859375,580.4000244140625,45.0,9.000000000014552,23.085290917347766,constant,
1.0,285.397,285.63,744.4000244140625,583.2999877929688,764.4000244140625,563.0,966.0,233.0000000000041,28.497184148520365,constant,
1.0,285.702,285.71,754.2999877929688,576.5,733.0,581.9000244140625,50.29999923706055,7.999999999981355,21.973842259675227,constant,
1.0,286.005,286.026,728.5,575.4000244140625,811.0,604.5999755859375,131.10000610351562,21.000000000015007,87.51506812223758,constant,
1.0,286.674,286.685,775.7999877929688,600.5999755859375,743.7999877929688,591.9000244140625,58.099998474121094,11.000000000024102,33.16156133828758,constant,
1.0,287.401,287.421,745.2999877929688,588.0,822.2999877929688,578.7000122070312,113.0999984741211,19.99999999998181,77.55958853004165,constant,
1.0,287.664,287.682,778.4000244140625,581.2999877929688,751.2999877929688,548.7000122070312,55.29999923706055,18.000000000029104,42.39304651789422,constant,
1.0,287.899,287.909,742.0999755859375,531.9000244140625,765.0999755859375,516.0,53.0,9.999999999990905,27.960879391889367,constant,
1.0,288.213,288.375,742.2999877929688,522.2999877929688,771.7999877929688,484.3999938964844,1139.5999755859375,161.99999999997772,48.02769552407811,constant,
1.0,288.915,288.943,760.7999877929688,496.3999938964844,760.4000244140625,606.2000122070312,95.0,27.999999999963165,109.80074677205477,constant,
1.0,289.937,289.945,767.0,616.0,783.5999755859375,603.5999755859375,45.900001525878906,7.999999999981355,20.72003366124358,constant,
1.0,290.644,290.66,760.0999755859375,591.0999755859375,819.7999877929688,602.2000122070312,94.69999694824219,16.000000000019554,60.723160906768534,constant,
1.0,291.789,291.808,755.5999755859375,577.4000244140625,777.5,541.4000244140625,59.20000076293945,19.000000000005457,42.138000300637586,constant,
1.0,292.365,292.381,759.5,544.4000244140625,813.5999755859375,571.2999877929688,96.5999984741211,15.99999999996271,60.4186675472534,constant,
1.0,293.245,293.254,772.7999877929688,594.2999877929688,749.5,595.4000244140625,47.70000076293945,9.000000000014552,23.325940746736027,constant,
1.0,293.892,293.909,745.7000122070312,596.4000244140625,806.5,605.4000244140625,96.0,16.999999999995907,61.46249682225047,constant,
1.0,294.105,294.115,769.2999877929688,602.9000244140625,739.9000244140625,599.5999755859375,54.099998474121094,9.999999999990905,29.58459343896816,constant,
1.0,294.376,294.548,730.4000244140625,600.4000244140625,776.5999755859375,560.0999755859375,617.7000122070312,172.00000000002547,61.30684646785295,constant,
1.0,295.098,295.138,774.5,567.7000122070312,935.5,657.0,181.6999969482422,39.99999999996362,184.10727258808754,constant,
1.0,295.438,295.456,887.7999877929688,647.2000122070312,924.2999877929688,656.2999877929688,73.5999984741211,18.000000000029104,37.61727735581961,constant,
1.0,296.002,296.012,909.0999755859375,656.5999755859375,881.0,647.7999877929688,55.70000076293945,9.999999999990905,29.445685814507403,constant,
1.0,296.424,296.448,870.5999755859375,644.2999877929688,804.0,661.5,76.0,24.00000000000091,68.7851522348355,constant,
1.0,296.829,296.851,747.0999755859375,660.0999755859375,673.9000244140625,615.2000122070312,89.4000015258789,21.99999999999136,85.8733926370212,constant,
1.0,297.384,297.404,664.9000244140625,588.0,753.7000122070312,595.2999877929688,135.60000610351562,19.99999999998181,89.09953789896383,constant,
1.0,297.893,297.913,707.7000122070312,589.5999755859375,791.0999755859375,602.2000122070312,117.5,20.000000000038654,84.34639775625162,constant,
1.0,298.084,298.093,748.2999877929688,590.4000244140625,775.7000122070312,610.5999755859375,68.9000015258789,9.000000000014552,34.04114224342884,,
1.0,298.924,298.935,753.2999877929688,602.7000122070312,792.2999877929688,595.7000122070312,71.30000305175781,11.000000000024102,39.6232255123179,passive,
1.0,299.136,299.146,764.2999877929688,586.5,730.2999877929688,587.7000122070312,64.69999694824219,9.999999999990905,34.021170310514364,passive,
1.0,299.687,299.725,755.0999755859375,589.4000244140625,619.2000122070312,492.5,96.30000305175781,38.000000000010914,166.90840235840128,passive,
1.0,300.062,300.094,664.5,504.79998779296875,807.9000244140625,717.5,236.6999969482422,31.999999999982265,256.5245839969826,passive,
1.0,300.423,300.481,763.5999755859375,727.9000244140625,572.4000244140625,472.0,123.19999694824219,57.999999999992724,319.4405168779395,passive,
1.0,300.624,300.645,516.2999877929688,402.29998779296875,520.2000122070312,301.20001220703125,113.0999984741211,20.999999999958163,101.17517113357131,passive,
1.0,300.97,301.036,480.29998779296875,275.3999938964844,889.5,613.7000122070312,294.6000061035156,65.99999999997408,530.934602732908,passive,
1.0,301.358,301.383,771.0999755859375,595.0,859.0,684.2000122070312,185.5,24.999999999977263,125.23201056330329,passive,
1.0,301.644,301.665,831.4000244140625,667.4000244140625,758.5999755859375,570.5999755859375,150.1999969482422,21.000000000015007,121.1201740524871,passive,
1.0,302.024,302.031,738.2000122070312,588.4000244140625,757.2000122070312,597.7000122070312,49.5,7.000000000005002,21.153954073632846,passive,
1.0,302.555,302.58,748.4000244140625,593.4000244140625,596.0,607.2000122070312,152.89999389648438,24.999999999977263,153.02355081650973,passive,
1.0,302.875,302.907,679.2000122070312,605.2000122070312,517.2000122070312,646.2000122070312,146.89999389648438,31.999999999982265,167.10774967068403,passive,
1.0,303.223,303.269,628.7999877929688,645.2999877929688,950.7999877929688,652.4000244140625,242.0,45.99999999999227,322.07826769284026,passive,
1.0,303.575,303.592,814.0999755859375,637.5999755859375,741.7000122070312,631.4000244140625,102.0,16.999999999995907,72.66494403631368,passive,
1.0,304.485,304.499,754.9000244140625,623.0999755859375,809.0999755859375,637.7000122070312,88.4000015258789,14.000000000010004,56.13194969329778,passive,
1.0,305.083,305.096,780.2999877929688,652.0,830.0999755859375,646.9000244140625,79.30000305175781,12.999999999976808,50.06044881098246,passive,
1.0,305.484,305.497,791.4000244140625,635.2000122070312,786.4000244140625,606.7999877929688,47.099998474121094,13.000000000033651,28.836806111623147,passive,
1.0,306.225,306.237,736.7999877929688,635.2000122070312,757.7999877929688,611.2000122070312,56.20000076293945,12.000000000000455,31.89043743820395,passive,
1.0,306.622,306.639,742.5999755859375,601.0,749.7999877929688,666.5999755859375,85.0999984741211,16.999999999995907,65.99391617912211,passive,
1.0,306.933,306.948,745.9000244140625,667.5,801.9000244140625,656.0,86.19999694824219,14.999999999986358,57.16861026822324,passive,
1.0,307.168,307.187,776.7999877929688,639.2000122070312,751.7000122070312,591.2999877929688,57.400001525878906,19.000000000005457,54.077917057542464,passive,
1.0,307.42,307.427,728.7999877929688,569.7000122070312,725.0,552.0999755859375,40.5,7.000000000005002,18.00558791849221,passive,
1.0,307.751,307.778,716.7999877929688,541.0,837.5999755859375,599.7999877929688,168.39999389648438,27.000000000043656,134.35056983591352,passive,
1.0,308.804,308.818,795.0999755859375,589.4000244140625,743.5999755859375,596.7999877929688,80.19999694824219,14.000000000010004,52.0289290492237,passive,
1.0,309.052,309.058,749.7999877929688,607.0999755859375,733.9000244140625,604.0999755859375,43.20000076293945,5.999999999971806,16.18050788605104,passive,
1.0,309.407,309.425,735.0999755859375,600.9000244140625,798.7000122070312,607.0,104.30000305175781,18.000000000029104,63.89189588949055,passive,
1.0,309.968,309.988,758.0999755859375,597.5,713.5,649.5999755859375,77.80000305175781,19.99999999998181,68.58254353931112,passive,
1.0,310.166,310.314,717.5999755859375,663.0999755859375,697.2999877929688,702.7000122070312,719.2999877929688,148.00000000002456,44.500027020066476,passive,
1.0,310.762,310.783,703.2000122070312,701.7000122070312,674.4000244140625,631.2999877929688,68.9000015258789,21.000000000015007,76.06314964801119,passive,
1.0,311.077,311.113,664.2999877929688,613.2000122070312,841.7999877929688,651.0,194.5,36.000000000001364,181.48027186762914,passive,
1.0,313.039,313.06,736.0,629.0999755859375,811.5999755859375,576.2999877929688,119.30000305175781,21.000000000015007,92.21277037120181,passive,
1.0,313.326,313.336,783.2000122070312,566.7000122070312,812.5999755859375,556.9000244140625,58.79999923706055,9.999999999990905,30.9902824676279,passive,
1.0,313.663,313.676,790.5,555.2999877929688,767.2999877929688,577.2999877929688,48.29999923706055,12.999999999976808,31.972497031142236,passive,
1.0,314.118,314.133,762.2000122070312,596.5,808.5,581.5,74.5999984741211,14.999999999986358,48.66917781953025,passive,
1.0,315.072,315.086,782.7000122070312,545.5999755859375,740.9000244140625,561.7000122070312,65.5,14.000000000010004,44.79341646595955,passive,
1.0,315.283,315.294,745.5,576.7999877929688,727.7999877929688,594.9000244140625,40.20000076293945,10.999999999967258,25.31603756147455,passive,
1.0,316.073,316.116,743.7999877929688,588.2000122070312,675.0,382.5,119.0999984741211,43.00000000000637,216.9007453705161,passive,
1.0,316.363,316.379,628.4000244140625,386.1000061035156,688.7000122070312,369.3999938964844,99.0999984741211,16.000000000019554,62.5697925164146,passive,
1.0,318.234,318.268,671.2999877929688,356.0,734.7000122070312,462.6000061035156,124.30000305175781,33.999999999991815,124.02872408024396,passive,
1.0,318.823,318.845,712.7999877929688,466.79998779296875,777.7999877929688,546.0,142.1999969482422,22.000000000048203,102.45800082762644,passive,
1.0,319.031,319.039,747.7999877929688,565.5999755859375,734.5,576.0999755859375,39.5,7.999999999981355,16.945196230587527,passive,
1.0,319.179,319.197,725.2999877929688,594.4000244140625,794.9000244140625,596.0999755859375,106.80000305175781,18.000000000029104,69.62079381653409,passive,
1.0,319.376,319.382,761.5999755859375,594.5,747.4000244140625,593.4000244140625,41.0,6.000000000028649,14.242491340116473,passive,
1.0,319.896,319.929,743.7000122070312,589.7000122070312,894.7999877929688,721.7000122070312,201.0,32.99999999995862,200.636992157655,passive,
1.0,320.223,320.274,844.9000244140625,714.7999877929688,673.0,501.6000061035156,118.4000015258789,50.99999999998772,273.86830883827804,passive,
1.0,320.509,320.524,609.4000244140625,423.79998779296875,629.9000244140625,393.0,51.5,14.999999999986358,36.99850332171592,passive,
1.0,320.631,320.8,603.2000122070312,402.0,690.7000122070312,482.70001220703125,333.8999938964844,169.00000000003956,119.03252484180528,passive,
1.0,320.994,321.028,675.2000122070312,497.79998779296875,777.2999877929688,596.0999755859375,137.3000030517578,33.999999999991815,141.72964620977095,passive,
1.0,321.385,321.434,739.5,585.5,683.7999877929688,363.0,124.0,49.000000000035016,229.36595510202343,passive,
1.0,321.887,321.915,622.4000244140625,357.20001220703125,716.0,458.0,127.0999984741211,28.00000000002001,137.55578129889977,passive,
1.0,322.137,322.159,695.4000244140625,507.70001220703125,785.2999877929688,560.0,147.0,21.99999999999136,104.00621201963547,passive,
1.0,322.645,322.667,746.0,564.4000244140625,836.7999877929688,628.4000244140625,152.5,21.99999999999136,111.08842326364739,passive,
1.0,322.945,322.964,810.9000244140625,631.4000244140625,762.0,681.0999755859375,89.80000305175781,19.000000000005457,69.72300577415368,passive,
1.0,323.257,323.272,757.7000122070312,702.5999755859375,723.5,732.9000244140625,59.599998474121094,14.999999999986358,45.691725661741486,passive,
1.0,323.597,323.812,723.5999755859375,708.7999877929688,723.4000244140625,657.2000122070312,271.79998779296875,215.00000000003183,51.60036299233253,passive,
1.0,324.223,324.241,722.5,626.2000122070312,776.2999877929688,666.2000122070312,95.4000015258789,17.99999999997226,67.04057492685745,passive,
1.0,324.617,324.628,754.7000122070312,669.4000244140625,725.7999877929688,664.9000244140625,50.79999923706055,10.999999999967258,29.248271934140117,passive,
1.0,325.296,325.318,690.9000244140625,644.5,803.0999755859375,645.2000122070312,146.6999969482422,21.99999999999136,112.20213482844757,passive,
1.0,326.153,326.164,737.9000244140625,641.0,710.2000122070312,643.7000122070312,47.0,10.999999999967258,27.831290702872515,passive,
1.0,326.386,326.405,704.9000244140625,640.0999755859375,783.0,648.5999755859375,110.4000015258789,18.999999999948614,78.56116207467933,passive,
1.0,327.164,327.174,739.7999877929688,614.5999755859375,774.0999755859375,610.2999877929688,67.4000015258789,9.999999999990905,34.568469124586436,,
1.0,327.669,327.68,738.7999877929688,594.0,777.5,594.9000244140625,69.19999694824219,11.000000000024102,38.71047647304637,passive,
1.0,328.274,328.283,737.0999755859375,590.2000122070312,765.0999755859375,595.2999877929688,57.29999923706055,9.000000000014552,28.46067024820671,passive,
1.0,328.728,328.752,754.2999877929688,596.7000122070312,717.4000244140625,695.0999755859375,108.0,24.00000000000091,105.09119891948475,passive,
1.0,329.293,329.33,707.0,721.2000122070312,564.5999755859375,553.2999877929688,125.0,36.99999999997772,220.1549117130217,passive,
1.0,329.567,329.754,551.7000122070312,547.5999755859375,782.5999755859375,692.2999877929688,440.20001220703125,187.00000000001182,272.493828592677,passive,
1.0,330.168,330.185,726.9000244140625,679.2000122070312,716.7999877929688,642.0,46.0,16.999999999995907,38.546746269311875,passive,
1.0,330.527,330.546,705.2999877929688,643.0999755859375,792.0,643.5,117.5999984741211,19.000000000005457,86.70093503666044,passive,
1.0,330.84,330.854,757.7000122070312,636.0,713.2000122070312,619.7999877929688,72.69999694824219,14.000000000010004,47.357052225703,passive,
1.0,331.319,331.339,717.5,612.9000244140625,802.2000122070312,654.2999877929688,128.89999389648438,19.99999999998181,94.27645005856988,passive,
1.0,331.743,331.756,771.7000122070312,665.4000244140625,743.5,649.5,52.099998474121094,12.999999999976808,32.37362297989669,passive,
1.0,332.39,332.401,727.5,615.0,762.7000122070312,610.5999755859375,64.4000015258789,11.000000000024102,35.4739492334797,passive,
1.0,333.432,333.448,724.5999755859375,611.4000244140625,695.5999755859375,592.7000122070312,48.5,15.99999999996271,34.506382837717396,passive,
1.0,333.701,333.724,694.0,589.7999877929688,637.9000244140625,521.0999755859375,81.19999694824219,22.999999999967713,88.69554068829518,passive,
1.0,333.905,333.951,609.9000244140625,483.6000061035156,836.0999755859375,742.9000244140625,295.70001220703125,46.00000000004911,344.09724992508814,passive,
1.0,334.246,334.266,760.9000244140625,723.0999755859375,848.0,684.9000244140625,136.0,20.000000000038654,95.1085801418807,passive,
1.0,334.876,334.888,778.0,673.0999755859375,741.7999877929688,663.5999755859375,61.29999923706055,12.000000000000455,37.42580505198534,passive,
1.0,335.821,335.875,698.4000244140625,657.9000244140625,992.5,676.7999877929688,173.5,53.999999999973625,294.7066410099593,passive,
1.0,336.287,336.31,883.5999755859375,671.7999877929688,772.5999755859375,687.7000122070312,116.80000305175781,23.000000000024556,112.13300484856269,passive,
1.0,336.545,336.564,657.5999755859375,687.7999877929688,670.9000244140625,597.2999877929688,103.5999984741211,19.000000000005457,91.4720793402583,passive,
1.0,336.824,336.849,626.0,568.7999877929688,621.5,451.8999938964844,117.0,24.999999999977263,116.98657432798895,passive,
1.0,337.208,337.231,584.5999755859375,406.20001220703125,703.7000122070312,412.1000061035156,176.0,22.999999999967713,119.24608442680382,passive,
1.0,337.993,338.011,653.7999877929688,392.3999938964844,730.5,399.1000061035156,112.80000305175781,18.000000000029104,76.99209073751089,passive,
1.0,338.413,338.419,709.2999877929688,398.70001220703125,722.2999877929688,405.29998779296875,37.900001525878906,5.999999999971806,14.579426522842764,passive,
1.0,338.642,338.653,710.4000244140625,423.3999938964844,681.9000244140625,435.8999938964844,54.0,11.000000000024102,31.12073263919087,passive,
1.0,338.846,338.853,663.5999755859375,463.8999938964844,654.7000122070312,480.3999938964844,42.29999923706055,7.000000000005002,18.747249082088615,passive,
1.0,339.658,339.678,645.9000244140625,523.5999755859375,735.0999755859375,549.5,125.5999984741211,19.99999999998181,92.88402744128787,passive,
1.0,340.012,340.029,700.9000244140625,577.2999877929688,701.0,636.5999755859375,70.19999694824219,16.999999999995907,59.30007206879285,passive,
1.0,340.233,340.256,694.4000244140625,630.5,800.5999755859375,667.0,143.0,22.999999999967713,112.297282375437,passive,
1.0,340.6,340.607,754.2999877929688,678.7999877929688,750.5999755859375,692.7999877929688,36.400001525878906,7.000000000005002,14.48067989882313,passive,
1.0,340.855,341.035,729.0,705.0999755859375,692.4000244140625,641.4000244140625,542.2999877929688,180.00000000000682,73.46592402053132,passive,
1.0,342.051,342.057,694.7000122070312,628.0,708.4000244140625,634.0999755859375,40.70000076293945,6.000000000028649,14.996667517213243,passive,
1.0,342.934,342.957,695.0999755859375,630.4000244140625,627.0999755859375,566.5,83.4000015258789,22.999999999967713,93.31244890215766,passive,
1.0,343.366,343.405,602.7999877929688,568.2000122070312,684.7000122070312,738.9000244140625,175.60000610351562,38.99999999998727,189.33068469348714,passive,
1.0,343.959,343.981,631.5,686.7999877929688,557.0999755859375,650.5,87.30000305175781,21.99999999999136,82.78316704851764,passive,
1.0,344.189,344.227,524.5,620.7000122070312,711.4000244140625,658.5,232.39999389648438,37.99999999995407,190.68418445987004,passive,
1.0,344.691,344.71,648.5999755859375,656.2999877929688,723.5,666.7999877929688,115.30000305175781,19.000000000005457,75.6324246419957,passive,
1.0,345.698,345.712,695.2999877929688,676.2000122070312,753.7000122070312,680.9000244140625,92.69999694824219,14.000000000010004,58.588846774017824,passive,
1.0,346.04,346.052,722.5,675.4000244140625,695.2999877929688,676.0,47.400001525878906,12.000000000000455,27.206628507890684,passive,
1.0,346.527,346.546,680.0,658.4000244140625,754.7000122070312,651.9000244140625,108.30000305175781,19.000000000005457,74.98227673077564,passive,
1.0,346.865,346.934,721.5,638.5999755859375,194.3000030517578,596.0,200.0,69.00000000001683,528.9183251714286,passive,
1.0,347.117,347.136,507.3999938964844,563.5,428.70001220703125,554.5999755859375,105.0999984741211,19.000000000005457,79.20162594600673,passive,
1.0,347.406,347.454,535.7000122070312,569.7999877929688,850.5999755859375,618.4000244140625,225.5,48.00000000000182,318.62823242080754,passive,
1.0,347.79,347.806,738.0,608.5999755859375,705.7999877929688,647.2999877929688,70.5999984741211,15.99999999996271,50.344133034121555,passive,
1.0,348.036,348.059,711.0,653.0,806.0999755859375,634.2000122070312,125.30000305175781,23.000000000024556,96.94041931754619,passive,
1.0,348.338,348.351,760.7000122070312,625.0,717.2999877929688,624.2999877929688,67.0999984741211,12.999999999976808,43.4056694019481,passive,
1.0,349.363,349.382,699.7000122070312,629.4000244140625,774.4000244140625,636.5,116.69999694824219,19.000000000005457,75.03666755028189,passive,
1.0,349.915,349.921,734.7999877929688,622.9000244140625,721.2999877929688,616.2000122070312,39.900001525878906,5.999999999971806,15.071169947099918,passive,
1.0,350.171,350.335,706.0,614.7999877929688,718.4000244140625,612.2000122070312,517.9000244140625,163.99999999998727,12.669667656131201,passive,
1.0,350.769,350.788,712.5999755859375,594.5999755859375,786.5999755859375,609.7000122070312,107.69999694824219,19.000000000005457,75.52490387917334,passive,
1.0,351.528,351.538,754.7999877929688,607.5,723.2000122070312,607.4000244140625,59.099998474121094,9.999999999990905,31.600133736261775,passive,
1.0,353.071,353.084,707.5999755859375,615.9000244140625,676.0999755859375,596.2000122070312,62.099998474121094,12.999999999976808,37.152933679013564,passive,
1.0,353.278,353.341,675.9000244140625,606.4000244140625,294.8999938964844,654.2999877929688,138.1999969482422,62.99999999998818,383.999257481178,passive,
1.0,353.497,353.535,491.20001220703125,631.5,784.0999755859375,616.5,252.1999969482422,38.000000000010914,293.28380205419563,passive,
1.0,353.717,353.738,690.4000244140625,608.2999877929688,766.9000244140625,581.7999877929688,102.30000305175781,21.000000000015007,80.95986660068061,passive,
1.0,354.288,354.298,724.9000244140625,562.7000122070312,698.9000244140625,566.7999877929688,50.20000076293945,9.999999999990905,26.321280360295614,passive,
1.0,354.928,354.945,703.7999877929688,574.0,720.5999755859375,610.7999877929688,52.599998474121094,16.999999999995907,40.45341384118957,passive,
1.0,355.442,355.449,720.7000122070312,605.5,737.0,604.7000122070312,39.5,7.000000000005002,16.319607302868206,passive,
1.0,355.818,355.831,723.2000122070312,595.5,765.0999755859375,596.9000244140625,67.9000015258789,13.000000000033651,41.923346711750675,passive,
1.0,356.498,356.548,720.9000244140625,586.7000122070312,574.5999755859375,431.8999938964844,98.5,50.00000000001137,212.99471814121918,passive,
1.0,356.933,356.978,551.2000122070312,380.0,787.7999877929688,640.5,214.5,45.000000000015916,351.90879279618207,passive,
1.0,357.235,357.256,735.5999755859375,659.7999877929688,835.2999877929688,667.7000122070312,156.0,20.999999999958163,100.01251331620941,passive,
1.0,357.552,357.589,787.7000122070312,660.2000122070312,883.2999877929688,797.0,175.60000610351562,36.99999999997772,166.8939543308512,passive,
1.0,357.737,357.764,851.2000122070312,777.5,802.7999877929688,645.5999755859375,118.0,26.999999999986812,140.49974663219905,passive,
1.0,358.581,358.591,708.0,525.2000122070312,735.2000122070312,533.7000122070312,54.099998474121094,9.999999999990905,28.49720449557551,passive,
1.0,359.771,359.78,716.7000122070312,569.7999877929688,741.2000122070312,576.0,51.599998474121094,8.999999999957708,25.272319865167432,passive,
1.0,359.99,360.165,680.0999755859375,591.7000122070312,722.5999755859375,573.7999877929688,392.5,175.00000000001137,46.11573347594109,passive,
1.0,361.427,361.441,720.5999755859375,572.0999755859375,780.7999877929688,573.2999877929688,96.30000305175781,13.999999999953161,60.211971392935936,passive,
1.0,361.712,361.721,755.5999755859375,568.2999877929688,732.0,571.9000244140625,47.900001525878906,9.000000000014552,23.87297868574557,passive,
1.0,362.702,362.727,749.4000244140625,577.7000122070312,891.2000122070312,649.7999877929688,188.0,24.999999999977263,159.07747489062953,passive,
1.0,363.055,363.069,847.5,662.0,898.4000244140625,672.7999877929688,84.0999984741211,14.000000000010004,52.03318385108135,passive,
1.0,363.223,363.393,860.9000244140625,676.0,865.7000122070312,657.5999755859375,362.5,169.99999999995907,19.015803460562612,passive,
1.0,363.69,363.703,855.0,651.2000122070312,809.0,651.4000244140625,72.0999984741211,12.999999999976808,46.00043483362914,passive,
1.0,363.866,363.898,796.2999877929688,646.9000244140625,635.5999755859375,601.9000244140625,107.69999694824219,32.00000000003911,166.88167641577667,passive,
1.0,364.182,364.201,669.2000122070312,597.5,749.5,618.4000244140625,118.30000305175781,19.000000000005457,82.97529186486383,passive,
1.0,365.293,365.313,707.0,612.2000122070312,784.7999877929688,620.2999877929688,119.5,19.99999999998181,78.22050693442782,passive,
1.0,365.989,366.003,733.5,613.7000122070312,691.5999755859375,617.2999877929688,56.0,14.000000000010004,42.05439180535583,passive,
1.0,366.444,366.468,695.5,628.9000244140625,803.5,679.9000244140625,132.5,24.00000000000091,119.4361754243663,passive,
1.0,366.787,366.827,770.0999755859375,685.7000122070312,665.0999755859375,615.0999755859375,75.5999984741211,40.000000000020464,126.52812007968734,passive,
1.0,367.18,367.228,608.2000122070312,568.9000244140625,710.0,599.0,149.3000030517578,48.00000000000182,106.15670513407346,passive,
1.0,367.634,367.65,720.4000244140625,598.0999755859375,781.0,604.0,88.30000305175781,15.99999999996271,60.88651188155514,,
1.0,368.125,368.138,720.9000244140625,594.0999755859375,766.4000244140625,595.4000244140625,71.5,12.999999999976808,45.51856903457653,passive,
1.0,370.142,370.156,697.0999755859375,596.0,750.7000122070312,598.7999877929688,83.69999694824219,14.000000000010004,53.673120436801184,passive,
1.0,370.397,370.408,723.2999877929688,590.0999755859375,701.2000122070312,576.5999755859375,42.79999923706055,11.000000000024102,25.897083250803238,passive,
1.0,370.466,370.493,672.2999877929688,544.2999877929688,677.2000122070312,580.7999877929688,136.39999389648438,26.999999999986812,36.82743867360868,passive,
1.0,370.714,370.896,676.0999755859375,549.7000122070312,713.0,577.5999755859375,532.5,182.00000000001637,46.260347580867986,passive,
1.0,371.344,371.363,704.2999877929688,563.7999877929688,774.2000122070312,569.4000244140625,103.69999694824219,19.000000000005457,70.12398892849811,passive,
1.0,371.639,371.651,737.4000244140625,571.4000244140625,696.7999877929688,564.7999877929688,64.4000015258789,12.000000000000455,41.13299718029227,passive,
1.0,371.928,371.939,704.5999755859375,567.2999877929688,744.5,583.2000122070312,76.30000305175781,11.000000000024102,42.95139956521285,passive,
1.0,372.906,372.957,709.0,591.5999755859375,989.2999877929688,703.9000244140625,198.8000030517578,50.99999999998772,301.9592424873557,passive,
1.0,373.228,373.243,900.0999755859375,696.5,851.2999877929688,712.5,72.0999984741211,14.999999999986358,51.35600070677135,passive,
1.0,373.569,373.589,830.4000244140625,723.5,912.9000244140625,728.9000244140625,114.9000015258789,19.99999999998181,82.67653998367658,passive,
1.0,373.938,373.982,880.5999755859375,722.4000244140625,1198.5999755859375,640.2000122070312,205.89999389648438,44.00000000003956,328.45219135642265,passive,
1.0,374.129,374.139,1065.0999755859375,604.5,1080.4000244140625,578.2000122070312,58.099998474121094,9.999999999990905,30.426647072152306,passive,
1.0,374.481,374.534,1018.2000122070312,563.0,723.7000122070312,666.7999877929688,121.80000305175781,52.99999999999727,312.2574057821855,passive,
1.0,374.903,374.922,722.2000122070312,691.5999755859375,743.7999877929688,616.9000244140625,85.9000015258789,19.000000000005457,77.76015464486683,passive,
1.0,375.438,375.457,730.5,594.5999755859375,794.5999755859375,592.0999755859375,102.30000305175781,19.000000000005457,64.14870902923755,passive,
1.0,376.012,376.023,742.9000244140625,601.0999755859375,742.7999877929688,630.2000122070312,49.29999923706055,11.000000000024102,29.10020856754393,passive,
1.0,376.207,376.217,740.0,646.2999877929688,748.2999877929688,663.5,35.099998474121094,9.999999999990905,19.097911333060857,passive,
1.0,378.919,379.145,687.7999877929688,614.2999877929688,-505.3999938964844,740.2999877929688,447.79998779296875,225.9999999999991,1199.834237010976,passive,
1.0,379.228,379.242,-249.1999969482422,643.0,-290.79998779296875,646.5,90.4000015258789,14.000000000010004,41.74696681534281,passive,
1.0,379.34,379.412,-166.8000030517578,619.4000244140625,784.2999877929688,589.9000244140625,436.5,72.00000000000273,951.557377452794,passive,
1.0,380.558,380.572,784.9000244140625,592.2999877929688,738.0999755859375,587.4000244140625,69.0,14.000000000010004,47.0558626679982,passive,
1.0,381.187,381.211,727.9000244140625,580.2000122070312,794.4000244140625,585.5,135.89999389648438,24.00000000000091,66.7108677098838,passive,
1.0,381.533,381.553,762.4000244140625,585.2000122070312,849.7999877929688,627.4000244140625,132.8000030517578,19.99999999998181,97.05459612459236,passive,
1.0,381.735,381.756,820.0999755859375,628.7999877929688,928.4000244140625,633.4000244140625,139.6999969482422,20.999999999958163,108.39769791416082,passive,
1.0,381.782,381.941,917.5999755859375,642.7000122070312,903.7999877929688,626.0,480.20001220703125,158.99999999999181,21.664027114114294,passive,
1.0,382.377,382.39,890.7000122070312,634.5,844.2000122070312,637.0,76.0999984741211,12.999999999976808,46.56715580750021,passive,
1.0,382.847,382.866,827.9000244140625,635.9000244140625,760.5,641.7000122070312,82.4000015258789,19.000000000005457,67.64911787610248,passive,
1.0,385.251,385.266,733.2000122070312,650.7000122070312,792.0,668.5999755859375,98.0,15.000000000043201,61.46419488954084,passive,
1.0,385.346,385.539,763.2000122070312,679.5999755859375,798.2000122070312,655.2000122070312,510.0,192.99999999998363,42.665656128694025,passive,
1.0,385.9,385.914,791.5,636.2000122070312,742.7000122070312,631.5999755859375,77.30000305175781,14.000000000010004,49.016315095173184,passive,
1.0,386.453,386.461,704.4000244140625,621.5,724.7000122070312,621.4000244140625,44.20000076293945,8.000000000038199,20.3002339767911,passive,
1.0,386.676,386.686,710.7000122070312,620.2999877929688,742.5,623.2000122070312,60.29999923706055,9.999999999990905,31.931948973326385,passive,
1.0,387.171,387.19,737.5,612.0999755859375,815.0999755859375,641.0999755859375,111.5,19.000000000005457,82.84175403103254,passive,
1.0,387.486,387.501,781.4000244140625,649.5999755859375,836.0,669.0999755859375,94.5999984741211,14.999999999986358,57.977645122796865,passive,
1.0,387.654,387.7,816.2000122070312,672.7000122070312,692.2999877929688,499.3999938964844,96.0,45.99999999999227,213.03547215485304,passive,
1.0,388.159,388.179,614.9000244140625,428.79998779296875,694.4000244140625,463.70001220703125,126.0999984741211,19.99999999998181,86.82316340759624,passive,
1.0,388.726,388.748,683.7999877929688,476.29998779296875,765.9000244140625,529.5999755859375,141.0,21.99999999999136,97.88413922549226,passive,
1.0,389.454,389.459,722.0,570.2000122070312,732.4000244140625,573.2000122070312,36.29999923706055,4.9999999999954525,10.824070759797168,passive,
1.0,389.724,389.732,722.4000244140625,581.2999877929688,741.0999755859375,586.5999755859375,43.20000076293945,8.000000000038199,19.43651317587923,passive,
1.0,390.219,390.239,733.4000244140625,590.0999755859375,781.2000122070312,649.2000122070312,103.80000305175781,19.99999999998181,76.01087528520235,passive,
1.0,390.555,390.604,760.4000244140625,651.2999877929688,810.2000122070312,418.0,113.0999984741211,48.99999999997817,238.55591187052818,passive,
1.0,391.054,391.094,745.9000244140625,377.29998779296875,733.5999755859375,643.9000244140625,182.3000030517578,40.000000000020464,266.88362768731764,passive,
1.0,391.366,391.381,738.5,638.5999755859375,790.4000244140625,627.7000122070312,84.30000305175781,14.999999999986358,53.03227070229768,passive,
1.0,391.898,391.923,759.7000122070312,623.7000122070312,773.7999877929688,713.0,108.0,24.999999999977263,90.40628922452464,passive,
1.0,392.559,392.573,754.0999755859375,696.5,738.2000122070312,661.7000122070312,56.20000076293945,13.999999999953161,38.26026641100835,passive,
1.0,392.917,392.936,672.9000244140625,599.2999877929688,753.7000122070312,598.2999877929688,114.69999694824219,19.000000000005457,80.80617567577306,passive,
1.0,393.836,393.862,726.4000244140625,592.0999755859375,698.4000244140625,687.2999877929688,99.0,26.00000000001046,99.23226453235308,passive,
1.0,394.121,394.329,695.0999755859375,685.5,748.4000244140625,663.7000122070312,303.0,208.00000000002683,57.58588952906862,passive,
1.0,394.583,394.602,699.2000122070312,678.4000244140625,775.0999755859375,686.7999877929688,107.69999694824219,18.999999999948614,76.36336704000338,passive,
1.0,394.811,394.822,747.5999755859375,678.5999755859375,718.7999877929688,675.0999755859375,50.20000076293945,11.000000000024102,29.011881994712944,passive,
1.0,395.058,395.066,726.2999877929688,673.7999877929688,746.9000244140625,681.7999877929688,48.70000076293945,7.999999999981355,22.098902886577957,passive,
1.0,396.202,396.209,729.0999755859375,628.0,747.7000122070312,625.9000244140625,46.099998474121094,7.000000000005002,18.718206638659648,passive,
1.0,396.547,396.566,726.4000244140625,628.2999877929688,748.2999877929688,697.5,105.5999984741211,18.999999999948614,72.58271202876556,passive,
1.0,396.991,397.004,732.0,697.0999755859375,760.7999877929688,676.0,54.29999923706055,13.000000000033651,35.702216550269085,passive,
1.0,397.261,397.312,737.5,664.7999877929688,1111.9000244140625,628.2000122070312,206.0,50.99999999998772,376.1847106065607,passive,
1.0,397.525,397.55,960.0,609.9000244140625,814.5,640.5,152.60000610351562,25.000000000034106,148.68291262233186,passive,
1.0,398.083,398.096,778.7000122070312,635.7999877929688,750.9000244140625,620.0,45.599998474121094,12.999999999976808,31.976224535538478,passive,
1.0,399.254,399.395,724.4000244140625,626.0,724.0,595.2999877929688,652.7000122070312,140.9999999999627,30.70261827668308,passive,
1.0,400.463,400.5,727.9000244140625,588.2999877929688,851.5,745.0,179.8000030517578,36.99999999997772,199.579176745792,passive,
1.0,400.715,400.774,814.7999877929688,717.7999877929688,753.0999755859375,447.5,116.30000305175781,59.00000000002592,277.25254716093565,passive,
1.0,400.929,400.95,700.7000122070312,448.8999938964844,720.4000244140625,360.70001220703125,87.4000015258789,21.000000000015007,90.37326624050415,passive,
1.0,401.401,401.454,691.4000244140625,352.8999938964844,793.7999877929688,730.5999755859375,259.1000061035156,52.99999999999727,391.33493157168397,passive,
1.0,401.811,401.829,758.5,726.5,742.2000122070312,686.5999755859375,46.900001525878906,18.000000000029104,43.10106205528715,passive,
1.0,402.457,402.476,637.9000244140625,676.7000122070312,737.5,674.7999877929688,142.89999389648438,19.000000000005457,99.61809689756866,passive,
1.0,403.138,403.155,695.5,649.5,735.2999877929688,601.4000244140625,81.9000015258789,16.999999999995907,62.43113549894992,passive,
1.0,403.455,403.465,696.2999877929688,588.7000122070312,677.5999755859375,575.5,44.5,9.999999999990905,22.88953426369553,passive,
1.0,403.669,403.68,664.0999755859375,562.5,637.5999755859375,571.9000244140625,49.20000076293945,11.000000000024102,28.117796126029706,passive,
1.0,404.388,404.407,639.7999877929688,580.4000244140625,717.2000122070312,591.5,109.80000305175781,19.000000000005457,78.19190007478959,passive,
1.0,404.936,404.946,679.0,586.7000122070312,710.2999877929688,590.2999877929688,58.099998474121094,10.000000000047748,31.506333649908218,passive,
1.0,405.19,405.208,693.2999877929688,583.5,765.7999877929688,590.4000244140625,105.4000015258789,18.000000000029104,72.82760696957342,passive,
1.0,405.303,405.48,729.5999755859375,598.0,751.5,573.7999877929688,729.7999877929688,177.00000000002092,32.63819327347939,passive,
1.0,406.143,406.165,730.9000244140625,558.7999877929688,729.2000122070312,453.70001220703125,97.4000015258789,22.000000000048203,105.11372369804388,passive,
1.0,406.56,406.579,698.4000244140625,426.20001220703125,690.0,506.0,99.0999984741211,19.000000000005457,80.24087774890556,passive,
1.0,406.79,406.811,685.7999877929688,494.29998779296875,772.5999755859375,538.7999877929688,147.1999969482422,20.999999999958163,97.54223639459741,passive,
1.0,407.056,407.069,731.0999755859375,534.4000244140625,688.9000244140625,556.5999755859375,76.69999694824219,13.000000000033651,47.68305475682392,passive,
1.0,407.275,407.427,693.2000122070312,572.7000122070312,747.7999877929688,458.20001220703125,920.4000244140625,152.00000000004366,126.85191103796967,passive,
1.0,407.726,407.746,728.9000244140625,462.1000061035156,741.0999755859375,556.0,115.69999694824219,19.99999999998181,94.68921618830699,passive,
1.0,408.6,408.643,698.0999755859375,538.7000122070312,927.5,601.2000122070312,211.1999969482422,42.99999999994952,237.76168993589457,passive,
1.0,409.033,409.051,843.2999877929688,580.9000244140625,766.9000244140625,599.2000122070312,108.5,17.99999999997226,78.56108424354275,passive,
1.0,409.313,409.38,775.2000122070312,621.4000244140625,430.1000061035156,510.5,134.89999389648438,67.00000000000728,362.4814886689887,passive,
1.0,409.549,409.57,532.2999877929688,479.1000061035156,627.0,473.1000061035156,148.89999389648438,21.000000000015007,94.88989573190534,passive,
1.0,410.169,410.192,604.2999877929688,489.1000061035156,681.7999877929688,533.2999877929688,126.4000015258789,23.000000000024556,89.21820655756308,passive,
1.0,410.399,410.408,648.5999755859375,565.9000244140625,671.0,580.2000122070312,52.79999923706055,9.000000000014552,26.575378541605975,passive,
1.0,411.149,411.186,656.2000122070312,570.9000244140625,794.5,697.2000122070312,194.0,36.99999999997772,187.29274823131664,passive,
1.0,411.529,411.755,755.7999877929688,690.7999877929688,806.2999877929688,677.9000244140625,315.29998779296875,225.9999999999991,52.121579553742635,passive,
1.0,412.203,412.216,793.0999755859375,691.2000122070312,752.2999877929688,687.4000244140625,65.80000305175781,13.000000000033651,40.97656538966035,passive,
1.0,413.456,413.47,725.9000244140625,656.9000244140625,764.2999877929688,629.2000122070312,70.69999694824219,14.000000000010004,47.348155864521495,passive,
1.0,413.846,413.863,737.0,609.4000244140625,797.0,625.0,99.9000015258789,16.999999999995907,61.99483235142947,passive,
1.0,414.107,414.165,766.5,618.0999755859375,396.70001220703125,483.6000061035156,167.3000030517578,57.999999999992724,393.50002892306406,passive,
1.0,414.748,414.78,565.5999755859375,482.6000061035156,718.2999877929688,579.5,177.6999969482422,31.999999999982265,180.85049777417314,passive,
1.0,415.158,415.177,692.5999755859375,600.5,766.0999755859375,613.5999755859375,114.30000305175781,19.000000000005457,74.65828393656098,passive,
1.0,416.55,416.563,701.7999877929688,594.5,746.0,600.9000244140625,72.9000015258789,12.999999999976808,44.66096048678653,passive,
1.0,416.746,416.923,715.4000244140625,607.9000244140625,729.7999877929688,608.9000244140625,503.1000061035156,177.00000000002092,14.43464392750445,passive,
1.0,417.705,417.724,698.4000244140625,599.0999755859375,781.5,608.7000122070312,125.4000015258789,19.000000000005457,83.65265474275009,passive,
1.0,418.102,418.117,742.2000122070312,603.2999877929688,680.7000122070312,593.9000244140625,89.80000305175781,15.000000000043201,62.214221135724095,passive,
1.0,418.424,418.431,685.7999877929688,601.2999877929688,670.2999877929688,589.9000244140625,44.5,7.000000000005002,19.240820279821847,passive,
1.0,418.716,418.968,659.9000244140625,594.0999755859375,682.7999877929688,626.7000122070312,292.0,252.00000000000955,39.839311119193574,passive,
1.0,419.017,419.028,648.4000244140625,620.7999877929688,617.2000122070312,623.7999877929688,50.400001525878906,11.000000000024102,31.343911078850688,passive,
1.0,419.141,419.165,590.2000122070312,621.9000244140625,718.4000244140625,626.4000244140625,159.1999969482422,24.00000000000091,128.27896604620324,passive,
1.0,420.026,420.046,688.5999755859375,621.4000244140625,759.2000122070312,621.2000122070312,114.19999694824219,19.99999999998181,70.60031994107916,passive,
1.0,420.44,420.448,719.7000122070312,615.0,702.2999877929688,609.5,40.20000076293945,7.999999999981355,18.24858486595525,passive,
1.0,420.6,420.61,682.2999877929688,597.4000244140625,710.7999877929688,598.0999755859375,53.20000076293945,9.999999999990905,28.508593996249783,passive,
1.0,420.973,420.994,682.7000122070312,581.5999755859375,762.5,584.7999877929688,125.0999984741211,21.000000000015007,79.8641229206401,passive,
1.0,421.268,421.275,711.5999755859375,586.7999877929688,694.4000244140625,590.2999877929688,43.70000076293945,7.000000000005002,17.55244485292246,passive,
1.0,421.571,421.585,681.2999877929688,593.5,730.5,593.7999877929688,83.0,13.999999999953161,49.200926758019044,passive,
1.0,421.737,421.956,697.4000244140625,605.7000122070312,725.0,578.0,335.1000061035156,218.9999999999941,39.103060348443655,passive,
1.0,422.051,422.06,702.5999755859375,574.9000244140625,685.9000244140625,575.4000244140625,34.70000076293945,9.000000000014552,16.70743454702155,passive,
1.0,422.287,422.303,683.4000244140625,578.5999755859375,745.7999877929688,582.7000122070312,96.4000015258789,16.000000000019554,62.53451630886059,passive,
1.0,423.49,423.5,856.0,532.5999755859375,824.2000122070312,531.2999877929688,59.79999923706055,9.999999999990905,31.82654853883514,active,
1.0,423.751,423.766,843.4000244140625,533.5999755859375,892.7000122070312,538.2999877929688,78.5999984741211,15.000000000043201,49.523518767683605,active,
1.0,424.471,424.48,861.7999877929688,532.7000122070312,835.2999877929688,528.9000244140625,54.400001525878906,9.000000000014552,26.771064738383334,active,
1.0,424.887,424.933,841.7999877929688,530.0,1192.5,613.4000244140625,258.29998779296875,45.99999999999227,360.48032211797374,active,
1.0,425.318,425.342,1080.199951171875,617.2000122070312,965.0,613.0,104.0999984741211,24.00000000000091,115.27648872403078,active,
1.0,425.824,425.864,926.4000244140625,615.2999877929688,1179.0,634.9000244140625,189.8000030517578,39.99999999996362,253.35924909417542,active,
1.0,426.469,426.48,1094.5999755859375,615.4000244140625,1120.5999755859375,602.5,51.79999923706055,11.000000000024102,29.024311014792556,active,
1.0,426.792,426.815,1102.5,587.4000244140625,998.9000244140625,572.7000122070312,106.69999694824219,23.000000000024556,104.63768585119662,active,
1.0,427.253,427.276,970.5,577.2999877929688,879.9000244140625,567.2999877929688,98.19999694824219,23.000000000024556,91.15018143795695,active,
1.0,427.742,427.754,864.0,572.0,847.5,544.0999755859375,54.0,12.000000000000455,32.41390692751004,active,
1.0,428.545,428.572,858.2000122070312,541.2000122070312,908.2000122070312,661.5,167.8000030517578,26.999999999986812,130.27696290207425,active,
1.0,429.001,429.009,893.4000244140625,645.2000122070312,875.0999755859375,631.9000244140625,50.099998474121094,8.000000000038199,22.62258743832979,active,
1.0,429.577,429.588,862.7999877929688,615.2999877929688,846.7999877929688,596.5,44.400001525878906,11.000000000024102,24.686829302601296,active,
1.0,430.212,430.234,824.2999877929688,576.5999755859375,944.5999755859375,602.7999877929688,160.10000610351562,21.99999999999136,123.11997280147936,active,
1.0,431.001,431.034,899.7000122070312,602.2999877929688,1030.5,677.7999877929688,148.6999969482422,33.00000000001546,151.0261129958683,active,
1.0,431.455,431.48,982.2999877929688,667.7999877929688,867.5,680.2999877929688,97.80000305175781,25.000000000034106,115.47851400700381,active,
1.0,431.833,431.859,879.5999755859375,691.7999877929688,787.2000122070312,602.2999877929688,123.4000015258789,25.999999999953616,128.63904241101616,active,
1.0,432.114,432.126,752.9000244140625,558.5,773.5,521.0999755859375,72.80000305175781,12.000000000000455,42.698018927272166,active,
1.0,433.4,433.423,763.0,530.5999755859375,882.2000122070312,554.4000244140625,152.6999969482422,23.000000000024556,121.55280841830654,active,
1.0,434.277,434.41,843.5999755859375,558.4000244140625,819.5999755859375,529.7000122070312,899.2999877929688,133.0000000000382,37.412440453460704,active,
1.0,434.605,434.62,817.7000122070312,530.7999877929688,809.5,591.0999755859375,86.80000305175781,14.999999999986358,60.85498112749392,active,
1.0,434.91,434.922,811.2999877929688,582.5,827.5999755859375,548.5999755859375,59.099998474121094,12.000000000000455,37.61517323268582,active,
1.0,435.185,435.217,806.7000122070312,546.2000122070312,954.7000122070312,542.2999877929688,153.1999969482422,31.999999999982265,148.05137686097447,active,
1.0,435.549,435.568,881.7000122070312,534.5,803.0999755859375,557.7000122070312,102.19999694824219,19.000000000005457,81.95246380215593,active,
1.0,436.327,436.347,828.5999755859375,559.2000122070312,906.9000244140625,584.0999755859375,113.0999984741211,19.99999999998181,82.1638961025926,active,
1.0,436.655,436.67,875.7000122070312,589.9000244140625,835.5,556.5,78.19999694824219,15.000000000043201,52.264735838856325,active,
1.0,437.031,437.068,825.5,553.9000244140625,984.0,541.7999877929688,139.0,36.99999999997772,158.96119301965436,active,
1.0,438.05,438.068,918.0,531.0999755859375,868.9000244140625,523.2000122070312,59.900001525878906,17.99999999997226,49.73144904311273,active,
1.0,438.325,438.345,859.9000244140625,525.0999755859375,784.5999755859375,503.3999938964844,83.80000305175781,20.000000000038654,78.36444703333655,active,
1.0,438.965,438.984,810.7999877929688,512.2000122070312,888.2999877929688,526.0,113.80000305175781,19.000000000005457,78.71905527307912,active,
1.0,439.866,439.911,849.2000122070312,554.9000244140625,575.2000122070312,601.5,143.60000610351562,45.000000000015916,277.93444861083697,active,
1.0,440.324,440.342,748.9000244140625,599.7000122070312,686.0,627.0,84.9000015258789,17.99999999997226,68.5689609428778,active,
1.0,440.601,440.622,714.0,621.0,808.0,611.4000244140625,142.3000030517578,21.000000000015007,94.48893867141591,active,
1.0,440.983,440.995,754.5999755859375,599.5,796.0999755859375,582.2000122070312,75.4000015258789,12.000000000000455,44.96153442262472,active,
1.0,441.183,441.2,762.2999877929688,566.4000244140625,711.7999877929688,609.9000244140625,94.0,16.999999999995907,66.65208173793224,active,
1.0,441.442,441.464,734.2000122070312,608.4000244140625,844.9000244140625,598.0999755859375,164.5,21.99999999999136,111.17816201259413,active,
1.0,442.189,442.207,778.0999755859375,595.5999755859375,852.2999877929688,600.5999755859375,120.80000305175781,17.99999999997226,74.36828498441783,active,
1.0,442.393,442.411,813.0999755859375,604.9000244140625,890.0999755859375,590.4000244140625,116.69999694824219,18.000000000029104,78.35336623272799,active,
1.0,443.09,443.102,858.5999755859375,559.5999755859375,825.0,544.2000122070312,60.70000076293945,12.000000000000455,36.96102313853405,active,
1.0,443.547,443.562,813.5999755859375,566.0999755859375,794.7000122070312,582.2999877929688,37.70000076293945,14.999999999986358,24.89275017413622,active,
1.0,444.133,444.147,807.5999755859375,590.0999755859375,857.2000122070312,580.0,77.5,14.000000000010004,50.617913228919015,active,
1.0,445.537,445.563,820.0999755859375,595.4000244140625,975.5,624.2000122070312,184.8000030517578,26.00000000001046,158.0462175591886,active,
1.0,445.864,446.041,933.5,626.0,698.4000244140625,599.7999877929688,703.7999877929688,177.00000000002092,236.55536172354454,active,
1.0,446.516,446.538,739.7999877929688,593.5,870.4000244140625,600.4000244140625,168.3000030517578,21.99999999999136,130.78218495783625,active,
1.0,447.593,447.601,827.0999755859375,587.0,814.5999755859375,598.0,38.099998474121094,7.999999999981355,16.650825805346713,active,
1.0,447.991,448.004,805.4000244140625,599.9000244140625,832.2999877929688,592.5,41.20000076293945,13.000000000033651,27.899254311096172,active,
1.0,448.671,448.705,812.2999877929688,591.5,979.7999877929688,616.5,176.10000610351562,33.999999999991815,169.35539554439947,active,
1.0,448.895,448.936,921.2999877929688,613.2000122070312,807.5,381.8999938964844,142.6999969482422,40.99999999999682,257.77923828760754,active,
1.0,449.255,449.298,744.5999755859375,360.79998779296875,850.0999755859375,602.2999877929688,173.89999389648438,43.00000000000637,263.53842224616886,active,
1.0,449.55,449.568,828.5999755859375,590.7999877929688,919.5999755859375,598.5,138.60000610351562,17.99999999997226,91.32518923050984,active,
1.0,449.837,449.853,895.0999755859375,598.7999877929688,852.2999877929688,576.5,63.0,16.000000000019554,48.26104444212567,active,
1.0,452.114,452.132,808.0,555.0999755859375,777.0999755859375,595.7999877929688,52.70000076293945,18.000000000029104,51.100905103942644,active,
1.0,452.461,452.469,789.4000244140625,601.2999877929688,807.0999755859375,601.0,39.20000076293945,7.999999999981355,17.70249316233986,active,
1.0,452.604,452.773,787.5999755859375,608.2000122070312,840.7999877929688,564.2000122070312,601.2000122070312,169.00000000003956,69.03796997905047,active,
1.0,453.686,453.698,831.5999755859375,545.2999877929688,810.9000244140625,580.2000122070312,68.30000305175781,12.000000000000455,40.577083219721054,active,
1.0,453.81,453.824,818.2000122070312,585.7000122070312,794.2999877929688,629.7000122070312,80.30000305175781,14.000000000010004,50.07205974386098,active,
1.0,454.598,454.618,798.0,623.7999877929688,895.9000244140625,590.5,134.8000030517578,19.99999999998181,103.40843276680052,active,
1.0,455.332,455.339,855.0999755859375,576.0,871.4000244140625,580.5999755859375,43.5,7.000000000005002,16.936687019322292,active,
1.0,456.053,456.058,855.2999877929688,582.0999755859375,844.2999877929688,593.0999755859375,41.5,4.9999999999954525,15.556349186104045,active,
1.0,456.262,456.268,840.9000244140625,619.7999877929688,830.7000122070312,629.2999877929688,40.0,5.999999999971806,13.938803715656036,active,
1.0,457.115,457.137,829.0,613.5999755859375,870.2000122070312,523.2000122070312,104.9000015258789,21.99999999999136,99.34583224658755,active,
1.0,457.288,457.324,823.5999755859375,502.79998779296875,769.2000122070312,349.0,95.4000015258789,36.000000000001364,163.13734171165007,active,
1.0,457.666,457.699,715.7999877929688,305.1000061035156,804.5,471.1000061035156,175.60000610351562,33.00000000001546,188.2118279108077,active,
1.0,457.966,457.994,786.5999755859375,460.29998779296875,910.2000122070312,533.5999755859375,158.10000610351562,28.00000000002001,143.7005819862435,active,
1.0,458.368,458.401,876.5,529.0999755859375,898.7000122070312,698.7000122070312,164.0,33.00000000001546,171.04681512342952,active,
1.0,458.591,458.611,895.2999877929688,687.0999755859375,917.0999755859375,773.7999877929688,131.39999389648438,19.99999999998181,89.39872249911043,active,
1.0,458.922,458.939,907.2000122070312,767.0999755859375,869.5999755859375,742.2000122070312,59.0,16.999999999995907,45.097349480634264,active,
1.0,459.133,459.155,848.7000122070312,710.7000122070312,827.7000122070312,654.4000244140625,54.70000076293945,21.99999999999136,60.08900586204127,active,
1.0,459.802,459.819,803.0,586.4000244140625,877.9000244140625,588.4000244140625,113.4000015258789,16.999999999995907,74.92672191699806,active,
1.0,460.364,460.369,842.0999755859375,601.5,829.2999877929688,603.7999877929688,37.20000076293945,5.000000000052296,13.004984865348913,active,
1.0,460.891,460.899,830.2999877929688,601.0,852.4000244140625,596.7000122070312,48.0,7.999999999981355,22.514473426517554,active,
1.0,461.376,461.383,841.4000244140625,585.2000122070312,826.2000122070312,587.0999755859375,39.099998474121094,7.000000000005002,15.318297292293417,active,
1.0,462.212,462.304,823.4000244140625,595.5,139.39999389648438,543.7000122070312,177.0,91.99999999998454,685.958657998716,active,
1.0,462.365,462.458,254.89999389648438,506.20001220703125,-522.5999755859375,513.0,195.3000030517578,93.00000000001774,777.5297051426083,active,
1.0,462.641,462.664,80.4000015258789,411.3999938964844,-39.20000076293945,399.5,142.0,22.999999999967713,120.19055870667097,active,
1.0,462.861,462.895,220.8000030517578,401.8999938964844,395.3999938964844,545.9000244140625,274.3999938964844,33.999999999991815,226.32093493983723,active,
1.0,463.077,463.127,498.5,543.2999877929688,935.7000122070312,629.7000122070312,351.0,50.00000000001137,445.65548901879225,active,
1.0,463.477,463.556,840.2999877929688,619.7999877929688,178.3000030517578,622.7000122070312,201.5,79.00000000000773,662.0063367815792,active,
1.0,463.873,463.899,438.29998779296875,595.4000244140625,591.7000122070312,597.7999877929688,236.60000610351562,26.00000000001046,153.41879713534146,active,
1.0,464.252,464.292,566.0,588.0,764.0999755859375,569.0999755859375,197.6999969482422,39.99999999996362,198.99952575320674,active,
1.0,464.501,464.524,740.7000122070312,572.2000122070312,864.7999877929688,565.0,169.8000030517578,23.000000000024556,124.30866468678555,active,
1.0,465.395,465.426,825.7999877929688,550.9000244140625,800.2000122070312,676.7999877929688,105.5,31.00000000000591,128.47629948286388,active,
1.0,465.641,465.664,800.2999877929688,667.9000244140625,878.0,724.7999877929688,138.0,22.999999999967713,96.3062704578143,active,
1.0,465.989,466.002,842.2999877929688,711.2000122070312,807.0999755859375,692.0,60.29999923706055,13.000000000033651,40.09590163751525,active,
1.0,466.527,466.546,810.0999755859375,691.7999877929688,817.0999755859375,622.0,81.0,19.000000000005457,70.15011258649972,active,
1.0,466.801,466.826,787.5,595.4000244140625,918.7000122070312,528.9000244140625,163.60000610351562,25.000000000034106,147.09076518641524,active,
1.0,467.456,467.461,860.9000244140625,514.2000122070312,847.9000244140625,517.0999755859375,41.099998474121094,4.9999999999954525,13.319526553109812,active,
1.0,468.368,468.419,841.9000244140625,537.7000122070312,480.6000061035156,633.0,207.39999389648438,50.99999999998772,373.65731747758065,active,
1.0,468.594,468.621,685.0,625.4000244140625,787.7000122070312,713.4000244140625,197.8000030517578,26.999999999986812,135.24530493634288,active,
1.0,469.104,469.123,796.2000122070312,696.0999755859375,891.2999877929688,700.5999755859375,140.1999969482422,19.000000000005457,95.20638296062879,active,
1.0,470.38,470.478,830.7000122070312,675.7000122070312,839.0999755859375,650.5,765.9000244140625,98.00000000001319,26.563132345442433,active,
1.0,470.573,470.744,828.5999755859375,622.7999877929688,854.0,610.5999755859375,683.0,171.0000000000491,28.178032899524453,active,
1.0,471.404,471.415,841.5,602.4000244140625,802.0999755859375,602.7000122070312,69.80000305175781,11.000000000024102,39.40116643583856,active,
1.0,471.616,471.633,817.7999877929688,612.0,836.9000244140625,552.2000122070312,85.5,16.999999999995907,62.7761892676382,active,
1.0,471.875,471.886,810.5999755859375,542.7000122070312,825.5999755859375,515.2999877929688,54.400001525878906,11.000000000024102,31.237178776119027,active,
1.0,472.149,472.172,805.2000122070312,514.9000244140625,894.5,587.2999877929688,130.89999389648438,23.000000000024556,114.96191768186252,active,
1.0,472.389,472.406,869.4000244140625,600.7000122070312,826.2999877929688,575.5999755859375,69.69999694824219,16.999999999995907,49.87609643025274,active,
1.0,473.175,473.181,817.7000122070312,552.5,832.0999755859375,553.2999877929688,39.79999923706055,5.999999999971806,14.42216786002507,active,
1.0,473.633,473.649,821.7000122070312,563.2000122070312,884.0,567.7000122070312,100.5999984741211,16.000000000019554,62.462296459576756,active,
1.0,474.173,474.186,852.0999755859375,563.2999877929688,823.2000122070312,542.0,55.900001525878906,12.999999999976808,35.90121673819343,active,
1.0,474.598,474.618,813.7999877929688,536.2000122070312,913.9000244140625,541.9000244140625,123.30000305175781,19.99999999998181,100.26219362603541,active,
1.0,475.218,475.236,873.9000244140625,514.9000244140625,851.7000122070312,449.0,80.0,17.99999999997226,69.53886510266305,active,
1.0,475.912,475.926,830.0999755859375,483.5,855.0999755859375,511.3999938964844,53.20000076293945,14.000000000010004,37.4621096499365,active,
1.0,476.415,476.44,855.7000122070312,522.5,869.7000122070312,623.5999755859375,106.0,24.999999999977263,102.06471017681459,active,
1.0,476.894,476.9,856.5,642.0999755859375,871.4000244140625,640.5999755859375,39.099998474121094,5.999999999971806,14.975337309712211,active,
1.0,477.102,477.126,856.4000244140625,637.5999755859375,967.7000122070312,590.5999755859375,126.5999984741211,24.00000000000091,120.8167508366079,active,
1.0,477.799,477.813,924.5999755859375,543.5999755859375,885.7999877929688,544.0,59.400001525878906,14.000000000010004,38.80204984619202,active,
1.0,478.281,478.3,858.2000122070312,557.5999755859375,949.2999877929688,557.0,126.5,19.000000000005457,91.10195125496561,active,
1.0,479.147,479.16,916.9000244140625,558.0999755859375,881.0,559.0,54.900001525878906,13.000000000033651,35.91130458332295,active,
1.0,479.37,479.384,874.5999755859375,563.5999755859375,835.9000244140625,562.7999877929688,57.599998474121094,14.000000000010004,38.708218780698346,active,
1.0,480.011,480.071,837.9000244140625,557.7000122070312,468.70001220703125,443.70001220703125,158.10000610351562,60.000000000002274,386.39959758476977,active,
1.0,480.567,480.622,685.7999877929688,448.20001220703125,962.7999877929688,640.7999877929688,208.60000610351562,55.00000000000682,337.37775652183075,active,
1.0,480.796,480.842,886.9000244140625,639.2000122070312,1127.5,720.4000244140625,213.1999969482422,45.99999999999227,253.93264901224447,active,
1.0,481.047,481.067,1049.5999755859375,702.5,957.2999877929688,751.0999755859375,139.60000610351562,19.99999999998181,104.3132080492969,active,
1.0,481.339,481.364,973.0,753.2000122070312,900.2999877929688,652.4000244140625,109.4000015258789,24.999999999977263,124.28165316717163,active,
1.0,481.73,481.814,100000000.0,100000000.0,830.5999755859375,559.9000244140625,397.79998779296875,84.00000000000318,141420373.00545982,,
1.0,481.904,482.047,820.0,564.9000244140625,838.2999877929688,570.5999755859375,763.2999877929688,143.0000000000291,19.16713323855616,,
1.0,482.79,482.8,845.5,566.0999755859375,861.5,583.7999877929688,44.20000076293945,9.999999999990905,23.859807881226857,active,
1.0,483.427,483.452,839.4000244140625,573.7999877929688,828.7999877929688,455.1000061035156,126.0,24.999999999977263,119.17233919599396,active,
1.0,483.786,483.821,791.2999877929688,473.79998779296875,873.7999877929688,618.7000122070312,166.3000030517578,35.00000000002501,166.74011837346137,active,
1.0,484.22,484.257,847.7000122070312,606.0999755859375,1026.0,685.7000122070312,179.89999389648438,36.99999999997772,195.26149512141987,active,
1.0,484.507,484.53,963.7000122070312,659.7999877929688,921.5,582.7000122070312,76.69999694824219,22.999999999967713,87.89338578997707,active,
1.0,484.568,484.579,818.2000122070312,502.0,764.5999755859375,475.79998779296875,100.19999694824219,11.000000000024102,59.66074559902162,active,
1.0,484.878,484.898,749.2999877929688,472.3999938964844,832.5999755859375,441.1000061035156,134.6999969482422,20.000000000038654,88.98638773514034,active,
1.0,485.914,485.936,797.4000244140625,414.6000061035156,829.9000244140625,493.70001220703125,85.5999984741211,21.99999999999136,85.51643681524745,active,
1.0,486.499,486.509,812.5999755859375,495.29998779296875,786.2999877929688,506.8999938964844,52.0,9.999999999990905,28.744555997821656,active,
1.0,486.838,486.857,781.7999877929688,532.4000244140625,862.5,533.5,111.0,19.000000000005457,80.70750842706428,active,
1.0,487.032,487.037,811.0,521.2000122070312,800.2000122070312,513.5999755859375,39.29999923706055,4.9999999999954525,13.206070307636566,active,
1.0,487.578,487.606,769.5,505.6000061035156,866.0999755859375,578.0999755859375,149.89999389648438,28.00000000002001,120.7799687785844,active,
1.0,488.309,488.318,839.7000122070312,566.0999755859375,867.5,566.0999755859375,55.900001525878906,8.999999999957708,27.79998779296875,active,
1.0,488.59,488.597,847.7000122070312,550.5999755859375,834.7999877929688,543.2000122070312,39.70000076293945,7.000000000005002,14.87178832193903,active,
1.0,488.981,488.991,829.0,529.4000244140625,860.7999877929688,526.7999877929688,57.29999923706055,9.999999999990905,31.906103084895687,active,
1.0,489.638,489.648,820.0,544.7999877929688,856.9000244140625,543.7999877929688,68.30000305175781,10.000000000047748,36.91357205362831,active,
1.0,490.467,490.492,840.7000122070312,548.4000244140625,850.7999877929688,626.2000122070312,74.5999984741211,25.000000000034106,78.4528368347673,active,
1.0,490.646,490.658,847.2999877929688,618.5,863.7000122070312,655.5,64.0,12.000000000000455,40.47172841357095,active,
1.0,490.853,491.076,847.4000244140625,654.2999877929688,790.4000244140625,630.7999877929688,513.4000244140625,223.0000000000132,61.654278034861456,active,
1.0,491.348,491.367,793.2999877929688,640.0,870.5,625.5999755859375,116.30000305175781,19.000000000005457,78.53153881015811,active,
1.0,492.489,492.496,828.7000122070312,605.4000244140625,820.7999877929688,617.4000244140625,37.099998474121094,7.000000000005002,14.366989446045526,active,
1.0,493.021,493.029,821.2999877929688,612.4000244140625,841.4000244140625,614.5,45.70000076293945,7.999999999981355,20.20943763766927,active,
1.0,494.05,494.239,799.4000244140625,603.2000122070312,825.5,579.2000122070312,609.4000244140625,188.99999999996453,35.45713927527901,active,
1.0,495.689,495.702,814.7000122070312,565.7999877929688,857.0999755859375,570.5999755859375,76.69999694824219,12.999999999976808,42.670795368088,active,
1.0,496.541,496.557,821.9000244140625,562.9000244140625,777.9000244140625,568.5999755859375,63.20000076293945,16.000000000019554,44.36766213540848,active,
1.0,497.3,497.329,760.9000244140625,564.5999755859375,719.5999755859375,480.20001220703125,77.69999694824219,28.999999999996362,93.96301321033839,active,
1.0,497.608,497.646,680.7999877929688,428.5,767.0,576.7000122070312,188.5,38.000000000010914,171.44586819943066,active,
1.0,497.997,498.018,739.0,553.5999755859375,838.0,544.4000244140625,140.0,20.999999999958163,99.4265512907135,active,
1.0,498.762,498.767,788.0,547.4000244140625,777.5999755859375,551.7999877929688,37.400001525878906,4.9999999999954525,11.29248358638666,active,
1.0,499.08,499.096,774.2000122070312,579.4000244140625,835.9000244140625,590.9000244140625,101.0,16.000000000019554,62.76258046278694,active,
1.0,499.919,499.926,814.7000122070312,582.5999755859375,830.4000244140625,573.9000244140625,42.900001525878906,7.000000000005002,17.949360258625916,active,
1.0,500.325,500.336,815.7000122070312,576.7999877929688,857.2999877929688,579.2999877929688,74.80000305175781,11.000000000024102,41.67502811937379,active,
1.0,501.687,501.942,844.0,564.0,853.0999755859375,588.0999755859375,741.0999755859375,254.99999999999545,25.76079150390069,active,
1.0,502.868,502.878,838.7999877929688,586.2999877929688,812.7000122070312,572.7000122070312,57.29999923706055,9.999999999990905,29.43073328214283,active,
1.0,503.118,503.126,818.2999877929688,563.2000122070312,835.9000244140625,554.9000244140625,43.099998474121094,7.999999999981355,19.458959027329065,active,
1.0,503.333,503.357,823.0999755859375,550.5999755859375,972.5999755859375,575.0999755859375,175.10000610351562,24.00000000000091,151.49422431234797,active,
1.0,503.67,503.684,933.4000244140625,567.0999755859375,894.4000244140625,541.0,72.0999984741211,14.000000000010004,46.9276967854436,active,
1.0,504.164,504.171,834.9000244140625,513.9000244140625,815.7999877929688,514.5999755859375,46.5,7.000000000005002,19.11285772902973,active,
1.0,504.873,504.885,830.9000244140625,513.0,877.4000244140625,525.2000122070312,80.69999694824219,12.000000000000455,48.07380053471653,active,
1.0,505.126,505.133,844.0999755859375,538.2999877929688,827.9000244140625,539.5,40.20000076293945,7.000000000005002,16.244335851864125,active,
1.0,505.522,505.538,829.2000122070312,542.0999755859375,887.5,547.0,92.80000305175781,16.000000000019554,58.50554517239126,active,
1.0,505.726,505.733,851.0,540.2999877929688,833.2000122070312,535.0,46.0,7.000000000005002,18.57227600579569,active,
1.0,505.877,505.902,831.5999755859375,531.2000122070312,740.7999877929688,472.0,115.5999984741211,24.999999999977263,108.39409222146713,active,
1.0,506.652,506.67,714.2999877929688,468.70001220703125,783.7999877929688,472.5,102.9000015258789,18.000000000029104,69.6038067006878,active,
1.0,506.948,506.957,758.0999755859375,468.70001220703125,731.7999877929688,465.0,51.70000076293945,9.000000000014552,26.558980557289573,active,
1.0,506.994,507.246,712.7999877929688,465.5,716.0,467.0,512.2000122070312,251.9999999999527,3.534130462383783,active,
1.0,507.628,507.645,724.2999877929688,450.3999938964844,789.0999755859375,460.6000061035156,95.0,16.999999999995907,65.59785565849303,active,
1.0,509.383,509.403,735.0,487.20001220703125,836.0999755859375,517.4000244140625,156.10000610351562,20.000000000038654,105.51419715271493,active,
1.0,509.787,509.808,799.2999877929688,541.4000244140625,879.7000122070312,594.7999877929688,133.1999969482422,21.000000000015007,96.5179776759251,active,
1.0,510.354,510.469,854.7999877929688,621.7999877929688,927.4000244140625,643.4000244140625,563.0,115.0000000000091,75.74514439498247,active,
1.0,510.551,510.725,894.0999755859375,610.5,841.9000244140625,517.7000122070312,347.3999938964844,174.00000000003502,106.47381197609712,active,
1.0,510.954,511.022,823.5,505.20001220703125,431.29998779296875,716.9000244140625,171.5,67.99999999998363,445.6879454771608,active,
1.0,511.278,511.329,614.2000122070312,696.5999755859375,962.7000122070312,642.7000122070312,271.6000061035156,50.99999999998772,352.6435254648062,active,
1.0,511.674,511.694,857.5999755859375,627.9000244140625,879.7000122070312,577.7000122070312,79.19999694824219,20.000000000038654,54.84936503041554,active,
1.0,512.144,512.156,854.7999877929688,571.7000122070312,820.7000122070312,560.2999877929688,63.400001525878906,11.999999999943611,35.95509548871696,active,
1.0,513.16,513.179,822.0,523.0999755859375,894.2999877929688,559.5999755859375,117.19999694824219,19.000000000005457,80.99097625577451,active,
1.0,513.599,513.618,862.0,571.5,828.5,536.5,65.9000015258789,19.000000000005457,48.44842618702903,active,
1.0,513.858,513.876,817.2000122070312,526.0999755859375,892.5,530.0,112.30000305175781,18.000000000029104,75.40091744834095,active,
1.0,514.3,514.307,858.0999755859375,521.0999755859375,842.7000122070312,514.0999755859375,41.5,7.000000000061846,16.91623102442307,active,
1.0,515.577,515.603,832.0999755859375,496.79998779296875,845.5999755859375,614.9000244140625,137.3000030517578,25.999999999953616,118.86912403943963,active,
1.0,515.915,515.934,843.4000244140625,613.5,894.9000244140625,656.5,103.5999984741211,19.000000000005457,67.09135562797938,active,
1.0,516.175,516.2,876.0,661.5999755859375,999.0999755859375,651.2999877929688,130.8000030517578,25.00000000009095,123.53013291417489,active,
1.0,516.484,516.499,977.0,626.0,933.9000244140625,605.7000122070312,69.0,14.999999999986358,47.641341289924746,active,
1.0,516.687,516.706,912.0,600.7999877929688,836.7000122070312,609.7999877929688,91.5999984741211,19.000000000005457,75.83592922633204,active,
1.0,517.018,517.038,856.9000244140625,615.7999877929688,821.0999755859375,563.4000244140625,76.30000305175781,19.99999999998181,63.46179684035783,active,
1.0,518.782,518.791,817.5999755859375,548.4000244140625,847.2999877929688,552.5,58.79999923706055,9.000000000014552,29.98166981512352,active,
1.0,518.972,518.992,829.2999877929688,561.5999755859375,902.7000122070312,604.7000122070312,115.69999694824219,19.99999999998181,85.11860396367291,active,
1.0,519.285,519.297,878.2999877929688,604.7000122070312,904.4000244140625,584.5,51.900001525878906,12.000000000057298,33.00382409337812,active,
1.0,519.497,519.509,883.5999755859375,573.0,925.0999755859375,565.7999877929688,71.5,12.000000000057298,42.11994985492503,active,
1.0,520.037,520.07,898.7000122070312,549.0999755859375,761.2999877929688,520.7999877929688,100.0999984741211,33.00000000001546,140.28419732124908,active,
1.0,520.453,520.6,814.4000244140625,574.4000244140625,817.0999755859375,556.5999755859375,538.5999755859375,147.0000000000482,18.0036517022004,,
1.0,521.016,521.029,819.5,551.4000244140625,857.0,558.9000244140625,69.19999694824219,13.000000000033651,38.242646351945886,active,
1.0,521.602,521.61,838.0,556.7999877929688,858.2999877929688,556.0999755859375,44.79999923706055,8.000000000038199,20.312053600871405,active,
1.0,522.266,522.273,839.7000122070312,555.2999877929688,820.0,560.2999877929688,48.099998474121094,7.000000000061846,20.324627449406798,active,
1.0,522.504,522.529,819.9000244140625,564.0999755859375,745.7999877929688,574.5,64.80000305175781,24.999999999977263,74.8263051009505,active,
1.0,523.028,523.058,737.7000122070312,568.2000122070312,886.0,582.9000244140625,154.10000610351562,29.999999999972715,149.02676517418456,active,
1.0,523.51,523.524,819.7999877929688,571.5999755859375,824.0,542.2999877929688,43.599998474121094,14.000000000010004,29.599482887498716,active,
1.0,524.967,524.976,801.4000244140625,522.0,824.2999877929688,525.5999755859375,45.400001525878906,9.000000000014552,23.18120244885052,active,
1.0,525.596,525.62,817.7000122070312,517.2999877929688,987.0,540.0999755859375,208.0,24.00000000000091,170.82835042831414,active,
1.0,525.806,525.826,967.7999877929688,529.9000244140625,1052.0999755859375,509.20001220703125,124.9000015258789,19.99999999998181,86.80425362426615,active,
1.0,526.008,526.031,1014.2000122070312,498.6000061035156,1114.5999755859375,425.79998779296875,139.0,22.99999999991087,124.01610908467366,active,
1.0,526.424,526.452,1058.9000244140625,399.79998779296875,1022.0999755859375,461.1000061035156,57.900001525878906,28.00000000002001,71.49780303356017,active,
1.0,526.735,526.755,1025.300048828125,449.6000061035156,1090.699951171875,395.79998779296875,111.9000015258789,19.99999999998181,84.6852360024297,active,
1.0,527.161,527.179,1052.199951171875,382.3999938964844,997.0,399.5,75.19999694824219,18.000000000029104,57.78792969226061,active,
1.0,527.6,527.619,998.0999755859375,418.1000061035156,928.7000122070312,432.29998779296875,92.69999694824219,19.000000000005457,70.83780344543676,active,
1.0,527.79,527.807,945.9000244140625,436.70001220703125,876.9000244140625,434.29998779296875,89.0,17.00000000005275,69.04172736242985,active,
1.0,528.77,528.791,833.7000122070312,460.29998779296875,749.0,476.3999938964844,99.5,21.00000000007185,86.21660086320084,active,
1.0,529.054,529.071,772.2999877929688,501.29998779296875,722.5999755859375,517.2999877929688,68.0999984741211,17.00000000005275,52.211983426978286,active,
1.0,529.393,529.401,733.5999755859375,534.2999877929688,713.7000122070312,540.5,45.79999923706055,7.999999999924512,20.8434328710303,active,
1.0,529.498,529.653,716.0,550.2999877929688,753.5999755859375,515.2999877929688,336.29998779296875,154.99999999997272,51.36884429362895,active,
1.0,529.962,529.981,752.5999755859375,520.5999755859375,840.2000122070312,518.9000244140625,125.80000305175781,19.000000000005457,87.61652954781835,active,
1.0,531.44,531.449,815.0999755859375,493.29998779296875,841.4000244140625,494.6000061035156,55.0,8.999999999900865,26.332159348779513,active,
1.0,531.69,531.708,824.2999877929688,500.20001220703125,890.2000122070312,503.20001220703125,104.5,17.999999999915417,65.96827432769508,active,
1.0,532.137,532.159,847.0999755859375,497.0,932.2999877929688,545.4000244140625,150.10000610351562,22.000000000048203,97.98777700999304,active,
1.0,532.398,532.416,903.5999755859375,538.0999755859375,949.7999877929688,591.2999877929688,98.9000015258789,18.000000000029104,70.46050260080544,active,
1.0,532.695,532.707,933.7000122070312,589.7000122070312,902.9000244140625,590.2999877929688,53.0,11.999999999943611,30.805830921284123,active,
1.0,532.851,532.975,899.2000122070312,591.2000122070312,-152.8000030517578,617.0,185.6999969482422,124.00000000002365,1052.3163362195846,active,
1.0,533.161,533.265,336.29998779296875,528.4000244140625,941.2999877929688,606.0,384.6000061035156,104.00000000004184,609.956355988638,active,
1.0,533.655,533.673,889.5999755859375,559.9000244140625,833.7000122070312,533.2000122070312,92.80000305175781,18.000000000029104,61.94914493048857,active,
1.0,534.013,534.025,823.9000244140625,530.0,782.4000244140625,538.5,68.9000015258789,11.999999999943611,42.36153915995027,active,
1.0,535.005,535.025,796.2999877929688,552.5,881.2000122070312,564.7000122070312,127.30000305175781,19.99999999998181,85.77210760707773,active,
1.0,535.221,535.372,831.9000244140625,569.9000244140625,787.7999877929688,434.0,486.5,150.99999999995362,142.87627467751457,active,
1.0,535.721,535.761,775.7999877929688,434.8999938964844,835.0999755859375,672.0,220.10000610351562,39.99999999996362,244.4031535118428,active,
1.0,536.018,536.055,821.2000122070312,659.5999755859375,991.0,683.0999755859375,195.8000030517578,36.999999999920874,171.41845249124242,active,
1.0,536.265,536.288,916.7999877929688,674.7000122070312,867.9000244140625,573.4000244140625,102.9000015258789,23.000000000024556,112.48508321245973,active,
1.0,536.53,536.55,805.5999755859375,516.2000122070312,773.5,435.20001220703125,99.4000015258789,19.99999999998181,87.12868891827641,active,
1.0,537.457,537.468,749.2999877929688,426.1000061035156,785.5,445.5,74.30000305175781,10.999999999967258,41.07067867679864,active,
1.0,538.223,538.249,776.5,458.6000061035156,898.5999755859375,556.2999877929688,203.89999389648438,26.000000000067303,156.37675805632372,active,
1.0,538.747,538.754,844.7999877929688,557.7999877929688,827.4000244140625,556.4000244140625,42.0,7.000000000061846,17.45619153909458,active,
1.0,539.023,539.036,828.7000122070312,547.4000244140625,798.5,522.2000122070312,62.20000076293945,12.999999999919964,39.332955044585205,active,
1.0,539.288,539.321,798.2999877929688,512.7000122070312,946.5999755859375,588.5,200.8000030517578,33.00000000001546,166.54886528826574,active,
1.0,539.85,539.859,899.4000244140625,563.7000122070312,873.7000122070312,565.7000122070312,52.900001525878906,9.000000000014552,25.77771571418917,active,
1.0,540.244,540.256,872.0,562.0,833.2999877929688,572.7999877929688,67.0999984741211,11.999999999943611,40.17873419052225,active,
1.0,540.483,540.497,843.0999755859375,591.5,809.9000244140625,582.7999877929688,48.900001525878906,14.000000000010004,34.3209406954031,active,
1.0,541.285,541.305,799.2999877929688,589.0,885.7000122070312,597.5,119.9000015258789,19.99999999998181,86.81713090600608,active,
1.0,541.503,541.546,860.2000122070312,599.9000244140625,1118.5,627.5,166.39999389648438,43.00000000000637,259.77036464191247,active,
1.0,541.702,541.882,1027.5999755859375,617.0,771.0,454.8999938964844,402.6000061035156,179.99999999994998,303.51270063946833,active,
1.0,542.906,542.917,777.5,474.29998779296875,808.7999877929688,484.29998779296875,56.79999923706055,11.000000000080945,32.85862498401284,active,
1.0,543.214,543.234,799.2999877929688,496.1000061035156,872.2999877929688,514.0,111.19999694824219,19.99999999998181,75.16255571422633,active,
1.0,543.891,543.916,832.9000244140625,503.5,829.5,589.0999755859375,91.0,25.00000000009095,85.6674733275665,active,
1.0,544.162,544.179,833.0999755859375,565.7999877929688,815.0,546.2999877929688,40.0,16.999999999939064,26.60562189108786,active,
1.0,544.626,544.819,805.9000244140625,540.5999755859375,815.2000122070312,485.6000061035156,729.9000244140625,192.99999999998363,55.78069931451833,active,
1.0,545.164,545.187,797.4000244140625,476.5,866.0999755859375,538.5999755859375,137.1999969482422,23.000000000024556,92.6071825442932,active,
1.0,545.743,545.755,838.0999755859375,530.7000122070312,796.2000122070312,530.7999877929688,69.30000305175781,11.999999999943611,41.90008265232264,active,
1.0,547.758,547.771,804.2999877929688,554.7999877929688,772.9000244140625,524.5,69.4000015258789,12.999999999919964,43.63538656240722,active,
1.0,547.97,547.98,776.2000122070312,528.2999877929688,801.9000244140625,512.2000122070312,58.70000076293945,9.999999999990905,30.326553403071355,active,
1.0,548.708,548.726,760.5,514.5,823.9000244140625,520.2000122070312,98.30000305175781,18.000000000029104,63.65573999934355,active,
1.0,548.916,548.925,791.7000122070312,515.2999877929688,764.9000244140625,513.7000122070312,54.29999923706055,8.999999999900865,26.84770507099015,active,
1.0,550.076,550.202,815.9000244140625,516.5999755859375,835.7999877929688,541.4000244140625,882.2000122070312,125.99999999997635,31.797027602579366,passive,
1.0,550.52,550.534,840.7999877929688,529.2999877929688,880.7000122070312,536.9000244140625,72.69999694824219,14.000000000010004,40.61739165535805,passive,
1.0,551.003,551.025,850.5999755859375,541.5999755859375,763.9000244140625,611.9000244140625,125.5999984741211,21.999999999934516,111.61979393656964,passive,
1.0,551.208,551.23,782.0,628.7999877929688,919.7999877929688,639.5,185.89999389648438,22.000000000048203,138.21478537758887,passive,
1.0,551.562,551.577,878.4000244140625,632.9000244140625,935.0999755859375,617.9000244140625,86.30000305175781,14.999999999986358,58.65052824052831,passive,
1.0,551.78,551.824,916.9000244140625,601.5999755859375,1170.800048828125,626.2999877929688,203.0,43.99999999998272,255.09863386637144,passive,
1.0,552.039,552.061,1076.0999755859375,607.7000122070312,989.0,567.2000122070312,101.4000015258789,22.000000000048203,96.0554826497213,passive,
1.0,552.097,552.272,880.2000122070312,522.2999877929688,797.7000122070312,541.7000122070312,817.5999755859375,175.0000000000682,84.7502858240975,passive,
1.0,552.379,552.396,811.0,561.2000122070312,870.0,560.5,79.30000305175781,16.999999999939064,59.00415254107115,passive,
1.0,552.806,552.814,850.9000244140625,569.5999755859375,832.0,562.5,43.099998474121094,7.999999999924512,20.189615552879335,passive,
1.0,553.62,553.636,813.2000122070312,574.5,875.0,578.4000244140625,96.80000305175781,15.99999999996271,61.92292533174906,passive,
1.0,554.044,554.059,840.7999877929688,570.4000244140625,868.7999877929688,622.5999755859375,91.5,14.999999999986358,59.23541932278469,passive,
1.0,554.541,554.548,840.7999877929688,584.2000122070312,838.5999755859375,569.7999877929688,37.099998474121094,6.999999999948159,14.567112165308625,passive,
1.0,554.746,554.754,821.5999755859375,556.0,830.2000122070312,536.7000122070312,47.20000076293945,8.000000000038199,21.12936720994967,passive,
1.0,555.223,555.243,814.5,534.2000122070312,831.9000244140625,579.7999877929688,53.0,20.000000000095497,48.80695260972628,passive,
1.0,555.711,555.728,826.4000244140625,576.7000122070312,888.0,582.9000244140625,98.5999984741211,16.999999999939064,61.91120369977822,passive,
1.0,555.937,555.949,851.0999755859375,579.4000244140625,816.7000122070312,563.5999755859375,62.79999923706055,11.999999999943611,37.8549735628124,passive,
1.0,556.139,556.151,815.2000122070312,564.7000122070312,860.0999755859375,558.5,78.0999984741211,11.999999999943611,45.32600647304436,passive,
1.0,556.9,556.929,827.7999877929688,551.2999877929688,711.2000122070312,571.7999877929688,86.30000305175781,28.999999999996362,118.38836220947235,passive,
1.0,557.126,557.145,745.9000244140625,578.0,829.0,570.5,101.80000305175781,19.000000000005457,83.43773692031327,passive,
1.0,557.832,557.846,803.0,555.0999755859375,858.0,561.2999877929688,86.19999694824219,14.000000000010004,55.348352743034155,passive,
1.0,558.713,558.722,810.2999877929688,561.9000244140625,836.0,560.9000244140625,52.79999923706055,9.000000000014552,25.71946009234166,passive,
1.0,559.444,559.453,822.5999755859375,545.2999877929688,845.7999877929688,537.5999755859375,48.400001525878906,9.000000000014552,24.44444219847999,passive,
1.0,559.914,559.93,820.9000244140625,546.0999755859375,804.2999877929688,580.7999877929688,49.5,15.99999999996271,38.466245761573504,passive,
1.0,560.177,560.192,804.5999755859375,596.0,863.4000244140625,600.2000122070312,91.5,14.999999999986358,58.949858733750126,passive,
1.0,560.407,560.422,836.0999755859375,587.4000244140625,803.0,559.7999877929688,60.099998474121094,14.999999999986358,43.09722038920114,passive,
1.0,561.006,561.014,789.7000122070312,539.0999755859375,809.0,539.7999877929688,42.400001525878906,8.000000000038199,19.312678371959066,passive,
1.0,561.548,561.56,809.0,529.5999755859375,849.9000244140625,529.9000244140625,69.69999694824219,11.999999999943611,40.901125001278,passive,
1.0,562.601,562.62,819.4000244140625,522.5,896.2000122070312,537.0999755859375,116.19999694824219,19.000000000005457,78.17542716295269,passive,
1.0,563.414,563.434,857.7000122070312,537.0,908.4000244140625,600.0999755859375,115.5999984741211,19.99999999998181,80.94503169891915,passive,
1.0,563.74,563.794,888.7999877929688,597.0999755859375,1249.5999755859375,841.9000244140625,267.1000061035156,53.999999999973625,436.0088245639746,passive,
1.0,563.956,564.019,1152.0,845.5,851.0,577.9000244140625,165.5,62.99999999998818,402.7539533432221,passive,
1.0,564.308,564.32,846.4000244140625,577.4000244140625,816.0999755859375,559.2000122070312,56.400001525878906,12.000000000057298,35.345910701562715,passive,
1.0,564.872,564.903,818.2999877929688,551.0,985.0,497.6000061035156,180.60000610351562,31.000000000062755,175.04414705430437,passive,
1.0,565.097,565.116,910.2000122070312,488.5,971.2000122070312,460.0,97.5,19.000000000005457,67.32941407735552,passive,
1.0,565.649,565.703,903.7999877929688,445.6000061035156,859.5999755859375,852.5999755859375,193.0,53.999999999973625,409.39298508620544,passive,
1.0,565.911,565.976,869.9000244140625,846.0,963.4000244140625,551.2999877929688,162.5,65.00000000005457,309.1768865792273,passive,
1.0,566.225,566.367,851.5999755859375,529.7999877929688,828.9000244140625,490.79998779296875,476.70001220703125,141.99999999993906,45.12524551961473,passive,
1.0,566.726,566.741,832.5999755859375,465.70001220703125,834.0999755859375,525.0,83.0,14.999999999986358,59.318956095385246,passive,
1.0,567.71,567.729,829.2000122070312,534.4000244140625,889.0999755859375,575.2999877929688,96.0999984741211,19.000000000005457,72.53145949993136,passive,
1.0,567.91,567.945,857.2000122070312,581.0,979.2000122070312,437.29998779296875,149.6999969482422,35.000000000081855,188.5038288955981,passive,
1.0,568.352,568.382,902.4000244140625,425.29998779296875,837.0,597.5,146.10000610351562,29.999999999972715,184.2009972759694,passive,
1.0,568.649,568.657,844.4000244140625,631.4000244140625,851.5999755859375,613.2999877929688,42.400001525878906,8.000000000038199,19.479492358948143,passive,
1.0,568.882,568.9,831.0999755859375,586.2000122070312,910.7999877929688,586.2999877929688,114.30000305175781,18.000000000029104,79.70007491162548,passive,
1.0,569.828,569.979,841.0999755859375,557.5999755859375,863.2999877929688,490.3999938964844,493.8999938964844,151.0000000000673,70.77201481556938,passive,
1.0,570.472,570.485,853.7999877929688,487.29998779296875,813.0999755859375,498.1000061035156,66.9000015258789,13.000000000033651,42.108566695633804,passive,
1.0,570.889,570.907,824.7999877929688,522.5999755859375,896.5999755859375,527.0999755859375,108.69999694824219,18.000000000029104,71.94086632137856,passive,
1.0,571.37,571.39,861.2999877929688,514.7000122070312,951.7000122070312,490.5,122.0,19.99999999998181,93.58314487600616,passive,
1.0,572.09,572.1,887.9000244140625,473.29998779296875,866.5,480.5,43.0,9.999999999990905,22.578778104757355,passive,
1.0,572.133,572.481,825.5,490.29998779296875,813.7999877929688,460.20001220703125,391.70001220703125,347.99999999995634,32.29394395112981,passive,
1.0,572.584,572.593,817.0,473.1000061035156,837.5,480.79998779296875,42.900001525878906,9.000000000014552,21.898395329747643,passive,
1.0,573.023,573.036,828.5,484.20001220703125,824.5999755859375,513.2999877929688,44.0,12.999999999919964,29.360156156472364,passive,
1.0,573.795,573.814,823.7000122070312,522.9000244140625,780.7999877929688,483.1000061035156,72.5,19.000000000005457,58.51883074914454,passive,
1.0,574.161,574.185,770.7999877929688,491.29998779296875,834.5,572.4000244140625,115.80000305175781,24.00000000000091,103.12568785282684,passive,
1.0,574.391,574.401,815.0999755859375,577.0,799.0999755859375,557.7999877929688,48.099998474121094,9.999999999990905,24.992808340603684,passive,
1.0,574.612,574.63,768.2000122070312,523.2999877929688,844.5,538.5999755859375,113.19999694824219,18.000000000029104,77.81887793891771,passive,
1.0,575.698,575.707,820.2000122070312,540.9000244140625,798.5999755859375,540.9000244140625,45.099998474121094,9.000000000014552,21.60003662109375,passive,
1.0,576.598,576.623,788.0999755859375,527.2999877929688,897.5999755859375,484.5,127.19999694824219,25.00000000009095,117.56738048914025,passive,
1.0,577.091,577.108,862.0,470.29998779296875,869.5999755859375,510.29998779296875,46.5,16.999999999939064,40.71559441917613,passive,
1.0,577.259,577.478,847.0999755859375,515.4000244140625,858.0999755859375,488.20001220703125,830.4000244140625,218.99999999993724,29.340086299509228,passive,
1.0,578.469,578.477,862.9000244140625,492.5,840.0,492.5,49.0,7.999999999924512,22.9000244140625,passive,
1.0,579.555,579.563,814.5,516.7999877929688,833.2999877929688,519.9000244140625,41.70000076293945,8.000000000038199,19.053864911557874,passive,
1.0,580.515,580.529,804.9000244140625,526.0999755859375,854.2000122070312,545.0999755859375,83.0999984741211,14.000000000010004,52.834541697518944,passive,
1.0,580.892,580.903,836.2999877929688,558.5,872.5,567.5999755859375,67.0,10.999999999967258,37.326270098335165,passive,
1.0,581.306,581.316,840.4000244140625,600.0999755859375,866.0999755859375,598.4000244140625,49.20000076293945,9.999999999990905,25.75611236626208,passive,
1.0,581.872,582.055,804.5,537.0,822.2000122070312,577.0,273.29998779296875,182.99999999999272,43.74117547722118,passive,
1.0,582.287,582.299,798.2999877929688,536.7000122070312,776.2999877929688,549.7000122070312,44.0,11.999999999943611,25.553864678361276,passive,
1.0,582.456,582.464,772.2999877929688,569.5,785.2000122070312,581.0999755859375,38.599998474121094,8.000000000038199,17.34848879521656,passive,
1.0,583.127,583.14,792.5999755859375,587.5,841.5,588.2000122070312,76.5999984741211,13.000000000033651,48.90503455459265,passive,
1.0,583.409,583.425,821.2999877929688,581.5999755859375,889.0999755859375,580.5,103.69999694824219,15.99999999996271,67.80891011523758,passive,
1.0,583.64,583.657,871.7999877929688,576.0,946.5,575.2000122070312,111.30000305175781,17.00000000005275,74.70429575465869,passive,
1.0,583.807,583.819,918.2000122070312,564.2000122070312,887.7999877929688,560.0,49.5,11.999999999943611,30.688786012398854,passive,
1.0,584.017,584.025,831.7999877929688,554.0,814.9000244140625,555.0,38.20000076293945,7.999999999924512,16.929523389876408,passive,
1.0,584.229,584.249,799.0,552.0,888.7000122070312,565.2999877929688,133.89999389648438,19.99999999998181,90.68065871636946,passive,
1.0,584.693,584.71,844.2999877929688,557.5,912.2000122070312,559.7999877929688,102.19999694824219,17.00000000005275,67.93896716375727,passive,
1.0,585.024,585.038,877.0,555.0999755859375,830.5,550.7999877929688,72.0999984741211,14.000000000010004,46.698392852641945,passive,
1.0,586.12,586.139,827.2999877929688,547.7999877929688,856.7999877929688,600.5999755859375,87.30000305175781,19.000000000005457,60.482135469390045,passive,
1.0,586.359,586.38,847.7000122070312,587.5,961.5,607.7999877929688,144.60000610351562,20.999999999958163,115.59639581783905,passive,
1.0,586.532,586.549,936.7000122070312,604.5,889.7999877929688,592.4000244140625,60.29999923706055,16.999999999939064,48.43574815381654,passive,
1.0,586.741,586.749,847.2999877929688,585.7000122070312,828.2000122070312,584.5999755859375,42.20000076293945,8.000000000038199,19.13162690288403,passive,
1.0,586.93,586.945,816.2000122070312,585.7999877929688,868.0999755859375,604.9000244140625,77.4000015258789,15.000000000100044,55.302961924827606,passive,
1.0,587.397,587.417,858.7000122070312,616.2000122070312,807.7000122070312,573.2000122070312,77.5,19.99999999998181,66.70832032063167,passive,
1.0,587.628,587.645,744.2999877929688,485.1000061035156,821.2999877929688,478.8999938964844,114.0999984741211,16.999999999939064,77.24920809540598,passive,
1.0,587.853,587.859,779.7000122070312,481.6000061035156,766.2999877929688,483.20001220703125,36.400001525878906,6.0000000000854925,13.495209291773074,passive,
1.0,588.216,588.234,762.7000122070312,509.79998779296875,829.4000244140625,523.0999755859375,106.0,18.000000000029104,68.01309656023048,passive,
1.0,588.677,588.712,802.9000244140625,523.7000122070312,863.5999755859375,668.2999877929688,146.3000030517578,34.99999999996817,156.82358563596782,passive,
1.0,588.888,588.909,856.7000122070312,662.2999877929688,942.0999755859375,700.0999755859375,119.5999984741211,20.999999999958163,93.39161002074606,passive,
1.0,589.178,589.201,928.2999877929688,702.7999877929688,886.5999755859375,648.2999877929688,63.5,23.000000000024556,68.62318134614975,passive,
1.0,589.42,589.435,834.0999755859375,586.0999755859375,805.4000244140625,560.5999755859375,52.0,14.999999999986358,38.39188973296325,passive,
1.0,589.693,589.71,774.7999877929688,533.0999755859375,835.7000122070312,541.0999755859375,79.80000305175781,17.00000000005275,61.42322829055315,passive,
1.0,590.107,590.12,817.0,540.5,864.9000244140625,546.0999755859375,79.4000015258789,13.000000000033651,48.226259086009144,passive,
1.0,591.299,591.312,849.7999877929688,542.5,896.2999877929688,550.0,77.5,13.000000000033651,47.10095540432275,passive,
1.0,592.857,592.865,833.2999877929688,543.7999877929688,815.5,533.9000244140625,44.20000076293945,8.000000000038199,20.367838381466044,passive,
1.0,593.685,593.697,773.7000122070312,517.2999877929688,802.2999877929688,520.2999877929688,46.5,12.000000000057298,28.756887931697705,passive,
1.0,594.011,594.028,797.2000122070312,521.0,845.0,559.9000244140625,86.4000015258789,17.00000000005275,61.62832735376338,passive,
1.0,594.551,594.601,827.5999755859375,550.0,1209.5999755859375,575.9000244140625,257.5,49.999999999954525,382.8770184597778,passive,
1.0,594.775,594.8,1078.5,574.7000122070312,1188.800048828125,599.9000244140625,148.5,24.999999999977263,113.1421291417184,passive,
1.0,595.084,595.105,1129.5999755859375,588.4000244140625,1051.199951171875,589.0,84.5999984741211,21.00000000007185,78.40232011126531,passive,
1.0,595.259,595.284,999.5999755859375,593.9000244140625,919.7000122070312,558.7999877929688,77.69999694824219,24.999999999977263,87.26979270487975,passive,
1.0,595.699,595.743,843.2999877929688,524.0999755859375,1078.199951171875,572.0,205.0,44.000000000096406,239.73402998798332,passive,
1.0,595.987,596.004,1008.0999755859375,561.2000122070312,942.7000122070312,553.7000122070312,85.9000015258789,17.00000000005275,65.82860480036227,passive,
1.0,596.263,596.276,906.0,555.2000122070312,859.4000244140625,557.2000122070312,73.5999984741211,12.999999999919964,46.642874317627246,passive,
1.0,596.568,596.58,875.2000122070312,556.7999877929688,844.2000122070312,549.2999877929688,49.099998474121094,12.000000000057298,31.894356867634123,passive,
1.0,597.871,598.052,809.0999755859375,531.0,836.0999755859375,507.29998779296875,626.5,181.00000000004002,35.92618235512132,passive,
1.0,598.195,598.209,841.9000244140625,509.8999938964844,887.5,523.2000122070312,69.5999984741211,13.999999999896318,47.499981689459396,passive,
1.0,598.768,598.777,857.2999877929688,521.7000122070312,834.0999755859375,517.5,47.5,9.000000000014552,23.577121727335815,passive,
1.0,599.226,599.241,827.7999877929688,517.0,882.4000244140625,529.0999755859375,84.80000305175781,14.999999999986358,55.92471196354133,passive,
1.0,599.714,599.724,858.9000244140625,523.9000244140625,832.2999877929688,532.2000122070312,52.900001525878906,9.999999999990905,27.864883735751686,passive,
1.0,600.126,600.139,815.2000122070312,547.0,855.2999877929688,549.2000122070312,63.20000076293945,13.000000000033651,40.16028007501778,passive,
1.0,600.781,600.845,842.7000122070312,536.0999755859375,535.2999877929688,462.20001220703125,128.89999389648438,64.00000000007822,316.1581559871102,passive,
1.0,601.032,601.054,681.5,469.79998779296875,814.0,488.1000061035156,176.1999969482422,21.999999999934516,133.75776863482116,passive,
1.0,601.356,601.396,802.5,507.70001220703125,977.2000122070312,560.2000122070312,159.60000610351562,39.99999999996362,182.41804807950575,passive,
1.0,601.688,601.706,920.0,544.7000122070312,992.7000122070312,554.5999755859375,100.0999984741211,18.000000000029104,73.37098234183715,passive,
1.0,602.009,602.024,961.5,549.2999877929688,1017.9000244140625,546.7000122070312,81.5999984741211,14.999999999986358,56.459920536202645,passive,
1.0,602.222,602.24,989.2000122070312,535.5999755859375,926.4000244140625,519.0999755859375,80.19999694824219,18.000000000029104,64.93141355920895,passive,
1.0,602.408,602.591,889.2000122070312,504.5,748.2999877929688,471.8999938964844,473.70001220703125,182.99999999999272,144.62218805505836,passive,
1.0,602.659,602.676,754.2000122070312,477.29998779296875,837.0999755859375,489.1000061035156,114.69999694824219,17.00000000005275,83.73556210089737,passive,
1.0,603.249,603.299,822.5999755859375,487.8999938964844,572.9000244140625,384.3999938964844,127.5999984741211,49.999999999954525,270.30041734195817,passive,
1.0,603.487,603.507,617.7000122070312,355.79998779296875,699.0,320.5,125.0999984741211,19.99999999998181,88.63282209949433,passive,
1.0,603.797,603.828,680.5,320.70001220703125,826.5999755859375,496.8999938964844,232.5,30.99999999994907,228.89219386771396,passive,
1.0,604.391,604.409,770.4000244140625,506.79998779296875,836.0999755859375,509.5,101.0999984741211,18.000000000029104,65.75540776168053,passive,
1.0,604.866,604.874,795.0,514.5,777.0999755859375,508.70001220703125,41.400001525878906,8.000000000038199,18.81623587284715,passive,
1.0,605.477,605.489,748.2000122070312,520.7000122070312,794.4000244140625,529.5,80.69999694824219,12.000000000057298,47.03063802550669,passive,
1.0,606.341,606.359,768.4000244140625,526.0,795.5999755859375,460.70001220703125,93.0,18.000000000029104,70.73843191302909,passive,
1.0,606.709,606.75,756.7000122070312,459.79998779296875,925.0999755859375,608.2999877929688,167.8000030517578,41.00000000005366,224.5234902321291,passive,
1.0,607.021,607.065,866.5,586.0,795.7999877929688,491.8999938964844,71.9000015258789,44.000000000096406,117.70005469308859,passive,
1.0,607.257,607.281,716.5999755859375,433.1000061035156,641.2000122070312,399.70001220703125,78.0999984741211,24.00000000000091,82.46644208298062,passive,
1.0,607.438,607.46,579.9000244140625,357.6000061035156,708.5,344.70001220703125,162.8000030517578,22.000000000048203,129.2453618635232,passive,
1.0,608.02,608.042,682.2999877929688,339.0,782.7000122070312,371.1000061035156,152.8000030517578,22.000000000048203,105.40671370548503,passive,
1.0,608.658,608.668,826.5999755859375,545.2000122070312,797.2000122070312,536.9000244140625,55.900001525878906,9.999999999990905,30.54910218066087,,
1.0,609.114,609.133,790.5999755859375,520.5999755859375,868.9000244140625,532.9000244140625,120.5,19.000000000005457,79.26026020434843,passive,
1.0,609.659,609.805,821.7999877929688,552.5999755859375,846.7000122070312,518.9000244140625,1008.5,145.99999999995816,41.901049208912035,passive,
1.0,610.09,610.109,833.4000244140625,505.20001220703125,896.5999755859375,456.0,114.4000015258789,19.000000000005457,80.0929149756669,passive,
1.0,610.769,610.805,854.0999755859375,454.79998779296875,873.5,610.2999877929688,127.9000015258789,35.99999999994452,156.70549112033765,passive,
1.0,611.025,611.047,868.5999755859375,592.2000122070312,991.5999755859375,625.9000244140625,174.0,22.000000000048203,127.53309696997896,passive,
1.0,611.619,611.639,947.7999877929688,621.2000122070312,903.2000122070312,576.5,64.5,19.99999999998181,63.14466654892529,passive,
1.0,611.954,611.964,861.5,548.7000122070312,829.5,549.4000244140625,59.900001525878906,10.000000000104592,32.00765560127753,passive,
1.0,612.424,612.432,804.0999755859375,556.9000244140625,824.4000244140625,560.4000244140625,45.79999923706055,8.000000000038199,20.59956267555841,passive,
1.0,612.847,612.865,801.2999877929688,552.0999755859375,882.7000122070312,549.0999755859375,122.80000305175781,18.000000000029104,81.45528819303244,passive,
1.0,613.126,613.153,849.2000122070312,546.5,1005.7999877929688,588.2999877929688,169.3000030517578,27.000000000043656,162.08266820671653,passive,
1.0,613.499,613.516,969.0,580.4000244140625,915.0,553.2999877929688,79.0999984741211,16.999999999939064,60.41863938276517,passive,
1.0,613.889,613.899,857.5,523.0999755859375,829.4000244140625,517.7000122070312,55.599998474121094,9.999999999990905,28.614126448728296,passive,
1.0,614.506,614.522,830.5,515.2999877929688,886.2999877929688,523.9000244140625,84.0,16.000000000076398,56.45882807479814,passive,
1.0,615.7,615.711,809.0999755859375,522.4000244140625,850.4000244140625,527.4000244140625,75.4000015258789,10.999999999967258,41.60161094483613,passive,
1.0,616.79,616.8,783.2999877929688,519.0,818.7999877929688,520.5,66.9000015258789,9.999999999990905,35.531676008879735,passive,
1.0,617.08,617.098,798.5,516.5999755859375,877.0999755859375,516.0999755859375,109.9000015258789,17.999999999915417,78.60156590113183,passive,
1.0,617.321,617.423,849.0,504.8999938964844,1667.699951171875,845.0,267.0,101.99999999997544,886.5312313734028,passive,
1.0,617.838,617.857,1402.0,844.9000244140625,1344.0999755859375,823.4000244140625,60.900001525878906,19.000000000005457,61.76295675523504,passive,
1.0,618.606,618.625,1307.300048828125,801.2000122070312,1250.300048828125,778.4000244140625,73.69999694824219,19.000000000005457,61.3908742677568,passive,
1.0,618.723,618.809,1212.0,758.2999877929688,832.0,548.2000122070312,115.80000305175781,86.00000000001273,434.21423254104826,passive,
1.0,619.422,619.455,825.0999755859375,508.3999938964844,692.5999755859375,452.8999938964844,113.0,33.00000000001546,143.65409844484077,passive,
1.0,619.62,619.756,707.5999755859375,453.79998779296875,-973.4000244140625,669.0,259.29998779296875,135.99999999996726,1694.7188690912444,passive,
1.0,619.781,619.869,-1063.0,657.0,-539.0,524.2000122070312,123.30000305175781,88.00000000007913,540.5662186613336,passive,
1.0,619.9,619.963,-392.29998779296875,505.8999938964844,614.0,489.79998779296875,444.5,62.99999999998818,1006.4287732515711,passive,
1.0,621.034,621.05,784.9000244140625,508.70001220703125,807.5999755859375,524.4000244140625,59.5,15.99999999996271,27.60032910141543,passive,
1.0,621.458,621.524,786.7000122070312,527.2999877929688,199.10000610351562,523.5999755859375,209.8000030517578,66.00000000003092,587.6116551457976,passive,
1.0,621.593,621.782,264.6000061035156,507.0,804.4000244140625,521.5999755859375,359.6000061035156,189.00000000007822,539.9974250449503,passive,
1.0,622.264,622.277,791.2999877929688,531.9000244140625,764.5,520.5,41.29999923706055,13.000000000033651,29.12387169221316,passive,
1.0,622.705,622.769,779.7999877929688,526.9000244140625,1262.800048828125,699.2999877929688,274.79998779296875,63.99999999996453,512.8457919618849,passive,
1.0,623.124,623.137,1091.4000244140625,693.2000122070312,1041.5,692.7000122070312,79.9000015258789,12.999999999919964,49.90252935998368,passive,
1.0,623.411,623.455,1032.0999755859375,693.0,885.2999877929688,609.4000244140625,90.9000015258789,44.000000000096406,168.93546795739823,passive,
1.0,623.853,623.86,849.5,588.0,831.0999755859375,580.7000122070312,46.099998474121094,7.000000000061846,19.795219630395334,passive,
1.0,624.103,624.123,818.2000122070312,567.7000122070312,895.9000244140625,570.7000122070312,113.9000015258789,20.000000000095497,77.75790568792864,passive,
1.0,624.762,624.773,859.9000244140625,554.0,824.9000244140625,552.9000244140625,59.900001525878906,11.000000000080945,35.01728068096748,passive,
1.0,625.929,625.95,824.2000122070312,553.7999877929688,877.0,601.2000122070312,101.80000305175781,21.00000000007185,70.95492248879826,passive,
1.0,626.269,626.283,853.0,616.0,903.0,638.7000122070312,84.5,14.000000000010004,54.91166136804976,passive,
1.0,626.4,626.554,874.4000244140625,645.9000244140625,852.5999755859375,605.5999755859375,336.70001220703125,153.99999999999636,45.818512246229616,passive,
1.0,627.237,627.254,837.2999877929688,561.7999877929688,907.7000122070312,582.4000244140625,112.9000015258789,17.00000000005275,73.35206163626896,passive,
1.0,627.669,627.68,871.5999755859375,595.4000244140625,832.2999877929688,592.2999877929688,66.9000015258789,10.999999999967258,39.4220657447021,passive,
1.0,628.365,628.561,829.2000122070312,575.7999877929688,817.5,544.4000244140625,473.29998779296875,196.00000000002638,33.50892397319457,passive,
1.0,629.945,629.966,836.4000244140625,537.7999877929688,904.9000244140625,581.9000244140625,122.5999984741211,20.999999999958163,81.46817311061915,passive,
1.0,630.176,630.185,865.2999877929688,587.2000122070312,843.0999755859375,579.0999755859375,47.099998474121094,8.999999999900865,23.631570731870458,passive,
1.0,630.355,630.369,824.0,574.5999755859375,867.2000122070312,582.5999755859375,63.900001525878906,14.000000000010004,43.93450869974136,passive,
1.0,630.568,630.58,849.5,574.4000244140625,822.5,559.0,48.099998474121094,12.000000000057298,31.08312648292834,passive,
1.0,631.069,631.089,793.0,547.7999877929688,879.0999755859375,564.0,128.1999969482422,20.000000000095497,87.61076527120964,passive,
1.0,632.227,632.242,787.7999877929688,562.2999877929688,850.7000122070312,567.4000244140625,91.30000305175781,14.999999999986358,63.106445350900216,passive,
1.0,632.359,632.366,820.4000244140625,556.5,807.7999877929688,546.7999877929688,39.400001525878906,6.999999999948159,15.901294276550537,passive,
1.0,632.591,632.607,804.2000122070312,555.5999755859375,794.7999877929688,591.2000122070312,45.79999923706055,15.99999999996271,36.82014484501911,passive,
1.0,632.751,632.775,795.2000122070312,599.7000122070312,806.5999755859375,698.2999877929688,99.4000015258789,24.00000000000091,99.25681009677812,passive,
1.0,633.433,633.448,779.7999877929688,677.7999877929688,844.9000244140625,661.9000244140625,96.4000015258789,14.999999999986358,67.01360759963835,passive,
1.0,634.385,634.537,761.0999755859375,584.9000244140625,763.9000244140625,552.4000244140625,468.1000061035156,152.00000000004366,32.620396586183375,passive,
1.0,635.012,635.031,756.5999755859375,559.5,834.5,569.7999877929688,118.69999694824219,19.000000000005457,78.57800934260703,passive,
1.0,635.484,635.505,807.5,576.2999877929688,899.7000122070312,627.4000244140625,133.89999389648438,20.999999999958163,105.41373721509846,passive,
1.0,635.798,635.814,874.4000244140625,644.5999755859375,919.7000122070312,668.0,73.5,15.99999999996271,50.98676334718491,passive,
1.0,636.067,636.078,908.4000244140625,674.9000244140625,881.5999755859375,666.4000244140625,48.599998474121094,10.999999999967258,28.115700545956244,passive,
1.0,636.262,636.286,878.5,661.5,819.7999877929688,595.2000122070312,71.19999694824219,24.00000000000091,88.55156584981106,passive,
1.0,636.782,636.8,733.9000244140625,513.5,818.5999755859375,535.0999755859375,121.19999694824219,17.999999999915417,87.41075834147136,passive,
1.0,637.164,637.179,777.7999877929688,572.2000122070312,825.9000244140625,582.7999877929688,72.5,14.999999999986358,49.25416739092268,passive,
1.0,638.125,638.139,811.7000122070312,582.7000122070312,866.7999877929688,599.0999755859375,94.4000015258789,14.000000000010004,57.4888346411751,passive,
1.0,638.522,638.533,841.0,601.7000122070312,811.7000122070312,597.7000122070312,49.400001525878906,10.999999999967258,29.5717649907495,passive,
1.0,638.976,638.995,777.2999877929688,583.0,847.0,588.2000122070312,102.69999694824219,19.000000000005457,69.8937180912103,passive,
1.0,639.642,639.658,811.0,585.5,831.4000244140625,620.5,56.29999923706055,15.99999999996271,40.51124530416642,passive,
1.0,640.003,640.205,822.2999877929688,621.4000244140625,843.5,572.0,309.79998779296875,201.99999999999818,53.756887276778265,passive,
1.0,640.417,640.436,773.0999755859375,571.9000244140625,857.2999877929688,585.5999755859375,113.9000015258789,19.000000000005457,85.30727236159863,passive,
1.0,640.632,640.652,824.0,577.0,787.5,542.9000244140625,49.70000076293945,20.000000000095497,49.95055890539698,passive,
1.0,640.899,640.917,724.5999755859375,471.3999938964844,806.7000122070312,484.70001220703125,114.69999694824219,18.000000000029104,83.17034627946319,passive,
1.0,641.405,641.417,758.2000122070312,527.0,790.4000244140625,536.7000122070312,57.20000076293945,12.000000000057298,33.62931790788384,passive,
1.0,641.585,641.59,790.2999877929688,549.5999755859375,802.5999755859375,552.7999877929688,38.0,4.9999999999954525,12.709436566281342,passive,
1.0,641.97,641.982,776.7000122070312,548.0999755859375,811.5,550.4000244140625,56.400001525878906,11.999999999943611,34.87591396655481,passive,
1.0,642.202,642.223,798.5,552.2000122070312,871.7999877929688,487.29998779296875,123.0999984741211,20.999999999958163,97.90250956638076,passive,
1.0,642.749,642.778,825.5999755859375,458.5,881.2999877929688,624.7999877929688,191.6999969482422,28.999999999996362,175.38009379574692,passive,
1.0,643.164,643.187,868.5999755859375,615.9000244140625,798.7000122070312,555.7000122070312,88.5,23.000000000024556,92.24991246662051,passive,
1.0,643.319,643.342,715.2000122070312,493.20001220703125,710.5999755859375,400.5,84.4000015258789,23.000000000024556,92.81407544170844,passive,
1.0,643.572,643.59,649.5,351.1000061035156,671.2999877929688,301.29998779296875,67.5999984741211,18.000000000029104,54.36249894462534,passive,
1.0,643.748,643.791,637.2999877929688,291.8999938964844,895.7999877929688,465.0,261.79998779296875,43.00000000000637,311.10426244755496,passive,
1.0,644.401,644.411,816.5999755859375,451.8999938964844,798.5,468.29998779296875,46.20000076293945,9.999999999990905,24.424760306219145,passive,
1.0,644.946,644.958,791.9000244140625,496.70001220703125,827.5999755859375,504.79998779296875,61.29999923706055,11.999999999943611,36.607323286018094,passive,
1.0,645.165,645.175,811.2000122070312,503.0,787.0,501.5,44.400001525878906,9.999999999990905,24.246455221752758,passive,
1.0,645.896,645.912,782.2000122070312,519.2999877929688,838.0,547.5,97.0999984741211,16.000000000076398,62.52103107092983,passive,
1.0,646.194,646.368,819.7000122070312,570.0,813.5999755859375,504.0,344.1000061035156,174.00000000009186,66.28129786582852,passive,
1.0,646.929,646.942,807.9000244140625,489.1000061035156,853.2000122070312,500.0,79.4000015258789,13.000000000033651,46.59290462062345,passive,
1.0,647.271,647.288,806.7000122070312,559.5999755859375,867.2000122070312,569.2000122070312,91.4000015258789,17.00000000005275,61.25692371582449,,
1.0,647.545,647.677,834.7999877929688,568.2999877929688,835.7999877929688,560.2000122070312,626.2000122070312,132.00000000006185,8.161470730988597,,
1.0,648.337,648.352,826.5,564.0,861.2000122070312,599.2000122070312,81.30000305175781,14.999999999986358,49.428045748777755,passive,
1.0,648.781,648.812,838.0999755859375,591.7000122070312,895.0,674.0,137.5,31.000000000062755,100.05448899996298,passive,
1.0,649.088,649.101,884.5,662.5999755859375,925.4000244140625,681.2999877929688,75.30000305175781,13.000000000033651,44.97224092275174,passive,
1.0,649.295,649.348,905.0,691.5999755859375,734.5,527.2000122070312,99.5,52.99999999999727,236.84931487970513,passive,
1.0,649.604,649.612,679.0,477.5,703.0,479.3999938964844,50.5,7.999999999924512,24.075090380031348,passive,
1.0,649.908,649.918,704.7999877929688,479.1000061035156,738.0999755859375,470.8999938964844,65.30000305175781,9.999999999990905,34.29474285087044,passive,
1.0,650.463,650.474,727.9000244140625,464.79998779296875,759.7000122070312,483.29998779296875,67.5999984741211,11.000000000080945,36.78979781995223,passive,
1.0,650.812,650.823,741.5999755859375,492.70001220703125,718.0999755859375,499.20001220703125,41.099998474121094,10.999999999967258,24.38237068047322,passive,
1.0,651.02,651.037,713.9000244140625,513.2999877929688,785.7999877929688,529.9000244140625,109.69999694824219,17.00000000005275,73.79136771811262,passive,
1.0,651.264,651.282,757.5999755859375,536.2000122070312,831.2999877929688,554.0999755859375,111.0999984741211,18.000000000029104,75.84260338545045,passive,
1.0,651.684,651.711,810.2000122070312,556.2000122070312,939.2999877929688,604.7000122070312,175.6999969482422,27.000000000043656,137.90958522267283,passive,
1.0,651.828,651.878,899.0,593.7000122070312,1192.800048828125,388.8999938964844,230.6999969482422,50.00000000006821,358.13616990107124,passive,
1.0,652.281,652.306,1043.9000244140625,380.5,924.7999877929688,437.70001220703125,130.1999969482422,25.00000000009095,132.12365465589573,passive,
1.0,652.646,652.662,879.0,504.20001220703125,814.7999877929688,525.4000244140625,92.30000305175781,16.000000000076398,67.60977802774711,passive,
1.0,653.486,653.496,828.5,543.0,857.4000244140625,541.0999755859375,55.099998474121094,9.999999999990905,28.962415367290106,passive,
1.0,654.295,654.314,814.7999877929688,543.9000244140625,768.4000244140625,517.0999755859375,66.5,19.000000000005457,53.58357228436459,passive,
1.0,654.654,654.817,745.0,509.79998779296875,841.5,494.70001220703125,452.1000061035156,163.0000000000109,97.67425076598187,passive,
1.0,655.199,655.217,817.2999877929688,499.29998779296875,890.4000244140625,528.7000122070312,112.19999694824219,18.000000000029104,78.79071512273967,passive,
1.0,655.454,655.469,861.4000244140625,540.0,806.4000244140625,535.2000122070312,79.30000305175781,15.000000000100044,55.20905616665303,passive,
1.0,656.49,656.506,808.9000244140625,521.2000122070312,868.5,533.7999877929688,92.5999984741211,15.99999999996271,60.91729208205636,passive,
1.0,656.691,656.697,835.0999755859375,539.0999755859375,821.5999755859375,540.0999755859375,39.29999923706055,5.999999999971806,13.536986370680884,passive,
1.0,656.836,656.844,824.2999877929688,548.5999755859375,842.4000244140625,549.2000122070312,39.599998474121094,8.000000000038199,18.109979835206566,passive,
1.0,657.658,657.664,820.0999755859375,540.5,834.7000122070312,538.0999755859375,40.5,5.999999999971806,14.795985486792512,passive,
1.0,657.89,657.914,815.4000244140625,542.4000244140625,836.7999877929688,643.5,93.5,24.00000000000091,103.34003820444275,passive,
1.0,658.077,658.096,826.4000244140625,666.5,898.4000244140625,704.0,116.80000305175781,19.000000000005457,81.18035476640885,passive,
1.0,658.233,658.249,883.0,713.0999755859375,846.0999755859375,671.5,73.4000015258789,16.000000000076398,55.60728163207589,passive,
1.0,658.92,658.939,737.4000244140625,527.2999877929688,830.5,535.2999877929688,122.30000305175781,19.000000000005457,93.44305995686442,passive,
1.0,659.337,659.355,809.2000122070312,533.0,884.7999877929688,548.7000122070312,109.5,18.000000000029104,77.21299561534494,passive,
1.0,659.503,659.656,836.5,576.0999755859375,850.4000244140625,534.7000122070312,297.1000061035156,152.99999999990632,43.67113058401754,passive,
1.0,660.291,660.302,844.5999755859375,495.29998779296875,819.0,492.1000061035156,44.900001525878906,10.999999999967258,25.79919829788188,passive,
1.0,661.873,661.896,780.4000244140625,515.5999755859375,850.9000244140625,581.9000244140625,116.19999694824219,22.99999999991087,96.77782015840076,passive,
1.0,662.38,662.401,822.2000122070312,589.5999755859375,771.7000122070312,554.2000122070312,56.0,20.999999999958163,61.67177155901964,passive,
1.0,662.811,662.831,709.7000122070312,481.0,813.0999755859375,482.29998779296875,140.5,19.99999999998181,103.4081350524272,passive,
1.0,663.458,663.477,770.4000244140625,475.1000061035156,848.4000244140625,503.20001220703125,121.0999984741211,19.000000000005457,82.90723938847329,passive,
1.0,665.438,665.461,825.7000122070312,508.6000061035156,917.2000122070312,580.5999755859375,146.39999389648438,23.000000000024556,116.43129135017648,passive,
1.0,665.689,665.733,894.0,581.7000122070312,1181.9000244140625,612.0,193.1999969482422,43.99999999998272,289.4900919165833,passive,
1.0,666.13,666.161,1097.5,585.0,932.0,524.4000244140625,134.8000030517578,30.99999999994907,176.24587098997873,passive,
1.0,666.184,666.236,832.0999755859375,495.29998779296875,605.5999755859375,444.1000061035156,95.80000305175781,52.00000000002092,232.21474570965628,passive,
1.0,666.548,666.685,763.2000122070312,463.29998779296875,878.0999755859375,450.70001220703125,868.9000244140625,136.9999999999436,115.58875797083476,passive,
1.0,667.282,667.303,850.2000122070312,443.20001220703125,957.5,464.8999938964844,149.10000610351562,20.999999999958163,109.47226400186416,passive,
1.0,667.604,667.648,921.7999877929688,464.70001220703125,1085.300048828125,548.4000244140625,178.6999969482422,43.99999999998272,183.67896450589274,passive,
1.0,667.759,667.779,1034.4000244140625,532.2999877929688,968.0999755859375,536.0,70.19999694824219,19.99999999998181,66.40321200773303,passive,
1.0,667.936,667.953,910.0999755859375,563.9000244140625,850.7999877929688,564.5999755859375,81.80000305175781,16.999999999939064,59.30411860814771,passive,
1.0,669.254,669.273,777.7000122070312,503.3999938964844,874.4000244140625,494.29998779296875,134.60000610351562,19.000000000005457,97.12724886417824,passive,
1.0,669.577,669.585,852.7999877929688,485.6000061035156,833.2000122070312,481.5,43.29999923706055,8.000000000038199,20.024212669121635,passive,
1.0,669.967,669.973,807.0999755859375,484.29998779296875,795.2000122070312,486.5,34.29999923706055,5.999999999971806,12.101618987986539,passive,
1.0,670.114,670.132,790.0,491.8999938964844,865.9000244140625,501.1000061035156,110.5,17.999999999915417,76.45556834308935,passive,
1.0,670.38,670.392,831.7000122070312,501.3999938964844,801.5,503.1000061035156,48.29999923706055,12.000000000057298,30.247822711872864,passive,
1.0,670.44,670.626,769.0,514.5,789.5,499.8999938964844,589.2000122070312,185.99999999992178,25.16764149106335,passive,
1.0,670.975,670.993,769.9000244140625,518.0,835.0999755859375,523.7000122070312,90.0999984741211,18.000000000029104,65.44863460741705,passive,
1.0,671.351,671.374,807.2999877929688,512.5,873.4000244140625,589.7000122070312,133.0,23.000000000024556,101.63196704814735,passive,
1.0,671.626,671.64,858.0,603.0,913.7999877929688,613.7000122070312,91.30000305175781,14.000000000010004,56.81662519831743,passive,
1.0,671.761,671.779,900.7000122070312,611.2000122070312,861.7000122070312,584.2999877929688,54.0,18.000000000029104,47.37732910873257,passive,
1.0,671.971,671.985,754.7000122070312,496.70001220703125,788.4000244140625,497.6000061035156,46.400001525878906,14.000000000010004,33.71202770181237,passive,
1.0,672.373,672.386,788.7999877929688,504.1000061035156,831.2999877929688,517.2999877929688,68.5999984741211,12.999999999919964,44.50269111640214,passive,
1.0,672.65,672.865,785.5999755859375,530.9000244140625,790.5,487.6000061035156,305.5,215.00000000003183,43.57639068293866,passive,
1.0,673.171,673.182,794.9000244140625,488.3999938964844,767.2000122070312,490.70001220703125,46.599998474121094,10.999999999967258,27.795337027971637,passive,
1.0,673.411,673.43,771.9000244140625,489.3999938964844,849.7999877929688,516.7999877929688,120.0,19.000000000005457,82.578229334143,passive,
1.0,674.632,674.642,808.4000244140625,534.7000122070312,787.7000122070312,532.2999877929688,38.0,10.000000000104592,20.83868092176995,passive,
1.0,674.814,674.831,783.2000122070312,529.5999755859375,856.4000244140625,538.2000122070312,103.4000015258789,17.00000000005275,73.70347628839279,passive,
1.0,675.173,675.188,819.2000122070312,540.5999755859375,874.7999877929688,539.4000244140625,78.80000305175781,14.999999999986358,55.6129226706503,passive,
1.0,675.214,675.393,867.0,542.2000122070312,885.7000122070312,532.2000122070312,301.1000061035156,178.99999999997362,21.205906171232527,passive,
1.0,675.724,675.743,849.7000122070312,512.0999755859375,781.0,490.3999938964844,81.0999984741211,19.000000000005457,72.0456860788267,passive,
1.0,676.937,676.945,835.5,540.5,860.2000122070312,547.0,53.599998474121094,8.000000000038199,25.540959320814338,constant,
1.0,677.783,677.914,842.0999755859375,567.0,895.2999877929688,674.0999755859375,531.2999877929688,130.9999999999718,119.58530875210668,constant,
1.0,678.251,678.265,882.0,686.2999877929688,845.2999877929688,656.2999877929688,69.19999694824219,14.000000000010004,47.4013807393439,constant,
1.0,678.541,678.582,832.7000122070312,642.0999755859375,825.5999755859375,963.9000244140625,257.3999938964844,40.99999999993997,321.87836514094033,constant,
1.0,678.825,678.871,823.2000122070312,956.0999755859375,941.4000244140625,727.7000122070312,190.39999389648438,45.999999999935426,257.17267770357734,constant,
1.0,679.089,679.115,860.4000244140625,723.2999877929688,901.0999755859375,598.2000122070312,139.6999969482422,25.999999999953616,131.5541330289367,constant,
1.0,679.441,679.486,841.0999755859375,537.9000244140625,1098.300048828125,564.2000122070312,186.39999389648438,44.99999999995907,258.54122888564007,constant,
1.0,679.847,679.865,993.5,552.5999755859375,917.2999877929688,563.0999755859375,101.0,18.000000000029104,76.92003549369768,constant,
1.0,680.11,680.17,903.7999877929688,579.0,625.2999877929688,519.2999877929688,128.3000030517578,59.99999999994543,284.82686224708453,constant,
1.0,680.864,680.872,771.0999755859375,533.9000244140625,789.4000244140625,529.0,41.70000076293945,7.999999999924512,18.944709719870815,constant,
1.0,681.282,681.315,768.9000244140625,514.4000244140625,868.5999755859375,606.5999755859375,161.89999389648438,33.00000000001546,135.79731683568124,constant,
1.0,681.606,681.747,827.7999877929688,606.2999877929688,834.0,554.5,759.4000244140625,140.9999999999627,52.16971235035754,constant,
1.0,682.05,682.087,828.9000244140625,550.0999755859375,1021.2999877929688,547.0999755859375,173.60000610351562,37.00000000003456,192.4233507353109,constant,
1.0,682.444,682.49,943.2999877929688,540.7999877929688,760.4000244140625,494.1000061035156,105.5999984741211,46.00000000004911,188.76780682574162,constant,
1.0,683.591,683.616,826.5999755859375,511.20001220703125,850.5999755859375,588.7000122070312,76.30000305175781,24.999999999977263,81.13106679934636,constant,
1.0,683.923,683.931,849.2999877929688,566.7000122070312,831.2000122070312,556.7000122070312,45.099998474121094,8.000000000038199,20.678711667111507,constant,
1.0,684.008,684.171,813.7999877929688,552.7999877929688,846.2000122070312,501.5,811.7999877929688,163.0000000000109,60.674956362494314,constant,
1.0,684.589,684.616,830.4000244140625,492.1000061035156,875.9000244140625,592.2999877929688,137.3000030517578,26.99999999992997,110.04674611530658,constant,
1.0,685.08,685.086,855.7999877929688,583.4000244140625,841.2999877929688,583.0,40.900001525878906,5.999999999971806,14.505516865380773,constant,
1.0,685.307,685.327,835.9000244140625,585.5999755859375,769.5,552.0,89.5,19.99999999998181,74.41721307307667,constant,
1.0,685.658,685.676,757.2999877929688,528.9000244140625,707.7000122070312,495.79998779296875,71.69999694824219,18.000000000029104,59.6302775647015,constant,
1.0,685.937,685.974,725.2000122070312,497.5,882.0999755859375,509.1000061035156,185.60000610351562,37.00000000003456,157.32818771569106,constant,
1.0,686.491,686.513,807.7000122070312,500.0,901.9000244140625,562.7999877929688,128.10000610351562,22.000000000048203,113.21431343519184,constant,
1.0,686.808,686.822,865.7000122070312,575.5,820.4000244140625,560.4000244140625,68.69999694824219,14.000000000010004,47.75037336753532,constant,
1.0,687.132,687.152,816.0999755859375,552.9000244140625,761.5,536.4000244140625,62.5,20.000000000095497,57.03864772226785,constant,
1.0,687.49,687.513,752.2999877929688,524.7000122070312,858.9000244140625,588.0999755859375,159.1999969482422,23.000000000024556,124.02871910999154,constant,
1.0,687.758,687.778,829.2999877929688,593.4000244140625,780.7999877929688,557.2999877929688,68.0,19.99999999998181,60.4604221292269,constant,
1.0,688.118,688.137,711.9000244140625,494.0,681.2000122070312,439.6000061035156,71.69999694824219,18.99999999989177,62.46479076607401,constant,
1.0,688.478,688.497,651.5999755859375,397.6000061035156,653.2000122070312,348.3999938964844,51.29999923706055,19.000000000005457,49.22602277617871,constant,
1.0,688.747,688.794,624.5999755859375,342.3999938964844,834.5999755859375,483.5,244.6999969482422,47.000000000025466,253.00041842339343,constant,
1.0,689.117,689.134,766.2999877929688,472.29998779296875,754.2000122070312,437.6000061035156,45.70000076293945,17.00000000005275,36.74912432192998,constant,
1.0,689.378,689.395,730.5,435.29998779296875,808.7999877929688,427.29998779296875,107.69999694824219,16.999999999939064,78.70761137513357,constant,
1.0,689.88,689.9,780.0999755859375,423.20001220703125,834.7000122070312,479.29998779296875,103.0999984741211,19.99999999998181,78.28391443820092,constant,
1.0,690.428,690.444,812.0999755859375,491.6000061035156,871.2999877929688,511.5,99.5,15.99999999996271,62.45519355820431,constant,
1.0,690.84,690.854,849.2999877929688,520.7000122070312,804.9000244140625,510.0,69.5,14.000000000010004,45.67107409815138,constant,
1.0,690.92,690.974,778.5,493.79998779296875,776.2000122070312,499.70001220703125,261.3999938964844,54.00000000008731,6.332474392710862,constant,
1.0,691.101,691.29,755.2000122070312,489.29998779296875,798.4000244140625,489.79998779296875,376.3999938964844,188.99999999996453,43.20290562783537,constant,
1.0,691.703,691.722,781.5,475.3999938964844,853.0,495.79998779296875,112.4000015258789,19.000000000005457,74.3532766660394,constant,
1.0,692.049,692.065,816.5,498.0,771.4000244140625,478.79998779296875,68.69999694824219,16.000000000076398,49.016816161418596,constant,
1.0,692.66,692.68,756.5,465.0,844.2000122070312,487.6000061035156,130.3000030517578,19.99999999998181,90.56518324937224,constant,
1.0,692.8,692.818,814.5999755859375,491.1000061035156,760.4000244140625,476.0,67.0,18.000000000029104,56.26406394280317,constant,
1.0,692.843,692.873,704.5,455.8999938964844,553.0999755859375,422.1000061035156,98.69999694824219,30.000000000086402,155.1270658762795,constant,
1.0,693.021,693.045,548.0,407.8999938964844,705.5999755859375,417.3999938964844,160.5,24.00000000000091,157.88604214650545,constant,
1.0,693.249,693.26,730.7000122070312,421.3999938964844,700.2000122070312,423.20001220703125,49.5,10.999999999967258,30.55306966441022,constant,
1.0,693.466,693.479,707.5,417.6000061035156,669.0,409.6000061035156,58.900001525878906,13.000000000033651,39.322385482063524,constant,
1.0,693.997,694.018,666.5999755859375,396.5,758.2999877929688,402.29998779296875,138.89999389648438,21.00000000007185,91.88325253912308,constant,
1.0,694.336,694.348,718.0999755859375,400.29998779296875,682.2000122070312,391.8999938964844,58.20000076293945,11.999999999943611,36.86959815441151,constant,
1.0,694.724,694.741,672.9000244140625,378.20001220703125,627.2999877929688,358.70001220703125,65.9000015258789,16.999999999939064,49.59448900679481,constant,
1.0,694.912,694.936,635.5,345.6000061035156,804.9000244140625,387.0,234.0,24.00000000000091,174.38557212715136,constant,
1.0,695.266,695.303,753.0999755859375,400.3999938964844,896.4000244140625,499.79998779296875,197.3000030517578,37.00000000003456,174.3997212749038,constant,
1.0,695.641,695.787,838.5,490.0,796.4000244140625,449.79998779296875,587.5999755859375,146.00000000007185,58.210385033789244,constant,
1.0,696.243,696.256,782.7000122070312,447.6000061035156,735.4000244140625,454.1000061035156,78.0,12.999999999919964,47.74451638895291,constant,
1.0,696.708,696.725,743.5,446.6000061035156,720.5999755859375,413.0,56.599998474121094,17.00000000005275,40.66167148951142,constant,
1.0,696.967,696.987,705.2999877929688,400.6000061035156,814.9000244140625,399.0,154.6999969482422,19.99999999998181,109.61171491622773,constant,
1.0,697.389,697.408,775.7000122070312,385.79998779296875,703.2999877929688,360.8999938964844,89.4000015258789,19.000000000005457,76.5622180399824,constant,
1.0,697.72,697.882,703.5999755859375,378.3999938964844,743.7999877929688,351.6000061035156,590.2999877929688,161.99999999992087,48.31439047684174,constant,
1.0,698.215,698.258,727.2999877929688,340.79998779296875,864.2000122070312,485.8999938964844,188.5,43.00000000000637,199.48841684621988,constant,
1.0,698.769,698.791,824.4000244140625,468.79998779296875,740.4000244140625,419.70001220703125,96.80000305175781,22.000000000048203,97.29752105033128,constant,
1.0,699.188,699.209,687.5999755859375,377.6000061035156,779.2000122070312,371.5,132.89999389648438,20.999999999958163,91.80292361057269,constant,
1.0,699.714,699.734,726.2000122070312,357.5,830.5999755859375,373.8999938964844,148.5,19.99999999998181,105.68023539584728,constant,
1.0,700.072,700.089,795.7000122070312,368.5,733.9000244140625,349.20001220703125,83.0999984741211,17.00000000005275,64.74355581847378,constant,
1.0,700.42,700.569,733.0,375.79998779296875,773.0,365.20001220703125,866.4000244140625,149.0000000000009,41.38066556282621,constant,
1.0,701.075,701.11,744.7000122070312,343.70001220703125,872.0999755859375,407.1000061035156,155.3000030517578,34.99999999996817,142.30358356352417,constant,
1.0,701.41,701.43,823.9000244140625,395.8999938964844,757.2999877929688,372.79998779296875,90.69999694824219,19.99999999998181,70.49237660849212,constant,
1.0,701.867,701.886,765.7000122070312,357.3999938964844,704.7999877929688,328.79998779296875,84.0,19.000000000005457,67.28129994845922,constant,
1.0,702.254,702.263,711.9000244140625,331.8999938964844,739.7000122070312,328.3999938964844,55.099998474121094,9.000000000014552,28.01944541366248,constant,
1.0,702.756,702.775,706.5,310.6000061035156,802.5999755859375,319.3999938964844,140.39999389648438,19.000000000005457,96.50204709110673,constant,
1.0,703.142,703.155,772.0999755859375,307.6000061035156,731.2000122070312,308.6000061035156,65.0,12.999999999919964,40.91218650226204,constant,
1.0,703.594,703.747,732.4000244140625,319.1000061035156,773.0999755859375,315.79998779296875,704.4000244140625,152.99999999990632,40.83351743657352,constant,
1.0,704.569,704.606,736.2000122070312,291.70001220703125,882.5999755859375,373.79998779296875,174.10000610351562,37.00000000003456,167.84920395568346,constant,
1.0,704.882,704.892,834.0,555.5,805.5,546.5,56.70000076293945,10.000000000104592,29.88728826775691,,
1.0,705.086,705.094,797.4000244140625,536.2000122070312,818.4000244140625,537.7000122070312,46.29999923706055,8.000000000038199,21.0535032714273,,
1.0,705.286,705.305,802.9000244140625,534.0999755859375,876.7000122070312,547.9000244140625,105.4000015258789,19.000000000005457,75.07915520236607,,
1.0,705.495,705.502,837.7999877929688,545.7000122070312,818.5999755859375,548.7999877929688,44.900001525878906,6.999999999948159,19.448658498301562,constant,
1.0,705.699,705.714,823.9000244140625,546.0,874.5,554.5999755859375,86.0999984741211,15.000000000100044,51.32559896753463,constant,
1.0,706.718,706.725,833.5,552.4000244140625,849.7000122070312,548.0999755859375,42.29999923706055,7.000000000061846,16.760990884557533,constant,
1.0,706.984,706.992,840.5,543.7999877929688,860.2000122070312,539.0,44.20000076293945,7.999999999924512,20.27634986307519,constant,
1.0,707.223,707.246,844.5,541.4000244140625,776.0,621.0999755859375,101.0,23.000000000024556,105.09201785482692,constant,
1.0,707.595,707.759,777.5999755859375,638.7000122070312,815.2000122070312,529.0,355.3999938964844,163.99999999998727,115.96488879022994,constant,
1.0,707.917,707.933,795.9000244140625,529.0999755859375,859.7999877929688,543.5999755859375,97.5,15.99999999996271,65.52446352184472,constant,
1.0,708.56,708.567,828.0,532.2000122070312,808.0,535.0,48.0,7.000000000061846,20.195047205707986,constant,
1.0,708.835,708.854,796.5,528.2999877929688,876.5999755859375,541.2000122070312,119.80000305175781,19.000000000005457,81.1320942583833,constant,
1.0,709.762,709.781,822.5,527.0,772.5999755859375,526.2000122070312,51.900001525878906,19.000000000005457,49.90643662888518,constant,
1.0,710.049,710.07,787.2000122070312,528.5999755859375,886.7999877929688,535.7999877929688,135.5,21.00000000007185,99.85987839217883,constant,
1.0,710.765,710.774,850.0,535.0,875.9000244140625,540.0,53.79999923706055,9.000000000014552,26.37823467650998,constant,
1.0,711.045,711.057,854.7999877929688,545.0,816.5999755859375,544.0999755859375,62.29999923706055,12.000000000057298,38.210613402080384,constant,
1.0,711.306,711.318,800.4000244140625,536.2999877929688,769.9000244140625,530.7999877929688,50.20000076293945,11.999999999943611,30.99193443462347,constant,
1.0,711.349,711.539,745.0,540.4000244140625,815.2999877929688,528.5999755859375,460.1000061035156,189.99999999994088,71.28344433343334,constant,
1.0,711.771,711.788,811.0999755859375,515.7000122070312,870.5,531.0999755859375,95.30000305175781,17.00000000005275,61.363847438560065,constant,
1.0,712.23,712.245,837.2999877929688,532.7000122070312,787.0,543.7999877929688,72.9000015258789,14.999999999986358,51.510175984762604,constant,
1.0,712.84,713.023,768.4000244140625,554.5,799.5999755859375,536.7999877929688,412.0,182.99999999999272,35.8709824963917,constant,
1.0,713.448,713.468,779.2999877929688,515.2000122070312,850.0,548.2999877929688,105.0999984741211,19.99999999998181,78.06471744561705,constant,
1.0,713.741,713.758,819.0999755859375,546.7999877929688,756.5999755859375,539.7999877929688,82.69999694824219,17.00000000005275,62.890778338322384,constant,
1.0,714.087,714.111,708.5999755859375,514.2000122070312,857.2000122070312,532.0999755859375,190.6999969482422,24.00000000000091,149.6742448544725,constant,
1.0,714.717,714.733,811.9000244140625,530.5999755859375,838.9000244140625,559.4000244140625,63.79999923706055,15.99999999996271,39.47711758097828,constant,
1.0,714.91,714.927,814.4000244140625,554.0999755859375,760.4000244140625,547.5,76.19999694824219,17.00000000005275,54.40183524234243,constant,
1.0,715.167,715.188,738.0,534.9000244140625,831.0,546.5,129.0,20.999999999958163,93.72064571690885,constant,
1.0,715.45,715.46,788.0,542.5,761.2999877929688,545.2000122070312,49.70000076293945,9.999999999990905,26.836182995607544,constant,
1.0,716.071,716.089,761.9000244140625,546.9000244140625,836.9000244140625,555.2999877929688,108.9000015258789,18.000000000029104,75.46892992991862,constant,
1.0,716.81,716.828,778.5,560.5,855.4000244140625,545.7999877929688,109.9000015258789,18.000000000029104,78.29242692476889,constant,
1.0,717.108,717.118,826.2999877929688,539.0999755859375,800.2999877929688,535.2000122070312,47.70000076293945,10.000000000104592,26.290867508639,constant,
1.0,717.288,717.299,799.0,529.0999755859375,823.7000122070312,528.5,40.900001525878906,10.999999999967258,24.70729798523533,constant,
1.0,717.888,717.897,791.7999877929688,526.0999755859375,770.0999755859375,526.4000244140625,44.70000076293945,9.000000000014552,21.702086514539666,constant,
1.0,718.267,718.286,766.7999877929688,523.2000122070312,858.2999877929688,532.7000122070312,121.0,18.99999999989177,91.99184746487049,constant,
1.0,718.561,718.575,820.7000122070312,531.5999755859375,781.0,528.9000244140625,57.0,14.000000000010004,39.791716544639534,constant,
1.0,718.98,718.991,783.0999755859375,530.2999877929688,748.2000122070312,522.0999755859375,62.0,10.999999999967258,35.85035068230796,constant,
1.0,719.418,719.435,755.7999877929688,518.0,817.7000122070312,522.0999755859375,100.0,16.999999999939064,62.03565766772218,constant,
1.0,720.005,720.02,788.9000244140625,517.9000244140625,848.9000244140625,530.9000244140625,94.9000015258789,14.999999999986358,61.39218191268331,constant,
1.0,720.202,720.223,822.4000244140625,531.5999755859375,748.2000122070312,553.0,73.9000015258789,20.999999999958163,77.22436698637327,constant,
1.0,720.648,720.666,751.7999877929688,556.4000244140625,826.5,552.9000244140625,113.4000015258789,18.000000000029104,74.78196188741386,constant,
1.0,720.893,720.9,787.5999755859375,540.5,768.7000122070312,536.2000122070312,45.099998474121094,6.999999999948159,19.382943810053145,constant,
1.0,720.952,721.094,743.7999877929688,551.9000244140625,767.2999877929688,506.6000061035156,341.20001220703125,142.00000000005275,51.03275084625443,constant,
1.0,721.748,721.766,760.9000244140625,504.70001220703125,837.0,526.0999755859375,113.5,17.999999999915417,79.05165853287843,constant,
1.0,722.113,722.124,821.0,537.7000122070312,855.4000244140625,545.4000244140625,62.900001525878906,10.999999999967258,35.25126760382563,constant,
1.0,722.297,722.305,830.0,544.0999755859375,811.5,544.2000122070312,41.20000076293945,7.999999999924512,18.500270466281293,constant,
1.0,722.491,722.503,788.0999755859375,536.0,755.7000122070312,531.9000244140625,52.20000076293945,12.000000000057298,32.65834390718166,constant,
1.0,723.022,723.027,767.7999877929688,538.5999755859375,775.2999877929688,547.0,38.099998474121094,4.9999999999954525,11.261012838854507,constant,
1.0,723.228,723.245,769.0999755859375,556.5999755859375,836.7000122070312,581.5,103.0,17.00000000005275,72.04010110344186,constant,
1.0,723.643,723.654,783.0,537.9000244140625,815.2999877929688,539.0,56.79999923706055,10.999999999967258,32.318712191478,constant,
1.0,723.875,723.886,802.9000244140625,533.2999877929688,830.0,535.7000122070312,47.599998474121094,10.999999999967258,27.20604333501115,constant,
1.0,724.369,724.382,794.7999877929688,525.2999877929688,758.7000122070312,524.9000244140625,55.599998474121094,12.999999999919964,36.10219118017284,constant,
1.0,724.781,724.8,760.4000244140625,525.5,847.0999755859375,538.0999755859375,114.5,19.000000000005457,87.61073517538664,constant,
1.0,724.982,724.989,810.5999755859375,531.4000244140625,796.2999877929688,531.0999755859375,35.29999923706055,7.000000000061846,14.303135326854544,constant,
1.0,725.049,725.069,770.0999755859375,522.5999755859375,705.2000122070312,521.4000244140625,63.0,19.99999999998181,64.91105552522048,constant,
1.0,725.162,725.342,696.7000122070312,548.2999877929688,780.9000244140625,474.70001220703125,286.20001220703125,179.99999999994998,111.83290420048479,constant,
1.0,725.555,725.571,807.9000244140625,494.8999938964844,871.2999877929688,511.79998779296875,92.0,16.000000000076398,65.61375732381025,constant,
1.0,725.786,725.797,841.2999877929688,509.29998779296875,812.5999755859375,513.7999877929688,50.70000076293945,11.000000000080945,29.050657491419067,constant,
1.0,726.583,726.592,782.0,510.20001220703125,805.5,505.3999938964844,48.0,9.000000000014552,23.985207436701174,constant,
1.0,727.045,727.066,784.7999877929688,497.29998779296875,881.2999877929688,517.2000122070312,148.39999389648438,21.00000000007185,98.53050782209682,constant,
1.0,727.258,727.275,834.5,512.7000122070312,777.0999755859375,495.20001220703125,76.69999694824219,16.999999999939064,60.008439429258374,constant,
1.0,727.856,727.869,749.2000122070312,472.5,712.7000122070312,469.70001220703125,58.20000076293945,13.000000000033651,36.60723878744167,constant,
1.0,728.1,728.122,712.0,466.0,796.4000244140625,476.79998779296875,133.8000030517578,21.999999999934516,85.0882122119311,constant,
1.0,728.695,728.712,760.0,479.5,822.7999877929688,484.6000061035156,93.19999694824219,16.999999999939064,63.00673399766822,constant,
1.0,728.882,728.894,790.4000244140625,483.3999938964844,757.7999877929688,482.5,52.5,12.000000000057298,32.61245738533609,constant,
1.0,729.296,729.316,741.7999877929688,476.3999938964844,830.2000122070312,500.6000061035156,144.8000030517578,19.99999999998181,91.65263175287062,constant,
1.0,729.542,729.717,784.0999755859375,528.0999755859375,841.4000244140625,530.0,465.70001220703125,174.99999999995453,57.331541828905515,constant,
1.0,730.195,730.2,834.7999877929688,510.29998779296875,844.0,514.7000122070312,36.0,4.9999999999954525,10.19806057316145,constant,
1.0,730.451,730.464,836.4000244140625,523.0999755859375,801.9000244140625,522.0999755859375,56.5,13.000000000033651,34.514489710844636,constant,
1.0,730.64,730.656,808.2999877929688,522.5999755859375,749.2999877929688,518.7000122070312,79.80000305175781,15.99999999996271,59.12875539326707,constant,
1.0,731.158,731.166,768.7999877929688,524.7999877929688,747.0999755859375,525.2000122070312,48.20000076293945,8.000000000038199,21.703698977758407,constant,
1.0,731.39,731.408,757.2000122070312,529.2000122070312,821.9000244140625,534.7999877929688,99.30000305175781,18.000000000029104,64.94190716442726,constant,
1.0,731.657,731.683,791.7000122070312,540.5,795.4000244140625,625.7000122070312,75.4000015258789,25.999999999953616,85.28031525745232,constant,
1.0,731.859,731.879,793.2999877929688,609.9000244140625,891.0999755859375,619.5,129.6999969482422,19.99999999998181,98.2700215913044,constant,
1.0,731.951,732.001,889.5999755859375,617.7999877929688,1194.5,645.2999877929688,163.0,49.999999999954525,306.1376730944689,constant,
1.0,732.36,732.38,1136.199951171875,618.2999877929688,1235.0,628.7000122070312,128.10000610351562,19.99999999998181,99.34591162324185,constant,
1.0,732.578,732.661,1204.0999755859375,624.7999877929688,750.9000244140625,580.4000244140625,129.5,82.99999999996999,455.36968771563846,constant,
1.0,732.953,732.967,838.2999877929688,567.2999877929688,799.7999877929688,557.7999877929688,56.400001525878906,14.000000000010004,39.654760117796705,constant,
1.0,733.203,733.216,804.5999755859375,551.5999755859375,771.2999877929688,541.7000122070312,53.79999923706055,13.000000000033651,34.74044418132204,constant,
1.0,733.434,733.449,772.4000244140625,536.7000122070312,827.2999877929688,550.7000122070312,83.9000015258789,14.999999999986358,56.65691466189495,constant,
1.0,733.951,733.957,805.0,528.0999755859375,804.5999755859375,511.6000061035156,46.70000076293945,5.999999999971806,16.504817855786815,constant,
1.0,734.169,734.186,786.9000244140625,511.5,855.5,521.2999877929688,100.19999694824219,17.00000000005275,69.29643866125846,constant,
1.0,734.427,734.437,826.7999877929688,520.0999755859375,860.5999755859375,526.7000122070312,62.70000076293945,9.999999999990905,34.43834575302093,constant,
1.0,734.941,734.956,820.9000244140625,519.5999755859375,874.0,533.0,89.0,14.999999999986358,54.76466069943855,constant,
1.0,735.535,735.551,827.2000122070312,528.5,876.4000244140625,539.4000244140625,73.4000015258789,16.000000000076398,50.39297305576624,constant,
1.0,736.356,736.367,836.4000244140625,537.0,871.7000122070312,537.7999877929688,61.599998474121094,10.999999999967258,35.30905151165409,constant,
1.0,736.952,737.15,812.0,529.7999877929688,885.4000244140625,557.2999877929688,401.0,197.99999999997908,78.38248263473778,constant,
1.0,737.531,737.542,871.5999755859375,524.2000122070312,843.2000122070312,524.7000122070312,48.29999923706055,11.000000000080945,28.40436445202068,constant,
1.0,737.963,737.981,844.2000122070312,529.0999755859375,791.2000122070312,564.5999755859375,81.19999694824219,18.000000000029104,63.79067329947224,constant,
1.0,738.368,738.376,787.0999755859375,581.5,766.7999877929688,576.4000244140625,47.099998474121094,7.999999999924512,20.930820704689026,constant,
1.0,738.579,738.597,766.5,568.7999877929688,844.0999755859375,574.0999755859375,100.69999694824219,18.000000000029104,77.78075649891632,constant,
1.0,739.161,739.172,806.0999755859375,560.7000122070312,782.2999877929688,549.5999755859375,44.29999923706055,11.000000000080945,26.26119250786384,constant,
1.0,739.384,739.406,776.4000244140625,538.5999755859375,891.5,553.2999877929688,167.89999389648438,21.999999999934516,116.03488586959647,constant,
1.0,739.849,739.879,840.2000122070312,549.5,962.9000244140625,645.2000122070312,165.0,29.999999999972715,155.60779328822687,constant,
1.0,740.292,740.304,921.4000244140625,620.5,885.0999755859375,618.2999877929688,61.900001525878906,11.999999999943611,36.366655037758775,constant,
1.0,740.876,740.894,878.4000244140625,608.7000122070312,839.2000122070312,574.2999877929688,64.0999984741211,18.000000000029104,52.15364452000929,constant,
1.0,741.103,741.28,829.2999877929688,555.2000122070312,852.7999877929688,542.7999877929688,382.70001220703125,177.00000000002092,26.57086008147546,constant,
1.0,741.568,741.582,851.5,519.2000122070312,804.0,526.0999755859375,71.5,14.000000000010004,47.998536380084,constant,
1.0,741.779,741.798,811.5999755859375,523.7000122070312,735.9000244140625,525.2999877929688,92.9000015258789,19.000000000005457,75.71685762959167,constant,
1.0,742.281,742.303,771.7999877929688,532.7999877929688,853.2999877929688,596.7000122070312,150.10000610351562,22.000000000048203,103.56381182690112,constant,
1.0,743.059,743.072,817.4000244140625,589.0,795.5999755859375,558.9000244140625,57.79999923706055,13.000000000033651,37.16518073658014,constant,
1.0,743.609,743.644,782.2000122070312,545.2999877929688,908.5,625.2000122070312,158.8000030517578,34.99999999996817,149.45133260654399,constant,
1.0,744.184,744.202,850.0,607.2999877929688,875.2999877929688,552.7999877929688,75.5999984741211,18.000000000029104,60.086099742988544,constant,
1.0,744.744,744.767,835.2999877929688,552.4000244140625,765.9000244140625,626.2000122070312,94.9000015258789,23.000000000024556,101.30544464754037,constant,
1.0,745.3,745.322,781.5999755859375,631.5999755859375,896.7999877929688,659.0999755859375,164.5,22.000000000048203,118.43687268963221,constant,
1.0,745.802,745.849,853.0999755859375,649.2999877929688,1177.199951171875,776.4000244140625,249.89999389648438,47.000000000025466,348.1310291885638,constant,
1.0,746.346,746.4,1046.800048828125,747.7999877929688,815.4000244140625,590.5,138.6999969482422,53.999999999973625,279.8021755785627,constant,
1.0,746.772,746.924,824.4000244140625,598.2999877929688,859.9000244140625,542.5,583.5999755859375,151.99999999992997,66.1353811336675,constant,
1.0,747.564,747.59,836.4000244140625,535.0999755859375,859.2999877929688,648.9000244140625,120.30000305175781,26.000000000067303,116.08126220901839,constant,
1.0,747.871,747.892,844.5,631.5,962.0,649.2999877929688,153.5,21.00000000007185,118.84060570962198,constant,
1.0,748.199,748.221,922.0999755859375,638.7999877929688,868.9000244140625,561.5999755859375,96.0,22.000000000048203,93.75540885439975,constant,
1.0,748.701,748.722,837.4000244140625,554.0,757.9000244140625,576.0999755859375,95.80000305175781,20.999999999958163,82.5145982290348,constant,
1.0,749.026,749.038,787.0999755859375,580.5999755859375,782.7000122070312,546.2000122070312,56.400001525878906,12.000000000057298,34.6802127762476,constant,
1.0,749.318,749.343,771.7999877929688,537.4000244140625,910.2000122070312,541.5999755859375,172.89999389648438,24.999999999977263,138.46373657986857,constant,
1.0,749.615,749.631,846.4000244140625,530.5999755859375,797.9000244140625,530.5999755859375,66.30000305175781,15.99999999996271,48.5,constant,
1.0,749.911,749.936,787.7000122070312,529.7000122070312,930.7999877929688,541.5999755859375,192.10000610351562,25.00000000009095,143.59391401140655,constant,
1.0,750.226,750.239,865.7999877929688,520.0999755859375,821.0999755859375,523.0,68.5999984741211,13.000000000033651,44.793986570865755,constant,
1.0,750.525,750.54,833.2999877929688,524.2999877929688,780.0999755859375,529.7999877929688,75.0999984741211,14.999999999986358,53.483561014841506,constant,
1.0,751.154,751.18,766.4000244140625,530.4000244140625,913.0,541.7999877929688,173.3000030517578,25.999999999953616,147.04255168772704,constant,
1.0,751.513,751.558,849.0,524.4000244140625,1075.5999755859375,573.0999755859375,193.89999389648438,44.99999999995907,231.77410161553962,constant,
1.0,751.964,751.985,976.7999877929688,556.0,1079.300048828125,567.2999877929688,141.0,20.999999999958163,103.12105622195692,constant,
1.0,752.458,752.506,1010.5,546.7999877929688,723.2000122070312,533.4000244140625,141.8000030517578,48.00000000000182,287.61231198332945,constant,
1.0,752.921,752.937,827.5999755859375,540.9000244140625,784.0999755859375,529.2000122070312,63.70000076293945,15.99999999996271,45.04597968348208,constant,
1.0,753.313,753.334,797.4000244140625,528.7999877929688,912.0,533.7999877929688,155.60000610351562,20.999999999958163,114.70899879389354,constant,
1.0,753.652,753.663,865.0999755859375,524.0,830.5999755859375,520.9000244140625,60.400001525878906,10.999999999967258,34.63899318157802,constant,
1.0,753.93,753.947,831.9000244140625,513.4000244140625,778.7999877929688,503.6000061035156,76.30000305175781,17.00000000005275,53.996798498138304,constant,
1.0,754.202,754.228,785.9000244140625,497.0,919.5,519.2000122070312,175.1999969482422,25.999999999953616,135.43187962424295,constant,
1.0,754.772,754.792,848.2999877929688,519.0,768.5999755859375,525.4000244140625,91.80000305175781,19.99999999998181,79.95656482304331,constant,
1.0,755.392,755.425,796.2000122070312,536.5999755859375,884.2999877929688,591.7999877929688,106.19999694824219,32.999999999901775,103.9646432490353,constant,
1.0,755.586,755.741,875.9000244140625,530.4000244140625,832.5999755859375,514.0,902.2000122070312,154.99999999997272,46.30178213956624,constant,
1.0,756.168,756.183,817.4000244140625,515.9000244140625,756.2000122070312,527.9000244140625,90.0999984741211,14.999999999986358,62.36538698782181,constant,
1.0,756.519,756.551,778.2999877929688,536.2000122070312,906.4000244140625,621.4000244140625,196.8000030517578,32.00000000003911,153.84622667587215,constant,
1.0,756.849,756.874,853.0,601.0999755859375,972.4000244140625,651.4000244140625,174.89999389648438,24.999999999977263,129.56257462010578,constant,
1.0,757.179,757.213,919.0999755859375,638.2999877929688,1093.199951171875,735.7999877929688,148.5,33.999999999991815,199.5421045770141,constant,
1.0,757.412,757.434,1036.5,721.2999877929688,1107.4000244140625,773.7000122070312,126.19999694824219,21.999999999934516,88.16221424459009,constant,
1.0,757.646,757.663,1081.5,757.0,1015.0999755859375,743.0999755859375,97.19999694824219,17.00000000005275,67.83932429571826,constant,
1.0,757.737,757.777,1010.7999877929688,733.5999755859375,827.7000122070312,580.7000122070312,171.3000030517578,40.00000000007731,238.545592834665,constant,
1.0,758.025,758.046,823.7000122070312,573.5,736.5,539.2000122070312,119.80000305175781,21.00000000007185,93.70342198396067,constant,
1.0,758.32,758.347,766.7999877929688,540.4000244140625,928.5,557.9000244140625,207.6999969482422,26.99999999992997,162.6442250673354,constant,
1.0,758.46,758.599,850.5,552.0999755859375,859.7000122070312,564.5999755859375,884.7000122070312,139.00000000001,15.520638666289607,constant,
1.0,758.671,758.837,849.0999755859375,545.4000244140625,837.4000244140625,556.0,827.9000244140625,165.99999999993997,15.787600826177808,constant,
1.0,760.73,760.746,781.4000244140625,555.9000244140625,842.0999755859375,554.7999877929688,94.9000015258789,15.99999999996271,60.7099180763387,constant,
1.0,761.586,761.596,801.0,547.5,830.2999877929688,554.7999877929688,55.29999923706055,9.999999999990905,30.195680261348816,constant,
1.0,762.047,762.058,814.2000122070312,553.7000122070312,841.0,545.5999755859375,50.5,10.999999999967258,27.997320210447533,constant,
1.0,762.484,762.495,827.0,538.0,794.0,544.9000244140625,59.29999923706055,10.999999999967258,33.71365208509245,constant,
1.0,762.827,762.841,795.2999877929688,551.4000244140625,754.5999755859375,548.7000122070312,62.099998474121094,14.000000000010004,40.789472411035305,constant,
1.0,763.348,763.367,776.2999877929688,551.5999755859375,857.0999755859375,564.5999755859375,117.9000015258789,19.000000000005457,81.83909840256,constant,
1.0,763.695,763.706,815.5999755859375,552.9000244140625,784.5,546.2000122070312,56.20000076293945,10.999999999967258,31.813497843215483,constant,
1.0,763.886,764.069,815.0999755859375,559.5,848.4000244140625,558.9000244140625,353.5,182.99999999999272,33.305453347150674,,
1.0,764.35,764.357,826.0,549.9000244140625,807.4000244140625,547.0999755859375,44.5,6.999999999948159,18.809555157880666,constant,
1.0,764.584,764.599,820.5999755859375,546.2999877929688,868.2000122070312,549.9000244140625,73.19999694824219,15.000000000100044,47.73597961708424,constant,
1.0,765.506,765.552,832.4000244140625,554.5999755859375,1083.800048828125,340.0,235.1999969482422,46.00000000004911,330.53762538760424,constant,
1.0,765.804,765.821,945.9000244140625,340.6000061035156,1005.7000122070312,339.70001220703125,93.19999694824219,17.00000000005275,59.806759894287204,constant,
1.0,765.928,765.956,970.0,335.6000061035156,804.4000244140625,433.0,159.8000030517578,28.00000000002001,192.1200424867179,constant,
1.0,766.186,766.233,811.2000122070312,466.8999938964844,1105.199951171875,342.5,229.0,46.99999999991178,319.2355283999217,constant,
1.0,766.609,766.644,975.5,331.0,772.2000122070312,431.3999938964844,166.8000030517578,34.99999999996817,226.7400357480684,constant,
1.0,767.068,767.09,823.7000122070312,491.0,920.5999755859375,499.1000061035156,149.8000030517578,22.000000000048203,97.23791956695887,constant,
1.0,767.528,767.545,877.7000122070312,500.3999938964844,941.9000244140625,512.9000244140625,100.4000015258789,16.999999999939064,65.4055986160462,constant,
1.0,768.184,768.196,883.2000122070312,477.3999938964844,844.0,474.1000061035156,67.69999694824219,12.000000000057298,39.3386689717019,constant,
1.0,768.388,768.516,827.2999877929688,493.79998779296875,918.2000122070312,452.3999938964844,997.5,127.99999999992906,99.88380215583557,constant,
1.0,769.061,769.078,889.4000244140625,449.5,831.7000122070312,483.0,87.9000015258789,16.999999999939064,66.71987266693152,constant,
1.0,769.594,769.605,836.5,507.6000061035156,821.0,527.7000122070312,43.099998474121094,10.999999999967258,25.382282114919562,constant,
1.0,769.996,770.043,828.0999755859375,527.2999877929688,1047.300048828125,406.29998779296875,154.0,47.000000000025466,250.37905685056882,constant,
1.0,770.214,770.233,938.7000122070312,384.29998779296875,1010.5,353.3999938964844,101.0999984741211,18.99999999989177,78.16679518742747,constant,
1.0,770.54,770.549,969.5,321.8999938964844,995.5999755859375,317.6000061035156,51.20000076293945,9.000000000014552,26.451816962284724,constant,
1.0,770.743,770.759,976.2999877929688,318.79998779296875,918.7999877929688,328.1000061035156,79.5999984741211,15.99999999996271,58.24723461741774,constant,
1.0,771.992,772.0,913.5999755859375,332.3999938964844,895.5,330.79998779296875,40.79999923706055,8.000000000038199,18.17055683634436,constant,
1.0,773.008,773.018,867.0999755859375,336.20001220703125,840.5,337.8999938964844,48.5,9.999999999990905,26.654242418739777,constant,
1.0,773.571,773.586,841.4000244140625,339.79998779296875,888.0,353.6000061035156,75.30000305175781,14.999999999986358,48.60039331097435,constant,
1.0,774.636,774.653,860.7999877929688,338.20001220703125,926.2999877929688,353.20001220703125,96.9000015258789,17.00000000005275,67.19560997565243,constant,
1.0,775.003,775.021,895.9000244140625,340.79998779296875,984.0,336.3999938964844,107.5999984741211,17.999999999915417,88.20978202292467,constant,
1.0,775.279,775.294,969.2999877929688,312.0,1013.5999755859375,310.0,73.5,14.999999999986358,44.34511155084831,constant,
1.0,775.572,775.588,983.9000244140625,309.3999938964844,934.4000244140625,327.6000061035156,72.69999694824219,15.99999999996271,52.73983735598818,constant,
1.0,775.99,776.012,926.7000122070312,358.8999938964844,890.9000244140625,435.1000061035156,89.19999694824219,21.999999999934516,84.19074169009573,constant,
1.0,776.207,776.248,892.2000122070312,443.79998779296875,829.2000122070312,615.0999755859375,136.39999389648438,41.00000000005366,182.51763152602885,constant,
1.0,776.507,776.527,838.5,604.7999877929688,923.2999877929688,586.0,136.10000610351562,20.000000000095497,86.85895158648545,constant,
1.0,776.786,776.805,874.0999755859375,574.7999877929688,967.4000244140625,584.0,124.80000305175781,19.000000000005457,93.7525430905212,constant,
1.0,777.78,777.792,888.7999877929688,566.7000122070312,861.5,564.2999877929688,45.900001525878906,12.000000000057298,27.405281437787476,constant,
1.0,778.276,778.337,870.0999755859375,558.2000122070312,524.0999755859375,613.0999755859375,146.39999389648438,61.00000000003547,350.32842587921016,constant,
1.0,778.652,778.69,764.7000122070312,615.0999755859375,864.2000122070312,797.7999877929688,221.6999969482422,38.000000000010914,208.0373631356862,constant,
1.0,778.967,779.004,833.5999755859375,783.2999877929688,975.2999877929688,901.7000122070312,199.3000030517578,37.00000000003456,184.6549735066007,constant,
1.0,779.133,779.169,926.7000122070312,878.0,916.7999877929688,709.2000122070312,123.69999694824219,35.99999999994452,169.0900540017225,constant,
1.0,779.414,779.432,859.2999877929688,628.2000122070312,936.5999755859375,607.2999877929688,116.80000305175781,18.000000000029104,80.0755838773688,constant,
1.0,779.777,779.792,888.9000244140625,566.7999877929688,949.2999877929688,563.7000122070312,86.80000305175781,14.999999999986358,60.47946283497089,constant,
1.0,779.945,779.958,929.2000122070312,540.9000244140625,892.4000244140625,527.2999877929688,60.0,12.999999999919964,39.23264071736365,constant,
1.0,780.121,780.129,838.0999755859375,480.70001220703125,822.7000122070312,472.70001220703125,40.79999923706055,8.000000000038199,17.353929585879204,constant,
1.0,780.375,780.387,808.5999755859375,469.70001220703125,845.4000244140625,467.8999938964844,59.29999923706055,11.999999999943611,36.844045104612064,constant,
1.0,780.583,780.604,825.9000244140625,454.6000061035156,921.4000244140625,448.5,139.6999969482422,21.00000000007185,95.69461883754451,constant,
1.0,781.057,781.065,891.0,432.1000061035156,910.4000244140625,428.8999938964844,42.900001525878906,8.000000000038199,19.66217244841907,constant,
1.0,781.426,781.438,859.7999877929688,399.3999938964844,826.9000244140625,393.1000061035156,53.0,11.999999999943611,33.49772285581406,constant,
1.0,781.967,782.132,795.7999877929688,390.1000061035156,843.7000122070312,346.70001220703125,838.9000244140625,164.99999999996362,64.63723237486785,constant,
1.0,782.527,782.547,808.2999877929688,352.29998779296875,893.9000244140625,376.0,130.39999389648438,19.99999999998181,88.82036280125195,constant,
1.0,782.76,782.772,853.5,372.3999938964844,892.5,383.1000061035156,69.9000015258789,12.000000000057298,40.441195101413825,constant,
1.0,783.07,783.09,871.5999755859375,384.5,965.0,415.8999938964844,144.10000610351562,19.99999999998181,98.5369178391872,constant,
1.0,783.531,783.541,926.0,407.3999938964844,892.9000244140625,397.20001220703125,64.0,10.000000000104592,34.635935244408195,constant,
1.0,783.792,783.808,890.7000122070312,386.70001220703125,832.5,372.79998779296875,85.69999694824219,15.99999999996271,59.836879093165614,constant,
1.0,784.052,784.067,825.2000122070312,368.70001220703125,770.7999877929688,365.70001220703125,79.19999694824219,14.999999999986358,54.48268216828716,constant,
1.0,784.364,784.375,777.9000244140625,363.20001220703125,744.9000244140625,364.6000061035156,58.099998474121094,10.999999999967258,33.02968336073165,constant,
1.0,784.614,784.636,757.2000122070312,362.70001220703125,863.0,381.79998779296875,154.60000610351562,21.999999999934516,107.51021572099903,constant,
1.0,784.981,785.003,817.5999755859375,379.70001220703125,929.0,404.79998779296875,164.89999389648438,22.000000000048203,114.19270648280641,constant,
1.0,785.179,785.198,879.0999755859375,403.70001220703125,975.7000122070312,416.70001220703125,129.0,19.000000000005457,97.47085243905818,constant,
1.0,785.708,785.878,920.0,428.79998779296875,904.5999755859375,403.6000061035156,493.5,170.00000000007276,29.533029460292315,constant,
1.0,786.436,786.449,890.2000122070312,383.8999938964844,849.2999877929688,395.3999938964844,67.4000015258789,12.999999999919964,42.48602119604645,constant,
1.0,787.679,787.689,822.7999877929688,416.29998779296875,796.4000244140625,414.5,48.70000076293945,9.999999999990905,26.461255118803937,constant,
1.0,788.259,788.275,809.9000244140625,407.8999938964844,868.7000122070312,425.6000061035156,94.0,15.99999999996271,61.40626186784479,constant,
1.0,788.5,788.508,837.2000122070312,427.70001220703125,819.5,431.5,40.099998474121094,8.000000000038199,18.103323986377937,constant,
1.0,788.951,788.97,815.5,439.5,898.2000122070312,428.3999938964844,120.69999694824219,19.000000000005457,83.44160925186667,constant,
1.0,789.427,789.444,859.2999877929688,416.5,937.0,424.3999938964844,108.30000305175781,16.999999999939064,78.1005877092951,constant,
1.0,789.808,789.823,900.9000244140625,416.29998779296875,952.9000244140625,434.29998779296875,92.0999984741211,14.999999999986358,55.02726596879042,constant,
1.0,791.707,791.713,865.4000244140625,450.1000061035156,850.7000122070312,448.20001220703125,40.20000076293945,5.999999999971806,14.822291850235093,constant,
1.0,792.041,792.19,822.0,484.8999938964844,841.2999877929688,447.1000061035156,637.2000122070312,149.0000000000009,42.44206175431784,constant,
1.0,792.652,792.672,816.9000244140625,437.0,898.9000244140625,451.29998779296875,113.0999984741211,19.99999999998181,83.23754952471303,constant,
1.0,792.917,792.935,864.7999877929688,450.0,931.2999877929688,468.6000061035156,110.5,17.999999999915417,69.0522282555083,constant,
1.0,793.293,793.303,899.4000244140625,471.70001220703125,873.5,468.1000061035156,46.900001525878906,9.999999999990905,26.149021178514182,constant,
1.0,794.5,794.689,858.7000122070312,486.8999938964844,861.2000122070312,470.29998779296875,468.3999938964844,188.99999999996453,16.787203538313225,constant,
1.0,795.041,795.054,820.0,463.1000061035156,867.4000244140625,477.20001220703125,76.5999984741211,12.999999999919964,49.4527298192213,constant,
1.0,795.222,795.233,847.0999755859375,474.6000061035156,820.7000122070312,474.70001220703125,44.20000076293945,10.999999999967258,26.40015279554896,constant,
1.0,795.855,795.873,808.2000122070312,479.20001220703125,876.2999877929688,498.79998779296875,103.0,18.000000000029104,70.86441785391756,constant,
1.0,796.191,796.202,846.9000244140625,498.29998779296875,816.2000122070312,489.6000061035156,54.70000076293945,10.999999999967258,31.90893967070494,constant,
1.0,796.584,796.598,822.2999877929688,488.0,875.0999755859375,479.20001220703125,84.9000015258789,14.000000000010004,53.52829621886025,constant,
1.0,796.84,796.848,848.5,464.1000061035156,828.5999755859375,461.8999938964844,43.400001525878906,7.999999999924512,20.02126433049047,constant,
1.0,797.17,797.181,815.7000122070312,457.5,787.5999755859375,451.5,49.599998474121094,11.000000000080945,28.73346582135211,constant,
1.0,797.623,797.638,803.7000122070312,453.79998779296875,854.5,462.1000061035156,83.0,14.999999999986358,51.47357636420057,constant,
1.0,798.278,798.286,824.4000244140625,469.20001220703125,801.2999877929688,475.8999938964844,52.20000076293945,7.999999999924512,24.052057012548417,constant,
1.0,799.03,799.159,791.0999755859375,508.0,824.9000244140625,459.5,891.5999755859375,129.0000000000191,59.11593102357126,constant,
1.0,799.962,799.978,818.0,445.8999938964844,842.9000244140625,472.3999938964844,55.0,15.99999999996271,36.36290989209896,constant,
1.0,800.697,800.713,824.0,465.6000061035156,888.9000244140625,495.6000061035156,103.5,15.99999999996271,71.49834381960122,constant,
1.0,800.973,800.982,860.0,491.8999938964844,843.5,477.8999938964844,45.29999923706055,9.000000000014552,21.639085008382402,constant,
1.0,801.298,801.317,823.0999755859375,465.79998779296875,912.7999877929688,467.6000061035156,120.80000305175781,19.000000000005457,89.71807095485201,constant,
1.0,802.172,802.186,859.0,436.6000061035156,814.7999877929688,420.5,73.0999984741211,14.000000000010004,47.04095317523819,constant,
1.0,803.019,803.035,860.2999877929688,550.5,883.0999755859375,601.4000244140625,77.80000305175781,15.99999999996271,55.773218740822934,active,
1.0,803.276,803.292,869.2999877929688,596.2999877929688,881.2999877929688,548.7000122070312,61.099998474121094,16.000000000076398,49.089282697772695,active,
1.0,804.358,804.378,854.7999877929688,560.7000122070312,816.2000122070312,628.7000122070312,85.0,20.000000000095497,78.19180337628089,active,
1.0,804.635,804.656,810.5,642.0999755859375,782.9000244140625,583.4000244140625,68.9000015258789,20.999999999958163,64.86480494015885,active,
1.0,804.92,804.935,766.2000122070312,573.2000122070312,753.4000244140625,533.5,55.400001525878906,14.999999999986358,41.712476032220614,active,
1.0,805.109,805.145,725.2000122070312,511.6000061035156,931.0999755859375,585.0999755859375,192.10000610351562,35.99999999994452,218.6253426146015,active,
1.0,805.261,805.386,842.2000122070312,589.7000122070312,862.0999755859375,546.0,841.2999877929688,125.0,48.01770100053198,active,
1.0,806.005,806.02,846.2000122070312,549.5,877.0,525.2000122070312,60.400001525878906,14.999999999986358,39.23173020382168,active,
1.0,806.484,806.494,855.7000122070312,518.9000244140625,828.9000244140625,535.0,58.400001525878906,9.999999999990905,31.264173738818968,active,
1.0,807.304,807.309,837.2000122070312,549.5,846.9000244140625,545.2999877929688,37.79999923706055,4.9999999999954525,10.57025729846567,active,
1.0,807.76,807.779,834.0999755859375,543.0,779.4000244140625,541.0,63.70000076293945,19.000000000005457,54.73650206402953,active,
1.0,809.297,809.333,776.2999877929688,537.9000244140625,934.5,542.7000122070312,144.8000030517578,35.99999999994452,158.2728142958148,active,
1.0,811.235,811.257,812.7999877929688,563.2999877929688,913.0999755859375,602.9000244140625,127.0999984741211,21.999999999934516,107.83436581935115,active,
1.0,811.542,811.569,885.7000122070312,597.5999755859375,1023.0999755859375,639.9000244140625,152.6999969482422,26.99999999992997,143.76384826299878,active,
1.0,811.777,811.944,986.9000244140625,626.2000122070312,778.7000122070312,543.0,591.7999877929688,166.99999999991633,224.20857948405566,active,
1.0,812.414,812.434,797.2999877929688,566.7000122070312,901.5,561.0,150.5,19.99999999998181,104.35579851213716,active,
1.0,812.981,812.997,862.4000244140625,553.7000122070312,822.9000244140625,590.0999755859375,78.19999694824219,15.99999999996271,53.71412601900655,active,
1.0,813.483,813.504,835.4000244140625,580.2000122070312,922.4000244140625,581.4000244140625,109.69999694824219,21.00000000007185,87.00827563684402,active,
1.0,813.814,813.827,877.7999877929688,567.2000122070312,836.0999755859375,548.2000122070312,76.4000015258789,13.000000000033651,45.82456784375119,active,
1.0,814.476,814.484,817.7000122070312,582.0,842.2000122070312,596.4000244140625,61.29999923706055,8.000000000038199,28.4184922739683,active,
1.0,815.204,815.22,804.5999755859375,588.7000122070312,794.2000122070312,548.0,49.5,16.000000000076398,42.007740143157946,active,
1.0,815.727,815.748,780.0999755859375,529.7000122070312,893.7000122070312,535.2000122070312,140.10000610351562,21.00000000007185,113.73310125163141,active,
1.0,815.933,815.966,858.0999755859375,537.2999877929688,1024.9000244140625,492.8999938964844,156.8000030517578,33.00000000001546,172.60827253371355,active,
1.0,816.352,816.373,953.5,478.20001220703125,880.9000244140625,513.7999877929688,99.5,21.00000000007185,80.85860941667292,active,
1.0,816.634,816.657,849.7000122070312,544.0,773.9000244140625,542.9000244140625,89.80000305175781,23.000000000024556,75.80796855017202,active,
1.0,817.14,817.155,779.2999877929688,540.2999877929688,828.7999877929688,522.9000244140625,87.4000015258789,14.999999999986358,52.46912163918202,active,
1.0,817.798,817.813,781.5,539.5,842.7999877929688,551.9000244140625,108.4000015258789,14.999999999986358,62.541579040566795,active,
1.0,818.431,818.453,822.7999877929688,545.0999755859375,877.0999755859375,460.5,117.0999984741211,21.999999999934516,100.52683494200828,active,
1.0,818.644,818.66,822.2000122070312,435.70001220703125,882.4000244140625,413.1000061035156,99.69999694824219,15.99999999996271,64.3024241036499,active,
1.0,819.206,819.247,846.2999877929688,399.20001220703125,941.4000244140625,547.7999877929688,142.10000610351562,40.99999999993997,176.42553587696594,active,
1.0,819.659,819.689,920.2999877929688,529.4000244140625,924.4000244140625,656.7999877929688,141.89999389648438,29.999999999972715,127.46592081509851,active,
1.0,819.916,820.069,923.7999877929688,645.2000122070312,834.9000244140625,428.29998779296875,657.2999877929688,152.99999999990632,234.4116551701126,active,
1.0,820.206,820.228,826.5,441.1000061035156,896.4000244140625,403.0,107.5,21.999999999934516,79.60919468361969,active,
1.0,820.998,821.013,865.7999877929688,406.8999938964844,848.0,443.3999938964844,57.5,14.999999999986358,40.608983801984465,active,
1.0,821.785,821.805,857.0,466.29998779296875,822.2999877929688,530.9000244140625,84.9000015258789,19.99999999998181,73.32977279805776,active,
1.0,822.104,822.112,814.7999877929688,536.4000244140625,797.2000122070312,529.2000122070312,40.70000076293945,7.999999999924512,19.01576494404038,active,
1.0,822.39,822.409,802.2000122070312,529.2999877929688,835.4000244140625,583.5999755859375,92.30000305175781,19.000000000005457,63.645341423104796,active,
1.0,822.972,822.98,832.7000122070312,577.5999755859375,849.0999755859375,565.0999755859375,45.0,8.000000000038199,20.62059162171314,active,
1.0,824.084,824.096,809.2999877929688,594.7999877929688,841.5999755859375,592.2000122070312,54.70000076293945,12.000000000057298,32.404460873055754,active,
1.0,824.682,824.69,820.0999755859375,584.7000122070312,836.9000244140625,574.7999877929688,42.29999923706055,8.000000000038199,19.500054462139786,active,
1.0,824.885,824.904,821.0999755859375,562.2000122070312,889.5,538.0999755859375,104.4000015258789,19.000000000005457,72.5215492456029,active,
1.0,825.221,825.237,856.5,529.7999877929688,885.7999877929688,573.0,77.5,15.99999999996271,52.19894960011903,active,
1.0,826.569,826.584,862.5,551.9000244140625,823.9000244140625,537.0999755859375,52.70000076293945,14.999999999986358,41.34004790212337,active,
1.0,827.176,827.185,811.0999755859375,543.5999755859375,837.7999877929688,548.5,54.5,8.999999999900865,27.14591849825727,active,
1.0,828.143,828.157,820.5,538.4000244140625,835.5,501.6000061035156,60.29999923706055,14.000000000010004,39.73966969737651,active,
1.0,828.974,828.983,789.5999755859375,448.0,812.7999877929688,449.20001220703125,47.70000076293945,8.999999999900865,23.231026574463364,active,
1.0,830.064,830.072,804.5999755859375,437.29998779296875,786.7999877929688,440.6000061035156,40.099998474121094,8.000000000038199,18.10330594890837,active,
1.0,831.224,831.246,799.7999877929688,453.3999938964844,734.5999755859375,504.79998779296875,80.30000305175781,21.999999999934516,83.02409869643665,active,
1.0,831.414,831.453,752.5,517.4000244140625,890.2999877929688,707.5,210.5,38.99999999998727,234.7910504118851,active,
1.0,831.683,831.717,853.2999877929688,696.0999755859375,1002.2999877929688,680.2000122070312,143.6999969482422,33.999999999991815,149.84595034718342,active,
1.0,831.884,831.907,939.9000244140625,674.9000244140625,887.9000244140625,572.9000244140625,109.80000305175781,23.000000000024556,114.49017425089369,active,
1.0,832.226,832.237,799.2000122070312,508.70001220703125,810.4000244140625,486.6000061035156,41.5,10.999999999967258,24.776007410659954,active,
1.0,832.428,832.463,787.7999877929688,479.6000061035156,920.5999755859375,466.70001220703125,110.4000015258789,34.99999999996817,133.42505986636087,active,
1.0,833.601,833.61,874.9000244140625,462.29998779296875,850.9000244140625,467.5,49.0,9.000000000014552,24.55687534995595,active,
1.0,833.832,833.841,832.2999877929688,478.79998779296875,808.5,480.0,47.70000076293945,9.000000000014552,23.83022132172686,active,
1.0,834.485,834.508,804.9000244140625,483.70001220703125,904.0,543.0,155.1999969482422,23.000000000024556,115.48720151332637,active,
1.0,834.79,834.797,870.2000122070312,548.2999877929688,852.5,542.5999755859375,44.20000076293945,7.000000000061846,18.59517602200529,active,
1.0,834.939,834.969,845.9000244140625,546.4000244140625,761.0,415.3999938964844,114.80000305175781,30.000000000086402,156.1058043159024,active,
1.0,835.397,835.441,710.7999877929688,368.1000061035156,882.4000244140625,592.5,228.60000610351562,43.99999999998272,282.4923535763454,active,
1.0,835.654,835.668,843.2000122070312,576.9000244140625,891.2000122070312,554.2000122070312,82.30000305175781,14.000000000010004,53.09699195057445,active,
1.0,837.744,837.78,840.4000244140625,517.7000122070312,860.4000244140625,694.7999877929688,132.39999389648438,35.99999999994452,178.22570340032232,active,
1.0,838.021,838.041,842.5,698.7000122070312,794.0,758.2000122070312,99.0999984741211,20.000000000095497,76.76262111210117,active,
1.0,838.21,838.283,800.7999877929688,768.0,303.29998779296875,616.7000122070312,166.0,72.99999999997908,519.9980156752067,active,
1.0,838.41,838.589,468.0,594.7000122070312,832.4000244140625,676.5999755859375,394.8999938964844,179.0000000000873,373.49027001306945,active,
1.0,839.079,839.097,813.5999755859375,670.0999755859375,796.2999877929688,627.0999755859375,51.099998474121094,18.000000000029104,46.349644849091,active,
1.0,839.536,839.542,781.2000122070312,622.5999755859375,790.2000122070312,612.2999877929688,38.70000076293945,6.0000000000854925,13.678075468987048,active,
1.0,840.457,840.475,778.5,596.2999877929688,845.9000244140625,593.0,105.69999694824219,18.000000000029104,67.48076178030271,active,
1.0,841.242,841.349,822.2000122070312,573.9000244140625,306.29998779296875,372.20001220703125,127.80000305175781,107.00000000008458,553.9275495177567,active,
1.0,841.49,841.538,464.79998779296875,356.3999938964844,829.0,475.29998779296875,298.6000061035156,48.00000000000182,383.11728940389224,active,
1.0,841.893,841.905,769.0,464.20001220703125,815.0,447.6000061035156,85.4000015258789,11.999999999943611,48.9035806729605,active,
1.0,842.35,842.368,787.2999877929688,434.8999938964844,859.2000122070312,445.29998779296875,106.0,18.000000000029104,72.64828548417158,active,
1.0,843.308,843.323,783.9000244140625,545.2000122070312,838.5999755859375,552.9000244140625,84.5,14.999999999986358,55.239250956126654,,
1.0,843.538,843.683,799.2999877929688,558.9000244140625,806.5,497.70001220703125,638.7000122070312,144.9999999999818,61.622087516751435,,
1.0,844.038,844.061,798.5999755859375,512.9000244140625,855.5,538.7999877929688,121.0,23.000000000024556,62.51736463855137,active,
1.0,844.928,844.944,837.9000244140625,521.5999755859375,794.4000244140625,490.3999938964844,78.19999694824219,15.99999999996271,53.53212920688108,active,
1.0,845.566,845.584,778.2999877929688,480.20001220703125,740.7000122070312,461.1000061035156,48.79999923706055,17.999999999915417,42.17307668664251,active,
1.0,846.097,846.304,735.7000122070312,447.3999938964844,827.2000122070312,448.3999938964844,724.7999877929688,206.99999999999363,91.50546431771166,active,
1.0,846.668,846.691,810.0999755859375,476.70001220703125,904.0,551.2999877929688,182.89999389648438,23.000000000024556,119.92652309803701,active,
1.0,847.124,847.135,850.2999877929688,538.7999877929688,885.2000122070312,547.4000244140625,65.0999984741211,10.999999999967258,35.94401666461766,active,
1.0,847.367,847.386,852.5,541.0999755859375,826.2000122070312,496.79998779296875,62.5,19.000000000005457,51.51871772829256,active,
1.0,848.353,848.365,760.9000244140625,541.0,801.5999755859375,538.0999755859375,71.80000305175781,12.000000000057298,40.803139180645985,active,
1.0,848.911,848.936,784.2999877929688,530.5,815.2000122070312,609.7999877929688,96.80000305175781,25.00000000009095,85.10757647092679,active,
1.0,849.129,849.147,803.2999877929688,605.5999755859375,868.5,652.2000122070312,119.69999694824219,18.000000000029104,80.14115674785523,active,
1.0,849.441,849.463,850.2000122070312,657.2999877929688,750.5,644.4000244140625,102.9000015258789,21.999999999934516,100.53109712551287,active,
1.0,849.776,849.918,755.0,650.2999877929688,790.0,584.7999877929688,707.2000122070312,142.00000000005275,74.26472917879659,active,
1.0,850.186,850.197,783.0,610.4000244140625,756.5999755859375,630.2999877929688,60.599998474121094,10.999999999967258,33.06009424585638,active,
1.0,850.707,850.721,773.2999877929688,624.0999755859375,780.4000244140625,586.0,57.900001525878906,14.000000000010004,38.75588548427072,active,
1.0,851.107,851.115,770.2999877929688,564.5999755859375,794.5999755859375,567.9000244140625,53.0,8.000000000038199,24.52304485593988,active,
1.0,851.377,851.397,779.9000244140625,564.5,820.5999755859375,552.5,89.0,20.000000000095497,42.432134348781105,active,
1.0,852.082,852.089,782.7999877929688,550.0999755859375,773.2000122070312,536.5,42.20000076293945,7.000000000061846,16.64688761266478,active,
1.0,852.304,852.376,743.0999755859375,518.7999877929688,411.29998779296875,461.6000061035156,117.5,72.00000000000273,336.69432695649624,active,
1.0,852.703,852.865,611.9000244140625,462.79998779296875,775.0999755859375,487.8999938964844,688.5,162.00000000003456,165.1188492235181,active,
1.0,853.01,853.182,747.0999755859375,503.8999938964844,821.2000122070312,493.70001220703125,638.2000122070312,172.00000000002547,74.79876371780895,active,
1.0,854.144,854.165,759.7999877929688,485.6000061035156,716.7999877929688,445.79998779296875,62.70000076293945,20.999999999958163,58.592162082652884,active,
1.0,854.932,854.941,686.2999877929688,433.79998779296875,709.2000122070312,443.8999938964844,50.099998474121094,9.000000000014552,25.0284086880431,active,
1.0,855.143,855.163,695.0999755859375,447.5,791.9000244140625,469.0,142.0,19.99999999998181,99.1589605286753,active,
1.0,855.537,855.56,755.2999877929688,481.6000061035156,899.0,452.1000061035156,187.10000610351562,22.99999999991087,146.69677402145192,active,
1.0,855.721,855.732,835.5999755859375,441.20001220703125,862.5999755859375,416.6000061035156,65.5999984741211,10.999999999967258,36.52615912319561,active,
1.0,856.099,856.152,829.7999877929688,416.8999938964844,816.2999877929688,842.4000244140625,203.8000030517578,52.99999999999727,425.71413644658304,active,
1.0,856.433,856.461,832.2999877929688,829.0,862.2000122070312,690.0,99.5999984741211,28.00000000002001,142.1795043596704,active,
1.0,856.684,856.709,805.7999877929688,624.0999755859375,883.7000122070312,509.20001220703125,114.0999984741211,24.999999999977263,138.8179217110872,active,
1.0,856.877,856.893,828.0999755859375,453.8999938964844,870.9000244140625,411.5,77.0,16.000000000076398,60.24619209636238,active,
1.0,857.45,857.478,837.7999877929688,404.3999938964844,814.9000244140625,513.4000244140625,86.0999984741211,27.999999999906322,111.37959856090437,active,
1.0,859.178,859.237,793.7999877929688,509.5,423.29998779296875,656.0999755859375,165.8000030517578,58.99999999996908,398.4492475106428,active,
1.0,859.699,859.722,667.2999877929688,662.9000244140625,765.0,618.5,133.39999389648438,23.000000000024556,107.31567710834891,active,
1.0,860.266,860.282,737.5999755859375,578.2999877929688,794.2999877929688,570.2000122070312,85.4000015258789,16.000000000076398,57.27565790779078,active,
1.0,861.015,861.034,744.4000244140625,530.2000122070312,818.7999877929688,539.0999755859375,107.0,19.000000000005457,74.93039369260289,active,
1.0,861.605,861.622,754.0,535.7999877929688,815.0,534.7000122070312,91.4000015258789,16.999999999939064,61.00991678645086,active,
1.0,862.328,862.343,790.5,526.0,817.9000244140625,564.5999755859375,69.0,14.999999999986358,47.33623826547893,active,
1.0,862.645,862.666,795.7000122070312,575.5999755859375,825.9000244140625,662.7999877929688,117.9000015258789,21.00000000007185,92.28154130816864,active,
1.0,862.856,862.864,821.9000244140625,671.5,847.7999877929688,679.4000244140625,58.70000076293945,8.000000000038199,27.07800747417484,active,
1.0,863.017,863.04,838.2000122070312,683.7000122070312,766.7000122070312,605.9000244140625,107.0999984741211,22.99999999991087,105.6649804835362,active,
1.0,863.388,863.401,733.7999877929688,561.5999755859375,770.7999877929688,549.2999877929688,58.70000076293945,12.999999999919964,38.990892522577376,active,
1.0,863.798,863.807,738.2999877929688,496.20001220703125,751.0999755859375,474.8999938964844,48.79999923706055,9.000000000014552,24.850160311953346,active,
1.0,864.615,864.76,733.2000122070312,459.79998779296875,781.2000122070312,438.8999938964844,628.0,144.9999999999818,52.35274343215534,active,
1.0,865.451,865.479,766.0,466.20001220703125,858.0,577.5999755859375,173.39999389648438,28.00000000002001,144.47820541805484,active,
1.0,866.398,866.415,769.7000122070312,519.5,794.2999877929688,479.3999938964844,59.099998474121094,16.999999999939064,47.044333222299066,active,
1.0,867.093,867.117,769.7000122070312,466.79998779296875,857.4000244140625,539.9000244140625,123.30000305175781,24.00000000000091,114.1705193783346,active,
1.0,868.098,868.109,779.0999755859375,547.4000244140625,812.5999755859375,551.0999755859375,59.400001525878906,11.000000000080945,33.70370363438207,active,
1.0,868.668,868.705,797.7999877929688,540.0,1020.7999877929688,491.6000061035156,176.60000610351562,37.00000000003456,228.19193546043587,active,
1.0,869.19,869.224,910.7999877929688,422.29998779296875,781.5999755859375,599.7000122070312,146.1999969482422,33.999999999991815,219.46164087695826,active,
1.0,869.378,869.402,766.7000122070312,675.5999755859375,893.7000122070312,636.7000122070312,160.6999969482422,24.00000000000091,132.82397054327296,active,
1.0,870.031,870.038,836.5999755859375,546.9000244140625,823.5999755859375,542.7999877929688,35.400001525878906,7.000000000061846,13.631225194174949,active,
1.0,871.796,871.81,788.0999755859375,532.5999755859375,741.2999877929688,523.2999877929688,69.19999694824219,13.999999999896318,47.71507759997244,active,
1.0,872.512,872.527,737.0,507.3999938964844,797.9000244140625,505.0,93.80000305175781,15.000000000100044,60.94729644813272,active,
1.0,872.663,872.782,761.7999877929688,520.0,780.0,465.29998779296875,620.0999755859375,119.0000000000282,57.64834585472036,active,
1.0,873.535,873.546,775.0,559.9000244140625,812.5,562.7000122070312,64.19999694824219,11.000000000080945,37.6043871328968,,
1.0,873.844,874.006,749.9000244140625,547.0,775.7999877929688,507.5,629.9000244140625,161.99999999992087,47.23407777260698,active,
1.0,874.389,874.406,752.4000244140625,502.6000061035156,822.9000244140625,513.9000244140625,111.9000015258789,16.999999999939064,71.39986284173587,active,
1.0,875.095,875.115,805.9000244140625,509.6000061035156,885.2000122070312,557.9000244140625,113.5999984741211,19.99999999998181,92.85138573421592,active,
1.0,875.744,875.777,859.2000122070312,560.5999755859375,717.4000244140625,547.7000122070312,105.9000015258789,33.00000000001546,142.38555261424247,active,
1.0,876.356,876.378,736.5,534.7999877929688,864.5999755859375,537.5,162.89999389648438,22.000000000048203,128.12842702162507,active,
1.0,876.649,876.659,823.9000244140625,532.7999877929688,796.7999877929688,518.7000122070312,56.20000076293945,9.999999999990905,30.548670943081238,active,
1.0,877.566,877.58,761.2000122070312,530.0,809.2999877929688,535.7000122070312,78.19999694824219,14.000000000010004,48.43653363452105,active,
1.0,878.252,878.275,750.9000244140625,511.0,874.4000244140625,483.29998779296875,151.5,23.000000000024556,126.5683241426135,active,
1.0,878.565,878.611,825.0999755859375,469.29998779296875,1101.5999755859375,577.5999755859375,182.5,45.999999999935426,296.95308948713966,active,
1.0,878.743,878.765,1079.199951171875,565.4000244140625,1190.0999755859375,532.0999755859375,147.5,21.999999999934516,115.79166061075024,active,
1.0,878.973,879.038,1148.0999755859375,510.20001220703125,684.2000122070312,471.8999938964844,166.1999969482422,65.00000000005457,465.4783211123143,active,
1.0,879.336,879.352,780.7999877929688,455.20001220703125,843.7000122070312,439.5,99.5,15.99999999996271,64.82980375252257,active,
1.0,879.919,879.93,813.9000244140625,437.1000061035156,781.2000122070312,444.1000061035156,58.5,10.999999999967258,33.440855227401,active,
1.0,880.613,880.621,774.7000122070312,472.6000061035156,794.5,471.8999938964844,44.5,7.999999999924512,19.812358105276218,active,
1.0,880.956,880.974,778.7000122070312,476.6000061035156,845.0999755859375,485.1000061035156,100.0,18.000000000029104,66.94180410416267,active,
1.0,881.137,881.323,800.4000244140625,501.1000061035156,857.0,480.8999938964844,328.5,186.00000000003547,60.096570031017016,active,
1.0,881.651,881.668,844.2000122070312,486.3999938964844,778.5999755859375,476.0,85.0999984741211,17.00000000005275,66.41930952468381,active,
1.0,882.288,882.311,764.4000244140625,433.79998779296875,866.9000244140625,449.29998779296875,143.1999969482422,23.000000000024556,103.66532689380765,active,
1.0,882.901,882.915,821.9000244140625,444.29998779296875,782.5,467.5,67.30000305175781,14.000000000010004,45.72310674303661,active,
1.0,883.174,883.19,790.9000244140625,466.3999938964844,849.5999755859375,456.79998779296875,86.9000015258789,16.000000000076398,59.479781310694534,active,
1.0,884.533,884.549,798.2999877929688,470.3999938964844,810.0999755859375,517.0999755859375,64.5999984741211,15.99999999996271,48.167707042265036,active,
1.0,884.974,884.982,788.9000244140625,534.0,769.5999755859375,530.7999877929688,42.70000076293945,7.999999999924512,19.563536564056054,active,
1.0,885.351,885.366,767.0999755859375,526.5,829.2000122070312,527.2000122070312,95.0,14.999999999986358,62.10398188064254,active,
1.0,885.483,885.503,803.2999877929688,510.0,783.7999877929688,442.0,74.9000015258789,20.000000000095497,70.7407237735097,active,
1.0,887.397,887.411,718.0999755859375,391.79998779296875,769.0999755859375,403.0,70.80000305175781,13.999999999896318,52.21532603975244,active,
1.0,888.063,888.104,767.4000244140625,432.1000061035156,755.0999755859375,613.5,115.19999694824219,41.00000000005366,181.8165256152994,active,
1.0,888.237,888.286,752.2999877929688,613.5999755859375,838.2999877929688,846.7000122070312,193.3000030517578,48.99999999997817,248.458501711564,active,
1.0,888.614,888.636,810.5999755859375,850.9000244140625,839.7999877929688,793.5,67.5,21.999999999934516,64.40033785335093,active,
1.0,888.815,888.836,796.7000122070312,748.4000244140625,821.5999755859375,691.5,71.5999984741211,20.999999999958163,62.10974927168665,active,
1.0,889.672,889.688,739.9000244140625,550.9000244140625,813.2000122070312,556.7999877929688,105.30000305175781,15.99999999996271,73.53705037817197,active,
1.0,889.866,889.876,781.5,550.5,757.2999877929688,545.7000122070312,47.70000076293945,9.999999999990905,24.671450578211054,active,
1.0,890.044,890.061,732.2999877929688,539.2999877929688,798.5999755859375,543.2999877929688,102.19999694824219,17.00000000005275,66.42054186279879,active,
1.0,890.745,890.766,763.2000122070312,527.5,708.4000244140625,498.1000061035156,62.70000076293945,20.999999999958163,62.1884097177508,active,
1.0,890.971,890.993,606.4000244140625,421.0,721.0999755859375,425.20001220703125,152.6999969482422,22.000000000048203,114.77682214353959,active,
1.0,891.152,891.177,689.0999755859375,436.70001220703125,810.5,467.20001220703125,140.0,24.999999999977263,125.17274434850013,active,
1.0,891.213,891.38,917.7000122070312,497.20001220703125,916.7999877929688,510.29998779296875,338.20001220703125,167.00000000003,13.130856952159181,active,
1.0,891.738,891.794,874.9000244140625,500.5,487.29998779296875,602.2000122070312,198.1999969482422,55.99999999992633,400.7202027245239,active,
1.0,892.391,892.412,749.0999755859375,586.0,762.2999877929688,522.7999877929688,76.5,21.00000000007185,64.5637813734192,active,
1.0,893.17,893.189,687.2000122070312,511.70001220703125,768.5,524.0,123.80000305175781,19.000000000005457,82.22516472980791,active,
1.0,894.219,894.234,759.4000244140625,525.7999877929688,707.4000244140625,515.4000244140625,72.0999984741211,14.999999999986358,53.02979575938975,active,
1.0,894.947,895.095,673.0999755859375,523.7000122070312,746.2999877929688,471.1000061035156,576.4000244140625,148.00000000002456,90.13879536137259,active,
1.0,896.185,896.202,721.7000122070312,504.5,786.5,515.2999877929688,108.0999984741211,17.00000000005275,65.69382127945651,active,
1.0,897.807,897.854,735.2999877929688,530.5999755859375,1080.5999755859375,571.9000244140625,254.5,47.000000000025466,347.76108983471664,active,
1.0,898.184,898.205,947.0999755859375,560.5999755859375,874.9000244140625,565.0,78.4000015258789,21.00000000007185,72.33390051743014,active,
1.0,898.315,898.497,838.5999755859375,576.7999877929688,694.9000244140625,514.0,487.3999938964844,181.99999999990268,156.82319482014222,active,
1.0,898.592,898.606,710.9000244140625,532.2999877929688,767.2000122070312,533.7999877929688,89.9000015258789,14.000000000010004,56.31996649047681,active,
1.0,899.547,899.564,711.2999877929688,484.1000061035156,778.0,497.20001220703125,111.4000015258789,16.999999999939064,67.97427298861139,active,
1.0,900.245,900.258,737.5,514.0999755859375,780.0,534.2000122070312,79.9000015258789,13.000000000033651,47.013418001346274,active,
1.0,900.899,900.92,768.4000244140625,518.7999877929688,819.0999755859375,442.6000061035156,97.19999694824219,20.999999999958163,91.52552790507958,active,
1.0,901.634,901.798,755.7999877929688,422.0,778.4000244140625,383.8999938964844,555.0,163.99999999998727,44.298669510073395,active,
1.0,902.899,902.912,736.4000244140625,405.3999938964844,725.0999755859375,432.0,43.20000076293945,13.000000000033651,28.90071674241104,active,
1.0,903.104,903.119,721.0,450.8999938964844,771.5999755859375,480.6000061035156,85.30000305175781,14.999999999986358,58.672380677753964,active,
1.0,903.858,903.874,757.2999877929688,510.20001220703125,745.0999755859375,564.0999755859375,71.19999694824219,16.000000000076398,55.26342687618229,active,
1.0,904.205,904.366,738.7000122070312,574.7000122070312,858.2999877929688,508.29998779296875,373.79998779296875,160.99999999994452,136.79589687686155,active,
1.0,904.675,904.696,827.5999755859375,534.5999755859375,760.2999877929688,492.70001220703125,98.4000015258789,21.00000000007185,79.2773314894455,active,
1.0,905.177,905.194,737.4000244140625,478.20001220703125,793.9000244140625,497.6000061035156,89.9000015258789,16.999999999939064,59.737841969589354,active,
1.0,905.639,905.646,770.7999877929688,512.5,753.7999877929688,517.2000122070312,42.599998474121094,6.999999999948159,17.637746872722797,active,
1.0,906.722,906.75,764.5,515.2999877929688,767.2000122070312,625.7999877929688,128.10000610351562,28.00000000002001,110.53298180144294,active,
1.0,906.976,907.002,770.0999755859375,618.2999877929688,922.7000122070312,669.0999755859375,192.3000030517578,25.999999999953616,160.83348512211296,active,
1.0,907.239,907.28,881.7999877929688,668.9000244140625,715.7000122070312,516.9000244140625,158.0,40.99999999993997,225.15150874388792,active,
1.0,907.478,907.645,687.7000122070312,502.3999938964844,771.7000122070312,454.3999938964844,530.9000244140625,167.00000000003,96.74709297958259,active,
1.0,908.04,908.052,759.2000122070312,487.20001220703125,774.0999755859375,509.3999938964844,43.70000076293945,12.000000000057298,26.736643314088653,active,
1.0,908.257,908.277,755.2000122070312,511.8999938964844,861.0999755859375,542.0,158.10000610351562,20.000000000095497,110.09456213222052,active,
1.0,908.568,908.581,821.0999755859375,549.7000122070312,792.0999755859375,535.5,54.29999923706055,13.000000000033651,32.2899418810229,active,
1.0,909.175,909.181,756.5999755859375,497.3999938964844,745.9000244140625,504.20001220703125,35.5,6.0000000000854925,12.67790219651035,active,
1.0,909.617,909.636,730.0999755859375,528.4000244140625,808.5999755859375,553.5999755859375,123.0,19.000000000005457,82.44566416170643,active,
1.0,910.416,910.458,758.0,534.9000244140625,808.5999755859375,756.5999755859375,188.5,41.99999999991633,227.40102435765155,active,
1.0,910.719,910.724,792.4000244140625,762.0999755859375,780.0,760.4000244140625,39.0,4.9999999999954525,12.516007328861118,active,
1.0,910.877,910.919,776.2000122070312,761.9000244140625,801.2000122070312,554.4000244140625,126.69999694824219,42.00000000003001,209.00059808526865,active,
1.0,911.145,911.161,746.0,514.7999877929688,800.9000244140625,513.7000122070312,85.5,15.99999999996271,54.91104285072646,active,
1.0,912.226,912.231,746.9000244140625,504.29998779296875,736.2000122070312,505.8999938964844,37.0,4.9999999999954525,10.818977805777449,active,
1.0,912.609,912.617,731.2999877929688,513.5,752.7000122070312,516.4000244140625,48.29999923706055,7.999999999924512,21.595628875414338,active,
1.0,913.263,913.296,742.5,512.2000122070312,779.7000122070312,643.0,142.6999969482422,33.00000000001546,135.98704980564895,active,
1.0,913.551,913.568,772.7000122070312,639.4000244140625,823.5999755859375,673.4000244140625,93.19999694824219,16.999999999939064,61.211161334955875,active,
1.0,913.824,913.841,796.7000122070312,688.7999877929688,749.2999877929688,667.7999877929688,60.5,17.00000000005275,51.843633306836445,active,
1.0,914.212,914.382,728.0999755859375,659.9000244140625,810.0,695.5,247.6999969482422,169.99999999995907,89.30270018730329,active,
1.0,914.618,914.654,801.4000244140625,683.7000122070312,783.5999755859375,546.5999755859375,85.0999984741211,35.99999999994452,138.25072072068514,active,
1.0,915.103,915.118,698.5,476.1000061035156,750.0,485.6000061035156,74.4000015258789,15.000000000100044,52.36888389110465,active,
1.0,916.037,916.054,700.7999877929688,500.20001220703125,771.2999877929688,503.5,90.5999984741211,16.999999999939064,70.57719121241468,active,
1.0,916.862,916.896,734.0999755859375,504.20001220703125,773.2999877929688,632.4000244140625,124.0999984741211,33.999999999991815,134.05925587931017,active,
1.0,917.198,917.22,755.5999755859375,602.9000244140625,813.0999755859375,691.0999755859375,153.10000610351562,22.000000000048203,105.28761269361716,active,
1.0,917.65,917.664,787.5999755859375,669.7999877929688,753.5,638.2999877929688,74.0,14.000000000010004,46.42260586138539,active,
1.0,917.879,917.899,739.4000244140625,627.0,704.5,538.7000122070312,107.5999984741211,19.99999999998181,94.94682484601888,active,
1.0,918.171,918.187,660.4000244140625,483.20001220703125,719.9000244140625,460.70001220703125,91.5,15.99999999996271,63.612105766119704,active,
1.0,918.479,918.521,680.7999877929688,458.6000061035156,722.9000244140625,745.7000122070312,235.39999389648438,41.99999999991633,290.1703406417274,active,
1.0,918.698,918.72,708.7999877929688,745.5,840.0,725.2999877929688,173.3000030517578,22.000000000048203,132.7459366470001,active,
1.0,919.057,919.076,796.2999877929688,680.2999877929688,768.5,634.0999755859375,73.30000305175781,19.000000000005457,53.91920297277259,active,
1.0,919.474,919.48,727.0,588.9000244140625,713.5999755859375,588.0,35.70000076293945,5.999999999971806,13.43021586734106,active,
1.0,919.905,919.924,693.7000122070312,614.0999755859375,772.4000244140625,622.5999755859375,116.4000015258789,19.000000000005457,79.15770285567203,active,
1.0,920.485,920.504,734.5,614.2000122070312,812.5,616.4000244140625,106.0999984741211,19.000000000005457,78.03101981719249,active,
1.0,920.776,920.935,772.7999877929688,624.4000244140625,921.5999755859375,513.2999877929688,431.6000061035156,158.99999999999181,185.70044292999418,active,
1.0,921.206,921.221,883.7999877929688,532.0999755859375,934.7999877929688,527.5999755859375,82.5999984741211,14.999999999986358,51.198144497628036,active,
1.0,921.519,921.533,908.2999877929688,511.29998779296875,924.5,477.20001220703125,56.400001525878906,14.000000000010004,37.75246654815411,active,
1.0,922.001,922.023,903.9000244140625,454.79998779296875,883.5,554.0999755859375,118.5999984741211,22.000000000048203,101.37380614230725,active,
1.0,922.267,922.289,892.5999755859375,567.9000244140625,795.5999755859375,561.2000122070312,110.69999694824219,21.999999999934516,97.23111725972487,active,
1.0,922.65,922.659,770.4000244140625,569.7999877929688,742.5,566.7999877929688,56.599998474121094,9.000000000014552,28.06085106167102,active,
1.0,922.835,922.847,735.7000122070312,564.0999755859375,709.7999877929688,560.5,42.70000076293945,11.999999999943611,26.14901697709456,active,
1.0,923.052,923.062,716.2999877929688,558.0,748.5,556.2999877929688,61.29999923706055,9.999999999990905,32.24485738279853,active,
1.0,923.758,923.78,722.0,560.4000244140625,825.0,595.2999877929688,151.60000610351562,21.999999999934516,108.7520456996051,active,
1.0,924.089,924.269,748.2000122070312,630.9000244140625,775.0,552.7999877929688,289.79998779296875,179.99999999994998,82.57030377756557,active,
1.0,924.69,924.704,771.0999755859375,572.2999877929688,727.7999877929688,561.5999755859375,66.0999984741211,13.999999999896318,44.60245737738965,active,
1.0,924.949,924.967,718.0999755859375,545.5999755859375,799.2000122070312,553.9000244140625,118.30000305175781,18.000000000029104,81.52365761232751,active,
1.0,925.735,925.741,766.7000122070312,559.7999877929688,752.0,559.2999877929688,38.0,5.999999999971806,14.70851314330812,active,
1.0,926.136,926.152,738.5999755859375,561.9000244140625,807.2000122070312,556.2000122070312,108.0,16.000000000076398,68.83643776064903,active,
1.0,926.623,926.66,768.9000244140625,533.7000122070312,975.0999755859375,505.29998779296875,178.39999389648438,36.999999999920874,208.1465379246145,active,
1.0,927.134,927.157,873.4000244140625,494.5,801.9000244140625,560.9000244140625,90.4000015258789,23.000000000024556,97.57670440319296,active,
1.0,927.31,927.333,749.5,663.4000244140625,857.2999877929688,659.4000244140625,135.5,23.000000000024556,107.87417377743485,active,
1.0,927.719,927.735,828.0,651.9000244140625,777.0999755859375,632.2000122070312,71.0,15.99999999996271,54.57932727974337,active,
1.0,928.19,928.21,757.7000122070312,622.5999755859375,847.5999755859375,612.7000122070312,123.80000305175781,19.99999999998181,90.44342259353286,active,
1.0,928.43,928.438,798.5999755859375,599.7999877929688,777.7999877929688,598.9000244140625,44.79999923706055,8.000000000038199,20.81944827009163,active,
1.0,928.747,928.757,758.2000122070312,594.5999755859375,731.4000244140625,597.2000122070312,50.29999923706055,9.999999999990905,26.925815421901387,active,
1.0,929.136,929.153,719.7999877929688,590.9000244140625,788.0,577.7000122070312,97.9000015258789,17.00000000005275,69.46568928114789,active,
1.0,929.66,929.726,765.5999755859375,564.4000244140625,303.8999938964844,480.29998779296875,168.8000030517578,66.00000000003092,469.2970160268555,active,
1.0,929.894,930.077,511.3999938964844,482.8999938964844,850.9000244140625,773.7999877929688,404.0,182.99999999999272,447.0828526910992,active,
1.0,930.265,930.29,832.5999755859375,761.7999877929688,997.2000122070312,821.7000122070312,259.0,24.999999999977263,175.16045495622203,active,
1.0,930.624,930.691,950.0,810.0999755859375,998.0,444.8999938964844,161.1999969482422,67.00000000000728,368.3409108773785,active,
1.0,930.814,930.825,918.0,437.70001220703125,904.9000244140625,410.1000061035156,51.599998474121094,11.000000000080945,30.551099771796405,active,
1.0,931.165,931.241,882.2000122070312,401.70001220703125,524.4000244140625,868.5999755859375,236.5,76.00000000002183,588.2315930548721,active,
1.0,931.367,931.389,602.9000244140625,866.2000122070312,683.0999755859375,796.7999877929688,162.10000610351562,22.000000000048203,106.05845348977896,active,
1.0,932.772,932.897,790.0999755859375,568.9000244140625,806.0,518.0999755859375,851.0999755859375,125.0,53.230214514950696,constant,
1.0,933.272,933.285,801.0999755859375,529.4000244140625,820.2000122070312,562.9000244140625,63.79999923706055,12.999999999919964,38.56243507517546,constant,
1.0,933.821,933.839,803.7999877929688,560.2000122070312,820.7999877929688,612.5,61.900001525878906,18.000000000029104,54.99353346662387,constant,
1.0,934.375,934.524,778.7999877929688,596.5,819.0,497.70001220703125,668.0,149.0000000000009,106.66526411787595,constant,
1.0,935.031,935.049,803.5999755859375,517.7000122070312,783.5,562.7000122070312,56.400001525878906,18.000000000029104,49.28497761544874,constant,
1.0,935.356,935.376,787.9000244140625,554.0,879.9000244140625,601.4000244140625,145.5,19.99999999998181,103.49281286376228,constant,
1.0,935.669,935.693,841.5999755859375,609.7999877929688,753.4000244140625,551.5999755859375,111.5,24.00000000000091,105.67153262643502,constant,
1.0,936.036,936.071,754.5,537.5999755859375,926.2999877929688,576.2000122070312,174.8000030517578,35.000000000081855,176.082931122849,constant,
1.0,936.876,936.892,825.2999877929688,551.5,890.5999755859375,549.4000244140625,102.5,16.000000000076398,65.33374551656595,constant,
1.0,937.215,937.235,865.4000244140625,540.7000122070312,789.0,542.4000244140625,91.5,19.99999999998181,76.41893595159122,constant,
1.0,937.544,937.559,787.2999877929688,547.7999877929688,750.7000122070312,523.5,66.9000015258789,14.999999999986358,43.93230724227503,constant,
1.0,937.895,937.915,745.0999755859375,519.0,837.2000122070312,530.7000122070312,133.5,19.99999999998181,92.84022313227975,constant,
1.0,938.583,938.595,796.0999755859375,539.5,763.9000244140625,531.7000122070312,53.0,12.000000000057298,33.131203797049025,constant,
1.0,938.829,938.987,761.2000122070312,539.2999877929688,841.4000244140625,497.6000061035156,697.9000244140625,158.00000000001546,90.3931990301742,constant,
1.0,939.62,939.636,817.7000122070312,528.5999755859375,779.9000244140625,550.4000244140625,56.5,15.99999999996271,43.63577896700391,constant,
1.0,940.158,940.179,783.9000244140625,563.5999755859375,892.0,570.9000244140625,140.10000610351562,20.999999999958163,108.34618329490566,constant,
1.0,940.55,940.568,848.0999755859375,560.2999877929688,806.2999877929688,533.4000244140625,54.70000076293945,18.000000000029104,49.7076152040996,constant,
1.0,940.888,940.926,794.7000122070312,526.7000122070312,968.5999755859375,525.9000244140625,163.89999389648438,38.000000000010914,173.90180345141286,constant,
1.0,941.271,941.286,893.7000122070312,512.4000244140625,832.7999877929688,512.0999755859375,89.5999984741211,14.999999999986358,60.900763566088955,constant,
1.0,941.602,941.623,828.0,512.0999755859375,747.7000122070312,509.20001220703125,91.4000015258789,21.00000000007185,80.35233554259595,constant,
1.0,942.019,942.056,765.5,508.79998779296875,938.7000122070312,520.0999755859375,165.6999969482422,37.00000000003456,173.56824004591687,constant,
1.0,942.164,942.345,856.2999877929688,515.7000122070312,851.0999755859375,470.0,600.5999755859375,181.00000000004002,45.99490452948108,constant,
1.0,943.023,943.041,830.7000122070312,500.8999938964844,911.2999877929688,526.4000244140625,119.30000305175781,18.000000000029104,84.5376106880904,constant,
1.0,943.526,943.548,883.5,526.5999755859375,800.9000244140625,517.2999877929688,102.0999984741211,22.000000000048203,83.12187281183479,constant,
1.0,944.139,944.16,789.0999755859375,519.2999877929688,882.2999877929688,538.7999877929688,141.3000030517578,20.999999999958163,95.21812997213699,constant,
1.0,944.313,944.499,842.4000244140625,532.5999755859375,835.2999877929688,455.70001220703125,666.5999755859375,186.00000000003547,77.22703469445136,constant,
1.0,944.909,944.994,821.5,475.0,429.70001220703125,431.5,147.1999969482422,85.00000000003638,394.20740788900764,constant,
1.0,945.114,945.17,492.70001220703125,403.29998779296875,883.2999877929688,446.3999938964844,265.0,55.99999999992633,392.97067505585966,constant,
1.0,945.554,945.622,813.0999755859375,452.3999938964844,519.7999877929688,372.1000061035156,123.9000015258789,67.99999999998363,304.09368766698617,constant,
1.0,945.768,945.81,634.0999755859375,369.79998779296875,870.2000122070312,421.1000061035156,240.0,41.99999999991633,241.60902129503413,constant,
1.0,946.212,946.248,802.4000244140625,421.3999938964844,873.9000244140625,550.9000244140625,187.5,36.00000000005821,147.92737374824736,constant,
1.0,946.458,946.65,833.0,537.7999877929688,849.9000244140625,508.0,562.9000244140625,192.00000000000728,34.25857699404625,constant,
1.0,946.985,947.026,845.7000122070312,525.9000244140625,600.5,478.6000061035156,129.5,40.99999999993997,249.72051921799766,constant,
1.0,947.422,947.459,714.2000122070312,483.8999938964844,885.0999755859375,601.7000122070312,235.5,36.999999999920874,207.56599383539847,constant,
1.0,947.749,947.77,836.4000244140625,589.4000244140625,788.5,526.7999877929688,95.9000015258789,20.999999999958163,78.82370787922922,constant,
1.0,948.196,948.222,768.2000122070312,519.5,961.7000122070312,529.9000244140625,230.10000610351562,25.999999999953616,193.77928296856993,constant,
1.0,948.539,948.56,898.7000122070312,504.3999938964844,807.7999877929688,481.8999938964844,110.9000015258789,20.999999999958163,93.64328293303882,constant,
1.0,948.907,948.942,789.0999755859375,478.1000061035156,680.9000244140625,479.6000061035156,80.0999984741211,34.99999999996817,108.21034808924762,constant,
1.0,949.27,949.422,728.2999877929688,492.1000061035156,821.0,443.29998779296875,741.4000244140625,152.00000000004366,104.76036488239936,constant,
1.0,950.1,950.115,804.0,471.3999938964844,762.5,491.8999938964844,65.69999694824219,14.999999999986358,46.28714724413247,constant,
1.0,950.429,950.452,776.2000122070312,500.70001220703125,941.5,540.0999755859375,225.10000610351562,23.000000000024556,169.93070081246287,constant,
1.0,950.753,950.799,889.2999877929688,522.9000244140625,634.0999755859375,469.79998779296875,137.0,45.999999999935426,260.6658015920585,constant,
1.0,951.316,951.337,714.2000122070312,452.1000061035156,824.4000244140625,468.1000061035156,162.8000030517578,20.999999999958163,111.35547894212407,constant,
1.0,951.924,951.94,788.2999877929688,470.79998779296875,844.5,484.8999938964844,85.30000305175781,16.000000000076398,57.9417944508939,constant,
1.0,952.321,952.332,812.2999877929688,493.1000061035156,775.9000244140625,500.70001220703125,63.20000076293945,10.999999999967258,37.184908588823916,constant,
1.0,952.675,952.688,774.0,510.20001220703125,822.7000122070312,511.29998779296875,83.69999694824219,13.000000000033651,48.712433066463134,constant,
1.0,952.931,953.088,784.0,517.4000244140625,810.7999877929688,452.20001220703125,572.5,156.99999999992542,70.4931268812804,constant,
1.0,953.576,953.597,806.4000244140625,459.1000061035156,884.9000244140625,497.5,131.1999969482422,20.999999999958163,87.38884099958094,constant,
1.0,953.875,953.926,852.0,488.29998779296875,579.9000244140625,447.5,113.5,51.000000000044565,275.1418465406056,constant,
1.0,954.106,954.149,593.2999877929688,421.79998779296875,883.5999755859375,510.0,265.20001220703125,43.00000000000637,303.4029087960731,constant,
1.0,954.757,954.777,821.7999877929688,488.1000061035156,887.7999877929688,537.2999877929688,111.80000305175781,20.000000000095497,82.32033890991049,constant,
1.0,955.019,955.041,850.0,540.7999877929688,762.9000244140625,512.7000122070312,98.0,22.000000000048203,91.52056804347967,constant,
1.0,955.106,955.289,610.2999877929688,454.8999938964844,725.7999877929688,392.1000061035156,451.6000061035156,182.99999999999272,131.46896389185176,constant,
1.0,955.626,955.662,719.2000122070312,434.1000061035156,858.7000122070312,535.2999877929688,177.0,36.00000000005821,172.34177176165286,constant,
1.0,956.045,956.063,807.9000244140625,511.3999938964844,728.5,513.4000244140625,103.5,18.000000000029104,79.42521009745562,constant,
1.0,956.411,956.445,749.0999755859375,510.3999938964844,967.7999877929688,539.5,223.3000030517578,34.0000000001055,220.62752705539774,constant,
1.0,956.859,956.88,881.7999877929688,524.7999877929688,808.7999877929688,478.3999938964844,95.4000015258789,20.999999999958163,86.49832040909111,constant,
1.0,957.195,957.233,782.9000244140625,459.6000061035156,583.2999877929688,384.79998779296875,119.5,37.99999999989723,213.15538313258736,constant,
1.0,957.451,957.502,623.7000122070312,373.6000061035156,925.5999755859375,499.79998779296875,245.10000610351562,50.99999999993088,327.21556085645324,constant,
1.0,957.823,957.842,829.2999877929688,488.0,757.2000122070312,463.70001220703125,98.80000305175781,19.000000000005457,76.08479405394493,constant,
1.0,958.264,958.421,752.7000122070312,480.20001220703125,800.9000244140625,481.70001220703125,614.2999877929688,157.0000000000391,48.22334680170966,constant,
1.0,959.461,959.478,783.5999755859375,485.8999938964844,832.9000244140625,507.8999938964844,76.9000015258789,16.999999999939064,53.9860612978527,constant,
1.0,959.741,959.759,807.2999877929688,509.79998779296875,747.2000122070312,486.79998779296875,80.5,18.000000000029104,64.35065707069575,constant,
1.0,960.063,960.081,748.2999877929688,480.3999938964844,711.0,458.70001220703125,48.099998474121094,18.000000000029104,43.152963915335164,constant,
1.0,960.468,960.514,704.5999755859375,456.6000061035156,952.7000122070312,505.70001220703125,168.6999969482422,46.00000000004911,252.9119189970163,constant,
1.0,961.314,961.37,849.4000244140625,510.5,579.0999755859375,400.70001220703125,113.0999984741211,56.00000000004002,291.7501563252758,constant,
1.0,961.878,961.922,681.4000244140625,399.3999938964844,917.0,462.70001220703125,195.6999969482422,43.99999999998272,243.95540742973893,constant,
1.0,962.419,962.432,829.5,451.0,792.9000244140625,448.5,58.099998474121094,13.000000000033651,36.68525879547834,constant,
1.0,962.459,962.63,750.9000244140625,451.6000061035156,749.2000122070312,404.5,453.0,171.0000000000491,47.130675960092745,constant,
1.0,962.968,962.988,741.7000122070312,425.5,841.0,456.5,148.3000030517578,20.000000000095497,104.02637922990371,constant,
1.0,963.306,963.328,808.0,462.0,918.5999755859375,479.70001220703125,167.1999969482422,21.999999999934516,112.00734365093669,constant,
1.0,963.615,963.636,866.2000122070312,481.70001220703125,792.5999755859375,447.6000061035156,94.19999694824219,20.999999999958163,81.11581724229957,constant,
1.0,964.02,964.058,748.2000122070312,420.6000061035156,890.7000122070312,501.0,168.0,38.000000000010914,163.61665263216554,constant,
1.0,964.435,964.458,839.4000244140625,489.3999938964844,955.5,523.5,155.0,23.000000000024556,121.0041930980703,constant,
1.0,965.132,965.148,901.5999755859375,526.2999877929688,857.7000122070312,503.8999938964844,65.80000305175781,16.000000000076398,49.284546373400325,constant,
1.0,965.426,965.443,828.0999755859375,496.8999938964844,770.7999877929688,488.79998779296875,76.5,16.999999999939064,57.869669948526216,constant,
1.0,965.802,965.836,768.5,487.20001220703125,817.5,601.7000122070312,129.3000030517578,33.999999999991815,124.54416887193074,constant,
1.0,966.088,966.262,803.7999877929688,585.2999877929688,761.4000244140625,416.5,570.2999877929688,173.99999999997817,174.04365191939345,constant,
1.0,966.678,966.702,750.2000122070312,445.5,683.4000244140625,400.8999938964844,70.0999984741211,24.00000000000091,80.32060080436653,constant,
1.0,966.945,966.977,660.5999755859375,378.8999938964844,878.5,501.29998779296875,249.60000610351562,31.99999999992542,249.92434684421693,constant,
1.0,967.878,967.896,808.2999877929688,483.20001220703125,879.0,502.5,116.5999984741211,17.999999999915417,73.28697875395814,constant,
1.0,968.125,968.14,848.2999877929688,501.20001220703125,795.5999755859375,481.1000061035156,81.5999984741211,14.999999999986358,56.40302768453665,constant,
1.0,968.535,968.557,780.4000244140625,470.70001220703125,882.0999755859375,501.29998779296875,147.10000610351562,22.000000000048203,106.20375969908848,constant,
1.0,968.836,968.979,819.5999755859375,507.20001220703125,807.0,407.0,609.5999755859375,143.0000000000291,100.9891173892288,constant,
1.0,969.446,969.477,790.2000122070312,424.5,836.7999877929688,528.0,106.30000305175781,30.99999999994907,113.50686201551856,constant,
1.0,970.182,970.198,810.5,518.7999877929688,876.2000122070312,524.4000244140625,105.80000305175781,15.99999999996271,65.93824394205268,constant,
1.0,970.559,970.573,848.2999877929688,523.0999755859375,839.2000122070312,553.7999877929688,52.20000076293945,14.000000000010004,32.02031082260955,constant,
1.0,970.817,970.83,836.9000244140625,557.0,794.5999755859375,542.7000122070312,64.80000305175781,13.000000000033651,44.651806030000785,constant,
1.0,971.416,971.435,789.7000122070312,518.7000122070312,869.5999755859375,523.2999877929688,115.5,18.99999999989177,80.0322680132319,constant,
1.0,972.475,972.493,804.0999755859375,505.1000061035156,875.7999877929688,505.79998779296875,104.19999694824219,18.000000000029104,71.7034289616194,constant,
1.0,972.751,972.765,843.4000244140625,501.6000061035156,796.9000244140625,505.1000061035156,69.4000015258789,14.000000000010004,46.63153439465616,constant,
1.0,973.326,973.338,801.2999877929688,499.29998779296875,841.7999877929688,497.0,67.5999984741211,11.999999999943611,40.56525537757411,constant,
1.0,973.894,973.911,797.7000122070312,498.3999938964844,865.2999877929688,503.8999938964844,103.30000305175781,16.999999999939064,67.82334921853496,constant,
1.0,974.19,974.372,811.0,509.29998779296875,818.5,468.79998779296875,615.7999877929688,181.99999999990268,41.188590653237945,constant,
1.0,974.504,974.513,810.7000122070312,497.8999938964844,832.0,502.0,43.20000076293945,9.000000000014552,21.6910011301803,constant,
1.0,974.712,974.721,814.5,503.3999938964844,789.7000122070312,503.3999938964844,49.0,9.000000000014552,24.79998779296875,constant,
1.0,975.237,975.247,787.5,499.1000061035156,759.7000122070312,499.70001220703125,49.900001525878906,9.999999999990905,27.80646199381481,constant,
1.0,975.922,975.939,768.2999877929688,503.79998779296875,836.5999755859375,507.1000061035156,109.80000305175781,16.999999999939064,68.37966403375806,constant,
1.0,976.365,976.548,761.2999877929688,524.7000122070312,814.4000244140625,440.5,456.6000061035156,182.99999999999272,99.54524571683828,constant,
1.0,976.829,976.841,808.0,461.8999938964844,838.5,469.1000061035156,48.900001525878906,12.000000000057298,31.338318011364283,constant,
1.0,977.727,977.735,790.4000244140625,480.6000061035156,770.7999877929688,477.1000061035156,43.900001525878906,8.000000000038199,19.91008376547462,constant,
1.0,978.984,978.99,778.2000122070312,496.20001220703125,793.5999755859375,495.79998779296875,42.70000076293945,5.999999999971806,15.405157954513145,constant,
1.0,980.101,980.117,753.0,487.20001220703125,819.4000244140625,491.1000061035156,98.30000305175781,15.99999999996271,66.51445853783004,constant,
1.0,980.4,980.416,788.7000122070312,490.6000061035156,845.0999755859375,494.3999938964844,87.9000015258789,16.000000000076398,56.52783187394222,constant,
1.0,980.922,980.934,814.0,488.0,853.5999755859375,491.70001220703125,63.900001525878906,11.999999999943611,39.772454748720584,constant,
1.0,981.062,981.21,814.5999755859375,512.5,803.2000122070312,461.70001220703125,474.1000061035156,148.00000000002456,52.06340293148516,constant,
1.0,982.269,982.277,768.5,476.3999938964844,789.7999877929688,481.8999938964844,49.099998474121094,8.000000000038199,21.99862450201416,constant,
1.0,983.0,983.008,778.5,487.3999938964844,760.5999755859375,491.6000061035156,41.099998474121094,8.000000000038199,18.386162638333346,constant,
1.0,983.233,983.254,757.5999755859375,491.70001220703125,838.5999755859375,504.0,111.5,21.00000000007185,81.92856461398051,constant,
1.0,983.485,983.494,802.9000244140625,496.6000061035156,782.2999877929688,490.29998779296875,42.599998474121094,9.000000000014552,21.54186016813844,constant,
1.0,984.178,984.187,764.9000244140625,497.8999938964844,781.5999755859375,495.6000061035156,33.900001525878906,9.000000000014552,16.857589180864935,constant,
1.0,984.244,984.426,765.4000244140625,498.5,820.0,448.29998779296875,545.0999755859375,182.00000000001637,74.17006511774854,constant,
1.0,984.792,984.811,778.5999755859375,463.70001220703125,852.0999755859375,480.29998779296875,109.4000015258789,19.000000000005457,75.35123880503704,constant,
1.0,985.26,985.269,814.5,479.6000061035156,792.9000244140625,480.20001220703125,45.099998474121094,9.000000000014552,21.608307491271777,constant,
1.0,985.945,985.955,791.5999755859375,482.1000061035156,768.0999755859375,480.5,44.0,9.999999999990905,23.55440552277402,constant,
1.0,986.177,986.197,755.2000122070312,475.3999938964844,851.4000244140625,484.1000061035156,142.3000030517578,19.99999999998181,96.5926113169918,constant,
1.0,986.828,986.848,785.9000244140625,487.1000061035156,870.5,496.79998779296875,135.1999969482422,19.99999999998181,85.15424542509285,constant,
1.0,987.209,987.224,832.7999877929688,495.29998779296875,790.7999877929688,478.5,69.80000305175781,15.000000000100044,45.23537984635366,constant,
1.0,987.847,988.018,761.7999877929688,481.0,813.0,460.8999938964844,569.2000122070312,171.0000000000491,55.004104350143855,constant,
1.0,988.552,988.571,828.7000122070312,475.6000061035156,882.7999877929688,517.2000122070312,97.0999984741211,19.000000000005457,68.2449109180426,constant,
1.0,988.869,988.879,849.2000122070312,516.5999755859375,820.2000122070312,509.0,55.5,9.999999999990905,29.979320020755075,constant,
1.0,989.281,989.291,818.5,508.1000061035156,791.0,507.8999938964844,52.20000076293945,10.000000000104592,27.500727351889466,constant,
1.0,989.538,989.55,776.7999877929688,504.6000061035156,740.2999877929688,498.8999938964844,61.29999923706055,11.999999999943611,36.942389461975864,constant,
1.0,990.085,990.105,738.5999755859375,490.79998779296875,826.9000244140625,493.1000061035156,118.80000305175781,19.99999999998181,88.3299989090802,constant,
1.0,990.44,990.453,741.2999877929688,536.2999877929688,782.7000122070312,540.2999877929688,61.5,12.999999999919964,41.59281213725481,,
1.0,990.807,990.824,743.5999755859375,537.0999755859375,800.0,543.0999755859375,71.69999694824219,16.999999999939064,56.71827530793621,,
1.0,991.359,991.372,775.2999877929688,529.5999755859375,813.4000244140625,555.0999755859375,72.0999984741211,12.999999999919964,45.846077155288704,constant,
1.0,992.443,992.473,756.2999877929688,555.7999877929688,790.0,682.0999755859375,124.5999984741211,29.999999999972715,130.7186969765921,constant,
1.0,992.672,992.69,778.7999877929688,668.4000244140625,857.2999877929688,666.7000122070312,120.0,18.000000000029104,78.51840574988806,constant,
1.0,992.779,992.8,822.4000244140625,647.5,777.0999755859375,574.2000122070312,92.5999984741211,20.999999999958163,86.16833893188308,constant,
1.0,993.031,993.045,716.9000244140625,498.20001220703125,776.0,495.20001220703125,92.0,14.000000000010004,59.176068763127624,constant,
1.0,993.354,993.363,746.5,472.5,735.4000244140625,454.8999938964844,43.29999923706055,9.000000000014552,20.807923319067566,constant,
1.0,993.605,993.772,688.4000244140625,435.20001220703125,764.7999877929688,512.4000244140625,550.4000244140625,167.00000000003,108.61305763610557,constant,
1.0,993.939,993.957,831.2999877929688,677.9000244140625,909.7999877929688,691.7999877929688,109.9000015258789,18.000000000029104,79.72113259315208,constant,
1.0,994.17,994.187,888.2999877929688,690.7999877929688,837.7999877929688,675.0999755859375,70.19999694824219,17.00000000005275,52.884216769286944,constant,
1.0,994.324,994.399,827.9000244140625,676.2000122070312,269.1000061035156,731.4000244140625,175.3000030517578,75.00000000004547,561.519814264398,constant,
1.0,994.905,994.926,699.9000244140625,705.2000122070312,792.0,701.7000122070312,124.19999694824219,21.00000000007185,92.1664554104707,constant,
1.0,995.384,995.398,764.2999877929688,669.7000122070312,803.2999877929688,651.7000122070312,73.9000015258789,14.000000000010004,42.95346318982906,constant,
1.0,995.799,995.814,770.0,615.2000122070312,830.5999755859375,621.0,86.0999984741211,14.999999999986358,60.87689955487884,constant,
1.0,996.305,996.323,780.0999755859375,601.2000122070312,732.2000122070312,574.0999755859375,58.900001525878906,18.000000000029104,55.03470247548525,constant,
1.0,996.859,996.875,722.2000122070312,555.7000122070312,793.5,554.0999755859375,105.69999694824219,15.99999999996271,71.31793867230273,constant,
1.0,997.311,997.482,752.7999877929688,553.2999877929688,781.0999755859375,487.1000061035156,511.20001220703125,170.99999999993543,71.99532543690673,constant,
1.0,997.769,997.785,742.7999877929688,507.6000061035156,799.7999877929688,517.7999877929688,75.69999694824219,15.99999999996271,57.90543693354864,constant,
1.0,998.266,998.274,759.2999877929688,514.0999755859375,742.0999755859375,512.0999755859375,39.0,8.000000000038199,17.31590078286498,constant,
1.0,998.491,998.505,735.0999755859375,507.8999938964844,776.5999755859375,519.2000122070312,64.30000305175781,14.000000000010004,43.010933654347646,constant,
1.0,998.889,998.899,754.7999877929688,518.0999755859375,731.5999755859375,512.5,44.79999923706055,9.999999999990905,23.866300362006154,constant,
1.0,999.469,999.484,737.5999755859375,513.9000244140625,792.0,523.0999755859375,75.4000015258789,14.999999999986358,55.17247282672293,constant,
1.0,1000.04,1000.057,768.0999755859375,522.5,819.7999877929688,545.5,83.69999694824219,17.00000000005275,56.585256579847545,constant,
1.0,1000.473,1000.482,790.0,546.5999755859375,768.2999877929688,541.0999755859375,45.0,9.000000000014552,22.386168269386907,constant,
1.0,1000.862,1000.869,733.5,513.4000244140625,750.2000122070312,513.5999755859375,42.099998474121094,7.000000000061846,16.70120918335337,constant,
1.0,1001.274,1001.289,711.7999877929688,498.6000061035156,766.4000244140625,503.5,75.9000015258789,14.999999999986358,54.819466790642565,constant,
1.0,1001.461,1001.474,749.0999755859375,503.8999938964844,778.0999755859375,504.0,45.099998474121094,13.000000000033651,29.000172434327702,constant,
1.0,1001.864,1001.875,772.7999877929688,502.1000061035156,809.2999877929688,503.20001220703125,61.5,10.999999999967258,36.51657176444377,constant,
1.0,1002.232,1002.244,790.4000244140625,497.79998779296875,758.7999877929688,493.8999938964844,50.5,12.000000000057298,31.83979062191021,constant,
1.0,1002.432,1002.61,727.0,496.29998779296875,740.2999877929688,423.5,375.29998779296875,177.99999999999727,74.00491806596044,constant,
1.0,1002.952,1002.966,731.7000122070312,462.1000061035156,785.4000244140625,464.0,77.9000015258789,14.000000000010004,53.733614133445215,constant,
1.0,1003.338,1003.351,754.2999877929688,470.1000061035156,788.4000244140625,478.0,52.599998474121094,13.000000000033651,35.00317701472861,constant,
1.0,1004.067,1004.075,789.9000244140625,528.2000122070312,773.9000244140625,538.7000122070312,41.29999923706055,8.000000000038199,19.13765920900464,constant,
1.0,1004.665,1004.67,764.2000122070312,550.5999755859375,753.5,550.0,35.599998474121094,4.9999999999954525,10.7168200476792,constant,
1.0,1004.89,1004.901,745.4000244140625,541.9000244140625,772.4000244140625,527.2000122070312,53.599998474121094,10.999999999967258,30.742321950153144,constant,
1.0,1005.254,1005.273,748.5,514.2000122070312,819.7999877929688,511.29998779296875,110.9000015258789,19.000000000005457,71.35894058125899,constant,
1.0,1005.589,1005.599,772.7999877929688,508.8999938964844,750.0999755859375,506.3999938964844,41.70000076293945,9.999999999990905,22.837262405975192,constant,
1.0,1005.803,1005.818,738.0999755859375,498.70001220703125,794.0999755859375,498.6000061035156,88.0999984741211,14.999999999986358,56.000089296542555,constant,
1.0,1005.918,1006.101,759.0999755859375,508.29998779296875,754.2000122070312,441.20001220703125,401.20001220703125,182.99999999999272,67.27864716793903,constant,
1.0,1006.574,1006.589,739.0,460.1000061035156,804.4000244140625,470.0,101.0,15.000000000100044,66.14509106887978,constant,
1.0,1006.749,1006.759,761.9000244140625,473.70001220703125,738.9000244140625,472.6000061035156,41.099998474121094,9.999999999990905,23.026289614867864,constant,
1.0,1007.274,1007.29,719.2999877929688,506.8999938964844,775.5999755859375,512.0,70.0,15.99999999996271,56.53051112226323,constant,
1.0,1007.494,1007.504,779.9000244140625,525.7999877929688,804.0,527.9000244140625,45.29999923706055,9.999999999990905,24.191299614793714,constant,
1.0,1007.91,1007.927,802.7000122070312,547.9000244140625,844.5999755859375,572.2999877929688,60.599998474121094,17.00000000005275,48.486752253019084,constant,
1.0,1008.101,1008.119,833.0999755859375,586.7999877929688,915.2000122070312,621.9000244140625,107.5999984741211,18.000000000029104,89.28845717105351,constant,
1.0,1008.26,1008.28,888.9000244140625,626.5999755859375,849.5,596.7000122070312,48.20000076293945,19.99999999998181,49.46078986316996,constant,
1.0,1008.856,1008.874,712.7999877929688,528.2999877929688,786.4000244140625,550.2000122070312,104.80000305175781,18.000000000029104,76.78916889746154,constant,
1.0,1009.024,1009.034,756.2999877929688,552.7000122070312,736.2000122070312,544.0,41.0,9.999999999990905,21.902037141731277,constant,
1.0,1009.714,1009.733,580.5,351.29998779296875,665.5999755859375,355.5,96.80000305175781,18.99999999989177,85.20355595435187,constant,
1.0,1009.88,1009.897,659.0,354.79998779296875,721.9000244140625,352.6000061035156,78.9000015258789,17.00000000005275,62.93848576764131,constant,
1.0,1010.643,1010.653,666.2999877929688,392.1000061035156,690.2000122070312,393.3999938964844,41.29999923706055,9.999999999990905,23.9353532510939,constant,
1.0,1011.491,1011.506,812.0,466.5,855.5999755859375,473.29998779296875,59.099998474121094,14.999999999986358,44.12706318212067,constant,
1.0,1012.058,1012.073,762.0,513.5,814.2000122070312,521.7999877929688,73.19999694824219,14.999999999986358,52.85575722452231,constant,
1.0,1012.382,1012.397,778.5999755859375,525.7000122070312,811.4000244140625,522.9000244140625,42.5,15.000000000100044,32.91934286659073,constant,
1.0,1012.612,1012.625,804.7999877929688,522.2999877929688,846.5,518.0999755859375,63.0,13.000000000033651,41.91099045126191,constant,
1.0,1012.95,1012.958,821.0,517.0,803.2000122070312,516.2000122070312,40.0,7.999999999924512,17.817955716039243,constant,
1.0,1013.334,1013.35,783.2999877929688,514.5999755859375,833.0999755859375,520.2000122070312,62.099998474121094,16.000000000076398,50.11386229714716,constant,
1.0,1013.603,1013.621,799.0999755859375,505.20001220703125,855.7000122070312,505.3999938964844,67.30000305175781,18.000000000029104,56.60038991195441,constant,
1.0,1014.437,1014.443,811.4000244140625,488.5,799.0999755859375,486.20001220703125,34.70000076293945,5.999999999971806,12.513238790259877,constant,
1.0,1015.29,1015.301,770.0999755859375,482.5,803.9000244140625,483.1000061035156,58.599998474121094,11.000000000080945,33.80537395308459,constant,
1.0,1015.989,1016.176,738.2999877929688,458.5,731.4000244140625,412.29998779296875,360.5,187.00000000001182,46.712424712918555,constant,
1.0,1016.511,1016.524,791.0,456.79998779296875,824.5,463.29998779296875,51.0,13.000000000033651,34.12477106150311,constant,
1.0,1017.422,1017.43,794.5,466.5,809.7000122070312,465.79998779296875,34.79999923706055,7.999999999924512,15.216122639617879,constant,
1.0,1017.456,1017.732,789.2000122070312,484.5,715.7999877929688,383.8999938964844,392.20001220703125,275.9999999999536,124.53081872376954,constant,
1.0,1017.762,1017.766,720.2999877929688,379.3999938964844,718.5999755859375,400.29998779296875,53.29999923706055,4.000000000019099,20.96901968088016,constant,
1.0,1017.993,1018.001,781.9000244140625,431.79998779296875,798.2999877929688,432.3999938964844,36.5,7.999999999924512,16.410935566070634,constant,
1.0,1019.083,1019.097,788.5,487.5,840.7000122070312,492.5,78.19999694824219,14.000000000010004,52.438928997589294,constant,
1.0,1019.957,1019.976,777.9000244140625,493.29998779296875,844.0,502.0,98.30000305175781,19.000000000005457,66.67006063342096,constant,
1.0,1020.668,1020.68,742.5999755859375,556.4000244140625,779.7999877929688,559.7000122070312,61.29999923706055,11.999999999943611,37.34609521271289,,
1.0,1020.971,1020.981,769.4000244140625,548.4000244140625,800.7999877929688,549.5,58.29999923706055,9.999999999990905,31.41922415474819,constant,
1.0,1021.575,1021.705,763.2000122070312,561.0999755859375,790.4000244140625,523.5,676.4000244140625,129.99999999999545,46.40688341319362,constant,
1.0,1022.195,1022.21,798.9000244140625,541.9000244140625,762.2000122070312,510.5,70.19999694824219,14.999999999986358,48.299611066756675,constant,
1.0,1022.429,1022.461,752.9000244140625,507.1000061035156,656.0,618.2000122070312,144.0,32.00000000003911,147.42057552338858,constant,
1.0,1022.608,1022.632,693.2000122070312,607.4000244140625,857.5999755859375,637.5999755859375,209.0,24.00000000000091,167.15078525023253,constant,
1.0,1022.766,1022.972,814.2999877929688,644.0999755859375,762.2000122070312,423.0,474.79998779296875,206.00000000001728,227.1554680393088,constant,
1.0,1023.118,1023.138,723.2999877929688,423.29998779296875,645.5999755859375,437.6000061035156,89.4000015258789,19.99999999998181,79.00495187426407,constant,
1.0,1023.391,1023.477,670.7999877929688,433.3999938964844,39.70000076293945,657.9000244140625,186.10000610351562,86.00000000001273,669.8413672890744,constant,
1.0,1023.577,1023.652,237.39999389648438,607.9000244140625,820.2999877929688,556.4000244140625,292.29998779296875,75.00000000004547,585.1706186100952,constant,
1.0,1024.003,1024.038,800.9000244140625,533.2999877929688,968.2999877929688,538.5,170.1999969482422,35.000000000081855,167.48070893751444,constant,
1.0,1024.165,1024.2,902.7999877929688,523.2000122070312,1145.800048828125,478.20001220703125,210.10000610351562,35.000000000081855,247.13160393419872,constant,
1.0,1024.68,1024.695,1040.5,440.8999938964844,993.5,453.5,72.5999984741211,14.99999999987267,48.6596357755443,constant,
1.0,1024.907,1024.945,978.4000244140625,461.70001220703125,1014.2999877929688,589.7000122070312,135.3000030517578,38.000000000010914,132.93911151578683,constant,
1.0,1025.152,1025.178,1019.4000244140625,576.0999755859375,1024.4000244140625,649.4000244140625,84.5999984741211,26.000000000067303,73.47038286415493,constant,
1.0,1025.333,1025.353,1026.800048828125,637.5999755859375,949.4000244140625,683.2000122070312,107.30000305175781,19.99999999998181,89.83388625202943,constant,
1.0,1025.556,1025.575,946.2000122070312,711.7000122070312,868.4000244140625,699.4000244140625,103.0,19.000000000005457,78.76628593689858,constant,
1.0,1025.757,1025.78,867.2000122070312,690.5,794.5999755859375,615.0,99.4000015258789,22.99999999991087,104.74261461976283,constant,
1.0,1026.419,1026.439,703.4000244140625,512.0,649.7000122070312,566.2000122070312,84.19999694824219,19.99999999998181,76.29765811791107,constant,
1.0,1026.716,1026.739,683.9000244140625,569.2999877929688,799.4000244140625,593.5999755859375,163.0,23.000000000138243,118.02855335357809,constant,
1.0,1026.896,1026.92,760.4000244140625,585.9000244140625,785.7000122070312,495.3999938964844,84.69999694824219,24.000000000114596,93.9699148983702,constant,
1.0,1027.205,1027.219,740.7000122070312,425.5,792.2999877929688,436.20001220703125,83.30000305175781,14.000000000123691,52.69770148403025,constant,
1.0,1027.514,1027.52,760.7999877929688,426.1000061035156,745.4000244140625,424.5,39.29999923706055,6.0000000000854925,15.482857992080818,constant,
1.0,1027.707,1027.723,744.7000122070312,418.8999938964844,797.4000244140625,422.1000061035156,77.0999984741211,15.999999999849024,52.797077236778854,constant,
1.0,1027.846,1027.971,771.0,416.0,-31.799999237060547,500.79998779296875,155.5,125.0,807.2662985067022,constant,
1.0,1028.196,1028.231,438.5,456.3999938964844,533.7000122070312,574.9000244140625,176.6999969482422,35.000000000081855,152.0042747980656,constant,
1.0,1028.636,1028.656,645.0999755859375,558.5,642.0,489.6000061035156,67.4000015258789,19.99999999998181,68.96969629894707,constant,
1.0,1029.08,1029.088,609.9000244140625,458.20001220703125,625.7000122070312,454.79998779296875,37.20000076293945,8.000000000038199,16.161676282928777,constant,
1.0,1029.37,1029.391,611.2999877929688,455.0,729.4000244140625,456.5,165.39999389648438,21.000000000185537,118.10956205957113,constant,
1.0,1029.55,1029.569,684.4000244140625,446.6000061035156,780.7000122070312,445.1000061035156,133.10000610351562,19.000000000005457,96.31166932893402,constant,
1.0,1029.833,1029.843,777.0999755859375,438.29998779296875,801.7999877929688,441.20001220703125,44.099998474121094,9.999999999990905,24.869675201531106,constant,
1.0,1030.011,1030.019,784.9000244140625,439.29998779296875,765.5,438.1000061035156,42.79999923706055,8.000000000038199,19.437101206744895,constant,
1.0,1030.369,1030.386,763.0999755859375,436.8999938964844,823.0,443.1000061035156,80.9000015258789,17.00000000005275,60.22003882573159,constant,
1.0,1030.873,1030.89,749.0999755859375,429.5,818.2000122070312,428.1000061035156,102.9000015258789,17.00000000005275,69.11421737925339,constant,
1.0,1031.15,1031.189,785.7999877929688,422.0,976.2000122070312,543.5,213.0,38.99999999998727,225.863718416384,constant,
1.0,1031.384,1031.393,913.5,520.7999877929688,889.0999755859375,528.0,52.900001525878906,9.000000000014552,25.440152656543653,constant,
1.0,1031.579,1031.596,884.2999877929688,537.4000244140625,845.2000122070312,567.9000244140625,53.099998474121094,17.00000000005275,49.5888908004697,constant,
1.0,1031.71,1031.981,739.0,659.0,-648.2999877929688,971.0999755859375,234.1999969482422,270.99999999995816,1421.9731540683579,constant,
1.0,1032.03,1032.151,-629.0,1021.2999877929688,221.39999389648438,946.5999755859375,156.1999969482422,121.00000000009459,853.6745524161249,constant,
1.0,1032.251,1032.279,355.0,906.7000122070312,540.2999877929688,912.0999755859375,187.8000030517578,28.00000000002001,185.37865324941785,constant,
1.0,1032.426,1032.457,543.4000244140625,894.2999877929688,375.70001220703125,930.0,150.60000610351562,31.000000000176442,171.4578227023212,constant,
1.0,1032.777,1032.849,371.1000061035156,917.9000244140625,775.7999877929688,769.0999755859375,275.8999938964844,71.99999999988904,431.188508324023,constant,
1.0,1033.148,1033.171,711.0999755859375,725.7999877929688,858.0,724.5,212.5,23.000000000138243,146.90577640485765,constant,
1.0,1034.043,1034.051,837.9000244140625,665.5999755859375,847.2000122070312,650.2000122070312,40.0,8.000000000038199,17.99023749206834,constant,
1.0,1034.295,1034.312,823.0,635.7999877929688,885.7000122070312,636.7000122070312,92.19999694824219,16.999999999825377,62.7064715536425,constant,
1.0,1034.498,1034.513,846.0,621.9000244140625,807.7999877929688,609.2000122070312,51.0,14.99999999987267,40.2558224692538,constant,
1.0,1034.736,1034.749,793.0,591.0,756.4000244140625,585.2000122070312,57.5,12.999999999919964,37.05668726815455,constant,
1.0,1035.399,1035.406,762.2000122070312,568.7000122070312,745.2000122070312,566.7000122070312,41.599998474121094,7.000000000061846,17.11724276862369,constant,
1.0,1035.736,1035.748,740.7999877929688,560.9000244140625,778.5,563.5,63.400001525878906,11.999999999943611,37.78955931812087,constant,
1.0,1036.084,1036.098,745.5999755859375,557.7000122070312,784.7999877929688,564.2999877929688,56.5,13.999999999896318,39.751737506257136,constant,
1.0,1036.804,1036.811,775.9000244140625,557.0999755859375,797.9000244140625,558.2000122070312,51.099998474121094,6.999999999834472,22.02748466275138,constant,
1.0,1037.006,1037.024,781.4000244140625,556.0,872.4000244140625,561.0,129.39999389648438,17.99999999980173,91.13725912051558,constant,
1.0,1037.211,1037.227,867.2000122070312,547.5,926.7999877929688,541.7999877929688,82.80000305175781,16.000000000076398,59.87192354521985,constant,
1.0,1037.447,1037.457,891.9000244140625,535.7000122070312,864.2000122070312,530.5,52.20000076293945,10.000000000218279,28.18387487949367,constant,
1.0,1037.555,1037.572,845.0999755859375,531.7000122070312,797.5999755859375,533.5,58.5,16.999999999825377,47.53409256580835,constant,
1.0,1037.715,1037.732,749.2000122070312,536.5999755859375,816.2000122070312,549.0999755859375,90.0,17.00000000005275,68.15607089614248,constant,
1.0,1038.075,1038.1,800.9000244140625,545.0,760.5999755859375,622.9000244140625,99.4000015258789,24.999999999863576,87.70694236638735,constant,
1.0,1038.398,1038.411,768.0,614.0999755859375,731.2000122070312,638.4000244140625,73.0,13.000000000147338,44.099109680490244,constant,
1.0,1038.616,1038.635,741.4000244140625,645.2999877929688,813.5,643.0,113.4000015258789,19.000000000005457,72.13665104051192,constant,
1.0,1038.933,1038.94,782.4000244140625,634.2000122070312,793.5999755859375,622.4000244140625,42.5,7.000000000061846,16.268946436896144,constant,
1.0,1039.184,1039.198,777.0,612.5999755859375,824.9000244140625,615.5,76.19999694824219,14.000000000123691,47.98773260396809,constant,
1.0,1039.338,1039.551,777.5,626.2999877929688,762.7000122070312,532.7000122070312,658.0,212.99999999996544,94.76283590290087,constant,
1.0,1039.579,1039.584,763.9000244140625,543.2999877929688,760.2999877929688,561.7999877929688,51.0,5.000000000109139,18.847022673972038,constant,
1.0,1039.938,1039.952,763.7999877929688,549.5,805.7000122070312,557.4000244140625,60.20000076293945,13.999999999896318,42.63827425731272,constant,
1.0,1040.25,1040.261,764.5999755859375,564.2999877929688,789.2000122070312,565.0999755859375,39.599998474121094,10.999999999967258,24.613040897622803,constant,
1.0,1041.01,1041.024,850.0999755859375,543.2000122070312,891.0,541.0999755859375,57.70000076293945,13.999999999896318,40.95390275518126,constant,
1.0,1041.346,1041.358,887.4000244140625,530.0999755859375,857.0,531.5,51.20000076293945,11.999999999943611,30.432245279235758,constant,
1.0,1041.555,1041.567,847.5999755859375,528.4000244140625,817.0,527.7000122070312,46.400001525878906,11.999999999943611,30.607981360259025,constant,
1.0,1041.761,1041.771,799.4000244140625,527.2999877929688,776.7000122070312,529.0,41.599998474121094,9.999999999990905,22.763580467567554,constant,
1.0,1041.975,1041.991,779.2999877929688,529.2999877929688,826.7000122070312,536.2999877929688,62.900001525878906,16.000000000076398,47.91411393789643,constant,
1.0,1042.264,1042.279,776.9000244140625,528.7999877929688,828.2999877929688,534.7000122070312,66.80000305175781,15.000000000100044,51.737476972108304,constant,
1.0,1042.736,1042.753,782.9000244140625,529.2999877929688,839.7999877929688,539.5,85.0,16.999999999825377,57.80697260317702,constant,
1.0,1043.676,1043.683,809.9000244140625,528.2000122070312,795.2000122070312,528.5,37.400001525878906,7.000000000061846,14.703072861235437,constant,
1.0,1044.111,1044.12,785.2999877929688,531.9000244140625,808.7000122070312,532.5,47.20000076293945,8.999999999787178,23.407714824015653,constant,
1.0,1047.429,1047.435,829.2999877929688,559.0,816.2000122070312,559.5999755859375,36.70000076293945,5.999999999858119,13.113707753945091,constant,
1.0,1048.334,1048.346,809.4000244140625,550.5,841.2000122070312,551.5999755859375,55.099998474121094,11.999999999943611,31.819006425761003,constant,
1.0,1050.007,1050.02,794.7000122070312,521.2000122070312,835.0,524.2000122070312,65.30000305175781,12.999999999919964,40.41149608853191,constant,
1.0,1050.34,1050.353,801.0999755859375,525.2999877929688,840.0,526.0,59.29999923706055,13.000000000147338,38.90632232047449,constant,
1.0,1050.924,1050.931,817.0999755859375,522.0999755859375,830.9000244140625,525.7000122070312,35.5,7.000000000061846,14.261893679727468,constant,
1.0,1051.213,1051.224,844.9000244140625,532.7000122070312,876.9000244140625,535.0999755859375,56.099998474121094,10.999999999967258,32.0898710533416,constant,
1.0,1051.628,1051.831,808.7999877929688,534.0,802.0,464.6000061035156,514.7000122070312,202.99999999997453,69.73233817115695,constant,
1.0,1051.969,1051.985,828.5999755859375,481.5,887.7999877929688,485.3999938964844,82.5,15.999999999849024,59.328335537964186,constant,
1.0,1052.732,1052.747,830.7000122070312,485.1000061035156,882.2999877929688,485.0,82.0,15.000000000100044,51.600072496946034,constant,
1.0,1053.217,1053.224,862.4000244140625,481.0,848.0,481.70001220703125,34.900001525878906,6.999999999834472,14.417028827590961,constant,
1.0,1053.646,1053.665,791.7999877929688,481.6000061035156,866.2000122070312,485.5,96.5999984741211,19.000000000005457,74.50217168113767,constant,
1.0,1054.46,1054.475,795.2999877929688,489.8999938964844,837.7000122070312,497.8999938964844,55.599998474121094,14.99999999987267,43.14814098328103,constant,
1.0,1054.755,1054.767,811.5999755859375,509.6000061035156,846.0,510.1000061035156,55.599998474121094,11.999999999943611,34.403657940516965,constant,
1.0,1055.03,1055.035,823.5999755859375,509.29998779296875,834.7000122070312,510.70001220703125,36.0,5.000000000109139,11.187979323791826,constant,
1.0,1055.262,1055.276,829.9000244140625,506.3999938964844,876.5,510.6000061035156,66.30000305175781,14.000000000123691,46.78886434985554,constant,
1.0,1055.597,1055.607,863.2999877929688,508.20001220703125,890.7000122070312,510.29998779296875,49.900001525878906,9.999999999990905,27.480379097689948,constant,
1.0,1056.118,1056.131,811.7000122070312,501.1000061035156,849.9000244140625,507.79998779296875,63.400001525878906,13.000000000147338,38.78312374289033,constant,
1.0,1056.874,1056.885,795.0,502.20001220703125,816.5,501.0,39.400001525878906,10.999999999967258,21.53346301218232,constant,
1.0,1057.293,1057.31,813.2000122070312,497.0,786.7999877929688,462.6000061035156,56.29999923706055,17.00000000005275,43.36266676694664,constant,
1.0,1058.005,1058.016,778.4000244140625,451.0,809.7000122070312,447.6000061035156,55.0,10.999999999967258,31.48411018809526,constant,
1.0,1060.133,1060.147,794.7999877929688,479.29998779296875,839.9000244140625,478.79998779296875,69.80000305175781,13.999999999896318,45.102808152309066,constant,
1.0,1060.529,1060.86,762.7000122070312,505.8999938964844,774.5,376.29998779296875,490.6000061035156,330.9999999999036,130.13608759274078,constant,
1.0,1060.927,1060.939,803.0999755859375,426.20001220703125,832.7000122070312,436.5,49.5,12.000000000170985,31.340898463595398,constant,
1.0,1061.527,1061.673,778.7999877929688,532.7999877929688,812.2000122070312,543.2999877929688,793.9000244140625,145.99999999995816,35.01159280666864,,
1.0,1061.985,1061.993,811.0,557.2000122070312,787.7999877929688,558.9000244140625,51.20000076293945,8.000000000038199,23.262214166120437,passive,
1.0,1062.586,1062.593,798.7000122070312,550.9000244140625,814.0999755859375,546.7000122070312,38.5,7.000000000061846,15.962423832578343,passive,
1.0,1063.177,1063.191,800.2000122070312,539.2999877929688,771.5999755859375,584.2000122070312,81.4000015258789,14.000000000123691,53.235085114154856,passive,
1.0,1063.494,1063.514,767.9000244140625,579.2000122070312,681.7000122070312,589.0,90.0,19.99999999998181,86.75529877324308,passive,
1.0,1063.92,1064.053,702.2999877929688,605.4000244140625,829.0999755859375,531.7000122070312,879.2000122070312,133.0000000000382,146.66263567662207,passive,
1.0,1064.338,1064.358,793.2000122070312,545.2000122070312,870.2000122070312,583.7000122070312,135.60000610351562,19.99999999998181,86.0886171337419,passive,
1.0,1064.856,1064.869,838.5,568.2999877929688,793.7999877929688,574.7999877929688,69.5999984741211,12.999999999919964,45.17013494897644,passive,
1.0,1065.061,1065.069,799.5999755859375,580.0,776.7000122070312,577.5,49.20000076293945,8.000000000038199,23.036022285873212,passive,
1.0,1065.624,1065.645,771.5999755859375,561.2999877929688,827.7000122070312,556.7999877929688,99.5,20.999999999958163,56.280228401171755,passive,
1.0,1065.891,1065.92,792.5,555.9000244140625,757.9000244140625,706.2000122070312,160.1999969482422,28.999999999996362,154.23114030932283,passive,
1.0,1066.224,1066.246,754.0999755859375,693.4000244140625,755.2000122070312,622.2000122070312,68.9000015258789,22.00000000016189,71.20850945532526,passive,
1.0,1066.49,1066.502,715.0999755859375,597.0,754.0999755859375,586.5999755859375,69.0999984741211,11.999999999943611,40.36286050087501,passive,
1.0,1066.857,1066.896,725.0,563.9000244140625,752.9000244140625,769.0,143.1999969482422,38.99999999998727,206.98891600193824,passive,
1.0,1067.199,1067.232,747.2000122070312,746.7999877929688,925.7000122070312,733.5999755859375,151.60000610351562,32.999999999901775,178.98740269154635,passive,
1.0,1067.611,1067.634,845.0999755859375,720.5999755859375,814.9000244140625,626.5999755859375,89.80000305175781,22.99999999991087,98.73214801058282,passive,
1.0,1068.418,1068.561,752.5,553.5,789.2000122070312,518.2999877929688,505.79998779296875,143.0000000000291,50.85205753331316,passive,
1.0,1069.591,1069.597,786.0999755859375,540.7000122070312,770.9000244140625,542.4000244140625,41.099998474121094,6.0000000000854925,15.294723179300744,passive,
1.0,1069.973,1070.116,753.4000244140625,555.5,774.7999877929688,504.3999938964844,548.4000244140625,143.0000000000291,55.40008173638251,passive,
1.0,1070.975,1071.001,781.7999877929688,517.7000122070312,857.5,434.8999938964844,105.30000305175781,26.000000000067303,112.18883580985934,passive,
1.0,1071.173,1071.186,805.9000244140625,390.20001220703125,844.0,361.79998779296875,76.5999984741211,12.999999999919964,47.52020124503241,passive,
1.0,1071.643,1071.666,817.7000122070312,355.6000061035156,812.5999755859375,439.6000061035156,90.9000015258789,22.99999999991087,84.15468123364556,passive,
1.0,1071.974,1071.982,812.9000244140625,423.70001220703125,792.5,425.5,45.0,8.000000000038199,20.479281045710138,passive,
1.0,1072.647,1072.676,788.0999755859375,446.1000061035156,929.5999755859375,375.29998779296875,174.0,28.999999999996362,158.22418460138695,passive,
1.0,1073.083,1073.125,853.0999755859375,371.3999938964844,780.2000122070312,659.4000244140625,189.10000610351562,41.99999999991633,297.08319077115726,passive,
1.0,1073.4,1073.436,777.2999877929688,666.0999755859375,874.0999755859375,559.0,144.0,35.999999999830834,144.362884451743,passive,
1.0,1073.565,1073.716,789.7000122070312,562.5,835.9000244140625,427.20001220703125,747.4000244140625,150.99999999983993,142.97037394057318,passive,
1.0,1074.711,1074.723,837.2999877929688,440.70001220703125,796.5,445.6000061035156,69.0,11.999999999943611,41.09317393548451,passive,
1.0,1075.102,1075.113,798.9000244140625,455.79998779296875,769.0999755859375,469.70001220703125,57.70000076293945,10.999999999967258,32.882420666218714,passive,
1.0,1075.326,1075.339,756.0,495.1000061035156,801.0,501.0,78.4000015258789,12.999999999919964,45.385128929843894,passive,
1.0,1075.999,1076.02,767.5,498.3999938964844,846.5999755859375,557.7000122070312,134.3000030517578,20.999999999958163,98.85999347221859,passive,
1.0,1076.407,1076.42,826.0,573.2000122070312,790.0,562.9000244140625,62.099998474121094,13.000000000147338,37.44448889403226,passive,
1.0,1076.632,1076.648,782.0999755859375,564.5999755859375,824.7000122070312,603.4000244140625,85.80000305175781,15.999999999849024,57.62123661622868,passive,
1.0,1076.783,1076.941,794.0,616.0,793.2000122070312,583.2999877929688,774.2000122070312,158.00000000012915,32.709796373699604,passive,
1.0,1077.803,1077.823,799.7000122070312,592.5999755859375,878.7000122070312,591.0,117.5,19.99999999998181,79.01620037609753,passive,
1.0,1078.159,1078.17,840.9000244140625,575.9000244140625,807.0999755859375,566.7999877929688,64.9000015258789,10.999999999967258,35.00362791610152,passive,
1.0,1079.317,1079.327,792.7000122070312,553.0,769.0,544.9000244140625,45.20000076293945,9.999999999990905,25.045961413094403,passive,
1.0,1079.595,1079.615,757.9000244140625,539.0999755859375,857.5,550.7000122070312,145.6999969482422,19.99999999998181,100.27320672208535,passive,
1.0,1080.059,1080.201,810.9000244140625,544.7000122070312,800.5999755859375,442.5,580.5,142.00000000005275,102.71773703201943,passive,
1.0,1080.556,1080.588,794.2999877929688,471.70001220703125,874.2000122070312,555.5,156.3000030517578,31.99999999992542,115.78623344538632,passive,
1.0,1080.812,1080.829,846.0,533.7000122070312,778.0999755859375,537.2999877929688,98.0,17.00000000005275,67.9953905764915,passive,
1.0,1082.063,1082.1,758.5,533.7999877929688,621.5,454.79998779296875,92.5,36.99999999980719,158.14550262337528,passive,
1.0,1082.315,1082.338,611.7000122070312,436.79998779296875,755.7999877929688,446.0,172.1999969482422,22.99999999991087,144.39336268844667,passive,
1.0,1082.571,1082.588,709.0999755859375,452.29998779296875,781.2999877929688,461.3999938964844,94.5999984741211,17.00000000005275,72.7712297118819,passive,
1.0,1082.912,1082.937,776.2000122070312,462.5,791.4000244140625,543.9000244140625,101.5,24.999999999863576,82.80703077458985,passive,
1.0,1083.885,1083.895,792.7000122070312,523.2999877929688,767.9000244140625,533.9000244140625,47.099998474121094,9.999999999990905,26.970357263112547,passive,
1.0,1084.977,1085.175,773.4000244140625,523.0,923.5,545.4000244140625,729.0,197.9999999998654,151.76219478068188,passive,
1.0,1085.65,1085.663,900.9000244140625,545.5,859.9000244140625,538.0999755859375,65.80000305175781,12.999999999919964,41.6624574566686,passive,
1.0,1086.045,1086.066,854.2999877929688,531.5999755859375,964.7999877929688,558.0999755859375,159.6999969482422,20.999999999958163,113.63318177363512,passive,
1.0,1086.255,1086.299,937.0,550.5999755859375,737.2999877929688,434.6000061035156,120.19999694824219,43.99999999986903,230.94607118418628,passive,
1.0,1087.029,1087.065,744.5,427.70001220703125,828.0999755859375,528.7000122070312,137.8000030517578,36.00000000005821,131.11047219032255,passive,
1.0,1087.582,1087.59,797.5999755859375,508.29998779296875,786.2000122070312,519.2999877929688,36.900001525878906,7.999999999810825,15.84169072543722,passive,
1.0,1087.901,1087.907,749.0,534.5,761.5,528.9000244140625,37.400001525878906,5.999999999858119,13.697069999204064,passive,
1.0,1088.545,1088.564,752.0,517.5,714.5999755859375,579.5,84.0,19.000000000005457,72.4069183584861,passive,
1.0,1088.691,1088.863,721.9000244140625,587.2000122070312,754.2000122070312,485.70001220703125,593.5,172.00000000002547,106.515441187773,passive,
1.0,1089.432,1089.459,769.4000244140625,500.79998779296875,782.7000122070312,622.0999755859375,114.30000305175781,27.000000000043656,122.02695076853918,passive,
1.0,1089.754,1089.774,767.7999877929688,607.5999755859375,844.2999877929688,620.0999755859375,118.69999694824219,19.99999999998181,77.51451476981585,passive,
1.0,1089.958,1089.976,805.7999877929688,616.0,762.9000244140625,579.0999755859375,81.19999694824219,18.000000000029104,56.58638228116289,passive,
1.0,1090.533,1090.555,719.0999755859375,497.5,826.7999877929688,519.7000122070312,152.8000030517578,22.00000000016189,109.964235874156,passive,
1.0,1091.941,1092.118,773.5,534.0999755859375,733.0999755859375,497.20001220703125,450.29998779296875,176.99999999990723,54.71534766426572,passive,
1.0,1092.771,1092.804,744.4000244140625,505.8999938964844,834.5,577.5999755859375,147.10000610351562,33.00000000012915,115.14726646713957,passive,
1.0,1093.213,1093.229,803.5,563.2999877929688,755.5,539.2999877929688,76.69999694824219,16.000000000076398,53.665631459994955,passive,
1.0,1094.063,1094.084,695.0999755859375,495.5,816.5,503.3999938964844,173.39999389648438,20.999999999958163,121.65679525328399,passive,
1.0,1095.485,1095.568,761.9000244140625,510.0,57.5,487.8999938964844,199.3000030517578,83.00000000008367,704.7466244433579,passive,
1.0,1095.935,1096.082,560.5999755859375,452.0,714.7000122070312,477.0,606.2999877929688,147.0000000001619,156.11476959795456,passive,
1.0,1096.62,1096.689,678.0,501.70001220703125,161.10000610351562,475.20001220703125,172.89999389648438,69.00000000018736,517.5788381398389,passive,
1.0,1096.993,1097.007,503.1000061035156,439.1000061035156,551.0999755859375,423.5,83.69999694824219,14.000000000123691,50.4713508908089,passive,
1.0,1097.354,1097.392,574.5,429.3999938964844,744.9000244140625,567.2999877929688,230.10000610351562,38.000000000010914,219.20897937120077,passive,
1.0,1097.938,1097.978,681.9000244140625,555.2999877929688,834.5,526.5999755859375,174.39999389648438,39.99999999996362,155.2753787614523,passive,
1.0,1098.232,1098.246,745.7000122070312,524.7000122070312,712.5999755859375,549.0,62.599998474121094,14.000000000123691,41.06217031595112,passive,
1.0,1098.442,1098.454,700.4000244140625,555.0,741.2000122070312,567.4000244140625,70.19999694824219,11.999999999943611,42.64269702276985,passive,
1.0,1099.137,1099.173,697.7999877929688,564.0999755859375,811.4000244140625,685.7999877929688,245.8000030517578,36.00000000005821,166.48081358374424,passive,
1.0,1099.413,1099.439,793.4000244140625,663.7000122070312,827.0999755859375,757.0,130.60000610351562,26.000000000067303,99.19966951131882,passive,
1.0,1099.58,1099.61,824.7999877929688,731.0,1011.5999755859375,594.7000122070312,227.60000610351562,29.999999999972715,231.2399665105855,passive,
1.0,1100.029,1100.209,919.7000122070312,534.7000122070312,811.0999755859375,500.5,655.7999877929688,180.00000000006366,113.85784465316384,passive,
1.0,1100.29,1100.32,816.7000122070312,520.0999755859375,965.2000122070312,439.5,174.39999389648438,29.999999999972715,168.963327572742,passive,
1.0,1100.58,1100.596,896.5,383.6000061035156,936.7999877929688,339.3999938964844,84.5999984741211,16.000000000076398,59.81412956162734,passive,
1.0,1100.859,1100.922,915.7000122070312,349.5,780.4000244140625,663.9000244140625,235.39999389648438,63.00000000010186,342.2768792196467,passive,
1.0,1101.418,1101.446,796.2999877929688,682.2999877929688,835.0999755859375,573.2000122070312,88.69999694824219,28.00000000002001,115.79397102434427,passive,
1.0,1102.593,1102.608,732.9000244140625,549.2999877929688,785.2000122070312,521.5,88.30000305175781,14.99999999987267,59.22945250830782,passive,
1.0,1102.846,1102.856,742.2999877929688,503.8999938964844,736.0,477.1000061035156,50.20000076293945,9.999999999990905,27.530513832742557,passive,
1.0,1102.984,1103.125,705.2000122070312,482.6000061035156,741.7000122070312,396.1000061035156,607.2999877929688,141.0000000000764,93.88556864609171,passive,
1.0,1103.646,1103.682,732.7999877929688,405.0,772.2999877929688,586.9000244140625,196.60000610351562,36.00000000005821,186.13938025532516,passive,
1.0,1104.46,1104.477,765.5999755859375,581.0999755859375,730.5999755859375,551.7000122070312,55.400001525878906,17.00000000005275,45.70949405409153,passive,
1.0,1104.832,1104.849,711.0999755859375,552.0,782.9000244140625,570.5999755859375,110.0,16.999999999825377,74.17011597347415,passive,
1.0,1105.598,1105.631,731.2999877929688,557.7999877929688,602.2000122070312,474.6000061035156,95.4000015258789,33.00000000012915,153.5872411674062,passive,
1.0,1105.983,1106.024,614.7999877929688,475.6000061035156,812.7999877929688,483.3999938964844,163.5,40.99999999993997,198.1535763229381,passive,
1.0,1106.476,1106.637,720.2999877929688,500.6000061035156,742.0,544.2999877929688,601.9000244140625,160.99999999983083,48.79117675813777,passive,
1.0,1107.029,1107.063,747.7999877929688,548.0,823.5,696.5999755859375,188.5,34.0000000001055,166.77063468214632,passive,
1.0,1107.377,1107.4,800.2999877929688,674.2999877929688,728.0999755859375,605.0,95.5999984741211,23.000000000138243,100.0766210001171,passive,
1.0,1107.791,1107.828,655.2000122070312,545.4000244140625,810.0,540.7000122070312,162.8000030517578,37.00000000003456,154.87132186253694,passive,
1.0,1109.348,1109.375,706.5,521.7999877929688,719.0,632.7000122070312,135.60000610351562,27.000000000043656,111.60226438132722,passive,
1.0,1109.627,1109.648,703.5999755859375,619.7999877929688,739.2000122070312,537.0,99.80000305175781,20.999999999958163,90.12879998057774,passive,
1.0,1110.007,1110.018,694.2999877929688,497.70001220703125,723.4000244140625,483.20001220703125,58.599998474121094,10.999999999967258,32.512491927703685,passive,
1.0,1110.201,1110.224,702.0,475.70001220703125,819.2999877929688,474.0,143.6999969482422,22.99999999991087,117.3123061649317,passive,
1.0,1110.51,1110.548,783.2000122070312,467.3999938964844,602.0,467.0,111.80000305175781,38.000000000010914,181.200453694094,passive,
1.0,1111.043,1111.082,685.4000244140625,472.5,737.5999755859375,681.9000244140625,171.39999389648438,39.00000000021464,215.80826009899644,passive,
1.0,1111.261,1111.278,722.7999877929688,673.5,776.0,718.5,111.30000305175781,17.00000000005275,69.67956155737689,passive,
1.0,1111.521,1111.561,755.9000244140625,706.2000122070312,742.2999877929688,533.5,110.5999984741211,39.99999999996362,173.23468247554771,passive,
1.0,1112.002,1112.02,684.5,532.0,753.0999755859375,536.4000244140625,115.9000015258789,18.000000000029104,68.740940241137,passive,
1.0,1112.824,1112.975,692.0999755859375,540.5999755859375,827.2999877929688,421.20001220703125,342.3999938964844,150.99999999983993,180.37570389513536,passive,
1.0,1113.349,1113.375,792.2999877929688,434.0,761.2000122070312,531.0999755859375,92.19999694824219,26.000000000067303,101.95888259605225,passive,
1.0,1113.732,1113.766,771.4000244140625,511.5,830.0,659.9000244140625,137.0,34.0000000001055,159.5510087237521,passive,
1.0,1114.152,1114.175,811.2000122070312,636.2000122070312,737.4000244140625,589.7999877929688,95.0999984741211,22.99999999991087,87.17454022745363,passive,
1.0,1114.423,1114.447,677.7000122070312,546.0,799.4000244140625,556.7999877929688,171.6999969482422,23.999999999887223,122.17828247082143,passive,
1.0,1114.654,1114.67,742.9000244140625,553.2000122070312,696.7000122070312,546.7000122070312,64.5,16.000000000076398,46.65502253701992,passive,
1.0,1115.732,1115.751,648.5999755859375,579.4000244140625,739.5,585.2999877929688,126.9000015258789,19.000000000005457,91.09129489885186,passive,
1.0,1116.132,1116.143,703.4000244140625,573.2000122070312,731.0999755859375,575.9000244140625,50.29999923706055,10.999999999967258,27.831229955615992,passive,
1.0,1116.509,1116.523,719.5999755859375,563.0999755859375,759.0999755859375,540.7999877929688,70.69999694824219,13.999999999896318,45.360108637067384,passive,
1.0,1116.662,1116.682,731.9000244140625,521.5999755859375,794.7999877929688,439.20001220703125,120.5999984741211,19.99999999998181,103.66368389128779,passive,
1.0,1117.233,1117.244,737.7999877929688,419.1000061035156,711.5999755859375,428.79998779296875,52.0,10.999999999967258,27.937972088616462,passive,
1.0,1117.758,1117.775,688.2999877929688,474.29998779296875,759.7999877929688,485.3999938964844,109.80000305175781,17.00000000005275,72.35647956816365,passive,
1.0,1118.128,1118.135,726.5999755859375,485.29998779296875,710.4000244140625,483.79998779296875,41.20000076293945,7.000000000061846,16.269247615398022,passive,
1.0,1118.385,1118.408,712.2000122070312,482.6000061035156,811.9000244140625,529.9000244140625,144.3000030517578,22.99999999991087,110.35118561329665,passive,
1.0,1118.568,1118.609,773.9000244140625,560.4000244140625,742.9000244140625,802.0999755859375,160.39999389648438,40.99999999993997,243.67984405052206,passive,
1.0,1118.77,1118.977,742.4000244140625,797.4000244140625,779.9000244140625,521.2999877929688,563.5,207.00000000010732,278.6350305007777,passive,
1.0,1119.274,1119.29,704.9000244140625,485.3999938964844,662.2999877929688,471.0,56.70000076293945,16.000000000076398,44.96802135226005,passive,
1.0,1119.473,1119.489,658.5,455.70001220703125,725.4000244140625,435.20001220703125,100.0,16.000000000076398,69.97044566531042,passive,
1.0,1119.96,1119.976,665.2000122070312,449.70001220703125,727.5999755859375,457.1000061035156,84.80000305175781,16.000000000076398,62.83721301392072,passive,
1.0,1120.264,1120.276,763.2999877929688,556.7000122070312,800.2000122070312,556.5999755859375,60.29999923706055,12.000000000170985,36.900160014340976,,
1.0,1120.306,1120.459,778.2000122070312,560.5999755859375,772.0999755859375,559.7000122070312,736.2000122070312,153.00000000002,6.166066887575678,,
1.0,1120.89,1120.898,787.5,566.0,800.5999755859375,580.4000244140625,43.70000076293945,7.999999999810825,19.467153450819527,passive,
1.0,1121.354,1121.369,765.5999755859375,561.2000122070312,820.2000122070312,559.0999755859375,87.80000305175781,14.99999999987267,54.640407692793744,passive,
1.0,1121.631,1121.638,783.0999755859375,547.5999755859375,763.0,548.5999755859375,47.5,6.999999999834472,20.12483586405821,passive,
1.0,1121.801,1121.844,759.7999877929688,549.0999755859375,1049.0999755859375,528.5999755859375,232.10000610351562,43.00000000012005,290.02540050314883,passive,
1.0,1122.17,1122.19,909.5999755859375,509.79998779296875,828.7999877929688,541.7000122070312,105.5,19.99999999998181,86.86915209072599,passive,
1.0,1122.35,1122.407,764.5999755859375,569.2000122070312,1128.699951171875,496.1000061035156,208.1999969482422,57.00000000001637,371.36559225918376,passive,
1.0,1122.916,1122.929,940.5999755859375,460.20001220703125,904.2999877929688,458.6000061035156,59.900001525878906,13.000000000147338,36.33523267162283,passive,
1.0,1123.181,1123.202,894.9000244140625,460.3999938964844,1015.5999755859375,460.6000061035156,163.6999969482422,20.999999999958163,120.70011689213881,passive,
1.0,1123.419,1123.597,944.0999755859375,473.6000061035156,997.2999877929688,476.29998779296875,403.8999938964844,177.99999999988358,53.26848223810827,passive,
1.0,1123.803,1123.817,984.0999755859375,473.20001220703125,934.2000122070312,473.20001220703125,77.5,13.999999999896318,49.89996337890625,passive,
1.0,1124.4,1124.413,928.0,477.29998779296875,893.4000244140625,477.1000061035156,51.599998474121094,12.999999999919964,34.600553510364364,passive,
1.0,1126.268,1126.285,894.2000122070312,468.29998779296875,839.2000122070312,478.6000061035156,73.69999694824219,17.00000000005275,55.95614691164502,passive,
1.0,1126.945,1127.079,829.7999877929688,499.79998779296875,855.7999877929688,466.5,574.2000122070312,134.00000000001455,42.247948908933644,passive,
1.0,1127.175,1127.315,841.4000244140625,483.0,862.2999877929688,457.20001220703125,655.2000122070312,140.00000000010004,33.20312996325736,passive,
1.0,1127.35,1127.359,860.7000122070312,467.8999938964844,856.2999877929688,494.5,61.900001525878906,9.000000000014552,26.961463972703978,passive,
1.0,1128.046,1128.057,844.2999877929688,494.1000061035156,813.5999755859375,500.3999938964844,56.099998474121094,10.999999999967258,31.339760619753033,passive,
1.0,1129.096,1129.115,821.0,507.1000061035156,838.5,560.4000244140625,62.29999923706055,19.000000000005457,56.0993935074581,passive,
1.0,1130.603,1130.617,785.5,497.79998779296875,840.2000122070312,495.0,78.30000305175781,13.999999999896318,54.771628304169866,passive,
1.0,1131.146,1131.159,811.5,491.5,776.0999755859375,500.20001220703125,61.099998474121094,13.000000000147338,36.45342152554015,passive,
1.0,1131.311,1131.317,777.2999877929688,517.0999755859375,786.7999877929688,525.5,38.0,6.0000000000854925,12.681104453352873,passive,
1.0,1131.954,1131.978,783.2999877929688,522.7999877929688,863.5,417.0,138.6999969482422,24.000000000114596,132.76173912313854,passive,
1.0,1132.199,1132.214,796.0999755859375,407.29998779296875,832.0999755859375,369.5,73.5,14.99999999987267,52.19999116042633,passive,
1.0,1132.385,1132.414,798.4000244140625,367.1000061035156,768.9000244140625,504.3999938964844,118.80000305175781,28.999999999996362,140.43338865080972,passive,
1.0,1132.669,1132.688,771.2999877929688,504.8999938964844,850.0999755859375,499.3999938964844,111.0999984741211,19.000000000005457,78.99169624822615,passive,
1.0,1133.838,1133.845,817.4000244140625,491.6000061035156,799.7000122070312,490.1000061035156,43.20000076293945,7.000000000061846,17.76345777513644,passive,
1.0,1134.859,1134.87,784.4000244140625,485.1000061035156,815.0,477.20001220703125,53.400001525878906,10.999999999967258,31.6032974454322,passive,
1.0,1135.12,1135.131,804.4000244140625,471.6000061035156,771.7999877929688,459.79998779296875,59.70000076293945,11.000000000194632,34.669912313501676,passive,
1.0,1135.602,1135.634,778.9000244140625,454.29998779296875,761.4000244140625,628.2000122070312,157.39999389648438,31.99999999992542,174.7783410243144,passive,
1.0,1135.793,1135.814,748.2000122070312,614.5999755859375,821.2999877929688,660.9000244140625,142.6999969482422,21.000000000185537,86.52919132958205,passive,
1.0,1136.517,1136.535,774.0,664.0,785.7999877929688,622.0,48.29999923706055,18.000000000029104,43.626135651856806,passive,
1.0,1136.955,1136.967,768.0,615.7999877929688,812.2000122070312,610.9000244140625,77.0,12.000000000170985,44.4707850191149,passive,
1.0,1137.149,1137.268,799.5,600.2999877929688,808.2999877929688,590.5,765.5999755859375,119.00000000014188,13.17116342236841,passive,
1.0,1137.655,1137.664,809.2999877929688,579.0999755859375,784.7000122070312,569.2000122070312,52.79999923706055,9.000000000014552,26.517316488144232,passive,
1.0,1137.91,1137.921,784.0,580.5999755859375,818.2000122070312,604.4000244140625,76.69999694824219,10.999999999967258,41.66633124216987,passive,
1.0,1138.716,1138.734,806.2999877929688,612.4000244140625,732.7000122070312,632.0,95.5,18.000000000029104,76.16505398947697,passive,
1.0,1138.886,1138.913,750.2999877929688,641.2999877929688,941.0999755859375,654.2999877929688,209.10000610351562,27.000000000043656,191.24234714570156,passive,
1.0,1139.177,1139.195,882.9000244140625,652.9000244140625,826.7999877929688,618.7999877929688,87.80000305175781,18.000000000029104,65.65079288514339,passive,
1.0,1139.53,1139.685,782.5,608.5999755859375,807.2000122070312,538.0,719.4000244140625,154.99999999997272,74.79603703246893,passive,
1.0,1139.99,1140.014,806.7000122070312,578.7000122070312,911.5,639.2999877929688,162.5,23.999999999887223,121.05946671955324,passive,
1.0,1140.468,1140.484,879.7000122070312,634.0,823.2999877929688,622.7999877929688,83.0,15.999999999849024,57.501330657163884,passive,
1.0,1140.784,1140.799,832.0999755859375,613.5,772.7999877929688,593.7999877929688,92.30000305175781,14.99999999987267,62.486630835750965,passive,
1.0,1141.786,1141.803,791.4000244140625,596.7999877929688,852.4000244140625,602.5,101.69999694824219,17.00000000005275,61.26573380904129,passive,
1.0,1142.063,1142.075,806.0,601.7999877929688,845.2000122070312,588.4000244140625,66.69999694824219,11.999999999943611,41.42704401218397,passive,
1.0,1142.566,1142.584,814.5999755859375,578.7000122070312,771.4000244140625,632.7999877929688,91.30000305175781,18.000000000029104,69.23180728286253,passive,
1.0,1143.056,1143.062,774.7999877929688,639.0,766.2999877929688,628.0999755859375,38.79999923706055,5.999999999858119,13.82246476671793,passive,
1.0,1143.534,1143.555,765.7999877929688,615.7999877929688,857.0999755859375,597.7999877929688,131.39999389648438,20.999999999958163,93.05744339383197,passive,
1.0,1144.877,1144.888,814.5999755859375,580.9000244140625,785.7000122070312,578.0,49.20000076293945,10.999999999967258,29.045103286169958,passive,
1.0,1145.751,1145.782,778.4000244140625,572.2000122070312,865.7000122070312,654.0999755859375,156.10000610351562,30.99999999994907,119.70334945238031,passive,
1.0,1145.993,1146.005,835.4000244140625,643.5,841.0999755859375,676.0999755859375,56.29999923706055,12.000000000170985,33.094529027703054,passive,
1.0,1146.182,1146.201,833.2999877929688,666.0,817.4000244140625,620.5,52.20000076293945,19.000000000005457,48.198120663056564,passive,
1.0,1146.4,1146.42,812.7999877929688,615.7000122070312,762.7000122070312,563.2999877929688,75.69999694824219,19.99999999998181,72.49669035415258,passive,
1.0,1146.599,1146.621,745.2999877929688,544.7999877929688,863.0999755859375,515.5,172.3000030517578,22.00000000016189,121.38915276371156,passive,
1.0,1146.776,1146.788,810.7999877929688,491.6000061035156,822.0999755859375,458.79998779296875,56.0,11.999999999943611,34.69194323316947,passive,
1.0,1147.144,1147.179,808.4000244140625,450.3999938964844,946.5,419.29998779296875,117.19999694824219,35.000000000081855,141.5585166511547,passive,
1.0,1147.405,1147.421,870.7999877929688,420.20001220703125,814.5,426.6000061035156,77.80000305175781,16.000000000076398,56.66258507483988,passive,
1.0,1147.925,1147.945,815.4000244140625,433.8999938964844,763.0999755859375,449.20001220703125,56.099998474121094,19.99999999998181,54.49206976916301,passive,
1.0,1148.814,1148.845,768.2000122070312,471.29998779296875,775.0,611.2999877929688,126.5999984741211,30.99999999994907,140.1650449790693,passive,
1.0,1149.042,1149.06,773.5,606.2000122070312,835.2000122070312,652.0999755859375,114.0999984741211,18.000000000029104,76.90057310926063,passive,
1.0,1149.34,1149.375,806.5999755859375,657.9000244140625,818.2999877929688,510.5,100.4000015258789,35.000000000081855,147.8636448993156,passive,
1.0,1149.655,1149.685,757.0,446.20001220703125,739.0,581.7000122070312,109.69999694824219,29.999999999972715,136.69034347751125,passive,
1.0,1149.855,1149.88,744.2999877929688,577.5999755859375,812.5999755859375,680.2999877929688,161.6999969482422,25.00000000009095,123.33766999519672,passive,
1.0,1150.163,1150.21,787.5,668.7999877929688,718.9000244140625,513.5,89.5,47.000000000025466,169.7764496592135,passive,
1.0,1150.699,1150.707,780.2000122070312,591.7000122070312,760.0,590.7999877929688,42.599998474121094,8.000000000038199,20.22005284637308,,
1.0,1150.84,1150.954,748.0,593.0,774.4000244140625,554.4000244140625,718.0,114.00000000003274,46.76451009363903,,
1.0,1151.224,1151.23,772.7999877929688,572.7000122070312,778.9000244140625,582.7999877929688,37.29999923706055,6.0000000000854925,11.79915054634097,passive,
1.0,1151.868,1151.884,769.2999877929688,590.5,825.2999877929688,591.9000244140625,88.4000015258789,16.000000000076398,56.01749787664539,passive,
1.0,1152.1,1152.138,795.0,588.5,621.9000244140625,645.4000244140625,155.89999389648438,38.000000000010914,182.21200379276078,passive,
1.0,1152.31,1152.36,713.0,646.9000244140625,1112.0999755859375,664.0,259.70001220703125,49.999999999954525,399.4661433435074,passive,
1.0,1152.648,1152.667,957.7000122070312,652.0999755859375,1030.300048828125,658.2999877929688,102.30000305175781,19.000000000005457,72.86429488268922,passive,
1.0,1152.963,1152.986,997.2000122070312,653.7999877929688,902.2999877929688,619.4000244140625,94.5,23.000000000138243,100.94241979593986,passive,
1.0,1153.286,1153.319,822.0999755859375,598.9000244140625,669.2999877929688,620.0999755859375,107.80000305175781,32.999999999901775,154.2636515813796,passive,
1.0,1153.537,1153.73,718.2999877929688,634.7999877929688,862.0,598.0999755859375,300.79998779296875,192.99999999998363,148.31245532421468,passive,
1.0,1153.915,1153.938,861.5,623.7000122070312,1014.7000122070312,652.5999755859375,212.1999969482422,23.000000000138243,155.9020577912192,passive,
1.0,1154.337,1154.357,980.7000122070312,652.5999755859375,908.4000244140625,648.5,85.5999984741211,19.99999999998181,72.41614484815327,passive,
1.0,1154.661,1154.676,864.5999755859375,643.0999755859375,806.7999877929688,623.2999877929688,90.80000305175781,14.99999999987267,61.09728394510715,passive,
1.0,1154.863,1154.876,764.5999755859375,623.9000244140625,721.5999755859375,614.7999877929688,67.0999984741211,12.999999999919964,43.95236815582577,passive,
1.0,1155.072,1155.082,739.9000244140625,613.7000122070312,772.2000122070312,616.4000244140625,60.099998474121094,10.000000000218279,32.4126407030351,passive,
1.0,1155.595,1155.632,752.0,620.2000122070312,863.5999755859375,736.7000122070312,183.3000030517578,37.00000000003456,161.32825093820935,passive,
1.0,1155.891,1155.914,825.5,715.9000244140625,782.7999877929688,630.7000122070312,90.9000015258789,22.99999999991087,95.30127555578095,passive,
1.0,1156.167,1156.182,706.2999877929688,539.5999755859375,760.2999877929688,522.0,88.19999694824219,15.000000000100044,56.79576692523481,passive,
1.0,1156.856,1156.876,707.2999877929688,468.6000061035156,802.2999877929688,483.0,141.39999389648438,19.99999999998181,96.08516963724833,passive,
1.0,1157.491,1157.51,775.7999877929688,490.20001220703125,847.2999877929688,526.0999755859375,120.0999984741211,19.000000000005457,80.00660829335793,passive,
1.0,1157.78,1157.792,822.4000244140625,537.2000122070312,785.7000122070312,542.2999877929688,62.5,11.999999999943611,37.05267395173257,passive,
1.0,1158.814,1158.825,768.4000244140625,565.9000244140625,743.0,554.5999755859375,46.599998474121094,10.999999999967258,27.800222009059212,passive,
1.0,1159.014,1159.183,730.2000122070312,555.7999877929688,789.2999877929688,509.79998779296875,308.29998779296875,169.0000000000964,74.89196962464273,passive,
1.0,1159.392,1159.411,778.4000244140625,501.70001220703125,864.9000244140625,524.2000122070312,130.0,19.000000000005457,89.37840902589394,passive,
1.0,1159.754,1159.764,838.0999755859375,519.7000122070312,812.5,511.3999938964844,53.79999923706055,9.999999999990905,26.91187570490042,passive,
1.0,1160.641,1160.648,819.9000244140625,511.3999938964844,836.9000244140625,514.4000244140625,42.099998474121094,6.999999999834472,17.262681805165734,passive,
1.0,1161.045,1161.056,829.0,515.7000122070312,800.7999877929688,527.9000244140625,53.5,10.999999999967258,30.72590090344664,passive,
1.0,1161.22,1161.228,794.0999755859375,536.7000122070312,777.0,546.2999877929688,43.79999923706055,8.000000000038199,19.6104231542885,passive,
1.0,1162.09,1162.112,771.4000244140625,546.5999755859375,859.5,608.0,154.3000030517578,22.00000000016189,107.38514187861492,passive,
1.0,1162.327,1162.343,831.0,610.2000122070312,771.7999877929688,640.7000122070312,93.5999984741211,16.000000000076398,66.59498063152094,passive,
1.0,1162.751,1162.813,791.2000122070312,643.5,1213.699951171875,665.7000122070312,239.60000610351562,62.00000000012551,423.0827802774405,passive,
1.0,1163.111,1163.131,1036.800048828125,649.9000244140625,956.0999755859375,635.5999755859375,84.5999984741211,19.99999999998181,81.95726458210514,passive,
1.0,1163.321,1163.344,920.5999755859375,624.0999755859375,822.2999877929688,596.5999755859375,96.30000305175781,23.000000000138243,102.07417695038156,passive,
1.0,1164.03,1164.042,762.0999755859375,560.4000244140625,729.5999755859375,563.7000122070312,53.599998474121094,11.999999999943611,32.66710760740447,passive,
1.0,1164.277,1164.297,734.2000122070312,586.0999755859375,821.7000122070312,589.0,129.60000610351562,19.99999999998181,87.54804476173159,passive,
1.0,1164.563,1164.575,781.7000122070312,580.9000244140625,745.7999877929688,579.2999877929688,56.5,11.999999999943611,35.93566292861625,passive,
1.0,1164.811,1164.828,750.5999755859375,577.0,778.0999755859375,580.2000122070312,64.69999694824219,17.00000000005275,27.685557211751203,passive,
1.0,1164.961,1164.976,740.5999755859375,583.4000244140625,697.2000122070312,590.5999755859375,61.70000076293945,15.000000000100044,43.99313717124283,passive,
1.0,1165.295,1165.314,683.2000122070312,599.7000122070312,776.5999755859375,594.9000244140625,125.69999694824219,19.000000000005457,93.52322193976038,passive,
1.0,1165.69,1165.713,744.4000244140625,569.9000244140625,827.5,638.2000122070312,145.10000610351562,22.99999999991087,107.5662320382335,passive,
1.0,1165.977,1166.001,800.5,642.0999755859375,932.7999877929688,685.0,165.6999969482422,23.999999999887223,139.0816266253269,passive,
1.0,1166.263,1166.277,896.5999755859375,683.2999877929688,856.4000244140625,671.5999755859375,63.20000076293945,14.000000000123691,41.86796340719016,passive,
1.0,1166.538,1166.553,831.5,662.0,784.7999877929688,642.2000122070312,69.80000305175781,15.000000000100044,50.72406388232886,passive,
1.0,1166.753,1166.769,782.2999877929688,634.0,730.5999755859375,613.2999877929688,76.0,16.000000000076398,55.690050885040705,passive,
1.0,1166.982,1167.005,742.0999755859375,614.7999877929688,877.4000244140625,589.0,159.0,23.000000000138243,137.73794895746903,passive,
1.0,1167.226,1167.25,827.0,573.2000122070312,747.4000244140625,632.4000244140625,92.9000015258789,23.999999999887223,99.20079414296286,passive,
1.0,1167.701,1167.857,721.2999877929688,646.0999755859375,731.4000244140625,548.7000122070312,593.0,155.99999999994907,97.92223243962381,passive,
1.0,1168.309,1168.32,750.7999877929688,566.5,784.0,584.0,66.9000015258789,10.999999999967258,37.529865581254406,passive,
1.0,1168.7,1168.733,771.5,591.0999755859375,816.5999755859375,710.4000244140625,123.69999694824219,32.999999999901775,127.54022678451364,passive,
1.0,1168.948,1168.956,800.2999877929688,701.4000244140625,785.4000244140625,716.5999755859375,47.599998474121094,7.999999999810825,21.284910719101724,passive,
1.0,1169.192,1169.212,786.9000244140625,723.0999755859375,836.2000122070312,686.7999877929688,66.9000015258789,19.99999999998181,61.22236446068175,passive,
1.0,1169.426,1169.435,808.2000122070312,647.2999877929688,789.2999877929688,638.9000244140625,41.900001525878906,9.000000000014552,20.682608820434734,passive,
1.0,1169.536,1169.721,756.0999755859375,636.5999755859375,745.7999877929688,593.5999755859375,267.3999938964844,184.99999999994543,44.21639682895142,passive,
1.0,1169.852,1169.864,754.0999755859375,640.7000122070312,786.5,646.5999755859375,49.20000076293945,11.999999999943611,32.93282784554465,passive,
1.0,1170.007,1170.021,773.2000122070312,655.2000122070312,735.0,652.4000244140625,56.400001525878906,13.999999999896318,38.302491619450954,passive,
1.0,1170.124,1170.145,744.5999755859375,644.0999755859375,774.2000122070312,545.5,107.80000305175781,20.999999999958163,102.94715806430774,passive,
1.0,1170.836,1170.854,724.5,523.5999755859375,767.7000122070312,552.7999877929688,79.9000015258789,18.000000000029104,52.14289757558956,passive,
1.0,1171.064,1171.075,756.9000244140625,564.2999877929688,779.5999755859375,581.5999755859375,47.599998474121094,10.999999999967258,28.54080168534824,passive,
1.0,1171.866,1171.9,750.2000122070312,580.7000122070312,976.2000122070312,714.5999755859375,289.3999938964844,34.0000000001055,262.688408942748,passive,
1.0,1172.142,1172.155,888.5,697.0999755859375,929.7999877929688,694.4000244140625,66.19999694824219,12.999999999919964,41.388147192522126,passive,
1.0,1172.211,1172.281,904.4000244140625,691.9000244140625,571.0999755859375,521.7999877929688,111.19999694824219,69.99999999993634,374.196398976965,passive,
1.0,1172.473,1172.693,599.4000244140625,481.5,712.0999755859375,502.0,419.5,220.00000000002728,114.54924266071343,passive,
1.0,1172.948,1172.993,703.0,529.0,732.2000122070312,748.5999755859375,177.8000030517578,44.999999999845386,221.53281921700705,passive,
1.0,1173.179,1173.196,728.4000244140625,727.0999755859375,715.7999877929688,773.0,69.5999984741211,16.999999999825377,47.59803739719146,passive,
1.0,1173.353,1173.375,719.5999755859375,765.5,775.4000244140625,757.0,111.0,21.999999999934516,56.44373702388188,passive,
1.0,1173.547,1173.572,747.2999877929688,756.0999755859375,745.4000244140625,648.9000244140625,88.0,24.999999999863576,107.2167868950267,passive,
1.0,1174.335,1174.354,686.0999755859375,545.0,765.5999755859375,564.7999877929688,127.9000015258789,19.000000000005457,81.92856349651025,passive,
1.0,1174.558,1174.567,740.9000244140625,564.5,763.0999755859375,568.2000122070312,44.29999923706055,9.000000000014552,22.506175205170123,passive,
1.0,1175.118,1175.151,743.7999877929688,566.4000244140625,800.7999877929688,661.5999755859375,122.5999984741211,33.00000000012915,110.9595904062708,passive,
1.0,1175.36,1175.378,779.7000122070312,641.5,753.0,603.9000244140625,52.20000076293945,18.000000000029104,46.115602738321805,passive,
1.0,1175.583,1175.599,723.7999877929688,568.2999877929688,780.7000122070312,561.9000244140625,82.80000305175781,15.999999999849024,57.25881861837746,passive,
1.0,1175.637,1175.824,769.2000122070312,559.2000122070312,776.5,553.0999755859375,496.1000061035156,187.0000000001255,9.513162910209076,passive,
1.0,1175.937,1175.946,746.9000244140625,573.2999877929688,727.4000244140625,577.5,40.79999923706055,9.000000000014552,19.947182822123317,passive,
1.0,1176.183,1176.219,721.2000122070312,576.0,825.7000122070312,715.9000244140625,217.3000030517578,36.00000000005821,174.62035056388842,passive,
1.0,1176.547,1176.569,802.9000244140625,689.5999755859375,736.7999877929688,627.5,103.80000305175781,21.999999999934516,90.69521381574647,passive,
1.0,1177.381,1177.402,727.5,615.5,823.7999877929688,650.9000244140625,154.39999389648438,20.999999999958163,102.60043556165905,passive,
1.0,1177.78,1177.798,786.0999755859375,650.2000122070312,813.2999877929688,590.0999755859375,79.5999984741211,18.000000000029104,65.96859151080504,passive,
1.0,1178.524,1178.534,737.0,582.7999877929688,764.7999877929688,587.5,52.79999923706055,10.000000000218279,28.19449300901604,passive,
1.0,1178.977,1178.994,739.0999755859375,575.5,806.2000122070312,584.4000244140625,101.5999984741211,16.999999999825377,67.68770456384993,passive,
1.0,1179.311,1179.332,770.2999877929688,582.0999755859375,863.2999877929688,585.0999755859375,133.8000030517578,21.000000000185537,93.04837451562494,passive,
1.0,1179.49,1179.531,820.7999877929688,586.2999877929688,1137.199951171875,591.0999755859375,247.6999969482422,40.99999999993997,316.4363707113736,passive,
1.0,1179.904,1179.919,1005.2999877929688,580.5,953.9000244140625,587.2999877929688,75.5,15.000000000100044,51.84781643750706,passive,
1.0,1180.028,1180.09,930.4000244140625,589.9000244140625,624.7999877929688,588.9000244140625,117.80000305175781,61.99999999989814,305.6016727421724,passive,
1.0,1180.521,1180.676,755.2000122070312,598.7999877929688,812.7999877929688,527.9000244140625,506.1000061035156,154.99999999997272,91.34857412478229,passive,
1.0,1181.741,1181.752,790.2000122070312,548.2999877929688,761.0,561.2999877929688,59.79999923706055,10.999999999967258,31.963114880918194,passive,
1.0,1182.872,1182.895,755.4000244140625,576.0,812.0999755859375,687.0,165.5,22.99999999991087,124.64302813592508,passive,
1.0,1183.279,1183.301,780.2999877929688,688.9000244140625,759.7999877929688,592.5,92.9000015258789,21.999999999934516,98.55564269503724,passive,
1.0,1183.557,1183.576,705.2000122070312,557.5999755859375,798.7999877929688,531.0,139.1999969482422,19.000000000005457,97.30629029441296,passive,
1.0,1184.034,1184.054,753.2000122070312,512.5,847.2000122070312,545.2999877929688,143.3000030517578,19.99999999998181,99.55822014891035,passive,
1.0,1184.574,1184.588,810.0999755859375,551.0999755859375,761.0999755859375,538.5999755859375,73.80000305175781,13.999999999896318,50.56925943693461,passive,
1.0,1186.085,1186.101,752.7000122070312,552.2999877929688,770.2000122070312,598.7999877929688,68.0,16.000000000076398,49.684001449158664,passive,
1.0,1186.408,1186.45,763.4000244140625,587.7000122070312,1056.300048828125,572.0999755859375,231.6999969482422,42.0000000001437,293.3151640204404,passive,
1.0,1187.181,1187.203,931.7000122070312,554.5,847.0,543.5,101.19999694824219,21.999999999934516,85.41131112371032,passive,
1.0,1187.482,1187.539,827.2999877929688,541.7999877929688,522.7000122070312,454.6000061035156,133.39999389648438,57.00000000001637,316.8358911701682,passive,
1.0,1188.181,1188.22,658.2999877929688,451.70001220703125,767.5999755859375,580.4000244140625,168.89999389648438,38.99999999998727,168.84957942983783,passive,
1.0,1188.597,1188.604,737.0,578.7000122070312,749.5,590.2999877929688,44.20000076293945,7.000000000061846,17.053135594205134,passive,
1.0,1188.849,1188.866,728.5999755859375,595.7000122070312,792.5999755859375,602.9000244140625,99.0999984741211,17.00000000005275,64.40372796493537,passive,
1.0,1189.492,1189.515,769.9000244140625,604.4000244140625,760.4000244140625,686.0999755859375,88.0999984741211,23.000000000138243,82.25042262193404,passive,
1.0,1189.737,1189.752,756.9000244140625,675.7000122070312,757.0,719.2999877929688,56.900001525878906,14.99999999987267,43.60009020876137,passive,
1.0,1189.978,1190.017,748.9000244140625,718.2000122070312,931.2000122070312,725.4000244140625,144.10000610351562,38.99999999998727,182.44211609466151,passive,
1.0,1190.5,1190.52,850.2999877929688,706.2000122070312,791.7000122070312,672.0,78.30000305175781,19.99999999998181,67.84981926013921,passive,
1.0,1190.82,1190.843,713.5999755859375,585.9000244140625,706.7999877929688,679.9000244140625,103.30000305175781,23.000000000138243,94.24563562300656,passive,
1.0,1191.066,1191.091,707.9000244140625,668.0999755859375,881.4000244140625,716.7000122070312,202.6999969482422,24.999999999863576,180.1782827079103,passive,
1.0,1193.537,1193.558,845.0,515.7000122070312,779.5999755859375,500.6000061035156,65.0,20.999999999958163,67.12058832941038,active,
1.0,1193.941,1194.073,788.7000122070312,532.5,824.5999755859375,481.79998779296875,857.2999877929688,132.00000000006185,62.12325336297132,active,
1.0,1194.335,1194.355,811.5,490.29998779296875,880.0,554.2000122070312,150.8000030517578,19.99999999998181,93.67744189567617,active,
1.0,1194.723,1194.737,849.0999755859375,536.2000122070312,833.9000244140625,510.79998779296875,38.900001525878906,14.000000000123691,29.60067154411121,active,
1.0,1195.424,1195.432,827.2999877929688,501.0,834.0,521.2000122070312,44.099998474121094,8.000000000038199,21.282167576132355,active,
1.0,1195.637,1195.645,821.2999877929688,521.2000122070312,844.5999755859375,527.7000122070312,53.70000076293945,8.000000000038199,24.18965545749862,active,
1.0,1196.056,1196.064,826.9000244140625,526.0999755859375,850.5,519.7999877929688,52.79999923706055,8.000000000038199,24.4263933860159,active,
1.0,1196.481,1196.54,827.9000244140625,508.5,482.5,339.20001220703125,152.6999969482422,58.99999999996908,384.6604512189086,active,
1.0,1196.795,1196.812,653.4000244140625,337.0,710.5,304.1000061035156,101.4000015258789,16.999999999825377,65.90005167147721,active,
1.0,1197.027,1197.052,679.7999877929688,307.70001220703125,818.2000122070312,416.29998779296875,212.8000030517578,24.999999999863576,175.92191863175924,active,
1.0,1197.584,1197.605,780.2999877929688,440.0,778.5,369.29998779296875,70.0999984741211,20.999999999958163,70.72292190039383,active,
1.0,1198.509,1198.517,729.9000244140625,329.1000061035156,747.5999755859375,321.3999938964844,43.20000076293945,8.000000000038199,19.30229156020573,active,
1.0,1198.912,1198.935,728.5,313.8999938964844,805.2000122070312,382.0,124.5,22.99999999991087,102.56950182124123,active,
1.0,1199.122,1199.143,773.2000122070312,411.79998779296875,851.0999755859375,445.3999938964844,122.80000305175781,20.999999999958163,84.83728369408831,active,
1.0,1200.365,1200.382,821.9000244140625,450.8999938964844,854.5999755859375,415.20001220703125,69.19999694824219,17.00000000005275,48.41255518220762,active,
1.0,1201.893,1201.905,783.7000122070312,423.3999938964844,828.7999877929688,430.70001220703125,76.0999984741211,11.999999999943611,45.68695727651907,active,
1.0,1202.583,1202.601,816.2000122070312,420.70001220703125,841.7999877929688,352.3999938964844,90.4000015258789,18.000000000029104,72.94005244871732,active,
1.0,1202.829,1202.847,797.2999877929688,348.0,782.2999877929688,307.1000061035156,51.5,18.000000000029104,43.56385543925674,active,
1.0,1203.004,1203.011,760.2000122070312,289.29998779296875,770.0,279.3999938964844,34.900001525878906,7.000000000061846,13.930170131508243,active,
1.0,1203.256,1203.279,751.5,268.79998779296875,861.4000244140625,270.79998779296875,117.0,22.99999999991087,109.91822126568249,active,
1.0,1203.642,1203.664,826.9000244140625,267.6000061035156,785.2999877929688,327.0,69.0999984741211,21.999999999934516,72.5184274634987,active,
1.0,1204.536,1204.569,772.4000244140625,307.29998779296875,923.4000244140625,310.70001220703125,136.5,32.999999999901775,151.03827384479808,active,
1.0,1204.915,1204.931,850.0,311.20001220703125,791.5999755859375,323.8999938964844,79.4000015258789,16.000000000076398,59.76497625261421,active,
1.0,1205.174,1205.181,806.0999755859375,329.6000061035156,789.7000122070312,330.79998779296875,40.20000076293945,7.000000000061846,16.443805973207326,active,
1.0,1205.856,1205.891,797.9000244140625,336.70001220703125,719.2999877929688,479.6000061035156,120.80000305175781,35.000000000081855,163.09007944216762,active,
1.0,1206.068,1206.099,741.7000122070312,483.0,830.9000244140625,579.5999755859375,159.39999389648438,30.99999999994907,131.48459020333237,active,
1.0,1206.411,1206.421,795.2000122070312,566.7000122070312,811.9000244140625,549.0,43.900001525878906,9.999999999990905,24.3347660733373,active,
1.0,1206.715,1206.731,787.9000244140625,538.5999755859375,807.2999877929688,541.2999877929688,45.599998474121094,16.000000000076398,19.586950886266635,active,
1.0,1206.957,1206.976,781.4000244140625,543.7999877929688,853.7000122070312,530.7999877929688,98.80000305175781,19.000000000005457,73.45943257923676,active,
1.0,1207.306,1207.315,827.4000244140625,513.9000244140625,808.5,505.20001220703125,41.20000076293945,9.000000000014552,20.80627634284067,active,
1.0,1208.411,1208.429,797.9000244140625,488.5,867.5999755859375,505.0,113.19999694824219,18.000000000029104,71.62634426914275,active,
1.0,1209.054,1209.066,821.2000122070312,503.0,783.0,500.1000061035156,66.5999984741211,11.999999999943611,38.309932096219946,active,
1.0,1209.229,1209.402,772.9000244140625,500.6000061035156,831.5,494.3999938964844,785.9000244140625,173.00000000000182,58.92705057984667,active,
1.0,1209.659,1209.682,835.5999755859375,489.5,941.0,525.0,144.89999389648438,22.99999999991087,111.21787242383739,active,
1.0,1210.144,1210.157,890.0999755859375,518.2999877929688,848.7999877929688,506.6000061035156,66.19999694824219,12.999999999919964,42.92526718883537,active,
1.0,1210.627,1210.637,858.9000244140625,507.0,828.4000244140625,510.6000061035156,57.70000076293945,9.999999999990905,30.711724861123475,active,
1.0,1210.842,1210.857,825.0,515.9000244140625,787.0,509.3999938964844,48.400001525878906,14.99999999987267,38.551918197794606,active,
1.0,1211.665,1211.683,785.0,506.1000061035156,838.2999877929688,553.5,111.0999984741211,18.000000000029104,71.32775140236353,active,
1.0,1212.437,1212.453,809.2999877929688,550.2999877929688,857.2999877929688,548.5999755859375,81.0,16.000000000076398,48.030095164428474,active,
1.0,1212.888,1212.894,820.7000122070312,542.2999877929688,805.4000244140625,541.7999877929688,40.20000076293945,6.0000000000854925,15.308155553984705,active,
1.0,1214.504,1214.513,785.4000244140625,549.0,813.4000244140625,545.2999877929688,56.29999923706055,9.000000000014552,28.24340790931895,active,
1.0,1214.622,1214.679,793.2000122070312,535.0999755859375,513.2999877929688,425.6000061035156,121.30000305175781,57.00000000001637,300.5565953088438,active,
1.0,1215.175,1215.215,652.2000122070312,431.0,837.9000244140625,513.7000122070312,163.5,39.99999999996362,203.28252889201931,active,
1.0,1215.606,1215.623,776.5999755859375,505.8999938964844,850.2999877929688,496.79998779296875,106.5999984741211,17.00000000005275,74.25969236672461,active,
1.0,1217.221,1217.258,802.5999755859375,515.2999877929688,911.5999755859375,605.5,144.1999969482422,37.00000000003456,141.48159669069537,active,
1.0,1217.398,1217.414,886.5999755859375,597.9000244140625,855.2999877929688,647.2000122070312,92.30000305175781,16.000000000076398,58.396729636400536,active,
1.0,1217.815,1217.836,862.0999755859375,642.5,825.7999877929688,587.4000244140625,76.5,20.999999999958163,65.98254635386989,active,
1.0,1218.211,1218.232,796.9000244140625,517.4000244140625,840.9000244140625,584.4000244140625,95.9000015258789,20.999999999958163,80.15609770940699,active,
1.0,1219.167,1219.177,815.2999877929688,582.4000244140625,785.9000244140625,583.0,54.29999923706055,9.999999999990905,29.40608470001999,active,
1.0,1219.96,1219.977,759.9000244140625,563.7999877929688,825.0999755859375,552.4000244140625,100.5,17.00000000005275,66.18906856766672,active,
1.0,1220.33,1220.336,789.7000122070312,540.9000244140625,803.0,533.2999877929688,41.79999923706055,6.0000000000854925,15.318297292293417,active,
1.0,1220.66,1220.672,785.7999877929688,525.7999877929688,825.5999755859375,522.0,67.80000305175781,11.999999999943611,39.98098217336804,active,
1.0,1220.953,1220.981,805.5999755859375,514.5999755859375,987.5,530.7999877929688,153.60000610351562,28.00000000002001,182.61998597454905,active,
1.0,1221.342,1221.374,947.7999877929688,528.2999877929688,751.7000122070312,558.5999755859375,129.60000610351562,31.99999999992542,198.42703869447666,active,
1.0,1221.921,1221.928,775.7000122070312,550.2000122070312,791.0,545.5999755859375,39.70000076293945,7.000000000061846,15.976544162627798,active,
1.0,1222.872,1222.901,784.7999877929688,530.2999877929688,823.2000122070312,605.9000244140625,108.0,28.999999999996362,84.79343967614071,active,
1.0,1223.165,1223.182,801.2000122070312,605.0,779.2999877929688,641.9000244140625,54.79999923706055,17.00000000005275,42.909472976196554,active,
1.0,1223.627,1223.641,776.4000244140625,633.5,833.0999755859375,627.0999755859375,92.80000305175781,14.000000000123691,57.06001029962758,active,
1.0,1223.924,1223.941,803.0999755859375,611.2999877929688,810.2000122070312,572.7000122070312,47.29999923706055,17.00000000005275,39.24753030772565,active,
1.0,1224.915,1224.926,774.0,572.2999877929688,806.4000244140625,576.7000122070312,59.70000076293945,10.999999999967258,32.6974279856412,active,
1.0,1225.715,1225.729,780.9000244140625,578.2999877929688,826.9000244140625,576.5999755859375,77.5,14.000000000123691,46.03140277575793,active,
1.0,1226.054,1226.061,793.0999755859375,582.2000122070312,788.7999877929688,596.7999877929688,41.79999923706055,6.999999999834472,15.220025694119288,active,
1.0,1226.199,1226.343,779.2999877929688,604.2000122070312,810.0,559.2000122070312,878.0999755859375,144.00000000000546,54.474679893615416,active,
1.0,1227.139,1227.154,805.0,546.5999755859375,850.7999877929688,551.0999755859375,73.0999984741211,15.000000000100044,46.02052674444401,,
1.0,1228.478,1228.521,836.7000122070312,520.0,1128.5999755859375,451.20001220703125,211.89999389648438,42.99999999989268,299.89836101739445,active,
1.0,1228.69,1228.714,1008.9000244140625,450.5,1114.699951171875,385.8999938964844,138.6999969482422,23.999999999887223,123.96283834493605,active,
1.0,1228.818,1228.865,1072.5,372.70001220703125,793.4000244140625,476.79998779296875,168.6999969482422,47.000000000025466,297.881857938787,active,
1.0,1229.616,1229.631,816.5,527.4000244140625,875.9000244140625,523.5999755859375,88.69999694824219,15.000000000100044,59.52145219571978,active,
1.0,1230.157,1230.168,845.7999877929688,509.6000061035156,814.2999877929688,507.79998779296875,54.70000076293945,10.999999999967258,31.551387701942748,active,
1.0,1232.272,1232.284,808.4000244140625,545.4000244140625,852.7999877929688,544.4000244140625,77.0,12.000000000170985,44.4112232217062,active,
1.0,1232.617,1232.761,816.9000244140625,544.5,849.7999877929688,506.3999938964844,337.20001220703125,144.00000000000546,50.33903113312075,active,
1.0,1233.755,1233.763,838.7000122070312,508.1000061035156,816.9000244140625,512.2999877929688,49.29999923706055,7.999999999810825,22.20088543201212,active,
1.0,1234.81,1234.822,804.0999755859375,517.4000244140625,840.0999755859375,502.20001220703125,64.19999694824219,11.999999999943611,39.07736392201883,active,
1.0,1235.276,1235.289,798.4000244140625,495.20001220703125,848.0,505.3999938964844,81.9000015258789,12.999999999919964,50.63790284550472,active,
1.0,1235.606,1235.614,826.4000244140625,507.5,807.0,506.3999938964844,42.20000076293945,8.000000000038199,19.431185262201396,active,
1.0,1235.896,1235.907,790.4000244140625,499.5,764.2999877929688,492.20001220703125,47.599998474121094,10.999999999967258,27.10169244530547,active,
1.0,1236.173,1236.178,766.5999755859375,480.0,778.7000122070312,483.79998779296875,37.900001525878906,5.000000000109139,12.682696616198045,active,
1.0,1236.817,1236.832,773.7999877929688,485.5,841.9000244140625,488.0,98.4000015258789,15.000000000100044,68.14590954557954,active,
1.0,1237.319,1237.326,805.4000244140625,484.0,788.2999877929688,488.5,41.400001525878906,7.000000000061846,17.6822298492794,active,
1.0,1237.526,1237.536,786.0999755859375,495.29998779296875,812.2000122070312,503.0,50.79999923706055,9.999999999990905,27.212168226932324,active,
1.0,1238.4,1238.412,801.0,514.2999877929688,805.4000244140625,544.9000244140625,46.900001525878906,11.999999999943611,30.9147611353642,active,
1.0,1238.886,1238.903,781.9000244140625,564.7999877929688,854.7999877929688,573.2999877929688,98.69999694824219,17.00000000005275,73.39383257907896,active,
1.0,1239.347,1239.367,820.9000244140625,549.0999755859375,771.4000244140625,521.7999877929688,57.599998474121094,19.99999999998181,56.52910165124016,active,
1.0,1240.07,1240.083,746.5,507.8999938964844,789.5,509.0,70.4000015258789,13.000000000147338,43.01406762243919,active,
1.0,1240.795,1240.805,764.0999755859375,522.5999755859375,793.4000244140625,529.7000122070312,54.599998474121094,9.999999999990905,30.14802450163827,active,
1.0,1241.489,1241.508,793.5999755859375,527.9000244140625,708.4000244140625,534.7999877929688,100.9000015258789,19.000000000005457,85.47889315100034,active,
1.0,1242.405,1242.423,747.0999755859375,544.5,820.5999755859375,543.0999755859375,111.0,18.000000000029104,73.5133325891295,active,
1.0,1242.485,1242.637,791.0,544.5999755859375,812.2999877929688,506.5,673.7000122070312,152.00000000004366,43.649715000554714,active,
1.0,1243.585,1243.592,809.2000122070312,507.29998779296875,793.9000244140625,511.79998779296875,39.70000076293945,7.000000000061846,15.94802892099813,active,
1.0,1244.809,1244.821,800.7000122070312,512.5,838.7999877929688,503.1000061035156,66.0999984741211,11.999999999943611,39.242426338122584,active,
1.0,1245.167,1245.174,820.2999877929688,490.70001220703125,833.0,480.8999938964844,39.0,7.000000000061846,16.04152950768089,active,
1.0,1245.751,1245.761,819.2000122070312,486.20001220703125,851.2000122070312,490.6000061035156,62.900001525878906,9.999999999990905,32.30108274174567,active,
1.0,1246.996,1247.005,805.5,493.6000061035156,831.5,496.5,52.599998474121094,9.000000000014552,26.161230181313083,active,
1.0,1247.885,1247.904,817.4000244140625,495.3999938964844,742.0,512.7000122070312,89.19999694824219,19.000000000005457,77.35925487739962,active,
1.0,1248.195,1248.22,760.0999755859375,523.9000244140625,648.7999877929688,551.2999877929688,106.19999694824219,25.00000000009095,114.62305734833807,active,
1.0,1248.671,1248.69,706.7999877929688,558.2999877929688,791.5,549.9000244140625,132.89999389648438,19.000000000005457,85.11551828332016,active,
1.0,1250.009,1250.014,758.5,507.29998779296875,747.4000244140625,510.1000061035156,37.400001525878906,4.999999999881766,11.447688000107547,active,
1.0,1250.203,1250.215,745.2000122070312,519.4000244140625,783.5999755859375,532.7999877929688,67.0999984741211,11.999999999943611,40.67082745724962,active,
1.0,1251.091,1251.11,757.2999877929688,546.4000244140625,788.2000122070312,606.2999877929688,83.19999694824219,19.000000000005457,67.40042374929084,active,
1.0,1251.338,1251.358,769.5999755859375,614.7000122070312,813.9000244140625,575.2000122070312,76.19999694824219,19.99999999998181,59.35271119480777,active,
1.0,1251.748,1251.76,781.0,552.2999877929688,822.5999755859375,549.4000244140625,70.19999694824219,11.999999999943611,41.700932319908546,active,
1.0,1253.24,1253.249,774.4000244140625,531.9000244140625,800.7000122070312,537.2999877929688,53.29999923706055,9.000000000014552,26.848630549877843,active,
1.0,1254.315,1254.324,760.2000122070312,537.7999877929688,759.7999877929688,559.4000244140625,43.099998474121094,9.000000000014552,21.60374045308907,active,
1.0,1254.608,1254.621,753.0,562.2999877929688,792.7999877929688,546.7999877929688,66.4000015258789,13.000000000147338,42.71169662189108,active,
1.0,1255.406,1255.417,766.2999877929688,523.4000244140625,797.7999877929688,522.5,53.900001525878906,10.999999999967258,31.51285521729043,active,
1.0,1256.463,1256.473,751.5999755859375,526.5,785.9000244140625,526.0,65.0999984741211,9.999999999990905,34.30369294422627,active,
1.0,1257.311,1257.323,770.7999877929688,527.0999755859375,818.2000122070312,534.4000244140625,82.19999694824219,12.000000000170985,47.95886807824733,active,
1.0,1257.563,1257.607,786.5999755859375,543.0,1034.5,649.5,169.10000610351562,43.99999999986903,269.8085841934848,active,
1.0,1258.007,1258.026,964.4000244140625,637.9000244140625,925.4000244140625,596.7999877929688,60.20000076293945,19.000000000005457,56.65874169318665,active,
1.0,1258.2,1258.219,879.9000244140625,571.0,818.0,542.5999755859375,74.4000015258789,19.000000000005457,68.10414384735249,active,
1.0,1258.496,1258.51,767.7999877929688,525.2000122070312,737.0999755859375,518.2000122070312,46.79999923706055,13.999999999896318,31.487946098656035,active,
1.0,1259.039,1259.056,747.2000122070312,506.20001220703125,818.0,507.70001220703125,113.0999984741211,17.00000000005275,70.81587584351777,active,
1.0,1259.167,1259.301,777.0,515.2000122070312,817.0999755859375,503.8999938964844,623.7000122070312,134.00000000001455,41.66171450878466,active,
1.0,1260.025,1260.03,811.4000244140625,505.3999938964844,799.9000244140625,508.79998779296875,40.400001525878906,4.999999999881766,11.992078989738644,active,
1.0,1260.268,1260.275,804.0999755859375,517.5999755859375,822.2000122070312,519.9000244140625,44.0,7.000000000061846,18.245589886235358,active,
1.0,1261.44,1261.453,786.2000122070312,531.5,762.9000244140625,514.7999877929688,43.0,12.999999999919964,28.666702615883214,active,
1.0,1261.674,1261.679,762.7999877929688,508.8999938964844,754.0,501.0,38.5,5.000000000109139,11.82580604952108,active,
1.0,1261.906,1261.923,746.0999755859375,493.29998779296875,825.0,480.79998779296875,111.4000015258789,17.00000000005275,79.88406507270182,active,
1.0,1263.53,1263.538,769.9000244140625,496.6000061035156,789.2999877929688,504.20001220703125,45.20000076293945,8.000000000038199,20.83551467750145,active,
1.0,1264.346,1264.352,785.2000122070312,523.0,801.0,520.4000244140625,43.5,6.0000000000854925,16.01247911178755,active,
1.0,1264.795,1264.802,781.5999755859375,515.2999877929688,798.2000122070312,509.79998779296875,42.099998474121094,6.999999999834472,17.487458815438384,active,
1.0,1265.102,1265.125,783.2000122070312,503.20001220703125,717.2999877929688,483.6000061035156,65.5,22.99999999991087,68.75298871345073,active,
1.0,1265.418,1265.434,693.5,461.1000061035156,687.2000122070312,419.1000061035156,49.70000076293945,16.000000000076398,42.46986986313421,active,
1.0,1265.66,1265.671,671.7000122070312,408.20001220703125,713.0999755859375,398.1000061035156,73.4000015258789,10.999999999967258,42.6141653803736,active,
1.0,1266.114,1266.123,695.4000244140625,386.8999938964844,702.0999755859375,370.8999938964844,33.79999923706055,9.000000000014552,17.346162276005295,active,
1.0,1266.798,1266.82,704.7000122070312,401.1000061035156,765.5,450.1000061035156,96.4000015258789,21.999999999934516,78.08737744107654,active,
1.0,1267.43,1267.445,758.4000244140625,469.1000061035156,811.7000122070312,481.70001220703125,81.0999984741211,14.99999999987267,54.76905013362244,active,
1.0,1268.227,1268.233,767.2000122070312,474.6000061035156,754.2999877929688,471.3999938964844,36.70000076293945,5.999999999858119,13.291001016046819,active,
1.0,1268.453,1268.463,756.2000122070312,474.5,791.4000244140625,473.0,65.9000015258789,9.999999999990905,35.23195792707452,active,
1.0,1268.944,1268.954,774.7999877929688,469.79998779296875,746.0999755859375,469.20001220703125,52.900001525878906,9.999999999990905,28.70628278595931,active,
1.0,1269.567,1269.584,751.0999755859375,466.1000061035156,810.2999877929688,473.5,95.19999694824219,17.00000000005275,59.66071869312886,active,
1.0,1270.378,1270.402,769.0999755859375,461.79998779296875,878.2999877929688,458.5,137.0,24.000000000114596,109.24986309121635,active,
1.0,1270.539,1270.715,841.2999877929688,466.8999938964844,908.2999877929688,417.3999938964844,371.29998779296875,175.99999999993088,83.30216083631925,active,
1.0,1271.031,1271.046,889.2000122070312,425.3999938964844,831.2999877929688,432.20001220703125,89.19999694824219,15.000000000100044,58.297968027820716,active,
1.0,1271.278,1271.294,830.5,442.3999938964844,763.2999877929688,435.70001220703125,88.19999694824219,16.000000000076398,67.53318736194936,active,
1.0,1271.848,1271.861,778.2999877929688,435.3999938964844,799.7999877929688,450.29998779296875,45.599998474121094,13.000000000147338,26.158360386600528,active,
1.0,1272.934,1272.947,763.0,438.1000061035156,811.0,446.70001220703125,77.4000015258789,12.999999999919964,48.76433230323682,active,
1.0,1273.723,1273.739,798.7000122070312,452.1000061035156,753.0,463.3999938964844,69.5999984741211,16.000000000076398,47.076329931761336,active,
1.0,1274.104,1274.112,759.7000122070312,467.0,740.9000244140625,464.8999938964844,41.29999923706055,8.000000000038199,18.91691218594031,active,
1.0,1274.46,1274.486,743.0,474.70001220703125,765.0,559.7000122070312,79.4000015258789,26.000000000067303,87.80091115700337,active,
1.0,1274.716,1274.732,757.2999877929688,548.7999877929688,778.5,506.70001220703125,63.79999923706055,16.000000000076398,47.13648758567833,active,
1.0,1274.941,1274.956,747.4000244140625,474.3999938964844,810.7999877929688,463.0,97.5999984741211,14.99999999987267,64.4167308801567,active,
1.0,1275.191,1275.201,776.5,444.6000061035156,757.2000122070312,426.29998779296875,51.099998474121094,9.999999999990905,26.596620066750845,active,
1.0,1275.685,1275.701,753.7999877929688,409.70001220703125,810.2999877929688,420.70001220703125,89.69999694824219,16.000000000076398,57.56083738098326,active,
1.0,1276.701,1276.714,753.5999755859375,452.70001220703125,788.7999877929688,472.1000061035156,66.0999984741211,12.999999999919964,40.19204675752132,active,
1.0,1277.499,1277.508,774.9000244140625,475.1000061035156,748.5999755859375,477.20001220703125,53.900001525878906,9.000000000014552,26.3837562525991,active,
1.0,1277.739,1277.752,752.4000244140625,479.3999938964844,798.5,473.79998779296875,75.69999694824219,12.999999999919964,46.43886106897375,active,
1.0,1278.583,1278.589,754.9000244140625,461.20001220703125,768.5,458.70001220703125,41.29999923706055,5.999999999858119,13.827846395520021,active,
1.0,1279.374,1279.384,757.9000244140625,467.3999938964844,792.0999755859375,472.8999938964844,65.9000015258789,9.999999999990905,34.63938019304956,active,
1.0,1280.364,1280.377,778.5,484.70001220703125,771.9000244140625,519.0999755859375,54.5,12.999999999919964,35.02737726700448,active,
1.0,1280.714,1280.726,770.4000244140625,519.5,816.7000122070312,529.5999755859375,79.69999694824219,12.000000000170985,47.38880011633117,active,
1.0,1280.836,1281.013,790.2000122070312,551.4000244140625,964.5,519.5999755859375,400.20001220703125,176.99999999990723,177.17711152996085,active,
1.0,1281.385,1281.403,899.7000122070312,515.9000244140625,827.7000122070312,513.7999877929688,89.0,18.000000000029104,72.03061955731003,active,
1.0,1282.437,1282.443,779.7000122070312,517.7999877929688,795.5,518.5,41.70000076293945,6.0000000000854925,15.815487072738364,active,
1.0,1283.292,1283.329,794.0999755859375,511.0,684.7000122070312,626.2000122070312,101.5,37.00000000003456,158.8691121640899,active,
1.0,1283.647,1283.667,733.7000122070312,626.2000122070312,830.9000244140625,610.5999755859375,133.89999389648438,19.99999999998181,98.4439105055589,active,
1.0,1283.912,1283.918,786.0,570.0,780.0,555.0,45.900001525878906,5.999999999858119,16.15549442140351,active,
1.0,1284.104,1284.112,755.9000244140625,543.9000244140625,738.9000244140625,532.4000244140625,45.29999923706055,8.000000000038199,20.524375751773793,active,
1.0,1284.394,1284.403,741.5999755859375,518.5999755859375,761.9000244140625,510.0,45.599998474121094,9.000000000014552,22.046577115347866,active,
1.0,1284.684,1284.696,751.7000122070312,501.79998779296875,796.2999877929688,507.8999938964844,73.19999694824219,11.999999999943611,45.01519628668911,active,
1.0,1285.086,1285.104,782.2000122070312,516.7999877929688,851.2999877929688,518.5999755859375,103.0999984741211,18.000000000029104,69.12341558424319,active,
1.0,1285.532,1285.539,806.2000122070312,523.5999755859375,789.4000244140625,522.0,41.599998474121094,7.000000000061846,16.876004021079606,,
1.0,1285.776,1285.788,777.0,517.0999755859375,817.7000122070312,519.7000122070312,67.30000305175781,11.999999999943611,40.782976645697666,active,
1.0,1286.408,1286.425,791.7999877929688,513.0,852.5999755859375,515.7999877929688,87.19999694824219,17.00000000005275,60.864426780065244,active,
1.0,1287.088,1287.105,814.0,517.0999755859375,754.5,535.5,85.80000305175781,17.00000000005275,62.280100340623214,active,
1.0,1287.672,1287.853,771.2999877929688,550.5,824.5,473.1000061035156,830.4000244140625,181.00000000004002,93.9201807600693,active,
1.0,1288.715,1288.723,811.5,486.6000061035156,792.0,478.3999938964844,47.099998474121094,8.000000000038199,21.15396417212295,active,
1.0,1289.252,1289.259,773.5,500.20001220703125,788.0,509.20001220703125,43.099998474121094,7.000000000061846,17.066048165876012,active,
1.0,1289.457,1289.468,774.5999755859375,521.0999755859375,808.5999755859375,522.0999755859375,62.400001525878906,10.999999999967258,34.0147027033899,active,
1.0,1290.113,1290.127,781.0999755859375,512.4000244140625,736.7999877929688,497.0,74.19999694824219,13.999999999896318,46.90042292358248,active,
1.0,1290.828,1290.846,703.7000122070312,487.5,778.0,486.8999938964844,111.5999984741211,18.000000000029104,74.30241041419559,active,
1.0,1292.135,1292.154,707.4000244140625,465.79998779296875,785.2000122070312,467.8999938964844,123.4000015258789,19.000000000005457,77.82832470393339,active,
1.0,1293.4,1293.409,746.7000122070312,464.70001220703125,772.2999877929688,464.8999938964844,50.900001525878906,9.000000000014552,25.600756681721588,active,
1.0,1294.427,1294.475,757.5999755859375,469.8999938964844,1065.300048828125,489.0,153.0,48.00000000000182,308.2923049743569,active,
1.0,1294.824,1294.849,950.7000122070312,484.1000061035156,853.7999877929688,459.29998779296875,87.0999984741211,24.999999999863576,100.02327548950478,active,
1.0,1295.283,1295.303,757.2999877929688,446.0,696.5,437.70001220703125,70.5999984741211,20.000000000209184,61.363900731526016,active,
1.0,1295.689,1295.706,698.0999755859375,432.1000061035156,763.5999755859375,426.8999938964844,96.9000015258789,16.999999999825377,65.70608896406233,active,
1.0,1296.047,1296.054,745.2000122070312,421.1000061035156,726.5,415.3999938964844,46.0,7.000000000061846,19.54943977978456,active,
1.0,1296.307,1296.322,721.2999877929688,410.20001220703125,783.7999877929688,413.5,94.69999694824219,14.99999999987267,62.587058721701744,active,
1.0,1296.774,1296.787,751.2000122070312,433.20001220703125,787.5,441.8999938964844,55.29999923706055,13.000000000147338,37.32798943375467,active,
1.0,1297.548,1297.611,763.5999755859375,448.70001220703125,411.0,612.7000122070312,170.89999389648438,63.00000000010186,388.8736848684978,active,
1.0,1297.753,1298.002,561.0999755859375,600.5,834.0999755859375,505.29998779296875,701.2999877929688,249.00000000002365,289.1228844699411,active,
1.0,1298.894,1298.964,791.0999755859375,493.79998779296875,330.6000061035156,599.2000122070312,161.8000030517578,69.99999999993634,472.408072581107,active,
1.0,1299.139,1299.164,572.4000244140625,562.4000244140625,794.7999877929688,555.7999877929688,274.1000061035156,25.00000000009095,222.4978745838679,active,
1.0,1299.986,1300.004,739.7999877929688,513.9000244140625,806.0,508.79998779296875,110.5999984741211,17.99999999980173,66.39617451139473,active,
1.0,1300.577,1300.598,767.5,504.20001220703125,847.7000122070312,530.0999755859375,109.4000015258789,20.999999999958163,84.2784080357279,active,
1.0,1300.812,1300.831,820.7999877929688,540.7000122070312,906.2000122070312,544.2000122070312,105.0,19.000000000005457,85.4717156135436,active,
1.0,1301.034,1301.081,873.0,537.5,670.9000244140625,393.6000061035156,112.80000305175781,46.99999999979809,248.0959660600002,active,
1.0,1301.256,1301.279,625.4000244140625,332.5,744.5,338.20001220703125,129.0,22.99999999991087,119.23629616744732,active,
1.0,1301.599,1301.621,717.7999877929688,345.70001220703125,822.0999755859375,359.0,134.89999389648438,22.00000000016189,105.1445534914032,active,
1.0,1302.108,1302.117,801.7999877929688,366.0,776.0,362.3999938964844,51.20000076293945,9.000000000014552,26.04994076889017,active,
1.0,1303.077,1303.086,764.0,399.1000061035156,786.2000122070312,402.1000061035156,45.400001525878906,9.000000000014552,22.40179774018899,active,
1.0,1303.733,1303.754,779.0,407.1000061035156,824.5,474.29998779296875,94.4000015258789,20.999999999958163,81.15471359731876,active,
1.0,1304.069,1304.078,805.2000122070312,483.79998779296875,832.4000244140625,486.20001220703125,54.599998474121094,9.000000000014552,27.305691371044702,active,
1.0,1304.172,1304.188,818.4000244140625,482.70001220703125,767.7999877929688,503.70001220703125,73.30000305175781,16.000000000076398,54.78470321226563,active,
1.0,1304.384,1304.395,774.4000244140625,505.20001220703125,803.5999755859375,488.70001220703125,58.900001525878906,10.999999999967258,33.5393373285741,active,
1.0,1304.816,1304.831,787.0999755859375,470.70001220703125,847.0999755859375,465.1000061035156,92.5,14.99999999987267,60.26076724004941,active,
1.0,1305.522,1305.529,804.7000122070312,458.6000061035156,786.4000244140625,456.29998779296875,45.400001525878906,7.000000000061846,18.443959375677885,active,
1.0,1305.842,1305.862,783.9000244140625,453.1000061035156,856.2999877929688,480.3999938964844,111.80000305175781,19.99999999998181,77.3759913071439,active,
1.0,1306.202,1306.21,821.4000244140625,477.70001220703125,801.4000244140625,484.0,45.29999923706055,8.000000000038199,20.968782658789596,active,
1.0,1307.097,1307.139,739.7999877929688,471.29998779296875,536.7000122070312,479.3999938964844,101.80000305175781,41.99999999991633,203.26143309020873,active,
1.0,1307.304,1307.326,633.9000244140625,471.5,544.2000122070312,453.8999938964844,80.9000015258789,21.999999999934516,91.41035173756495,active,
1.0,1307.805,1307.833,620.5999755859375,458.20001220703125,636.2000122070312,604.5,133.0,28.00000000002001,147.12935659073028,active,
1.0,1308.01,1308.026,621.0,602.7999877929688,671.0999755859375,572.2000122070312,83.30000305175781,16.000000000076398,58.705758316978624,active,
1.0,1308.27,1308.295,639.5,567.0999755859375,748.2000122070312,509.3999938964844,141.10000610351562,25.00000000009095,123.06494440242506,active,
1.0,1309.082,1309.216,666.5,454.5,722.9000244140625,450.29998779296875,473.29998779296875,133.99999999978718,56.55619202568413,active,
1.0,1310.034,1310.073,732.9000244140625,436.70001220703125,859.4000244140625,589.9000244140625,191.8000030517578,38.99999999998727,198.6768575859668,active,
1.0,1310.57,1310.627,823.5,567.7999877929688,1278.5999755859375,490.8999938964844,215.89999389648438,57.00000000001637,461.5512938337409,active,
1.0,1310.967,1311.022,1088.5,481.0,709.5,558.7000122070312,170.0,54.99999999983629,386.8827883183391,active,
1.0,1311.537,1311.548,811.7999877929688,570.5,781.0,562.7999877929688,55.599998474121094,10.999999999967258,31.747904435339574,active,
1.0,1312.167,1312.179,771.4000244140625,535.9000244140625,809.0999755859375,523.2999877929688,64.0999984741211,12.000000000170985,39.74980806512986,active,
1.0,1312.705,1312.726,794.7999877929688,509.8999938964844,780.2999877929688,590.9000244140625,97.0,21.000000000185537,82.28763542506607,active,
1.0,1313.132,1313.149,772.0,593.5999755859375,733.9000244140625,629.0999755859375,63.900001525878906,16.999999999825377,52.07550421886507,active,
1.0,1313.38,1313.465,745.0999755859375,635.9000244140625,84.80000305175781,487.0,196.89999389648438,84.999999999809,676.880544113322,active,
1.0,1313.748,1313.78,445.20001220703125,438.5,714.7999877929688,476.20001220703125,288.70001220703125,31.99999999992542,272.2231396416337,active,
1.0,1313.948,1313.957,673.7000122070312,467.70001220703125,682.0,443.29998779296875,50.400001525878906,9.000000000014552,25.773067119966072,active,
1.0,1314.2,1314.245,677.4000244140625,450.1000061035156,962.2000122070312,558.4000244140625,240.5,44.999999999845386,304.6964506077154,active,
1.0,1314.618,1314.637,863.0,545.4000244140625,833.0999755859375,615.5999755859375,89.5,19.000000000005457,76.30232371622222,active,
1.0,1315.157,1315.162,816.9000244140625,511.1000061035156,827.4000244140625,517.9000244140625,38.20000076293945,5.000000000109139,12.509606269734183,,
1.0,1316.036,1316.052,823.5999755859375,519.2000122070312,877.2999877929688,523.4000244140625,88.4000015258789,15.999999999849024,53.86400851751118,passive,
1.0,1316.178,1316.194,841.5,523.7000122070312,810.5999755859375,485.3999938964844,69.19999694824219,15.999999999849024,49.21080075936465,passive,
1.0,1316.354,1316.365,809.0999755859375,478.20001220703125,820.7000122070312,446.8999938964844,58.5,10.999999999967258,33.38041335650722,passive,
1.0,1316.737,1316.76,786.5999755859375,447.0,689.7999877929688,489.20001220703125,98.0,22.99999999991087,105.59866792243398,passive,
1.0,1316.931,1317.072,696.2000122070312,502.3999938964844,693.0999755859375,411.5,573.0,140.99999999984902,90.95284007348545,passive,
1.0,1317.279,1317.301,723.0,439.79998779296875,817.4000244140625,447.3999938964844,138.3000030517578,21.999999999934516,94.70546289496225,passive,
1.0,1317.877,1317.885,787.0999755859375,440.70001220703125,809.5,438.79998779296875,50.099998474121094,8.000000000038199,22.480462328978682,passive,
1.0,1318.174,1318.25,791.9000244140625,441.29998779296875,447.6000061035156,386.70001220703125,125.80000305175781,76.00000000002183,348.60243823391124,passive,
1.0,1318.705,1318.744,656.7000122070312,377.3999938964844,832.9000244140625,506.20001220703125,203.5,38.99999999998727,218.25647531872949,passive,
1.0,1318.969,1318.993,776.2999877929688,498.5,860.2999877929688,541.4000244140625,157.0,23.999999999887223,94.32079354377358,passive,
1.0,1319.645,1319.667,810.4000244140625,537.0999755859375,732.2000122070312,570.7000122070312,85.30000305175781,21.999999999934516,85.11289191490721,passive,
1.0,1320.068,1320.086,737.9000244140625,583.5999755859375,820.7999877929688,564.5999755859375,128.3000030517578,18.000000000029104,85.04942050492758,passive,
1.0,1320.593,1320.607,775.2999877929688,546.2000122070312,818.0999755859375,524.5999755859375,76.19999694824219,13.999999999896318,47.94163677963932,passive,
1.0,1321.22,1321.24,795.2999877929688,512.4000244140625,872.5,521.7999877929688,109.30000305175781,19.99999999998181,77.7701819227045,passive,
1.0,1321.922,1321.935,845.7999877929688,518.0999755859375,893.2999877929688,529.2999877929688,77.0,12.999999999919964,48.80256420965654,passive,
1.0,1322.319,1322.332,872.4000244140625,530.0,829.5999755859375,533.2000122070312,65.19999694824219,13.000000000147338,42.91950905841111,passive,
1.0,1322.597,1322.61,828.5999755859375,537.7999877929688,786.2000122070312,540.7999877929688,65.0,12.999999999919964,42.505963046760755,passive,
1.0,1323.64,1323.659,795.7000122070312,550.5999755859375,831.2999877929688,481.8999938964844,103.0999984741211,19.000000000005457,77.37600238995641,passive,
1.0,1324.321,1324.475,765.7000122070312,462.5,782.5,460.70001220703125,461.5,153.99999999999636,16.89613997038186,passive,
1.0,1325.55,1325.568,769.4000244140625,451.79998779296875,842.5999755859375,462.5,113.4000015258789,18.000000000029104,73.97785555688608,passive,
1.0,1325.794,1325.804,812.5999755859375,466.70001220703125,779.5999755859375,461.0,64.30000305175781,9.999999999990905,33.488656873041435,passive,
1.0,1327.036,1327.064,798.5999755859375,477.20001220703125,831.7000122070312,608.2999877929688,166.5,28.00000000002001,135.21396386080528,passive,
1.0,1327.317,1327.337,820.7999877929688,591.5,767.7999877929688,541.4000244140625,86.9000015258789,19.99999999998181,72.93152647320316,passive,
1.0,1327.771,1327.78,737.4000244140625,481.70001220703125,761.2999877929688,470.3999938964844,52.900001525878906,9.000000000014552,26.43669161093639,passive,
1.0,1328.089,1328.102,742.5999755859375,465.70001220703125,792.0,452.70001220703125,80.80000305175781,13.000000000147338,51.081918641628675,passive,
1.0,1328.492,1328.508,768.5999755859375,445.29998779296875,826.5,452.0,84.30000305175781,16.000000000076398,58.28638769664321,passive,
1.0,1329.328,1329.334,774.7999877929688,493.1000061035156,788.7000122070312,499.70001220703125,40.79999923706055,6.0000000000854925,15.387357124534969,passive,
1.0,1329.575,1329.583,776.7000122070312,506.0,800.5999755859375,512.7999877929688,54.099998474121094,8.000000000038199,24.84850264095573,passive,
1.0,1330.129,1330.173,799.7999877929688,502.0,564.7000122070312,466.5,139.10000610351562,44.000000000096406,237.7651120759907,passive,
1.0,1330.701,1330.709,695.4000244140625,470.29998779296875,676.9000244140625,463.0,43.29999923706055,8.000000000038199,19.88818296822243,passive,
1.0,1330.863,1330.91,678.4000244140625,465.3999938964844,1031.300048828125,460.5,256.8999938964844,47.000000000025466,352.9340408229723,passive,
1.0,1331.453,1331.46,881.4000244140625,458.1000061035156,863.4000244140625,458.1000061035156,41.400001525878906,7.000000000061846,18.0,passive,
1.0,1331.825,1331.84,867.5999755859375,459.1000061035156,814.9000244140625,464.79998779296875,80.0999984741211,14.99999999987267,53.00730746584012,passive,
1.0,1332.669,1332.685,779.2999877929688,484.8999938964844,761.5,438.3999938964844,64.0999984741211,15.999999999849024,49.79045656980699,passive,
1.0,1333.075,1333.093,723.2000122070312,440.29998779296875,798.2999877929688,443.29998779296875,106.9000015258789,18.000000000029104,75.15987182671621,passive,
1.0,1333.95,1333.97,780.0,468.0,853.0999755859375,500.29998779296875,104.9000015258789,19.99999999998181,79.91805579523684,passive,
1.0,1334.769,1334.775,829.2000122070312,512.2000122070312,815.0,512.5999755859375,39.29999923706055,6.0000000000854925,14.205643856731824,passive,
1.0,1335.716,1335.74,778.5,511.0,912.9000244140625,555.9000244140625,172.3000030517578,24.000000000114596,141.70172460095185,passive,
1.0,1335.981,1335.999,894.7999877929688,555.7999877929688,927.4000244140625,563.5,77.30000305175781,18.000000000029104,33.49705323883108,passive,
1.0,1336.296,1336.308,906.5,554.7000122070312,865.2999877929688,541.2000122070312,74.5,11.999999999943611,43.35540342171347,passive,
1.0,1336.474,1336.487,842.2999877929688,534.2000122070312,800.4000244140625,526.2999877929688,66.30000305175781,13.000000000147338,42.638214278936076,passive,
1.0,1337.212,1337.233,781.0999755859375,522.2999877929688,858.5999755859375,530.0999755859375,104.19999694824219,20.999999999958163,77.89152591630531,passive,
1.0,1337.481,1337.63,808.5999755859375,526.4000244140625,853.7999877929688,493.3999938964844,1152.0999755859375,149.0000000001146,55.96465954222237,passive,
1.0,1337.807,1337.82,845.5,504.1000061035156,799.2000122070312,513.7000122070312,74.80000305175781,12.999999999919964,47.28476484890871,passive,
1.0,1338.807,1338.816,800.4000244140625,534.7000122070312,777.5,527.2999877929688,48.79999923706055,9.000000000014552,24.065981789517327,passive,
1.0,1340.042,1340.06,728.4000244140625,488.0,796.5999755859375,499.5,106.0,18.000000000029104,69.16273085879514,passive,
1.0,1340.441,1340.458,772.7000122070312,501.1000061035156,839.7999877929688,520.2999877929688,101.4000015258789,17.00000000005275,69.79287943987369,passive,
1.0,1340.713,1340.723,805.5999755859375,523.7000122070312,779.5,524.0999755859375,51.400001525878906,9.999999999990905,26.103039981791387,passive,
1.0,1341.407,1341.426,768.7000122070312,521.5999755859375,841.4000244140625,520.9000244140625,113.5999984741211,19.000000000005457,72.70338167200686,passive,
1.0,1341.614,1341.626,805.2000122070312,508.6000061035156,776.7999877929688,500.0,49.29999923706055,11.999999999943611,29.673582387366917,passive,
1.0,1342.296,1342.303,762.7999877929688,530.2000122070312,764.7999877929688,544.0999755859375,35.400001525878906,7.000000000061846,14.043111547478887,passive,
1.0,1342.668,1342.675,755.5999755859375,552.5,773.0999755859375,550.0999755859375,42.70000076293945,7.000000000061846,17.663808116827358,passive,
1.0,1342.87,1342.888,765.0999755859375,552.7000122070312,841.0,543.0999755859375,106.69999694824219,18.000000000029104,76.50473455402368,passive,
1.0,1343.35,1343.365,778.7000122070312,504.0,755.2000122070312,486.8999938964844,43.5,15.000000000100044,29.063038532477496,passive,
1.0,1343.758,1343.771,738.5,476.5,775.7000122070312,478.3999938964844,54.5,12.999999999919964,37.248501782084496,passive,
1.0,1344.476,1344.496,720.4000244140625,505.79998779296875,814.5,504.8999938964844,134.0,19.99999999998181,94.10427936224656,,
1.0,1344.715,1344.734,783.4000244140625,509.1000061035156,842.7000122070312,539.2000122070312,103.0999984741211,19.000000000005457,66.50187155018963,,
1.0,1345.757,1345.775,800.0999755859375,497.79998779296875,863.2000122070312,514.7999877929688,93.80000305175781,18.000000000029104,65.3499397213446,passive,
1.0,1345.983,1346.009,835.4000244140625,516.7000122070312,733.9000244140625,412.3999938964844,134.3000030517578,26.000000000067303,145.53605676800652,passive,
1.0,1346.394,1346.412,698.2999877929688,405.29998779296875,640.4000244140625,380.29998779296875,85.0999984741211,18.000000000029104,63.06667709082733,passive,
1.0,1346.64,1346.653,661.0999755859375,374.1000061035156,696.5999755859375,349.79998779296875,74.0,12.999999999919964,43.020238143145065,passive,
1.0,1346.944,1346.987,666.5,352.29998779296875,877.9000244140625,394.79998779296875,191.60000610351562,43.00000000012005,215.6298224324878,passive,
1.0,1347.838,1347.851,786.2999877929688,376.70001220703125,740.0999755859375,373.8999938964844,74.80000305175781,13.000000000147338,46.284784005861304,passive,
1.0,1348.396,1348.41,710.7000122070312,392.29998779296875,767.0999755859375,399.70001220703125,87.5,14.000000000123691,56.88335635729213,passive,
1.0,1349.009,1349.03,744.4000244140625,394.70001220703125,791.5999755859375,317.8999938964844,88.30000305175781,20.999999999958163,90.14476248306232,passive,
1.0,1349.372,1349.392,772.0,293.8999938964844,808.7999877929688,243.8000030517578,63.20000076293945,19.99999999998181,62.16307733859654,passive,
1.0,1349.619,1349.635,790.0,228.89999389648438,826.9000244140625,194.3000030517578,69.4000015258789,16.000000000076398,50.584297644759,passive,
1.0,1349.976,1349.987,805.4000244140625,189.8000030517578,811.0999755859375,166.8000030517578,39.5,10.999999999967258,23.69576846953395,passive,
1.0,1350.869,1350.904,810.4000244140625,195.0,826.5999755859375,378.8999938964844,123.80000305175781,35.000000000081855,184.61215066484147,passive,
1.0,1351.142,1351.165,816.5,374.6000061035156,897.7999877929688,461.29998779296875,153.60000610351562,22.99999999991087,118.85526845743262,passive,
1.0,1351.43,1351.442,856.5,476.29998779296875,820.5999755859375,470.70001220703125,62.900001525878906,11.999999999943611,36.334164081390114,passive,
1.0,1352.079,1352.088,783.2000122070312,472.0,808.7000122070312,475.20001220703125,51.400001525878906,9.000000000014552,25.70000151994449,passive,
1.0,1353.286,1353.305,781.2999877929688,442.79998779296875,720.5,431.29998779296875,72.5999984741211,19.000000000005457,61.87801318420905,passive,
1.0,1353.371,1353.381,540.9000244140625,410.6000061035156,493.79998779296875,410.79998779296875,82.80000305175781,9.999999999990905,47.10046116955214,passive,
1.0,1353.801,1353.83,640.7999877929688,406.79998779296875,490.3999938964844,377.79998779296875,122.80000305175781,28.999999999996362,153.1703566753781,passive,
1.0,1354.321,1354.365,600.9000244140625,376.70001220703125,833.2999877929688,437.20001220703125,226.5,44.000000000096406,240.14577443402365,passive,
1.0,1354.712,1354.73,732.5999755859375,438.8999938964844,798.5,439.5,100.30000305175781,18.000000000029104,65.90275582324529,passive,
1.0,1355.24,1355.278,769.4000244140625,440.3999938964844,1022.9000244140625,471.70001220703125,254.89999389648438,38.000000000010914,255.4250205955567,passive,
1.0,1355.573,1355.595,925.5,470.3999938964844,845.5999755859375,470.6000061035156,80.9000015258789,21.999999999934516,79.90027475704164,passive,
1.0,1355.77,1355.794,786.7000122070312,465.5,702.5,403.1000061035156,91.0,24.000000000114596,104.80172371648044,passive,
1.0,1355.969,1356.139,660.7999877929688,377.8999938964844,777.5999755859375,396.70001220703125,318.3999938964844,169.9999999998454,118.30332977948908,passive,
1.0,1356.612,1356.623,768.4000244140625,403.70001220703125,734.0,409.0,60.79999923706055,10.999999999967258,34.80591257665447,passive,
1.0,1357.374,1357.387,737.9000244140625,410.79998779296875,771.7999877929688,429.70001220703125,58.599998474121094,12.999999999919964,38.81260671409927,passive,
1.0,1357.568,1357.579,763.0,443.6000061035156,794.0,447.6000061035156,52.70000076293945,10.999999999967258,31.25699921617557,passive,
1.0,1358.243,1358.279,784.7999877929688,442.0,1028.300048828125,449.70001220703125,227.1999969482422,36.00000000005821,243.62177635037727,passive,
1.0,1358.617,1358.626,923.2000122070312,445.1000061035156,897.2999877929688,447.8999938964844,53.400001525878906,9.000000000014552,26.050934652902715,passive,
1.0,1358.774,1358.815,893.0,451.29998779296875,667.0,479.5,125.9000015258789,41.00000000016735,227.75258656813693,passive,
1.0,1359.552,1359.56,730.2999877929688,474.6000061035156,715.2999877929688,468.3999938964844,37.900001525878906,8.000000000038199,16.230839515174086,passive,
1.0,1359.877,1359.895,706.0,467.3999938964844,661.9000244140625,509.70001220703125,74.0999984741211,18.000000000029104,61.10727776421467,passive,
1.0,1360.314,1360.332,678.4000244140625,525.4000244140625,765.7999877929688,524.5,128.8000030517578,18.000000000029104,87.40459737668301,passive,
1.0,1360.632,1360.651,725.5999755859375,511.70001220703125,671.0999755859375,512.2000122070312,58.70000076293945,19.000000000005457,54.502293529722216,passive,
1.0,1360.751,1360.911,664.5,521.0,718.7000122070312,457.0,651.2999877929688,160.00000000008185,83.86680704094044,passive,
1.0,1361.09,1361.101,728.2000122070312,442.70001220703125,764.9000244140625,443.3999938964844,64.69999694824219,11.000000000194632,36.70668699790016,passive,
1.0,1361.679,1361.709,756.0999755859375,441.70001220703125,818.5999755859375,539.2000122070312,151.60000610351562,29.999999999972715,115.81234821900469,passive,
1.0,1361.97,1361.988,794.0,525.7999877929688,872.0999755859375,540.5,113.4000015258789,18.000000000029104,79.4713567608538,passive,
1.0,1362.226,1362.244,840.2000122070312,538.2000122070312,913.2999877929688,537.5,103.0999984741211,17.99999999980173,73.10332720030362,passive,
1.0,1362.448,1362.491,881.0999755859375,524.5999755859375,706.2000122070312,388.6000061035156,106.0,42.99999999989268,221.55358017681056,passive,
1.0,1362.962,1362.98,666.4000244140625,365.0,744.5999755859375,385.1000061035156,116.9000015258789,18.000000000029104,80.7418268844903,passive,
1.0,1363.282,1363.304,719.0999755859375,400.0,838.5,440.0,173.1999969482422,22.00000000016189,125.92206252312864,passive,
1.0,1363.62,1363.64,828.5,479.0,906.7999877929688,499.29998779296875,120.30000305175781,20.000000000209184,80.88867406982102,passive,
1.0,1363.984,1363.998,870.2000122070312,503.0,821.7000122070312,501.79998779296875,71.0999984741211,14.000000000123691,48.51484339145107,passive,
1.0,1364.173,1364.187,800.2000122070312,504.29998779296875,770.9000244140625,493.1000061035156,42.599998474121094,13.999999999896318,31.367640563360883,passive,
1.0,1364.413,1364.428,753.7000122070312,487.20001220703125,809.7000122070312,486.8999938964844,82.0999984741211,15.000000000100044,56.00080366375703,passive,
1.0,1364.759,1364.79,786.0999755859375,483.3999938964844,815.0,683.7000122070312,225.8000030517578,30.99999999994907,202.37418003870658,passive,
1.0,1365.004,1365.028,802.5999755859375,684.2999877929688,947.0999755859375,718.5,159.10000610351562,24.000000000114596,148.49205647091392,passive,
1.0,1365.181,1365.237,917.7000122070312,718.0,599.5,774.4000244140625,143.8000030517578,56.00000000004002,323.1597291162092,passive,
1.0,1365.622,1365.662,741.0999755859375,768.2999877929688,730.5,545.0999755859375,124.30000305175781,39.99999999996362,223.45157178154145,passive,
1.0,1365.966,1365.983,650.4000244140625,482.8999938964844,675.7999877929688,447.70001220703125,59.099998474121094,17.00000000005275,43.40733636826399,passive,
1.0,1366.232,1366.254,640.7999877929688,435.0,769.7000122070312,444.70001220703125,163.6999969482422,21.999999999934516,129.26448286657268,passive,
1.0,1366.643,1366.684,738.9000244140625,465.0,820.4000244140625,628.5,151.3000030517578,40.99999999993997,182.68689060794702,passive,
1.0,1367.029,1367.046,796.0,615.9000244140625,813.0999755859375,562.4000244140625,62.70000076293945,17.00000000005275,56.16635260580536,passive,
1.0,1367.228,1367.244,784.4000244140625,548.5,746.0999755859375,530.9000244140625,57.29999923706055,15.999999999849024,42.15036038828559,passive,
1.0,1367.459,1367.469,731.5999755859375,524.0999755859375,757.5,523.2000122070312,46.70000076293945,9.999999999990905,25.91565547564649,passive,
1.0,1368.005,1368.041,759.5999755859375,518.9000244140625,623.5,565.9000244140625,112.30000305175781,35.999999999830834,143.98681659962062,passive,
1.0,1368.204,1368.343,682.5,559.2000122070312,673.7000122070312,466.6000061035156,514.0999755859375,139.0000000001237,93.01720763131696,passive,
1.0,1368.688,1368.697,671.2000122070312,481.3999938964844,690.5999755859375,467.0,48.5,8.999999999787178,24.160264967952873,passive,
1.0,1368.98,1369.005,670.0999755859375,459.0,758.7000122070312,530.7999877929688,130.89999389648438,25.00000000009095,114.04036450454556,passive,
1.0,1369.253,1369.27,739.5999755859375,584.0999755859375,779.2999877929688,622.7999877929688,75.0,17.00000000005275,55.441698333139094,passive,
1.0,1370.083,1370.093,728.2999877929688,587.9000244140625,705.0,584.2999877929688,50.0,9.999999999990905,23.576464850051394,passive,
1.0,1370.432,1370.45,671.2000122070312,548.0999755859375,710.7999877929688,529.5999755859375,50.79999923706055,18.000000000029104,43.70821509060792,passive,
1.0,1370.661,1370.681,696.5999755859375,512.5,786.9000244140625,510.20001220703125,130.60000610351562,19.99999999998181,90.32933500369393,passive,
1.0,1371.233,1371.242,745.0,500.0,724.7000122070312,494.1000061035156,42.70000076293945,9.000000000014552,21.139996035317346,passive,
1.0,1371.532,1371.56,726.0999755859375,496.20001220703125,720.2999877929688,607.9000244140625,101.19999694824219,28.00000000002001,111.85049211089559,passive,
1.0,1371.753,1371.772,720.9000244140625,588.0999755859375,796.2999877929688,583.7999877929688,121.5,19.000000000005457,75.52247594299385,passive,
1.0,1372.125,1372.14,734.2999877929688,545.2000122070312,779.4000244140625,542.7999877929688,62.79999923706055,15.000000000100044,45.16385081469574,passive,
1.0,1372.209,1372.411,751.7999877929688,532.7999877929688,767.5999755859375,443.5,512.5999755859375,201.99999999999818,90.68697499686672,passive,
1.0,1372.738,1372.756,731.9000244140625,455.3999938964844,788.2000122070312,463.8999938964844,83.19999694824219,18.000000000029104,56.93802442558427,passive,
1.0,1373.09,1373.1,752.0999755859375,460.29998779296875,722.5999755859375,459.6000061035156,55.79999923706055,9.999999999990905,29.508303481656984,passive,
1.0,1373.692,1373.698,712.7999877929688,473.6000061035156,727.5999755859375,475.20001220703125,38.900001525878906,6.0000000000854925,14.886223772445154,passive,
1.0,1374.31,1374.345,713.4000244140625,483.29998779296875,954.5999755859375,485.0,217.0,35.000000000081855,241.20594206366255,passive,
1.0,1374.707,1374.724,868.2999877929688,470.8999938964844,829.9000244140625,464.8999938964844,49.0,16.999999999825377,38.86588719560305,passive,
1.0,1374.853,1374.911,816.7999877929688,464.0,513.5999755859375,461.1000061035156,116.0999984741211,57.999999999992724,303.21388056443516,passive,
1.0,1375.33,1375.362,691.0999755859375,462.79998779296875,930.9000244140625,497.29998779296875,194.60000610351562,32.000000000152795,242.2690929895333,passive,
1.0,1375.798,1375.814,878.4000244140625,485.6000061035156,821.5,479.3999938964844,75.9000015258789,16.000000000076398,57.23681446139578,passive,
1.0,1376.109,1376.122,782.4000244140625,474.20001220703125,738.9000244140625,463.20001220703125,74.9000015258789,13.000000000147338,44.86925450684466,passive,
1.0,1376.878,1376.898,739.0,455.5,817.7000122070312,465.0,118.30000305175781,19.99999999998181,79.27131840323376,passive,
1.0,1377.108,1377.116,775.4000244140625,466.70001220703125,755.7000122070312,473.20001220703125,45.29999923706055,8.000000000038199,20.74464945370686,passive,
1.0,1377.297,1377.312,751.2000122070312,487.0,811.4000244140625,490.5,92.80000305175781,14.99999999987267,60.301670538441236,passive,
1.0,1378.114,1378.135,780.2999877929688,483.70001220703125,735.0,538.9000244140625,72.0,20.999999999958163,71.4081944996477,passive,
1.0,1378.341,1378.358,731.7000122070312,544.7999877929688,716.2999877929688,512.2000122070312,46.900001525878906,17.00000000005275,36.054391690298175,passive,
1.0,1378.393,1378.543,692.5999755859375,502.5,708.2000122070312,393.29998779296875,430.1000061035156,149.99999999986358,110.30867512845597,passive,
1.0,1378.941,1378.982,715.7000122070312,399.5,771.5,575.0,141.3000030517578,40.99999999993997,184.15723889572047,passive,
1.0,1379.256,1379.269,763.7000122070312,557.2999877929688,812.7999877929688,546.2000122070312,84.4000015258789,12.999999999919964,50.33902125139172,passive,
1.0,1379.454,1379.472,777.0999755859375,531.0999755859375,760.7999877929688,496.5,46.20000076293945,18.000000000029104,38.24719483306457,passive,
1.0,1379.699,1379.71,744.7000122070312,483.1000061035156,767.7000122070312,466.6000061035156,52.099998474121094,10.999999999967258,28.30635970943632,passive,
1.0,1380.105,1380.114,753.4000244140625,452.0,776.7000122070312,446.79998779296875,48.20000076293945,9.000000000014552,23.87319748391,passive,
1.0,1380.499,1380.513,753.7000122070312,440.70001220703125,810.0999755859375,450.20001220703125,91.5999984741211,13.999999999896318,57.19445662948435,passive,
1.0,1380.727,1380.895,774.0,456.29998779296875,737.5,452.20001220703125,525.5,167.99999999989268,36.72954940923294,passive,
1.0,1381.191,1381.202,717.9000244140625,454.5,747.5999755859375,461.3999938964844,51.599998474121094,10.999999999967258,30.490933330799844,passive,
1.0,1381.681,1381.701,746.4000244140625,465.0,656.5,470.8999938964844,100.0999984741211,19.99999999998181,90.09341994634006,passive,
1.0,1381.904,1381.92,690.0999755859375,461.5,641.5,446.8999938964844,68.19999694824219,16.000000000076398,50.74561858107963,passive,
1.0,1382.194,1382.203,654.5999755859375,440.3999938964844,635.5999755859375,439.1000061035156,38.099998474121094,9.000000000014552,19.04442092219839,passive,
1.0,1382.634,1382.649,637.7999877929688,440.79998779296875,698.5999755859375,447.20001220703125,83.80000305175781,14.99999999987267,61.135904574364034,passive,
1.0,1382.708,1382.902,672.7999877929688,471.1000061035156,648.2999877929688,395.6000061035156,427.1000061035156,193.99999999995998,79.37568897338781,passive,
1.0,1383.172,1383.193,615.9000244140625,419.70001220703125,713.2999877929688,431.1000061035156,133.0,20.999999999958163,98.06483940257161,passive,
1.0,1383.443,1383.45,667.5,436.1000061035156,651.5999755859375,438.6000061035156,40.400001525878906,7.000000000061846,16.095365058543518,passive,
1.0,1383.773,1383.799,655.0999755859375,436.5,776.0,488.6000061035156,144.5,26.000000000067303,131.64811635305412,passive,
1.0,1384.263,1384.276,735.4000244140625,500.29998779296875,704.5,500.3999938964844,51.0,13.000000000147338,30.900186245561674,passive,
1.0,1384.952,1384.972,695.5999755859375,497.0,781.0999755859375,496.70001220703125,125.0999984741211,19.99999999998181,85.500526271339,passive,
1.0,1385.3,1385.327,743.2999877929688,493.1000061035156,863.0999755859375,540.4000244140625,157.39999389648438,27.000000000043656,128.79956835088203,passive,
1.0,1385.843,1385.86,783.0,511.3999938964844,743.7999877929688,492.6000061035156,51.599998474121094,16.999999999825377,43.47505604420969,passive,
1.0,1386.028,1386.047,639.2000122070312,453.1000061035156,731.5,454.1000061035156,116.30000305175781,19.000000000005457,92.30540475282139,passive,
1.0,1386.182,1386.34,705.5,471.5,773.0,485.8999938964844,244.5,157.99999999990177,69.01890917870831,passive,
1.0,1386.495,1386.531,779.2999877929688,482.1000061035156,961.0999755859375,613.7999877929688,175.3000030517578,36.00000000005821,224.49080323818586,passive,
1.0,1386.666,1386.7,927.7000122070312,609.5999755859375,1108.300048828125,703.2999877929688,253.0,34.0000000001055,203.46023079495956,passive,
1.0,1386.907,1386.912,1060.5,679.0999755859375,1062.5,667.4000244140625,37.0,5.000000000109139,11.869661217754246,passive,
1.0,1387.056,1387.081,1047.800048828125,667.5999755859375,1174.5999755859375,712.0999755859375,178.10000610351562,24.999999999863576,134.38181210932757,passive,
1.0,1387.735,1387.758,1112.800048828125,691.0,1027.0,656.5999755859375,112.4000015258789,23.000000000138243,92.43922359364952,passive,
1.0,1387.859,1387.88,947.5,625.2999877929688,866.4000244140625,584.9000244140625,106.5999984741211,21.000000000185537,90.60553559831003,passive,
1.0,1388.059,1388.075,801.4000244140625,545.2000122070312,748.7999877929688,526.0999755859375,79.5,16.000000000076398,55.96047937131638,passive,
1.0,1388.663,1388.698,735.5999755859375,504.79998779296875,917.9000244140625,423.6000061035156,213.5,35.000000000081855,199.56639203308828,passive,
1.0,1388.965,1388.976,822.7999877929688,405.8999938964844,852.4000244140625,389.1000061035156,60.099998474121094,11.000000000194632,34.03530164129577,passive,
1.0,1389.278,1389.294,828.2000122070312,382.70001220703125,773.5999755859375,398.3999938964844,78.19999694824219,16.000000000076398,56.812440750894886,passive,
1.0,1389.705,1389.72,773.7000122070312,422.20001220703125,820.2000122070312,430.1000061035156,70.4000015258789,15.000000000100044,47.16630050750737,passive,
1.0,1389.994,1390.032,796.0,430.79998779296875,1076.4000244140625,436.79998779296875,197.60000610351562,38.000000000010914,280.46421107051583,passive,
1.0,1390.287,1390.306,987.5999755859375,421.8999938964844,914.0999755859375,416.3999938964844,83.69999694824219,19.000000000005457,73.70549504616328,passive,
1.0,1390.628,1390.639,843.7999877929688,416.1000061035156,807.0999755859375,414.8999938964844,64.19999694824219,10.999999999967258,36.71962588716376,passive,
1.0,1390.953,1390.966,810.2000122070312,414.3999938964844,774.5,421.5,57.70000076293945,12.999999999919964,36.39918897794482,passive,
1.0,1391.131,1391.141,775.4000244140625,429.1000061035156,747.9000244140625,433.20001220703125,50.5,9.999999999990905,27.80395745301135,passive,
1.0,1391.619,1391.638,741.4000244140625,453.79998779296875,804.2000122070312,461.3999938964844,100.0999984741211,19.000000000005457,63.258189664030844,passive,
1.0,1392.046,1392.067,766.0999755859375,460.20001220703125,717.0,534.0999755859375,89.0,20.999999999958163,88.72436074688476,passive,
1.0,1392.281,1392.3,724.7000122070312,542.4000244140625,795.7000122070312,570.0999755859375,106.5999984741211,19.000000000005457,76.21212039383407,passive,
1.0,1392.494,1392.511,771.5,574.0999755859375,739.0,545.2999877929688,50.20000076293945,17.00000000005275,43.4245241410329,passive,
1.0,1392.767,1392.782,633.5999755859375,394.20001220703125,689.0,386.8999938964844,80.30000305175781,14.99999999987267,55.87891348633258,passive,
1.0,1393.007,1393.029,663.5,382.6000061035156,768.9000244140625,403.70001220703125,133.8000030517578,21.999999999934516,107.49128059546675,passive,
1.0,1393.235,1393.251,802.0,454.29998779296875,854.5,470.5,74.5999984741211,16.000000000076398,54.94261001725311,passive,
1.0,1393.367,1393.554,820.0,498.29998779296875,779.5,434.3999938964844,189.0,187.0000000001255,75.653547305931,passive,
1.0,1393.994,1394.016,761.5,440.20001220703125,788.7000122070312,535.2000122070312,109.9000015258789,22.00000000016189,98.81720833975552,passive,
1.0,1394.32,1394.334,786.2000122070312,527.4000244140625,827.9000244140625,538.9000244140625,70.0,14.000000000123691,43.25668755310045,passive,
1.0,1394.828,1394.843,806.7999877929688,526.0,746.5,532.5,86.5999984741211,15.000000000100044,60.64930772755927,passive,
1.0,1395.201,1395.388,747.4000244140625,542.0999755859375,771.7999877929688,391.70001220703125,503.5,186.99999999989814,152.36635848266607,passive,
1.0,1395.419,1395.764,762.0999755859375,389.0,772.5999755859375,441.70001220703125,675.5,344.9999999997999,53.735847314630135,passive,
1.0,1398.296,1398.305,804.4000244140625,492.3999938964844,828.5,498.5,49.5,9.000000000014552,24.859985875010295,passive,
1.0,1398.445,1398.514,806.2000122070312,496.0,344.20001220703125,399.3999938964844,147.89999389648438,68.99999999995998,471.99106048653005,passive,
1.0,1398.734,1398.791,547.2999877929688,373.3999938964844,955.5,447.6000061035156,255.5,57.00000000001637,414.88901139623357,passive,
1.0,1399.3,1399.313,848.0999755859375,437.79998779296875,798.2999877929688,440.1000061035156,84.0999984741211,13.000000000147338,49.85307280808965,passive,
1.0,1400.171,1400.186,787.4000244140625,459.1000061035156,813.0,492.5,71.30000305175781,14.99999999987267,42.082280621251854,passive,
1.0,1400.908,1400.925,806.0999755859375,489.5,837.7000122070312,556.5,99.9000015258789,17.00000000005275,74.07808255114644,passive,
1.0,1401.195,1401.218,808.7000122070312,564.4000244140625,927.2000122070312,548.2999877929688,143.0,23.000000000138243,119.58871677211258,passive,
1.0,1401.602,1401.622,886.0999755859375,529.9000244140625,811.5,535.2999877929688,87.5,19.99999999998181,74.79516001664814,passive,
1.0,1401.857,1401.877,794.0999755859375,545.4000244140625,724.0999755859375,562.2999877929688,89.4000015258789,19.99999999998181,72.01117109316007,passive,
1.0,1402.326,1402.34,741.2999877929688,565.2999877929688,791.7999877929688,563.9000244140625,80.9000015258789,13.999999999896318,50.519401198572005,passive,
1.0,1402.637,1402.648,769.5999755859375,547.7999877929688,808.0,546.5999755859375,68.4000015258789,10.999999999967258,38.41877020803269,passive,
1.0,1403.025,1403.032,814.2999877929688,507.20001220703125,834.5,514.5,83.80000305175781,6.999999999834472,21.47860132647618,,
1.0,1403.524,1403.529,812.4000244140625,519.2999877929688,800.2999877929688,523.2000122070312,37.400001525878906,5.000000000109139,12.713027832192196,passive,
1.0,1403.873,1403.878,811.2000122070312,527.0999755859375,823.0999755859375,522.2000122070312,41.0,4.999999999881766,12.869295611412934,passive,
1.0,1404.075,1404.091,796.0999755859375,505.79998779296875,779.5999755859375,471.79998779296875,45.79999923706055,15.999999999849024,37.79219496139381,passive,
1.0,1404.52,1404.532,757.7999877929688,459.29998779296875,799.7999877929688,463.8999938964844,67.19999694824219,11.999999999943611,42.25115449490559,passive,
1.0,1404.702,1404.747,779.0999755859375,471.79998779296875,583.5,745.7000122070312,236.89999389648438,45.00000000007276,336.5717959414356,passive,
1.0,1404.902,1404.936,636.5999755859375,746.4000244140625,870.7000122070312,769.0999755859375,241.3000030517578,33.99999999987813,235.1980334297099,passive,
1.0,1405.223,1405.245,786.0,746.5999755859375,765.4000244140625,663.7999877929688,76.4000015258789,21.999999999934516,85.32407030057225,passive,
1.0,1405.592,1405.615,727.0999755859375,619.9000244140625,735.7000122070312,715.9000244140625,93.9000015258789,22.99999999991087,96.38444184558084,passive,
1.0,1405.985,1406.029,733.7000122070312,706.7999877929688,978.5,752.0,176.8000030517578,44.000000000096406,248.93789411608958,passive,
1.0,1406.335,1406.355,885.9000244140625,723.7999877929688,834.9000244140625,683.4000244140625,76.0999984741211,19.99999999998181,65.06271621302761,passive,
1.0,1406.502,1406.516,800.5999755859375,661.9000244140625,773.7999877929688,639.0,47.099998474121094,14.000000000123691,35.251247692357396,passive,
1.0,1406.945,1406.967,736.5,595.2000122070312,836.5999755859375,592.2999877929688,148.3000030517578,22.00000000016189,100.14197548434643,passive,
1.0,1407.323,1407.34,787.5999755859375,581.2999877929688,723.5,620.7999877929688,100.30000305175781,16.999999999825377,75.29313959530299,passive,
1.0,1407.537,1407.568,737.0,633.7999877929688,915.2999877929688,566.2999877929688,169.0,30.99999999994907,190.64924769579554,passive,
1.0,1407.734,1407.755,821.7000122070312,509.79998779296875,800.5,447.70001220703125,66.69999694824219,21.000000000185537,65.6189567530017,passive,
1.0,1408.302,1408.318,749.4000244140625,390.70001220703125,815.4000244140625,399.1000061035156,106.80000305175781,16.000000000076398,66.53239735242504,passive,
1.0,1409.117,1409.131,780.2000122070312,380.0,825.5999755859375,401.1000061035156,81.4000015258789,14.000000000123691,50.063628837454694,passive,
1.0,1409.357,1409.368,802.7999877929688,417.20001220703125,788.2999877929688,433.5,38.0,10.999999999967258,21.816040017632215,passive,
1.0,1409.529,1409.539,780.2000122070312,453.3999938964844,811.5999755859375,458.5,58.400001525878906,9.999999999990905,31.811440747827664,passive,
1.0,1410.314,1410.358,795.2000122070312,478.8999938964844,1132.300048828125,393.8999938964844,265.0,43.99999999986903,347.6513119347355,passive,
1.0,1410.618,1410.663,966.5,377.29998779296875,724.5,498.1000061035156,160.39999389648438,45.00000000007276,270.47484989149814,passive,
1.0,1410.879,1410.915,775.2000122070312,516.0999755859375,701.7999877929688,676.0999755859375,167.5,36.00000000005821,176.032848025546,passive,
1.0,1411.132,1411.156,741.4000244140625,679.7999877929688,789.0999755859375,771.2999877929688,155.89999389648438,23.999999999887223,103.1868952037964,passive,
1.0,1411.457,1411.482,760.7000122070312,756.0,789.5999755859375,641.0,106.5999984741211,24.999999999863576,118.57574744989854,passive,
1.0,1411.78,1411.793,719.0,506.70001220703125,765.7999877929688,499.6000061035156,75.69999694824219,12.999999999919964,47.33549349158603,passive,
1.0,1412.29,1412.308,720.2999877929688,483.5,790.2000122070312,485.70001220703125,103.5,18.000000000029104,69.93463710349558,passive,
1.0,1413.067,1413.122,748.0999755859375,482.0,509.79998779296875,718.5999755859375,188.60000610351562,55.000000000063665,335.80713606085754,passive,
1.0,1413.286,1413.313,607.2999877929688,711.2000122070312,756.9000244140625,745.0999755859375,209.0,27.000000000043656,153.39288925541425,passive,
1.0,1413.582,1413.599,715.2999877929688,745.7999877929688,775.9000244140625,722.5,97.80000305175781,16.999999999825377,64.92498648155728,passive,
1.0,1413.752,1413.915,742.7999877929688,710.5999755859375,762.5999755859375,450.5,503.70001220703125,163.0000000000109,260.85251928322833,passive,
1.0,1414.231,1414.251,731.0,448.3999938964844,808.0,473.70001220703125,120.0999984741211,19.99999999998181,81.04992860276934,passive,
1.0,1414.445,1414.463,774.2999877929688,477.5,704.7000122070312,483.79998779296875,94.0,18.000000000029104,69.88452223314295,passive,
1.0,1414.872,1414.889,735.2999877929688,480.8999938964844,810.2999877929688,488.1000061035156,115.5,16.999999999825377,75.34480855229111,passive,
1.0,1415.892,1415.911,765.2999877929688,491.6000061035156,718.7999877929688,465.29998779296875,59.70000076293945,19.000000000005457,53.42228901062833,passive,
1.0,1416.101,1416.258,703.2999877929688,453.79998779296875,793.2000122070312,411.70001220703125,240.0,156.99999999992542,99.26944310302927,passive,
1.0,1416.798,1416.818,767.9000244140625,433.1000061035156,835.2000122070312,471.79998779296875,116.5,19.99999999998181,77.63360702490739,passive,
1.0,1417.663,1417.671,808.0999755859375,491.6000061035156,788.7999877929688,495.0,42.599998474121094,8.000000000038199,19.597180595812087,passive,
1.0,1418.33,1418.352,770.7999877929688,515.7000122070312,848.0,521.0999755859375,119.0999984741211,22.00000000016189,77.38863927773444,passive,
1.0,1419.105,1419.119,807.7999877929688,514.5,765.0999755859375,529.7999877929688,68.5999984741211,13.999999999896318,45.35835831404847,passive,
1.0,1419.315,1419.347,769.0999755859375,535.2999877929688,641.7999877929688,440.6000061035156,99.4000015258789,31.99999999992542,158.66119066763855,passive,
1.0,1419.532,1419.557,621.5999755859375,409.5,790.4000244140625,425.3999938964844,208.5,25.00000000009095,169.54723911136279,passive,
1.0,1420.03,1420.053,735.9000244140625,428.0,819.7000122070312,480.20001220703125,146.89999389648438,23.000000000138243,98.72831016742829,passive,
1.0,1420.58,1420.598,785.0999755859375,493.0,853.2999877929688,512.5,110.0,18.000000000029104,70.93300828978855,passive,
1.0,1420.897,1420.908,816.2000122070312,522.2000122070312,854.7999877929688,536.2999877929688,72.0,10.999999999967258,41.094615544606384,passive,
1.0,1421.175,1421.191,833.7000122070312,549.0,884.7000122070312,562.7000122070312,81.5999984741211,16.000000000076398,52.80805179584649,passive,
1.0,1421.321,1421.333,851.5,560.5999755859375,816.5999755859375,579.0999755859375,66.4000015258789,12.000000000170985,39.50014815291404,passive,
1.0,1421.463,1421.473,805.4000244140625,583.9000244140625,784.0999755859375,600.5999755859375,48.0,9.999999999990905,27.066223401566727,passive,
1.0,1421.615,1421.623,770.2000122070312,616.0,751.5999755859375,615.5999755859375,41.20000076293945,8.000000000038199,18.604337715647784,passive,
1.0,1422.569,1422.587,705.7000122070312,586.9000244140625,793.4000244140625,580.2000122070312,115.5999984741211,18.000000000029104,87.95557006061526,passive,
1.0,1422.778,1422.981,754.0,556.7999877929688,757.2999877929688,501.29998779296875,642.5,202.99999999997453,55.59802082299102,passive,
1.0,1423.466,1423.505,775.4000244140625,486.20001220703125,867.7999877929688,668.0999755859375,177.6999969482422,39.00000000021464,204.0229151582504,passive,
1.0,1423.769,1423.785,842.2000122070312,650.0,902.5999755859375,654.2000122070312,85.5,16.000000000076398,60.545814708470374,passive,
1.0,1423.925,1423.94,870.0999755859375,647.5,827.2000122070312,631.5999755859375,63.20000076293945,15.000000000100044,45.751695425189226,passive,
1.0,1424.156,1424.169,789.5999755859375,598.0999755859375,760.5999755859375,590.0999755859375,44.20000076293945,13.000000000147338,30.083217912982647,passive,
1.0,1424.372,1424.381,752.5,577.2000122070312,773.9000244140625,577.4000244140625,44.099998474121094,9.000000000014552,21.400959086111833,passive,
1.0,1424.587,1424.598,761.2000122070312,568.9000244140625,734.7000122070312,565.5999755859375,47.20000076293945,10.999999999967258,26.704687271488673,passive,
1.0,1425.156,1425.174,702.9000244140625,535.9000244140625,783.5,533.0999755859375,110.69999694824219,18.000000000029104,80.64859786687929,passive,
1.0,1426.022,1426.04,757.7999877929688,527.0999755859375,845.0999755859375,520.9000244140625,123.0,18.000000000029104,87.5198678197478,passive,
1.0,1426.217,1426.238,818.2999877929688,476.0,774.0999755859375,437.29998779296875,56.099998474121094,20.999999999958163,58.74803846875297,passive,
1.0,1426.316,1426.382,583.9000244140625,355.79998779296875,142.0,354.0,144.60000610351562,66.00000000003092,441.9036903367111,passive,
1.0,1426.501,1426.548,258.1000061035156,333.29998779296875,646.7000122070312,348.5,233.0,47.000000000025466,388.8971652181927,passive,
1.0,1426.881,1426.912,719.0,366.3999938964844,957.2000122070312,351.79998779296875,223.6999969482422,30.99999999994907,238.6470322330712,passive,
1.0,1427.249,1427.31,868.9000244140625,343.6000061035156,740.0999755859375,622.5,148.0,60.99999999992178,307.2045884644082,passive,
1.0,1427.571,1427.608,759.5999755859375,591.5,889.0,684.5999755859375,190.8000030517578,37.00000000003456,159.41132887113804,passive,
1.0,1427.799,1427.93,828.5999755859375,675.7000122070312,748.7999877929688,515.7999877929688,743.5,131.0000000000855,178.70661951750904,passive,
1.0,1429.079,1429.117,744.7000122070312,514.2000122070312,821.9000244140625,638.7999877929688,147.6999969482422,38.000000000010914,146.5776101619275,passive,
1.0,1429.462,1429.477,792.2000122070312,615.2999877929688,792.4000244140625,569.9000244140625,68.69999694824219,15.000000000100044,45.40040395953532,passive,
1.0,1429.72,1429.742,772.4000244140625,558.7999877929688,734.2999877929688,494.5,69.9000015258789,21.999999999934516,74.74022491740719,passive,
1.0,1430.698,1430.715,701.5,461.3999938964844,767.2000122070312,493.1000061035156,109.9000015258789,16.999999999825377,72.94780584726306,passive,
1.0,1430.936,1430.957,738.5,505.5,827.0999755859375,526.5,140.10000610351562,21.000000000185537,91.05468507346957,passive,
1.0,1431.537,1431.55,786.2000122070312,527.9000244140625,742.5,519.7999877929688,72.5999984741211,12.999999999919964,44.444365898927394,passive,
1.0,1431.836,1431.86,742.9000244140625,523.5,726.0,612.0999755859375,94.5,23.999999999887223,90.19737523356558,passive,
1.0,1432.355,1432.37,693.5,554.9000244140625,669.7000122070312,537.5,39.900001525878906,14.99999999987267,29.482202573000418,passive,
1.0,1432.578,1432.627,651.7999877929688,516.2000122070312,930.0999755859375,543.4000244140625,216.1999969482422,48.99999999997817,279.6260429030694,passive,
1.0,1433.184,1433.192,802.2000122070312,522.7999877929688,780.2000122070312,530.2000122070312,50.20000076293945,8.000000000038199,23.211211974576447,passive,
1.0,1434.369,1434.403,758.9000244140625,532.2000122070312,637.2000122070312,585.7000122070312,109.5999984741211,34.0000000001055,132.94037374398928,passive,
1.0,1435.036,1435.059,696.0,582.0999755859375,805.0,561.7999877929688,135.5,22.99999999991087,110.87420576669165,passive,
1.0,1435.514,1435.529,790.7999877929688,529.0999755859375,741.0999755859375,521.7000122070312,70.80000305175781,15.000000000100044,50.247892208412175,passive,
1.0,1436.851,1436.893,714.7000122070312,535.9000244140625,905.7000122070312,531.5,146.8000030517578,41.99999999991633,191.0506744684361,passive,
1.0,1437.063,1437.207,811.0999755859375,539.2000122070312,980.4000244140625,614.0,495.3999938964844,144.00000000000546,185.08793776752114,passive,
1.0,1437.576,1437.628,942.0999755859375,614.5999755859375,739.5999755859375,531.7999877929688,131.10000610351562,51.99999999990723,218.7740569137844,passive,
1.0,1437.937,1437.956,784.2999877929688,546.9000244140625,728.5999755859375,494.29998779296875,89.69999694824219,19.000000000005457,76.61106455600152,passive,
1.0,1438.899,1438.921,801.7999877929688,534.2999877929688,862.0999755859375,550.0,113.0999984741211,22.00000000016189,62.31034353245944,,
1.0,1439.26,1439.265,835.0,543.2000122070312,822.7000122070312,542.2999877929688,38.5,5.000000000109139,12.332872481830371,constant,
1.0,1440.332,1440.353,831.9000244140625,527.0999755859375,782.2999877929688,470.79998779296875,79.0,20.999999999958163,75.0323414155674,constant,
1.0,1440.661,1440.683,772.2999877929688,452.6000061035156,849.4000244140625,518.5999755859375,139.5,21.999999999934516,101.49094353022153,constant,
1.0,1440.942,1441.09,799.5,522.9000244140625,820.7999877929688,423.29998779296875,762.7999877929688,147.99999999991087,101.85213191143244,constant,
1.0,1441.349,1441.366,812.5,433.20001220703125,778.4000244140625,373.3999938964844,96.80000305175781,17.00000000005275,68.83930944528188,constant,
1.0,1441.575,1441.618,756.9000244140625,356.0,705.0999755859375,171.0,105.80000305175781,42.99999999989268,192.11518695458756,constant,
1.0,1442.029,1442.077,655.2999877929688,168.6999969482422,846.2000122070312,487.3999938964844,276.6000061035156,48.00000000000182,371.5003464010488,constant,
1.0,1442.348,1442.381,796.4000244140625,485.79998779296875,1056.0,496.20001220703125,263.3999938964844,33.00000000012915,259.8082135576788,constant,
1.0,1442.811,1442.843,953.5999755859375,468.6000061035156,829.9000244140625,451.3999938964844,94.4000015258789,32.000000000152795,124.89002498136624,constant,
1.0,1443.054,1443.075,812.9000244140625,444.5,777.7000122070312,377.5,98.4000015258789,20.999999999958163,75.6838216488514,constant,
1.0,1443.641,1443.796,750.7999877929688,377.8999938964844,812.5,367.29998779296875,756.0999755859375,154.99999999997272,62.60392667990063,constant,
1.0,1444.45,1444.462,793.5,377.1000061035156,759.2999877929688,383.6000061035156,59.70000076293945,11.999999999943611,34.812222493846704,constant,
1.0,1444.881,1444.892,755.2000122070312,386.5,729.5999755859375,371.8999938964844,52.599998474121094,10.999999999967258,29.470698214057208,constant,
1.0,1445.141,1445.162,722.2999877929688,359.29998779296875,833.2999877929688,363.29998779296875,160.60000610351562,20.999999999958163,111.07204868912791,constant,
1.0,1445.695,1445.713,793.0,353.3999938964844,816.0999755859375,410.5,79.30000305175781,18.000000000029104,61.595613229291175,constant,
1.0,1446.1,1446.105,805.2999877929688,397.8999938964844,816.9000244140625,401.3999938964844,39.900001525878906,5.000000000109139,12.116552711506523,constant,
1.0,1446.477,1446.487,798.7000122070312,394.29998779296875,769.5999755859375,390.8999938964844,55.5,9.999999999990905,29.29798781222233,constant,
1.0,1447.021,1447.04,780.0999755859375,390.3999938964844,867.7000122070312,390.5,129.3000030517578,19.000000000005457,87.60009370564455,constant,
1.0,1448.48,1448.494,811.2999877929688,384.20001220703125,852.2999877929688,386.8999938964844,66.69999694824219,13.999999999896318,41.08880505835357,constant,
1.0,1448.936,1448.956,832.7999877929688,383.70001220703125,926.7999877929688,401.70001220703125,134.3000030517578,19.99999999998181,95.70788891204319,constant,
1.0,1449.396,1449.415,894.9000244140625,405.0,822.2999877929688,393.0,95.69999694824219,19.000000000005457,73.58508896090399,constant,
1.0,1450.15,1450.169,749.0,363.79998779296875,833.2000122070312,382.20001220703125,123.5,19.000000000005457,86.18702311892613,constant,
1.0,1450.388,1450.557,789.0,410.29998779296875,807.4000244140625,353.6000061035156,641.9000244140625,169.0000000000964,59.61081128471928,constant,
1.0,1450.901,1450.924,797.9000244140625,371.20001220703125,881.7000122070312,451.6000061035156,164.10000610351562,22.99999999991087,116.13180861700397,constant,
1.0,1451.213,1451.242,845.7999877929688,451.70001220703125,1021.5,490.8999938964844,176.0,28.999999999996362,180.01981239298186,constant,
1.0,1451.558,1451.584,946.4000244140625,476.29998779296875,838.7999877929688,463.0,91.80000305175781,26.000000000067303,108.41889851937177,constant,
1.0,1451.969,1451.994,827.5999755859375,448.79998779296875,735.0999755859375,384.1000061035156,98.0,24.999999999863576,112.88196326524256,constant,
1.0,1452.311,1452.354,700.7000122070312,356.8999938964844,862.5999755859375,482.6000061035156,195.5,43.00000000012005,204.96851273046548,constant,
1.0,1452.657,1452.694,804.7000122070312,462.0,976.4000244140625,497.20001220703125,182.39999389648438,37.00000000003456,175.27103312090628,constant,
1.0,1452.992,1453.015,904.7000122070312,480.8999938964844,833.0999755859375,444.3999938964844,74.5,23.000000000138243,80.36675459505607,constant,
1.0,1453.24,1453.263,722.7000122070312,369.79998779296875,641.7000122070312,333.20001220703125,84.80000305175781,22.99999999991087,88.88508431053673,constant,
1.0,1453.467,1453.499,624.2000122070312,314.6000061035156,832.7000122070312,361.0,229.5,31.99999999992542,213.60058387933725,constant,
1.0,1453.82,1453.862,757.5999755859375,360.1000061035156,922.7999877929688,457.29998779296875,199.5,42.0000000001437,191.67389095448888,constant,
1.0,1454.18,1454.216,867.4000244140625,452.70001220703125,1039.199951171875,491.3999938964844,162.1999969482422,35.999999999830834,176.10480804553222,constant,
1.0,1454.581,1454.629,977.7999877929688,485.20001220703125,766.7999877929688,397.29998779296875,112.0,48.00000000000182,228.57693298317042,constant,
1.0,1455.109,1455.131,773.0999755859375,379.3999938964844,870.9000244140625,421.0,150.39999389648438,22.00000000016189,106.27986666625138,constant,
1.0,1455.455,1455.467,827.9000244140625,431.0,796.9000244140625,417.6000061035156,54.70000076293945,12.000000000170985,33.77217547665265,constant,
1.0,1456.318,1456.336,777.4000244140625,398.0,842.9000244140625,402.5,103.5,18.000000000029104,65.65439817712138,constant,
1.0,1456.529,1456.544,812.5,392.0,777.2999877929688,365.20001220703125,65.5,15.000000000100044,44.24115962628492,constant,
1.0,1456.931,1456.951,715.2999877929688,294.0,800.4000244140625,325.6000061035156,137.0,19.99999999998181,90.77762179443633,constant,
1.0,1457.176,1457.196,773.5,350.79998779296875,863.9000244140625,377.20001220703125,139.89999389648438,19.99999999998181,94.17603571570739,constant,
1.0,1457.901,1457.916,827.4000244140625,379.3999938964844,781.0999755859375,366.8999938964844,64.0999984741211,14.99999999987267,47.95773682615516,constant,
1.0,1458.29,1458.309,768.2000122070312,359.0,849.7000122070312,382.20001220703125,125.0,19.000000000005457,84.73777532131935,constant,
1.0,1458.764,1458.778,820.0,384.29998779296875,871.0999755859375,392.20001220703125,88.9000015258789,14.000000000123691,51.70703908198759,constant,
1.0,1458.998,1459.018,846.2999877929688,392.3999938964844,779.2000122070312,370.1000061035156,81.5999984741211,19.99999999998181,70.70852974853857,constant,
1.0,1459.28,1459.444,695.2000122070312,338.8999938964844,797.7000122070312,299.70001220703125,477.70001220703125,163.99999999998727,109.74009551870027,constant,
1.0,1459.886,1459.908,769.5,315.3999938964844,808.2999877929688,383.8999938964844,92.4000015258789,21.999999999934516,78.72540284263094,constant,
1.0,1460.219,1460.241,791.5,386.5,905.7000122070312,413.5,175.3000030517578,21.999999999934516,117.34838212811495,constant,
1.0,1460.58,1460.598,861.9000244140625,412.79998779296875,796.4000244140625,389.79998779296875,89.9000015258789,18.000000000029104,69.42081820318744,constant,
1.0,1460.876,1460.897,781.7999877929688,379.79998779296875,726.2999877929688,339.20001220703125,77.4000015258789,20.999999999958163,68.76487488230252,constant,
1.0,1461.138,1461.159,705.9000244140625,320.29998779296875,643.9000244140625,274.6000061035156,77.5999984741211,21.000000000185537,77.02264813946837,constant,
1.0,1461.506,1461.529,622.7999877929688,236.6999969482422,773.5,275.79998779296875,205.60000610351562,22.99999999991087,155.68976512043773,constant,
1.0,1462.213,1462.234,738.5,298.8999938964844,821.0999755859375,359.8999938964844,146.10000610351562,20.999999999958163,102.68279294408325,constant,
1.0,1462.457,1462.467,783.5,367.29998779296875,752.2000122070312,361.20001220703125,60.79999923706055,9.999999999990905,31.888852879792122,constant,
1.0,1462.989,1463.011,752.7999877929688,353.70001220703125,878.9000244140625,374.79998779296875,162.39999389648438,21.999999999934516,127.85315094110251,constant,
1.0,1463.33,1463.349,837.0,389.79998779296875,906.0999755859375,432.6000061035156,116.0999984741211,19.000000000005457,81.28129054930358,constant,
1.0,1463.525,1463.711,863.7999877929688,442.6000061035156,680.5,257.3999938964844,441.6000061035156,185.99999999992178,260.57231250919006,constant,
1.0,1464.001,1464.03,669.5999755859375,269.1000061035156,830.0,350.1000061035156,203.0,28.999999999996362,179.69186913166618,constant,
1.0,1464.318,1464.361,783.7999877929688,378.3999938964844,967.5,454.79998779296875,228.6999969482422,43.00000000012005,198.95389805743008,constant,
1.0,1464.6,1464.623,897.9000244140625,441.6000061035156,816.4000244140625,421.5,89.19999694824219,23.000000000138243,83.94200524982331,constant,
1.0,1464.987,1465.008,768.9000244140625,392.1000061035156,719.5999755859375,354.6000061035156,71.5,20.999999999958163,61.94146280526082,constant,
1.0,1465.296,1465.334,690.2999877929688,340.8999938964844,914.2000122070312,431.29998779296875,228.8000030517578,38.000000000010914,241.46092816251286,constant,
1.0,1465.938,1465.958,820.7999877929688,413.6000061035156,765.2999877929688,383.79998779296875,75.80000305175781,19.99999999998181,62.99437348929608,constant,
1.0,1466.549,1466.572,706.2000122070312,341.0,843.5,375.8999938964844,180.39999389648438,22.99999999991087,141.66614352739336,constant,
1.0,1466.854,1466.873,819.7999877929688,386.20001220703125,776.2999877929688,348.70001220703125,70.69999694824219,19.000000000005457,57.43256915722994,constant,
1.0,1467.06,1467.083,756.2999877929688,330.20001220703125,709.9000244140625,253.5,85.4000015258789,23.000000000138243,89.64289416413654,constant,
1.0,1467.361,1467.384,651.9000244140625,200.0,746.0,152.60000610351562,134.5,22.99999999991087,105.3639636054984,constant,
1.0,1467.885,1467.905,695.5999755859375,156.10000610351562,742.5,99.5999984741211,84.5,19.99999999998181,73.42930717473303,constant,
1.0,1468.367,1468.406,713.2999877929688,107.19999694824219,876.4000244140625,351.6000061035156,197.89999389648438,38.99999999998727,293.8247546087631,constant,
1.0,1468.795,1468.802,830.7999877929688,379.8999938964844,817.7000122070312,368.1000061035156,41.70000076293945,6.999999999834472,17.630912405952508,constant,
1.0,1469.045,1469.068,811.7000122070312,353.8999938964844,896.0999755859375,441.5,162.3000030517578,22.99999999991087,121.64339228949795,constant,
1.0,1469.283,1469.299,857.4000244140625,445.8999938964844,808.0999755859375,425.6000061035156,70.0999984741211,16.000000000076398,53.31589180394706,constant,
1.0,1469.548,1469.571,640.0999755859375,325.29998779296875,789.2999877929688,328.1000061035156,189.10000610351562,22.99999999991087,149.22628369398493,constant,
1.0,1469.597,1469.76,796.2999877929688,350.5,736.5999755859375,323.1000061035156,483.6000061035156,163.0000000000109,65.68752638855463,constant,
1.0,1470.06,1470.084,724.2999877929688,300.70001220703125,820.7000122070312,364.8999938964844,167.60000610351562,24.000000000114596,115.82142442552657,constant,
1.0,1470.424,1470.433,779.7999877929688,360.5,755.5999755859375,353.8999938964844,49.900001525878906,9.000000000014552,25.08387273502449,constant,
1.0,1470.678,1470.709,755.7999877929688,347.8999938964844,887.5999755859375,410.3999938964844,158.60000610351562,30.99999999994907,145.86804578874262,constant,
1.0,1471.141,1471.154,823.5,393.1000061035156,777.0999755859375,397.0,76.30000305175781,12.999999999919964,46.56363621988957,constant,
1.0,1471.476,1471.492,756.2000122070312,379.29998779296875,814.7999877929688,367.79998779296875,92.5,15.999999999849024,59.71772884723992,constant,
1.0,1471.765,1471.808,774.2999877929688,358.20001220703125,979.7999877929688,422.8999938964844,192.6999969482422,42.99999999989268,215.4445117208038,constant,
1.0,1471.99,1472.167,885.4000244140625,417.1000061035156,769.9000244140625,328.20001220703125,514.5,176.99999999990723,145.75135990718906,constant,
1.0,1472.6,1472.629,758.5999755859375,321.3999938964844,873.7999877929688,445.6000061035156,185.60000610351562,28.999999999996362,169.4009617585652,constant,
1.0,1472.892,1472.914,833.5,442.0,758.7999877929688,395.8999938964844,96.0,21.999999999934516,87.77985182531806,constant,
1.0,1473.361,1473.404,689.7000122070312,326.0,872.2000122070312,339.1000061035156,175.5,42.99999999989268,182.96956074689624,constant,
1.0,1473.749,1473.767,787.2000122070312,335.1000061035156,724.7000122070312,308.6000061035156,82.30000305175781,18.000000000029104,67.88593374182902,constant,
1.0,1474.745,1474.76,787.2999877929688,501.3999938964844,760.0,479.79998779296875,48.20000076293945,15.000000000100044,34.81163019980758,constant,
1.0,1475.088,1475.109,725.9000244140625,444.8999938964844,830.5999755859375,476.5,152.0,20.999999999958163,109.3647116813062,constant,
1.0,1476.049,1476.057,788.9000244140625,509.29998779296875,765.5,506.70001220703125,51.0,8.000000000038199,23.544022927830156,constant,
1.0,1476.2,1476.358,742.4000244140625,524.2000122070312,847.5,505.29998779296875,332.79998779296875,157.99999999990177,106.78584077965026,constant,
1.0,1477.081,1477.1,789.2999877929688,494.3999938964844,728.7000122070312,510.5,71.4000015258789,19.000000000005457,62.70221078677738,constant,
1.0,1478.402,1478.42,729.7000122070312,492.1000061035156,807.0999755859375,500.3999938964844,114.0,18.000000000029104,77.84371604965592,constant,
1.0,1478.698,1478.71,767.9000244140625,496.0,734.7000122070312,493.8999938964844,55.599998474121094,11.999999999943611,33.26636193186485,constant,
1.0,1479.162,1479.184,738.5999755859375,485.6000061035156,829.7000122070312,496.3999938964844,124.0999984741211,21.999999999934516,91.7379769162853,constant,
1.0,1480.978,1480.99,748.0999755859375,479.6000061035156,788.0,485.29998779296875,68.0999984741211,11.999999999943611,40.30510810682542,constant,
1.0,1481.369,1481.379,767.0999755859375,491.1000061035156,796.9000244140625,496.3999938964844,55.599998474121094,9.999999999990905,30.267685421324373,constant,
1.0,1481.595,1481.606,777.9000244140625,494.29998779296875,748.5999755859375,490.6000061035156,52.400001525878906,10.999999999967258,29.53273989715139,constant,
1.0,1481.959,1481.972,745.0,489.70001220703125,783.2999877929688,487.3999938964844,55.0,12.999999999919964,38.36898681448868,constant,
1.0,1482.105,1482.273,762.2999877929688,494.5,829.5999755859375,462.8999938964844,324.3999938964844,167.99999999989268,74.34950398406144,constant,
1.0,1482.928,1482.939,784.2999877929688,461.8999938964844,753.4000244140625,468.79998779296875,52.5,10.999999999967258,31.66097996887129,constant,
1.0,1483.916,1483.932,766.2000122070312,485.6000061035156,824.5,491.20001220703125,92.30000305175781,16.000000000076398,58.56832458778138,constant,
1.0,1484.894,1485.035,767.4000244140625,501.8999938964844,941.7999877929688,490.5,435.29998779296875,141.0000000000764,174.77215764361245,constant,
1.0,1485.255,1485.271,862.0,492.70001220703125,807.0,484.29998779296875,70.0999984741211,15.999999999849024,55.63776065009128,constant,
1.0,1485.73,1485.741,788.9000244140625,479.20001220703125,754.0999755859375,477.3999938964844,63.0,10.999999999967258,34.846570338530995,constant,
1.0,1486.547,1486.565,753.5,477.3999938964844,823.5999755859375,502.79998779296875,107.0999984741211,18.000000000029104,74.55981670504882,constant,
1.0,1486.844,1486.856,798.7999877929688,510.3999938964844,836.0,509.20001220703125,60.5,11.999999999943611,37.219361416583936,constant,
1.0,1487.091,1487.107,816.0,504.8999938964844,879.0999755859375,511.79998779296875,102.30000305175781,16.000000000076398,63.4761123157163,constant,
1.0,1487.428,1487.439,842.9000244140625,508.1000061035156,814.2999877929688,499.3999938964844,51.5,10.999999999967258,29.89401791546925,constant,
1.0,1487.797,1487.807,790.4000244140625,482.0,766.7000122070312,474.70001220703125,45.099998474121094,9.999999999990905,24.798798365866904,constant,
1.0,1488.683,1488.699,757.2999877929688,470.1000061035156,822.2999877929688,476.0,96.0,16.000000000076398,65.26721939824426,constant,
1.0,1489.192,1489.201,740.7999877929688,468.79998779296875,719.5,464.20001220703125,43.599998474121094,9.000000000014552,21.79103612432963,constant,
1.0,1489.27,1489.3,576.2000122070312,436.79998779296875,427.0,430.3999938964844,95.80000305175781,29.999999999972715,149.3372142650763,constant,
1.0,1489.376,1489.415,396.29998779296875,424.70001220703125,676.5,432.20001220703125,168.5,38.99999999998727,280.30036896304733,constant,
1.0,1489.635,1489.655,713.5,437.29998779296875,815.7999877929688,441.79998779296875,146.0,19.99999999998181,102.39891358037718,constant,
1.0,1490.628,1490.649,754.2999877929688,422.8999938964844,838.5999755859375,434.79998779296875,116.5999984741211,20.999999999958163,85.13576097405276,constant,
1.0,1491.405,1491.553,769.9000244140625,439.70001220703125,858.7999877929688,419.8999938964844,281.0,148.00000000013824,91.0782312842584,constant,
1.0,1491.874,1491.891,820.7999877929688,405.0,754.7000122070312,424.79998779296875,86.0999984741211,17.00000000005275,69.00178468027653,constant,
1.0,1493.263,1493.281,710.0999755859375,434.5,801.7999877929688,445.6000061035156,129.8000030517578,18.000000000029104,92.36938006865567,constant,
1.0,1493.711,1493.728,760.7999877929688,440.29998779296875,828.2000122070312,455.5,102.9000015258789,17.00000000005275,69.09271786599598,constant,
1.0,1494.987,1495.001,762.5,445.70001220703125,812.5,440.29998779296875,78.5,13.999999999896318,50.29075723900438,constant,
1.0,1495.222,1495.228,787.2000122070312,432.70001220703125,774.4000244140625,432.20001220703125,36.099998474121094,6.0000000000854925,12.809749704820504,constant,
1.0,1495.672,1495.696,761.2000122070312,433.29998779296875,780.5,540.0,103.5999984741211,23.999999999887223,108.43146284077035,constant,
1.0,1495.95,1495.961,767.9000244140625,524.7999877929688,807.2000122070312,520.0999755859375,72.30000305175781,10.999999999967258,39.58003480637347,constant,
1.0,1496.297,1496.311,785.7000122070312,519.7999877929688,842.0,521.4000244140625,87.80000305175781,13.999999999896318,56.32271959589018,constant,
1.0,1496.503,1496.517,812.2999877929688,517.7000122070312,780.4000244140625,498.79998779296875,54.0,14.000000000123691,37.07854617467786,constant,
1.0,1497.113,1497.12,743.2999877929688,464.20001220703125,759.2999877929688,457.79998779296875,40.79999923706055,6.999999999834472,17.232536450000506,constant,
1.0,1497.376,1497.397,746.2999877929688,444.5,846.0999755859375,449.1000061035156,123.5,20.999999999958163,99.90594386536314,constant,
1.0,1497.905,1497.963,793.2999877929688,443.20001220703125,1144.0,596.5,220.89999389648438,57.999999999992724,382.7419297899516,constant,
1.0,1498.412,1498.432,1020.7000122070312,584.5,946.5,552.5,94.19999694824219,19.99999999998181,80.80619909093353,constant,
1.0,1498.707,1498.731,866.4000244140625,518.7999877929688,768.4000244140625,462.29998779296875,107.0,23.999999999887223,113.12051096065646,constant,
1.0,1499.408,1499.426,704.0999755859375,403.3999938964844,775.7999877929688,426.8999938964844,112.5999984741211,18.000000000029104,75.45291081521262,constant,
1.0,1499.844,1499.852,756.7000122070312,445.8999938964844,758.7999877929688,463.70001220703125,41.20000076293945,8.000000000038199,17.923463652914233,constant,
1.0,1500.317,1500.332,741.0999755859375,465.6000061035156,803.5999755859375,473.79998779296875,88.5999984741211,15.000000000100044,63.035622466248135,constant,
1.0,1500.763,1500.803,771.2999877929688,467.70001220703125,874.2000122070312,618.0,135.89999389648438,40.000000000190994,182.14966745778378,constant,
1.0,1501.014,1501.042,844.9000244140625,600.4000244140625,734.7000122070312,517.0999755859375,109.0,28.00000000002001,138.14101789547465,constant,
1.0,1501.219,1501.241,629.7999877929688,429.6000061035156,765.4000244140625,440.8999938964844,171.5,21.999999999934516,136.07005422121065,constant,
1.0,1501.616,1501.655,738.9000244140625,449.20001220703125,787.7000122070312,635.7000122070312,138.5,38.99999999998727,192.77885985915026,constant,
1.0,1502.231,1502.251,732.0999755859375,571.4000244140625,820.0999755859375,568.2000122070312,117.30000305175781,19.99999999998181,88.05816304082859,constant,
1.0,1502.469,1502.654,782.0999755859375,550.4000244140625,781.5,439.6000061035156,280.8999938964844,184.99999999994543,110.80164271490402,constant,
1.0,1502.836,1502.845,784.7000122070312,434.6000061035156,808.9000244140625,439.0,50.5,9.000000000014552,24.596758670799723,constant,
1.0,1503.181,1503.193,793.7999877929688,444.8999938964844,763.9000244140625,451.0,49.70000076293945,11.999999999943611,30.515862834317215,constant,
1.0,1503.875,1503.894,721.5999755859375,473.6000061035156,821.7999877929688,479.70001220703125,140.10000610351562,19.000000000005457,100.38551947742333,constant,
1.0,1504.108,1504.117,785.5,476.3999938964844,765.2999877929688,478.1000061035156,41.599998474121094,9.000000000014552,20.271421624253854,constant,
1.0,1504.344,1504.356,747.9000244140625,477.3999938964844,718.5,481.5,48.099998474121094,11.999999999943611,29.684532767020883,constant,
1.0,1504.848,1505.012,715.0999755859375,499.8999938964844,763.5,447.5,417.5,163.99999999998727,71.33247313554638,constant,
1.0,1505.378,1505.394,753.7999877929688,433.1000061035156,820.0,445.0,97.0,16.000000000076398,67.26106950493318,constant,
1.0,1506.028,1506.043,770.9000244140625,434.20001220703125,822.5999755859375,452.5,84.0999984741211,14.99999999987267,54.84318102004172,constant,
1.0,1506.59,1506.6,788.0,481.6000061035156,761.5999755859375,485.6000061035156,50.29999923706055,9.999999999990905,26.701334967808183,constant,
1.0,1506.892,1506.898,752.4000244140625,486.70001220703125,738.4000244140625,487.6000061035156,39.599998474121094,5.999999999858119,14.028898353531154,constant,
1.0,1507.295,1507.31,739.5999755859375,487.5,805.7000122070312,487.20001220703125,103.0999984741211,14.99999999987267,66.1007173484968,constant,
1.0,1507.88,1507.912,775.2000122070312,486.5,859.7000122070312,626.9000244140625,130.8000030517578,31.99999999992542,163.86707068678973,constant,
1.0,1509.207,1509.418,742.0,525.9000244140625,787.7000122070312,459.79998779296875,496.0,210.99999999978536,80.35985289329953,constant,
1.0,1510.137,1510.154,771.0,471.0,842.7000122070312,485.70001220703125,107.30000305175781,17.00000000005275,73.19140734659567,constant,
1.0,1510.934,1510.947,790.2999877929688,503.29998779296875,762.2999877929688,488.20001220703125,42.79999923706055,12.999999999919964,31.8120930260162,constant,
1.0,1511.437,1511.453,756.7999877929688,480.6000061035156,823.2999877929688,484.79998779296875,101.9000015258789,16.000000000076398,66.63249842375522,constant,
1.0,1512.021,1512.036,768.0,482.1000061035156,819.7000122070312,483.29998779296875,70.0,15.000000000100044,51.71393640269713,constant,
1.0,1512.26,1512.278,799.4000244140625,482.29998779296875,871.2999877929688,491.3999938964844,101.9000015258789,18.000000000029104,72.47354582861308,constant,
1.0,1512.774,1512.784,820.7000122070312,497.5,822.7000122070312,524.7000122070312,51.0,10.000000000218279,27.27344246813462,constant,
1.0,1513.031,1513.196,812.5999755859375,530.5999755859375,816.0,443.0,316.29998779296875,164.99999999996362,87.66593345577897,constant,
1.0,1514.42,1514.43,793.5999755859375,449.20001220703125,827.2999877929688,461.79998779296875,69.9000015258789,9.999999999990905,35.97846866558215,constant,
1.0,1514.645,1514.663,809.5,464.6000061035156,752.2999877929688,443.1000061035156,72.5999984741211,18.000000000029104,61.10721231151462,constant,
1.0,1515.077,1515.114,697.4000244140625,413.20001220703125,797.9000244140625,515.5,144.60000610351562,37.00000000003456,143.40689489156912,constant,
1.0,1515.509,1515.546,759.9000244140625,497.29998779296875,876.7000122070312,609.7000122070312,155.6999969482422,37.00000000003456,162.09874347668304,constant,
1.0,1515.805,1515.828,820.2999877929688,593.7999877929688,768.0,535.9000244140625,72.30000305175781,22.99999999991087,78.02367898544239,constant,
1.0,1516.091,1516.115,671.0,439.70001220703125,801.4000244140625,465.1000061035156,174.89999389648438,24.000000000114596,132.85076611419876,constant,
1.0,1516.432,1516.453,748.0,460.1000061035156,868.2000122070312,483.20001220703125,164.1999969482422,20.999999999958163,122.39956379233107,constant,
1.0,1516.777,1516.791,823.7999877929688,476.70001220703125,787.7000122070312,470.79998779296875,52.099998474121094,13.999999999896318,36.57893554208238,constant,
1.0,1517.064,1517.072,760.5999755859375,448.79998779296875,747.5,440.70001220703125,36.5,7.999999999810825,15.401914324035895,constant,
1.0,1517.321,1517.342,728.4000244140625,427.29998779296875,845.7999877929688,431.5,151.89999389648438,21.000000000185537,117.47506758418035,constant,
1.0,1517.921,1517.932,795.2000122070312,424.8999938964844,765.9000244140625,429.29998779296875,53.900001525878906,10.999999999967258,29.628520566461255,constant,
1.0,1518.558,1518.578,755.2000122070312,422.79998779296875,840.4000244140625,445.20001220703125,120.69999694824219,19.99999999998181,88.0954208448366,constant,
1.0,1518.731,1518.9,795.9000244140625,454.79998779296875,816.7000122070312,411.20001220703125,680.5999755859375,169.0000000000964,48.3073220462695,constant,
1.0,1519.791,1519.804,802.2999877929688,422.8999938964844,764.5999755859375,426.0,58.0,13.000000000147338,37.82725152918382,constant,
1.0,1520.202,1520.217,755.0,426.79998779296875,811.5999755859375,444.8999938964844,91.5,15.000000000100044,59.42362709626554,constant,
1.0,1520.513,1520.519,772.0999755859375,445.8999938964844,758.0999755859375,443.5,37.099998474121094,6.0000000000854925,14.20422369237975,constant,
1.0,1520.816,1520.837,743.4000244140625,428.8999938964844,846.0999755859375,454.20001220703125,146.8000030517578,20.999999999958163,105.77036871080443,constant,
1.0,1521.663,1521.684,798.9000244140625,465.8999938964844,747.4000244140625,405.5,80.0,20.999999999958163,79.37511740271853,constant,
1.0,1522.006,1522.027,685.0999755859375,372.29998779296875,800.2999877929688,391.79998779296875,157.5,20.999999999958163,116.83874705122504,constant,
1.0,1522.377,1522.522,747.5999755859375,410.8999938964844,758.5,349.3999938964844,619.7000122070312,144.9999999999818,62.458470460195855,constant,
1.0,1522.927,1522.945,736.0999755859375,348.6000061035156,824.7000122070312,372.8999938964844,129.0,18.000000000029104,91.87195380526956,constant,
1.0,1523.299,1523.318,803.2000122070312,372.8999938964844,896.7999877929688,383.3999938964844,135.1999969482422,19.000000000005457,94.1870767658074,constant,
1.0,1523.622,1523.634,850.7000122070312,378.5,815.5,372.1000061035156,59.099998474121094,11.999999999943611,35.77709855829824,constant,
1.0,1523.986,1523.993,803.7999877929688,361.70001220703125,787.0999755859375,361.79998779296875,40.29999923706055,6.999999999834472,16.700311459154776,constant,
1.0,1524.408,1524.428,780.4000244140625,351.20001220703125,875.7999877929688,363.79998779296875,136.10000610351562,20.000000000209184,96.22843861074996,constant,
1.0,1524.929,1524.939,824.5,365.70001220703125,797.5,364.8999938964844,50.29999923706055,9.999999999990905,27.011849794066496,constant,
1.0,1525.476,1525.488,770.7000122070312,373.0,817.5,381.29998779296875,82.9000015258789,11.999999999943611,47.53029197033671,constant,
1.0,1525.932,1525.943,795.2000122070312,378.20001220703125,821.0,394.29998779296875,53.79999923706055,10.999999999967258,30.411323285663187,constant,
1.0,1526.454,1526.469,796.2999877929688,400.3999938964844,857.7000122070312,411.79998779296875,91.0999984741211,15.000000000100044,62.4493623577323,constant,
1.0,1527.166,1527.185,830.0,413.5,781.5,394.5,52.900001525878906,19.000000000005457,52.08886637276722,constant,
1.0,1527.55,1527.714,755.5999755859375,404.70001220703125,801.7000122070312,374.6000061035156,536.7000122070312,163.99999999998727,55.05655041771018,constant,
1.0,1528.522,1528.533,792.7999877929688,360.3999938964844,801.5999755859375,343.29998779296875,35.099998474121094,10.999999999967258,19.231484443398294,constant,
1.0,1528.825,1528.861,784.0,340.20001220703125,858.2000122070312,487.70001220703125,122.69999694824219,36.00000000005821,165.11175552189974,constant,
1.0,1529.125,1529.142,819.2999877929688,468.20001220703125,889.5,474.70001220703125,105.0999984741211,17.00000000005275,70.50029584241003,constant,
1.0,1529.37,1529.386,845.5999755859375,476.1000061035156,797.2999877929688,460.6000061035156,68.9000015258789,16.000000000076398,50.72611576693932,constant,
1.0,1530.369,1530.535,726.7999877929688,456.6000061035156,710.2000122070312,340.6000061035156,440.3999938964844,166.00000000016735,117.18173573323499,constant,
1.0,1530.901,1530.919,697.0,350.1000061035156,777.9000244140625,369.0,113.4000015258789,18.000000000029104,83.07841909595449,constant,
1.0,1531.093,1531.116,754.2999877929688,370.20001220703125,838.7000122070312,334.20001220703125,102.0,22.99999999991087,91.75709302879176,constant,
1.0,1531.577,1531.602,810.5999755859375,318.6000061035156,762.7999877929688,417.6000061035156,94.0,25.00000000009095,109.93561221464117,constant,
1.0,1531.814,1531.834,767.5,458.6000061035156,848.5999755859375,490.8999938964844,111.0999984741211,19.99999999998181,87.29544805696108,constant,
1.0,1532.016,1532.027,812.4000244140625,495.6000061035156,785.2999877929688,484.20001220703125,49.400001525878906,10.999999999967258,29.40020145686936,constant,
1.0,1532.131,1532.279,758.5,466.70001220703125,701.5999755859375,468.0,62.29999923706055,147.99999999991087,56.914872806523746,constant,
1.0,1532.413,1532.432,784.2999877929688,502.1000061035156,756.7000122070312,465.20001220703125,53.20000076293945,19.000000000005457,46.08001955191567,,
1.0,1532.723,1532.762,725.2000122070312,442.5,844.0,559.4000244140625,154.60000610351562,38.99999999998727,166.67049171229422,,
1.0,1533.816,1533.879,769.2000122070312,515.2999877929688,352.0,376.0,168.5,62.99999999987449,439.8412631673707,constant,
1.0,1534.134,1534.177,575.0,367.5,650.5999755859375,646.2999877929688,234.0,42.99999999989268,288.86811783572426,constant,
1.0,1534.359,1534.405,635.0999755859375,647.7999877929688,988.7999877929688,662.4000244140625,289.20001220703125,46.00000000004911,354.0012142699391,constant,
1.0,1534.715,1534.728,828.9000244140625,632.2999877929688,869.7000122070312,609.7999877929688,79.69999694824219,13.000000000147338,46.59279991486237,constant,
1.0,1535.715,1535.724,802.0,579.0999755859375,829.9000244140625,575.0999755859375,57.599998474121094,9.000000000014552,28.18530401300088,constant,
1.0,1536.011,1536.033,806.9000244140625,575.0,722.4000244140625,619.0999755859375,101.80000305175781,21.999999999934516,95.31556980200183,constant,
1.0,1536.709,1536.726,733.9000244140625,628.5,804.2999877929688,630.7000122070312,108.0999984741211,17.00000000005275,70.43433038982076,constant,
1.0,1536.924,1536.947,773.0,618.7000122070312,903.5,618.2999877929688,157.60000610351562,22.99999999991087,130.5006131002144,constant,
1.0,1537.175,1537.194,855.2999877929688,601.7000122070312,925.5,581.0,100.5,19.000000000005457,73.18833390123442,constant,
1.0,1537.333,1537.437,885.5999755859375,568.7999877929688,267.70001220703125,397.79998779296875,131.39999389648438,103.99999999981446,641.1250773005636,constant,
1.0,1537.823,1537.838,603.9000244140625,375.0,579.2999877929688,344.0,54.79999923706055,14.99999999987267,39.57476218196584,constant,
1.0,1538.263,1538.283,591.5,330.5,671.9000244140625,340.29998779296875,122.5999984741211,19.99999999998181,80.99508433555819,constant,
1.0,1538.564,1538.585,622.7000122070312,339.6000061035156,747.4000244140625,358.6000061035156,175.8000030517578,20.999999999958163,126.13918124212533,constant,
1.0,1538.839,1538.857,702.2000122070312,367.5,633.9000244140625,352.8999938964844,82.0,18.000000000029104,69.84302764587439,constant,
1.0,1539.038,1539.054,656.0999755859375,349.8999938964844,592.5999755859375,328.5,91.5999984741211,16.000000000076398,67.00902729311602,constant,
1.0,1539.34,1539.362,612.2000122070312,329.20001220703125,695.9000244140625,334.20001220703125,129.39999389648438,22.00000000016189,83.8492220802148,constant,
1.0,1539.818,1539.842,650.9000244140625,328.70001220703125,787.7000122070312,344.1000061035156,161.5,24.000000000114596,137.66407110124325,constant,
1.0,1540.376,1540.394,734.0,347.8999938964844,766.4000244140625,400.20001220703125,73.80000305175781,18.000000000029104,61.52278843904415,constant,
1.0,1540.861,1540.876,752.2000122070312,408.29998779296875,707.4000244140625,435.29998779296875,78.4000015258789,14.99999999987267,52.30715922557972,constant,
1.0,1541.186,1541.192,708.2999877929688,447.70001220703125,721.9000244140625,450.3999938964844,39.099998474121094,6.0000000000854925,13.865456978349947,constant,
1.0,1541.322,1541.448,694.5,479.29998779296875,754.9000244140625,434.79998779296875,621.5,126.00000000020373,75.02274954451714,constant,
1.0,1541.929,1541.942,739.5999755859375,429.6000061035156,700.7999877929688,433.6000061035156,56.900001525878906,12.999999999919964,39.00562847506144,constant,
1.0,1542.626,1542.634,721.9000244140625,433.29998779296875,745.5,438.0,51.599998474121094,8.000000000038199,24.063436213539596,constant,
1.0,1543.729,1543.873,731.7000122070312,460.5,766.7999877929688,403.8999938964844,644.2999877929688,144.00000000000546,66.6000673952468,constant,
1.0,1544.335,1544.343,747.4000244140625,409.3999938964844,731.7999877929688,410.3999938964844,36.5,8.000000000038199,15.632054969819743,constant,
1.0,1545.426,1545.445,746.0999755859375,452.3999938964844,710.9000244140625,506.5,73.5999984741211,19.000000000005457,64.54337474057901,constant,
1.0,1545.886,1545.905,721.7999877929688,520.2000122070312,807.9000244140625,525.0,123.5,19.000000000005457,86.23372999567127,constant,
1.0,1546.153,1546.174,788.7000122070312,521.7000122070312,877.4000244140625,536.5999755859375,121.80000305175781,20.999999999958163,89.94276554687565,constant,
1.0,1546.629,1546.642,841.4000244140625,535.2000122070312,800.5,526.5,68.5,13.000000000147338,41.81509547368511,constant,
1.0,1546.887,1546.905,777.7999877929688,518.4000244140625,717.9000244140625,521.9000244140625,75.0999984741211,18.000000000029104,60.00213006880931,constant,
1.0,1547.114,1547.3,700.2000122070312,507.3999938964844,711.9000244140625,429.8999938964844,463.70001220703125,185.99999999992178,78.37818756289711,constant,
1.0,1547.946,1547.963,706.5999755859375,431.70001220703125,770.7000122070312,440.79998779296875,94.0,17.00000000005275,64.74275442464754,constant,
1.0,1548.98,1548.988,742.7000122070312,440.70001220703125,722.4000244140625,439.3999938964844,44.5,8.000000000038199,20.341572014041525,constant,
1.0,1549.476,1549.494,723.5999755859375,440.1000061035156,785.2999877929688,446.70001220703125,90.19999694824219,17.99999999980173,62.05200711430895,constant,
1.0,1549.84,1549.868,746.0999755859375,453.20001220703125,684.2999877929688,590.2000122070312,128.6999969482422,28.00000000002001,150.29384049657887,constant,
1.0,1550.341,1550.362,689.4000244140625,626.4000244140625,784.7999877929688,669.0,141.3000030517578,21.000000000185537,104.47923684933349,constant,
1.0,1550.524,1550.556,753.7999877929688,681.5999755859375,947.0999755859375,654.7999877929688,165.6999969482422,32.000000000152795,195.14898059294376,constant,
1.0,1550.847,1550.862,885.5999755859375,609.0,934.9000244140625,594.7000122070312,81.0,15.000000000100044,51.33209975575288,constant,
1.0,1551.375,1551.393,912.4000244140625,583.7999877929688,985.9000244140625,591.2000122070312,106.69999694824219,18.000000000029104,73.87158020056646,constant,
1.0,1551.825,1551.843,965.2000122070312,593.4000244140625,1048.199951171875,600.9000244140625,112.4000015258789,18.000000000029104,83.33810573901826,constant,
1.0,1552.007,1552.057,1037.9000244140625,592.7999877929688,1310.5999755859375,476.79998779296875,161.89999389648438,49.999999999954525,296.34652582600495,constant,
1.0,1552.236,1552.256,1187.300048828125,409.20001220703125,1131.800048828125,364.20001220703125,76.4000015258789,19.99999999998181,71.45103218288732,constant,
1.0,1552.51,1552.533,1091.9000244140625,346.29998779296875,989.9000244140625,375.20001220703125,101.19999694824219,22.99999999991087,106.01514708348712,constant,
1.0,1552.699,1552.718,877.0999755859375,433.6000061035156,796.5,446.0,95.80000305175781,19.000000000005457,81.54824285713684,constant,
1.0,1553.072,1553.085,808.4000244140625,456.1000061035156,776.9000244140625,460.6000061035156,47.900001525878906,13.000000000147338,31.81980515339464,constant,
1.0,1553.387,1553.406,793.0999755859375,467.6000061035156,832.5,529.9000244140625,87.4000015258789,19.000000000005457,73.7133244761298,constant,
1.0,1553.583,1553.601,825.0999755859375,525.0999755859375,890.9000244140625,550.9000244140625,112.0999984741211,18.000000000029104,70.67735808105215,constant,
1.0,1554.205,1554.217,845.5,549.2999877929688,810.5999755859375,553.2000122070312,57.0,12.000000000170985,35.11725921156778,constant,
1.0,1554.56,1554.566,808.2999877929688,557.7000122070312,794.5,556.0,39.20000076293945,6.0000000000854925,13.904305253774522,constant,
1.0,1554.685,1554.855,777.7000122070312,561.5999755859375,771.5,490.0,384.3999938964844,170.00000000007276,71.86791116537465,constant,
1.0,1554.987,1554.997,770.9000244140625,499.5,796.9000244140625,505.0,47.5,9.999999999990905,26.575364531836623,constant,
1.0,1555.195,1555.215,789.4000244140625,509.20001220703125,866.2999877929688,528.9000244140625,106.19999694824219,19.99999999998181,79.38321515682205,constant,
1.0,1555.394,1555.404,823.5,524.2999877929688,799.0,525.0999755859375,43.900001525878906,9.999999999990905,24.513057346420478,constant,
1.0,1555.592,1555.603,786.0999755859375,523.7999877929688,754.7999877929688,530.9000244140625,58.099998474121094,10.999999999967258,32.095167172969596,constant,
1.0,1555.814,1555.827,749.7000122070312,537.2000122070312,712.0999755859375,540.4000244140625,55.70000076293945,12.999999999919964,37.735962052566514,constant,
1.0,1556.085,1556.094,717.7999877929688,540.4000244140625,698.7999877929688,549.4000244140625,42.900001525878906,9.000000000014552,21.02379604162864,constant,
1.0,1556.3,1556.318,706.2000122070312,555.2000122070312,779.7000122070312,577.4000244140625,112.0999984741211,18.000000000029104,76.77949297821871,constant,
1.0,1556.735,1556.76,748.7000122070312,585.5,831.7999877929688,678.0999755859375,141.8000030517578,25.00000000009095,124.42010055011059,constant,
1.0,1557.184,1557.198,769.0,646.9000244140625,823.4000244140625,646.5,80.69999694824219,14.000000000123691,54.401495161276976,constant,
1.0,1557.445,1557.453,813.0,630.0,831.0,627.7000122070312,41.400001525878906,8.000000000038199,18.14634794794273,constant,
1.0,1557.963,1557.978,742.7000122070312,566.9000244140625,806.5999755859375,576.7000122070312,89.9000015258789,15.000000000100044,64.64708099031151,constant,
1.0,1558.328,1558.336,775.2999877929688,573.0,755.5999755859375,570.7999877929688,41.5,8.000000000038199,19.82247549294151,constant,
1.0,1558.411,1558.615,734.0,582.5999755859375,783.2999877929688,477.5,457.1000061035156,203.9999999999509,116.08830115283592,constant,
1.0,1559.165,1559.184,762.5,503.29998779296875,829.9000244140625,516.0999755859375,80.19999694824219,19.000000000005457,68.60468627226838,constant,
1.0,1559.628,1559.64,779.5,524.9000244140625,816.4000244140625,532.2000122070312,62.20000076293945,12.000000000170985,37.61517810054741,constant,
1.0,1560.686,1560.693,781.2999877929688,520.5999755859375,765.7000122070312,519.4000244140625,36.5,7.000000000061846,15.646057685459626,constant,
1.0,1561.021,1561.185,760.0,533.0,786.2000122070312,503.20001220703125,390.3999938964844,163.99999999998727,39.67971663343468,constant,
1.0,1561.755,1561.773,775.2000122070312,523.2999877929688,848.7999877929688,543.0999755859375,103.9000015258789,17.99999999980173,76.21676930211821,constant,
